ID,ra,dec,Tmag
1002428379,216.56464,1.8689921,9.7024
1002440767,217.93332,1.8384616,9.9622
1002440766,217.93312,1.8389386,9.9453
1102779046,221.77231,0.9718623,8.5909
1100003370,225.84329,0.889653,5.94168
446445416,216.56464,1.8689921,9.7024
368805184,221.77231,0.9718623,8.5909
459389909,235.07497,0.18005,9.511
459353178,234.07707,1.147908,8.532
460360353,225.84329,0.889653,5.94168
392920415,223.76292,0.773837,9.132
402231032,217.93312,1.8389386,9.9453
10001929306,226.62189,1.605637,9.671
10005000050,221.23335,1.95474,9.7
461297684,229.82835,1.765429,4.756
272517722,236.51555,0.589937,9.664
459352761,234.00331,0.067354076,7.4616
175797807,224.09764,0.006333406,9.36199
46149437,233.7581,0.012683489,9.2186
461308071,229.83018,1.7680117,8.6965
461261084,228.84535,1.4459857,9.0248
38871832,228.50035,0.0019017,8.4355
272347640,233.66258,0.04002469,9.23419
287929889,216.14864,0.032784525,7.4096
287929886,216.06996,0.007107911,9.7573
371365397,232.92867,0.88352656,6.8022
461244175,223.03844,1.4555181,9.1303
460351370,224.73944,0.98611104,8.4601
187354648,236.50386,0.011735016,8.3237
402310153,219.20862,1.1587402,8.7591
461273128,229.02669,0.10647653,9.871
272702881,237.79297,0.89524955,9.8001
272567965,236.64908,0.954233,9.9836
461272684,228.97772,1.1744211,7.42994
461244579,223.15381,0.017804727,7.86691
402231298,217.91219,0.79209787,9.946
272591747,236.97284,0.68835896,5.9779
402370344,223.39581,0.63390374,9.645
392920348,223.76447,0.5134672,9.5947
392920571,223.70961,1.3885181,9.3793
446178264,233.77686,1.8792021,8.8219
446178367,233.8193,1.5741205,9.7407
446179046,233.91785,0.3795299,9.7912
462159272,240.03038,0.11441776,9.3956
446178664,233.78491,0.7461887,6.5314
392920220,223.54527,0.11249739,7.68515
371365707,233.01566,0.11577689,8.3341
446178365,233.79027,1.5838298,8.7037
446179168,233.8922,0.8112489,9.7193
420818578,225.0651,0.53720784,7.975
371298648,232.38406,0.18906139,9.2816
292973207,236.27591,1.3044355,9.4947
371228114,231.90796,0.67458606,9.8389
272756630,238.07263,0.1344447,9.7117
272756236,238.0557,0.8918754,9.6135
272756702,238.12653,0.111080274,9.75099
371228173,231.85063,0.83815867,7.38587
402315436,219.3857,0.44419467,8.2417
461354511,231.5445,0.532367,9.8641
402323477,219.82158,1.0697968,9.8634
368786441,221.3735,0.73944,9.2775
273078688,239.9821,1.6746892,9.8874
366651364,228.29868,1.0794625,9.1122
402213126,217.42592,1.9817108,9.1145
402213482,217.46684,0.6915582,9.9877
273078548,239.97931,1.995896,9.815
461325698,230.49165,1.8161347,9.0358
402335835,219.90654,0.18379594,9.75206
402335917,219.98465,0.27674314,8.9554
460386715,226.41753,0.1382265,9.6819
446431138,215.43858,0.78310347,8.3947
272989736,239.85701,1.3734637,9.9783
460358668,225.65152,0.5258214,9.6779
368726955,220.31255,1.9977571,8.3951
461369048,231.66264,1.8572621,9.9429
368805058,221.83028,1.5570168,9.5866
459416198,235.50583,0.4570182,7.0294
460358652,225.68571,0.45228356,8.7672
272206006,220.52048,1.5897946,9.4066
368805349,221.80469,0.32931685,9.2234
368836807,221.94441,1.8311172,8.31627
272757430,238.13576,1.6243591,8.4547
461369349,231.60175,1.0443438,9.96453
402216405,217.57272,1.4161628,9.3934
272243511,220.63676,1.2862874,8.0581
272918844,239.18977,1.7674991,9.9111
459380326,234.58081,0.13470097,9.2888
272920155,239.38562,1.2543335,9.8513
371369818,233.21454,1.2606916,8.7652
272964397,239.50644,0.28037947,9.3193
459425301,235.80981,1.7434366,9.6898
459385644,234.78093,1.2662379,9.7671
272873075,239.07803,0.48444676,9.876
272873081,239.0832,0.49503762,7.9263
272873666,239.10858,1.7624695,9.2734
459384355,234.65611,1.9184867,9.5463
368839298,221.99124,0.45804602,8.7776
461240776,222.78339,1.5825453,9.5087
459421116,235.7096,0.20405272,9.6291
368839255,221.99672,0.59055585,9.00996
459421349,235.69994,0.7280619,8.8098
392928733,223.9229,1.2000976,9.1412
461261172,228.90591,1.5397129,9.2247
272873107,239.0742,0.5425837,8.9376
459384684,234.61705,1.151008,8.6223
462158936,240.0705,0.8965759,8.7842
462159058,240.00896,0.6236475,5.5963
461369658,231.67006,0.20879495,9.531
461370410,231.71309,1.8913587,7.1234
461370067,231.72227,1.0285593,6.994
272780367,238.40422,1.1342154,9.9238
460427602,227.99883,0.315308,9.8703
272851353,238.80672,0.6262485,9.4625
371365594,232.98419,0.42187208,9.9015
272964709,239.58656,0.5983989,9.9588
392920001,223.59921,1.0414903,9.9706
392919895,223.55698,1.4040774,9.99689
371356377,232.88628,1.8649164,9.15095
371365694,232.99576,0.17147775,8.32557
446178667,233.81056,0.7383763,9.36601
446178816,233.86203,0.31259602,8.8363
446179390,233.89366,1.4599885,8.45574
446178336,233.76909,1.6692158,6.2743
446179278,233.93134,1.1526966,8.6535
446179306,233.95352,1.2275045,6.4064
462159266,240.07849,0.13700849,7.4585
462159443,240.18365,0.35690796,8.0111
272756563,238.0357,0.2674683,9.35779
459394011,235.09361,1.4327873,9.29
461321565,230.22754,1.4054646,9.1774
459394004,235.12773,1.45109,9.68569
461330842,230.75604,0.464351,6.03171
272779416,238.23318,1.0750891,7.9159
272779994,238.41794,0.29713666,7.22815
290638051,236.06685,0.6119647,8.6836
460427643,228.0772,0.46046752,8.94953
272850414,238.72894,1.4592881,8.7249
272850631,238.69487,0.9931442,7.64
272918770,239.16493,1.8953543,9.8673
272964210,239.51086,0.80360967,9.1927
272965137,239.60428,1.5892912,8.7435
272779984,238.40408,0.2698956,9.27253
392931277,224.0962,0.7317373,9.72
287877317,215.89127,0.047079075,8.47872
460351894,225.13138,0.9002963,7.1138
272517119,236.31819,0.94693583,9.5031
272517741,236.46593,0.61780787,9.9331
461273485,229.07108,0.93763244,8.8979
461273550,229.09038,1.1477816,9.05414
461273586,229.10088,1.2614052,9.2812
392958300,224.19238,0.65386647,9.3773
272517856,236.41461,0.89103884,5.29945
272244266,220.80447,1.8247155,7.31821
38901923,228.74896,0.0940475,9.61304
272244140,220.80357,1.3296491,9.13296
460382985,226.20377,0.23888795,9.899
460383022,226.19003,0.12059055,9.6221
368741010,221.0317,0.9525788,8.808
368779744,221.16081,0.37153953,9.4903
368740968,221.0638,1.1475519,8.7219
368779655,221.17125,0.16738874,9.4864
461273612,229.09137,1.3332098,9.8891
1103496916,229.82993,1.7631963,4.5526
272989295,239.83034,0.28925422,8.6555
272591752,236.92577,0.70305705,8.7113
272592083,236.91469,1.4449291,9.9112
402228879,217.84586,0.91128993,7.7872
460386583,226.46506,0.5670653,7.9018
460387274,226.61865,1.72389,9.1505
272592160,236.95004,1.6352222,9.3614
272592270,236.91861,1.826851,8.7908
446439895,216.11307,1.9475777,8.2513
402228974,217.76295,1.2724969,8.4905
460379676,226.14162,0.8900671,9.0195
402229044,217.813,1.5247846,7.60402
460379615,226.14886,0.6406543,7.4777
460379936,226.1695,1.7663482,9.1957
460386781,226.56615,0.18777321,7.5708
446434229,215.61435,1.7272108,9.7878
402218716,217.62958,1.3572835,9.1642
459357633,234.26671,0.8540884,9.8841
272621398,237.24924,0.21005136,7.3054
272672807,237.37244,0.23888867,8.7427
402218918,217.66531,0.6439924,8.7215
460390396,226.89235,0.21772772,9.8315
402291848,218.94351,1.0518681,9.61142
402291824,218.83295,1.1444873,9.93309
402315212,219.3662,1.4252964,9.70129
402315633,219.51842,0.41323832,9.68758
272615926,237.02133,0.38423622,9.90194
402268171,218.5848,0.7154553,8.4051
402361946,220.16147,1.9814672,9.0424
402315096,219.35147,1.9324884,9.9482
371266190,232.03394,0.9756011,9.4338
272697196,237.61638,0.914223,9.8598
446444695,216.46895,1.1622189,8.3941
368738593,220.955,0.8890939,9.146
446444771,216.51274,0.86906284,8.8112
446439262,215.95296,0.8886589,9.86157
402213141,217.39949,1.9397,9.73588
402213157,217.45377,1.9001694,9.60402
402213594,217.41046,0.2729134,9.8157
402323371,219.85674,1.486742,9.85922
461325647,230.40616,1.9585159,9.58408
461326033,230.50194,0.988002,9.51848
38931603,229.11638,0.07593944,9.03126
446439083,215.958,1.6530533,9.0068
446439058,215.96507,1.7342073,8.5984
402213434,217.44217,0.8618687,8.6336
402213447,217.4605,0.8289289,5.8334
460396978,227.23889,1.6892911,7.1354
402204090,217.22064,1.6329632,8.24414
402204140,217.25272,1.4444255,9.13816
402215972,217.39452,0.2653956,8.91673
402323400,219.86641,1.349612,9.1308
368784709,221.33412,1.5696356,9.17617
368784954,221.27544,1.1430026,9.53704
368786436,221.37585,0.7172718,5.70018
368839177,222.01611,0.87238723,8.5774
461244885,223.07306,1.1422309,9.3616
271280374,220.48958,1.6259903,6.9552
271280648,220.43967,0.39290673,7.22145
272268797,220.36127,0.103493996,7.22736
368839272,222.06087,0.5337328,8.8886
462186712,240.61911,1.9736841,8.8141
461255646,228.56519,1.9622165,9.5711
272964701,239.62946,0.5762907,8.41236
272779528,238.286,0.8394807,8.73102
272851101,238.84425,0.077897206,7.6119
461353860,231.41965,1.433157,9.72957
290638558,236.14665,1.8506021,8.62641
272919185,239.26547,1.0042286,9.75985
461241053,222.78601,0.556781,7.99266
272873424,239.0485,1.2232827,9.7522
272872618,239.02132,0.5682257,9.33243
272873447,239.08995,1.2662637,9.27584
368805185,221.77231,0.9708924,6.74759
368805725,221.94878,1.1667967,9.23176
459416830,235.49759,1.9089445,9.1692
272757010,238.10168,0.735141,8.8675
446430853,215.27037,0.5186137,9.7791
460358803,225.63556,1.0312238,7.884
461369186,231.61981,1.506263,9.2769
368805049,221.799,1.6039764,8.7138
368805366,221.74605,0.27351433,9.84463
188343083,238.88799,0.027338542,9.95378
368841915,222.44878,1.9927962,9.70273
368842034,222.55324,1.605363,9.74977
272517309,236.31839,0.46779445,9.83784
460389883,226.71321,1.6064758,9.9881
446433928,215.5917,0.5481986,9.7589
272620777,237.24318,1.5483351,9.5642
459420819,235.56752,0.67303824,9.28215
272517858,236.4684,0.892463,8.773
460397733,227.34344,0.59731054,9.45507
459420739,235.63965,0.8684925,9.0774
459421380,235.7527,0.81447726,9.45299
349771478,224.3816,0.9423628,9.6481
461354435,231.50151,0.29637748,8.4024
461354489,231.58684,0.4718354,9.21972
292973604,236.1996,0.35537183,8.5242
459393993,235.0893,1.468787,7.4667
461241181,222.79973,0.14561428,9.9706
459343867,222.14133,1.1068732,7.1961
272988980,239.75168,0.5639185,9.65493
272989445,239.85173,0.6746723,9.40254
459356877,234.17809,1.0055491,9.34179
272989417,239.77399,0.59571475,7.34568
459356509,234.18407,1.9421465,9.87323
272677925,237.56993,0.30300558,9.47682
272678161,237.63875,0.35182074,9.70263
272697601,237.6086,1.8189818,7.7149
272677163,237.51944,1.9181772,9.46016
301090173,233.43176,0.9890985,9.88816
459380407,234.50056,0.31950924,9.0768
459380686,234.57991,0.94014364,7.66528
272964484,239.54175,0.0477058,9.112
459415455,235.36108,1.2494973,9.15372
459425226,235.88724,1.9513689,9.39462
272595975,237.02698,1.3195666,8.1519
402201418,216.90704,1.2763792,9.7233
20742383,226.85323,0.02928008,6.89147
272572006,236.86188,1.545965,5.4863
293645193,218.11978,0.009622928,9.7162
461350659,231.27791,1.0108576,7.84386
461350820,231.25543,1.5096927,6.7305
272851089,238.72098,0.060231574,9.117
402185344,216.94519,1.9291507,9.95708
101506264,221.16954,0.057723068,9.7362
461327024,230.53511,1.7711841,9.9679
272591412,236.84868,0.16390042,9.5665
461370327,231.7446,1.6842684,9.25663
402201701,216.9426,0.10944948,8.9037
461277064,229.2033,1.1280937,8.9072
272567240,236.54759,0.90322846,9.9235
446436255,215.69199,1.6687524,7.36577
368805093,221.75836,1.3931463,7.5952
272567330,236.54428,0.6716971,7.2002
446436522,215.68573,0.6515818,9.6021
272988859,239.68465,0.8134207,9.8653
272566997,236.53383,1.4743884,9.5705
272567495,236.56451,0.291683,9.7953
188293485,237.78142,0.045469783,8.8957
446444808,216.46135,0.75871444,6.8932
461350902,231.2847,1.7541403,8.40233
402234830,218.57823,1.6781225,7.3562
371298084,232.29475,1.4547633,7.93071
459353135,234.00735,1.0149512,6.8751
459385324,234.79414,0.5382038,8.7566
272677240,237.49866,1.7386708,7.9427
446445030,216.63834,0.2844606,9.1752
402234705,218.54326,1.1550162,8.4606
371298226,232.23749,1.0626293,9.3576
371298240,232.27681,1.021197,9.3981
459353267,234.04137,1.3673997,9.9744
459385411,234.75684,0.7030272,9.7589
462179649,240.32385,1.0070996,9.7983
461350901,231.30817,1.7502996,9.9835
459385513,234.75891,0.9664979,9.6299
459352987,234.01108,0.62597746,9.9956
371298292,232.29865,0.88073444,9.9141
460358039,225.47078,1.9854616,9.897
392960668,224.27835,1.5605787,9.229
461260579,228.85742,0.15713274,7.7086
446447231,216.69258,1.5463988,9.8168
446445322,216.54164,1.5218836,9.6351
368738707,220.88237,1.3911425,9.86851
446444785,216.47327,0.8335681,9.67275
446444740,216.48283,0.9927101,7.09091
371299249,232.40466,1.758605,7.92979
371299277,232.3615,1.8436407,8.40152
371299346,232.32019,1.9812655,9.42481
272697661,237.6261,1.9162556,8.98033
457945537,224.53407,0.10626377,7.65474
402309607,219.1396,1.0556574,8.1643
462175574,240.21469,1.6695467,9.92337
402309784,219.08424,0.37398037,8.4915
371299023,232.43231,1.1822736,8.21692
459379678,234.40753,1.4215463,7.30809
460348368,224.61104,0.3316534,8.606
460348462,224.66191,0.67254573,9.1239
462175689,240.22041,1.8831354,9.8037
459379643,234.4531,1.5039657,9.5463
272516878,236.36128,1.5323411,7.22656
272817854,238.54915,0.08745582,9.37
272818350,238.66867,1.0151166,9.6638
457945512,224.49342,0.2048356,8.7259
402309367,219.18246,1.8944021,9.0013
459425818,235.8774,0.5108282,9.3853
272817081,238.45023,1.8558923,9.3062
272818213,238.66327,0.75595194,9.7165
446428274,215.12035,0.18185511,5.75784
461290340,229.59433,0.9394093,5.41114
461290453,229.66403,1.2663903,9.0947
446428280,215.15956,0.2273077,8.5956
402321059,219.75674,0.6419186,9.8757
459353183,234.11057,1.1580776,9.99072
402234617,218.4786,0.8506498,8.71987
459352835,234.0031,0.26874214,8.6689
461350143,231.1812,0.6548099,8.4922
459353181,234.07707,1.1494181,8.77693
446445187,216.61562,0.90946865,9.20417
446444990,216.59413,0.15127051,9.8418
446447496,216.72958,0.50188196,9.38839
446447320,216.75537,1.1428859,7.3983
461260149,228.72127,1.2711447,7.8652
272817121,238.52483,1.782932,9.0426
402292113,218.9961,0.21974337,6.89239
402292500,219.00885,1.8570704,8.7616
460383186,226.32455,0.493974,6.91074
460383216,226.36948,0.59211844,7.3698
371355048,232.75803,1.6838231,9.68
402292120,218.94803,0.24288025,8.1053
371355347,232.75262,0.9082951,9.9855
371355743,232.84442,0.1857418,9.8259
460382795,226.19145,0.85847217,9.6784
461354116,231.3827,0.8084688,9.7387
368789177,221.54779,0.42663857,9.4159
402210431,217.23901,1.0559046,7.59609
461289721,229.52324,0.8086611,7.81882
368789139,221.52968,0.57981724,9.1488
368802838,221.68631,1.2518471,9.9185
1103469585,230.25865,0.7161942,8.6706
371355673,232.73988,0.09987874,9.5136
371267181,232.15932,1.8420801,4.9517
101438161,220.94206,0.047436707,8.5168
272590963,236.78539,1.1928439,9.55619
272591387,236.78554,0.2488835,9.31879
446447434,216.65964,0.7439429,9.9551
402210712,217.29257,0.121045545,8.5342
402211140,217.36479,1.7296591,9.658
402211161,217.27808,1.8356806,9.255
402338376,220.06427,1.1386151,8.0946
402335890,220.00192,0.18312663,9.3069
421909533,223.18636,0.1396021,9.2088
181951854,217.50201,0.07563773,8.4131
402338495,220.04788,0.5555604,9.8283
402338826,220.24716,1.0347577,9.6103
371369982,233.26326,0.83270854,9.2462
371428964,233.35275,0.7233666,9.1004
371329509,232.5647,0.56413114,8.9324
420815987,224.87544,1.1230255,8.6738
371329829,232.55464,1.4031137,9.3864
420816003,224.84882,1.191901,9.0055
371329469,232.64136,0.44923568,9.0283
420816028,224.85695,1.2718682,9.7885
392960768,224.2973,1.2049489,8.99734
402320726,219.56166,0.8831477,8.49485
461330247,230.66692,1.2648481,9.31453
446436963,215.81369,1.2415673,5.6501
272567860,236.683,0.7571289,9.23979
446437048,215.84706,1.5947319,9.58509
272567517,236.58118,0.22669053,8.92605
446437016,215.83986,1.4558043,9.93411
20983538,233.47966,0.026526824,9.52452
392920504,223.71266,1.1144676,7.56345
392920632,223.65433,1.6533041,9.53959
272566823,236.5327,1.9404966,9.8081
461290667,229.6304,1.7697625,9.81459
38819840,228.1463,0.08511591,9.58558
402310029,219.19167,0.66215605,8.907
460348358,224.72734,0.28472686,9.63142
371228376,231.93257,1.4157755,9.8293
462159673,240.16563,0.8441672,9.2759
446442047,216.2178,0.661841,9.028
446442294,216.38672,0.40810022,8.6001
392928126,223.83871,1.3281752,8.66838
392928439,223.80037,0.10256907,8.6174
368839734,222.41006,1.5044799,6.1322
272518117,236.51039,1.4477465,7.4587
368839495,222.34572,0.39841002,8.7898
368839709,222.40894,1.418512,9.6034
459380120,234.4166,0.4161367,9.8377
459380166,234.35762,0.3093954,8.5641
461257038,228.65292,1.9391166,9.3514
272517721,236.51404,0.58994716,9.3217
392928316,223.8067,0.62659144,9.93784
392928624,223.88799,0.7316206,8.11263
392928428,223.84808,0.16407214,8.3272
459380387,234.56783,0.2560156,9.833
273078875,239.95767,1.2149093,9.93218
461369988,231.76534,0.79276425,9.84518
421909380,223.2398,0.7314654,9.17616
446455079,223.4452,1.77499,8.34513
461345721,230.93663,1.6087842,9.8461
446454908,223.40747,1.0743214,9.91293
460394086,227.04195,0.5349535,9.4066
460394107,227.02391,0.60021484,9.95
446442559,216.34636,1.5390993,8.5085
461321824,230.25832,0.71533525,4.3291
368788781,221.56218,1.8928776,3.7254
368789510,221.62122,0.924166,9.71479
446447190,216.75853,1.7149409,7.73357
368789077,221.53337,0.76068115,9.31777
402210928,217.36462,0.92678994,9.64762
368788964,221.49193,1.1226805,9.41043
446442620,216.34839,1.7616395,8.6534
392960964,224.25803,0.46302423,9.49182
461330181,230.67728,1.418626,7.3985
402268453,218.78781,0.6908948,9.39076
272673602,237.39204,1.8784596,9.45458
371266705,232.1374,0.6070529,6.79172
371266628,232.14587,0.42731953,9.7901
371356001,232.81702,0.85529876,8.82067
402292364,219.05588,1.3216215,8.4281
460355345,225.4331,0.71482354,7.3366
371329774,232.58047,1.214942,9.76492
446442287,216.28842,0.38231266,8.78752
446441994,216.1893,0.86666375,9.71807
292973459,236.20926,0.68657756,9.3124
272595871,237.03943,1.5717417,6.7036
421909453,223.2559,0.49137855,9.14219
402183022,216.79617,0.5607023,9.8713
460394544,227.05933,1.9754139,9.8582
460394438,227.09552,1.6326287,8.79473
368839312,221.98709,0.42610377,9.28196
461244703,223.14977,0.50680405,8.44368
368838976,221.96095,1.6065634,9.90588
271280333,220.3978,1.8372568,9.94502
461255717,228.52855,1.7245094,8.68769
461244590,223.12741,0.11042914,8.1245
461296559,229.72165,1.3464521,9.48933
272703698,237.83128,0.1444072,9.71423
371227879,231.90913,0.07481517,9.2807
272704142,237.8819,0.39993677,9.89919
461350136,231.22832,0.67067415,9.6366
368780421,221.18872,1.818623,9.6525
371428691,233.38861,0.012663045,9.31
1002638568,216.74384,3.6881216,8.64915
1002638569,216.7436,3.687396,8.55848
1002442842,218.2394,2.2916417,9.7554
1100034951,223.39891,3.300766,9.735
1103495686,232.09883,3.466519,8.9772
1100055662,227.97908,3.7804782,9.9929
1100096713,223.06038,3.938733,9.5267
366654692,233.63013,3.124707,9.44
371267786,232.09883,3.466519,8.9772
402370951,223.39891,3.300766,9.735
461345105,230.98572,3.524912,8.735
446446759,216.7436,3.687396,8.55848
460426295,227.97908,3.7804782,9.9929
459422449,235.76062,3.252884,9.133
461245644,223.06038,3.938733,9.5267
293645831,218.2394,2.2916417,9.7554
366654693,233.6315,3.124707,9.465
272592631,236.90738,2.673911,8.604
272518759,236.45319,2.961245,8.393
293644393,218.13568,3.135728,8.552
402320288,219.62654,2.720431,9.32066
461262860,228.87099,3.0416849,8.8364
461261852,228.84653,2.069056,9.13083
461269966,229.01126,2.1679075,6.2621
272775919,238.1117,2.8912866,9.0449
272619796,237.35849,3.7972643,8.0904
461331667,230.84364,2.63748,9.7325
272619825,237.27641,3.714543,8.8555
272701727,237.77226,2.0983403,8.236
402292728,218.95578,2.8311517,9.9138
402292598,218.94456,2.243775,6.411
402310399,219.22774,2.223033,9.0923
272617068,237.23857,2.0490873,9.7548
272755127,238.05457,3.2374244,9.75595
402310570,219.3026,2.9961667,8.963
461371179,231.82274,3.954457,9.2752
371367053,233.10352,3.640965,7.1828
366702598,233.73395,2.7509124,9.06
366702716,233.70569,3.0819607,9.7477
272619815,237.32346,3.74909,7.84025
461331635,230.85178,2.558196,9.08788
461313025,230.13344,3.3312643,9.8598
272244797,220.84158,3.8362749,9.9904
459395702,235.22307,2.5122657,8.368
459419765,235.5834,3.0992188,9.4622
371297473,232.26959,3.0579634,7.7828
459419597,235.5754,3.5208917,8.5396
459419610,235.64012,3.4937484,7.33584
459419685,235.59506,3.306376,7.8557
368739126,220.9724,3.2434201,9.9603
392958878,224.12874,2.9200618,6.5625
371267926,232.18196,3.828573,8.668
368783642,221.25003,3.5695708,9.6893
368784430,221.30788,2.0835803,9.8307
402322871,219.84354,3.59822,8.9892
402323124,219.816,2.4791467,8.2924
368784432,221.28197,2.079395,8.1231
462187026,240.6488,2.6588545,6.82594
402315016,219.36864,2.2773027,5.9495
402314609,219.42395,3.924375,8.7155
461288551,229.46973,3.642504,9.76639
461368471,231.61014,3.5454597,9.8278
461368674,231.6067,2.955617,9.58183
272754791,238.05316,3.9901211,8.39211
461370803,231.78714,2.8996563,9.7829
461329877,230.72708,2.1588135,9.74609
461259839,228.7078,2.199641,9.3113
272755528,238.02908,2.4331856,8.92357
461310984,230.02406,2.31756,9.98393
371366805,233.14479,2.9205232,9.8971
446177660,233.85661,3.6175702,7.2203
446178215,233.85976,2.0295763,9.4577
272754915,238.07536,3.6944344,9.3022
272206283,220.54053,2.6120567,9.3192
272206458,220.6054,3.3453243,9.418
461286964,229.427,3.7781224,6.6332
461351605,231.24867,3.8078256,9.5999
371359251,232.95688,2.327389,9.3975
446177761,233.76659,3.319993,9.9738
392920958,223.72655,2.9900825,7.4651
392921156,223.64795,3.8419647,7.8596
402370835,223.28691,2.7260673,7.4774
392920821,223.73381,2.4186702,7.0278
371366660,233.1223,2.4977298,9.8406
371367130,233.06848,3.8554661,8.12934
446177762,233.85556,3.3166418,8.692
446179640,233.90068,2.1529567,9.1327
462189707,240.72499,3.6287916,6.5995
272755086,237.97119,3.3274245,9.9535
461329857,230.68349,2.1978106,7.9574
272990767,239.87059,3.763486,9.0385
368838491,222.07614,3.3297117,9.7045
461366544,231.4878,2.9805079,6.8421
272206213,220.63043,2.295207,6.91995
368836906,221.84953,2.202086,8.6233
272775655,238.19827,2.2972884,9.0184
461325167,230.39319,3.2333887,8.30017
368838279,221.99507,3.9572697,9.947
271279919,220.44539,3.844228,9.80457
462179105,240.24197,2.1744335,9.3892
271279913,220.49202,3.8764265,9.9726
459388944,234.9266,2.1942928,8.9409
272700451,237.77307,3.839626,8.05714
402216908,217.56047,3.483454,9.5716
459353850,234.0949,2.9259923,7.7073
459388607,234.85046,3.0355575,9.6792
462181103,240.3693,2.0642898,7.2703
446177776,233.81505,3.2761097,9.3408
371299359,232.35634,2.0090935,9.6358
462211781,240.97221,3.2451384,9.474
460418246,227.44786,3.708463,7.00979
460418540,227.42195,2.8520565,8.9592
272917871,239.22089,3.9896035,6.8185
272918260,239.20995,3.0711133,9.94174
460428419,228.02013,2.948311,9.9153
402185218,216.96957,2.395908,8.1824
371265512,231.97075,2.8082175,9.6176
461292835,229.65535,2.615723,9.3538
460418429,227.3983,3.1668198,9.18691
402185112,216.99669,2.8399608,8.2715
371267779,232.19247,3.4481275,7.531
368740456,221.05458,3.157501,9.9876
371265453,232.03038,2.9202914,9.7187
402203667,217.2444,3.4456916,9.74542
460420200,227.53293,2.259461,9.94049
402322840,219.86284,3.7457647,9.40214
368783795,221.27098,3.3188524,8.86188
272992715,239.89606,3.4584653,9.02141
446437323,215.81244,2.7670264,9.5635
402203808,217.25023,2.8842487,9.63492
315388336,225.72516,2.0913007,3.476
460354567,225.2684,2.0134783,9.6331
459386500,234.75433,3.46768,6.01422
368738919,220.90485,2.3327136,9.84311
459419721,235.57655,3.2272916,8.5194
371228841,231.9279,2.5977561,8.8447
272518449,236.44864,2.2083447,8.8762
272518828,236.51117,3.1422498,9.3441
272568795,236.69588,2.8418736,9.9424
460396435,227.15088,3.8010116,9.9727
459420144,235.5891,2.186066,9.3186
459422422,235.74266,3.1817594,9.3789
460359142,225.68527,2.4732437,8.0383
272617950,237.2015,3.8606293,8.57252
460352752,225.09917,3.7605498,9.2687
461345579,230.93024,2.0194683,6.2349
461370872,231.81926,3.0931845,8.6108
371265486,232.05386,2.8559647,7.7841
460387666,226.61617,3.009066,6.924
462187076,240.6297,2.7560828,9.00244
371359109,232.96512,2.723429,9.81574
402370976,223.37311,3.409798,8.13369
272849372,238.70988,3.876145,9.10603
371356674,232.82198,2.727562,8.2493
446440133,216.09036,2.7921042,9.1402
460378441,225.96779,3.6279955,9.1321
460387446,226.55495,2.3122575,9.0763
272988044,239.68326,2.6778622,9.36798
272593026,236.89488,3.6501074,8.7917
272847510,238.62523,3.9156115,8.4376
459356397,234.14993,2.2226717,8.9979
272592524,236.88264,2.4209628,7.5558
272592976,236.95937,3.54306,6.80034
272819361,238.60205,3.290327,6.49749
272965722,239.57211,2.823077,8.5371
272966162,239.63426,3.8645964,7.3334
459383624,234.61243,3.67614,9.52
290638836,236.13689,2.5214021,9.2525
290639305,236.04916,3.6872082,9.8687
462184076,240.48795,3.5497985,9.4122
272965672,239.52213,2.7303224,9.1902
272850057,238.752,2.2017615,9.6322
290638661,236.10648,2.1054595,8.991
462184017,240.5945,3.66711,8.3394
290638878,236.04596,2.6144738,9.88252
462184438,240.52281,2.754249,9.4037
461274151,229.0812,2.747683,9.5236
460391366,226.86803,3.278111,9.2937
459376822,234.24516,3.5254717,8.66314
446436022,215.77565,2.6218104,9.6675
460391082,226.7786,2.3626168,5.21355
460391158,226.8786,2.612877,7.8006
460391281,226.78441,3.0160332,9.4753
459422627,235.72522,3.7165852,9.97782
272518761,236.45319,2.9625442,9.3309
461311095,229.9219,2.0414858,9.9609
461349305,231.11581,3.1773515,9.56
460384122,226.3962,3.535537,9.0805
459393530,235.1035,2.6119778,7.5008
459393306,235.176,3.129814,9.9484
460354307,225.2558,2.897454,6.2151
460424487,227.75748,3.1841848,6.6002
402362375,220.26414,3.9080608,9.9952
272677041,237.5731,2.1965108,4.325
368780570,221.18965,2.0246189,7.2511
368781210,221.23158,3.4842336,7.04327
272752175,237.86761,2.2507331,8.3841
272752643,237.9501,3.3149688,9.0363
460424265,227.84236,2.5436509,8.5675
272752766,237.9325,3.5974145,8.7983
402362296,220.24911,3.520584,9.8457
272521148,236.59624,2.9165974,9.518
272521397,236.53577,2.2387903,9.0725
462211575,240.97034,3.7272456,5.9049
392921163,223.67424,3.883057,9.1363
446437188,215.81628,2.2256784,8.4276
462211788,240.9935,3.2378423,9.4189
461345316,230.97948,2.8111331,9.3643
371267691,232.0838,3.1999292,9.29729
371267781,232.081,3.4586346,9.31716
461293177,229.62688,3.6275296,9.81527
371267644,232.13727,3.1104417,8.5423
457928107,224.52625,2.5544968,9.72528
368740632,221.01971,2.3817236,9.61835
460428594,228.07578,3.4817703,9.79239
461294862,229.78773,3.894536,9.9268
392960360,224.33943,2.7857778,9.1267
461320744,230.23276,3.7226274,9.8487
371299640,232.40134,2.7659023,9.3548
272206583,220.51653,3.8880203,9.06372
368836854,221.8568,2.0357141,6.74983
368837234,221.93608,3.6662657,9.07982
392930592,224.07014,3.4161482,6.6896
461286908,229.37132,3.6443222,8.603
460398736,227.36682,3.8658085,6.7176
368726636,220.32837,3.448769,7.82125
272206595,220.54666,3.9386153,8.49331
459396030,235.26175,3.2880416,9.31718
368838395,222.07016,3.6129758,9.70525
272778204,238.27432,3.7753975,9.6328
461276480,229.2104,2.7092931,9.1477
459388733,234.86343,2.6985886,9.68676
272920556,239.33846,2.2307074,9.48136
459388615,234.85046,3.0206792,9.45067
462181232,240.37569,2.3261082,9.21023
272920852,239.31537,2.9392776,9.87891
272921061,239.31216,3.405343,7.09018
461320933,230.16118,3.1360767,8.9516
368787132,221.41342,3.5013986,9.9093
368787233,221.41768,3.9129186,8.784
272921063,239.31033,3.4076824,8.39251
371368787,233.20515,3.8964007,9.63585
459388300,234.91739,3.768754,9.5028
371332463,232.68646,3.3953514,8.8866
371430216,233.29906,3.9006164,8.90723
272778975,238.2852,2.0847697,8.1433
272592546,236.90768,2.4849696,9.20212
272847395,238.61995,3.6500208,9.0102
460378353,226.00302,3.9180658,8.64778
460387535,226.64073,2.6171184,8.35326
460387554,226.60345,2.661869,8.48764
459355755,234.2352,3.803797,9.49033
392959062,224.18903,3.7316875,9.80143
459384217,234.6722,2.232775,9.73657
290639171,236.12595,3.370039,6.8694
462184028,240.59341,3.6519992,8.2537
462211453,241.06693,3.969527,9.0455
446434365,215.68063,2.2746592,7.1683
461274023,229.10078,2.4335606,9.57535
368841402,222.4689,3.9254103,8.12285
368841891,222.4766,2.049282,9.73139
460391196,226.791,2.7522736,9.78795
402269020,218.724,3.089419,9.4029
462187198,240.65721,3.0022354,9.6868
462187276,240.66107,3.183059,9.6783
461351423,231.31525,3.2213774,7.7737
272816596,238.4736,2.9456706,8.3501
272818854,238.61409,2.1424928,6.1502
272818988,238.57881,2.4003043,9.01933
459344680,222.27353,2.0163195,9.5132
459386332,234.76828,3.0488718,8.2699
446444347,216.44197,2.5386431,8.8506
272852300,238.90686,2.8121128,8.6316
459386373,234.80823,3.175015,9.6584
446444191,216.41519,3.2181854,9.4271
272852406,238.87102,3.0634549,8.4735
301089277,233.50635,3.704998,9.43328
462178329,240.36115,3.9234931,9.89466
462187527,240.6859,3.7649634,9.775
459427020,236.02481,2.3904963,6.9055
272871307,238.95992,3.5067317,9.5803
461327152,230.51363,2.1047776,9.3377
402184925,216.94472,3.6214345,6.51997
460426490,227.85945,3.193251,7.56751
461295388,229.71652,2.4280138,9.8276
402202290,217.0663,2.609538,9.4948
460383655,226.32045,2.0168877,7.07508
371332325,232.73898,3.7552989,8.62701
366654824,233.58109,2.7346401,8.1712
420817767,225.07532,3.672513,9.5174
460389371,226.70232,3.3753142,9.1694
460426453,227.91615,3.3103518,9.94642
420817847,224.99341,3.3925347,9.5615
460389394,226.6688,3.286012,8.7653
371354697,232.75749,2.6269026,9.1899
460389618,226.75972,2.4670355,9.0619
402292920,219.02742,3.7796314,9.97275
461240237,222.7032,3.4219294,9.6766
459390845,235.03467,2.58061,9.1639
272874155,239.0807,2.8173156,9.8818
272874611,239.10977,3.781481,9.2932
402233715,218.42937,3.0809722,9.1896
368804530,221.7939,3.623058,8.3579
420817879,225.05406,3.261531,6.5774
460360796,225.91827,2.3863077,7.8804
368879740,222.62367,2.010001,8.80235
460422641,227.69962,2.702367,8.41822
272674011,237.4748,2.7952485,7.10201
460360789,225.82341,2.372572,7.1468
460361152,225.90834,3.748207,6.7291
272673730,237.46317,2.1605833,9.64242
272698474,237.69138,3.8143919,9.0682
460352274,225.20862,2.1270711,9.9304
461310631,229.92921,3.331683,7.84539
461349350,231.11201,3.0587063,8.6994
461349588,231.1639,2.3026762,9.0965
461287027,229.37277,3.9978583,9.59543
368781145,221.12613,3.3437355,9.07009
272677037,237.55515,2.2069993,9.5922
272752729,237.89188,3.5203779,9.52583
301089704,233.45648,2.4776752,9.09602
272752455,237.93942,2.8977013,9.90322
272752942,237.93605,3.9928327,8.63166
461240091,222.70961,3.840175,9.93196
366703009,233.72646,3.871123,9.67726
459391146,235.0205,3.308023,8.1472
459344954,222.23279,2.8754337,9.0662
371369509,233.20087,2.0181623,9.7318
371430021,233.32504,3.322833,6.39345
459390836,235.01793,2.5549443,6.873
402336563,220.01772,2.7607663,9.4605
272595035,237.04514,3.576201,9.8746
272595649,237.00415,2.1148872,9.9345
459427050,235.9823,2.4670575,7.6312
462181915,240.47585,3.8082914,7.38982
402211442,217.30408,2.9765186,9.9012
402234919,218.57599,2.073509,9.0539
368803272,221.64616,3.0349176,7.6225
459395722,235.2805,2.5685406,9.8143
459395869,235.28287,2.9160447,9.0727
402316472,219.45425,3.772986,9.0719
371328293,232.50696,2.840487,8.3991
371328323,232.47256,2.7362185,9.1846
371330459,232.66628,3.066766,9.7338
459343359,222.16194,2.8906608,9.9353
459343227,222.12218,3.2957313,7.89944
402267588,218.63359,3.1811519,9.39598
272852196,238.91367,2.5420961,8.3958
461345106,230.98701,3.5248437,9.4787
272871504,239.03926,3.0277164,8.841
446441647,216.18001,2.3753815,9.4131
446441603,216.22922,2.5684133,9.4273
392916824,223.57365,3.1964242,9.8796
461308370,229.87498,2.4379082,9.453
461345099,230.91762,3.5478358,8.4719
349772139,224.4681,3.5848582,9.53814
446445446,216.63895,2.0265546,7.9217
392960428,224.28319,2.5233433,9.9889
446455245,223.41241,2.5662236,8.57592
446455295,223.46623,2.7750401,8.53673
446455414,223.45605,3.266766,8.73285
272778961,238.30667,2.1269433,9.2959
460350930,224.79303,2.5198634,9.80187
461327633,230.59515,3.530706,8.0837
402310540,219.18723,2.8391242,6.42
459378772,234.4174,3.6346476,7.57592
459427035,235.94327,2.4399512,6.23826
461327682,230.60094,3.6668434,8.75141
459379152,234.39194,2.704561,9.6918
462175932,240.18835,2.4111362,8.93
460349146,224.61789,3.1041574,9.2896
460378410,226.041,3.720516,9.9117
460378520,225.99265,3.4150715,9.9202
461323001,230.37918,2.590736,9.7926
272963137,239.43156,3.3771913,7.9399
272987580,239.69087,3.763762,8.4809
460389192,226.67397,3.9510832,9.65071
460389228,226.7607,3.8474143,9.61573
368841426,222.55624,3.83243,9.1017
420816682,224.91553,3.8912706,9.68499
371332323,232.7254,3.757122,8.8825
368841597,222.49461,3.224429,9.214
366654459,233.54282,3.7739038,9.75332
366654403,233.52466,3.919361,9.83002
272701005,237.74608,2.8839142,8.2892
402233750,218.42368,2.9825244,9.4206
446442859,216.34717,2.7420828,9.8087
461353606,231.4593,2.0826128,9.7555
315388348,225.77261,2.0406084,9.5963
402320451,219.56601,2.0262392,7.6144
460420570,227.51553,3.2981167,8.3772
315388046,225.7548,3.1719158,8.101
371267417,232.13336,2.4945796,8.49276
459345229,222.23134,3.9081008,9.25232
459344715,222.23799,2.1463037,9.91153
402362282,220.1932,3.4803548,9.6425
402321419,219.73666,2.1375089,9.65498
272520837,236.56828,3.6622255,7.45218
461257116,228.69548,2.131712,9.1709
368840119,222.33086,3.2318938,9.1539
368840289,222.4345,3.8707466,6.40056
461312586,230.14615,2.118402,8.3439
461324938,230.4568,3.8694613,9.9905
368840099,222.32385,3.1705623,9.8274
368840156,222.34624,3.3305392,9.9172
371328583,232.52403,2.0218575,9.87467
461325133,230.44072,3.3577757,8.1498
368840027,222.33144,2.870855,8.55479
461366701,231.5061,3.4266622,9.53219
461262104,228.8745,2.2772596,9.50642
460385518,226.47798,3.8335655,9.1006
301089688,233.40506,2.5208845,9.3261
460385961,226.43471,2.4862936,9.7659
460385519,226.47836,3.831922,9.69661
446445675,216.61043,3.0793626,9.3969
461270116,228.99237,2.0300798,9.88984
392919554,223.62288,2.8982224,8.73406
459427073,236.00758,2.515167,5.2521
459395854,235.25813,2.8817348,9.45407
402235038,218.46454,2.5756009,8.4593
368788381,221.56812,3.5040634,6.8598
459396252,235.31615,3.8353667,9.73986
460349369,224.65897,3.9218168,9.42151
460348915,224.63727,2.2094717,9.39012
460349097,224.66782,2.9312994,9.58185
459378991,234.42014,3.0697262,9.0901
366626943,228.18782,3.5441792,7.30018
460378886,226.00769,2.1071944,9.16548
459390978,235.02737,2.8640103,8.4507
272595208,237.00528,3.152314,9.28515
272595671,237.0402,2.0570889,9.51854
461331988,230.77054,3.6133935,8.7543
272595080,237.03271,3.4431388,7.87224
272814162,238.37958,3.1759713,9.38536
460355924,225.36723,2.7082767,9.54548
371328473,232.5509,2.3238955,9.68781
460381864,226.23114,3.801838,9.85973
461327115,230.57797,2.006811,9.20623
461294910,229.679,3.735519,9.19156
460426597,227.87451,2.8283994,7.41169
461288505,229.45393,3.7964234,9.05549
461295225,229.68831,2.8748858,9.83956
402202339,217.12975,2.7888315,6.5118
272571263,236.80771,3.2030804,8.90503
272673874,237.46503,2.500748,6.8165
446441611,216.16689,2.536793,6.6434
460393143,226.92818,2.6272933,9.81
446441401,216.25723,3.4235833,9.05162
460392968,226.99008,3.2869184,8.7505
461347210,231.10727,2.5146217,9.43355
461347305,231.08057,2.7971406,7.91133
461347155,231.03766,2.3455832,9.33605
461347331,231.06229,2.8741271,8.46621
402362104,220.21066,2.7015293,9.95147
402320448,219.59125,2.033923,9.74339
402362325,220.2522,3.6808407,9.73934
460394924,227.12177,3.1777427,8.6748
460385467,226.4775,3.9874616,8.18574
460395113,227.07524,3.9305854,7.1228
460357645,225.46802,3.3604958,7.8828
461353484,231.44093,2.4314387,9.73113
461240253,222.75041,3.363769,9.91651
272871586,238.98819,2.8477516,8.0017
446179832,233.9371,2.6948392,9.6715
1103616039,236.38266,4.0265913,9.1883
1103618588,236.33423,4.5324373,8.62172
1103618589,236.33458,4.5319347,9.67201
1103616040,236.38223,4.0269656,8.0969
1103696117,235.70322,5.1549134,8.69515
1103654230,238.03607,5.4657917,8.8105
1103654231,238.03598,5.466218,9.3206
402308652,219.11511,4.7526,9.947
459423248,235.70322,5.1549134,8.69515
272465863,236.38223,4.0269656,8.0969
272465677,236.33423,4.5324373,8.62172
272754135,238.03607,5.4657917,8.8105
272245339,220.824,5.827414,9.915
272848617,238.69292,5.5871234,5.9992
402314457,219.30574,4.4677424,7.0432
272618594,237.19794,5.4030313,5.38724
272245028,220.83969,4.638356,9.9371
366703309,233.65976,4.669433,8.9671
292971653,236.17422,5.0797706,9.0038
366703545,233.68109,5.3680334,7.9869
462211198,241.05515,4.492388,8.6864
461371715,231.79707,5.5891314,8.7822
402311181,219.21603,5.674239,8.40479
402311398,219.31326,5.4349365,8.89705
402314497,219.39394,4.348952,9.6642
461368285,231.69896,4.0948195,9.716
272754499,238.04076,4.634738,8.31052
402311111,219.19144,5.2831283,9.388
402311356,219.42336,5.634456,9.94062
402314498,219.32614,4.3487787,9.6953
272570214,236.8559,5.877702,9.33967
462157140,240.03467,5.3430824,9.5276
272569471,236.72675,4.4167004,8.6229
402229973,217.84769,5.742961,9.3903
272619039,237.30112,5.519484,8.8446
461243319,222.97272,4.5875287,8.26061
272619248,237.33383,5.0453773,7.0987
272777758,238.26616,4.8886867,7.56526
272777699,238.30994,5.045743,9.3682
272777483,238.28972,5.5708375,9.86894
292971667,236.18999,5.0567904,9.7354
462210569,241.02596,5.9734282,9.4448
462210858,241.0409,5.333214,9.7764
272244934,220.83029,4.341937,9.79738
272245340,220.82487,5.8277106,9.809
292971401,236.25775,5.6718526,8.84915
461332913,230.961,5.900198,8.6639
366628119,228.32579,4.8021135,9.5471
460418049,227.47786,4.3474464,9.759
272875236,239.0827,5.129139,8.7629
272875356,239.10437,5.440278,9.4846
461246159,223.06061,5.7378044,8.9898
461245843,223.12608,4.642595,9.39845
272917067,239.1724,5.911087,6.43907
371357243,232.82396,4.214752,9.9702
272754212,238.0719,5.295649,9.7017
402371228,223.38986,4.4845695,8.1969
402371398,223.3064,5.325987,9.9638
272754319,238.02133,5.025849,8.4656
462215380,241.17648,4.355743,9.6583
272992417,239.9174,4.2636685,7.8056
272847880,238.67557,4.7287583,6.1391
272917045,239.17638,5.9697285,9.7841
392929613,223.95529,4.629388,9.8165
460353863,225.30019,4.364175,8.652
460392161,227.00056,5.964652,9.5003
461310271,230.0105,4.2752113,9.4178
461352820,231.46248,4.561056,9.6646
272570006,236.75551,5.7418785,9.7762
462188895,240.82039,5.3620415,8.8228
272618343,237.20404,4.8314266,8.2681
462188963,240.8108,5.1783338,8.4403
272675429,237.54942,5.9547734,7.03242
461371226,231.76251,4.061627,9.8557
272675847,237.51192,4.9344525,9.97306
272754012,238.01105,5.7445283,9.57214
461258146,228.5896,4.9938345,7.626
272619673,237.28368,4.0568,8.3559
272207123,220.70819,5.8943644,9.1932
272207346,220.65086,4.984438,9.062
459355096,234.14761,5.596297,9.4543
462209767,240.95576,4.2275267,9.8069
462209804,240.88051,4.297192,9.8977
462210260,240.9422,5.437549,9.7365
392921479,223.6708,5.14058,9.20107
272848854,238.78622,5.0359907,8.5492
371357419,232.84473,4.6705875,9.66879
272754359,237.97667,4.936246,9.93367
272519586,236.46834,5.0407124,8.2996
272519698,236.46153,5.329765,8.6832
392921200,223.6741,4.050474,9.35954
272848842,238.76181,5.0700455,8.19833
402217599,217.62253,5.7536664,8.8558
459423934,235.89319,5.2311044,8.4611
272207456,220.64542,4.4867506,6.84947
371368691,233.16748,4.221205,9.0408
459354419,234.0433,4.4662604,8.9716
459386774,234.7289,4.204757,7.8156
459387817,234.89648,5.124628,9.68003
462209900,240.93176,4.5317626,9.6216
272699779,237.7516,5.412914,8.8323
402203502,217.18391,4.3319407,9.94833
461242418,222.87396,4.3048153,9.36705
461242508,222.8534,4.6266236,9.67668
315387737,225.69742,4.369471,9.78997
461242802,222.82906,5.6756363,9.43289
460391992,226.8895,5.6050086,9.69237
461348347,230.99191,5.9233813,9.6787
461348579,231.21495,5.471425,9.8782
457927614,224.58658,4.5841327,9.575
371268116,232.14653,4.3137116,9.3999
461333096,230.90686,5.3276525,9.5339
272991374,239.84969,5.3542624,9.3902
272991822,239.92848,5.6669307,9.9189
368837856,222.01213,5.687745,9.0336
461243292,222.98071,4.6892047,9.6475
272870112,238.90172,5.7165155,9.7411
462183248,240.57542,5.379808,8.9847
272990953,239.76315,4.2660217,9.3388
272992074,239.98515,5.0916753,8.4643
460388155,226.55301,4.6154666,9.7764
460388216,226.55647,4.834409,9.2602
272870920,238.94664,4.334176,6.2708
459423209,235.7574,5.077245,9.1556
462183629,240.57428,4.5630374,8.9294
272991378,239.83444,5.365746,9.98836
392959182,224.21008,4.2223353,9.2619
272593776,236.98628,5.4959354,8.2833
272847857,238.64934,4.6714144,9.9093
272848115,238.68,5.321127,9.9981
272848337,238.57431,5.8434677,9.4514
368739321,220.87315,4.091764,9.5957
459418883,235.67868,5.2058635,9.2164
371296733,232.24857,4.9767227,7.9674
459417999,235.49612,4.700726,8.2732
272593788,236.89993,5.535024,8.7027
272848172,238.57234,5.467477,8.48582
392959126,224.2228,4.000279,7.21317
272593286,236.95132,4.2983265,6.11337
272593406,236.92897,4.6369567,8.1454
272848070,238.67416,5.209656,6.65382
272848100,238.60657,5.29406,5.9491
272848540,238.78398,5.780355,9.2896
272870186,238.87065,5.8769383,9.4336
272847712,238.66829,4.351084,9.6352
392959238,224.15353,4.489804,9.2422
459383452,234.68225,4.1609464,8.5537
272966231,239.57074,4.0577765,9.7717
460356742,225.44003,5.6364703,9.9918
371264576,231.95534,5.458245,8.5644
461275871,229.20706,4.4447603,9.2943
459382287,234.5076,5.026493,7.1211
459382319,234.49883,5.09197,7.1702
460356771,225.37422,5.751536,9.38541
461352886,231.43839,4.346858,9.29817
371296800,232.25482,4.781894,9.16698
459392808,235.08588,4.417636,9.0561
460384525,226.32326,4.9495625,9.5318
292972062,236.24805,4.084632,9.3415
461310373,229.93614,4.014079,8.1865
292971664,236.1732,5.066509,8.3621
272917736,239.20538,4.328584,8.805
371263951,231.89444,4.881687,9.64776
462221510,241.4234,5.186322,9.03578
371264114,231.907,5.368369,8.5907
462216999,241.28206,4.2685475,9.02456
371264113,231.90775,5.367163,9.0871
460417824,227.41367,5.1231613,9.8771
368726441,220.37582,4.360582,9.7524
460417777,227.3885,5.331028,9.8012
392930391,224.09956,4.22865,7.37962
368837327,221.90071,4.1039777,9.2359
368837612,221.83704,5.4066467,8.597
368837847,221.96698,5.7292457,8.8526
368838029,222.02698,4.950281,8.2239
272777039,238.15306,5.449776,7.95
460398966,227.26976,4.74164,9.46763
368804227,221.76526,4.8854733,5.7561
460361417,225.8352,4.834123,7.0045
459377389,234.26059,4.942727,9.5616
368841091,222.49092,5.147646,9.962
459377183,234.2397,4.323262,9.9371
371301425,232.45786,4.5818286,8.7617
459377576,234.29788,5.429029,9.483
402217658,217.67426,5.533752,9.1836
402217844,217.68913,4.7722864,4.7513
368841107,222.55516,5.059326,8.6846
459377102,234.34225,4.1518083,8.6494
459377500,234.322,5.232364,9.7252
402184032,216.8183,4.6780796,6.5079
371368573,233.1855,4.5534654,9.369
460356719,225.33379,5.548761,9.85507
290639641,236.10374,4.601166,8.2801
462182393,240.41039,4.800758,9.64994
460356739,225.43822,5.6317506,9.47993
371264822,232.06728,4.734998,9.50472
402269248,218.80116,4.1005754,7.63507
301089159,233.42885,4.0082545,8.1543
272753263,237.9419,4.7486577,8.8526
460361939,226.02625,5.4955544,7.0493
460361940,226.02682,5.492829,6.8449
392959162,224.23296,4.1505613,7.47292
392959472,224.1762,5.3989077,7.83579
392959575,224.16307,5.835218,9.84058
272593529,236.96356,4.9526467,9.94684
272847976,238.63356,4.9724154,9.43255
272848487,238.74843,5.9138994,9.1935
272848873,238.69101,4.997938,9.20759
272847565,238.59334,4.012579,9.75384
460385284,226.49388,4.6960654,9.6344
272852855,238.84717,4.1424274,8.7933
402266935,218.69206,5.967321,9.2324
301088898,233.44276,4.8285213,9.7296
272869858,238.89345,5.135395,9.637
462187838,240.62587,4.4704576,7.73862
461328787,230.68419,5.1256094,9.6115
402267048,218.6957,5.5054164,9.3991
460385193,226.42679,4.9581866,9.92148
462187796,240.60641,4.3747826,9.2449
301088940,233.48895,4.7125945,9.89407
459392896,235.14645,4.1703053,7.9594
461287075,229.36317,4.167039,8.8579
461239933,222.71638,4.372501,9.33767
459392673,235.10934,4.834122,9.6168
460384818,226.32936,5.8894315,9.8675
461352149,231.31657,5.5117607,8.6782
460350082,224.76674,5.654219,8.34762
293644076,218.15613,4.3803644,9.0324
462210099,240.94038,4.9868326,5.26494
462210383,240.93837,5.7309747,9.4462
293632829,218.12724,5.7776303,9.2974
392921916,223.87494,5.2986145,9.8528
368803705,221.6913,4.924766,9.8811
371296392,232.24234,5.972407,9.68594
368739304,220.88637,4.050094,9.89008
368739707,220.95139,5.9043813,9.54014
368739295,220.9339,4.0168657,9.2037
461293471,229.61566,4.459391,9.66058
459418974,235.60797,5.0318403,8.47822
459419105,235.57744,4.713687,9.90138
368787798,221.5077,5.7585683,9.9992
368788068,221.4867,4.63082,9.3142
461294541,229.76947,4.704424,9.4908
446469678,223.4739,4.4252357,9.8336
371331188,232.56012,5.0896554,9.8356
371331682,232.68329,5.662153,9.8308
272777571,238.3137,5.3795857,8.6139
420817020,224.89166,5.227195,9.6014
460389041,226.74727,4.454589,7.53001
392959761,224.2685,5.430782,6.18357
460350364,224.84631,4.5677614,4.06601
461323810,230.33592,4.953781,7.70379
461324225,230.46907,5.957961,9.2981
461366955,231.50171,4.1000905,9.6108
461367301,231.54536,5.156024,8.1691
371330976,232.5607,4.4876204,9.7936
272816017,238.48302,4.434204,7.4903
366654197,233.52393,4.4949985,8.9292
366654095,233.56508,4.7702394,8.7259
371331246,232.61333,5.2629657,6.5317
462189345,240.77528,4.392464,9.9015
272777399,238.2079,5.7828836,9.40223
461323965,230.3035,5.382966,7.8199
420816912,224.91013,4.8121834,8.5684
420817618,225.06071,4.302901,8.23102
402308374,219.14801,5.877697,8.3399
371332107,232.76743,4.364181,8.3929
366654070,233.5393,4.8614225,9.4899
462245021,241.67738,5.916228,9.7297
402203029,217.119,5.68092,5.4181
402203295,217.16418,5.2248983,6.9356
462215838,241.14044,5.355096,8.7427
402203121,217.2002,5.979738,9.6086
460352841,225.17496,4.054352,9.62489
462177591,240.26027,5.649184,8.6842
462177808,240.27582,5.1923165,9.3948
462215564,241.10883,4.774033,9.2898
461294668,229.73857,4.405791,9.8999
402337090,220.02551,5.066939,7.5456
459422799,235.72688,4.1020055,6.8565
272207571,220.70253,4.0457435,8.325
271279790,220.50371,4.579927,9.52503
459423860,235.83316,5.4446063,9.55472
459423829,235.8927,5.514572,9.9786
402233034,218.39941,5.8231196,7.7562
402233355,218.42635,4.5224366,9.5715
371300515,232.432,5.0381813,9.3233
272206921,220.61995,5.316989,9.1548
272207417,220.63618,4.6640434,8.67973
459424302,235.91031,4.285783,8.9117
459423294,235.70193,5.2728333,9.9105
460428861,228.04723,4.3222857,7.88386
461351831,231.31882,4.547783,9.70163
368739831,221.0399,5.7847257,9.4303
272991484,239.86446,5.640871,9.68475
272991493,239.76506,5.654316,9.74318
272992379,239.92093,4.3745112,9.43013
457927575,224.58044,4.759812,9.1446
457927284,224.53934,5.878691,9.52525
272991419,239.81845,5.4770722,9.68171
402233089,218.40387,5.582252,9.4447
402266865,218.57951,5.8668947,9.88054
402267344,218.59381,4.1782613,8.14875
460385129,226.43832,5.193423,9.43023
272852825,238.85924,4.0595016,9.46959
272675437,237.58298,5.9321866,9.70529
301089091,233.42105,4.22452,9.43444
402267009,218.6267,5.6715517,9.94758
461309672,230.02461,5.9583817,8.76376
461367123,231.52966,4.6300755,8.70605
461367589,231.48026,5.9025817,9.2228
461367911,231.68918,5.236859,6.75843
371301299,232.50552,4.938544,8.1106
446177201,233.79442,4.928999,9.9174
402316816,219.54434,5.319191,8.60422
371264481,232.06651,5.76281,8.7935
272922312,239.51949,5.6368074,9.7003
462157347,240.07787,4.7703433,9.169
461367450,231.48067,5.5663066,9.176
371301248,232.54797,5.0769653,9.9293
446177176,233.85286,4.992275,8.7671
446177512,233.79814,4.0166683,9.304
272870861,239.00034,4.481556,9.67639
460388434,226.57567,5.5504107,6.91751
460388484,226.65378,5.7750783,7.81227
272869913,238.83624,5.2617044,9.12464
272870105,238.82164,5.6938787,9.92654
271279652,220.41762,5.4400787,9.3203
460399091,227.26476,5.2015676,9.36822
460399092,227.26387,5.2032948,8.62438
368837390,221.84177,4.3518777,7.98109
272206671,220.61476,4.2047377,9.6062
368837608,221.86787,5.3812313,9.89912
368783177,221.31073,4.5325403,8.3619
272753765,237.89563,5.8957896,8.85127
272815662,238.49925,5.3604903,9.34321
402290414,218.79018,4.9945717,9.85803
402290421,218.7568,5.012207,9.54531
368782224,221.2064,5.713716,9.94729
402308651,219.1151,4.7533383,9.88338
366654110,233.63168,4.7306433,6.9292
420816878,224.93597,4.695916,9.0812
368803715,221.68703,4.9498653,7.94947
462210127,240.85692,5.059835,7.7062
460350303,224.77509,4.794221,9.28553
368804317,221.7712,4.4627647,8.29589
368804177,221.78651,5.1393642,9.82427
392922200,223.85248,4.20891,9.95573
392922235,223.81996,4.105785,9.97302
461327854,230.5471,4.269927,8.4866
462176804,240.21228,4.610473,7.8478
462176846,240.1388,4.727042,6.4777
461328060,230.61119,4.883136,9.2808
461328350,230.54184,5.7486978,9.54357
366653742,233.59993,5.8704243,8.4702
459378348,234.39613,4.693437,9.5188
461328220,230.57591,5.3672037,9.4118
459378453,234.38249,4.436764,9.0134
366653374,228.38313,5.0441957,6.40507
371300330,232.32277,4.452271,9.7631
446469821,223.4122,4.997671,9.2751
446469937,223.51068,5.5037704,9.3994
371357973,233.03477,5.8323255,7.7829
460395157,227.07349,4.0687675,9.2782
371358358,232.91743,4.748312,8.8677
461239522,222.70796,5.824161,9.762
402232508,218.05408,4.142319,5.35454
402232838,218.08183,5.460753,9.88072
461352288,231.25801,5.9436626,8.3699
368840484,222.36375,4.594753,7.69916
368840721,222.36685,5.541005,8.3377
272519716,236.47777,5.38711,8.1641
272520671,236.55875,4.161211,9.3746
461324253,230.50812,5.8946357,8.9038
272519796,236.45659,5.610106,9.35702
460361555,225.86255,5.3153405,9.2665
272700352,237.83116,4.074937,9.3771
461323623,230.31268,4.4196777,8.9347
460361294,225.90472,4.338266,8.7974
460361603,225.91823,5.4874763,8.2844
368880333,222.65988,4.2068977,8.4696
461319362,230.12115,4.327327,9.574
272674572,237.4306,4.1969986,8.6419
272699302,237.68364,5.661923,9.871
460361440,225.82843,4.89951,9.8705
462176735,240.21306,4.4273577,4.9106
402184421,216.93738,5.8450055,7.03015
371368123,233.2501,5.7757053,9.39
371368580,233.19351,4.5326114,8.1778
272814548,238.35907,4.0988307,7.8182
459345813,222.2219,5.954403,7.0501
272815229,238.37509,5.613479,8.5759
402184266,216.79076,5.6003156,9.93393
402337444,220.08139,5.462908,7.5351
272815156,238.41685,5.460241,9.7846
461319625,230.0405,5.02966,9.9159
461352422,231.43163,5.8694067,9.93071
368840332,222.37497,4.0010285,9.84612
461324347,230.5005,5.596583,6.89277
461352378,231.40712,5.9663553,9.2374
368840515,222.4069,4.7142854,8.90694
272519217,236.49959,4.1258497,8.52887
272519527,236.45914,4.9179335,9.37193
462216039,241.17216,5.709962,9.6107
459345508,222.29909,4.83036,9.9312
461323554,230.35542,4.247028,9.95222
402317241,219.60321,4.8541956,7.73252
402362766,220.16084,5.7246647,9.7869
315387413,225.69261,5.7408943,9.3796
462157236,240.03009,5.0887094,9.9038
420817557,225.01283,4.546029,8.7414
402317383,219.60309,4.20781,9.9818
402233362,218.42831,4.494549,8.20439
272874725,239.07237,4.065868,9.56134
272966514,239.61974,4.754889,6.21357
446446307,216.6759,5.9349627,6.3456
461308977,229.82658,4.1533923,9.33346
461320412,230.23671,4.813251,9.8404
461294276,229.76503,5.4161525,9.7641
459345424,222.28737,4.4678206,8.8851
293646625,218.2626,5.323247,6.01356
402269288,218.7555,4.269184,8.04081
402290926,218.8772,5.0504484,8.36268
272815969,238.52405,4.571651,8.6027
459345664,222.20468,5.389621,8.8162
371301090,232.53455,5.5238895,9.5352
462187754,240.65952,4.300787,9.3713
272815940,238.4543,4.630964,8.9544
460381601,226.26213,4.69811,9.78737
462178117,240.35675,4.42502,9.99
460353872,225.22813,4.335497,8.48822
460381297,226.22302,5.6381,8.4275
460381777,226.24815,4.088081,9.1847
461294602,229.7399,4.5506167,8.28117
462178213,240.26862,4.175031,9.15284
462177611,240.24393,5.6227665,9.41169
402203168,217.18459,5.7448077,9.77364
402203483,217.20804,4.4213486,9.79112
460350264,224.79448,4.9275484,9.36636
461367607,231.47491,5.9508443,8.27343
368787385,221.43094,4.544769,7.97551
371331008,232.64688,4.5644994,8.9763
371331935,232.71634,4.90776,9.68451
371430572,233.33424,4.9022083,9.77678
371430776,233.30602,5.520132,9.4397
293646385,218.2239,4.3532925,9.3287
392959660,224.35405,5.92143,8.8743
402322152,219.78394,5.260918,9.7819
368788243,221.52306,4.0065246,9.9057
272465260,236.36528,5.56888,9.3148
461246564,228.53477,5.246258,9.62672
371268543,232.10127,5.5548058,7.93091
272921413,239.35585,4.2089233,9.62627
402322277,219.75221,5.7902513,9.9897
272921490,239.32526,4.398504,9.7098
272921569,239.2835,4.575962,9.0779
371301409,232.43767,4.6470866,9.51601
446176915,233.82544,5.7596817,9.0864
461367021,231.5426,4.307994,9.79405
461367571,231.52484,5.859042,9.34072
446177239,233.82802,4.7902646,9.72526
460392178,226.92554,5.8837414,8.7907
460392277,226.91801,5.498058,5.34434
272870366,238.92197,5.7086215,6.7418
446180850,233.92026,5.85731,8.8917
460392410,227.01329,5.069451,9.4027
402311151,219.27472,5.4682374,8.63158
461328003,230.5995,4.6840377,8.50135
461328017,230.62378,4.719299,8.37756
459378019,234.44284,5.5229263,9.66111
461328105,230.5268,5.045711,9.91148
459427740,235.92923,4.23911,9.86187
459427950,235.97102,4.7352853,9.0051
446446299,216.75633,5.9621134,6.51916
460349491,224.68262,4.3576,9.27535
460349524,224.62437,4.5108504,8.7581
368787988,221.53131,4.929589,9.3476
402211732,217.33829,4.203634,9.3723
402211777,217.34569,4.364986,8.7989
459413545,235.39546,5.809807,9.9465
446446325,216.68347,5.8184156,9.9895
371358604,232.99976,4.0660143,8.1148
446443812,216.47836,4.8573146,7.4656
371300396,232.38853,4.647848,9.41758
371358433,233.02429,4.51822,9.00072
420817473,225.01886,4.8361464,9.00757
420817212,225.05907,5.9751267,8.46433
420817593,224.99614,4.4179673,9.06407
460420852,227.58994,4.1194224,8.08281
366627508,228.1239,5.3523893,9.79073
371268333,232.17488,4.9493756,9.9087
272967168,239.7362,5.655816,8.75253
349772261,224.43864,4.127063,8.9954
349772534,224.37398,5.1697593,9.61854
392916493,223.63553,4.6015806,9.10564
461332585,230.83575,5.335719,9.59296
272594521,237.06923,4.861727,9.6799
272814606,238.33337,4.2532496,7.4827
402336990,219.98993,4.620383,9.22044
459391978,235.03772,5.623823,9.84645
402184189,216.81668,5.2714796,7.8895
371368215,233.23813,5.508976,9.21513
459392252,235.143,5.9943194,8.23208
272814557,238.3816,4.1339116,9.98977
460392687,226.99825,4.255755,8.6805
460385397,226.49266,4.2334914,7.0119
272698772,237.70403,4.4777427,3.6064
272698584,237.63095,4.078139,9.9553
460422094,227.66565,4.365432,9.76085
368787914,221.53564,5.209835,8.60806
459396877,235.25696,5.514457,7.94342
459413771,235.43175,5.111187,9.25538
459396886,235.20384,5.5455356,8.4408
459397031,235.2121,5.9021153,9.3726
459413726,235.3481,5.2549157,9.72301
459427909,236.03815,4.6813784,8.01974
461324613,230.4123,4.7980466,9.50058
272465309,236.38992,5.424686,9.38524
272465601,236.31314,4.7082467,7.445
272465299,236.34782,5.4473195,5.55354
1100183896,231.9256,6.101221,7.5401
1002665812,217.52402,6.2868342,8.67832
1002665813,217.5248,6.2869267,9.22174
1100360786,220.69823,6.5910225,8.7037
1100360787,220.69836,6.5907016,6.7951
315420866,238.52042,6.535958,8.846
420805755,220.58629,7.00381,9.939
449156690,217.52402,6.2868342,8.67832
392984184,231.9256,6.101221,7.5401
420807841,220.69836,6.5907016,6.7951
366479728,228.63022,6.716132,9.718
421843457,217.77074,6.435242,7.189
368916696,230.6456,7.340886,9.05
460452328,235.00165,7.1787276,9.77954
421851333,218.22285,6.5159817,8.7447
421851752,219.99648,6.644494,9.68569
446195581,238.0881,7.621057,9.4223
366402584,222.05551,6.8533382,8.9815
286115882,238.78532,6.745063,9.8755
368912998,225.50548,7.0116563,9.4334
349609850,219.20435,7.927119,9.6367
366402536,221.99997,6.6535435,9.8767
296741110,236.60468,6.537224,9.3533
349610642,219.36884,7.419099,9.1546
349758192,224.20282,7.502798,7.6221
349758256,224.19623,7.7565413,9.37932
368913076,225.4972,6.6536193,9.37653
349610088,219.28969,7.009383,9.957
366402699,222.01472,7.346998,7.8408
286115754,238.74696,7.1341324,8.4685
462156837,240.01825,6.0613875,9.8625
296741071,236.6076,6.6716795,8.6173
368943455,230.86621,7.645625,9.1028
446454543,223.66496,6.73453,8.8181
460457127,235.17511,7.995525,9.7048
446454532,223.59804,6.791527,9.0315
323165772,239.09407,7.4839516,9.1263
460456785,235.16063,6.850685,7.31328
296740769,236.70985,7.417662,8.2496
366402667,222.09485,7.2182794,7.52405
1100371380,222.42542,7.986654,7.369
296740716,236.60983,7.556938,9.9748
296740796,236.6109,7.353067,3.8709
457918588,218.24194,6.933012,6.6376
393082634,233.08803,6.9094977,6.9849
421815968,217.1262,7.2936044,8.7697
446454459,223.59872,7.121671,8.58995
460457070,235.21783,7.766935,9.65815
323287285,241.54059,7.176338,9.85706
446454327,223.5905,7.676604,9.33893
449903351,226.89291,6.26926,6.20783
272675382,237.58081,6.0724797,9.77646
461242882,222.85066,6.0261555,8.9467
337256122,238.61592,7.694204,8.7442
349771194,224.67041,6.3406167,8.0583
461390009,239.87602,6.6383758,8.7472
446183519,237.54846,7.49067,9.5339
337223801,238.60655,7.1886463,9.9563
349771012,224.57286,7.323485,9.0714
368915958,230.58221,7.329615,9.9074
368943668,230.87343,6.894388,9.5545
323195714,239.58833,6.792646,9.8619
368943636,230.85458,7.008336,9.4298
457923702,218.75739,7.1407943,7.6639
368915819,230.5905,7.8161225,7.83769
368943622,230.8198,7.0462384,8.5507
323195344,239.53691,7.7517204,8.996
318496823,240.68597,7.96736,8.0411
323246919,241.04237,6.0530796,6.77553
323246930,241.08185,6.0112734,6.00689
446183600,237.57227,7.69062,8.8136
337223426,238.60501,6.07123,7.7721
337223693,238.63673,6.882021,9.7342
337223726,238.5865,6.961476,8.726
337256120,238.66965,7.693278,8.96777
457923788,218.75797,7.594234,9.5346
323246858,241.07343,6.2594085,9.494
446452464,221.96176,7.4164762,9.91588
366571709,230.29933,7.4616733,9.5551
366625663,231.73158,6.4497848,8.9841
402363848,223.93938,7.023106,8.5382
402363918,223.90715,6.7112,9.897
449910537,227.3779,7.494711,8.594
449910700,227.46289,6.9545536,9.6503
354747796,239.3559,7.265703,9.502
392961162,231.80669,6.4622808,9.1925
392981219,231.74945,6.8808675,9.1656
366625441,231.6825,7.1599975,8.822
402363686,223.86032,7.76204,6.34077
402363902,223.8452,6.7847695,5.16316
449910422,227.38417,7.775218,9.1119
354748126,239.34415,6.2439013,8.90404
393117826,233.85384,7.026291,9.6357
393118025,233.89539,6.3785806,9.8086
393118216,234.01845,6.4152923,9.9623
393118397,233.96695,6.936576,9.24634
318473098,240.48672,6.272015,9.6539
457918763,218.34471,7.717555,9.7809
368992952,231.35904,7.8658004,8.6346
366363408,221.47765,6.7459397,8.3765
457918554,218.2687,6.7678432,9.9248
443717769,227.75171,7.3244705,7.1234
460459622,235.34572,7.0537157,8.4422
446182300,237.38591,7.913828,8.5651
446182455,237.3709,7.486096,7.55328
446182478,237.41388,7.424759,8.4557
446182492,237.41794,7.3986278,9.4202
318451313,240.02434,7.8383007,8.6845
460452165,234.9037,6.986662,7.7424
368993530,231.27832,6.880219,9.0427
393143960,235.61682,6.988231,7.5221
446182566,237.36438,7.2229004,9.6662
296778084,237.04721,6.2332892,8.7599
366571584,230.39323,7.908581,8.4287
323068617,227.49486,7.8388686,9.18205
266058734,241.7628,7.5966806,8.4574
323251312,241.23119,6.420794,9.9162
460384854,226.39365,6.001008,8.4954
402364350,224.0341,7.4320807,9.20662
264584946,239.02496,7.9364877,6.354
449156391,217.5126,7.795368,9.7399
460434022,234.8695,7.6721883,9.9345
393050447,232.76642,7.2636523,8.6937
366405067,225.66411,6.6252985,9.9468
323166566,239.2169,6.912343,9.9352
323166918,239.24928,7.7889543,7.8143
461390759,239.9598,7.372802,9.1077
366569190,230.21646,7.6827126,7.35688
368913170,225.51976,6.2484117,9.22516
266058497,241.74239,6.838054,8.68131
266058569,241.75917,7.063475,9.1096
443724843,228.4058,6.487001,9.0368
349713286,223.35674,7.6577635,8.3393
393083145,233.21268,6.875067,9.9591
315420868,238.52042,6.5347157,9.8781
315421038,238.45676,6.05954,9.6578
315420378,238.54758,7.9433365,9.7844
349712984,223.41591,6.241801,5.62459
293685896,224.94673,7.268117,9.9402
349713171,223.38708,7.1191196,8.5416
349713296,223.39017,7.6901126,7.59054
393082596,233.17285,7.024814,8.7316
393129047,235.49298,7.0641484,7.51812
449907366,227.27309,6.7363176,9.5191
347594466,239.45825,6.8832097,9.596
392983748,231.93825,7.675199,9.4474
347594199,239.47655,6.0673075,9.5134
443747934,228.48042,7.6023746,9.3019
421861967,221.68402,7.281397,5.0389
446192333,237.9585,7.8476562,8.0784
366418126,226.0022,6.9470987,9.9901
337223448,238.59471,6.1484714,9.59771
392988400,232.15414,6.9220753,8.38359
461390598,239.99397,6.9409065,8.84816
457923732,218.71918,7.2956843,8.92734
457923752,218.78151,7.372757,9.92785
368943664,230.82207,6.9034286,9.9423
323195561,239.56825,7.187287,9.05313
446183180,237.46896,6.6358943,9.68309
460431127,234.73186,6.138945,7.7764
460431376,234.65782,7.006056,7.2659
460430741,234.63484,7.1532183,8.2795
392988888,232.23645,7.1061273,8.9797
421862718,223.55103,7.899038,8.8998
366551998,230.25766,7.2614207,8.9515
366405167,225.66922,7.0035973,9.0603
393118420,233.97021,7.0097747,9.6378
393144217,235.59074,6.1366982,9.19023
393143754,235.55447,7.8233366,6.7651
393118640,233.9643,7.7577953,9.84631
457918758,218.29578,7.696591,9.93106
368992883,231.26756,7.9931517,9.19628
366363552,221.4362,6.0613933,8.3824
393118104,233.8911,6.0575294,7.5938
446182560,237.37611,7.226715,9.4373
421813865,216.913,6.6981173,9.9006
366363318,221.40707,7.0978,9.527
393118145,234.01447,6.1835427,7.06026
393118482,233.98492,7.225022,9.03227
393118608,234.03372,7.6344314,9.27818
402364319,223.95001,7.2976775,9.61834
366625509,231.63025,6.9142528,9.08809
354747605,239.30212,7.777317,8.8322
449910488,227.39906,7.5821495,9.8316
443724269,228.2042,7.399708,8.25697
443724529,228.26523,6.6246047,9.84248
402203111,217.16017,6.012381,7.0496
460353382,225.17014,6.031647,7.54051
366405022,225.75758,6.499725,9.8421
368944088,230.95401,6.543496,8.3691
350147895,235.68343,7.840994,8.45478
350148075,235.71634,7.296807,8.9545
350148222,235.71516,6.8839164,6.07823
393129170,235.3887,7.466749,9.2782
460463327,240.87029,6.9513125,7.62897
323247559,241.13058,7.656913,7.0207
347594791,239.44656,7.8660975,9.6507
318495900,240.60052,6.5974655,9.5947
318496148,240.69408,6.2717104,9.764
446186637,237.64731,7.870133,9.8726
446187422,237.71716,6.284245,9.4192
446187938,237.79979,7.871612,6.7615
323246999,241.19287,6.216486,9.7838
368944033,230.984,6.3624845,9.8691
368944379,230.88228,7.4683104,9.318
350148022,235.67816,7.427726,9.4166
350148410,235.74178,6.2903595,9.8988
296856546,236.06697,6.425637,1.5859
457926395,222.27208,7.9411483,8.0884
366404473,222.4257,7.9867625,6.7123
393049872,232.68604,6.778928,9.566
393083377,233.22195,7.6340656,9.645
366480015,228.65788,7.7552905,9.769
382656696,235.81647,6.8263807,9.7014
318472816,240.26111,6.6451406,9.3556
446451921,220.13948,7.2398257,8.0956
446452085,220.0756,6.524861,9.8632
420807643,220.74054,7.613637,7.38645
420809965,220.95827,7.7235,9.3468
393083108,233.28937,6.7201266,8.1302
393083426,233.2795,7.8055377,8.49279
323196505,239.75943,7.26142,8.5539
446192124,237.97662,7.237262,8.9972
371296383,232.2706,6.009519,7.0614
449899250,226.68398,7.628571,9.6169
296778160,237.03825,6.4163575,9.48812
393100827,233.70929,6.803849,7.389
393117782,233.85803,7.1448946,9.54717
446187608,237.78314,6.803965,9.1088
460431195,234.66258,6.375127,9.94749
266058750,241.71658,7.641271,8.51233
371124294,220.37987,7.622795,9.3724
421816238,217.06902,6.1537046,9.12124
393117668,233.8318,7.5242147,9.58948
421816531,217.20932,7.2888227,9.1772
449903009,226.96378,7.3012366,9.62435
266058818,241.74303,7.838096,9.55021
459354934,234.05302,6.1270576,9.72616
421816075,217.1097,6.758208,9.87274
460349962,224.63254,6.0284133,9.3829
296741531,236.75412,6.68274,8.7036
323246943,241.16473,6.0771294,9.636
366479815,228.64693,6.9599586,9.9855
366479761,228.57103,6.7808495,9.57193
366402190,221.8213,7.162222,9.4972
296741592,236.7511,6.83678,9.3324
323247103,241.16098,6.478572,8.0296
323247398,241.21172,7.2232165,8.6567
349715372,223.72624,7.4364495,8.9384
368970631,231.23447,7.79162,6.73934
349639216,219.64201,7.2680106,9.4704
349639296,219.68002,6.9845533,7.1237
366479119,226.59549,7.5681458,9.9477
349715347,223.79323,7.545539,8.5206
393049603,232.65137,7.7319474,8.3982
393052837,232.91138,7.8157573,7.11311
368970422,231.18985,7.0511093,9.04
368970535,231.19069,7.4238343,8.4073
323196415,239.67827,7.0652857,9.4086
366479081,226.61626,7.7080617,8.9208
393049672,232.6092,7.5052776,9.0366
393053071,232.93881,7.108644,8.56714
393052788,232.92958,7.9728627,9.4138
393082656,233.13882,6.8288136,9.92591
293685952,224.98106,7.0173025,9.8138
393056455,233.0926,7.571937,8.9827
393056485,233.14938,7.461888,9.2165
270984324,221.35081,6.1716485,9.50377
349568072,218.07018,6.539779,9.53688
349568141,218.10118,6.8908567,7.69039
461332823,230.78807,6.0493073,7.5661
296856343,236.09708,6.9510455,9.3955
446192332,237.97043,7.83787,9.73937
366417975,225.9358,6.248717,9.75668
443748300,228.52415,6.3680305,9.83883
368837784,222.0527,6.0021095,9.3691
461374359,236.45766,7.3109536,9.1442
461373597,236.34651,6.998336,9.956
457925594,222.1725,7.6246943,9.9251
443718513,227.93645,7.1477575,9.7055
461373550,236.28154,7.108806,9.8224
457923466,218.70615,6.1190343,8.0493
461374431,236.38875,7.5003753,9.3956
421862285,223.51984,6.0338326,9.91762
421862378,223.53275,6.430404,9.74699
393118169,234.02827,6.2550716,9.83124
393128245,234.1138,7.7038064,9.38326
366492956,229.40347,7.844602,7.5188
421862665,223.49323,7.6891065,9.02101
368913216,225.47177,6.1186204,8.8505
318563243,240.74132,6.8045907,9.85834
366436744,226.03268,6.3453245,9.1695
366436753,226.08545,6.3127775,9.6974
315773140,225.78955,7.671581,8.62902
315773163,225.8201,7.5630946,9.3979
457926065,222.35149,6.5527973,8.6801
349685180,223.1634,7.773735,7.01081
323166525,239.17714,6.805393,9.5758
420817187,224.91884,6.09174,9.2414
368969924,231.04451,6.8873496,8.5841
368970063,231.0675,6.35013,9.958
366420484,226.10011,7.516763,9.7143
457926009,222.27357,6.251511,9.6844
457926080,222.33435,6.595738,9.1093
323166850,239.16579,7.6386995,9.9799
460463038,240.94347,7.8049154,9.918
460463471,240.88187,6.5471973,9.6982
366405417,225.70482,7.911873,7.9584
350148204,235.72757,6.926665,7.5813
350148277,235.7379,6.7175875,7.8055
318495646,240.5399,7.2249446,8.45852
460463567,240.94753,6.336871,9.16425
323246991,241.1246,6.200596,8.00424
368943884,230.85837,6.274121,9.30699
368943956,230.95491,6.051831,9.21691
392981175,231.80676,6.726747,9.52944
350147881,235.67833,7.8890576,8.9472
323200098,241.06609,7.374228,7.77109
366585764,231.53615,6.8192306,9.3722
421843686,217.95723,6.6931844,8.3726
349670431,219.89626,7.4074135,7.7951
420810042,220.99834,7.3707776,9.76445
451437895,221.13004,6.375585,8.65879
392981410,231.81126,7.4629383,9.9264
421813782,216.95796,6.3363266,9.8976
337257631,238.82863,6.636755,8.3239
461328498,230.66957,6.006987,9.3722
337282444,238.9114,7.713994,9.7849
457920911,218.3561,6.285752,7.1836
366402134,221.771,7.453943,9.51219
291032807,241.97627,7.4606857,9.44582
296741996,236.72833,7.8821635,9.49071
457921227,218.46872,7.1803417,9.9972
462210540,240.98967,6.0446963,9.86838
368896413,225.2619,7.4046683,9.9203
291032609,241.9608,6.992142,9.71167
296741738,236.80177,7.2345285,9.94023
402184380,216.94518,6.0232053,8.9062
368896934,225.3476,6.641581,8.6309
318563490,240.8003,6.1942167,9.7361
366572586,230.42421,7.645362,9.98846
392988126,232.20683,7.8505497,9.902
449159911,223.02826,6.5193605,9.3127
291036739,242.14217,7.720388,9.99338
368916596,230.73807,6.975189,9.6901
296838566,237.31229,7.333729,9.3488
393128501,234.12639,6.834391,8.4097
393128620,234.12802,6.4174685,8.5929
349639159,219.57071,7.5445514,8.63928
368970120,231.02977,6.1875143,9.63522
366479457,226.5555,6.348254,9.94619
296856645,236.08757,6.1575704,8.2936
323110900,229.12842,6.6968007,9.152
420799169,220.24426,7.9828424,8.86536
366441455,226.4038,6.3878884,9.9487
420805539,220.5167,6.2253604,7.4971
318469451,240.19232,7.612698,8.0438
296838191,237.28294,6.4257064,9.4211
296838347,237.27892,6.803925,8.9923
393115249,233.73143,7.540247,8.9368
393128553,234.0886,6.625992,9.3163
350254798,234.33682,7.5914063,9.75521
366441068,226.31023,6.5654063,9.6789
296857267,236.20482,7.487538,9.8697
392981510,231.79938,7.7835073,9.9404
323110771,229.11905,7.044926,9.3327
323109055,228.87111,7.207549,9.8667
323137663,234.42976,6.8017426,9.8738
315773474,225.8646,6.3787804,7.9284
402370198,224.06712,6.159153,7.48164
315773314,225.85173,7.0602446,8.6251
349607289,219.0112,7.1178145,9.27589
366363642,221.58025,6.546279,7.394
461394428,241.66408,7.166136,9.5921
461394600,241.61505,6.8142376,9.735
460460006,236.52466,6.2539964,9.3434
460460166,236.58324,6.7436104,9.8552
349761078,224.541,7.842851,9.0504
443748162,228.50737,6.853672,8.3391
368882656,225.1534,7.180092,8.5291
368894128,225.0778,7.648286,5.7444
460431163,234.66553,6.239932,6.8957
318451668,240.05988,6.813587,7.51235
296837594,237.1245,7.168388,8.5795
296837752,237.11197,6.79653,8.0349
446191311,237.88481,6.9646,9.9654
446191507,237.84253,6.44012,9.443
392989099,232.25232,7.7821937,9.4096
449158545,219.4414,7.7552147,9.4433
318451725,240.05916,6.6635113,9.4124
318451875,240.11198,6.291364,9.9414
446182902,237.43259,6.2757425,9.6421
392988310,232.1018,7.213892,9.9253
460456447,235.10872,6.3681965,8.1259
366548267,229.8688,6.1082935,9.62171
318472932,240.36635,6.3369293,9.56697
296837428,237.10277,7.593884,9.9529
446450025,218.94858,7.016715,8.47989
272967018,239.57,6.089478,8.4129
270963947,221.20053,7.7011023,7.07014
293683308,224.8122,7.1332765,8.6641
349671097,222.58289,7.4850326,8.1359
272519979,236.55716,6.111162,6.0379
293685974,224.97963,6.953017,8.99722
293686094,225.03406,6.49668,9.5944
281101376,228.97319,6.464838,5.32375
281101432,228.93866,6.1522117,9.4763
296777466,236.85307,7.4038906,7.8246
296777624,236.87148,7.0297375,9.2218
315420672,238.53362,7.1001897,9.4257
281101187,228.99706,7.166027,9.2469
449900045,226.84389,6.901734,9.3598
449900085,226.79642,7.04262,9.3417
315420557,238.5415,7.416187,9.0822
281101100,228.93953,7.5978017,9.3186
366586111,231.56273,7.8728237,9.9809
349610005,219.27025,7.3318853,8.68502
315773138,225.7901,7.675267,9.87077
349610175,219.20059,6.6476135,9.71537
366585716,231.56133,6.700015,9.8693
366404745,222.45274,6.8163047,9.1288
393100431,233.5998,6.5920644,9.2307
323251754,241.4113,6.77478,9.4343
293685982,224.9947,6.935433,9.16038
293686015,225.01804,6.8070264,8.89276
393100894,233.77795,7.0051813,8.60395
296777572,236.86801,7.1699653,9.33709
323251063,241.30402,7.0275545,9.6991
366404655,222.46144,7.236021,8.49893
421843519,217.78128,6.1525645,8.6448
420805324,220.48721,7.244387,9.1896
449907776,227.34639,7.940924,7.9185
421843659,217.94945,6.6079984,9.2021
349607481,219.01938,6.355512,9.087
349607599,219.13309,6.3175316,9.826
420805352,220.42226,7.111452,8.8374
449906883,227.14613,6.8741364,9.7806
392988699,232.22269,6.40845,9.9558
366551388,230.11911,6.8673606,9.9
349607991,219.07628,7.8600073,9.2761
420805161,220.52776,7.953989,8.9609
420805693,220.57388,6.6851397,9.6086
368896600,225.20963,6.756882,9.49082
421813634,216.81587,6.341102,8.92254
421813832,216.91183,6.514284,9.852
421813910,216.97978,6.9516354,8.67716
337257929,238.88689,7.509595,9.09089
461390500,239.90746,6.712828,8.97729
366572065,230.32484,6.2736163,9.688
368882230,224.73062,6.604849,7.6704
296856096,235.99544,7.605368,8.278
443721196,228.04079,6.6360397,9.05585
393016037,232.46185,6.343424,8.87564
323110499,229.07025,7.8649597,9.77158
318452184,240.14781,6.678937,9.68385
347589260,235.87572,6.754214,9.89923
461373527,236.35487,7.1746025,9.43891
270963946,221.20244,7.70103,8.13413
421852016,220.01596,7.3413644,6.14462
349673728,222.81682,6.2546535,9.6802
449158710,219.5447,6.899295,7.9327
366437189,226.18422,7.5689883,8.6449
366437193,226.20569,7.5888453,9.453
449899661,226.62473,6.502747,9.2694
443721977,228.08925,7.937182,8.5225
457921321,218.58775,7.539163,6.9265
366440710,226.2985,7.3962154,9.7262
366441324,226.46663,6.1173563,8.063
349684377,222.95122,7.602467,8.6995
349684494,222.92456,7.116043,9.8626
457921345,218.53531,7.6231103,8.7178
443721466,228.19064,6.293134,8.957
366548368,229.93929,6.36028,9.5051
457921329,218.50198,7.554558,8.2293
457921325,218.58072,7.549679,9.9982
443725192,228.43013,7.688528,8.99722
421843258,217.7663,7.26395,8.20837
349715381,223.80219,7.4153957,9.45564
420805756,220.58731,7.003875,9.52671
461394171,241.66107,7.823173,9.37761
420805886,220.59067,7.6673155,9.5997
366363375,221.40381,6.8664975,8.7471
461394860,241.60785,6.194184,9.2911
402369886,224.12413,7.685717,7.59933
392988281,232.18806,7.321728,9.30666
349639681,219.73395,6.7004924,9.62991
349639981,219.7004,7.9112105,8.7593
366363694,221.56703,6.7856965,8.31942
461394462,241.61499,7.0832925,9.5026
402369952,224.10867,7.3397503,9.60827
393128307,234.0636,7.412163,8.60084
350254779,234.36832,7.5276804,8.78934
323137903,234.51588,7.4222193,7.96962
366440785,226.35861,7.2987247,9.14322
393128357,234.11923,7.2207203,8.3322
393128414,234.0644,7.0809693,9.68189
296857102,236.15852,7.0995398,8.84665
449899705,226.74146,6.365154,8.61343
349670920,222.58733,6.81493,8.1682
371264354,231.87192,6.086214,9.05083
366436972,226.25516,6.70615,9.6191
366437241,226.13962,7.801952,9.04463
323130541,231.97849,7.071839,9.59657
368894085,225.1533,7.4888296,9.2665
420807677,220.717,7.398999,9.05458
349760864,224.54532,6.90496,7.4478
368894151,225.09526,7.7355013,7.3607
349761033,224.43839,7.6639247,8.13085
318452232,240.24712,6.8288693,9.46766
446183655,237.54848,7.816776,9.58705
323287212,241.53337,7.3652616,9.6754
393053618,232.98686,6.7982564,9.36596
460431130,234.67163,6.161037,9.86439
461374042,236.36783,6.321608,9.16757
457925570,222.14833,7.7310457,9.63749
461374572,236.38902,7.9298263,8.27554
461373405,236.28006,7.5029826,7.9544
457923210,218.59811,7.222869,9.69783
443718676,227.91875,7.6323137,9.23517
461373256,236.26395,7.902567,8.88384
461373401,236.29861,7.5143166,8.666
366441203,226.3052,6.289914,7.5916
349684347,222.8913,7.745745,8.9258
443721598,228.19914,6.8018193,8.4548
457923155,218.6677,7.5714884,9.64159
443715107,227.6504,6.719199,9.78804
1100298261,226.88669,9.225064,6.917
1000021901,219.0619,8.410314,9.8726
1000021902,219.06142,8.410062,9.499
1100390949,221.56493,9.646742,7.1138
1100390951,221.56541,9.646779,7.7661
1100212768,231.60399,8.364023,9.6165
1100212769,231.60399,8.3645,9.5635
1204517383,242.04498,8.117824,9.3896
291033144,242.04498,8.117824,9.3896
449902390,226.88669,9.225064,6.917
349607004,219.06142,8.410062,9.499
366586247,231.60399,8.3645,9.5635
366400689,221.56493,9.646742,7.1138
393055862,233.08975,9.593863,9.837
392983559,231.9483,8.424709,9.976
368992016,231.25948,9.728881,8.7606
460453368,234.94873,8.368666,9.941
296740326,236.6636,8.369841,7.6542
296739287,236.68092,9.786284,6.91273
457920428,218.42406,8.322085,7.8854
368967912,230.90315,9.720903,9.4533
323250650,241.29546,8.106036,9.69472
266059505,241.8236,9.931241,6.7474
443723747,228.27435,9.231729,9.5829
318494686,240.5345,9.826296,9.2134
460459203,235.32018,8.576877,8.6937
443723653,228.26367,9.578096,7.50063
443723922,228.20496,8.576052,8.6365
443723875,228.30975,8.720381,8.80475
421862824,223.55963,8.374071,9.3057
323164966,239.05887,9.6440525,8.9796
323165527,239.10794,8.134395,9.64343
393097859,233.43875,8.149868,8.9365
460458997,235.26848,9.302502,6.61158
323164868,239.13118,9.973249,9.7313
366624955,231.62961,8.630088,9.6858
457920253,218.34778,9.189495,9.7674
460462326,240.86469,9.996602,9.34
286115370,238.69713,8.270071,9.8413
446194877,238.156,9.496076,9.2126
368944979,230.93129,9.652996,9.1976
366402911,222.04904,8.365586,9.6057
366403138,222.0414,9.49001,8.6869
446194938,238.10164,9.317841,8.7631
366402996,222.08664,8.7785425,8.9713
349758390,224.24326,8.408565,9.9618
349611204,219.38303,9.824406,7.7694
368944973,230.9969,9.623446,9.35005
366402919,222.00189,8.433715,9.3722
286115275,238.70699,8.584678,6.59
443715929,227.6757,9.64424,6.9222
323165459,239.05399,8.31911,9.1923
421863085,223.54663,9.515055,9.48807
318471875,240.30014,9.306694,9.8821
318562385,240.76862,8.914458,9.7421
461391009,239.92107,8.02272,9.16726
318471881,240.34348,9.276031,7.82319
368912564,225.4608,8.683953,8.5159
350318839,234.3949,9.608072,9.5557
368912704,225.44406,8.264331,9.9745
393127699,234.12471,9.682883,9.9683
368912611,225.44626,8.51671,9.9278
366492543,229.33711,9.379713,8.2466
393127824,234.15439,9.1976595,9.5606
421862977,223.49089,9.058704,8.7762
393127806,234.14987,9.245932,9.00807
461389450,239.78207,8.100402,8.2536
318497515,240.71892,9.834409,8.9456
368971247,231.15013,9.928732,8.73907
446452744,221.94893,8.958715,9.5426
291033840,241.99736,9.617199,9.609
318497548,240.64462,9.93141,9.7167
337256789,238.63155,9.777264,9.3485
446183806,237.51889,8.218186,8.84423
337256394,238.60275,8.552892,9.6691
368971131,231.12476,9.475584,7.5549
349770730,224.57999,8.5458765,8.4826
349770827,224.65442,8.181396,9.6105
349770866,224.61497,8.002659,9.5627
457924227,218.78796,9.61636,8.3155
323176379,239.63454,8.90595,7.4773
318497152,240.65578,8.846922,6.6911
337256628,238.61636,9.3138895,7.31938
318497408,240.704,9.5653925,9.24117
457919012,218.26323,8.881539,9.6645
457920248,218.37958,9.207463,8.7041
457920223,218.39542,9.334377,7.9744
446182126,237.3807,8.428602,9.1568
457920429,218.38574,8.316068,9.64613
446181625,237.43839,9.9142,8.60362
366624728,231.71324,9.346478,9.7789
296778801,236.96977,8.130622,9.8773
366508518,229.6336,9.102705,9.425
366508651,229.63661,8.560353,7.4958
366508600,229.60664,8.763516,8.8137
337222674,238.28311,8.359529,8.2466
366495764,229.56197,9.811496,8.4381
286115091,238.68475,9.250137,7.4538
349758408,224.1908,8.465716,9.0524
368913875,225.6015,8.463397,9.18018
368914233,225.61305,9.869869,9.7215
446195232,238.08253,8.550294,9.51598
349609528,219.20644,9.297899,9.72151
446195182,238.07497,8.693159,8.50497
366572867,230.40732,8.44985,8.1608
392987904,232.14963,8.579357,9.5542
460454244,234.91682,9.984605,8.7161
393143332,235.57524,9.3727865,9.1393
460462340,240.95135,9.952083,8.9907
393143352,235.52066,9.30832,9.8325
318450861,240.09563,9.089117,7.5888
393143155,235.59271,9.975129,7.6567
460462623,240.95549,9.057028,8.6068
393127865,234.12378,9.091163,9.96173
366405850,225.70514,9.609893,9.80355
393127805,234.14767,9.248471,9.8716
368912445,225.50812,9.187385,7.7336
461391170,239.98634,8.417442,9.18869
349686797,223.23433,9.440186,9.9183
349686843,223.28188,9.20314,9.9109
349686798,223.31453,9.434484,8.2914
315420044,238.43524,8.96692,9.5794
270965412,221.28934,8.916986,9.4355
393056205,233.11627,8.472291,8.9521
293685637,225.00754,8.226591,8.18793
349686695,223.27081,9.88395,9.4369
393056049,233.07956,8.980537,8.53877
393056171,233.11484,8.54522,7.0615
315419807,238.45901,9.775143,8.91246
449904579,227.10727,9.605105,8.8977
323199071,241.00891,9.994733,5.8608
318497505,240.6984,9.818264,8.8259
446192910,238.00536,9.29925,8.919
393117513,233.91794,8.0297365,9.8728
366405815,225.72801,9.502857,6.817
349770512,224.62953,9.497888,7.4105
337256401,238.66782,8.580338,6.1153
368971210,231.23013,9.756729,9.16683
457924114,218.76567,9.113715,8.59748
368942983,230.77335,9.2429905,9.16695
337283047,238.84521,9.6212635,8.61971
337256739,238.56468,9.624687,9.6653
368971212,231.19487,9.767477,9.8792
457923876,218.8075,8.020388,9.98553
446451437,220.16325,9.530334,9.4118
461388955,239.883,9.359552,9.2829
461389339,239.8871,8.386005,9.1197
392981892,231.79422,9.1127205,8.3377
461389129,239.83475,8.914197,8.1442
461389401,239.87202,8.242537,9.8362
318474254,240.47252,9.2916565,8.57
318493179,240.494,9.908886,8.464
461374808,236.3681,8.653229,6.92161
402364524,223.94597,8.316434,9.8659
264584697,238.9503,8.567468,9.5963
446192963,238.02806,9.458073,9.0211
349713598,223.39877,9.03655,8.86524
349761171,224.45058,8.2596245,9.2107
349761172,224.44368,8.259675,8.3508
291068736,242.35774,9.098206,9.78092
291036340,242.15213,8.6131735,3.62079
392989676,232.29553,9.961015,9.05126
318451021,240.02577,8.618578,8.7708
393143367,235.5914,9.263184,9.3779
460462402,240.93846,9.738877,9.28289
460462893,240.9604,8.229825,7.55204
323283992,241.40808,8.09625,6.20741
393143252,235.56613,9.650841,7.31002
460453545,234.96654,8.526769,7.8773
460454006,234.91869,9.127517,7.6645
392987799,232.16812,8.922571,9.7975
392987853,232.21933,8.730957,9.76611
318450742,240.05406,9.384942,9.7726
366477474,226.473,9.537338,8.3761
318495098,240.59714,8.61091,8.7634
350147524,235.66907,9.01365,7.7919
323199398,241.05779,9.111258,8.31488
323199815,241.047,8.137575,6.6131
323199307,241.01874,9.360483,9.9643
393129442,235.49474,8.298969,8.9951
318494757,240.60088,9.603376,9.0883
323199241,241.06746,9.523552,9.7041
323284603,241.37793,9.5941,9.6995
366477267,226.44312,8.820734,9.9423
446186586,237.5878,8.017784,8.7413
323286571,241.58215,9.004412,8.9235
371124427,220.41145,8.161761,4.01188
460432041,234.693,9.236219,7.7485
371124463,220.38516,8.286383,8.9304
393016869,232.5769,8.539773,8.48579
393016929,232.55428,8.80185,8.4395
393117208,233.83754,9.135112,7.0811
323129688,232.04318,9.764466,9.0699
393017019,232.57794,9.1742325,8.4608
393115531,233.69444,8.451135,9.3175
393117423,233.8108,8.300384,9.2515
393117463,233.9007,8.179925,9.5126
460430239,234.63339,8.93096,7.7522
393017137,232.49887,9.575484,9.7683
460430327,234.63278,8.624688,9.7961
366549412,229.98741,9.903887,9.5683
393115912,233.7923,9.84096,9.9796
460432042,234.66025,9.239474,9.7718
460432081,234.67635,9.382197,9.7032
443723984,228.30693,8.331912,9.6284
366584781,231.44739,8.409192,8.129
449900756,226.76218,9.236464,8.2714
449900696,226.83029,8.95849,5.4421
449900782,226.74666,9.334282,9.41467
393050835,232.8079,8.573106,9.147
460433386,234.85576,9.958701,7.3765
460433658,234.8954,8.997292,7.4153
420807264,220.66939,9.303933,9.70678
393056334,233.16695,8.002106,9.98317
393129477,235.47147,8.4290905,9.7665
293685570,224.97197,8.478345,7.3424
420807546,220.72957,8.076171,7.04937
420807547,220.72858,8.075315,9.67029
270965448,221.38068,8.750394,9.33726
393056160,233.1145,8.577036,7.71971
449902497,226.94376,8.879781,7.6779
366624925,231.69878,8.724391,9.01269
449902282,226.87967,9.625245,9.96633
393085398,233.4344,9.093825,9.7812
366508603,229.61253,8.756529,8.86297
393085338,233.41766,9.353463,7.38584
266059018,241.83075,8.512686,8.85702
393085380,233.38474,9.16384,9.68672
449902389,226.88727,9.226034,6.7448
366418881,225.99155,9.91133,9.50091
277549092,242.2438,8.714889,8.94721
349568463,217.98747,8.230747,9.5135
366418856,225.93153,9.810186,9.2255
349638909,219.67636,8.567496,9.9603
449904190,227.03658,8.338162,8.0344
382657162,235.75511,8.179473,8.5679
420808608,220.85233,9.252483,9.7814
393054445,232.97824,9.66088,8.1112
420808573,220.86435,9.070855,8.39726
451437481,221.09663,8.136614,9.3741
446451562,220.15962,8.978044,6.69131
393083688,233.25531,8.748853,9.0172
393083969,233.28075,9.667145,8.5875
347589781,235.89674,8.620542,7.325
347589969,235.8799,9.212833,8.9049
382657473,235.84677,9.21345,8.7384
392982044,231.82526,9.700083,7.4124
296855874,236.04726,8.141352,6.144
393098040,233.53947,8.791423,9.74592
323284254,241.45369,8.727303,8.9173
451437077,221.11998,9.959855,8.38599
402364617,223.98088,8.792525,9.3366
451437291,221.12656,8.942178,9.3353
451437427,221.1326,8.336629,9.1991
349713499,223.42915,8.595871,8.89217
264584870,238.9358,8.165859,9.57425
291068475,242.44199,9.671878,9.70658
460455775,235.03922,8.508237,9.9393
318472028,240.35664,8.859999,7.1938
318472049,240.36401,8.802511,9.7894
318472139,240.34792,8.517436,9.8399
460464991,242.64635,9.745501,8.9371
323247918,241.12837,8.504248,9.3262
281185896,242.88307,9.931809,9.76
366584501,231.38686,9.307008,9.939
460455687,235.08812,8.812772,9.71674
318474122,240.401,8.912814,6.9428
446188124,237.74556,8.423256,9.35578
460431944,234.75519,8.909986,8.90485
323284727,241.46774,9.935956,6.93217
349758441,224.20186,8.599231,7.9012
350147363,235.67848,9.519368,8.32373
347595419,239.47656,9.951441,8.45687
318494754,240.59026,9.609029,9.55582
318495173,240.58401,8.437465,9.37711
323284732,241.41972,9.948755,8.86516
350147657,235.62999,8.551898,9.22003
366418440,225.99751,8.188089,9.998
457924278,218.73022,9.886536,7.38227
392981712,231.80435,8.48973,8.1229
443718923,227.89319,8.517058,7.47315
457923901,218.81152,8.114967,8.8981
461388895,239.77187,9.513297,9.19141
318474025,240.45166,8.67136,9.41874
318474070,240.43971,8.757642,9.396
461389066,239.84895,9.075408,9.82687
368969290,231.07484,9.087473,6.72615
368969445,231.07404,8.4730015,8.6771
368969480,231.10541,8.344368,9.8521
349609539,219.24742,9.241103,7.5143
366586288,231.5213,8.527022,7.56084
368969442,231.0827,8.481575,6.34417
366420006,226.09401,9.2754345,9.4249
349685498,223.18147,8.973743,9.3339
349685546,223.16226,9.209524,6.697
520624376,233.91777,8.02984,9.9535
420804876,220.43593,9.527491,7.5089
368881737,224.67813,8.474905,7.877
449898933,226.62389,8.538159,9.8588
277549502,242.26863,9.63785,8.4272
366437430,226.23247,8.559655,7.1508
449898636,226.72491,9.567317,9.1434
354747379,239.30408,8.357718,8.2255
337282942,238.83997,9.22343,6.00025
368896003,225.24564,8.880737,9.9487
446450395,218.92691,9.104227,7.7438
318450607,240.0496,9.813039,8.9331
318451243,240.11188,8.011057,7.9783
368971019,231.1354,9.118054,9.5352
393015176,232.35928,9.38255,9.7358
270964299,221.17581,9.356879,7.0342
318450615,240.05193,9.793476,9.8041
323108814,228.85747,8.046235,9.3842
337282612,238.8141,8.2244005,8.0117
323108701,228.9126,8.415846,8.3796
446450222,218.83319,8.217517,9.9605
402369638,224.08728,8.901569,7.31056
366363090,221.40068,8.159678,6.0899
460460978,236.53517,9.479513,8.4547
323247836,241.20639,8.292029,7.6597
323250386,241.34482,8.776104,7.9323
366400550,221.5914,8.967421,9.9921
323250421,241.24307,8.671497,9.7704
349606738,219.04712,9.598296,8.7029
449910106,227.3694,8.593448,7.996
402363298,223.84972,9.532079,9.76028
366480488,228.64981,9.503262,9.715
323197045,239.72751,8.565509,8.2541
382657355,235.80197,8.831182,8.8246
368969125,231.05643,9.714879,8.94928
349640326,219.68594,9.395449,9.57932
446451383,220.05492,9.786119,9.07858
382657100,235.77928,8.047815,8.1956
420808659,220.8337,9.491256,9.96824
420808660,220.86127,9.493679,9.73619
393083944,233.21059,9.574508,9.77625
318471965,240.28027,9.066729,9.99021
366401985,221.77226,8.208674,6.9506
291033363,242.04059,8.59412,9.992
291035755,242.12044,9.915602,8.8277
296774780,236.76143,9.474789,8.6651
366401596,221.83438,9.963379,9.2685
291036452,242.19518,8.390719,9.5114
323286289,241.52985,9.731345,9.8445
449159473,222.98257,8.825323,6.721
443720365,227.97534,9.776896,6.50786
368896096,225.1948,8.585685,7.8542
368911074,225.28445,9.060823,8.5839
318562554,240.8582,8.498085,9.8176
449158290,219.45317,9.049799,8.5819
366511750,229.83336,9.977002,9.4562
449158311,219.4994,8.922648,7.2716
366437348,226.13815,8.1772785,8.1098
449900851,226.82199,9.548474,9.6624
349760102,224.3879,8.572899,9.1311
366404366,222.47993,8.4598465,8.5762
393052614,232.83386,8.608878,8.1923
323250281,241.25012,9.078346,9.5823
315418070,238.34851,8.78952,9.6096
315418394,238.36772,9.665197,9.575
349638997,219.61618,8.192216,9.3191
393052283,232.92622,9.793294,9.3901
393115777,233.74539,9.395678,9.3894
350255147,234.34018,8.735456,7.69466
296857521,236.1319,8.114147,6.51372
296857827,236.12476,8.84906,7.6707
366586494,231.55443,9.188394,8.6654
366586662,231.57759,9.675271,9.45521
350253324,234.25949,8.865708,7.8741
443722372,228.09145,9.473564,9.9423
393050989,232.775,9.125266,9.12424
443724064,228.28154,8.037433,8.62
368881592,224.73439,9.020943,7.9971
449900933,226.86497,9.828471,9.0287
449156293,217.53493,8.353191,6.91705
349715073,223.71875,8.643343,9.7805
323138736,234.4499,9.920128,9.7535
350254997,234.29977,8.262729,9.718
446450191,218.89401,8.016045,8.6788
393015209,232.41399,9.219357,8.75102
270964240,221.15724,9.070615,8.2633
349672867,222.61305,9.408512,8.60652
266059368,241.79727,9.521109,9.30573
347589654,235.98555,8.202033,8.8838
296839493,237.31874,9.61178,8.0268
323110166,229.09885,9.027544,9.38148
420798895,220.23788,9.354793,7.92415
296838938,237.28249,8.330972,7.9739
296839119,237.26093,8.749902,9.4341
296838840,237.22867,8.095469,8.8587
420804841,220.46457,9.735049,9.3319
349640424,219.7295,9.822981,9.03877
349669972,219.91658,9.228467,9.8995
366572819,230.437,8.320968,9.9035
277549382,242.31776,9.352096,9.46809
315419993,238.5428,9.124907,9.387
393099592,233.60266,9.44293,8.5162
291036393,242.11699,8.53431,3.41568
293685328,225.02345,9.335321,9.5184
293685455,225.00574,8.907878,9.1306
293685517,224.97092,8.674572,9.5727
393099474,233.59846,9.862303,8.3703
323176048,239.52888,9.823821,9.3154
286115169,238.72818,9.01685,8.8679
315419786,238.5034,9.836197,9.8411
449158273,219.48714,9.157249,8.8971
296836750,237.18015,9.258428,9.3945
392989512,232.31696,9.3261385,9.26142
368894340,225.05252,8.531521,9.3026
393054095,233.02486,8.403363,7.905
393055806,233.14139,9.787186,6.8016
393055943,233.15392,9.320142,9.0563
446184165,237.49617,9.111344,8.79321
446184448,237.57246,9.875578,8.5135
368894557,225.04591,9.247018,9.9077
366494193,229.53384,8.321613,9.3841
449157356,217.71089,9.470701,9.2425
449907888,227.2977,8.356131,8.0577
449908138,227.24709,9.041127,9.9004
449908383,227.29066,9.811497,9.6369
318469641,240.18509,8.14115,8.8135
296836755,237.12459,9.248254,9.1766
296839218,237.22664,8.914336,9.5292
296839288,237.25124,9.053673,8.406
368969338,231.11804,8.893785,9.14468
349685358,223.17,8.480644,7.61599
349609756,219.26216,8.384974,9.8931
368969505,231.0901,8.25728,9.34621
393166986,241.91426,8.37449,9.62247
281101019,229.00134,8.053647,9.444
393099588,233.6481,9.458613,9.901
1100392741,220.43594,9.527552,7.5134
368944769,231.00046,8.90584,5.94999
449906438,227.22581,8.279741,8.9978
349674465,222.82712,9.075651,9.7606
368894495,225.15158,9.038178,8.3476
449158379,219.51965,8.587714,9.9069
393055886,233.10303,9.517073,9.7847
460431996,234.7239,9.065668,9.1996
368941552,230.73021,9.23479,9.1137
446183917,237.45786,8.493497,9.4127
366510357,229.75182,8.900303,9.1506
349674634,222.75807,9.7221575,8.5364
393099461,233.64542,9.938555,9.78064
286115248,238.75606,8.668543,9.46898
349715081,223.72534,8.62072,9.13465
421842907,217.84277,8.886007,7.345
421844096,217.90752,8.612463,6.7777
420805968,220.56042,8.09555,8.44746
393167231,241.95395,9.102017,8.9568
443725349,228.33084,8.245168,6.8934
421844026,217.92374,8.302,7.34
420806158,220.54523,9.064954,8.1353
393166929,241.87938,8.213359,9.9743
393167280,241.94698,9.255458,9.8433
323284305,241.44862,8.849625,9.35993
315419901,238.47394,9.434169,9.13301
315420123,238.49626,8.733549,9.51008
421850233,218.14543,9.409059,9.79625
349607072,219.01744,8.159038,9.8618
421843033,217.7976,8.331267,9.1876
420806319,220.60144,9.796015,9.5201
421842756,217.81168,9.604063,9.7784
349714736,223.72285,9.943481,9.48024
354747173,239.3322,8.960461,8.77752
461393935,241.67169,8.388383,9.92287
366511793,229.90875,9.855112,9.10468
366439440,226.3112,9.978727,9.6157
366511934,229.90504,9.346541,9.5096
443722504,228.17345,9.843809,9.00255
366511889,229.90591,9.526959,9.58068
291033639,241.98482,9.184306,8.8301
323138336,234.48138,8.733443,9.1397
366437716,226.2038,9.757946,9.99139
368895936,225.22464,9.135035,9.91443
449159597,223.00179,8.221762,8.76402
449159417,223.04332,9.0995035,9.1744
337222277,238.2475,9.700009,9.99481
461393550,241.6003,9.285339,8.73775
461393535,241.6218,9.317343,9.287
460455567,235.06908,9.247977,9.1744
402364698,223.95241,9.153345,8.6988
402364843,224.05214,9.823044,8.59624
366584701,231.40886,8.666251,9.60198
460455413,235.0575,9.796721,9.58941
349606708,219.00233,9.746515,6.57
349640274,219.69273,9.171699,9.5404
402369641,224.06976,8.881897,9.025
402369820,224.17049,8.017626,8.98426
457926486,222.30675,8.399263,9.05061
460461067,236.56241,9.818007,9.0309
323248364,241.20566,9.644991,7.62695
402369703,224.18225,8.585658,9.9153
366401751,221.83234,9.291669,9.36052
366401924,221.81448,8.510835,8.84218
291035740,242.10664,9.962669,8.7289
281183826,242.73996,9.726771,9.01898
296774977,236.75508,9.950556,9.8926
393167465,241.90642,9.891741,5.4541
392983167,231.8961,9.88739,8.451
421842991,217.77338,8.517502,9.69373
421842965,217.74774,8.620403,9.93555
421844347,217.91246,9.794843,9.8411
393052696,232.93756,8.285988,9.95339
393050837,232.73097,8.579091,6.2054
315418362,238.37741,9.566298,9.2698
349638528,219.57771,9.971202,9.72085
349760123,224.35063,8.515274,9.40381
393050801,232.82135,8.446092,9.057
323109937,229.10591,9.930927,8.10454
323109958,229.17249,9.846033,8.4377
349684266,222.95755,8.060932,9.0622
443722146,228.10002,8.601037,8.6221
443722278,228.11667,9.15827,8.4133
349675689,222.94762,9.6421175,8.4513
349675908,222.88264,8.764168,9.214
349674635,222.75964,9.723669,6.8538
421852929,220.04112,9.8815775,8.18942
368944713,230.89949,8.712683,9.1255
443747502,228.56326,9.109563,9.752
457921490,218.47017,8.3117285,9.1739
457921830,218.5775,9.819116,7.8465
350253044,234.19844,9.906328,9.87546
349758561,224.27158,8.989076,9.31774
296857833,236.13626,8.8612,9.19702
366586431,231.54843,8.9813,9.6115
368894751,225.08546,9.938581,9.0206
446183758,237.55412,8.073951,9.4072
446190669,237.88855,8.61352,9.73159
446190849,237.8982,8.1184635,9.2768
368894360,225.14581,8.600175,6.6119
446190419,237.87445,9.232606,8.6834
323286735,241.54288,8.595715,7.8117
368894659,225.13445,9.637373,9.36579
368894679,225.12381,9.7009325,9.62132
449907984,227.30641,8.618988,9.68994
449908182,227.25847,9.173362,8.66442
393054442,232.97522,9.657435,9.30978
446184260,237.57272,9.344138,9.51756
446190138,237.85991,9.973609,8.26689
446190875,237.87134,8.056879,9.92999
393054378,232.97398,9.387719,9.9943
318470124,240.22943,9.485879,9.93292
349761404,224.48027,9.076155,9.79774
457921616,218.49193,8.937991,9.1739
264584386,239.01732,9.492752,9.3301
443715490,227.7164,8.05346,9.14972
443722096,228.1054,8.429703,8.43789
323109998,229.14922,9.71298,6.40961
443715697,227.69621,8.79413,9.71438
1100426986,226.91934,11.971015,9.792
1100426985,226.91988,11.970811,9.44186
1100422319,225.34113,11.596957,9.6631
1100423918,226.27533,11.177906,9.1674
1100264661,233.70058,10.538895,3.8857
1100264662,233.70073,10.537757,4.9582
1100396684,222.30615,10.213651,7.6171
323285951,241.4728,10.685207,7.4885
1204655796,241.4728,10.685207,7.4885
457926847,222.30615,10.213651,7.6171
449901603,226.91988,11.970811,9.44186
366438840,226.27533,11.177906,9.1674
393116102,233.70058,10.538895,3.8857
368911727,225.34113,11.596957,9.6631
368991259,231.29152,11.185659,9.43918
368991528,231.33008,10.643148,7.59863
3992998,218.96516,11.998592,8.681
368990349,231.2051,10.992828,6.7457
296738560,236.64955,10.793697,9.8242
296738578,236.62807,10.758456,9.57008
296738171,236.66608,11.331977,9.03667
421853270,219.9937,10.828594,9.4382
421853837,221.64174,11.802916,9.20944
421853151,220.0217,10.511258,8.6144
281259262,243.03935,10.607247,8.0567
281260270,242.96062,11.757333,8.0408
524026284,227.90953,10.124927,8.4487
337283230,238.81586,10.190953,9.5103
281185289,242.89014,11.218517,9.3232
296839859,237.28888,10.61312,9.9337
296839791,237.27339,10.416196,9.6735
366587064,231.49554,10.984798,9.3321
460457877,235.17934,10.630134,9.3043
296839692,237.3131,10.155063,7.8592
446453716,223.68242,10.52364,7.49005
323164762,239.0504,10.297393,6.25832
323164821,239.13885,10.120992,7.241
393127344,234.1646,10.97966,9.4184
368914790,230.5431,11.7340555,9.1903
460461873,240.91504,11.433572,6.0159
443719349,227.90971,10.125071,8.4165
350319040,234.36566,10.323432,9.412
366405959,225.73343,10.051829,9.2245
350319236,234.37894,11.0086975,9.0696
393127616,234.12323,10.010155,4.4536
368912026,225.52335,11.154814,6.7836
393126927,233.97235,11.265661,5.03291
393126931,233.92392,11.2693205,8.96888
350319280,234.39182,11.151167,6.61807
393127493,234.09651,10.442449,9.7728
4026621,227.95393,11.96766,9.91688
368914358,225.63364,10.3969145,7.9955
286114668,238.68402,10.587437,8.0166
368912110,225.49857,10.796009,8.9455
350319090,234.3533,10.484528,9.65124
368968021,230.96637,10.126805,9.6259
368968040,230.97537,10.20144,9.9958
286114442,238.71378,11.285453,9.0732
286114289,238.73721,11.805096,7.8041
461392354,239.96898,11.674202,9.3808
461392593,241.59254,11.715108,7.8741
361512040,243.35808,11.418005,8.17771
349606440,218.95544,11.068371,7.38736
296839665,237.33392,10.08138,7.50079
421863520,223.54198,11.38368,9.50813
446453419,223.62392,11.897698,9.48401
460457733,235.26166,10.025836,9.5875
460458557,235.36546,11.029194,9.9676
446453664,223.60887,10.787623,9.79636
460457732,235.15721,10.020893,9.62251
421863344,223.46696,10.745624,9.07139
1100425278,226.38974,11.630938,8.5265
446453278,221.91092,11.357169,7.0486
446453053,221.90077,10.243937,9.4239
446453361,221.98294,11.814082,9.7485
291035346,242.09282,10.929034,9.5993
392982892,231.89777,10.954018,9.70849
446453149,221.91588,10.695992,8.523
421853997,221.74838,11.389143,9.265
291034392,242.0277,10.757426,8.42109
291072606,242.46225,11.255897,8.8361
296858359,236.19595,10.198922,9.966
284077317,228.973,11.903127,9.3504
323198600,240.99483,11.274658,9.3226
266059638,241.7966,10.32476,9.6709
157150015,242.5497,11.994538,9.7296
296835213,236.96793,10.613384,8.9945
449902048,226.94981,10.359428,8.9919
296858533,236.20126,10.643447,8.924
296858595,236.12758,10.824045,7.5763
296858827,236.15225,11.422063,6.5319
296835490,237.07927,11.371938,8.1607
443716565,227.75363,11.722723,9.9261
460457885,235.14162,10.658968,8.4072
281185189,242.88203,11.432863,8.5573
172749881,241.88857,11.920389,9.9782
457919790,218.44794,11.471611,9.7834
323129468,232.09692,10.493552,7.7421
446181312,237.44606,10.806818,8.37592
457924842,222.2096,11.293813,9.3572
457925012,222.12263,10.570947,9.584
291035515,242.17435,10.514085,9.085
392989703,232.23303,10.067195,9.927
323168131,239.2054,11.26909,9.0152
393142991,235.62074,10.601243,8.5905
296738269,236.6449,11.215677,9.45032
457924330,218.7414,10.143417,8.2882
368914565,225.6004,11.32696,8.12807
443719336,227.87831,10.06276,8.0768
393168047,241.89566,11.817684,9.9414
460455022,235.12918,11.255481,9.3079
368895488,225.16907,10.963748,9.8881
460433209,234.79254,10.578538,6.5901
446181129,237.39227,11.389668,9.951
366477989,226.3895,11.631496,8.4475
349611511,219.34387,11.028009,8.9636
366403526,222.004,11.442374,9.7305
349611514,219.34349,11.03527,9.9765
323167845,239.18631,10.453959,9.09791
461391915,239.99533,10.472952,9.6481
318471092,240.33203,11.595557,8.677
318561467,240.82771,11.602246,9.2265
318471096,240.33873,11.573407,6.356
318471401,240.36812,10.64032,9.1254
270964967,221.29556,11.168491,9.3493
270964992,221.27448,11.035428,8.3115
318565668,243.06375,10.918927,9.8265
270964902,221.27177,11.5723095,9.8487
270965071,221.33978,10.598998,6.02009
393142491,235.39948,11.478355,8.93246
393130060,235.49675,10.5702095,6.8572
443716430,227.63132,11.673609,5.0489
323168115,239.26178,11.2311945,9.38629
323168118,239.16566,11.235981,9.99469
460455002,235.03252,11.304587,9.57384
393143076,235.52902,10.298409,8.45217
393142887,235.52376,10.977425,7.6819
392984598,232.11046,10.425431,9.67272
291034336,242.06868,10.615692,8.4087
457924387,218.80687,10.433525,8.5418
337283209,238.8747,10.104827,8.6066
337283207,238.87886,10.10462,9.5375
337257063,238.56735,10.622122,9.66932
446453324,221.90585,11.587655,9.83486
418081416,229.42249,11.90838,9.4863
420808775,220.88452,10.102184,9.4703
420809438,221.02148,10.394485,9.7565
446451141,220.09105,11.017634,9.2758
318470450,240.23694,10.477062,8.8364
420808803,220.88763,10.25951,9.9827
318471215,240.2703,11.215623,7.9833
420808866,220.86942,10.577322,7.5106
393084573,233.2093,11.833742,8.8426
393084669,233.36319,11.774932,7.8515
350147106,235.68594,10.377945,9.0036
393084766,233.36177,11.477037,9.11399
172713520,241.36055,11.991349,8.2519
368991403,231.3129,10.916911,9.63234
366403594,222.1189,11.7610035,9.95679
443719372,227.94876,10.216576,6.86848
443719674,227.95802,11.47523,7.513
461388577,239.87526,10.48319,8.02373
461388514,239.88853,10.639371,9.30903
264583801,239.0017,11.185488,9.4155
291067734,242.36034,11.505539,9.9312
460465662,242.59187,11.783061,9.7801
402368679,224.02792,10.374649,8.6063
392989812,232.2205,10.383193,7.75071
349713945,223.39412,10.518676,9.2489
349714159,223.45454,11.487268,8.9626
443716756,227.80019,11.007247,8.4382
366419764,226.04234,10.280352,8.533
421853949,221.74129,11.477276,7.56216
461397291,243.49782,11.431257,7.28023
366400801,221.52922,10.166893,7.6725
323248706,241.13948,10.616261,7.0741
323249677,241.23892,10.685891,8.5135
323198825,240.99327,10.643664,7.8766
366583950,231.47041,11.31321,9.4337
449905080,227.10666,11.304301,9.8573
366491917,229.39587,11.723578,9.6159
402363090,223.83324,10.667586,9.9949
392990435,232.34996,11.388757,9.56134
446181001,237.43964,11.769881,9.96063
446193444,238.03433,10.87447,7.8587
323129471,232.05211,10.480828,9.00474
393126920,234.00905,11.238748,8.3653
457919571,218.34003,11.457743,8.92557
281185556,242.90208,10.671453,8.99348
366491950,229.38733,11.596776,9.5373
449904806,227.0201,10.33563,7.301
323139427,239.106,11.86599,9.7033
323139505,239.0376,11.641341,6.9741
402363082,223.90807,10.692479,7.21837
172749873,241.88599,11.96048,8.5826
277624377,242.21507,11.866486,7.71985
291067814,242.37006,11.32662,8.3333
420809504,220.99734,10.039617,8.4527
393116150,233.77516,10.711372,9.243
460432437,234.70644,10.615754,6.22364
446189663,237.90332,11.269124,8.93446
461397394,243.44743,11.693301,9.4787
461397453,243.4451,11.818367,9.9778
446189422,237.90373,11.874663,9.0403
371124872,220.40013,10.051334,9.01229
393017587,232.46637,11.311598,9.83732
323285346,241.37096,11.601786,9.3844
318494134,240.50085,11.42239,8.38537
446188938,237.81749,10.730768,9.8639
349686166,223.14397,11.990708,8.4872
323198195,239.65569,11.613837,7.4888
350146906,235.73524,11.075273,8.8153
366495690,229.59052,10.052557,9.1116
318494156,240.55261,11.37822,8.57661
393142373,235.49802,11.060176,8.3049
266059741,241.83401,10.67277,8.53369
296858769,236.13266,11.266446,6.9726
266059859,241.71837,11.058908,9.09604
366480887,228.67168,11.058704,8.1221
349686540,223.32335,10.476254,9.81258
420807070,220.76988,10.248714,8.45506
291072594,242.53473,11.239441,8.7068
368968914,231.06078,10.554907,7.20993
393084274,233.20961,10.660534,8.52033
315418982,238.42021,11.430532,8.6406
286114365,238.70433,11.5153055,7.45001
393084102,233.22795,10.12349,8.81201
393084702,233.33926,11.65976,8.15553
347590667,235.93867,11.8073435,8.7416
281184873,242.71265,11.936956,9.45834
281260171,243.00099,11.639475,8.66132
420809248,220.93036,11.359136,9.3088
420809331,221.01949,11.009276,9.79274
349609082,219.26416,11.20825,6.4041
315758614,225.86613,11.79762,8.4261
366419668,226.016,10.735129,6.4446
366419768,226.06602,10.27547,9.7779
393167595,241.87955,10.306441,8.3017
315758689,225.87718,11.507823,8.7985
393167567,241.86328,10.209248,9.2578
393168062,241.94057,11.86806,9.6841
349714564,223.80342,10.655355,9.78891
461387579,236.39244,10.759213,9.1492
461392278,239.90883,11.473669,9.4531
461387608,236.45306,10.856461,9.7981
449901115,226.78415,10.462055,9.1148
449901663,226.88335,11.708013,8.8651
460432978,234.86694,11.490772,8.3524
461392225,239.9724,11.300718,9.2101
382657904,235.7785,10.631622,9.0744
460433174,234.84831,10.745667,8.0939
449901445,226.76474,11.564554,9.60633
449901131,226.83849,10.529112,6.8356
318450242,240.10034,10.789541,8.1034
382658237,235.84285,11.711009,5.56981
366403844,222.45161,11.087549,9.9807
393051610,232.81471,11.704578,8.9039
449898186,226.67682,11.065686,7.61754
366403924,222.40094,10.640297,9.2234
366404000,222.44478,10.295426,8.66322
366404020,222.42168,10.200721,6.3442
393051583,232.74034,11.609145,9.3013
449898180,226.6751,11.106286,9.0456
361511875,243.33215,10.965176,8.8042
393052039,232.91641,10.687147,9.94415
349638125,219.68181,11.757338,9.8084
296836459,237.16467,10.096889,9.7189
443726239,228.41911,11.467515,8.65645
443726289,228.39296,11.6230955,8.4532
368895039,225.15176,11.204647,8.372
366495122,229.45563,11.807181,7.8634
393055040,232.95775,11.783441,7.8884
393055306,233.17244,11.330336,9.79
296835198,237.05974,10.578787,8.9473
446184843,237.56274,11.101322,8.4107
446185345,237.63329,11.479477,8.50059
420807043,220.7578,10.400999,9.3161
368895007,225.05978,11.026824,9.1497
371198550,220.40445,11.2620535,9.08541
445847318,229.89722,11.922163,8.809
460465087,242.6766,10.037908,7.1314
323129070,232.01888,11.861664,6.52768
366419359,225.96286,11.913427,9.1516
393116707,233.85597,11.032522,9.7248
366419311,225.93555,11.686033,9.82479
366419304,225.97238,11.643192,9.92093
393116949,233.90591,10.014003,9.8996
349714230,223.35168,11.829962,9.59218
291067698,242.36095,11.574458,6.885
291068233,242.4071,10.237159,9.0708
451436919,221.14386,10.763852,7.82599
350146707,235.67352,11.766747,9.0053
291068010,242.37581,10.803133,9.53173
291068161,242.43077,10.445478,7.91417
460465615,242.64178,11.655061,9.19243
366583999,231.40866,11.159035,9.1654
349675088,222.73126,11.766262,8.82552
449904735,227.08575,10.113886,6.8464
449904975,227.03802,10.914551,8.3714
366492064,229.32458,11.134377,9.81744
460465621,242.68013,11.67012,9.975
366401526,221.84279,10.305878,7.3201
296775200,236.83505,10.488226,7.6826
323285568,241.53563,11.704241,7.6281
323285600,241.51189,11.632402,9.2851
281184133,242.73396,10.322651,9.8205
366401224,221.82812,11.7996435,9.5215
296775685,236.76892,11.896288,9.8145
291037608,242.36652,11.7479105,6.6823
119971049,243.02937,11.910876,8.26393
349672054,222.48709,11.281117,9.0312
119971050,243.0305,11.909139,9.20204
291067971,242.43996,10.864444,8.30818
291068186,242.37595,10.392702,9.9624
318449923,240.06776,11.670185,8.9251
420798760,220.21667,10.029986,8.47907
323139227,234.44096,11.603223,7.2777
323139216,234.50389,11.582607,9.8859
349686005,223.2032,11.251993,7.9288
393167884,241.83652,11.250412,9.2772
457922328,218.67934,11.449252,8.0023
349638142,219.58202,11.672256,8.4162
449897965,226.73062,11.828757,9.5286
366403955,222.45024,10.492856,7.04152
323249581,241.24504,10.948311,7.93568
315418610,238.37231,10.344742,8.11452
366403899,222.46739,10.829082,9.9804
349669724,219.8612,10.153846,9.2591
349669717,219.87619,10.169167,9.0057
366624209,231.71123,11.117816,8.2141
347595457,239.4427,10.06979,8.1487
366624537,231.62614,10.036065,5.3076
318566259,243.25595,11.615518,8.8067
461388387,239.84671,11.022516,8.6405
323199065,241.03441,10.006305,7.7151
354746529,239.32425,10.960303,9.6041
323286174,241.55675,10.0501995,9.37292
366477844,226.38559,10.966042,9.55398
323285320,241.43353,11.527966,9.83223
443720201,228.07101,10.393109,9.5771
323285424,241.44812,11.860363,7.86593
337221774,238.23505,11.376373,9.4689
366406102,225.72078,10.667431,8.63302
318497947,240.68265,10.960309,8.57088
366406317,225.75565,11.524011,8.6751
323197872,239.70322,10.789385,9.7721
446193503,237.94888,11.044535,9.57075
366401028,221.58823,11.184636,8.2685
457926822,222.35898,10.044157,5.59839
460461633,236.47954,11.837372,8.4157
457926915,222.2853,10.540534,8.0224
457926954,222.35022,10.785559,9.3979
323249748,241.25923,10.481852,8.35636
323248590,241.18555,10.241382,9.1677
366438659,226.28593,11.592005,9.4844
366419611,226.03844,10.943764,8.66283
443722735,228.19655,10.702307,5.3766
366438542,226.3737,11.857164,6.2805
443722695,228.15639,10.526157,9.5905
366438674,226.36,11.571143,9.5595
457926895,222.2754,10.453723,9.8357
457927138,222.31064,11.564802,9.4703
281185447,242.91281,10.909355,9.026
366419497,226.1206,11.469792,9.99093
366362374,221.44867,11.626444,9.7768
366478317,226.60109,10.759886,8.30181
323108245,228.89725,10.126511,6.7656
354746810,239.299,10.080117,8.80086
420804616,220.46759,10.914169,8.94929
366478222,226.53363,11.246792,9.32445
460454735,234.92488,11.749581,9.4089
366401550,221.81001,10.177833,9.36319
366401297,221.79141,11.430747,8.25537
296775559,236.76736,11.528061,7.5259
281184068,242.80865,10.209909,9.2863
148767643,226.97928,11.931237,9.798
296775078,236.81352,10.201804,9.85612
296775167,236.78369,10.41545,9.52587
296775929,236.94339,11.534767,9.46302
366401338,221.77419,11.250362,9.78044
323285843,241.5108,10.951931,9.78366
420798566,220.23749,10.978366,9.6484
449905879,227.1621,10.0994215,6.4843
349674848,222.72653,10.5749855,9.2013
393116013,233.7882,10.192827,8.07866
350252492,234.18654,11.600901,6.63362
350252621,234.19193,11.180071,7.352
350252805,234.18294,10.584799,7.7677
119955931,242.90701,11.909172,9.677
349759572,224.40671,10.638523,9.84359
393116218,233.79858,10.959427,7.8881
393055414,233.18188,10.9683,6.6245
446189947,237.85303,10.539869,8.41773
443726275,228.42792,11.55058,8.83028
349770389,224.58472,10.029964,9.38863
449157989,219.49648,10.860779,9.6944
443723424,228.28175,10.439376,9.89506
366438063,226.25444,10.946449,9.64304
349714526,223.81033,10.830285,7.8751
420806559,220.58025,11.075591,7.2216
349608774,219.12683,11.369778,8.6395
318565883,243.09464,11.448537,8.5708
420799657,220.43134,11.660662,4.74226
293684201,224.90797,10.4327965,9.6213
446450812,218.8376,11.301779,7.9942
349609031,219.30197,11.492969,9.6122
367681405,223.56743,11.994265,9.1534
392982986,231.90842,10.594193,8.515
366511079,229.71793,11.583412,9.429
446450921,218.85115,11.88175,9.8563
443726661,228.52943,10.74366,7.8129
457922573,218.66814,10.171574,8.9449
323109648,229.17796,11.0017605,9.8746
366510769,229.76459,10.326288,9.92176
323175617,239.61389,11.0957575,9.7453
323175391,239.55203,11.715868,7.1425
461372047,236.2576,11.471456,8.4121
315419404,238.437,11.051532,9.5192
315419673,238.47192,10.212306,8.8596
393098536,233.53836,10.473519,8.2369
393098780,233.45442,11.429336,6.7645
393099048,233.55869,11.537122,9.4249
393099372,233.60248,10.23665,8.2449
318620738,243.71213,11.944891,9.5058
323284933,241.4622,10.489557,9.1573
315419525,238.47173,10.667579,9.8757
461372353,236.33519,10.533075,9.89213
286114811,238.76524,10.091876,9.89292
366570150,230.21562,10.941904,9.10372
366570323,230.15912,11.544278,9.01765
323175810,239.55336,10.535324,9.18164
461371924,236.29906,11.847107,9.37868
286114741,238.77502,10.315987,8.9351
315419422,238.48602,11.012665,9.4094
293684681,224.91803,11.565904,9.83687
366570620,230.29295,11.271991,9.5824
281100442,229.04674,10.825816,8.33615
296776147,236.86115,10.944442,9.9732
366480690,228.6406,10.310125,8.87771
366481002,228.66608,11.515616,9.4576
366480805,228.61023,10.808758,8.1614
366492242,229.37088,10.492481,9.12636
296854865,236.01506,10.830245,9.73892
366480989,228.65944,11.446471,9.5992
368911418,225.35342,10.362573,8.18359
296855048,236.09341,10.339522,9.86597
296854566,236.01266,11.617077,9.81594
337221879,238.25854,10.9918165,9.8296
461387621,236.39828,10.891415,9.64862
382658018,235.75325,11.017683,8.4701
449901068,226.80501,10.295985,7.7106
323067987,227.51445,10.056403,8.98973
393051404,232.7694,10.839275,9.01719
291072336,242.49652,10.627613,8.83144
461387645,236.46806,10.979736,9.82229
323067919,227.49698,10.291454,9.95614
446450850,218.91623,11.494086,8.95521
318449922,240.0668,11.671561,9.20518
349609160,219.25385,10.841669,8.51503
291034069,242.0238,10.080436,6.61567
392982969,231.90118,10.64591,8.7049
291034358,242.02272,10.670427,9.76473
349608664,219.09247,10.931388,9.8839
420806406,220.64774,10.268343,9.5706
366510792,229.67555,10.424081,7.5146
366510795,229.67462,10.427757,6.6577
349675056,222.81085,11.611517,9.87692
323138830,234.49672,10.239878,6.5574
368881250,224.72383,10.354841,8.38863
366437818,226.2038,10.238132,9.8872
349759189,224.28801,11.739862,9.22712
457921956,218.52672,10.52247,7.9069
349675595,222.86389,10.009831,8.65319
457922294,218.60513,11.650062,9.88226
457922457,218.69536,10.835013,9.9489
366362609,221.41078,10.513866,8.51213
366362698,221.4866,10.052007,6.9764
460461655,236.51968,11.899189,8.8593
366438507,226.35304,11.954746,8.47783
281185040,242.89278,11.744318,9.35911
366438999,226.3488,10.892807,9.98592
366401039,221.52045,11.267902,9.67635
416611661,221.43988,11.939785,8.1614
350252489,234.2587,11.610143,8.34183
349758904,224.29071,10.464799,9.16719
1100622870,237.05544,13.789081,4.84597
1100447945,225.27722,13.6941805,9.5301
1100602997,239.18915,12.477757,7.4494
1100602998,239.18968,12.477929,7.1847
1200002898,240.75916,13.991418,8.04745
1200002899,240.75862,13.990933,8.68037
1204695631,240.67621,12.95516,9.424
1100495137,223.00548,13.920382,9.8759
1100410925,220.07594,12.093069,9.714
1100410926,220.07611,12.093778,9.9964
1200000460,240.22571,13.27124,7.4851
1200000461,240.22563,13.271653,6.9239
393704858,240.22563,13.271653,6.9239
393705579,240.67621,12.95516,9.424
393718904,240.75916,13.991418,8.04745
119613157,220.07594,12.093069,9.714
471011935,237.05544,13.789081,4.84597
105771673,243.7633,12.043795,7.553
119738025,225.27722,13.6941805,9.5301
119665679,221.91393,12.393263,9.216
377430391,239.18968,12.477929,7.1847
72732912,223.00548,13.920382,9.8759
416608593,220.2872,13.728323,4.082
119915032,242.62608,13.837611,9.6264
119912734,236.87125,13.343883,9.85881
119914248,242.6918,12.746474,8.97965
105848175,244.32306,13.952256,8.5897
105844997,244.11533,13.47236,8.3562
105847763,244.33987,13.48131,9.8137
284107605,235.01627,12.003105,9.9411
284106835,235.0226,13.299905,9.6751
284107082,235.00935,12.922576,9.791
284101174,228.97371,13.064819,8.30617
72682929,219.80307,13.992216,9.196
72680967,219.63751,13.85121,8.2854
72681753,219.73035,12.273287,9.5383
119860932,236.48685,13.108331,9.231
119861274,236.47797,12.558105,8.02001
72663833,219.39717,13.210235,9.4306
119862862,236.57571,13.76167,9.22026
119862840,236.5938,13.720754,7.3116
119862868,236.58334,13.767144,9.2558
119861571,236.40144,12.127626,8.7175
72664661,219.58897,12.282511,9.9466
72664900,219.52402,12.803616,7.47196
119861506,236.45871,12.2038145,9.1074
119861595,236.44627,12.094776,8.1826
119587170,219.9058,13.927403,9.3427
119793850,234.68344,12.25322,7.50704
172608153,238.25291,12.457486,9.2132
377430312,239.14438,12.718584,8.3269
119837981,235.7939,13.667684,5.9777
119838800,235.93765,12.669273,7.2806
119734643,224.93076,12.590224,7.716
119985395,243.38425,12.432221,9.7031
284107588,235.0431,12.052933,5.40678
393720015,240.85075,13.31646,8.9056
119734480,224.88474,13.245317,8.2118
393649499,239.72559,12.15228,9.2649
105776094,243.88852,13.341068,9.8458
105738088,240.4049,12.05085,7.5389
119989100,243.501,13.302764,7.6711
148767824,226.96152,12.68382,9.8516
377430512,239.1103,12.1608095,9.4098
284761326,237.78116,12.899265,9.9408
284761611,237.79147,13.839676,8.5749
119709656,224.79521,12.34198,9.9177
418026064,225.64708,12.354841,9.271
148012915,226.89278,13.728803,9.716
148013084,226.8813,12.993876,9.7407
148047986,226.91756,12.225673,8.4155
172750064,241.95438,12.373521,6.4652
418026365,225.67172,13.466728,7.56171
119971284,243.19194,12.581672,7.1831
393720023,240.90092,13.342348,9.0082
141417956,233.0705,13.9213705,9.8776
105776169,243.88829,13.151023,8.68803
393719123,240.79407,13.4438715,9.37802
393719159,240.71571,13.328691,9.98694
119985828,243.32687,13.526902,6.6848
119709513,224.66515,12.156872,9.86979
284074874,228.75453,13.759512,8.52655
377415943,239.12056,13.891458,8.31404
393719522,240.74277,12.169227,8.2238
368880852,224.7193,12.079791,8.12805
148013007,226.84453,13.3201685,9.70947
445853506,237.24658,12.151755,9.2261
172713885,241.54027,12.964205,8.4239
445850244,229.99738,12.011881,8.8629
3993274,219.02264,13.120698,8.8565
172647005,238.44003,12.817997,9.6629
3993398,219.02312,13.671844,8.8072
172607987,238.31506,12.958492,9.1664
172608187,238.31001,12.353123,6.49085
172714031,241.51178,13.320927,5.93249
172714035,241.50517,13.329247,7.16805
141354470,232.4433,12.114185,9.5929
119814586,235.69052,13.983697,8.6685
229551003,223.34196,12.078056,6.3589
416609106,220.4723,12.627274,8.6747
119839027,235.9286,13.357039,8.8362
172708416,241.14272,13.2737,9.5666
172708537,241.1507,12.966635,9.7031
172708779,241.20482,12.326904,9.7409
119838121,235.82384,13.195657,9.3104
119839058,235.94899,13.445805,9.592
119839179,235.90437,13.81145,9.3655
119887421,236.64893,12.889017,9.4872
416609015,220.42065,12.094312,7.4076
172708364,241.10402,13.415311,8.4589
119612747,220.044,13.856772,8.3496
367681271,223.55801,12.53583,9.1385
416608963,220.28062,12.109991,7.1116
119838851,235.97847,12.818388,6.7703
416608595,220.25809,13.723091,9.5736
3987582,218.7985,12.860648,9.1337
3993138,219.01324,12.574919,8.98358
172607904,238.3004,13.196623,5.5066
172713842,241.56541,12.8376,9.3297
119735083,225.03108,13.030008,9.39968
159636402,231.4925,12.1161375,8.9521
98509172,227.81223,13.031097,7.7016
157122086,242.21504,13.736861,9.6176
157034438,233.18597,12.740954,8.8113
445083404,224.18692,12.508182,9.6032
157085655,233.71677,13.874728,9.427
329073259,237.6523,12.700681,8.944
119956145,242.82307,12.568861,9.7562
119665530,221.90108,13.059192,9.9802
393719798,240.89395,12.648601,9.5249
119665313,221.97966,13.816895,8.3562
329073096,237.67479,13.126803,6.505
4064878,228.39359,13.969786,9.707
119814259,235.74318,12.945382,8.672
199506670,234.35475,13.579571,7.7283
199506568,234.3347,13.944419,8.9468
105772143,243.708,13.17741,9.949
119842024,236.17229,12.99407,9.7817
137027310,237.02174,12.896534,9.7782
229551186,223.29018,12.934785,9.842
119814489,235.6901,13.714378,8.5235
105772066,243.75192,12.953997,8.8635
148010122,226.66072,13.419524,9.9041
172654216,238.77402,13.247664,8.9818
119974993,243.29118,13.239459,7.63368
147996822,226.29436,13.653572,7.08991
105771497,243.61598,12.321669,9.6242
119839054,235.98166,13.432707,9.9626
119838949,235.9441,13.135151,9.6503
119734843,224.99805,12.023949,8.5072
416608903,220.3233,12.325241,8.88938
416609362,220.44339,13.575863,9.15507
105772388,243.76659,13.72975,9.64032
416608633,220.3699,13.601473,7.8023
105738716,240.4692,13.472445,7.31605
157121776,242.30252,12.932327,7.279
157085393,233.65154,13.005674,8.86405
119735153,225.07797,13.321335,8.26166
98509203,227.74277,12.924774,9.84678
157121432,242.211,12.113255,8.74387
98509150,227.77219,13.107693,8.95898
119735076,224.97195,13.007643,8.97175
393782373,241.0727,13.851732,9.48075
119793761,234.67737,12.512473,9.5175
172750637,241.95448,13.684088,9.8741
172750244,241.98772,12.768715,7.6602
157085298,233.75923,12.721728,7.6011
119887221,236.68854,13.500481,8.5551
119887228,236.64069,13.476703,8.1278
445083255,224.18304,13.149206,7.5569
105777634,243.96825,13.9954195,8.20858
148007432,226.38782,13.450456,9.3974
148007525,226.37299,13.03644,9.9122
119888356,236.79367,13.906065,9.1187
148007382,226.34418,13.639091,9.1983
119887817,236.75983,12.346674,8.3453
72663749,219.48221,13.417809,9.5758
72664387,219.41153,12.187136,9.0246
393653357,240.21487,12.476661,7.71103
393653731,240.20566,13.5598955,8.24459
119856721,236.33977,12.048638,8.50447
199506993,234.34822,12.301632,6.7359
233493049,235.44756,12.847526,5.3246
445078384,221.70543,12.373422,9.14672
445078665,221.64276,13.749844,9.38706
450376754,229.68782,13.77689,9.26625
159702492,232.1538,12.568589,9.9412
233492912,235.49988,13.3415985,9.8151
119912741,236.9412,13.336876,9.93856
445078621,221.72266,13.552234,9.8708
198515118,234.25945,13.701219,9.99131
119814319,235.67003,13.179688,9.87278
400015692,230.71695,13.366428,7.3152
148009972,226.69353,13.96818,9.1617
148010498,226.74434,12.018099,9.32049
119975127,243.24069,12.800699,6.75312
445080916,224.0213,12.120903,9.3472
157121749,242.30418,12.862575,9.0526
159675453,231.96132,12.297284,8.7398
72681027,219.63588,13.743446,9.9266
72725755,222.48712,13.147236,9.1395
4073376,228.43687,13.920641,8.85191
4026683,227.98868,12.244281,7.1917
157111286,236.04138,13.5755,8.9878
393705859,240.65468,13.797974,8.6038
416611569,221.40305,12.483837,9.339
119707129,224.50288,13.1969385,9.8938
72733245,223.0902,12.495313,9.7539
400044572,231.22827,13.981767,9.8669
105777567,243.94171,13.8524,9.2463
105777581,243.96387,13.883423,8.8006
141417950,233.12532,13.907483,8.9757
329073143,237.61188,13.025257,9.13187
119956548,242.9354,13.696655,9.34854
119641119,220.77629,13.463382,9.435
141420593,233.98552,12.514131,9.7424
159667520,231.6659,12.699355,8.7997
119641797,220.96623,13.499595,8.6421
159667140,231.5382,12.432752,9.5928
141420820,234.10934,12.190118,8.7083
141421018,234.04759,12.81103,9.0674
393705715,240.6023,13.398539,8.4563
98509758,230.28622,13.149813,8.6396
141357424,232.65987,13.05642,9.59282
119641192,220.76077,13.164169,9.99264
119975061,243.24411,13.035675,9.9242
393704939,240.2776,13.035561,9.9193
157084878,233.58298,12.646544,9.5645
233493615,235.60965,13.12339,9.3256
461387998,236.4082,12.026974,9.0619
172749293,241.85704,13.336441,6.9945
172750276,242.02249,12.839783,8.41438
119793416,234.75328,13.513905,8.92187
172708435,241.09862,13.238158,9.86769
157084626,233.51955,13.447903,9.4654
393653813,240.15237,13.791366,9.04157
233493002,235.50148,13.037332,9.4653
416611415,221.46574,13.10141,5.44779
416611835,221.51445,12.662054,9.2317
119955332,242.73723,13.4932375,8.725
119955146,242.71393,13.935192,9.9578
119955158,242.70424,13.890353,9.6541
445847480,229.8263,12.659393,9.2911
450356549,229.45198,13.173601,7.4373
198515160,234.18846,13.808239,9.4741
105844908,244.07213,13.587692,8.33558
119666283,222.01419,13.944773,8.8364
105776514,243.85257,12.429588,9.7929
446189385,237.85483,12.069921,9.8267
105776377,243.86787,12.707267,9.8084
119955116,242.72893,13.997227,9.5065
445847380,229.87813,12.271892,9.59059
198514720,234.1434,12.325013,9.5355
198514903,234.24266,12.939588,9.897
119914101,242.61324,12.553186,9.7674
119682102,224.40163,13.190811,8.76185
119682365,224.4161,12.157555,9.18941
148007383,226.39151,13.6390085,9.88183
148007519,226.39572,13.066857,9.6855
119682375,224.39265,12.128055,9.75219
119813684,234.94653,12.7337,9.75215
229550884,223.1189,12.392445,9.43087
148008120,226.56342,13.581914,9.91808
119887998,236.78494,12.886434,9.85987
199520273,234.44228,12.978432,9.72403
393649725,239.88902,12.525153,9.86794
141416930,232.94844,13.722496,9.92466
147996040,226.08365,13.6472645,6.98861
148010816,226.75728,13.346186,7.42179
157149693,242.32423,12.7590885,9.0383
157149622,242.33894,12.927128,7.6913
393718970,240.8343,13.85847,7.9249
137033351,237.39156,12.558692,5.85154
418037386,229.05275,13.4426985,9.2925
457927234,222.35852,12.098001,9.7433
393720217,240.9261,13.863703,9.9777
400044573,231.22498,13.982146,9.1332
119652027,221.00731,12.728073,8.9924
393650035,239.87709,13.446489,8.58772
119652035,221.01297,12.675852,9.8727
400047064,234.59554,13.011576,9.0631
105847765,244.38495,13.483486,9.2481
98509336,227.76776,12.459952,8.6619
393704745,240.28044,13.612846,8.4513
119985246,243.42186,12.052055,9.2517
172650233,238.5392,13.383873,7.3898
98509251,227.80492,12.764947,9.8783
172651274,238.63457,13.425941,9.8181
393634689,239.4056,12.22579,8.5255
141420169,234.01712,13.921612,8.9105
393634263,239.28586,13.049006,9.1809
141420460,233.96257,12.9163265,7.0593
119666083,221.98827,13.030889,8.7371
119842040,236.16766,12.964758,9.526
119679214,222.32588,13.513884,9.98827
393635093,239.42493,13.547076,9.0068
119666157,222.10522,13.3940115,9.55003
98503426,227.33653,13.049048,9.7527
159674891,231.79381,13.379772,7.32857
119842234,236.20853,12.448423,9.4516
119743049,225.93423,12.49435,8.32148
400053160,237.88716,13.905716,6.40478
119743249,226.00897,12.240805,9.7903
462577739,222.12852,12.057708,9.0297
119742886,225.85367,13.117379,9.5976
119742956,225.89398,12.82994,9.5475
462578172,222.19928,13.705419,9.7096
400053327,237.86205,13.444913,9.9358
157034435,233.18579,12.738099,9.3905
172749281,241.86218,13.36973,9.30176
449905306,227.19698,12.077719,9.61265
119641190,220.75948,13.165515,9.86868
141414623,232.8043,13.836185,9.9992
450354414,221.35077,13.846315,7.0077
229550571,223.18726,13.961512,8.5005
159702821,232.1663,12.385553,9.7021
159703105,232.15552,13.335244,9.6374
119971606,243.15184,13.393924,9.3916
367678410,223.40335,12.206281,9.7893
119971771,243.13535,13.86335,9.1944
418081205,229.38358,12.780456,9.476
119709856,224.75337,13.038165,9.1614
119955993,242.88516,12.142969,8.94593
418081056,229.34766,13.287772,9.2226
418040500,227.25203,12.32926,9.6588
72728301,222.80048,12.713185,9.9723
172746013,241.78339,13.972933,9.0263
4075988,228.67929,13.149624,9.2458
119971510,243.19138,13.185238,9.9939
119740046,225.45555,13.265288,8.2805
400015383,230.71927,12.094435,7.4238
172745815,241.82399,13.535292,8.4932
418040775,227.22298,13.235232,5.28941
72728773,222.88536,13.477557,6.9448
119652059,221.01564,12.561401,9.5226
148010746,226.77002,13.058773,9.301
98505863,227.49475,13.453503,9.7421
137033768,237.41869,13.938864,9.62114
119682570,224.51608,12.580106,9.9945
105775882,243.87346,13.837729,9.91041
159667555,231.77312,12.775056,9.73803
219735881,235.19756,12.556761,9.6228
72726163,222.64583,12.784109,5.99884
72728420,222.76186,12.1641,5.5627
258105790,223.64923,13.084552,9.0213
393646776,239.74092,12.891245,9.9063
393653098,240.05215,12.386138,8.8606
323285473,241.45435,12.05973,8.5462
393652809,240.03336,13.299107,9.5996
72726309,222.70549,13.47008,9.0043
72728310,222.81204,12.681538,9.6693
141357697,232.71338,12.111566,9.84945
445850625,230.16458,13.447012,9.0017
393646682,239.76506,13.100451,9.591
119709177,224.60936,13.531315,9.9734
393646583,239.77664,13.336239,8.7408
172603822,238.10518,13.480015,9.5577
141357426,232.65729,13.052584,9.75046
172708314,241.14424,13.563634,9.5866
284077176,228.91267,12.644831,8.1482
443726364,228.4405,12.040627,6.5752
119985711,243.34315,13.233006,9.8046
137027177,237.09169,13.313383,8.4258
393782610,241.04572,13.079527,8.5969
400018725,230.99355,13.364805,7.59616
4065117,228.40125,13.115447,7.28571
72651163,219.3196,13.110519,9.2615
198305251,227.12491,13.112708,8.0938
400046770,234.56325,13.954191,8.1767
157154198,244.20111,13.350514,7.23032
119860980,236.40735,13.051859,9.73
400046993,234.56468,13.251017,8.4996
137031609,237.151,12.188604,9.0676
137031686,237.22162,12.426146,8.3175
400047039,234.5427,13.088892,9.8833
4065306,228.32274,12.457093,8.2454
119743442,225.98865,13.107115,8.3915
105847947,244.43033,13.698486,8.67365
172650184,238.58624,13.590262,9.51471
172651305,238.7048,13.519127,9.76281
233493570,235.56885,12.942434,9.0396
157084671,233.64221,13.294438,9.54162
460432832,234.75371,12.1318655,9.7208
233493830,235.51993,13.953474,9.21233
72665064,219.50977,13.155124,9.93321
400053132,237.85667,13.987395,9.6024
119742841,225.83945,13.302156,9.52013
400084822,237.87393,12.660529,8.50921
400085041,237.91537,12.087579,9.5192
400053274,237.89594,13.605877,9.90507
377413235,239.08978,13.526689,9.3842
399984791,230.57878,13.69866,9.7221
400018136,230.81708,12.736439,9.0952
119793382,234.71172,13.631088,9.4419
157120685,242.09015,13.577431,9.8479
119985831,243.32675,13.528046,6.7572
119679922,222.40173,13.595065,9.008
105771674,243.76213,12.043882,8.83028
119679273,222.35669,13.251518,9.9484
119679431,222.2663,12.5801935,9.7348
119679513,222.24794,12.212429,9.895
141354526,232.59917,12.00001,6.11774
296775751,236.9111,12.053415,8.6588
137056560,237.53857,12.735523,7.2137
119740192,225.40936,12.627239,8.9059
148768127,226.96722,13.697159,9.5812
157110170,233.82422,13.891908,9.1449
105770887,243.5723,13.810162,9.5209
399984866,230.60353,13.380185,9.40152
416612072,221.54672,13.720441,9.1753
445850198,229.99821,12.265062,9.3336
284101394,229.02974,13.470198,6.3347
141337515,232.28358,13.032638,6.1546
393643528,239.60179,12.835145,7.21304
172709352,241.23741,13.135852,7.4516
141337467,232.28879,12.87125,9.5968
445080726,223.87393,12.636551,9.84214
159675497,231.92181,12.4528885,8.84122
4065545,228.43822,12.254189,9.28595
72725769,222.49509,13.047845,9.97644
119638971,220.6412,12.358316,9.8792
172654947,238.85347,12.800164,9.6536
445080490,223.962,13.666979,9.1984
445081241,224.06607,13.450274,9.5517
399982641,230.52174,12.785115,9.2898
98506171,227.51256,12.344072,8.79239
445080466,223.85588,13.7898035,9.45101
157034744,233.20564,13.866237,8.69913
400018068,230.79948,12.999747,9.5673
159675713,231.94734,13.095524,7.8353
157111316,236.10547,13.656935,9.81034
157122149,242.32086,13.902751,9.9437
159703138,232.1826,13.447227,9.7732
349640917,219.8574,12.105556,9.2678
445080766,223.86911,12.430765,6.76302
393643574,239.65349,12.955236,9.60467
418040825,227.28494,13.432067,9.1411
157054246,233.36327,12.1165695,7.90932
157053905,233.32344,13.096908,7.60766
157120551,242.15128,13.907457,7.95441
157053887,233.31566,13.156086,9.8639
157054035,233.3082,12.74356,9.4444
157054480,233.48192,12.694176,9.7602
367680980,223.57236,13.658261,9.9412
157053735,233.3551,13.682898,9.6964
72651081,219.37054,12.724358,9.7815
72651012,219.27635,12.364931,9.18429
4065085,228.34161,13.273349,8.13857
72650737,219.1819,12.878121,6.94147
72650890,219.177,12.165669,9.67612
198305396,227.1869,12.488887,7.07289
137027220,237.07587,13.166914,7.91853
137031758,237.21034,12.72362,6.7756
137031658,237.20418,12.33842,8.9624
72651130,219.36244,12.941887,9.4052
198305447,227.07332,12.223725,9.72204
400046820,234.5158,13.79456,8.93065
400047161,234.63545,12.689079,9.76167
400047178,234.60008,12.629908,9.56985
400047264,234.55626,12.343048,9.88712
137027368,237.03423,12.727951,9.65773
418040614,227.22412,12.674401,9.90226
72728671,222.94708,13.05109,9.67363
72728096,222.8427,13.692885,8.24427
72728648,222.90132,12.894918,8.3012
72728738,222.95247,13.341216,9.2015
72728318,222.7376,12.643289,9.88636
4075993,228.62593,13.1329565,9.2481
72725913,222.50267,12.335481,7.7505
399985059,230.5968,12.567521,6.29719
119971462,243.13097,13.0462,8.94933
119971722,243.11827,13.715218,9.3088
119740057,225.43106,13.189263,9.95651
450353717,221.23454,12.948795,9.9848
4026095,227.82866,13.7086,9.82148
119971672,243.1681,13.584362,9.97287
400018735,230.98824,13.391379,9.1625
443726371,228.43321,12.097279,9.1537
119740421,225.53093,12.169376,9.37657
119813576,235.00298,13.097149,9.64133
367680908,223.58337,13.91811,9.32253
418040891,227.24625,13.653141,9.2126
157053799,233.28833,13.494647,9.75345
119613557,220.17664,13.534324,5.7314
72650886,219.17654,12.169591,9.13893
3987311,218.73238,12.236834,9.4647
119679362,222.24794,12.846449,9.91224
119613257,220.17073,12.278745,8.01647
147996839,226.2348,13.723512,9.8121
119613489,220.1334,13.259739,8.68821
284077032,228.83867,13.218672,9.18662
119652437,221.82596,12.979552,8.9019
119652592,221.83609,13.654422,8.9138
119709296,224.63234,12.969182,9.7155
98537703,230.33208,13.516904,7.39245
393649470,239.73788,12.270226,8.35745
172603845,238.09264,13.405799,8.1075
119709116,224.63222,13.752298,9.6324
393646669,239.76384,13.14298,8.74745
258105647,223.62512,13.727723,9.7027
72726417,222.68437,13.961234,8.5728
393652801,240.03212,13.311586,9.59315
141354537,232.58081,12.084716,9.08617
119737536,225.09996,12.475938,8.13981
119737253,225.18607,13.631028,9.48303
445849991,229.95782,13.051547,9.14099
141337525,232.29153,13.046887,9.55507
141337752,232.32631,13.887143,9.73279
286114245,238.7395,12.098708,9.2036
1000079479,219.56041,14.028825,7.609
1100477744,228.13841,15.375762,9.3121
1100477745,228.13896,15.376174,9.1508
1100682852,233.7991,14.919525,9.6609
1100682850,233.79866,14.919446,9.73709
157109863,233.7991,14.919525,9.6609
1200005420,240.95544,14.107911,8.3101
4029060,228.13896,15.376174,9.1508
393720293,240.95544,14.107911,8.3101
72665428,219.56041,14.028825,7.609
471011939,239.11324,15.661617,3.85
284102616,228.98761,15.724423,8.2955
284102271,228.94843,15.097274,9.8846
72680783,219.67935,14.3042,8.6721
72682971,219.84752,14.031049,9.7919
72679962,219.68565,15.902107,8.7252
72686943,222.52623,14.013479,9.73459
72683376,219.75682,14.744823,9.78695
119860354,236.45753,14.038979,9.25434
119859879,236.46346,14.909178,8.7596
119859928,236.45143,14.835212,9.25876
72665796,219.59917,14.798613,8.4654
72665749,219.53654,14.701431,9.4969
72663314,219.43484,14.301398,9.5144
72663029,219.45444,14.902688,8.81369
119970136,243.02676,14.547062,8.2315
284076419,228.81073,15.693762,9.8408
149649256,244.93211,15.329552,9.3865
329072394,237.67389,15.133634,6.61013
148768388,227.06914,14.538679,9.8754
229551787,223.34738,15.70486,6.6236
172750946,241.97983,14.422868,8.3062
4027313,228.03053,14.376388,6.2478
1100511591,223.34727,15.705169,6.453
418026516,225.59232,14.077998,9.5672
377415743,239.11855,14.459503,9.1727
105843788,244.07162,14.800094,9.9684
284074972,228.78983,14.132043,9.2589
119969969,243.01419,14.993961,9.313
377415767,239.1508,14.409573,9.4186
258106635,223.75441,14.979393,6.08072
377415555,239.18346,15.070689,9.0173
105844249,244.14038,14.301537,8.4463
119710331,224.76172,15.079115,7.14915
418026654,225.6132,14.589888,9.4048
148768505,226.9808,14.957627,8.2483
119958867,243.06558,15.97069,8.6624
119970132,243.03494,14.548899,7.0904
377415793,239.18213,14.345871,9.2797
105770723,243.64824,14.192808,9.9598
119742660,225.92831,14.006094,8.9619
172714708,241.57715,15.060036,9.9434
172607132,238.2345,15.430705,6.5905
119857769,236.32689,15.526975,9.8296
119665134,221.86728,14.496503,9.3714
119857778,236.3106,15.555215,8.2788
119665151,221.90524,14.428248,8.3177
329072483,237.64311,14.8607235,9.7701
119956942,242.9335,14.77764,9.9083
141421721,234.11743,15.101441,2.864
400044824,231.19223,14.830614,9.5733
400045112,231.2599,15.848821,8.8171
147997280,226.30508,15.59667,9.0647
119970236,242.94664,14.274276,9.44907
377415780,239.16173,14.383501,9.68789
377415412,239.15027,15.515435,9.9807
172649967,238.56596,14.274158,8.6908
119742358,225.93991,15.261408,9.3859
258106708,223.79092,15.316788,9.15663
418026936,225.66235,15.774796,9.19566
119742317,225.8953,15.421704,7.65026
172649863,238.5596,14.568481,8.99809
105768045,240.4786,14.82154,9.9669
119884653,236.49763,14.255306,9.3066
119884729,236.57332,14.471993,9.2589
119884915,236.5815,15.034354,9.9773
119884917,236.59676,15.037838,9.3248
72680827,219.65575,14.201581,9.1955
119639669,220.66997,15.566713,9.3854
157111586,236.09956,14.417375,9.9269
157111910,236.07275,15.500443,8.0784
157111568,236.09854,14.349693,9.7857
157122229,242.20752,14.122852,8.0255
157122553,242.20776,15.02721,9.8963
119816433,235.77412,15.788975,9.4678
119707325,224.5674,14.037608,5.6433
119707544,224.58444,15.041485,8.8265
72680386,219.70312,15.043809,9.3991
157053422,233.29755,14.599037,9.41
157122864,242.2152,15.796401,6.451
119958962,243.04004,15.723863,9.7474
393635379,239.4164,14.499342,8.9391
105878578,244.6334,15.431932,9.1942
119857458,236.32362,14.543271,9.3222
137026956,237.09737,14.1009445,9.2123
393702339,240.11148,14.655453,9.4311
393702609,240.09557,15.546931,8.1004
445078926,221.62344,14.855345,6.7415
159664909,231.44748,15.428037,3.4886
450376365,229.75763,15.167474,7.8749
450376429,229.74564,14.926535,8.2782
141416562,233.02081,15.074293,8.169
141416823,232.93745,14.083501,7.01378
105878224,244.62978,14.526963,9.5009
157111856,236.08986,15.301169,9.4472
445081649,223.97995,15.336273,9.7265
418041142,227.24487,14.585247,9.88879
445081471,224.03613,14.516604,8.4712
445081616,224.05693,15.186711,9.7403
172714849,241.53601,15.3988,8.3645
445083017,224.11938,14.236111,8.441
98505337,227.53296,15.602827,7.9474
172714350,241.56764,14.127962,9.201
393650254,239.8854,14.167237,9.7341
393650251,239.96518,14.158479,9.8726
199520598,234.4134,14.153725,9.9432
141416775,232.91428,14.259604,6.79326
199520592,234.47266,14.139838,8.5463
72732774,223.08226,14.66701,8.4269
72732806,223.06981,14.491274,6.8779
141416540,232.94255,15.135522,8.6778
141418414,233.09851,15.623879,7.43762
393650270,239.8913,14.193297,7.7825
105777788,244.0282,14.366874,8.334
105875508,244.48969,15.227755,9.4904
119743988,226.00723,15.3361635,9.195
157086240,233.72122,15.760284,9.9678
393782073,241.03078,14.863418,8.8715
119735437,225.06183,14.423813,9.2225
119735533,224.99019,14.833326,6.19465
157086239,233.68935,15.757209,9.5481
119795001,234.83565,15.269231,9.47779
393644486,239.63672,15.779806,8.7232
393645839,239.84451,15.715869,9.8812
157124615,242.44032,15.909666,7.2434
119886720,236.66682,15.05887,9.7133
98537460,230.41472,14.314752,6.6481
105736839,240.46199,15.338648,9.86784
450357391,229.5618,14.194746,8.335
4062916,228.24191,14.803878,8.17584
105737102,240.45706,14.6137,9.56914
119839778,235.8972,15.669296,9.8492
400019205,231.03406,15.152077,9.4822
119839269,235.96274,14.097028,8.7534
416609640,220.46712,14.853032,9.3083
119816834,235.85289,14.520435,8.6808
119816860,235.79755,14.461303,9.3581
148008469,226.52751,15.208772,9.76126
159666457,231.54782,14.895385,9.3147
119884796,236.53966,14.675023,8.79598
119884874,236.5689,14.924426,9.7565
400045146,231.21701,15.968188,9.93441
147996946,226.26929,14.088103,8.2237
172653743,238.82405,14.604088,8.32538
147997149,226.26326,15.056524,9.55258
172653641,238.84505,14.92624,9.80297
400020578,231.16104,15.629295,9.93611
400020674,231.12436,15.3364725,9.0174
4064456,228.32346,15.449956,9.291
4064638,228.37698,14.761922,9.75131
4064734,228.37761,14.425312,9.80137
172748998,241.86621,14.021424,9.6476
329072552,237.7301,14.678584,8.66468
329072555,237.7265,14.676106,9.41766
198515487,234.20439,14.950313,8.3601
172647943,238.4741,15.54878,9.8612
450355867,229.52425,15.811661,9.3362
219735319,235.22667,14.881959,9.4943
219735331,235.21338,14.829093,9.3086
450356301,229.4318,14.208911,8.9061
157084142,233.53812,15.057752,7.8034
157084258,233.57318,14.691921,9.8791
233492387,235.42809,15.31308,9.2852
233494283,235.59842,15.536879,9.7411
233494136,235.51822,15.014758,8.946
393702450,240.20308,15.042422,8.4224
219735508,235.24464,14.102096,8.7579
233493891,235.59337,14.173046,9.2039
157084067,233.5423,15.275679,9.5066
157084438,233.5863,14.106036,9.4641
219735489,235.13841,14.194864,8.4807
393654098,240.11208,14.615487,8.2442
284075387,228.75845,15.722774,9.0351
72732612,223.05821,15.398203,8.29077
72732635,223.02777,15.314662,8.77268
4025499,227.92252,15.684605,9.7084
141418300,233.0814,15.18845,8.2998
72732706,223.0231,14.9883,8.51053
416612433,221.52477,15.131772,2.6845
450353304,221.17259,14.692822,8.6698
172750925,241.99174,14.374805,9.8427
98505290,227.4738,15.734022,7.7825
72731592,222.91057,15.752519,9.6245
119957076,242.87021,15.123629,9.0843
141339646,232.41916,15.041993,9.14241
149647199,244.82928,15.189885,8.6091
418028235,225.81442,15.268296,8.90103
418036300,225.82405,14.136889,9.71325
418028300,225.70712,15.040552,9.10109
119735422,225.00348,14.350586,9.5633
418036253,225.71387,14.267732,8.8515
445079020,221.71982,15.3784895,9.56994
450376524,229.70871,14.595158,9.66031
229551655,223.2353,15.132356,6.89924
198515480,234.1774,14.924791,7.05631
119814762,235.7416,14.556901,9.46852
393702648,240.09825,15.667422,7.59739
105878632,244.62119,15.541627,8.26738
450376241,229.71024,15.686443,8.6775
199506158,234.35548,15.392984,9.5054
199506479,234.29149,14.279904,9.5009
105878625,244.62778,15.534479,9.8195
119839506,235.90344,14.758695,9.76815
119839430,235.94981,14.500582,9.65877
416609808,220.3987,15.556346,9.62551
119839624,235.88208,15.158971,9.4077
416609561,220.48906,14.453907,9.55402
105875307,244.544,15.681041,9.3743
141355573,232.56274,15.711378,9.06931
445850969,230.13669,14.824867,8.6961
445851199,230.08061,15.813341,9.0007
119681665,224.44814,15.058787,5.9049
98537281,230.40274,14.894963,8.98627
72726644,222.6403,15.008676,7.8245
141357027,232.69084,14.636475,8.6
119973991,243.27284,15.886894,9.0054
219737066,235.26201,15.956549,9.4975
393652523,240.0682,14.182928,9.5657
172603302,238.0093,15.0508,8.3882
172603562,238.0822,14.255482,8.5065
393645810,239.72266,15.815213,8.9294
72726814,222.61525,15.912724,8.8152
141356999,232.73636,14.744106,9.7668
148011015,226.73363,14.097849,7.9962
137055781,237.59496,15.651042,9.9104
105775099,243.86125,15.707757,9.5394
219735149,235.238,15.672822,9.503
172605106,238.23047,14.191862,9.8806
119885027,236.54689,15.42183,3.5983
393644545,239.64844,15.972783,9.8199
119886901,236.69849,14.496406,8.87089
393644505,239.66423,15.872056,9.449
157124871,242.34567,15.175703,9.3838
119885025,236.53818,15.420921,9.0303
119886706,236.69235,15.093311,9.6139
157086047,233.64743,15.103861,9.63707
172751140,241.98781,14.914819,8.89698
157124788,242.34631,15.426416,9.58297
119885068,236.59996,15.526701,6.48097
141414843,232.86089,14.612088,9.80655
119738264,225.22147,14.756786,9.6235
119639358,220.70105,14.082867,9.99237
119639485,220.69737,14.694644,8.2258
172655611,238.89915,14.735938,9.30354
157111854,236.09084,15.29973,7.5877
141356801,232.68541,15.503667,9.9127
119639627,220.67621,15.367464,8.552
172655456,238.86392,14.290224,7.85916
157111923,236.00351,15.562271,8.3253
393706574,240.60362,15.8866005,8.3988
4027674,227.99655,15.489906,9.16961
119707417,224.56717,14.480783,9.2523
172648017,238.44824,15.755558,9.6107
172649733,238.51556,14.95334,8.82242
72680701,219.71619,14.458092,8.9813
157122435,242.2063,14.723016,9.65061
157111631,236.03424,14.561958,8.94634
119615307,220.5755,14.380267,9.92989
157035153,233.1694,15.240594,9.86012
445081454,224.05513,14.446262,5.9431
141357036,232.75125,14.589456,9.9015
172656004,238.97208,15.916044,9.2282
141421919,234.02849,15.839302,7.5458
119954667,242.71956,15.175318,7.45571
119974450,243.24081,14.654967,9.3835
445848259,229.89603,15.646113,9.7185
393652461,240.02275,14.352972,9.6268
393718340,240.82661,15.671479,9.3048
393720447,240.86472,14.57303,9.959
393782162,240.96495,14.597796,9.8016
445848261,229.90247,15.65476,7.87694
399983130,230.50035,14.863604,9.7303
172605453,238.17595,15.228237,9.4725
147995571,226.09264,15.618334,9.8156
119888422,236.82214,14.115414,5.6324
119986661,243.40654,15.8047085,8.2695
119915771,242.59276,14.874929,8.1055
416612282,221.57614,14.510289,5.6409
416612451,221.56073,15.222554,9.5711
416612435,221.51372,15.165717,9.045
445849630,230.02556,14.561063,5.56755
148768637,227.05977,15.423529,9.0712
119954559,242.78682,15.444358,9.3433
105770546,243.56935,14.629121,9.32026
105770072,243.56909,15.804606,7.8042
149649177,244.94481,15.493816,8.4977
105770159,243.65878,15.582086,9.4499
284101931,229.0407,14.474106,8.006
149647228,244.85106,15.259079,9.1932
98503803,227.35052,14.50337,9.1401
393650797,239.91057,15.900979,9.38737
119739470,225.3749,15.868887,8.1143
367679017,223.41649,14.698291,9.42752
367679271,223.44016,15.570081,9.83904
367679012,223.37733,14.6754,9.9185
98510060,230.26544,14.191271,9.76862
119739455,225.45518,15.925939,9.9187
4075616,228.63303,14.355672,9.96482
172651653,238.67244,14.545164,9.9887
98506950,227.59409,14.745351,8.1591
400021039,231.09114,14.090825,7.859
172651459,238.66605,14.006656,9.2863
105875771,244.47609,14.66786,9.05026
172712418,241.36128,14.868745,9.8712
450356201,229.47035,14.576294,9.71534
219735468,235.22452,14.296757,9.08061
233492689,235.38588,14.18266,8.84766
393702334,240.11427,14.65246,8.76079
450354912,221.29958,15.807238,8.0366
450376314,229.77052,15.422049,9.32757
229550305,223.22203,15.182025,8.78431
137026415,237.01074,15.917309,8.3601
137026983,237.08049,14.007571,8.68554
119986561,243.38335,15.507211,9.9845
137032179,237.15369,14.328308,9.8647
137032194,237.19939,14.3945055,7.6126
157153527,244.2503,14.903865,8.6943
284075419,228.78575,15.848184,9.7398
418041183,227.31923,14.807159,8.7922
367680473,223.57513,15.529957,7.5118
137056182,237.53963,14.136354,9.59176
105875370,244.50853,15.525682,8.06276
72729045,222.8917,14.764159,7.5007
72731504,222.90608,15.317563,7.7161
258105318,223.7082,15.32532,6.94897
445851097,230.16226,15.380287,7.8649
198304572,227.1737,15.97442,8.67313
141357049,232.75455,14.525318,9.17878
393645829,239.75739,15.746666,8.3992
393651997,240.05502,15.778764,8.35068
172603242,238.0023,15.235924,6.7519
393645996,239.75697,15.167093,8.9371
119708966,224.61554,14.398494,9.75206
198304855,227.17851,14.898088,9.19737
141355574,232.55785,15.712008,9.94352
393652490,240.05545,14.2669,9.40956
393652521,240.06627,14.194101,9.5529
393652522,240.04942,14.186782,8.4637
377415363,239.11327,15.661608,3.3676
393645923,239.75682,15.406115,9.69871
119841203,236.17128,15.693297,9.9297
119841374,236.23726,15.055122,6.8438
119841145,236.20808,15.90146,9.3795
119841542,236.13904,14.553008,9.8585
393633829,239.31071,14.414481,4.5484
141419852,233.93715,14.85898,9.8906
172748315,241.93874,15.710345,6.67915
1204914334,242.87001,15.123732,9.0976
141420046,233.95932,14.281927,9.5511
119916259,242.68106,15.617154,9.2591
445852384,237.2396,15.695944,9.74605
445852824,237.25562,14.301356,8.66643
105849905,244.3715,15.695974,9.61573
393633888,239.30458,14.193931,9.6353
172744314,241.67615,14.259955,9.5175
137033804,237.47096,14.065663,7.0157
148012453,226.88193,15.680763,8.4969
445848338,229.89775,15.955765,7.6042
393718814,240.8178,14.289585,8.8506
172605710,238.22069,15.94321,7.6083
4073433,228.46115,14.114169,9.32352
4073527,228.44647,14.448427,8.43159
4073529,228.44676,14.449734,9.50539
148012459,226.86044,15.650835,9.04112
399983180,230.49188,15.117506,9.49919
393718649,240.82849,14.724888,9.99409
172605338,238.1884,14.922607,9.78121
119986125,243.3352,14.290793,9.1505
119986478,243.36252,15.263455,8.6791
400020900,231.1282,14.556656,9.1705
119974517,243.21219,14.45013,9.7221
284102517,229.03488,15.541293,7.7166
98504121,227.32672,15.666106,9.63849
149647347,244.81801,15.532333,9.82802
119639487,220.67685,14.708575,6.2513
172655975,238.89658,15.838026,9.4295
119642006,220.9689,14.39817,8.43406
141421433,234.13864,14.164066,9.57769
393706304,240.64143,15.177914,9.60052
98506881,227.6708,14.494066,9.20227
400017779,230.83751,14.045179,7.22831
367680635,223.47899,14.971038,9.9784
367680607,223.48926,15.055963,9.741
157055038,233.48813,14.46243,9.25499
445084255,224.3214,15.47669,8.5491
418039782,229.23161,14.224892,7.45737
141338069,232.38689,15.100379,9.989
105772898,243.69348,14.820665,9.91079
98508818,227.74683,14.251462,8.61166
119888658,236.77594,14.824903,9.583
4064324,228.38284,15.922268,7.83804
105775528,243.90263,14.676185,7.5624
148008507,226.56284,15.365973,7.9795
148768347,226.98354,14.374908,9.23586
141339880,232.47191,14.139279,9.8163
148768541,226.99944,15.116788,9.7422
148768660,226.97644,15.499464,9.3652
157109952,233.80278,14.63642,9.42596
148009565,226.59349,15.817156,9.61902
4063087,228.2901,15.420155,9.1175
98510221,230.26202,14.737449,9.90588
393642298,239.48245,15.127411,9.7624
72651471,219.34734,14.579652,9.50777
137026571,237.05566,15.400542,8.92585
418037758,229.09303,14.579471,9.53218
157153573,244.19185,14.790409,8.21459
119613818,220.18987,14.643513,8.67981
400046241,234.6077,15.7004,9.86139
119986465,243.36787,15.229219,8.74538
119743853,226.04498,14.758016,7.8873
119650355,220.91432,15.9638195,7.4586
400052592,237.92667,15.508389,9.1692
400052822,237.97832,14.852917,7.6096
119744100,226.05048,15.796457,9.9956
393718620,240.715,14.8052845,8.9086
400052459,237.86458,15.923111,9.663
400053120,237.95036,14.013554,8.622
400052775,237.95132,14.96454,9.89673
119792852,234.68735,15.414346,7.52471
119792986,234.71188,14.962919,8.65414
98505451,227.45209,15.08513,9.6063
393642490,239.49184,14.526613,7.88752
4063220,228.24072,15.768832,9.95113
119741043,225.56271,15.084929,7.8617
393642180,239.55037,15.469801,8.68928
119813053,234.89563,14.879746,9.85337
119888788,236.771,15.241779,9.97932
119888753,236.80006,15.153269,8.7099
393642425,239.47816,14.750612,9.8804
98538876,231.39456,14.4643755,8.23216
98538920,231.32425,14.5861435,7.4351
284076544,228.86514,15.205906,9.3419
119710447,224.76108,15.61384,9.8876
98538858,231.35818,14.397305,9.5784
98535896,230.26543,15.74128,9.82491
119652802,221.85368,14.59035,8.2171
119652960,221.8178,15.140712,9.4636
229550548,223.15738,14.079289,9.1606
172746107,241.78981,14.204542,9.61199
416611016,221.45335,14.642269,8.15282
172712253,241.39598,15.257478,8.0893
450354797,221.30324,15.300888,9.77359
450376436,229.69624,14.909104,9.1502
141419577,233.90463,15.807817,9.82039
141419660,233.90239,15.509479,9.67412
377413810,238.97772,15.389789,9.4472
377413791,239.02863,15.3174515,8.9895
119741092,225.54099,15.288238,7.8989
119741196,225.46637,15.781281,7.9785
119741200,225.46779,15.788392,8.0053
445079052,221.62466,15.518984,7.8777
119667827,222.26086,15.300089,9.3777
119680078,222.38988,14.214332,9.512
157034872,233.25525,14.29619,8.7271
462578375,222.12292,14.461741,8.91627
157035131,233.26462,15.156583,9.05674
159666198,231.56937,15.845038,9.8474
377413602,239.06187,14.750872,7.91985
119740814,225.51306,14.0339155,9.2284
119741052,225.46423,15.105815,9.31914
119667991,222.2622,14.664031,9.84343
119680257,222.37643,14.89512,9.74966
98538988,231.38579,14.82638,8.90008
98539037,231.31787,15.060055,8.1051
157124641,242.4165,15.835376,8.3518
4029189,228.14972,15.04489,9.9487
1100714541,236.60985,17.125233,9.9528
1101105969,220.32202,16.100252,9.8084
1101107340,220.18303,16.417799,5.6295
1101107341,220.18149,16.418322,4.9682
1100807952,231.83627,17.635344,7.5611
1100520658,225.63776,16.05508,6.4675
1100529541,225.71832,16.914734,9.57969
1101115769,223.10757,17.956467,8.7236
1101115770,223.10718,17.956455,9.2559
1200074371,244.70451,17.39958,9.0396
1200074372,244.70413,17.399487,9.1469
1204929853,243.68971,16.006512,9.5302
1204929854,243.68958,16.0068,9.5046
149622256,244.70451,17.39958,9.0396
351240404,223.10757,17.956467,8.7236
119614231,220.18149,16.418322,4.9682
418027776,225.71832,16.914734,9.57969
159673677,231.83627,17.635344,7.5611
416608066,220.32202,16.100252,9.8084
418027160,225.66042,16.661196,9.671
418027000,225.63776,16.05508,6.4675
105770001,243.68958,16.0068,9.5046
119885589,236.60985,17.125233,9.9528
119910132,236.77617,17.85032,9.715
119910109,236.75871,17.815554,9.8984
105850602,244.3262,16.429127,8.4743
105850178,244.33022,16.030483,9.893
105840299,244.01369,16.43231,9.91412
105840175,244.00446,16.269806,9.3193
284103136,229.03848,16.519579,9.8094
284104221,235.09691,17.398117,9.17062
172649060,238.54292,16.99105,7.303
72685115,222.59993,17.571804,9.9037
72685518,222.5693,16.80544,8.81366
459273502,234.16579,17.919315,9.6976
119588724,219.96829,17.322613,9.8786
119588999,220.02731,17.874956,9.9558
172606516,238.33414,17.286861,6.0351
392383307,242.83461,17.88312,9.8979
149732624,245.77525,17.468794,7.7775
258107135,223.77827,17.70142,6.9786
105768615,240.46788,16.151165,9.4813
393721493,240.93161,17.668549,8.7843
149690184,245.54669,16.732285,9.9998
149690001,245.46703,17.198893,9.5694
149648313,244.94432,17.790615,7.9225
119954006,242.77553,16.798567,8.4015
119954058,242.70912,16.680038,9.2578
172715587,241.55328,17.328539,8.9016
172715161,241.49265,16.19632,9.3339
172715450,241.5429,16.932545,9.8623
149622235,244.78522,17.461395,9.8537
149647604,244.8491,16.201576,9.7855
172716064,241.59642,17.170225,9.95051
105778497,243.99466,16.029934,7.8829
149647553,244.80917,16.068405,8.5552
355791511,230.30077,17.959044,9.71417
149690200,245.42928,16.696487,9.31988
393720966,240.90474,16.078812,9.7728
119885708,236.61308,17.533148,9.2911
149684773,245.17451,17.37557,8.0713
149684933,245.07094,17.76318,8.828
119640279,220.76105,17.373243,9.0892
418039028,229.29294,16.858908,9.8608
172606764,238.31793,16.488306,9.3607
98536560,230.36127,17.638536,7.9645
418038978,229.27565,17.06665,6.6374
418039229,229.23848,16.103546,8.8217
98507937,227.8022,17.391098,8.3604
172606465,238.23381,17.403149,5.21352
172606706,238.26271,16.669258,8.1165
418027253,225.64871,16.960962,8.684
393632979,239.3005,17.208395,9.0329
329071943,237.68944,16.234781,9.7464
418027159,225.66042,16.659708,9.2623
400019547,230.99913,16.403883,9.7792
119741787,225.90373,17.655144,9.5192
393632986,239.31297,17.18594,7.28928
119973576,243.22241,17.105755,8.7276
119987655,243.52304,17.230085,8.62071
329071521,237.61276,17.522058,8.4012
284762293,237.79471,16.139687,7.0227
98504805,227.48221,17.718115,9.01085
119917149,242.78996,17.927073,7.83223
284103116,228.98164,16.494423,8.64122
98505192,227.50987,16.1724,9.8731
98505208,227.50656,16.089003,9.86868
445084538,224.31824,16.88227,8.3404
172715616,241.55975,17.40348,9.05006
119987450,243.53873,17.74506,9.5432
445082172,224.05367,17.7482,9.8138
172747075,241.78293,16.893774,8.3747
445082415,224.1037,17.08975,9.016
157124189,242.36267,16.911667,9.4485
149622282,244.69559,17.328194,9.5257
149622513,244.74545,16.756653,8.8936
149622710,244.7321,16.214666,9.7955
149622754,244.79124,16.072752,9.9871
445082574,224.20132,16.328962,9.0655
149622573,244.6852,16.614973,7.1736
416609943,220.4456,16.222054,9.9514
149684780,245.0621,17.384256,9.719
416607794,220.29855,17.591436,9.8048
416609903,220.44601,16.104393,8.6177
400019479,230.97244,16.143484,8.5626
258107115,223.73788,17.604101,9.9172
418038809,229.17776,17.623167,9.7277
159704366,232.1982,17.512054,9.37621
98536142,230.263,16.664835,9.14767
119733224,224.76857,17.241137,9.4322
329072036,237.65501,16.005245,9.71918
98536974,230.33565,16.024668,8.9321
229549726,223.11893,17.770758,8.4579
119885870,236.65567,17.911766,9.8545
418027956,225.72577,16.24492,8.9942
119886064,236.67726,17.231339,9.3613
172602591,238.10564,17.32426,9.5556
149690011,245.54503,17.175323,8.9576
4074740,228.60158,17.314913,9.0479
393644627,239.70451,16.211082,6.41764
418027500,225.8043,17.975655,6.29259
157086941,233.88846,17.655556,5.25843
4074205,228.50168,16.78546,9.0692
4074352,228.46245,17.299788,9.5531
147997499,226.32646,16.54581,9.56139
98536290,230.19427,17.197618,9.86973
4063371,228.24103,16.332258,8.6497
4063774,228.20207,17.925606,9.6771
149685303,245.25113,17.143045,9.6468
72732073,223.06071,17.682308,8.9601
149737192,245.84654,17.5847,8.2813
399984243,230.54247,16.172314,9.9965
119958309,242.979,17.496128,9.9424
199521188,234.4394,16.26417,9.4822
284075808,228.79408,17.568325,9.2027
399984256,230.58409,16.112764,6.901
72732052,223.08603,17.781384,6.4389
141418727,233.06384,16.781847,9.5601
199521254,234.38899,16.529654,6.64494
149737023,245.89165,17.129416,8.712
159673859,231.84117,16.921251,9.7345
159673905,231.86691,16.746708,9.2201
141419447,234.00677,16.260292,7.754
137034427,237.39455,16.33103,9.6498
72685466,222.5501,16.903128,9.715
284762570,237.78027,17.146902,8.461
4025396,227.85724,16.019106,9.9199
149763586,246.23872,17.860264,9.5986
450355178,221.31026,16.964268,3.7972
119741562,225.57059,17.233765,8.5855
119738621,225.25867,16.159245,7.2311
4025320,227.91615,16.29163,9.0376
172751946,242.01886,17.046978,4.18818
172751954,242.02061,17.054361,5.31704
172656043,238.85721,16.007387,9.5692
199521279,234.40138,16.628376,9.96371
4027922,228.04372,16.353579,9.6072
149690360,245.42834,16.252275,9.4165
72685727,222.56577,16.404194,9.9769
119812505,234.97516,16.774542,9.498
72685252,222.53572,17.29859,9.5586
157035391,233.26965,16.012035,5.4715
119795978,234.97673,17.421072,9.9934
172652437,238.71298,17.224543,8.2769
172656116,238.85565,16.262136,9.6681
172706343,238.91524,17.052227,7.47071
157112369,236.02753,17.035284,9.9822
119708247,224.63806,17.639927,8.1747
119614851,220.57181,16.57102,8.656
141338807,232.30795,17.803543,9.8341
157052698,233.35892,17.082094,9.5796
119795408,234.78961,16.604322,7.2433
119816061,235.86014,17.124233,9.0545
157112215,236.12227,16.510347,6.0903
393706754,240.61127,16.330318,8.3824
400052103,237.86806,16.950712,9.5058
149689722,245.3275,17.846968,7.33596
149689521,245.4085,17.226007,9.2809
219734902,235.22655,16.6343,9.5476
149684976,245.16478,17.868965,9.6596
157083711,233.6411,16.354486,9.9714
233494501,235.56361,16.377335,9.1709
233494516,235.5084,16.432667,8.4138
219734910,235.19548,16.595102,8.162
219735056,235.24625,16.024591,5.19905
393703149,240.21497,17.224127,9.0829
393703392,240.30963,17.818356,4.2508
119987935,243.46808,16.434305,5.6069
105769293,243.63953,17.840714,8.387
219734669,235.17926,17.564133,9.9996
393721040,240.84842,16.31964,8.5933
399983481,230.47882,16.502245,7.7518
416607827,220.33597,17.442024,9.21575
400020410,231.13786,16.233742,9.7767
119651041,221.11589,16.76646,8.7347
119651122,221.00185,16.441973,8.4582
393645606,239.82378,16.37462,8.64309
393651603,240.06157,17.179325,7.44462
119858969,236.39867,16.677174,9.2827
119987190,243.32666,17.440746,9.2112
119664541,221.91225,17.116224,7.3681
119858805,236.49759,17.130106,9.5088
119858877,236.43224,16.917688,8.8928
105774384,243.82716,17.465094,9.80266
172747395,241.76755,17.79327,9.9295
119653406,221.74925,17.085855,9.95
233491896,235.41441,17.070871,9.6395
233491900,235.49149,17.057377,9.408
119815433,235.67574,16.634262,9.6442
119957961,242.85822,17.469831,9.8117
159665074,231.44348,16.072704,9.9415
159665376,231.49074,17.111284,7.5939
284103735,228.96936,17.674305,9.5513
159668763,231.72607,16.992062,8.9622
233492140,235.45796,16.214212,9.4809
393702968,240.11533,16.64553,9.2438
141416211,232.96622,16.385822,8.8273
199505559,234.27896,17.813963,9.6369
393635839,239.39061,16.072674,7.45221
199505821,234.29146,16.768663,9.1014
119958138,243.01144,17.97796,7.7872
159665397,231.46872,17.169632,7.9932
199505686,234.2864,17.292418,9.9038
233491757,235.48026,17.688517,9.7642
233492111,235.45529,16.31785,8.3188
119815650,235.65756,17.37162,9.3033
229567348,240.18292,17.900755,8.4236
119736552,225.10852,16.57029,9.722
119736676,225.15224,16.106379,8.8119
416612697,221.58632,16.231417,8.7591
445848840,229.99405,17.765808,9.3168
119973178,243.09846,17.589277,7.7056
119954219,242.7368,16.272966,7.8149
105769193,240.50824,17.739183,9.8714
119973091,243.07797,17.311663,9.5396
416612744,221.59702,16.496698,7.9445
450375568,229.57149,17.28099,9.5164
157123412,242.211,17.04474,9.57462
157123547,242.2745,17.366476,7.77634
157152994,244.23291,16.263155,8.72728
157123189,242.22977,16.585873,9.44728
393721831,241.04965,17.100641,9.21378
400045179,231.26624,16.087831,9.3046
450375624,229.60202,17.571045,9.8914
445082412,224.12473,17.103214,7.21568
72732082,223.07281,17.65554,9.80588
119840329,235.9763,17.367325,9.91121
72732294,223.0538,16.766525,9.9821
119958186,243.03723,17.807756,8.68902
141418531,233.04031,16.056168,6.27116
105842439,244.1825,16.412666,9.67665
199521444,234.50603,17.247768,8.2251
450355034,221.32458,16.342464,9.0149
141419491,233.99986,16.109514,7.38008
105874125,244.35263,17.195885,8.2512
141419215,234.00713,17.177362,9.806
367679927,223.58318,17.695465,8.2406
520800093,230.4786,16.502455,9.9919
4074399,228.53291,17.40982,8.7779
119886213,236.71396,16.721506,9.38043
418027584,225.78174,17.614635,9.74687
418027895,225.80486,16.409454,9.99015
157086910,233.82915,17.74807,8.82893
157086956,233.86436,17.630686,9.02089
416610572,221.46397,16.757105,9.5403
137035190,237.60086,16.750362,8.7808
119738647,225.25734,16.25135,7.8205
416610407,221.43977,17.504902,7.1073
416610451,221.44115,17.297754,9.4324
416610560,221.47482,16.798113,6.3358
400016329,230.71544,16.059597,9.0774
72727292,222.84703,17.6944,8.5493
4027858,227.99593,16.099112,9.94029
119791880,225.9743,16.992271,9.7269
141415314,232.83339,16.092932,9.34205
141422008,234.12183,16.119085,5.5962
119640031,220.66277,17.252478,8.91107
400016530,230.78114,16.83274,9.6155
149689723,245.36627,17.847319,9.15743
157112279,236.02827,16.740215,9.94043
149689232,245.31342,16.427639,9.68803
119741596,225.49063,17.408386,8.76217
172752010,242.0223,17.229052,8.2097
393651244,239.94969,17.380745,8.2609
119738997,225.43913,17.911774,9.4054
172752043,242.00923,17.330074,9.00358
393651216,239.94704,17.309746,9.49376
393651241,239.94553,17.376326,8.609
367679590,223.3524,16.810175,9.9532
367679774,223.41473,17.557177,9.8644
450352650,221.22585,17.612907,8.2087
119736671,225.15207,16.122301,9.924
172648454,238.3828,17.09268,9.8783
98612854,231.31429,17.745354,9.68664
148769241,227.04382,17.871078,8.6308
445849214,230.03558,16.18538,7.3035
119954197,242.78337,16.30888,7.7369
416612800,221.51355,16.777521,9.36443
172648177,238.35645,16.191511,9.9726
445851401,230.09717,16.55558,7.9036
445851648,230.164,17.53174,9.92894
72679897,219.66731,16.026117,9.21276
393703524,240.31442,17.436766,8.68177
233491754,235.40565,17.704653,9.10948
98504592,227.35571,17.37701,8.6181
137032796,237.15991,16.608582,8.9748
119957767,242.87514,16.97771,6.54492
149647969,244.8667,17.1783,8.6474
149648815,245.01204,16.448425,9.9575
345561805,223.6933,17.932806,9.4489
149648959,245.04893,16.055664,9.7936
445852093,237.35718,16.670557,9.6821
105769544,243.57759,17.188446,8.68977
119667212,222.08095,17.84454,9.8336
172748102,241.94559,16.231258,8.892
393703308,240.10616,17.785727,9.7914
172715603,241.49693,17.358965,9.8335
119916606,242.64049,16.528044,9.8421
119666786,222.10083,16.142738,8.11406
157112917,242.19429,17.205637,6.14487
105841401,244.06773,17.772236,8.5818
105874953,244.53018,16.506935,9.7914
1100542038,224.74327,17.528172,9.5263
119650805,221.10287,17.871803,9.87452
172603003,238.03136,16.041342,9.96709
72727090,222.6232,17.175444,9.17612
105840719,243.94106,17.024017,9.5373
119973707,243.29646,16.713009,9.53559
393645243,239.84451,17.608585,8.69035
258105186,223.65207,16.00977,9.53519
393645282,239.73451,17.424238,8.82256
258105009,223.67534,16.89569,9.73319
258105042,223.63464,16.731476,9.5589
258106991,223.73318,16.793001,9.9169
119973616,243.22527,16.999956,9.18754
258105174,223.62181,16.101055,8.01541
119653547,221.82135,17.664564,9.4124
172747925,241.94023,16.73456,7.77172
119664733,221.95999,16.208628,9.22846
119857987,236.30966,16.15046,9.66831
119653576,221.85109,17.757252,7.8967
172652920,238.80502,16.975098,9.7907
4028639,228.13501,16.933279,9.1142
351271667,225.01042,17.992954,7.7572
400046012,234.60149,16.494444,9.1739
105773964,243.77068,17.379387,9.8854
172652809,238.74417,17.287067,9.6708
229552214,223.32349,17.559141,9.89959
141419293,233.91216,16.895933,8.28882
229550073,223.16092,16.302322,9.6219
119840787,236.21873,17.045048,7.9665
119840895,236.20074,16.737356,5.99821
418038494,229.08688,17.120972,9.7559
98612680,231.38803,17.039074,9.5854
418038195,229.11942,16.062277,9.8637
157113351,242.17632,16.045822,9.8328
157055810,233.4696,17.137356,6.1799
119972774,243.13765,16.5393,7.77499
159665124,231.51787,16.239912,8.97593
450375937,229.7724,16.942282,9.31824
141416260,232.95201,16.234472,7.30153
199505897,234.35248,16.443712,9.76802
149736941,245.83434,16.910658,9.06349
119840693,236.17555,17.264221,6.16137
345293511,221.38933,17.884747,7.4173
119815742,235.71199,17.672455,9.8431
393636057,239.37534,16.736162,9.58048
159668647,231.74617,16.551273,9.7906
233491975,235.44801,16.79944,9.52305
157152635,244.2458,17.166115,9.90025
400020283,231.12346,16.682844,7.71654
4064120,228.33926,16.737698,9.8664
157151738,242.57062,16.46661,9.2502
157151767,242.55585,16.539507,8.8029
157151833,242.51282,16.669064,9.4812
119910740,236.87862,16.858095,9.0438
400020131,231.07773,17.244102,9.3893
148009259,226.57722,17.181446,9.8145
157151966,242.54538,16.99653,8.5838
355810377,231.52673,17.915316,8.7199
172746819,241.77603,16.22301,8.2024
284104605,235.0668,16.743147,9.0662
157124240,242.41621,16.805052,7.3153
119733307,224.74323,17.528105,9.686
119733419,224.88193,17.891003,8.9394
355810382,231.49043,17.963984,9.8899
157124235,242.39653,16.81914,9.942
119916922,242.57912,17.362982,9.8899
157124078,242.38992,17.17831,9.8904
119710740,224.7984,16.794493,9.87541
450355596,229.52379,16.950682,9.66988
450355695,229.50949,16.501123,9.6593
416610588,221.45796,16.702652,9.28991
172746940,241.75299,16.526398,8.44158
105874454,244.46532,17.776976,8.24131
172746875,241.71022,16.352404,7.47216
400016385,230.68115,16.261314,7.6473
4027988,227.97984,16.633156,8.7257
172648629,238.35991,17.661001,9.76657
450355701,229.48355,16.493256,9.7653
172648130,238.3953,16.074934,5.7983
159673528,231.71754,17.726498,8.77744
172648612,238.44699,17.616386,7.81302
172746943,241.80759,16.53106,9.5735
149737463,246.0181,17.5116,9.93979
393717845,240.77164,16.972717,8.2164
157035654,233.2055,16.865332,8.984
105773522,243.72896,16.345575,9.5244
445084447,224.29866,16.388128,4.91422
445104945,224.25117,17.97113,8.8265
98612834,231.39473,17.679823,9.12642
119667465,222.33394,16.816322,8.3713
311116421,221.26216,17.94888,9.3372
119680928,222.39664,17.705881,9.3566
119708116,224.51144,17.718649,8.9661
172652549,238.70038,17.60719,9.77228
172602757,237.99866,16.802258,8.7313
4074120,228.43985,16.51144,9.13318
119812616,234.91644,16.314014,6.67376
119614660,220.58856,17.418783,9.25996
141356639,232.77246,16.137491,9.676
119812532,234.88994,16.654099,9.22774
119958671,243.05368,16.51774,8.40318
119792303,234.65799,17.285702,9.6538
119973835,243.21597,16.306067,9.1641
445848837,230.02182,17.773737,7.3108
445849134,229.96631,16.464197,7.12835
148012010,226.8512,17.449507,8.8855
393721536,240.95764,17.80277,5.72565
172606193,238.218,17.557228,8.2243
445848416,229.88187,16.345137,9.2756
172606887,238.2499,16.138811,9.8564
418038410,229.10529,16.794872,9.619
445849166,229.94176,16.38196,9.1055
418038409,229.10677,16.794273,7.121
400019926,230.92305,17.866959,7.54521
105773888,243.8039,17.213057,9.38
400046040,234.61147,16.424164,8.3134
416610248,220.43242,17.614315,8.2516
416610296,220.4911,17.885035,7.8893
172653241,238.82956,16.044395,7.7369
172653063,238.76353,16.544617,9.17833
172653120,238.8237,16.411133,8.89922
393636582,239.49799,17.323984,9.92543
148008875,226.54105,16.97986,8.82628
157151667,242.5111,16.282747,9.52503
137032983,237.12737,17.211872,9.72472
172710610,241.29163,16.465485,8.93376
119957643,242.86975,16.665691,6.09353
149647692,244.81856,16.426683,8.48094
149732653,245.72058,17.403267,7.87878
149763324,246.05568,17.370718,8.7098
149763442,246.1374,17.646492,8.962
172710446,241.2258,16.021706,7.9482
149648874,244.95927,16.280264,9.77529
4074926,228.66243,16.650034,9.96596
4075021,228.63976,16.324503,9.82104
119650781,220.92229,17.942427,9.58387
393632919,239.26085,17.436523,9.4385
393633100,239.28946,16.835161,8.90318
119650683,220.89388,17.55132,9.5835
119614218,220.19234,16.38438,9.7926
159665498,231.46819,17.563053,8.62174
450355532,229.51071,17.226748,9.0144
119680831,222.47836,17.271267,9.2311
172602645,238.09993,17.120241,9.68815
148012321,226.92622,16.23936,9.697
445848966,230.03354,17.24541,8.97437
399983616,230.42606,17.0632,9.11376
148012013,226.84184,17.414692,9.8878
148012054,226.92259,17.228733,8.11236
148012176,226.92632,16.809786,9.6717
345293518,221.41194,17.93339,9.62495
157124326,242.43245,16.57163,9.73355
172710522,241.24731,16.212118,9.27674
172710658,241.27834,16.57343,9.865
119733257,224.7425,17.326975,7.2797
98612549,231.38902,16.527246,8.2638
157124352,242.41487,16.498337,8.1679
119916990,242.61703,17.548477,8.8944
105841476,244.08492,17.669853,9.5362
119733596,224.93143,17.078316,9.96334
172710640,241.31662,16.539274,9.88597
1100850019,231.59476,18.934486,9.901
1101124558,222.84744,19.100456,4.0117
1101124559,222.84602,19.101912,5.6743
1100837819,235.11853,18.671469,8.0522
1100837820,235.11855,18.671688,8.0892
1100764916,237.72223,19.180046,9.1793
1100764917,237.72215,19.180332,8.5254
311180437,222.84744,19.100456,4.0117
1200090068,244.23985,18.846046,5.972
1200101161,245.65659,19.176893,9.8714
258029166,232.37602,19.485674,9.881
1200117360,243.89136,19.73495,9.32526
458711646,232.1041,18.792223,9.993
135259929,243.89136,19.73495,9.32526
471011949,244.23985,18.846046,5.972
458720439,244.98097,18.266582,9.776
307910224,237.72215,19.180332,8.5254
137031010,235.11853,18.671469,8.0522
355813374,231.59476,18.934486,9.901
359292188,245.65659,19.176893,9.8714
311180087,222.82361,19.708132,9.5602
287081516,220.64017,19.479681,7.739
311180654,222.76205,18.720728,8.9645
458714254,236.63495,19.9543,8.933
334726539,231.15697,18.720436,9.4628
345299634,221.73805,18.300264,8.7284
345301657,223.16002,19.063982,7.25883
345301721,223.21739,18.906775,9.202
345299409,221.81105,18.875303,9.8776
345299035,221.74855,19.79945,6.41746
345299622,221.77979,18.340544,7.88334
345301798,223.12515,18.739222,7.9243
345299563,221.75438,18.506279,9.8185
1101121947,223.12465,18.739653,9.469
137054713,235.38773,19.6704,4.5026
284383203,241.54878,18.370335,7.9397
137021930,234.67804,18.950174,8.85795
229578254,240.94673,18.33571,9.1464
445912919,241.38454,18.573805,7.2008
229570467,240.28891,19.3653,8.1791
347438200,222.91112,18.99498,9.34976
445913239,241.40851,19.549475,9.9911
445913309,241.45987,19.774647,8.72159
347438105,222.93092,18.341896,9.0733
347438220,222.92592,19.089228,6.5542
347438237,222.90851,19.17322,8.0347
334680098,231.1584,19.94258,8.67298
229578681,240.95387,19.652119,9.3981
351341108,226.58185,18.901026,9.8516
351415773,230.23676,18.767227,8.69727
287034084,220.25659,18.941565,8.6458
345562115,223.66614,19.122602,9.8943
355791741,230.31587,18.76492,9.74944
351269317,224.77434,19.567118,9.2224
445892419,241.18239,19.837515,8.0775
445892426,241.11482,19.848238,8.2741
135232809,243.69748,18.277302,9.38639
392382930,242.85559,19.008234,9.86779
334680155,231.14995,19.773502,8.67925
355810438,231.53716,18.171183,7.4116
229563308,239.72337,19.69642,9.0823
103892447,242.58934,19.993845,9.9819
355813710,231.79575,18.069464,8.9431
311186705,225.07341,19.648842,9.8988
284383252,241.6028,18.509495,9.5524
284383721,241.51405,19.855707,9.1069
459968090,237.56694,18.534472,9.4072
311181301,223.49643,18.499807,7.8574
349358695,228.01778,18.97604,3.4378
459965316,237.52406,19.977022,9.9167
284383249,241.59424,18.501764,9.84078
445884490,238.50713,18.775085,7.6196
445884719,238.52249,19.410969,8.19223
445884675,238.5363,19.284897,9.23244
345562266,223.7403,19.74219,9.9243
355791679,230.28105,18.56444,9.6839
355791988,230.31216,19.550356,9.6917
351415708,230.24957,19.094292,9.99017
347505844,238.56895,18.346268,9.2305
351456716,231.94601,19.564352,9.275
359292467,245.6463,18.565517,9.6597
359293210,245.7971,19.040236,8.8756
347505813,238.65527,18.222527,9.91445
349376563,238.25888,18.571068,8.9612
310627323,246.4478,18.892462,5.3621
355791290,229.78844,18.853325,9.96281
229563634,239.76332,18.653694,9.86846
311186934,225.0921,18.71294,9.01537
459965283,237.4435,19.884768,9.6133
351354640,228.2788,18.135944,9.4023
284383494,241.56384,19.16828,8.6698
284383664,241.5367,19.717405,8.427
284383147,241.51929,18.227547,9.93909
383597475,246.47841,18.2593,7.6419
135260985,243.86005,18.282183,8.7123
458719809,244.95189,19.970556,9.7385
458719907,245.0529,19.67389,9.9795
135260601,243.86931,18.808088,4.7883
458720043,245.00859,19.321758,8.2094
422975364,238.0097,18.883411,9.1888
422976174,238.10464,19.72512,9.5462
356058022,246.59793,18.90409,9.9213
458711855,232.12048,18.014027,7.10929
135232783,243.69983,18.216564,6.6182
422975677,238.14621,18.047646,9.3442
422976046,238.10124,19.25793,8.83126
422976243,238.13208,19.973898,9.3199
345287060,227.8179,18.60765,7.1824
459964289,237.298,19.081938,9.6943
459964818,237.43071,18.514175,9.8486
198289361,220.915,19.886728,9.1236
345261231,227.69633,19.365232,8.8716
459964800,237.52928,18.44424,7.2899
459965216,237.50415,19.69252,7.2359
359311747,246.00244,19.63459,7.13538
359311880,246.04358,19.325388,8.235
359311944,245.99252,19.195074,7.7465
310489231,237.1849,18.141567,2.4514
445888128,238.91606,18.620743,6.32646
351415880,230.15593,18.190235,9.7147
258035031,233.82668,19.58328,9.9622
258087982,236.4794,19.591135,8.1667
137027850,234.97052,18.47281,8.9679
137054392,235.47798,18.464037,5.6389
359293377,245.76907,19.50598,7.22833
459279401,235.90926,18.648561,9.47478
347505747,238.68877,18.039186,9.1329
345353770,238.96529,19.002449,9.95889
229567791,240.21509,19.308111,8.52212
458720385,244.98811,18.439823,9.35836
355741388,229.71458,18.0244,8.1485
284181471,230.86467,19.89377,8.2863
284181488,230.90338,19.827913,9.6571
137030672,235.02824,18.38236,8.9636
137030927,235.16693,18.367752,9.966
137030941,235.14076,18.408966,8.9093
459279491,235.91344,18.337183,9.9773
267365256,223.34903,19.152796,5.2194
267365111,223.34244,18.543066,9.7279
267365445,223.37994,19.888397,5.97544
287033998,220.2173,18.739166,7.4478
311180714,222.81676,18.649841,6.7385
355810234,230.4321,18.43937,6.72506
258130795,246.31602,19.239733,5.2204
258046029,234.05524,19.237913,9.9669
458714845,236.74808,18.06719,7.999
459283373,243.10297,18.604357,8.7451
458714741,236.61394,18.177204,8.3921
345576667,226.99203,19.916037,9.7001
287054178,220.4056,18.457521,8.2028
345576770,227.07376,19.5132,7.3497
459283280,243.13837,18.856934,7.9127
229575162,240.65549,19.843197,9.2398
359293517,245.71796,19.8418,9.9866
445892093,241.15082,18.909895,8.3624
392383000,242.87009,18.818007,8.952
392383106,242.87805,18.464565,9.8517
445892162,241.18013,19.053102,9.2513
351369362,228.51414,18.157303,9.6747
229556506,239.2598,19.672474,9.55129
351268938,224.72467,18.149637,9.9016
345576891,227.05492,18.994108,9.95559
351369752,228.57768,19.971426,8.2636
345576914,227.0536,18.893183,7.77234
229557073,239.36795,18.040525,8.71666
355740898,229.6195,19.903427,8.7179
307915758,237.88524,19.289165,6.6922
284427745,241.80597,19.527287,9.615
103865621,242.18257,18.657906,8.5989
229566744,240.03719,19.90792,9.4536
229567224,240.01726,18.312387,8.2624
422975392,238.01039,18.816662,9.1945
359261890,244.54575,19.978058,9.1844
351369182,228.41615,18.398296,9.5014
345561686,221.89676,18.452103,9.6519
103838239,242.03976,19.841572,9.2963
103893560,242.67984,19.312826,9.74509
345261334,227.61128,18.985811,8.3363
459964454,237.3528,18.56088,9.03483
135273140,244.39061,19.686289,9.8953
135233419,243.6748,19.87837,9.9462
459276252,234.51582,18.844206,9.9448
459276070,234.5562,19.588364,9.1269
345336134,238.37347,18.487064,9.0234
351269316,224.65826,19.566832,9.3053
357472712,231.2562,19.243612,8.4283
307909777,230.956,18.088226,8.2219
356057793,246.62354,19.47946,8.09065
230220934,245.5712,18.53391,9.9259
459284076,243.15791,19.21412,8.545
137054102,235.33354,18.455387,8.514
445912451,241.36537,18.454515,9.8109
230220577,245.14119,18.455143,9.6794
347502952,235.64113,18.75825,9.2338
347502969,235.74509,18.853199,9.0389
307909904,237.7013,18.20153,9.252
349376681,238.28227,18.09796,9.5046
103889853,242.44666,19.511484,9.2815
229574234,240.53348,18.802668,9.5051
284383704,241.54114,19.82003,8.82478
103869163,242.41806,18.437973,7.2766
458719843,245.01147,19.859528,8.9943
230223928,245.88422,18.85608,9.3578
230224082,245.84595,18.398506,9.3406
311133900,222.1411,18.855608,9.0807
311134066,222.21445,18.19969,6.47551
459276990,235.84587,19.637678,8.7738
458719964,245.03867,19.495287,9.4802
459276974,235.84686,19.59837,9.5916
229567539,240.2025,18.527102,9.0386
355810342,230.51329,18.035585,9.5331
229578338,240.86523,18.586256,9.429
458721081,245.2513,19.360287,8.2507
351299924,225.57968,19.390596,8.1133
458711853,232.16821,18.018784,9.87305
198289596,220.87604,18.858124,9.13039
349376553,238.28928,18.60046,9.54105
229563726,239.75758,18.325878,7.2869
229563283,239.83565,19.7798,9.8658
229563326,239.79745,19.66586,8.2721
267365022,223.34595,18.235409,6.92302
229571102,240.4482,18.398182,8.519
459964791,237.483,18.413113,8.775
103893427,242.66057,18.939735,9.2751
351240072,223.10156,19.455063,9.6503
351340022,226.12256,19.841343,6.8328
311116201,221.33575,18.884956,5.39526
229575095,240.61203,19.630074,7.08971
229575148,240.72855,19.790453,8.2549
311116267,221.27864,18.627432,8.8835
284427131,241.68585,18.193985,8.8078
229575032,240.6201,19.473316,9.4553
392382674,242.77763,19.735498,9.1929
229567175,240.07884,18.424026,9.83136
345561530,221.88287,19.05,6.976
103864993,242.11633,18.988943,9.22653
345561612,221.88853,18.737799,9.9727
351271426,224.85245,18.878925,7.4558
103892945,242.58234,18.233257,9.08803
103892482,242.60695,19.855537,9.4558
284426982,241.73111,18.550379,9.7539
284427789,241.86931,19.647041,9.5337
103893650,242.67268,19.60348,9.52881
307855787,225.4394,19.14374,9.8926
307855840,225.45107,18.87441,9.821
459257644,234.13216,19.682743,9.3362
422972691,232.62773,18.31024,9.209
459257997,234.20639,18.131313,8.8729
422972868,232.61127,18.99396,9.9744
229553669,239.14806,18.280403,9.6409
459283250,243.08655,18.953625,9.9068
345295388,221.55492,19.360258,9.4242
459279828,242.97029,18.56852,9.6084
310627287,246.3984,18.946247,7.9316
310627470,246.3549,18.520197,8.7829
383578655,246.56563,18.747757,9.2417
355741148,229.56828,18.854988,8.1371
355740871,229.58588,19.990267,8.55658
349358880,228.01671,19.766182,9.8593
287081520,220.6094,19.503525,8.6081
345296009,221.60104,19.83517,9.7804
355813753,231.79161,18.223366,9.78716
355814038,231.71317,19.236536,9.86355
345579709,230.62196,18.78832,9.7417
230221121,245.47072,19.145168,8.654
355794328,230.48297,19.179327,8.18557
351343761,226.82977,19.860731,7.7775
311131454,222.05374,18.678102,8.431
230221126,245.48006,19.153116,3.4817
258046839,236.41257,19.410633,8.3883
230220935,245.56726,18.537186,9.7782
355690516,228.76273,18.047924,6.614
258046646,236.50594,18.728497,8.6873
345291554,221.04872,18.462118,6.935
258046152,234.0788,18.834497,7.842
458714268,236.59665,19.90753,7.0436
287054173,220.39711,18.484287,7.70727
462588063,227.32362,18.10972,9.80322
459283128,243.04283,19.318153,9.0034
258046106,234.03267,19.02842,9.26836
307855718,225.51166,19.401949,9.2261
422973009,232.58284,19.66297,7.86116
135268576,244.1711,19.661457,9.0438
349359891,236.17621,18.52745,9.2954
307855772,225.43361,19.195013,8.7193
311181347,223.39958,18.756275,9.2395
345643801,236.02504,19.218151,9.6563
462587990,227.2348,18.432014,9.7005
355922780,233.62978,18.582905,9.8293
135232859,243.7589,18.392046,8.92739
137030250,235.07579,19.937897,9.0251
355922699,233.65698,18.241533,7.0578
258029167,232.37599,19.485659,9.8491
135232919,243.67064,18.537783,9.6949
355741576,229.64102,18.827436,9.3004
137030601,235.10805,18.62259,9.54325
355741753,229.74338,19.429203,8.9885
355741742,229.69583,19.391565,9.8777
287034082,220.29723,18.936152,8.3609
267365396,223.34903,19.726303,8.33489
267365385,223.37843,19.686068,9.8005
311180914,222.74963,18.271383,9.2069
137030718,234.99931,18.181871,8.57227
103868333,242.31517,19.95852,8.1227
103868448,242.28781,19.604612,8.0644
229563458,239.75836,19.263878,9.9046
349312305,222.46544,19.645582,9.178
459257775,234.11423,19.147175,8.6501
349312336,222.36961,19.510365,6.88396
229554006,239.07289,19.426762,8.59687
345585983,230.69514,18.91896,6.4413
459257906,234.11629,18.569246,9.83211
345335642,236.35506,19.30401,8.5743
351243459,224.01852,19.692146,8.7805
345579850,230.54086,18.232231,9.9207
345589310,234.37071,19.755543,9.4288
345586035,230.68565,19.116758,9.9052
284426460,241.68315,19.99298,9.9293
345589016,234.3872,18.659306,9.8712
349314900,225.88295,18.442825,9.7975
103869171,242.4916,18.457697,9.97714
311134511,222.26021,19.347675,7.3321
311134597,222.27466,19.698193,6.8701
459283755,243.2814,18.286594,9.2196
229570444,240.22322,19.441692,9.5406
459280001,242.94785,19.076513,9.2818
232564344,244.89075,18.356506,9.4767
232564904,244.9382,19.833475,6.4217
229566808,240.07147,19.725744,9.6168
459279698,242.91547,18.146626,9.0486
459279779,242.90633,18.381866,9.9905
232564400,244.85881,18.497911,9.5253
445912282,241.25708,18.918688,9.8115
459276578,235.7599,18.151367,8.27477
229571525,240.4693,19.80584,9.48284
229571581,240.44966,19.989466,9.78201
445912901,241.41896,18.540556,8.79405
355734830,229.35257,19.128448,9.1917
257995927,224.20512,18.54975,8.8299
355735166,229.44994,18.077822,9.97
334680380,231.04117,18.97322,9.4368
351354218,228.2069,19.42283,9.963
351354295,228.19008,19.095192,5.99586
351354421,228.13338,18.577814,9.5748
347474504,226.37071,18.236338,8.7819
417523271,237.09523,19.110481,9.0279
417523503,237.13553,18.279123,8.5178
347474425,226.36627,18.6054,8.9093
347474843,226.5527,19.338121,9.9414
347474873,226.53168,19.458298,8.7021
417523368,237.08293,18.772446,9.782
334680277,231.13719,19.34132,9.98106
417523322,237.11241,18.922354,9.3893
349312871,225.77116,19.08934,8.4235
417523520,237.0502,18.237753,9.35909
351354253,228.1824,19.292439,6.8604
351354256,228.18117,19.28604,6.049
417523230,237.09038,19.23522,9.89389
311116088,221.33311,19.301529,9.96578
229574571,240.6556,18.114008,7.40223
392382666,242.8953,19.750124,9.44691
347503003,235.69328,18.987162,8.87238
258090924,246.15714,19.50066,7.9402
137053914,235.3329,19.149912,8.6558
137054078,235.25153,18.556908,9.10312
351271791,224.93077,18.58598,9.8639
307915570,237.81569,19.909166,9.2216
351271253,224.84798,19.696705,9.7115
307839798,225.37663,19.22335,8.5487
355690660,228.9041,18.415869,9.9867
355690971,228.93176,19.640026,9.3326
357475058,231.37021,19.809923,8.14225
357475154,231.40916,19.486773,9.7431
345291509,220.95995,18.123688,9.992
345291733,221.04918,19.514986,9.8712
355690916,228.91791,19.405756,9.7757
258087958,236.4076,19.528715,9.27454
345579540,230.56122,19.415678,9.91988
345301669,223.1859,19.041166,9.47045
307954633,246.76738,19.368134,8.95246
351343447,226.83487,18.441824,6.0001
307954772,246.80103,18.99415,7.9305
284427059,241.69504,18.343613,9.2439
345644040,236.07405,18.342861,8.9827
345643703,236.09059,19.588774,9.67312
135268632,244.06076,19.52477,7.2768
347474917,226.56355,19.641794,9.7481
345577404,227.08113,19.210094,9.73107
345577487,227.11275,19.569134,9.34714
345643884,236.07777,18.909925,9.99886
417520727,236.92754,19.296463,7.5375
135273495,244.37112,18.789434,8.4559
135273603,244.30894,18.544535,9.7118
445887614,238.71523,18.813553,9.8578
351416023,232.00932,18.227654,9.8283
417520824,236.9904,19.648108,9.1756
417523108,237.08698,19.648275,9.8146
345295576,221.55414,18.346413,9.46679
345258784,220.76617,18.056341,8.4192
417523065,237.05675,19.811956,9.6122
310627139,246.34605,19.29292,9.85012
310489357,237.1747,18.513626,9.5909
351240387,223.03796,18.069,9.9668
359262830,244.62856,18.108387,9.8761
103893577,242.66255,19.367714,9.31311
229574369,240.4886,18.3614,9.18715
103835552,241.91286,18.820444,9.52398
103893322,242.70917,18.68139,9.53648
351413347,229.92848,18.032795,9.78861
351269229,224.69435,19.294441,9.18876
345336191,238.39717,18.722689,8.09262
459276304,234.4959,18.636621,9.72045
392383926,243.51222,19.648521,9.55497
445891823,241.1733,18.081839,9.45979
351413191,229.90123,18.684107,9.9097
459276340,234.52124,18.516655,9.75104
462587845,227.21655,19.03863,7.5433
345258587,220.785,18.953463,9.8653
355922598,233.57608,18.060102,9.83008
229563396,239.81516,19.442747,8.53758
229563504,239.83391,19.118317,9.75304
345589097,234.45474,19.000042,8.73083
355732484,229.19193,18.315207,9.4163
349315052,228.05618,18.099827,8.2097
355692807,229.08217,19.302794,9.19066
445887275,238.75089,19.975254,8.6165
459284040,243.21434,19.10155,5.66829
347505453,236.85767,18.849382,7.1424
347505461,236.85756,18.814653,6.7342
257995778,224.22829,19.130558,9.04278
355810648,231.50978,18.82831,8.8836
347505328,236.85117,19.284111,9.1886
347505545,236.82497,18.533695,9.7544
347505194,236.89229,19.783266,8.5747
349291635,220.47133,18.785023,8.8535
351412984,229.95572,19.53267,9.983
351354128,228.21573,19.807549,7.7643
349291682,220.46481,18.49589,6.6422
345588509,232.53935,19.029047,7.04181
345588657,232.46124,18.499882,6.28419
229557460,239.43993,19.383104,7.4865
416052817,224.43738,18.986897,5.8123
351412879,229.89093,19.916204,9.874
229557524,239.40263,19.546585,9.3276
349291640,220.54462,18.750048,9.8609
257995642,224.19824,19.700472,9.37989
329031646,231.88966,19.247314,9.71422
232564631,244.83864,19.05889,8.98452
329032015,231.90926,18.026493,8.7895
445912522,241.35387,18.26257,9.99281
307839833,225.39938,19.346298,9.6214
307915639,237.86092,19.673458,9.30067
257996525,224.28566,19.859528,9.56452
458711647,232.10233,18.792194,9.5168
257996253,224.32822,18.648184,9.137
458711736,232.06447,18.419928,9.7758
258028243,228.68661,19.83553,9.6925
258028511,228.7052,18.743256,8.80453
345293263,221.08421,19.181713,8.9091
458712163,232.2448,19.321697,9.81431
459273844,234.22772,19.369446,9.9791
345293660,221.43372,18.78122,9.6738
459273618,234.27934,18.405846,8.8039
345293602,221.36646,18.47026,9.127
345293639,221.38719,18.672293,7.5875
135270048,244.21428,19.80148,7.65582
458715092,236.70598,19.079136,9.0796
459274016,234.27986,19.962711,9.6089
345290189,235.52376,19.368452,8.42157
458715287,236.68233,19.849728,7.818
229556923,239.21115,18.286184,8.8277
392383507,243.47437,18.485674,7.8791
135269698,244.28136,18.985826,9.98178
349312805,225.70491,18.750772,9.9468
230220136,245.09093,19.90074,9.86458
416052885,224.49554,18.664606,9.18106
351354152,228.13922,19.731867,9.42364
351354096,228.2229,19.923239,9.888
355810854,231.47195,19.480703,5.7033
355732812,229.24565,19.645226,8.0451
355692833,229.0499,19.171806,9.0721
355692836,229.03331,19.159315,9.52258
355692837,229.10846,19.15888,7.84668
345289385,227.87152,19.445227,8.16369
345289400,227.95035,19.406271,8.93399
345295345,221.51807,19.590624,9.3127
345289846,235.61208,18.216087,7.4696
345289811,235.61273,18.088099,9.95283
458715141,236.72725,19.28749,9.5269
459273598,234.2247,18.328367,9.99077
1101145249,221.29765,21.95195,8.9016
1100907973,230.24829,21.068825,8.7405
311115482,221.29765,21.95195,8.9016
1200254216,245.89874,21.057535,7.02345
345258254,220.75316,20.501074,7.926
311133517,222.12726,20.575066,9.688
471011951,245.89874,21.057535,7.02345
458712715,232.23216,21.942453,9.828
351415279,230.24829,21.068825,8.7405
135258637,243.91177,21.55248,8.8449
135258707,243.89568,21.443407,7.34605
135266477,244.11275,21.992155,9.37887
311186205,225.0416,21.4801,8.732
334728424,233.25764,21.405588,9.9022
345300742,223.22885,21.50239,9.5671
345298612,221.8056,20.925663,9.9435
1101136111,223.03146,20.29071,9.4238
258131684,246.29034,21.566391,9.67031
359311373,245.97939,20.560879,9.30588
458713995,236.57607,20.876402,7.7456
284383793,241.57285,20.077684,9.6068
311186206,225.08064,21.474241,8.6135
458711141,232.17429,20.86747,8.96933
459967261,237.61554,21.24787,7.7157
459967522,237.62956,20.340141,6.73064
356084523,247.70348,21.119516,9.7113
137022685,234.69315,21.858547,9.87122
459278695,235.92392,21.564674,9.2522
359294308,245.81973,21.612347,9.992
257993996,224.14311,21.203838,9.3698
257994089,224.07774,21.566013,9.7806
351345177,227.37001,21.106524,9.3191
137054813,235.4702,20.031324,9.7572
257993752,224.07077,20.204834,8.8348
351345360,227.40373,20.193989,9.4776
257993889,224.12387,20.755323,8.241
351369896,228.56927,20.574903,7.03824
351345228,227.42612,20.853615,9.2822
137054837,235.38823,20.112154,8.1568
359294368,245.78479,21.795622,9.6113
137022529,234.66772,21.344265,8.1751
229573415,240.56902,21.489353,9.9916
416027267,224.51479,20.308924,9.8148
458721852,245.31696,21.615036,9.6704
458723536,245.34053,21.368748,7.7412
311133360,222.18721,21.208982,8.617
334679921,231.10106,20.611826,8.4439
357474941,231.34189,20.24741,8.5392
229570194,240.27798,20.265968,9.9197
135231449,243.61382,21.299707,8.53
445913524,241.48021,20.288523,8.762
458711066,232.17482,21.17733,8.51655
355742348,229.74875,21.920824,8.65434
459965884,237.43182,21.753298,9.93556
258131702,246.29463,21.629307,9.8397
258034505,233.73001,21.603687,9.66866
311187760,225.20634,20.513638,9.9461
103837980,242.02885,20.788473,9.7835
137023738,234.80403,21.970884,9.8101
137023851,234.78911,21.653105,8.7004
345353193,239.0433,21.333834,9.8378
137024230,234.77698,20.34344,9.0997
355811183,231.4862,20.678993,9.8403
422974640,237.97269,21.330318,9.6049
359291440,245.60678,20.960766,8.6907
445913831,241.48639,21.212852,7.81319
445892674,241.20741,20.507502,9.5116
459324624,244.72481,21.026785,8.85039
359291096,245.65956,21.756691,6.84053
359291242,245.58856,21.43263,7.5347
356059341,247.29483,20.204924,9.9564
345353177,239.05719,21.391054,9.5888
345353462,238.99991,20.208464,8.119
359294054,245.80142,21.045118,9.96492
137054895,235.4146,20.32812,9.71608
349359177,227.99681,21.116508,8.52264
258131494,246.22198,21.056398,9.6875
258090619,246.12196,20.360117,9.7731
458723715,245.43208,20.790455,9.81831
307919046,246.76576,21.007002,8.3742
345663423,247.21416,20.69938,9.7031
458713670,236.57869,21.960014,9.8347
458713828,236.60298,21.373695,8.6381
359294239,245.77925,21.469236,9.9859
198303684,222.56508,21.897198,7.9696
345576432,227.04709,21.085487,7.1387
284181231,230.80658,20.989185,9.15
137031363,235.17496,20.02856,9.4541
137052242,235.1446,21.952425,9.844
355742065,229.73953,20.659388,9.439
311136360,222.82108,21.04557,9.0822
267365831,223.27234,21.30267,9.7977
311136144,222.83981,21.926441,9.7495
351415432,230.25475,20.3607,9.7445
347506323,238.60645,20.079794,9.08652
347506371,238.64421,20.31097,3.89715
345645192,246.93427,20.36283,8.4359
284853659,247.55501,21.489634,9.0039
351371367,229.89685,20.531094,9.2698
345336846,238.3806,21.1555,9.1485
351269717,224.72241,21.304413,9.1529
345336922,238.34406,21.482576,9.4572
356059522,247.28049,20.594982,9.6871
307840471,225.38307,21.78746,9.48444
329030919,231.8423,21.73163,9.9142
229575578,240.6781,21.279032,9.5562
392384592,243.46805,21.483421,9.8627
357473043,231.18222,20.475328,9.8543
329031264,231.87096,20.46619,8.2102
459284860,243.2114,21.541117,7.10422
103893893,242.76396,20.280716,9.1385
229575381,240.71227,20.589174,9.8531
445892646,241.20758,20.462402,9.82668
459275914,234.54655,20.180325,9.49629
137023933,234.84505,21.378893,8.81724
458712714,232.23228,21.942307,9.6207
345353085,238.95648,21.748734,9.20908
137023990,234.76654,21.241577,9.93546
347538445,247.44241,20.88721,9.99397
459322199,243.2832,21.566166,6.581
230221718,245.45038,21.191929,7.4473
351368653,228.43672,20.932673,9.4155
351243617,223.97446,20.279339,9.6279
229566259,239.99176,21.621908,6.32342
359263763,244.56586,20.284277,7.43778
345561038,221.91728,21.255909,9.2211
229566324,240.00249,21.37751,9.88889
355740785,229.5812,20.293726,9.5147
103890184,242.45677,20.50756,8.9096
459277452,235.79364,21.387627,9.6978
229571686,240.458,20.332977,9.8185
459277090,235.83174,20.076265,9.2092
229571903,240.41336,20.995333,8.9731
355740729,229.60211,20.572767,4.834
284428082,241.85512,20.60763,7.77582
458719384,245.0178,21.132612,5.2223
311133439,222.22572,20.893917,9.525
135263077,244.01553,20.492552,7.3517
229571644,240.41934,20.188852,9.9394
229573824,240.56596,20.103537,8.1869
230223348,245.86098,20.749447,8.7647
345576343,226.9754,21.412228,8.7627
135264057,243.95935,21.981024,8.8075
307910850,237.77649,21.4502,9.18962
351368516,228.37427,21.57431,9.9279
347503503,235.63904,20.911814,9.3148
355691341,228.90594,21.29022,9.2682
355691247,228.90012,20.849615,9.2114
347503423,235.62872,20.59874,6.6201
422986831,238.07924,21.710415,7.84769
135231252,243.61478,21.806803,9.7168
355691168,228.98326,20.44764,9.6377
422986796,238.08504,21.551786,8.019
349361962,238.21402,20.636585,8.9077
349362049,238.21248,20.381329,7.95266
356057225,246.5989,20.928335,8.7393
355792594,230.30849,21.907742,8.0502
349292213,222.38014,21.630814,9.8788
229554356,239.11899,20.552395,8.4375
459257418,234.18509,20.595665,8.5234
355792235,230.31448,20.492332,9.55327
355792458,230.28592,21.37231,9.3439
351241162,223.52939,21.42929,9.8586
307857872,230.922,21.960184,9.5459
349359056,228.07683,20.589314,9.8944
349359347,228.00644,21.874727,8.1569
351352744,227.586,21.307358,9.7241
459280518,242.92938,20.65704,7.5189
307856785,226.19444,21.329226,9.5897
287081757,220.64809,20.49161,7.0096
345296225,221.68361,20.903316,9.6585
351352710,227.48154,21.153292,8.6815
459341710,244.80235,21.788568,7.7365
345645197,246.87088,20.373913,9.3309
351301616,226.00378,20.703241,9.8059
345645405,246.93245,20.843357,7.95902
345645427,246.94392,20.89533,7.7669
345645583,246.85687,21.224234,7.5555
345645768,246.97481,21.652933,7.62193
345645601,246.85176,21.26546,9.78709
229579143,240.86124,21.101168,9.94876
198289010,220.88428,21.798002,8.97724
422986665,238.1667,21.078943,9.85771
422974965,238.01616,20.248056,8.3187
458723435,245.42299,21.653982,8.09865
198289328,220.8349,20.069729,9.9922
351300248,225.5583,20.706808,9.49087
198289299,220.84763,20.2392,9.8707
198289319,220.90045,20.109158,8.9565
349362131,238.23013,20.00159,9.67307
422986590,238.13025,20.742802,9.23406
356059860,247.25131,21.434052,9.43463
351301650,226.01953,20.55616,9.799
351301748,225.94025,20.106781,9.1324
462587103,227.26181,21.841,8.4462
310504268,237.24783,21.224571,9.8978
347536575,238.59624,21.56542,9.86131
307918886,246.72601,21.466257,9.2695
307954298,246.81761,20.204096,7.6664
345663345,247.1108,20.478954,8.8579
351239695,223.05353,21.076399,9.6063
445888974,238.81993,21.189375,9.819
351341408,226.67401,20.25109,9.3369
347506640,238.63112,21.2379,9.05407
229573854,240.55864,20.030622,9.7713
345663783,247.20752,21.569036,9.7442
307918759,246.83264,21.816305,8.4016
445890943,241.06328,20.24719,7.3822
349360554,236.17079,21.236053,9.17031
103866349,242.17683,21.058783,8.4195
349360612,236.23276,21.444393,7.0174
229561232,239.69981,20.546467,8.6827
355734390,229.3129,20.996458,7.37283
311115508,221.2347,21.811506,8.2904
311115693,221.31856,21.086056,6.9472
284428001,241.75449,20.353844,8.0417
355734287,229.33638,21.510818,9.2044
229575266,240.68616,20.14911,9.268
258027866,228.69177,21.33486,6.1682
258027990,228.70023,20.831093,7.4542
103894039,242.69328,20.733782,8.68862
459965565,237.4427,20.735006,9.5251
351268409,224.64262,20.13144,9.2129
355794069,230.444,20.171085,8.7354
345562645,223.7057,21.27982,8.9997
345663192,247.18909,20.08023,9.9195
345663957,247.17531,21.973421,9.13
230221537,245.55783,20.584639,9.7632
229559302,239.5508,21.729458,9.9212
351342717,226.80551,21.262882,9.4289
284428217,241.86865,21.019104,9.7078
355740806,229.63148,20.21414,9.56915
345561088,221.95045,21.006622,8.504
355888809,233.49422,20.957539,9.391
351243669,223.95564,20.529825,8.21726
345561179,221.88297,20.679615,8.22467
103866198,242.18071,20.404207,9.40035
351368610,228.41724,21.115232,9.91282
345560963,221.86679,21.538572,9.8298
355792264,230.32341,20.639614,9.75272
349292171,222.41626,21.865166,9.7367
229554322,239.09482,20.418736,7.974
345561091,221.86137,20.98307,9.54479
345660952,246.9895,21.311266,9.39053
345661425,247.09991,20.115213,8.93761
135234241,243.71819,21.826733,9.2313
345335072,236.34735,21.587364,7.9579
355831162,232.77705,21.320274,8.47013
284426220,241.63945,20.70695,9.44948
355692359,229.08171,21.269913,8.0957
345335158,236.29007,21.175749,9.7609
347504811,236.8891,21.275436,8.7158
355732998,229.14052,20.499987,6.7749
355793719,230.4846,21.48063,7.41858
445886800,238.7658,21.566338,7.2853
230221930,245.46664,21.812223,6.03542
351414029,230.05403,20.91133,9.9538
347505017,236.88014,20.506243,8.8532
459958789,237.33713,21.24013,9.2336
445885424,238.43478,21.715185,9.5533
230221584,245.54626,20.73874,8.9381
459958631,237.34071,21.731506,9.5293
229566684,239.99596,20.164328,7.5616
232565595,244.86073,21.848124,9.9592
355793860,230.47055,20.977753,8.0225
351271098,224.86665,20.371107,7.4582
459282762,243.09198,20.49394,8.7385
307912281,237.88573,21.341837,9.5597
257995434,224.23303,20.560293,9.07202
417522952,237.11792,20.245237,9.6856
351355286,228.34659,20.983353,7.65
351415173,230.194,21.492058,6.8856
417522879,237.10774,20.551388,8.3755
417521325,236.99393,21.43582,9.7344
445885302,238.53831,21.315336,9.9412
345336766,238.30875,20.865305,8.95377
345577761,227.15471,20.84084,7.8057
347473740,226.33441,21.795025,9.677
311182121,223.45244,21.896017,8.2932
229564900,239.94603,21.295628,9.691
345260956,227.64609,20.352905,8.2321
284426147,241.72215,20.935452,9.89
229564831,239.83919,21.078838,8.8395
345663401,247.16454,20.637001,9.82909
458712564,232.28575,21.105492,9.92685
351239885,223.03098,20.290686,6.85268
103836037,241.9306,20.371967,9.68325
103836040,241.93312,20.374413,8.30127
359264077,244.59218,21.048103,7.743
307856814,226.19002,21.412138,9.9091
458712467,232.19061,20.62958,9.9568
103892204,242.56737,20.685095,9.75553
345663799,247.21489,21.611181,9.4078
445888857,238.90828,20.840296,9.54526
345258061,220.70302,21.334364,7.6304
229562687,239.7222,21.791267,7.22554
137029877,235.09868,21.378706,7.71146
103867780,242.34174,21.829481,7.0198
258032946,232.32695,20.405548,8.1721
137029985,235.10219,20.913752,9.6902
103868118,242.27097,20.62005,8.1866
103868139,242.38779,20.548525,8.9623
137029925,234.99072,21.168913,8.18
229562852,239.71835,21.207975,9.6653
345295107,221.55875,20.88944,8.6021
459280941,242.92822,21.74934,9.82637
349314547,225.82835,20.11082,9.1747
311134762,222.28914,20.40132,6.8239
282853133,233.15865,21.04915,7.8925
258028025,228.67445,20.699728,9.2446
311134766,222.34795,20.4232,9.2242
282852903,233.0976,20.168299,9.2669
229570237,240.24954,20.110106,9.6684
258027811,228.73424,21.627806,9.1404
345258216,220.73436,20.650452,9.7696
345295191,221.5248,20.39999,9.9325
459324645,244.8067,21.096365,9.95581
445911547,241.36832,21.01008,9.6589
137053628,235.25737,20.334482,8.97063
258090424,246.17389,20.821163,9.25056
356056901,246.60854,21.820774,9.35975
310564185,246.38287,20.904902,9.82313
230202136,245.07195,21.746904,9.8276
258090198,246.18379,21.367794,9.85281
345663556,247.22273,21.05611,9.49091
345663239,247.17216,20.211918,9.71304
355794100,230.50793,20.014244,9.94513
345295019,221.47868,21.369268,6.6054
355887227,233.42186,21.22474,9.1253
307915225,237.81628,20.977915,3.30395
349313113,225.68846,20.441017,7.4302
351344150,226.8631,21.714813,9.8562
229577402,240.83896,20.223629,7.60971
345586613,230.72766,21.525064,8.873
459277530,235.79349,21.701448,7.9006
311132055,222.08641,21.318604,7.5244
311132152,221.99821,21.706787,7.82098
311133519,222.12717,20.5739,8.8304
284383892,241.5026,20.35021,8.44046
351344095,226.92735,21.498953,8.53
349360411,236.14801,20.660845,9.3521
355832998,232.86975,21.221962,9.0074
349313344,225.72736,21.736597,9.5797
347474020,226.41824,20.393167,8.29813
349360464,236.23227,20.881409,7.70224
137028567,234.94904,21.277443,9.8404
347475051,226.48409,20.190731,9.22493
351343847,226.87576,20.351053,9.91183
351342897,226.75006,20.343596,9.01768
459282300,243.0732,21.889349,9.90277
355692430,229.06285,20.999786,9.1317
355692349,229.03125,21.297823,9.6176
345589578,234.4742,20.644236,9.91914
345589782,234.47421,21.440712,7.75631
345335157,236.37512,21.178583,8.4778
355692634,229.09604,20.125727,9.12797
345589723,234.40932,21.167112,9.28994
345335104,236.27065,21.406557,9.66614
345335421,236.34961,20.182243,8.61785
458719459,245.02562,20.88723,9.4809
351239711,223.10603,20.965815,9.4136
458712496,232.21416,20.773832,9.642
351352558,227.48734,20.423876,8.0499
258033297,232.42607,21.744871,7.6976
229554557,239.10974,21.24585,6.43101
311115690,221.22768,21.099806,9.08904
229575523,240.6779,21.117136,9.9669
351340208,226.08199,20.731733,8.83386
345579176,230.59978,20.928509,7.789
311115875,221.3342,20.15623,8.32043
355734591,229.25554,20.157383,9.62556
345579001,230.60889,21.698046,9.57544
349314203,225.8941,21.785976,9.8086
349314394,225.84508,20.779402,8.74209
349314516,225.85553,20.262114,9.28703
355733245,229.13782,21.630653,9.104
229559413,239.51976,21.390074,9.61986
229559410,239.53516,21.39944,9.05779
422974603,237.98553,21.46153,9.55621
229559774,239.50325,20.04454,9.40261
347475220,226.54982,21.022127,9.85698
351242324,223.78847,21.143955,8.73638
347473735,226.31844,21.825726,9.21127
345577830,227.09113,21.06972,8.52025
347475025,226.46301,20.074677,9.64198
229564574,239.85397,20.263355,9.91871
229564874,239.8834,21.213406,9.23839
458711326,232.05768,20.07349,8.4596
459284332,243.27504,20.014431,8.4152
229557932,239.4465,20.897774,9.4837
229558174,239.42767,21.784817,8.0806
355885327,232.9538,21.578556,9.1149
229557960,239.43852,20.967794,9.2845
345258253,220.75246,20.501328,9.0743
355923521,233.59752,21.270582,9.9815
229562686,239.73694,21.798578,8.95138
229562685,239.73747,21.799583,8.98028
311115885,221.2842,20.13022,8.3836
345291824,221.00963,20.118967,9.928
345292078,220.95888,21.674852,9.5903
355793606,230.49835,21.879923,9.32727
355793604,230.4091,21.88624,8.3267
355811362,231.51297,21.45992,8.90296
345288914,227.90633,21.526476,7.40973
345289240,227.89275,20.043385,6.84903
351413923,230.09004,20.468952,9.98043
355811331,231.53487,21.364578,9.45975
417522612,237.05324,21.544163,9.7149
135270600,244.28973,21.23716,9.2083
417522580,237.05397,21.68795,9.11318
445887001,238.76352,20.914782,9.41458
351355121,228.23909,20.307678,8.51335
229573582,240.52594,20.884756,8.10583
229556299,239.32538,20.346,9.4879
229556394,239.24028,20.0383,7.85833
229556229,239.25162,20.594301,9.1925
351352853,227.52502,21.850996,8.7953
355814291,231.7661,20.056162,8.6828
257995229,224.26497,21.555424,6.5034
257995340,224.16937,21.071314,8.4962
357473289,231.20087,21.393333,8.3183
345579299,230.64656,20.396704,7.8334
416027123,224.5165,20.887772,9.787
355885501,233.00319,20.941284,8.10045
229557922,239.37288,20.872046,9.99207
282853301,233.14062,21.750475,9.78724
355832756,232.93896,20.377428,7.31582
345290430,235.54955,20.191757,8.08083
459274222,234.27077,20.732548,9.42233
345296350,221.67465,21.560429,9.63417
347472745,222.99039,20.806484,9.8594
1101220918,223.46417,23.55584,9.5354
1101189438,229.64491,23.937443,9.3882
1200275488,248.1392,23.232357,9.0771
1200275484,248.13937,23.232132,8.8812
357499914,229.64491,23.937443,9.3882
383599876,248.13937,23.232132,8.8812
135266225,244.07161,22.311424,9.88066
459278502,235.99136,22.339767,7.401
345297423,221.62555,23.623367,8.71149
345297203,221.60555,22.968868,9.7772
345300449,223.24551,22.158005,9.8086
345297625,221.82866,23.778627,8.39725
345297603,221.78662,23.811481,9.822
311275985,247.74597,23.985691,8.0929
445893368,241.16441,22.650738,6.0382
356083518,247.67184,23.756786,9.27007
236386212,244.29617,23.948135,9.4899
356083824,247.71939,22.83478,9.5536
459966170,237.41527,22.734694,9.2415
347540240,247.80597,22.195457,4.1867
458722376,245.31148,22.988499,7.4312
135271140,244.2593,22.816042,9.1438
376719656,248.52391,23.137688,9.4281
137087475,235.42783,23.250793,9.5875
392385193,243.42845,23.290525,9.5147
351414617,230.02937,23.63084,9.8035
392381752,242.8206,22.538784,9.3793
351414649,230.07968,23.760427,9.4913
345646856,247.03705,23.783691,9.9028
392385152,243.53166,23.133038,8.7853
351414368,230.0282,22.392843,9.397
351414410,230.12114,22.566286,7.7626
229562169,239.74657,23.796297,9.5192
229886634,225.75633,23.989454,7.4363
347475564,226.46605,22.688871,7.84537
229579625,240.87543,22.771467,9.08036
229579811,240.9318,23.349928,8.7861
230222998,245.9152,22.047226,7.7965
345646353,246.88512,22.919556,8.4222
135235645,243.85522,22.020226,9.6018
284429071,241.76215,23.41254,8.4847
383577014,246.48592,23.162252,9.5274
284429075,241.82236,23.413353,9.3782
383576924,246.52705,23.418747,9.5627
383600026,248.15166,23.59635,9.76289
229579576,240.89812,22.586832,7.4864
359264686,244.61101,22.66034,8.2932
359290191,244.67793,23.803476,7.79237
383577048,246.57457,23.064676,5.7444
383599841,248.1949,23.160448,6.64032
383600486,248.29099,23.117561,6.5739
258034191,233.8188,22.656614,9.4103
356083646,247.6433,23.35986,9.88429
311188120,225.21782,22.045586,5.293
458712825,232.19295,22.445509,6.90945
258034243,233.83899,22.487566,7.1842
347537316,247.35522,23.631151,6.5919
356083629,247.647,23.44165,9.4344
345352638,239.00568,23.629843,9.93837
417518907,230.82108,23.989107,9.6264
307841355,225.52856,22.448965,9.8411
258033580,232.32883,22.797077,8.8587
229561950,239.68135,23.216372,9.6535
103890744,242.50151,22.338276,9.629
351299340,225.02402,22.696688,9.6416
351299526,224.94867,23.452816,9.0923
329030451,231.82526,23.453556,6.7829
351457705,232.00426,23.657793,7.96972
356082940,247.23752,22.453825,8.6135
356083098,247.2438,22.894943,6.62523
229562117,239.68355,23.858305,9.3576
351342212,226.74457,23.819784,8.9197
351342401,226.82228,22.90833,6.2506
351342473,226.81433,22.56436,6.94397
347537292,247.36569,23.70553,9.8859
459966915,237.6629,22.476433,9.02193
459966918,237.66031,22.475353,9.67352
311182515,223.42322,23.345224,7.7224
103891405,242.61876,23.258532,9.59186
135230996,243.63063,22.54109,9.5273
351414503,230.06161,23.015606,9.03016
258027269,224.36095,23.821695,9.7366
229579621,240.88971,22.761906,9.33682
229886645,225.83661,23.906866,9.82601
351414289,230.13358,22.102444,9.4002
329030730,231.8282,22.41235,9.8215
355811754,231.42763,22.93123,9.728
383599492,248.21953,22.303595,9.776
383599996,248.15219,23.510262,9.014
345646839,246.99904,23.836752,8.40278
345260438,227.66527,22.649006,7.651
345337374,238.326,23.293238,8.7799
383599827,248.15582,23.129208,9.1048
345260480,227.60406,22.50194,9.903
459278347,235.88779,22.920502,6.7281
356083397,247.30981,23.77611,8.8355
355743002,229.82922,23.236286,8.59702
345352672,238.97232,23.478018,8.99932
351344885,227.35536,22.53086,9.6595
137055547,235.41904,22.91586,9.9671
392385221,243.50359,23.373274,9.8369
458712783,232.30219,22.229837,9.05381
458712986,232.19786,23.09643,9.40359
258034146,233.79851,22.833069,9.76307
135265183,243.985,23.725222,9.7167
347556235,247.97568,23.215162,9.0545
355812470,231.55939,22.181192,9.999
458712833,232.2463,22.466553,9.75919
359310109,246.02924,23.685879,9.5999
345287998,227.7636,22.23167,7.6259
229565904,240.07933,22.895327,9.1501
135272060,244.40828,22.520918,9.4265
311182971,225.04703,22.669641,8.6406
311183125,225.10887,22.04089,8.65066
229565948,240.01762,22.727968,8.2557
459966446,237.41225,23.671104,6.90964
359310567,246.02261,22.541744,8.3847
383577121,246.58046,22.898302,6.5061
383599909,248.19229,23.29634,9.40052
359290172,244.6072,23.764984,9.81955
459342170,244.70781,23.021929,9.8783
329134015,248.46013,23.520172,9.9112
351300882,225.65149,23.843752,8.7856
307857570,230.95729,23.150908,9.3537
359260522,244.46478,23.60731,5.8663
359290581,245.70332,23.074007,8.1582
356082917,247.36005,22.407204,8.9088
307840972,225.32529,23.850767,8.76996
258033712,232.40285,23.310574,8.4802
219834648,221.74043,23.957642,9.50546
462586832,227.21689,22.975384,8.92083
356083450,247.25131,23.921318,9.01702
258027367,228.73128,23.594334,9.3642
135234885,243.69214,23.630703,9.9272
345563302,227.0347,23.879143,8.3528
229572929,240.54794,23.229118,9.6488
458722597,245.32191,23.623632,8.9922
135234453,243.72032,22.366415,7.3602
458722096,245.29459,22.23984,5.75115
458722602,245.27586,23.635143,8.014
258132122,246.24419,22.80238,7.3974
219843035,222.47217,23.920904,9.8812
230201694,245.12035,23.438671,9.84224
284383020,238.56715,23.957405,9.6798
359309251,245.79623,22.05955,9.341
359309913,245.79721,23.688063,9.1983
345563652,227.0254,22.383698,9.6005
458713490,236.61366,22.627487,9.1322
135264902,244.0137,23.26234,8.9787
351355553,228.2545,22.444351,9.9304
198303938,222.59273,23.241283,8.8559
198303944,222.61229,23.252844,9.5596
359309637,245.72098,22.959982,9.2241
345288500,227.92465,23.454655,9.40726
351371002,229.90555,22.124193,9.6203
232566028,244.83188,23.108791,9.1279
458718544,245.03735,23.697107,9.44
329133611,248.38492,22.55204,9.1526
232566146,244.8991,23.465275,9.0009
229572507,240.3606,23.080278,8.6622
236353960,243.5994,23.999079,9.2098
230222571,245.95335,23.549673,8.6831
359310447,245.97424,22.814953,8.4833
359310643,246.04285,22.369316,8.6612
459966401,237.47038,23.477316,9.42239
459321605,243.37048,23.288734,9.7117
459321675,243.32646,23.109858,9.1912
311132578,222.02513,23.49541,7.333
311132919,222.22902,23.085787,8.5604
311133068,222.10611,22.398705,6.079
458718547,244.96915,23.68229,8.6837
103836830,241.93097,23.079092,9.926
459342159,244.70792,22.989376,9.8701
349359629,228.05383,23.314974,9.3342
103836618,241.90771,22.352129,9.1992
103836884,241.9612,23.23089,9.9631
310563559,246.35327,22.56334,9.4479
349359433,228.01686,22.313429,4.6468
345294899,221.5142,22.077053,7.9801
310563516,246.37411,22.663767,9.4804
345298122,221.79729,22.423037,9.46719
351244068,223.99637,22.211376,8.3664
345297832,221.74052,23.301432,9.3847
345560827,221.9064,22.220158,9.0241
345664200,247.11922,22.614397,9.0079
351239116,223.12178,23.801363,6.3193
345665268,248.01128,22.73226,8.7399
219827652,221.33542,23.96115,9.3946
462586867,227.33185,22.789145,7.6979
351239191,223.03601,23.47597,9.6899
345664413,247.21608,23.081223,9.7712
376721983,245.85034,23.955938,9.25608
349361185,238.25755,23.943827,9.8111
135266453,244.10313,22.019735,9.5668
351457344,231.98865,22.143152,9.3833
103866800,242.18419,22.46459,8.7836
345665148,248.12784,22.987108,9.6665
355793164,230.43765,23.631521,8.2987
311357725,248.12053,23.901344,7.8464
345665329,248.00885,22.582159,8.1008
284428653,241.78146,22.16777,9.89004
392384826,243.46095,22.219193,8.4559
284354742,238.45773,23.951225,9.34988
459281482,242.90848,23.4948,3.17484
351370439,228.56007,23.212627,9.1373
284852858,247.54968,23.859768,8.02882
229576521,240.7627,23.188313,9.3996
284853325,247.5393,22.406828,9.8431
347539820,247.83365,23.289885,9.0663
347539978,247.79799,22.87991,9.2828
307911473,237.7012,23.91934,9.9634
284385579,241.68996,22.36503,9.4045
392381322,242.86356,23.819921,8.92529
229573047,240.57372,22.804451,4.7827
458722945,245.43715,23.071276,9.9642
311135674,222.77052,23.72003,9.8345
198303997,222.56058,23.53334,9.6701
351368040,228.41539,23.857853,9.61885
198304072,222.56587,23.911842,5.3277
351355563,228.30122,22.49066,9.3162
351368208,228.3828,22.983395,6.25756
357474476,231.39578,22.057415,9.21327
359309540,245.73044,22.76784,9.92553
345563207,223.7251,23.593021,5.9025
345664020,247.11877,22.14757,8.3642
351370842,229.97626,22.772888,8.3163
230222394,245.53957,23.673864,9.4727
351241625,223.62093,23.432394,9.962
307857782,230.99702,22.299572,7.8183
355739485,229.49146,22.190382,9.5729
103890734,242.51498,22.324503,9.51153
103890847,242.39853,22.679424,9.9477
422986949,238.16139,22.186914,9.8172
351368326,228.36172,22.511658,9.8562
258044889,234.08598,23.694845,9.435
356056340,246.64804,23.411148,7.5438
355691747,228.89867,23.457611,8.9698
355691769,228.94183,23.55155,9.4627
459281898,243.10242,23.13371,9.3803
310563186,246.41435,23.527391,9.7982
137052836,235.2718,23.351854,7.1814
137053085,235.37007,22.324203,7.32918
422987416,238.09015,23.863356,9.86
355833289,232.8723,22.193203,8.249
345294622,221.54456,23.729416,8.4441
355888365,233.5435,22.54467,8.7722
345297363,221.64941,23.493422,9.2568
355742487,229.71938,22.490625,9.90871
355742818,229.6369,23.865437,9.5614
355833491,232.84969,22.943703,9.9503
459274833,234.26942,23.161053,9.9768
284428779,241.81174,22.530363,9.8066
355833306,232.85484,22.261728,9.61826
355793168,230.45367,23.617764,9.1469
229572534,240.3963,23.177656,8.3264
345665341,248.0245,22.545696,9.37186
351344262,226.87033,22.188667,9.9937
258089647,246.18285,22.905771,9.33719
459285028,243.25822,22.063253,9.897
355733600,229.18346,23.430143,8.1044
355733634,229.12476,23.545053,7.1592
229558953,239.5585,23.047258,9.9566
459285100,243.19798,22.266409,6.2157
230222062,245.48872,22.366001,9.3616
347504408,236.84012,22.937044,9.9745
459281547,242.9169,23.6142,8.92313
355733651,229.12477,23.651028,9.8973
445893626,241.20813,23.52606,9.2893
355793550,230.50279,22.103453,8.9829
355924098,233.58905,23.210165,7.3677
351370652,230.00409,23.628372,8.9403
357474279,231.3619,22.642817,9.1676
359290861,245.68576,22.349993,9.16343
347504433,236.87466,22.824306,9.9212
355830410,231.67857,23.573605,8.1567
458710504,232.08382,23.684063,6.84617
341707794,248.77275,23.52295,8.3413
351342570,226.78316,22.017906,8.16878
311135410,222.2458,23.094854,8.4205
135265785,244.06967,23.122726,5.68687
229569459,240.26396,22.807007,7.5403
355733965,229.35098,22.821114,9.0214
383519892,231.77486,23.915348,8.9471
351342507,226.78769,22.376467,9.2754
347503878,235.73691,22.577604,9.499
307911958,237.91386,22.377953,9.2879
347503898,235.75551,22.659872,9.9883
345587281,232.54382,23.755522,7.61003
345294766,221.53296,22.896233,9.6116
345300012,223.17159,23.370363,7.8206
349359388,228.06825,22.09254,9.32991
307857203,226.21053,23.017006,9.5507
351300984,225.99564,23.578184,9.54322
284853304,247.59645,22.48324,8.88995
351340734,226.07695,23.167461,8.73145
351340770,226.13728,23.310526,9.978
307841441,225.48175,22.01895,9.2038
229576027,240.68585,22.805931,7.3247
351244376,223.98962,23.63862,9.30696
311115106,221.2437,23.516016,8.7902
284853066,247.56021,23.280746,8.8779
311115047,221.31108,23.732698,9.72816
351340749,226.17636,23.211859,9.857
355792799,230.36722,22.70714,9.74973
355792904,230.33182,23.180923,8.0484
230222109,245.49286,22.540062,8.0376
351241651,223.61647,23.572416,8.65527
230222049,245.51756,22.297455,9.07984
355739570,229.4611,22.53348,9.8389
351457670,232.01768,23.528969,7.6108
417522373,237.12001,22.415468,5.82823
417522299,237.13167,22.672087,8.8882
376719402,248.62683,23.732138,8.542
311132716,222.15038,23.97911,9.4319
459322031,243.33557,22.011114,9.15363
383600310,248.3063,23.517601,8.68328
103867575,242.35461,22.507023,9.86194
345292259,221.02986,22.798233,7.8987
137029451,235.03339,23.00983,9.58926
347473286,222.88158,23.78969,9.0283
351241843,223.789,23.394594,8.4533
345578085,227.18764,22.14256,7.3623
422973575,232.63551,22.322721,9.2901
284385309,241.6476,23.224495,8.9631
347473348,226.3757,23.726097,9.5796
355739547,229.50113,22.430525,8.9982
311182156,223.4154,22.00938,9.534
229565520,239.93634,23.591263,7.5771
458710513,232.069,23.644434,9.23112
458710527,232.11281,23.56818,9.01624
458710598,232.1194,23.29897,9.69253
347556519,248.64111,23.84928,9.8134
236338307,242.41418,23.944443,9.8585
422973843,232.56622,23.50497,9.5258
135235355,243.82758,22.802748,9.5493
345292151,221.04996,22.185324,8.6772
357473926,231.22528,23.956596,9.1821
103866709,242.16412,22.203827,8.51472
137052276,235.1534,22.080086,9.27687
103866841,242.16403,22.649109,9.44522
229569034,240.1161,23.55166,9.8184
345665458,248.00272,22.288221,9.60833
311136037,222.7941,22.299948,8.85443
345260059,222.64395,23.502743,9.9397
311132464,222.03656,22.956211,7.1563
345259997,222.70694,23.270586,9.4415
347475702,226.47447,23.388071,8.1087
351414841,230.1894,23.103683,8.9285
229569378,240.31653,23.079374,9.99714
311135528,222.23825,23.559395,8.2836
349291950,222.42929,23.032335,6.6862
229569443,240.23491,22.850616,8.24215
311135430,222.24829,23.17624,8.95381
229569203,240.22374,23.653763,9.50623
445893965,241.36418,23.170006,9.48382
445890109,241.03932,22.878326,9.82707
351270037,224.72093,22.632002,9.76962
351270687,224.89426,22.1535,9.6069
355734100,229.3651,22.299871,7.3409
307911066,237.76929,22.317617,7.41608
307911627,237.89537,23.433186,8.7136
351457424,232.05476,22.483526,8.11564
445886619,238.72897,22.142544,7.6704
345288593,227.9556,23.034388,8.48697
459958350,237.30193,22.709085,9.5003
345563083,223.70418,23.11124,9.9786
282853593,233.104,23.02181,7.74597
355884784,233.05122,23.521425,7.5957
282853783,233.14507,23.882494,7.8328
368290299,232.61095,23.924538,9.8138
355833378,232.88626,22.530178,8.5204
355887854,233.42458,23.443958,7.8642
345294624,221.47102,23.727306,8.57516
355887781,233.41888,23.185135,8.91049
355888081,233.55519,23.638065,8.3181
349313452,225.69733,22.305779,9.8754
307856989,226.24757,22.10087,9.4874
307857044,226.1937,22.415207,7.3397
422973711,232.62648,22.928768,9.09273
284385409,241.6305,22.883661,8.1939
229565873,240.00415,22.996086,7.74073
355740258,229.56741,22.439753,9.7614
229555390,239.25655,23.75212,9.81431
345259916,222.67073,22.907616,6.8964
347475490,226.48677,22.27229,9.4964
357474044,231.39055,23.518078,9.377
229555389,239.2863,23.757036,8.64897
345292719,221.15596,22.405386,9.2306
357473789,231.17606,23.27744,8.5791
345587264,232.47556,23.81713,7.41041
347473139,222.98698,22.83385,9.6003
345292263,221.03268,22.829117,9.4736
355685977,228.8634,22.549269,7.9506
135272184,244.32237,22.192478,8.9652
351457608,231.97568,23.31399,9.56962
355885046,233.01201,22.570803,6.8019
282853596,233.1449,23.027441,9.4459
311188550,225.25887,23.774828,9.42205
311188576,225.23285,23.918669,9.75324
282853538,233.1817,22.73089,9.68671
345587635,232.46321,22.195757,9.7921
282853757,233.1683,23.75137,9.7378
135230718,243.64018,23.318192,9.5301
258089826,246.18842,22.382977,7.41378
445911131,241.31105,22.18196,8.14447
258089379,246.18286,23.66672,9.92744
355691537,228.98215,22.360825,9.69763
347503860,235.69022,22.460678,9.74399
258089838,246.148,22.36137,9.99922
355833741,232.89491,23.917168,9.6619
355884736,232.95424,23.67468,9.77133
1101010149,238.77818,25.50046,9.4743
1101276054,230.26996,25.558334,9.5724
1200210021,240.96126,24.266306,8.54294
1200214538,241.01515,25.254768,6.3733
236316949,241.01515,25.254768,6.3733
445883757,234.6458,25.480183,9.27
236316637,240.96126,24.266306,8.54294
258108295,238.77818,25.50046,9.4743
357521651,230.26996,25.558334,9.5724
445883695,234.76093,25.746384,7.615
229868951,223.70485,24.175257,9.557
219744970,246.97768,25.984346,6.8214
462588413,239.76082,24.87004,9.60929
462588348,239.74196,24.621407,7.92658
462588466,239.75526,25.036097,9.16387
229886387,225.86366,25.42714,6.9478
311299298,247.86948,25.403297,8.602
1101220487,222.09781,24.36722,6.867
1101055804,232.49464,25.5086,8.4392
236322743,241.39915,25.283037,8.08421
236346397,243.12396,24.899204,9.6923
1200383743,246.97755,25.984045,7.8133
229906806,227.37173,25.461452,9.622
229907312,227.56773,25.03722,8.4317
258146127,239.19371,24.235886,9.1874
229886874,225.93736,25.202066,9.3592
445877806,234.1458,24.68136,9.0051
236338835,242.527,25.487793,6.5918
311358000,248.2936,24.559713,8.9781
219744709,246.98836,25.193684,7.40963
229904473,227.14818,25.108633,4.75116
229904644,227.16415,24.226202,9.08519
219744336,246.89917,24.16693,9.5244
229884462,225.681,24.610687,9.95522
236385618,244.28647,25.850414,7.3366
229902171,226.89568,24.121307,8.6161
236316674,240.98154,24.36169,8.4392
236322603,241.32692,25.898926,8.9379
458519095,249.42822,24.928448,9.2665
236382038,244.01994,25.300615,7.7227
458518703,249.48874,25.934443,9.3775
229875462,224.6502,25.647173,9.1427
229664028,228.64268,24.071766,9.3685
311276086,247.72034,24.206783,9.5044
310261672,248.36073,25.921654,9.5734
258177728,239.6831,25.569565,7.3249
229897458,226.48671,24.097687,7.8847
258109211,238.90874,25.90305,9.1227
236330423,241.94969,24.097116,9.27868
258177653,239.61844,25.94192,8.9215
236390670,244.72508,25.622982,9.8582
236320186,241.18617,25.202404,9.2682
462608347,239.99866,24.289131,6.97294
219838880,221.99316,24.164558,9.3415
283888777,236.24364,24.945011,9.6323
284758280,237.0554,25.334995,9.77
229872747,224.23203,25.778936,8.926
229873069,224.26587,24.07813,9.1743
284758466,237.1154,25.997713,8.4648
229872904,224.2479,24.913046,9.9021
229872918,224.22572,24.809183,7.2097
357524032,230.40402,25.915476,8.6993
219838864,221.91345,24.097555,6.2445
219843065,222.44778,24.074196,9.4201
283921700,237.02844,25.76231,8.3769
284758337,237.11586,25.515404,8.7968
284758453,237.04459,25.956097,8.8713
311299132,247.85384,25.841534,7.0948
236323405,241.46375,24.816383,6.9817
236308783,223.31114,24.630352,9.5672
236394080,244.87381,24.209135,9.5926
309923591,246.32178,24.17151,9.8394
236308951,223.28479,25.62811,9.2831
236341544,242.65367,25.96324,8.4098
310631830,245.6906,25.33615,9.4112
329118492,245.34076,25.026663,9.8012
237090297,231.0673,24.043919,8.0244
258147773,239.46364,24.384953,6.3348
258147898,239.51491,24.829193,7.8386
236288664,222.94887,24.75597,8.1411
159211016,246.05011,25.221697,7.1719
309923625,246.27812,24.056578,6.2244
309923643,246.2913,24.008991,8.5973
310074593,246.38907,25.222242,7.5122
219838545,221.83252,25.389084,9.5454
357499964,229.78748,24.134466,9.2569
229906957,227.37288,24.676025,6.9464
236316622,240.91501,24.205381,8.85917
258146427,239.26791,25.25339,9.21271
310061086,237.6412,25.986834,9.6292
445877724,234.22258,25.024128,9.43396
311357870,248.20866,24.266596,9.07256
219748758,247.15393,25.68184,9.9108
236330176,241.86356,24.908316,6.8369
357500163,229.76164,24.926224,7.744
310336693,249.0072,25.032793,9.2947
462608498,240.00603,24.737429,9.52802
357500019,229.81311,24.327074,9.8272
236322730,241.41217,25.340849,9.40681
311265440,247.26991,24.77807,9.8457
284302692,237.93358,25.131859,9.7259
284760655,238.71123,25.280422,8.2913
274946693,233.78743,25.311287,8.8186
284302242,237.82544,24.383022,9.2923
236287095,222.71892,25.426935,9.6859
236378127,243.79164,25.658606,9.2088
284302646,237.94992,24.952408,8.9641
284302749,237.87233,25.304142,6.5537
284302761,237.92633,25.355833,9.1093
284760856,238.73895,24.60237,7.7583
236385778,244.3018,25.345388,9.68254
219744669,246.95555,25.093039,9.92613
311357980,248.28442,24.530529,9.6244
310315176,248.61783,25.644955,9.6437
236286524,222.67207,25.638075,9.5009
383523586,232.0323,25.97949,9.27051
159232217,246.07962,24.295214,9.9142
383523492,232.12375,25.62556,7.7258
229895117,226.24292,24.485022,8.6529
229895161,226.19019,24.635073,7.3062
237090547,231.08714,25.31175,9.7531
236342198,242.8817,24.014135,9.9449
236342405,242.85947,24.641384,9.0424
236342505,242.84691,24.967062,6.5541
229902009,226.84827,24.935518,8.46924
229659528,228.24281,24.74612,8.59435
236382337,243.99779,24.278996,8.7519
283894291,236.7089,25.08532,7.8038
229902025,226.82527,24.869194,4.4987
310060470,237.48906,24.3125,9.86059
310315539,248.72063,24.748106,9.8304
310060150,237.48558,25.786036,9.8426
310060252,237.51291,25.336008,9.1946
310316363,248.7292,25.106016,8.4982
383522733,231.91197,25.101622,4.2865
368293015,232.79509,25.05093,9.9962
368292803,232.89973,24.05128,8.9107
368292983,232.85753,24.89908,9.1158
368293138,232.87262,25.673975,9.6631
236397656,245.05716,24.603071,8.5439
383523537,232.00548,25.789965,9.38153
368293192,232.8341,25.897608,7.9818
284302050,237.76079,25.084839,6.9448
236316983,240.90855,25.352875,9.386
236337768,242.37993,25.50995,9.95324
236320203,241.20294,25.244444,9.1435
357521653,230.28894,25.56714,8.1893
357441943,229.07094,24.683584,8.7392
357442015,229.1824,24.367815,9.63128
258108787,238.9218,24.162048,9.16596
255860719,235.62685,24.08094,9.64004
376722271,245.90678,24.637587,9.95943
229663962,228.60779,24.40409,9.23681
255860896,235.70761,24.84022,8.71768
236390287,244.71455,24.473967,9.54854
258177870,239.67201,25.098097,9.21514
258177739,239.57114,25.529438,9.8255
284355236,238.44763,25.954767,9.6895
159236357,246.66472,24.090067,9.66475
219843179,222.48439,24.720486,6.76775
283888712,236.23875,24.70861,7.3476
376722277,245.84761,24.647614,9.3347
376722632,245.90237,25.475239,9.79252
229872713,224.22035,25.932592,8.4195
283888603,236.2671,24.359264,8.3515
284758010,237.09973,24.302755,9.6421
236326786,241.71738,24.376865,9.104
310074355,246.40794,24.557302,8.50123
236393456,244.80852,25.351946,9.988
229880016,225.09106,25.964134,9.672
236382398,243.95471,24.042934,8.63246
310631869,245.79178,25.419643,9.59456
229879935,225.20253,25.580956,9.80827
236288910,223.0787,24.508284,9.81172
159210777,246.02423,24.599943,9.57894
236381806,243.95839,25.932318,9.95785
462588422,239.76497,24.88872,8.7307
462611917,240.25923,24.450323,8.2929
236330003,241.94691,25.426783,9.0784
236354004,243.59654,24.14253,8.9165
229881544,225.22868,25.797825,8.6126
320333641,237.38719,25.460209,8.083
229877120,224.749,25.005278,9.5918
219748751,247.19098,25.663694,9.979
229882175,225.35864,25.116373,9.7085
298262111,234.82004,25.160418,8.1889
236323510,241.4865,25.082148,9.6432
219748444,247.21434,24.86498,7.8775
219834848,221.7365,24.96981,9.98183
219748059,247.06645,24.192778,9.91299
219748896,247.20676,25.995108,8.8479
236329890,241.84084,25.805756,9.99618
310060724,237.61218,24.563776,8.61167
310060798,237.6529,24.797266,9.29771
310336389,248.99892,24.261766,9.23934
310336895,249.0059,25.518276,9.3985
357499469,229.6795,25.771576,8.0244
329118169,245.3214,25.815231,9.37887
462612362,240.2418,25.908998,9.95555
310315583,248.70915,24.618406,9.7467
462611286,240.1705,25.386818,8.95373
357500361,229.74605,25.691748,7.3156
357477337,229.42131,24.12493,8.7593
229897695,226.46898,25.179024,9.9445
310074351,246.37271,24.544342,9.8301
237094753,231.46988,25.77233,9.9935
229884086,225.54437,24.947128,9.8754
219747928,247.03613,24.58633,9.18
219747625,247.08247,25.5154,8.48749
258145949,239.10107,24.347914,8.0615
258146006,239.14868,24.129808,8.916
229884062,225.52711,25.008133,3.41383
229884101,225.48552,24.879778,8.7308
229884207,225.5651,24.36436,7.9714
229884504,225.7276,24.883343,7.5286
229897766,226.42908,25.587805,8.6446
357477940,229.49892,25.999971,9.7513
236350457,243.32234,25.103096,9.6036
236350496,243.3694,25.241379,9.02249
159232366,246.07764,24.110374,8.68345
229897326,226.36191,24.435091,9.9454
445874369,233.9024,25.752806,6.6381
284302391,237.86646,24.029388,9.8668
383519859,231.01512,24.032469,9.21687
236333786,242.1592,25.742348,9.66571
284302035,237.81668,25.144224,8.85659
320387508,249.5707,25.427065,8.3995
284302020,237.79768,25.187502,9.10868
236320197,241.20181,25.236826,9.0404
310336077,248.91287,24.327282,7.99051
368293120,232.84105,25.613728,9.61433
310335731,248.9598,25.190704,9.80877
236338688,242.56047,25.07064,5.38
229904738,227.22162,24.230404,8.32091
462611929,240.25748,24.496851,9.7019
462612034,240.24316,24.836456,9.0623
283919577,236.84225,25.865448,7.2624
229907263,227.5783,24.795633,9.8442
283894737,236.84113,24.553074,9.5292
236342429,242.80159,24.705606,9.6563
445881255,234.56929,24.521864,3.16905
311357432,248.10507,24.650856,8.8433
311357350,248.08304,24.849081,7.65619
310315392,248.61557,25.10502,9.698
236379296,243.93712,25.724548,7.4103
284355192,238.41217,25.787548,7.2687
310315575,248.63538,24.638582,7.81652
458515017,249.13928,24.896255,8.9304
310232035,246.73457,24.235348,8.1478
236379137,243.86658,25.237146,9.4608
284382466,238.62575,25.841227,9.2918
284382763,238.5562,24.850803,8.513
458514845,249.17036,25.359396,9.9613
458515087,249.1654,24.684086,8.9176
311357038,248.15538,25.600199,9.9473
236310527,223.4821,25.952374,9.5574
462588518,239.7118,25.209393,9.26333
236329940,241.83304,25.671604,9.53827
462612046,240.27324,24.869158,9.7968
357442393,229.20518,25.005106,9.4187
283891446,236.4062,24.094799,8.3801
284351409,238.0672,24.689678,9.6495
219834815,221.72746,24.78184,8.4281
274944648,233.70792,24.8293,8.68036
284352004,238.11697,25.181038,8.0977
274929429,233.44122,25.289852,8.349
219834953,221.6725,25.611069,9.4514
258175410,239.47728,25.758316,7.9863
219834812,221.67781,24.76502,9.5113
274944180,233.58318,25.486927,9.9289
274944637,233.67996,24.762394,9.8127
445878170,234.35832,24.393913,9.99238
236323303,241.50354,24.48174,9.3777
229877304,224.70204,24.169737,6.79563
229895123,226.28206,24.503069,9.19844
229895320,226.1881,25.46026,7.666
219748442,247.15123,24.861313,9.8582
219748556,247.20633,25.195957,9.57684
236323448,241.53076,24.926495,9.87169
298262157,234.89134,25.353043,9.76179
368287410,232.22533,25.318579,7.5885
445880747,234.44861,25.175428,9.5671
445881260,234.54378,24.556372,7.74032
445881421,234.52292,25.166792,9.3549
255863482,235.89429,24.649109,8.77768
255863558,235.97313,24.962622,6.8357
236313797,240.69228,25.804596,8.4457
236382968,244.07916,25.582794,8.9313
236313673,240.70094,25.34395,9.6609
368290540,232.53978,25.100271,9.7074
236349572,243.15927,25.497957,9.286
445880624,234.47516,25.635487,7.59459
219840749,222.13423,24.751038,8.5848
219840780,222.13075,24.599573,9.9976
310316016,248.84822,24.302448,9.2773
311300161,247.99913,24.654951,8.1998
236353781,243.4198,24.416323,9.3212
458519001,249.46837,25.225218,9.66289
236386578,244.46304,24.89808,9.7401
357477572,229.59265,24.631084,8.3996
237095487,231.61974,25.763275,9.131
368290683,232.60959,25.740667,9.359
236349966,243.25586,24.262196,9.5746
236345814,242.89001,24.614567,9.9846
357477675,229.57996,24.997217,9.1841
236353628,243.46487,24.891216,9.7114
356000675,239.42682,24.940287,9.3196
309905025,245.50423,25.51945,9.2972
236394415,244.9871,25.134966,9.9247
219842839,222.3118,25.150892,5.4605
236338941,242.49083,25.786844,8.5921
310261855,248.43349,25.361858,8.2081
310262698,248.46095,24.762926,8.4595
310262997,248.51768,25.476727,6.4118
236313045,240.54079,24.786652,8.8836
310262821,248.49069,25.077341,9.7952
310263171,248.5804,25.868525,8.9411
309905220,245.42465,24.91388,9.9921
310029874,229.9909,24.699839,9.9335
445875272,234.02681,25.279633,7.7066
229868809,223.71481,25.004593,9.5195
357501616,230.13376,24.57329,9.3645
368289961,232.49362,25.508625,6.4692
255887453,236.05527,24.694551,8.4016
258108463,238.86397,24.821375,9.8191
320333522,237.33289,25.045052,9.71688
236319705,241.14717,24.341366,8.8698
236378803,243.9354,24.240488,9.5585
320333576,237.38199,25.241266,9.79496
229873253,224.42326,24.674107,5.65488
229909197,227.6356,25.255636,7.9509
236326803,241.75555,24.425293,7.7804
462607643,239.87567,25.92017,7.7292
462607803,239.8709,25.434843,6.4069
462607884,239.8723,25.114723,9.7272
236389438,244.59854,25.89669,5.92154
310631689,245.66869,24.97234,8.8425
229909274,227.68332,24.980434,9.2125
229870995,224.00168,24.386023,5.8259
283891645,236.55527,24.493944,9.04371
445881415,234.53351,25.147184,8.78685
258147769,239.5191,24.374493,9.8609
282851075,230.58257,24.382427,9.7037
274944682,233.7059,24.999107,7.7436
219834774,221.68225,24.582254,8.84569
283891326,236.40364,24.467745,9.7191
310315654,248.65446,24.467669,9.7862
236310702,223.40982,24.829893,8.5064
458516074,249.25554,25.978008,9.03759
229904700,227.26756,24.015982,8.3138
229907384,227.60698,25.444859,7.98563
236342652,242.85767,25.421192,8.81131
236289109,223.07637,25.652487,9.4442
357496220,246.50862,25.140522,8.0639
357496421,246.57669,25.691393,9.0576
236390597,244.67143,25.41402,8.881
236393776,244.85378,24.432959,9.6158
357496173,246.47755,25.03635,8.974
236393854,244.84198,24.280453,9.6409
229877110,224.70679,25.047981,6.4553
282851301,230.60553,25.624146,6.1514
445875240,234.0944,25.103268,9.0646
236397462,245.04846,25.12034,9.9846
329118343,245.3684,25.40382,9.8761
229656925,227.84418,25.280481,9.88002
236390746,244.66254,25.838161,9.1362
329118178,245.35474,25.793964,9.1415
229897142,226.39185,25.306776,9.70972
258145734,239.10323,25.17602,7.9051
236334729,242.22151,24.930584,8.9601
236398562,245.15247,25.886944,7.71941
357477665,229.54507,24.969234,9.6548
357504325,230.26553,24.68282,9.31354
229899684,226.57277,24.939116,8.60992
357504646,230.39389,24.343367,7.22088
310261759,248.33829,25.689695,7.7521
310262016,248.39337,24.883116,8.17622
236345629,242.96512,25.23607,8.9651
368287965,232.31306,25.052952,9.78523
368288062,232.28839,25.557098,9.77975
219840989,222.21391,24.277243,9.36552
219843367,222.45763,25.761951,8.91275
236313810,240.69862,25.845442,9.86059
229899520,226.60612,25.728392,9.79988
229899925,226.77449,24.21285,9.8467
229871259,224.0389,25.087713,7.5629
236323655,241.52928,25.641201,9.72129
236337592,242.4503,25.998247,7.9725
236350393,243.37917,24.890568,9.49016
356001100,240.45216,24.280266,9.0743
356001582,240.39572,25.852705,9.2502
229869129,223.76715,24.593702,9.71864
236378504,243.78026,24.526787,8.60295
229869293,223.78944,25.576416,8.5425
445874698,233.9288,24.64326,9.39058
236338509,242.48932,24.414375,9.6709
229869264,223.85982,25.458534,9.91042
219838928,221.98781,24.4338,7.6216
219839126,221.95908,25.471506,7.4444
219839198,221.99258,25.84162,9.8735
356000778,239.33192,24.609438,8.47513
236394012,244.95416,24.039122,9.09992
309905890,245.57149,24.742094,8.30137
356000682,239.42708,24.905987,9.93876
309906034,245.59836,25.0918,9.85399
219841260,222.25981,25.702538,9.21409
368290608,232.58087,25.346807,8.47064
219840816,222.09727,24.366875,6.0031
219841000,222.20476,24.327248,9.20945
219841055,222.19838,24.583792,8.63571
368290601,232.63058,25.316294,9.45539
310232388,246.8549,25.221294,9.24853
255887504,236.02477,24.460402,7.1483
320333643,237.38687,25.46404,9.98004
320333696,237.42941,25.644598,8.29459
255887795,236.13185,24.635742,8.67139
255887887,236.12764,25.058817,9.33889
255887812,236.20094,24.725573,9.54444
320333596,237.3051,25.306831,9.7167
357442572,229.22444,25.753954,7.8041
229657213,227.90448,24.23291,8.263
229877398,224.86655,24.129133,9.97387
229879583,224.97186,24.06548,9.84598
283870543,235.11964,25.87064,9.55764
462608002,239.83508,24.753057,9.59212
229873369,224.34666,25.323654,6.7359
229873261,224.37161,24.741686,9.45537
236389454,244.53908,25.861353,9.22466
236326771,241.70833,24.344257,9.68124
356001576,240.37134,25.827614,9.35807
236288975,223.00345,24.836147,9.8291
236398209,245.21515,24.971966,8.91763
445875176,234.03424,24.873398,9.14285
236393296,244.80714,25.881086,9.22368
236397332,245.08083,25.587057,9.59227
357496381,246.48642,25.583717,9.51858
458515537,249.25761,24.447628,9.89516
1101294689,229.58391,26.840288,7.0627
1101294688,229.58441,26.84037,6.7823
1200388507,246.98907,26.539696,9.0301
1200388508,246.98906,26.540022,8.6274
219745164,246.98906,26.540022,8.6274
310317278,248.73909,27.428787,8.543
357478147,229.58441,26.84037,6.7823
236393069,244.87627,26.49473,9.637
229907859,227.4932,27.843979,9.118
310074866,246.3847,26.0273,9.758
471011926,233.67192,26.714693,2.22
236333492,242.088,26.643927,9.521
159230351,246.13034,27.04034,9.69
159233726,246.68813,27.76036,8.9005
159234691,246.71857,26.373888,9.5919
159234212,246.65321,27.086744,9.22813
159229949,246.10435,27.638985,9.52824
229894233,226.07956,27.678198,8.9518
462589354,239.74596,27.768267,8.536
236387049,244.45251,26.404257,7.886
311276823,247.72473,26.047808,7.8344
229872472,224.17104,27.506983,8.2106
462588968,239.71129,26.663198,8.3888
462589093,239.74268,27.033821,9.39419
1200475306,243.1898,26.67002,9.2674
258175473,239.47507,26.001032,7.8675
237095818,231.70969,27.400784,9.6393
236385009,244.23987,27.803076,8.5739
236385416,244.24405,26.506088,9.8912
219745012,246.9591,26.118557,8.7072
462589143,239.72925,27.129404,9.4978
236385211,244.26537,27.164558,9.9096
310316717,248.78896,26.028864,9.0034
237095834,231.64777,27.450655,8.9072
229904219,227.09909,26.301151,4.56706
236385001,244.21371,27.83387,8.0237
236385384,244.24173,26.619968,9.716
283921353,236.94768,27.04589,8.5282
356009592,240.37576,27.644213,9.95687
1101285355,231.4282,26.627735,9.2127
283893761,236.69508,27.014471,9.2858
236383311,244.10933,26.66186,9.2225
229902834,226.96884,27.026676,9.8714
236322139,241.39252,27.572996,9.92608
310337509,249.11754,27.16486,8.2513
458518203,249.42317,27.364435,7.29017
229885986,225.7723,27.536444,9.0626
258146969,239.28091,27.325937,9.1887
237089608,230.74786,27.529478,9.4699
445877246,234.17981,26.753944,9.775
229887274,225.95532,27.081156,5.4796
229907766,227.59476,27.423782,7.4386
357497195,246.54558,27.947903,9.1056
310317277,248.73798,27.428791,9.9758
357497088,246.49586,27.634874,7.8884
310059772,237.51195,27.301386,9.4315
462612778,240.28044,27.14389,7.04031
462612882,240.32692,27.469206,8.3588
237095820,231.65118,27.403358,7.887
236385059,244.32957,27.644833,7.5632
462588794,239.74281,26.134611,8.97429
255857405,235.22475,27.161394,9.64212
236385410,244.31781,26.518534,9.8367
159233972,246.6356,27.462465,9.0802
320391026,249.80399,27.767118,9.1158
219746869,247.11946,27.818035,8.8619
236329523,241.90077,26.987434,9.5449
284303426,237.91992,27.84464,9.9852
458516263,249.27528,26.608463,9.9469
458516628,249.29001,27.745384,9.4152
229658706,228.09645,27.569254,9.804
458516283,249.27621,26.668283,8.86821
219747067,247.09145,27.159325,8.2325
311266866,247.41573,26.72837,8.2812
237094599,231.51889,26.50811,9.1287
236339228,242.51631,26.742748,5.66538
311266857,247.48141,26.699516,9.5059
236315603,240.80644,27.122478,9.7878
236317664,240.90807,27.85356,8.9374
236317318,240.96088,26.567568,9.70308
236320608,241.26515,26.796852,8.5093
236317230,240.98936,26.283087,9.97709
236315769,240.81139,26.509777,9.2888
229663503,228.60353,26.597843,8.5875
383502045,230.93889,27.563059,8.0111
284760363,238.69664,26.410275,9.5891
229663405,228.65031,27.132689,9.321
274946346,233.81453,26.89412,9.6013
310059634,237.46298,27.863543,9.1111
320352722,249.54501,27.455175,7.9586
284301526,237.75923,26.946802,8.3869
274946282,233.82594,27.204222,9.4515
284301749,237.70424,26.102669,7.42205
311405385,248.27402,27.795298,7.8334
320353116,249.61832,26.416119,9.4816
320391660,249.88272,26.148602,7.7593
236327384,241.73093,26.253052,8.7795
258175543,239.54391,26.241615,8.9675
311264874,247.35992,26.227354,9.526
329117624,245.3658,27.1994,7.8197
311264425,247.30461,27.53037,9.6272
309904828,245.52383,26.149944,9.5781
357442925,229.29576,27.257133,8.8652
383520748,231.72803,27.277025,6.2936
445877148,234.13914,27.174776,9.6691
445877248,234.1653,26.748697,9.98883
445877376,234.24431,26.23525,9.94169
310075316,246.43567,27.473318,8.7167
236352849,243.49144,27.201792,9.867
309922736,246.21552,26.694265,8.8571
229896685,226.37982,27.491875,8.9532
229876724,224.77492,27.288887,8.4117
445878869,234.27937,26.760147,8.3079
236350885,243.28519,26.528511,5.8188
236351061,243.30675,27.072172,6.93976
309922821,246.22284,26.449059,9.11219
310075362,246.3532,27.597021,8.9084
236352958,243.41872,26.881468,9.3114
236352780,243.50362,27.412928,9.8216
357523476,230.51465,27.922506,8.4601
357523620,230.46065,27.398796,7.5234
236342876,242.8781,26.045446,9.7114
236349290,243.17175,26.3433,9.5604
255858954,235.43332,27.876326,8.92
283889140,236.33255,26.369642,9.6201
255857454,235.19011,26.92418,8.6285
284758708,237.1613,26.849134,9.0255
255858992,235.40103,27.995337,7.2597
284758555,237.04044,26.30484,8.9482
237092126,231.32785,26.956478,9.863
310265979,248.6064,26.391481,7.7599
310314993,248.70528,26.111053,9.0837
356000102,239.39688,26.877872,3.0741
383523659,232.00491,26.278215,8.4666
159230717,246.08752,26.44405,8.2283
311356177,248.09465,27.73028,9.4083
311356186,248.11201,27.70947,6.24971
229905455,227.2161,27.67984,9.19033
236398608,245.26353,26.017675,9.94339
229905441,227.3295,27.594582,9.74836
462612857,240.28992,27.38656,9.62046
229874743,224.49934,26.20401,9.829
376723284,245.87369,27.134258,8.9152
311274622,247.6024,27.316122,8.8618
258109689,238.9369,27.677092,9.7474
236392829,244.84433,27.34468,9.836
236392974,244.75932,26.817617,8.4804
311298937,247.85526,26.339426,8.9866
311277485,247.69139,27.660645,7.7046
311300741,247.97635,26.0319,6.86018
229896712,226.40994,27.404503,9.5068
229896772,226.39186,27.106197,9.2252
236418602,245.25848,27.511967,9.036
310075171,246.4451,26.971209,9.8447
357414666,228.9042,27.94412,9.9251
310665325,245.75958,27.46557,9.1723
309922801,246.20912,26.502794,9.5629
320391355,249.7992,26.887442,8.3013
320391469,249.81238,26.644035,8.4964
357414714,228.89833,27.71706,9.6809
236288404,222.90344,26.126501,7.7462
236341484,242.72359,26.13983,9.4785
236394796,244.90463,26.27248,9.514
309906705,245.66039,26.89677,9.082
310665450,245.79515,27.801413,9.6542
309922531,246.32219,27.324629,8.9085
309922862,246.28348,26.326494,9.8518
258145324,239.0772,26.673923,9.5746
258145281,239.11461,26.822304,9.8314
357478361,229.54749,27.579784,9.33999
298262400,234.85564,26.428637,9.6023
236398642,245.15327,26.10481,7.80493
236398766,245.22826,26.4558,8.98309
229880031,225.18205,26.024075,8.8054
236381269,244.02052,27.658249,9.1778
236381360,243.94717,27.422083,4.98038
236394729,244.89984,26.01707,7.2517
458518214,249.50845,27.3369,8.093
284355439,238.43037,26.659029,7.9126
236386988,244.43079,26.280983,9.7093
458518332,249.45422,27.043837,4.9333
311354584,248.03401,27.739355,9.7598
236320840,241.23912,27.638807,7.4608
236387301,244.35725,27.18436,8.8837
229908975,227.68857,26.249619,9.191
236320762,241.17917,27.39103,9.5187
320421915,249.93549,27.721857,9.81454
229869623,223.80197,27.592566,7.2171
357522028,230.28178,27.03982,8.4615
236329751,241.87947,26.278868,9.3742
236381472,243.96986,27.048487,9.7795
258147113,239.20715,27.89838,9.76966
458516124,249.2543,26.129507,9.71398
357521968,230.28323,26.844215,9.8465
236381288,244.00479,27.629465,9.6294
329117553,245.31497,27.37557,8.001
320472575,250.28235,27.944399,9.1503
458516312,249.27197,26.754189,7.5532
357496575,246.47952,26.140856,9.7644
311266830,247.48174,26.624863,9.9965
236389100,244.54832,26.910618,9.68953
357476474,229.42429,27.590656,9.5085
357476538,229.46675,27.36464,9.5648
417519733,230.80553,27.571348,9.56086
237094559,231.55702,26.71993,8.76662
159211807,245.98929,27.339094,8.39974
368293333,232.79803,26.598228,7.9492
368293403,232.80855,26.898678,8.5752
283893648,236.77013,27.479757,9.9058
368293224,232.91743,26.02617,9.8789
368293485,232.79625,27.33891,7.55663
236318689,241.0932,27.8972,7.7843
236385160,244.23111,27.296764,8.06647
310319049,248.8656,27.871416,8.78854
310335213,248.89044,26.474298,6.6297
236319132,241.15404,26.345337,9.47697
274945172,233.61797,27.197756,9.302
274945192,233.66483,27.271389,8.2882
274945236,233.63219,27.471746,9.9251
229878984,224.9683,27.160288,6.7499
283919895,236.79869,27.225332,7.0321
320423554,250.06076,27.728165,8.266
357416482,228.95007,27.361769,8.2057
274945108,233.66936,26.911888,8.2448
462610833,240.13214,26.874584,9.7538
283919724,236.87512,26.5532,8.68375
462610647,240.15361,27.43992,9.9357
283919780,236.83728,26.79555,8.448
445883610,234.68985,26.054834,8.4587
284355773,238.49112,27.905785,9.0536
284355750,238.38953,27.805546,9.53624
357442918,229.21567,27.227297,9.7704
309904414,245.46661,27.37422,8.7256
311264715,247.28836,26.645327,9.23373
311264591,247.26613,27.055561,9.83505
283890814,236.46352,26.601974,9.3927
236315795,240.85768,26.416708,8.29996
236337282,242.48099,26.939901,9.508
236317697,240.9957,27.98234,9.67897
310232952,246.82755,26.885857,8.65247
357476623,229.36908,27.016169,7.3671
236310254,223.404,27.567118,9.8328
311264865,247.36894,26.243034,9.9882
311356315,248.0776,27.418226,9.83584
219839265,221.94757,26.198782,9.9039
219843679,222.48438,27.639225,9.9765
255858691,235.39455,26.536495,9.68
236349264,243.24902,26.432425,9.98423
236348922,243.1913,27.485077,9.54
255857603,235.17729,26.173489,9.42325
283921520,236.96358,26.468288,9.38111
236343148,242.78293,26.892183,7.0589
219745501,246.86763,27.663704,8.9533
311298897,247.88545,26.4334,8.2471
229663594,228.67033,26.20378,9.6452
368286985,232.21915,27.49215,9.6652
368287057,232.17953,27.138529,7.1999
258175994,239.47334,27.594378,9.67172
236327331,241.73547,26.109476,9.14738
356001753,240.36913,26.404581,7.8914
236323902,241.54315,26.56766,9.46173
357522011,230.36572,26.976877,9.12786
236381253,244.05319,27.734411,9.49122
357522025,230.27702,27.036327,9.6953
236312552,240.62259,26.55383,8.3317
229663491,228.66782,26.686594,9.95699
284301599,237.80714,26.646889,9.79619
229660099,228.19891,27.926546,7.7831
229660096,228.19135,27.920568,8.712
236377863,243.78821,26.474243,9.89684
310059769,237.44882,27.306501,8.64674
310060067,237.50307,26.17885,8.25289
284303054,237.8308,26.407265,9.5068
236344756,242.98058,27.92651,9.71461
236344978,242.8932,27.254177,9.80703
310665194,245.72102,27.100595,9.5017
237093263,231.42845,26.628073,9.1589
236337270,242.40068,26.972847,6.8929
236314005,240.66008,26.612083,7.176
159229900,246.13353,27.71021,9.68259
383523717,232.08423,26.509232,8.0682
356000343,239.41675,26.105204,9.64167
310315028,248.6462,26.009071,9.64654
311356521,248.19157,26.882935,9.71282
159229863,246.19026,27.754107,8.27192
229885057,225.65111,27.418106,8.8734
229885095,225.65002,27.626413,9.4364
298262684,234.85498,27.626307,8.2974
236418552,245.16078,27.305914,9.47981
236335511,242.34474,27.335703,9.28206
236418623,245.25336,27.577625,9.31402
357416369,229.06677,26.943819,9.6212
229898225,226.47867,27.752672,9.9646
236319011,241.08568,26.769033,9.10487
283893636,236.76857,27.52028,8.58011
236396746,245.03842,27.333345,7.58371
368293598,232.8852,27.905247,9.9711
236288436,222.951,26.000313,9.41619
236341259,242.6438,26.836336,9.56085
320391306,249.90753,27.02437,8.93495
320391539,249.82216,26.458035,9.73697
236341408,242.73825,26.398516,7.70391
310235002,248.42677,26.6375,9.4746
357414824,228.88074,27.244404,9.13352
258108165,238.838,26.00888,7.32179
445875612,234.06134,26.502079,8.95632
229868618,223.74342,26.082277,9.0577
445874300,233.85524,26.01913,8.6132
274929672,233.34875,26.645433,8.2554
284352399,238.12279,26.538382,9.1202
274928596,233.28781,26.943165,8.3289
274930747,233.47095,27.49174,9.0766
274930768,233.48024,27.361897,9.4749
274930936,233.52177,26.50944,6.6176
274929928,233.32088,27.934095,9.9911
274928634,233.31918,26.70597,9.4206
283890791,236.42075,26.674208,8.7109
284352434,238.15776,26.702206,8.9311
458520788,250.4169,27.50148,9.55014
284382324,238.56337,26.280891,9.9393
311356583,248.12297,26.710642,9.98441
284381847,238.56339,27.896458,9.78885
458514423,249.20398,26.532177,7.5377
357476821,229.36395,26.318027,9.2535
383520656,231.77777,26.984835,9.2708
310232729,246.84685,26.223446,9.31994
236312296,240.60532,27.535982,9.95684
274928482,233.27214,27.511868,8.2765
283921256,237.01741,27.41015,9.1856
462612455,240.26625,26.172417,7.4816
283921428,236.97206,26.744373,9.7559
320333814,237.39853,26.06839,3.8901
236317512,240.9231,27.27762,9.1363
284353732,238.28526,27.814445,7.41332
284353929,238.27763,27.185202,8.2738
284354155,238.34914,26.30595,8.5918
236355065,243.64742,27.166836,9.2754
320334006,237.38986,26.853241,9.2349
236319136,241.06033,26.334284,9.6108
284354071,238.32886,26.701912,8.8466
229659816,228.16336,26.33853,9.7105
229898050,226.50476,26.88121,9.2928
229902760,227.05803,26.711351,7.0455
274928495,233.21964,27.436539,8.3284
229899378,226.58754,26.437145,6.6944
236335482,242.33394,27.236204,9.0842
236347272,243.08202,27.519718,9.6713
274928647,233.25212,26.648003,9.8039
236390811,244.68321,26.031132,8.9804
310234563,248.41896,27.966312,9.24351
236335349,242.26791,26.850155,9.8559
236335523,242.32785,27.369373,9.74592
236335641,242.26567,27.731968,9.3938
229899297,226.62927,26.838404,9.7199
357442825,229.2848,26.843609,9.51014
357503527,230.20816,27.636894,9.91288
258108067,238.80156,26.486265,7.86847
357478098,229.47672,26.681242,9.776
236308052,223.19504,27.498512,7.14237
258109531,239.01477,27.05148,7.07069
236349155,243.26439,26.723545,9.6938
219840439,222.1501,26.67873,9.8403
236289419,223.09483,27.316324,9.1401
283892086,236.5908,26.259579,9.3762
445880242,234.50694,27.32171,9.2914
236312614,240.6172,26.345953,8.4964
236345250,242.90579,26.42184,8.3169
357502373,230.07343,27.749704,7.5309
236377935,243.74796,26.222185,8.63055
236314020,240.63292,26.668793,8.3191
236314199,240.69527,27.318268,9.7148
236383397,244.19313,26.890966,8.8982
236344849,242.92091,27.647562,9.7754
357502349,230.13344,27.651932,9.6643
236344944,243.00006,27.353354,9.794
236383090,244.16197,26.003073,9.3155
219842678,222.34705,26.058739,9.149
236344862,242.96883,27.61389,8.24871
236383291,244.12952,26.602095,9.3928
229881165,225.33667,27.793047,9.0139
236346912,243.10483,26.43136,6.99057
236392812,244.78976,27.411343,9.1938
329117590,245.27522,27.273954,9.1368
236390816,244.70879,26.033691,9.0995
236392919,244.83818,27.01968,9.6858
236397170,245.0355,26.058771,9.7223
383501950,230.99864,27.912731,8.5929
229877949,224.88574,27.273672,8.4549
229876770,224.72255,26.9947,9.0206
282851679,230.62051,27.450413,9.2382
229657825,227.96544,27.535915,9.5218
229657837,227.90955,27.59219,9.7624
236344969,242.90665,27.29365,8.3879
236344745,243.00117,27.96476,9.1052
236345038,242.95163,27.11576,8.7718
368288402,232.34192,27.099419,7.754
368321642,233.13728,27.73969,8.9856
274930904,233.46165,26.707285,9.88707
458520592,250.40291,26.916882,5.5224
284350581,238.01086,27.60314,8.6176
274930903,233.46367,26.708466,9.20062
283870249,235.15712,27.224554,9.1835
159234365,246.61108,26.830818,9.83586
229874470,224.45895,27.896818,9.1445
258177414,239.62695,26.853104,7.757
258177513,239.64548,26.543068,7.25647
283870119,235.16377,27.787973,8.1063
310263713,248.53291,27.227337,9.5529
310314959,248.59918,26.19369,9.593
310632169,245.69028,26.213634,9.55
357416249,229.01733,26.505331,7.72398
236394963,244.95674,26.77718,8.463
310337363,249.09897,26.748133,8.8901
383520423,231.8398,26.119,9.9625
229902891,226.95183,27.25032,9.37207
236350924,243.37726,26.682848,9.8628
236335525,242.33057,27.375622,7.90644
237093350,231.43861,27.02378,8.91165
236335338,242.27252,26.827246,9.21548
236350733,243.40749,26.000313,9.53917
236351123,243.34204,27.293192,9.00618
284760277,238.75208,26.747126,9.60859
229894375,226.11143,26.947647,3.4189
229872478,224.2388,27.48336,9.0294
368286955,232.14114,27.629492,9.01608
368289485,232.42003,27.75735,9.788
284354025,238.35516,26.917276,9.76027
368289602,232.48853,27.21226,8.54444
368320286,233.00208,26.577066,9.1809
320325654,237.21399,26.438963,9.6782
320333923,237.41785,26.520193,9.0207
357501952,230.06825,26.004356,8.851
236354852,243.65933,26.541336,9.55578
236319224,241.10945,26.016266,9.66663
310263236,248.4857,26.061783,9.97042
236324000,241.45943,26.939299,9.75862
219841375,222.2672,26.46103,9.37403
219841643,222.22423,27.900026,9.92455
219842569,222.30287,26.65301,9.68633
236327696,241.71124,27.276289,9.89993
236327857,241.70995,27.757124,9.61909
236322364,241.30786,26.725136,9.03361
282851820,230.64743,27.758614,9.81624
236349181,243.18947,26.670591,6.1408
236308239,223.22087,26.465027,7.18723
368291074,232.58481,27.65827,7.8162
236349010,243.27614,27.192556,9.56645
368290920,232.53676,26.903513,9.82987
236308296,223.17073,26.163248,9.91878
255860056,235.4672,26.924305,9.4127
229894254,226.12593,27.585302,9.86631
462610781,240.19926,27.018375,9.82538
309906887,245.54239,27.46626,9.98538
236347415,243.08182,27.993448,9.53557
236392723,244.78404,27.713957,9.6105
329117395,245.38089,27.739588,9.40065
236346929,243.05367,26.486237,9.90579
258177087,239.63345,27.739988,7.2903
258177284,239.63106,27.16886,8.9299
310314963,248.63057,26.17981,9.5505
310319047,248.93663,27.873232,8.03747
1101597106,238.31383,28.675573,9.8403
1101363183,230.02122,29.654362,9.2924
1200504291,240.80135,28.851845,9.7747
1200504288,240.80193,28.851774,8.5023
1200428194,248.08534,29.098461,8.23233
311355661,248.08534,29.098461,8.23233
229882970,225.36092,29.145067,8.377
10001449165,222.83191,29.539375,8.581
458517894,249.42125,28.224546,9.843
357502867,230.02122,29.654362,9.2924
236315118,240.80193,28.851774,8.5023
284353529,238.31383,28.675573,9.8403
159212153,245.96246,28.23385,9.779
159228274,246.00403,29.615973,7.63127
356010327,240.36069,29.851059,5.04212
274928141,233.28899,29.367867,9.2968
462589565,239.78609,28.547537,9.9765
462589519,239.73032,28.40109,9.39202
236348571,243.19447,28.531506,8.34024
284759010,237.1434,28.15675,8.3822
284759044,237.13222,28.28181,8.5917
311277673,247.66635,28.189903,9.6173
311297131,247.76823,28.474728,9.12168
1101352785,227.49368,28.116726,9.8793
383521393,231.76987,29.702322,8.5012
236384594,244.2168,29.172127,7.2642
237091573,231.26141,29.726482,8.7276
258144682,239.03506,29.238312,8.9572
237096118,231.69641,28.667736,8.4349
356009698,240.4236,28.054173,9.9436
376758915,245.93376,29.124119,9.7469
236288000,222.83653,28.798826,9.4205
310059403,237.47104,28.777178,9.5611
17569064,244.35422,29.934143,8.9988
462589552,239.73857,28.509035,9.6751
229665084,228.72388,28.761047,9.7423
462606514,239.90549,29.690783,9.1572
236384425,244.25679,29.732307,9.9923
236384579,244.2515,29.230453,9.8002
462606414,239.70622,29.787863,8.74594
462606722,239.84937,28.85073,9.6343
17652706,244.73306,29.916965,9.0441
462606328,239.77464,29.431583,6.11256
236387599,244.44627,28.175343,8.9822
229885620,225.81845,29.33064,9.02227
311264095,247.31154,28.461218,9.1368
237089368,230.66461,28.567581,9.0107
236336327,242.42035,29.85067,7.5361
236336329,242.36784,29.849697,6.95658
236384217,244.10612,29.475828,8.93542
1101269242,225.50375,28.68106,9.8774
236003456,251.02023,29.762154,9.0734
229905692,227.30585,28.84639,9.9039
236377113,243.71532,29.026375,9.43152
320325113,237.25864,28.639418,8.0958
310059194,237.5216,29.594976,9.5967
236003612,251.0741,29.318096,9.0716
229906033,227.43813,29.385595,9.9759
229906103,227.44135,28.94346,9.991
236315044,240.85254,29.113455,8.7585
310059492,237.56795,28.470604,9.7323
229906226,227.36443,28.240267,8.9988
236377211,243.70041,28.707342,8.9901
462613257,240.27824,28.705952,8.3495
159229462,246.12126,28.288078,8.5843
383521659,231.9572,29.105711,3.3951
357478531,229.53593,28.217218,7.6904
311273919,247.64102,29.378242,9.9191
236343825,242.82477,29.145618,9.4326
311267723,247.45224,29.055265,8.9352
229883303,225.50392,28.680742,9.9379
159212251,245.96355,28.53597,8.81946
311274078,247.59285,28.941122,8.8315
236340356,242.65366,29.770077,8.0918
236340572,242.72215,29.14166,7.0706
309907802,246.2708,29.2511,5.8277
357498865,229.6906,28.106707,9.6907
236380684,243.96632,29.778666,9.9361
309907128,245.61037,28.298487,9.9078
236380604,243.81575,29.824524,8.297
229885830,225.77658,28.267244,6.96643
357414432,228.82469,28.904943,8.1308
310666112,245.71182,29.831823,8.126
310318530,248.91435,29.170465,8.8868
357500999,229.75697,28.197412,8.97594
310318604,248.94588,28.98459,9.24483
236384302,244.18962,29.769007,9.66011
229883385,225.57333,28.25554,8.7354
237089125,230.72076,29.823288,9.7705
445882582,234.53413,29.780895,9.508
445871866,230.24432,29.966398,9.4111
320352012,249.54858,29.424686,9.7661
229903139,227.00214,28.518414,6.4201
236321584,241.39087,29.54953,8.4537
458517682,249.40341,28.836143,6.82497
458517791,249.46597,28.532228,9.79143
236384520,244.28877,29.428337,7.2123
255830333,235.29817,29.85667,8.23559
310317556,248.72748,28.184742,9.7516
159233088,246.6975,28.797705,9.96378
229905584,227.32794,28.228811,9.09973
310318287,248.97615,29.745358,8.11681
236328820,241.90309,29.02782,7.3172
237094001,231.54755,29.728592,8.7279
458517118,249.27393,29.238989,8.4437
458516748,249.33438,28.111094,9.846
284303875,237.84946,29.494379,9.9976
219746427,247.04175,29.332445,9.2928
229658328,228.0807,29.634462,8.8196
237094068,231.49635,29.327936,8.45354
237094119,231.5725,29.07686,9.6534
236318151,240.89801,29.764854,9.7353
445873596,233.90627,28.702875,8.3199
458525892,250.75563,29.680939,9.8913
458521644,250.63605,29.680325,9.6703
320389753,249.78072,28.441883,8.9465
320390230,249.68614,29.863121,9.475
236317957,241.01926,29.005898,9.032
458517839,249.49165,28.391924,8.9579
320389896,249.75114,28.837114,8.0203
458525607,250.75453,28.740902,7.9102
458525787,250.75247,29.305004,8.59492
329116975,245.29309,28.93122,8.738
236380760,244.07751,29.520956,9.3491
236381031,244.00307,28.462961,8.634
310059483,237.45279,28.506027,9.6495
236332370,242.0229,29.60111,9.5318
236380854,243.9706,29.18563,8.9328
458521816,250.66228,29.1739,9.0241
229874145,224.47319,29.875706,9.1017
229658137,227.88553,29.108746,9.34378
255859091,235.37128,28.405024,9.899
236336551,242.44987,29.206837,9.6355
311297912,247.8133,29.209608,8.9708
383524637,232.02019,29.873482,9.415
255830460,235.25504,29.22771,7.7038
462613237,240.34209,28.622038,8.35887
320390525,249.85863,29.218227,7.0968
67834991,227.82668,29.980404,9.104
462613067,240.26817,28.111778,9.24197
310059437,237.49843,28.648808,9.61513
236011725,251.4724,29.706287,9.28371
229905560,227.29071,28.146587,9.20207
67834994,227.83789,29.95933,9.3876
357497815,246.51894,29.911812,9.29904
357478927,229.48723,29.77868,9.7999
357478988,229.71399,29.917484,7.48829
311267547,247.4943,28.539244,8.7215
357498698,229.60614,28.653994,7.9379
236343611,242.84888,28.438526,7.0583
357476106,229.39005,28.969301,8.2617
357478839,229.54762,29.407715,9.02923
219746324,247.04031,29.660742,8.237
298262982,234.88118,29.035603,9.9622
458525509,250.7436,28.416775,8.9337
8670159,248.45291,29.930225,8.2948
229665048,228.74019,28.568565,9.7678
236419222,245.19112,29.603241,9.5539
458525399,250.72636,28.119661,9.0304
229662470,228.52718,28.01209,9.5205
284355821,238.48593,28.122982,9.2233
284356197,238.37404,29.46875,7.2691
229907905,227.4936,28.116499,9.5503
357399084,226.03902,29.97951,7.9025
236321667,241.38928,29.21102,8.5493
458521916,250.6773,28.900776,8.8411
236388411,244.58783,28.934647,9.4926
357440454,228.96062,29.327778,8.336
236335782,242.31972,28.212906,9.3962
159212198,245.9819,28.38404,6.5577
229908388,227.68237,29.099293,8.9842
229662724,228.50548,29.1945,9.3834
258107492,238.79605,28.698807,9.9673
309864042,245.50993,29.687267,9.9203
311354732,248.05525,28.114916,9.9306
236388278,244.55208,29.428621,9.5868
258110155,239.00922,29.411495,9.946
236311709,240.55193,29.75717,9.4389
311274204,247.55347,28.616827,9.817
236007243,251.2456,28.911041,9.858
383501858,231.02966,28.232058,8.8924
236376905,243.76373,29.685848,9.4898
237091694,231.26129,29.146196,7.4807
236376999,243.75931,29.395266,8.2452
258176398,239.4896,29.166721,8.9588
329117130,245.27916,28.50352,8.3707
383520966,231.84027,28.17146,9.45328
236381002,244.07268,28.559849,8.41663
310234276,248.33717,28.808487,9.20711
255886211,235.863,29.698664,7.78921
320422816,250.06606,29.771656,9.90795
309922205,246.324,28.29815,9.78113
311273803,247.5733,29.678448,8.2523
229898479,226.51999,28.999538,8.6005
255861630,235.6641,28.230566,8.8554
311297759,247.91676,29.605639,7.04187
320422419,250.02423,29.011381,9.731
258110108,238.95253,29.19413,9.8115
357443335,229.25677,28.999067,9.4211
368288747,232.31831,28.810503,9.5132
368288812,232.38226,29.131664,9.8944
355999453,239.40697,28.929972,9.3594
329117053,245.35696,28.709942,9.67706
311264059,247.35713,28.577963,9.846
357475953,229.3839,29.602842,8.9406
355999244,239.33594,29.77499,9.24416
458517895,249.42133,28.223282,8.91326
229900788,226.7384,28.673388,8.23601
320351910,249.56741,29.67249,6.8192
229903074,226.99196,28.184216,9.7116
229882971,225.3595,29.145273,9.3667
229883318,225.61687,28.577578,9.666
445879669,234.45522,29.813038,9.7936
356009933,240.38347,28.873194,9.5175
445879340,234.33664,28.697033,8.7739
320351952,249.56245,29.589151,9.3908
236318635,241.08861,28.087889,8.7757
310318866,248.93031,28.328053,9.4963
357502780,230.07973,29.26426,8.0696
229883232,225.54826,29.072464,8.2217
229876040,224.64781,28.709154,8.8144
310075696,246.44414,28.771194,8.7198
310075697,246.41016,28.777596,9.619
445879719,234.51263,29.487211,9.5394
236351465,243.31645,28.274271,9.3603
320351912,249.6005,29.667553,8.2061
458517472,249.50783,29.495197,8.252
8415544,246.11076,29.993273,9.65868
320390051,249.76566,29.316517,9.96815
320390133,249.69948,29.572891,9.58293
236287613,222.82507,28.61217,9.70206
320422151,250.03812,28.339178,9.83745
310059481,237.51628,28.510515,9.1086
229662991,228.62149,29.164295,5.2619
229662548,228.47064,28.358597,9.50495
236287867,222.89764,29.597643,9.4253
236287890,222.96384,29.504845,9.0142
274945785,233.84006,29.75908,9.25668
236380738,244.02264,29.607618,8.47344
219749906,247.1326,29.075703,7.1489
219750114,247.16634,29.727196,9.60348
229869809,223.78201,28.610512,9.7561
8498868,246.71324,29.945822,9.1088
311297263,247.78986,28.826172,9.6402
311297407,247.7281,29.204279,7.043
311297348,247.72472,29.037588,9.5277
229869886,223.78775,29.050024,8.8532
311405995,248.24506,29.525482,9.97779
229658609,228.0234,28.083279,9.63021
284303734,237.91245,28.98462,9.7303
284303789,237.87393,29.199484,8.65976
445873432,233.85416,29.362148,9.49692
236335849,242.28888,28.44688,9.44329
284303833,237.8612,29.356674,9.17412
458516787,249.37909,28.204622,9.22675
320422380,250.04652,28.902357,9.4967
274928308,233.27702,28.384865,8.972
255830318,235.18878,29.972246,6.50446
237089492,230.69174,28.057037,6.5263
320423119,250.17627,28.91514,6.6877
320472870,250.26929,28.718727,7.94337
255857122,235.23723,28.512642,9.69856
219843815,222.49333,28.615831,5.75246
311298171,247.92036,28.45325,9.07403
298263001,234.90306,29.193995,8.0925
229665290,228.75378,29.940016,9.2416
236352355,243.44925,28.732195,7.50369
458521416,250.44537,29.421797,8.49876
274945582,233.63052,29.110544,7.8874
462613071,240.27562,28.129223,9.8385
236007624,251.33522,29.731918,9.5664
298263094,234.81348,29.622116,9.8642
298262957,234.90141,28.927338,9.9957
159212130,245.99048,28.155794,9.80814
67883708,228.44531,29.982853,8.3827
236309498,223.29967,28.508274,7.1321
284356455,238.54791,29.420303,8.82872
458513789,249.14423,28.492199,9.7991
236309883,223.4785,29.236477,9.1081
236310041,223.37521,28.470272,8.5945
236310123,223.42859,28.098265,9.87748
229908222,227.5895,29.764221,9.00924
229662621,228.53772,28.731012,9.9637
229908363,227.72293,29.229149,6.8259
258107276,238.85756,29.537088,7.6589
458526356,250.8788,28.966812,8.68258
311355428,248.09203,29.808578,9.41363
355999575,239.42273,28.548073,9.60154
236340332,242.66933,29.84205,9.14509
310265361,248.70296,28.039274,9.7171
229898846,226.61897,28.983839,9.3678
229660448,228.2161,29.775646,8.9075
229880858,225.33717,29.50547,8.4025
236391509,244.67131,28.22354,9.0888
236392401,244.764,28.728706,9.9432
237091674,231.24823,29.257212,9.6822
357414331,228.8438,29.435596,9.69617
283869463,234.95474,29.129745,9.8412
462609449,240.06285,28.117716,8.957
258176646,239.58798,29.575314,8.3455
229660316,228.17102,29.060535,8.6301
229660343,228.20558,29.218729,9.8345
320334454,237.30682,28.57063,8.3288
236317859,240.9878,28.633396,8.2046
332364822,250.50252,28.80974,9.1427
462609866,240.04893,29.633524,7.68099
236314624,240.73477,28.95553,7.54149
236314875,240.83894,29.912952,9.0753
229660579,228.34802,29.448103,8.7335
284353524,238.25,28.69941,8.9898
229873838,224.2973,28.173903,9.5348
258176613,239.65596,29.759817,9.608
310264658,248.52597,29.887484,9.7512
255905948,236.14108,28.97311,9.7317
320334354,237.42688,28.218342,9.84419
236315017,240.78827,29.238546,9.7664
283869967,235.17613,28.474281,9.3102
236328145,241.79176,28.624374,7.8582
255859491,235.56789,29.622927,7.9552
383521767,231.86221,28.819786,9.63832
236328832,241.9094,28.995436,7.79272
311297491,247.76611,29.4456,9.34891
229870124,223.97643,29.271627,9.80932
357501308,229.83813,29.206175,8.962
258176720,239.62364,29.262253,9.8244
159233311,246.69923,28.4146,9.25034
236332597,242.09314,29.490263,9.1163
284304003,238.00943,29.881676,5.9665
284350310,238.08963,28.607399,6.85772
236383912,244.1855,28.495787,8.9737
237091864,231.28647,28.376974,9.2228
310338103,249.11012,28.726246,9.61065
283889884,236.27046,29.601479,9.7569
258176169,239.55544,28.272762,7.606
284350300,237.99942,28.643753,7.2814
236332577,242.1186,29.549938,9.8663
274930336,233.5339,29.651962,9.6574
258176441,239.47287,29.35473,9.8334
445883069,234.71822,28.161474,9.3667
236384113,244.18661,29.15026,5.74222
236352123,243.4262,29.52742,9.84479
236352294,243.54047,28.926634,9.6762
229898561,226.53204,29.432394,8.7281
255861881,235.66042,29.4862,8.97554
236007419,251.24379,29.460531,8.28316
311297982,247.92688,29.027197,9.59504
229874270,224.49786,29.21723,9.86484
236351516,243.31161,28.4236,9.09089
229887818,226.00728,29.475021,9.285
236388241,244.59962,29.559593,9.6109
229887842,226.01123,29.62946,8.944
236309814,223.46489,29.60174,9.6059
236309674,223.33862,29.479305,9.8041
284356799,238.5377,28.172695,9.9099
236312101,240.61134,28.279413,9.06397
236328568,241.91197,29.858126,9.21644
462613327,240.23677,28.948544,7.3928
236328775,241.94157,29.178316,9.0435
462613275,240.35374,28.776917,9.3481
320422780,250.11736,29.85866,8.15516
357440533,228.96313,29.656914,9.8786
357502856,230.03566,29.616207,4.6169
229868262,223.73169,28.236532,9.26402
236307740,223.17122,29.256193,7.2677
229868146,223.6539,29.02456,9.4139
368291152,232.54663,28.056032,8.7562
368291368,232.61012,29.317688,8.5299
236324475,241.49837,28.548319,9.7826
229888007,226.03223,29.377357,9.9516
284759517,238.64177,29.731636,8.9264
219067908,251.65582,29.937937,8.1755
236285949,222.60223,28.994432,9.7815
236286051,222.65349,28.359179,9.8037
236351596,243.36557,28.730799,9.5408
237095987,231.62564,28.127523,6.2725
236287627,222.7807,28.7444,8.6341
159232606,246.71703,29.759037,9.88843
329116946,245.34389,28.995415,8.86313
67812678,227.27637,29.982357,9.6272
284350181,238.02707,29.06227,8.89854
329116784,245.28972,29.523422,8.7532
159233070,246.6828,28.828741,8.80039
311267421,247.44417,28.177252,9.88523
274930159,233.41916,29.273228,8.4943
284350438,238.07527,28.08964,8.93404
445882837,234.71753,29.112038,9.94853
368319576,232.82558,29.926676,9.0724
383524153,231.99698,28.134624,9.8291
255906003,236.1566,29.197306,9.37801
255905923,236.22446,28.836731,9.4941
236004000,251.00793,28.241348,8.837
383524250,232.0988,28.520014,9.942
229870078,223.92094,29.610497,9.4664
310030904,229.89919,29.567562,7.2728
236324862,241.6083,29.904625,6.649
229870251,223.93349,28.624388,9.9226
236331994,242.01009,28.444626,9.5385
310030917,229.90887,29.651365,9.666
236325182,241.67242,28.811218,9.0828
236325118,241.55675,29.032131,9.88217
357523448,230.47803,28.040712,8.6566
229878430,224.88652,29.867565,7.2049
229878289,224.89034,29.134008,9.608
229658041,227.91359,28.553436,8.2553
236384053,244.11313,28.93654,8.51761
236324508,241.47581,28.656027,9.7726
236352358,243.44902,28.730515,9.2735
462610048,240.17487,29.561218,9.6832
282851917,230.58342,28.064526,9.51
229878345,224.83243,29.482628,9.8825
229878437,224.85509,29.928082,9.8866
255862282,235.82768,28.484045,8.1744
255885869,235.89015,28.079723,8.6513
284353010,238.12859,28.913301,6.76508
284353542,238.34798,28.586208,6.5352
236344536,242.9685,28.564163,9.05959
255862394,235.71379,28.061295,9.7623
229903134,227.04861,28.450726,9.2681
229903802,227.15973,28.101427,9.713
229871866,224.13887,28.564932,8.3412
236332302,241.96745,29.382793,8.5814
236335736,242.30534,28.054203,8.1838
236336164,242.25468,29.461956,8.85857
229872291,224.20679,28.70648,8.5821
236344613,242.90825,28.373539,9.90101
255862338,235.75218,28.288229,9.35443
357502809,230.07011,29.41279,9.4833
229887535,225.958,28.188782,8.7811
229888317,226.11194,28.086855,9.9088
357502886,230.08154,29.74341,7.60911
16959673,234.22261,29.991184,6.0319
229888082,226.06691,29.078518,7.6383
229887625,225.89421,28.53806,9.97306
229888004,226.02986,29.387379,9.8963
229656163,227.83778,29.55392,8.44369
229656328,227.85051,28.519653,9.97861
236391962,244.7363,29.739439,8.8822
445876084,233.99977,28.409248,8.08814
236391570,244.71501,28.409798,9.35865
368321878,233.17578,28.686502,8.1806
445879987,234.39693,28.309322,8.81645
283892987,236.58002,29.788235,9.595
236325060,241.68732,29.210833,9.88041
368319707,232.9759,29.266447,8.8461
229880531,225.19415,28.591806,8.12817
236340238,242.58965,29.707853,9.12226
229874219,224.46442,29.466702,7.8389
258176695,239.61351,29.366245,9.35043
310665671,245.67245,28.461712,8.37903
283869732,235.15436,29.483912,9.75013
236315170,240.87581,28.64648,9.58911
282852212,230.54124,29.261951,9.71888
357443220,229.2454,28.483822,8.4818
357443308,229.271,28.848415,8.65113
368289203,232.45575,28.949093,9.08628
229657966,227.9789,28.197939,8.6712
229903150,226.96152,28.58196,8.7582
229872092,224.09407,29.85079,8.64692
229898798,226.60205,29.19201,8.62252
229898926,226.62679,28.578701,9.5065
229903280,227.01172,29.15188,9.6807
229903532,227.12018,29.499088,9.7298
229872026,224.06068,29.46918,9.9228
236335773,242.33649,28.178913,8.7851
229871877,224.11888,28.634583,9.38038
229872027,224.06435,29.474289,8.72572
229872080,224.07794,29.772717,9.7753
236336030,242.34392,29.037804,9.84881
368291864,232.69849,28.07894,8.95781
417520136,230.81464,29.031612,8.4335
368291253,232.62868,28.610233,8.8334
258109887,238.92325,28.418705,7.6661
417520095,230.88625,28.901142,9.31505
236324604,241.46994,29.013699,9.66546
236309490,223.24965,28.478394,9.70156
368319894,232.97964,28.3345,9.2167
284708632,224.03183,29.881472,9.1324
355999645,239.34552,28.301197,9.63961
224332724,251.44733,29.99315,8.41318
311355790,248.08331,28.731926,9.08738
1200505365,241.91017,28.995722,9.55281
1270261935,251.89754,31.487709,9.6862
1270264093,252.9608,31.843645,9.9396
1270264095,252.96106,31.843363,9.1555
16985410,234.86018,30.207289,7.4052
1200556716,244.69614,31.897709,9.6892
1200556717,244.69644,31.897305,9.4969
219076604,251.89754,31.487709,9.6862
1101330221,234.86018,30.207289,7.4052
16319019,231.94968,30.479595,9.73
298414274,252.96106,31.843363,9.1555
17432380,242.38531,31.129276,9.485
17619381,244.69644,31.897305,9.4969
43255143,250.32178,31.60275,2.099
284292958,230.80135,30.287842,5.317
17432184,242.35324,30.866922,8.4483
17432261,242.34193,30.987206,9.779
57106526,250.01651,31.165472,9.79048
57106226,249.9985,30.640028,9.92512
17466458,242.66002,30.974081,6.4319
17466464,242.7251,30.985401,6.7994
17042603,235.56505,30.521248,8.86657
1270246713,250.31917,31.604645,8.9313
43254866,250.39473,30.875757,6.5504
8623222,248.20114,30.423845,7.9474
43251062,250.08894,31.782965,8.3175
57032454,249.20447,31.096804,8.2937
298338059,252.83603,31.896229,8.4823
298338055,252.70457,31.890512,9.34095
67743117,225.62778,31.683853,3.84924
17064705,236.20844,30.636524,9.8989
272611711,229.69409,30.829819,8.8599
284290309,230.34982,31.36738,6.956
57060412,249.65785,30.856882,7.2334
1200614937,248.30243,30.90809,9.9723
8446589,246.27733,30.04052,9.1101
8502860,247.0878,31.13582,9.0984
57032411,249.29128,31.216393,8.7172
8399679,245.7496,30.2798,9.2789
16887256,233.23242,31.359104,5.5188
57032856,249.46109,30.011396,8.194
43253816,250.2627,31.899147,9.3089
43254443,250.31416,30.148056,8.32151
57032434,249.2102,31.153555,9.8597
67834798,227.87982,30.969765,9.7017
17652222,244.81467,31.501984,7.8419
67834625,227.89847,31.896053,9.2579
283856592,231.01631,30.688206,7.9476
17539652,243.3595,30.458797,8.3845
17652831,244.90526,30.23099,8.21168
8547254,247.45222,30.158756,9.0436
17653260,244.85979,31.660032,9.8264
43254714,250.45042,30.423853,7.1046
298338034,252.78615,31.86039,9.4555
8399874,245.77127,30.850168,5.3005
459255668,231.66275,31.832071,9.84805
17539898,243.56055,30.238167,9.3078
17652086,244.81206,31.984226,9.95592
17491037,243.08669,31.476265,7.9153
43254653,250.3396,30.273134,7.1197
8547649,247.49954,31.234554,9.45
8345208,245.10559,30.509619,7.6739
272614355,230.14542,30.10394,9.8262
17093547,236.54988,30.160978,8.9324
17093839,236.58618,31.417501,8.6631
17345147,241.22867,30.928396,9.4821
224328214,251.16617,30.68885,9.0628
224319436,250.61115,30.328236,9.6885
219076692,251.86554,31.25897,9.515
43255256,250.4142,31.833693,8.8387
224319891,250.71016,31.647654,7.33761
8623312,248.123,30.212719,7.4633
284711080,224.39384,30.623312,9.2602
8591065,247.82405,31.88338,9.9503
8579364,247.75934,30.175163,9.8109
8579398,247.6982,30.26412,9.3632
17539406,243.34673,31.22933,7.912
8579011,247.62317,30.574514,7.77847
284701212,223.83916,30.025888,8.3478
16879048,232.77608,30.711437,9.3066
16887436,233.24678,30.70472,9.7744
188595136,240.611,30.865324,8.2745
8399598,245.83017,30.03836,9.6374
16879069,232.78253,30.614555,9.7054
8415812,245.99503,30.722183,9.7003
57011498,249.14304,31.426138,9.0443
16879002,232.73557,30.873884,8.3666
284701474,223.71893,31.423683,7.2595
16331886,232.27394,30.156971,9.3972
224333191,251.51894,31.137068,9.2934
17539850,243.55489,30.078363,9.5098
458492250,240.13365,31.722971,9.9126
334751696,237.82756,30.283276,8.5315
8415647,246.03833,30.296858,9.1331
458492315,240.14409,31.999338,9.8835
8398826,245.5634,31.900383,9.96477
16372358,232.65816,30.48541,9.9308
334653504,231.78448,31.938843,9.3002
282850546,229.58163,31.91485,8.6532
67815181,227.49303,30.004034,8.6523
334677361,231.79732,30.926683,8.8395
16985402,234.80435,30.200863,9.8911
298337865,252.72865,31.454311,8.58856
298337961,252.81396,31.702394,9.0853
17413550,242.11642,30.499695,8.4789
67772215,226.45511,31.064709,6.5881
17439590,242.70929,30.55486,9.0987
8447234,246.27693,31.741205,7.7611
444065628,236.84772,31.030651,9.6056
283856164,230.9152,30.84171,9.1677
43254587,250.32356,30.110077,9.4018
8498710,246.70467,30.347034,9.7834
8543008,247.19092,30.755318,9.3366
8592033,248.023,30.386017,9.9931
57010648,248.98294,30.973986,9.464
57010790,249.0349,30.587591,9.6089
8579669,247.69037,30.945103,9.9369
17381111,241.59625,30.100605,9.861
17491230,243.08664,30.84874,7.7282
17432170,242.37364,30.853199,7.9962
8547293,247.47382,30.260845,9.9241
16249258,228.88734,30.873661,9.3603
57010920,248.95613,30.22363,8.4919
8591994,247.9977,30.276379,8.6375
224327150,251.0704,31.823776,6.5382
8623347,248.09023,30.123741,6.0566
17491854,243.20395,30.939606,9.2733
17490971,243.06746,31.739767,8.3966
57010719,248.94765,30.769915,9.5524
57010720,249.02013,30.76652,9.7406
8579612,247.68915,30.802986,7.3515
224318690,250.46553,31.452408,8.6801
224318830,250.57483,31.052303,9.7985
224318912,250.48921,30.826603,8.6765
67706937,225.24043,31.37729,6.2694
16321691,232.04428,30.004564,8.0277
298415863,253.02353,31.774744,9.8845
16329527,232.1948,31.012909,9.7992
16992242,235.13806,31.472317,7.8707
284855599,252.24405,31.518562,8.6658
9094366,222.83368,30.21359,9.9956
284855513,252.22964,31.262657,8.0889
57059398,249.619,31.85348,8.5247
67743490,225.59796,30.192726,9.6764
8481317,246.48402,30.522928,9.6809
8482077,246.63771,31.300735,9.7384
8482030,246.58064,31.165531,9.7974
67857142,228.21072,31.340094,7.6454
67834930,227.88268,30.299118,8.6791
8674013,248.77788,31.082945,8.02306
8499235,246.85796,30.753538,8.6864
313551202,252.3765,31.832264,8.5123
8349334,245.3963,30.35092,8.46844
17652354,244.77193,31.075481,9.4522
67779054,226.7065,30.436092,8.6854
444067962,236.98352,31.530518,9.432
284290086,230.3829,30.606998,8.0934
17047863,235.75761,31.64926,8.3718
188540084,237.27414,31.221859,8.341
8623751,248.30208,30.907497,7.5226
67832761,227.71904,30.672184,7.6088
67832797,227.68988,30.846983,9.21842
282850594,229.5473,31.647058,7.7753
444065502,236.79062,30.565647,7.8573
188534954,237.0899,31.910099,8.37693
67832913,227.73131,31.44668,9.0035
284700882,223.70003,31.497187,8.7752
188575384,238.73509,30.551575,9.4561
8669548,248.42331,31.756432,9.6502
188575328,238.72342,30.378296,9.7279
284700839,223.59775,31.758072,7.2112
17340903,240.89377,31.176828,7.77109
17380752,241.41846,30.917023,5.9441
8670112,248.444,30.071383,7.58887
298321014,252.55939,31.993382,9.6756
188577245,239.06401,31.222076,5.9693
17565335,243.99547,30.539345,8.6891
8345553,245.16975,30.240704,9.0938
67682607,224.63275,31.729666,9.9504
16272549,229.12106,30.317482,8.5645
376665709,238.36472,30.305557,9.4202
67667683,224.65073,30.521767,9.1418
16331887,232.35815,30.15356,9.8937
16372315,232.6539,30.690205,9.69083
224332874,251.48329,30.33717,9.91853
16272681,229.13448,30.782257,8.6969
16272966,229.14542,31.87429,8.6602
376665682,238.32562,30.39869,9.4258
16283862,230.60208,31.737526,9.9346
16272715,229.05185,30.927572,7.5724
188595488,240.69115,30.173077,8.02807
376665475,238.31276,31.237413,7.00989
16329526,232.17114,31.009054,9.9384
17569104,244.3733,30.112854,9.94215
17539289,243.37296,31.574257,9.08616
224332656,251.43102,30.004692,8.41498
8579206,247.59782,30.080692,9.41867
8579298,247.71002,30.009642,9.24932
8592244,247.96019,31.016338,9.29494
9105870,223.43202,30.958042,8.57311
67778898,226.76324,31.120077,9.60491
16372363,232.55733,30.465132,9.8398
8591034,247.89761,31.963291,9.6829
284701564,223.82005,31.838448,9.20263
16962614,234.37323,30.2198,9.4276
57011334,249.10834,30.941683,6.5731
8415769,245.98938,30.61387,8.85821
16332176,232.50136,30.951485,8.8577
16962645,234.47229,30.103636,8.2747
16962647,234.47377,30.102972,7.9909
17341671,240.97931,31.043043,8.7189
16319323,231.94255,31.70204,8.48919
272614473,230.05267,30.696386,9.61136
67706987,225.10867,31.615181,7.0312
224323078,250.86449,30.818863,9.879
16329427,232.21068,30.630562,8.9132
272614470,230.05525,30.695599,9.36009
219076558,251.87866,31.618055,9.1365
284855583,252.18776,31.462242,9.46904
16962234,234.34958,31.617126,9.3026
57059834,249.50006,30.610428,8.37351
282850891,229.51663,30.34056,9.7092
462580723,233.0889,30.288408,9.899
8395677,245.52426,30.891993,4.0282
459255295,231.55673,30.231617,9.3273
459255297,231.6233,30.236473,9.1422
57033273,249.36868,31.338163,9.1812
17539845,243.45964,30.06008,8.59355
67772181,226.38351,31.147247,9.858
57060327,249.75894,30.613337,9.60043
16249133,228.83661,30.347,8.8946
8498132,246.80914,31.934177,9.28681
16284198,230.69087,30.547941,7.7439
8542957,247.12386,30.624962,8.68054
224332659,251.43364,30.001425,9.01318
224327358,251.09323,31.301796,9.96913
67779142,226.72429,30.010262,7.9935
67667486,224.46687,30.284302,8.3013
8675056,248.91788,31.3959,9.7873
357399330,226.08318,31.039976,9.777
8674741,248.8751,30.603539,7.56636
8482220,246.64148,31.703957,8.3451
16887556,233.23547,30.281218,7.156
219076570,251.96855,31.589651,7.44911
17568920,244.2281,30.292397,8.73
462580724,232.98843,30.291853,9.7694
16991412,234.94928,31.705822,9.5841
16991945,235.07079,30.313238,7.493
8674812,248.89781,30.802185,9.71827
8674863,248.90823,30.92106,9.3948
8446200,246.19826,30.824636,8.7801
224331893,251.41438,31.8721,8.614
67779381,226.81166,30.905039,9.9353
17469879,243.00113,30.58631,9.8883
8546835,247.23872,30.788359,9.3371
188540896,237.30318,31.777851,9.71
17491295,243.08081,30.69082,9.6248
8395801,245.48322,31.208649,9.14137
8579668,247.73006,30.940838,6.6358
8547445,247.43845,30.694761,9.62368
17562027,243.68292,30.432314,9.7598
17491355,243.1688,30.498198,9.77448
57010914,248.99286,30.237017,9.9367
459951044,236.63942,31.67982,7.25
17491889,243.18349,31.051025,9.89494
1270238805,250.32353,30.110235,9.7405
17048226,235.81383,30.862093,8.90651
16282712,229.2363,30.888653,9.8712
444068016,236.99976,31.359499,8.8331
17047991,235.80983,31.384577,6.7975
67884128,228.52518,31.787853,4.4727
16999330,235.45016,30.901573,7.6837
16999560,235.35995,31.816084,8.8043
67685011,224.83084,31.384163,8.9924
67884085,228.52243,31.591534,8.974
16272198,228.99576,30.853474,9.872
16318788,231.23245,30.23654,9.5495
16999569,235.4017,31.853209,8.97851
224327788,251.09358,30.252361,9.6361
57033504,249.35419,31.979773,9.9084
67884120,228.54018,31.757313,8.0237
16999003,235.28972,30.235239,9.9709
17561637,243.66167,31.716532,9.8802
17064582,236.21153,30.154964,9.26933
188581364,239.33444,30.085728,9.0253
17565442,243.90463,30.200495,9.5672
459950889,236.60637,31.093687,8.6543
459950999,236.72578,31.52629,9.0786
67770168,226.28313,30.838146,8.3205
298336674,252.61494,31.30913,9.68937
67857165,228.2407,31.457226,9.54724
57059818,249.5906,30.642473,9.63226
67743250,225.64647,31.191662,9.8321
188534693,237.14508,30.984785,9.926
67743215,225.55157,31.349699,8.80451
8502584,246.96533,31.876867,9.60479
310231808,239.68678,30.371714,9.8005
17619372,244.58437,31.871761,9.2421
16884765,233.2292,30.059612,9.4159
16331567,232.26845,31.544718,9.0047
188564506,237.9991,30.736393,8.1891
224323057,250.76695,30.871052,9.8081
224323274,250.753,30.343716,9.2662
57060347,249.71448,30.695856,9.8898
16249442,228.75827,31.507626,9.4999
16884891,233.19646,30.495844,7.7731
16885135,233.16731,31.486742,8.9686
16913844,233.84886,31.782478,7.834
16914285,233.81866,30.014904,8.3054
17407167,241.73615,30.324125,8.65786
17413458,242.16167,30.382399,7.09136
17413631,242.19353,30.598793,9.938
310231910,239.6864,30.004642,5.93614
188589373,240.43427,30.044704,8.8552
376673396,238.93672,31.515799,9.1611
444067913,237.00748,31.735617,4.96001
188584206,239.41353,31.552452,8.7364
188589865,240.45453,31.791563,9.8166
458492035,240.20857,30.995949,9.7625
310231429,239.74165,31.76361,8.72306
188589894,240.44034,31.87622,7.0993
188585095,239.6163,31.193947,9.6144
282850848,229.50911,30.550869,9.4478
16959435,234.0805,30.748247,9.387
67814796,227.61272,31.971416,9.7614
282850784,229.49869,30.832928,5.9869
282850945,229.45137,30.092468,9.9733
16959182,234.1742,31.778446,9.3175
16959503,234.18706,30.495268,9.9255
284292594,230.42937,30.908033,9.1203
16272540,229.05452,30.277983,9.6199
16272692,229.13422,30.822332,9.9005
16883242,232.78442,30.008442,7.992
17439866,242.67972,30.95119,9.10931
16883704,232.83775,31.672863,9.4304
16883611,232.90108,31.356918,9.8829
16321317,231.97,31.638353,9.8715
16889548,233.65019,31.97958,8.6965
8400195,245.7523,31.713043,9.60961
284293291,230.72014,31.553673,8.1259
334751658,237.77455,30.127205,9.5587
8673807,248.73068,31.714968,9.2807
284701173,223.64839,30.06364,6.42477
284293350,230.83844,31.811829,7.74318
17380560,241.37642,31.58343,7.47549
8669966,248.37135,30.499067,6.64925
284701046,223.6628,30.695698,9.8573
8674379,248.67044,30.113632,9.55064
458491215,240.00006,31.995663,7.1557
458491687,240.05882,30.112549,8.2203
458492204,240.17715,31.568237,5.66995
16282703,229.29118,30.91601,9.9101
188577121,239.1084,30.816065,9.7033
17407769,241.77493,31.466501,9.2537
17407915,241.82289,31.903643,9.0651
67778765,226.66748,31.85101,9.35732
67779349,226.86241,30.787449,9.272
8546373,247.29247,31.994358,9.778
67856752,228.09712,30.402246,9.8926
67770056,226.28418,30.253302,9.6058
459950804,236.6076,30.784403,9.9113
459950821,236.7221,30.847004,9.0232
459950947,236.62483,31.278236,8.8166
188584111,239.4696,31.89342,8.7556
16249051,228.75746,30.014488,9.0345
17378050,241.30089,31.236261,9.48655
284708240,223.91476,31.764174,9.8215
67770368,226.35005,31.993666,9.4336
67812845,227.42143,30.823917,9.3792
17565563,244.03088,30.034685,9.9761
8310526,245.06845,31.830984,9.238
284708896,224.03549,31.143223,7.8423
219067380,251.64253,31.387873,8.8561
57106233,250.02428,30.642801,8.6361
67769617,226.21303,31.473803,9.5723
67769795,226.17667,30.608696,9.6178
224328621,251.29387,31.674267,8.36784
67684670,224.72417,30.12457,8.95861
459252844,231.31668,30.571657,9.79618
17042616,235.56223,30.470568,7.9108
17043690,235.66919,31.708748,5.47647
458492237,240.12126,31.672735,9.9227
16959460,234.19077,30.668215,9.37866
17043802,235.66069,31.945984,9.6562
16959617,234.19615,30.030796,8.93573
219068063,251.8373,30.363213,9.82292
458511284,240.2927,31.667645,9.8941
67806207,227.12212,30.970644,8.0901
67806317,227.10037,31.491652,9.7808
16318847,231.24612,30.05759,8.70895
310231832,239.8082,30.313395,9.24971
16914527,233.94614,30.839603,9.9512
67772331,226.39934,30.53083,9.1355
334677567,231.69868,30.122072,9.7919
272612065,229.76411,30.694416,8.327
17407129,241.71898,30.457281,9.12144
8415484,245.86514,30.03498,9.5914
219067968,251.81018,30.06628,8.3844
16992330,235.0507,31.848143,9.92016
188540010,237.2267,31.498718,8.76495
17470155,242.99168,31.4392,9.59119
8675112,248.81953,31.534527,9.73217
16321657,232.01265,30.108234,9.1105
16914354,234.00647,30.160122,9.91396
17618172,244.44153,31.804388,6.2478
8675125,248.88695,31.578505,9.48798
219067767,251.62094,30.316383,9.97583
67747783,225.72423,30.694103,9.6191
272613918,229.91725,31.842508,8.2789
458488736,239.82603,30.379631,8.42557
272614260,229.94211,30.237312,9.3258
16879057,232.71371,30.669374,8.7424
67856518,228.09425,31.469494,7.4171
282835728,229.35591,30.363668,8.2639
17491580,243.26094,30.052588,8.9072
282835697,229.38638,30.181454,7.8682
9096802,223.14746,30.771963,9.4535
67706544,225.04439,30.322239,9.0708
67706710,225.18813,30.361141,9.6459
282835979,229.32803,31.575401,9.348
17466774,242.6191,31.934502,9.94524
462583282,233.45268,31.788816,8.8595
9096853,223.26831,31.004656,9.8298
16883199,232.78801,30.179197,9.8559
16883422,232.85002,30.611353,9.79746
16372149,232.59486,31.285927,6.2455
17407447,241.88144,30.451363,9.96081
458491666,240.0587,30.198671,9.96935
458491401,239.96312,31.339703,8.18986
17001800,235.47604,30.986723,9.44681
17438896,242.48808,30.181976,8.93214
67835099,227.94194,30.428185,9.1394
17001683,235.47145,31.47726,9.57703
67812979,227.38556,31.458506,9.7488
284708456,223.89568,30.64242,8.5529
445872120,230.20009,30.940327,9.06865
445872278,230.20866,31.480108,6.4323
67769569,226.10309,31.727003,9.64295
67812584,227.28348,30.323933,8.2772
8481418,246.45174,30.265127,8.36557
9096898,223.19453,31.205458,8.38062
67776994,226.57512,31.269358,9.32288
67772737,226.58841,31.177006,8.3159
16331495,232.35275,31.885372,9.7822
282835721,229.3523,30.337378,9.2162
67856436,228.08475,31.843302,8.7867
282835921,229.42622,31.278296,9.51781
8399161,245.67378,31.028439,9.47615
67706400,225.0437,30.966936,9.80537
67740900,225.29233,30.225576,9.98425
67741056,225.4969,30.395912,9.3398
57033202,249.46217,31.08495,9.28983
16986154,234.80594,31.65874,9.90442
16984366,234.6771,31.55185,6.98759
16986168,234.80664,31.687923,7.79146
1101401708,231.0299,33.06833,9.1868
1270289420,251.25296,32.27962,7.8596
284290791,230.34985,33.314056,7.758
283857141,231.0299,33.06833,9.1868
8484602,246.75697,33.475216,9.932
67884254,228.56754,32.399487,8.337
224328882,251.25296,32.27962,7.8596
17567949,244.28923,33.69746,9.671
17433543,242.43452,33.044197,9.1712
17436886,242.60608,33.300938,9.2252
57103361,249.87689,33.714485,7.9017
57103529,249.79445,33.43734,8.4569
17044795,235.68893,33.967823,9.33058
159294772,253.33023,33.166138,9.4115
298338714,252.75583,33.598183,7.8592
298320285,252.63725,33.797577,7.68673
17751950,252.12183,32.116714,9.93653
298340810,252.90823,32.44762,9.6148
224329581,251.25273,33.919502,9.57
17619748,244.6116,33.0415,8.42925
159325302,253.5089,33.97539,8.2715
224322209,250.87053,33.202946,9.7025
512353744,251.25285,33.919365,9.7915
298320247,252.67378,33.89463,9.4151
17751382,252.04196,33.33738,9.3804
8396242,245.42345,32.45238,9.7881
500246280,245.8844,33.357918,9.7844
224371682,251.5323,33.89688,7.5573
159339156,253.872,33.016346,8.2964
8576238,247.51529,33.886414,7.6874
8622262,248.0936,32.966125,8.5373
219076110,251.93619,32.83828,9.4926
43255601,250.38504,32.76113,9.8396
188581983,239.29869,32.231953,9.5214
188582309,239.37598,33.566,9.7389
224320038,250.70897,32.029686,9.3986
224371445,251.56349,33.278885,9.9903
224371464,251.47845,33.311943,9.8687
188582281,239.30737,33.44684,9.397
17094378,236.4808,33.780186,8.4985
224333725,251.48074,32.505756,9.15281
16283444,230.64793,33.55611,7.5788
67748158,225.69734,32.686348,9.7766
8499834,246.8347,32.352737,8.2919
67857454,228.25299,32.981224,9.4056
313550463,252.32463,33.682312,9.4669
313550904,252.40672,32.609184,8.6894
16283383,230.59113,33.778294,9.0961
8500424,246.8867,33.95101,9.7522
224329308,251.19136,33.31633,8.31632
8414333,245.88426,33.357677,8.5573
159328432,253.64455,33.825314,7.8645
284856133,252.26385,33.080692,9.91
224318193,250.49515,32.924988,7.219
283830726,230.93611,32.309074,8.8141
188538196,237.0468,33.435577,9.6242
188539668,237.21747,32.817516,7.4641
282850398,229.54613,32.76103,9.9925
282850438,229.53519,32.54807,9.2712
17470409,243.02634,32.374775,9.0252
444066116,236.8539,32.988922,9.3741
8416885,246.06981,33.651913,9.98935
67814656,227.57956,32.703342,9.159
282850220,229.47113,33.59433,5.86132
67814767,227.56184,32.129753,7.2591
444065926,236.78488,32.252525,9.3081
298414135,252.95372,32.203117,7.27436
43255418,250.32397,32.301247,9.2543
272611171,229.70935,33.306385,9.6639
8577935,247.6208,33.477524,8.8023
8578403,247.57858,32.233257,9.7777
57061280,249.68382,33.264442,8.0419
57103217,249.82286,33.918377,8.654
444065890,236.80095,32.09939,9.97233
16270265,228.87567,33.31483,2.5595
17470575,243.03134,33.04686,9.3008
17653590,244.97273,32.819786,8.9432
67834207,227.89793,33.962914,9.7813
67771666,226.3991,33.732037,9.0166
67833253,227.66206,33.078884,5.9259
67834330,227.784,33.320747,7.563
8592642,247.94121,32.128777,9.3792
284711387,224.35088,32.380802,9.34
9106113,223.42493,32.33074,9.8886
159351192,254.22585,33.953766,9.3664
284856346,252.25237,33.750416,9.811
284293764,230.7119,33.610954,9.2964
284855961,252.26997,32.57717,9.3242
8502091,246.97643,33.196674,8.23624
67778565,226.77988,32.871525,9.8658
9106125,223.47224,32.413258,6.908
17538934,243.38582,32.807045,8.3651
17539167,243.37146,32.03127,8.538
57058703,249.57605,33.814743,8.3402
67833315,227.6705,33.340443,9.54281
67833387,227.66289,33.689346,9.49655
17408089,241.78607,32.379585,5.857
17063991,236.09567,32.147636,5.9136
188547634,237.86012,33.157677,8.7279
8672995,248.71155,33.97852,9.125
8673267,248.70511,33.232586,9.95211
219067105,251.65411,32.27653,8.71505
57061211,249.74881,33.084023,9.25993
57060984,249.65012,32.470646,9.40639
57061048,249.72127,32.64531,9.77685
444067623,236.97128,32.811817,9.3636
272613623,229.98518,33.209034,8.4534
272613624,229.88245,33.201324,9.9381
17062324,235.99709,32.515804,4.6445
17490681,243.07292,32.655354,6.45433
444067566,236.93768,33.011986,5.987
444067703,236.87076,32.48195,7.79171
444067745,236.96848,32.325092,8.2574
17344115,241.08183,32.497242,6.78662
8575933,247.39464,33.116867,9.26169
272614763,230.11694,32.011154,9.76111
272611295,229.65079,32.7438,9.25313
17344212,241.17204,32.158264,8.92537
272614770,230.07542,32.044643,7.9879
17047553,235.8589,32.305378,9.70458
224371655,251.5489,33.81008,8.72319
224320355,250.68518,32.89451,9.33306
188538180,237.07016,33.3851,9.73198
188539430,237.27043,33.635143,9.13946
334653339,231.73633,32.66629,9.8511
16986313,234.87756,32.01171,9.56434
17468556,242.82747,33.576973,9.83874
298340618,252.86598,32.94972,9.24599
16986717,234.85197,32.908875,9.18116
8416296,246.08035,32.075768,8.9391
8416754,246.09454,33.294033,9.49211
8416287,246.11568,32.05241,9.32112
283830677,230.94551,32.539017,9.5967
17468846,242.87148,32.62093,9.84706
8624244,248.28023,32.429455,9.49877
16248157,228.6091,33.01063,9.9575
17564444,243.92863,33.667866,9.7446
159352722,254.35335,33.769264,9.6297
67707269,225.13997,32.95924,7.6191
16329816,232.15256,32.36245,7.8314
57030290,249.0929,33.82178,6.02709
8577806,247.62384,33.75088,6.14782
8577945,247.57664,33.44761,9.5972
8578224,247.62968,32.740833,8.3738
17564515,243.9985,33.424656,9.6017
8580111,247.68752,32.189644,7.8774
17468667,242.88791,33.22786,9.9646
8396267,245.4262,32.545082,9.6286
57010124,249.02507,32.52614,9.5758
57010198,249.0465,32.306046,9.7184
67749338,225.85341,33.702007,9.9431
8396081,245.54185,32.03134,8.2817
17492576,243.19016,33.236782,6.1998
43251541,250.09789,33.020046,8.5496
67749365,225.86339,33.56835,9.5344
458490780,240.08122,33.658176,9.8795
17380033,241.42908,33.344772,9.8197
8671215,248.59756,32.646923,9.9552
272615134,230.08575,33.72945,8.8785
8400314,245.79164,32.02555,9.5011
43253201,250.2161,33.73556,9.8123
8626076,248.40477,33.989563,9.46757
298318407,252.54176,32.798508,9.1423
298318769,252.4654,33.760372,9.6317
298320262,252.63655,33.85517,9.6525
17437299,242.50699,32.623787,9.2441
57009856,249.0441,33.33474,9.4157
159291755,253.15872,33.67253,9.9139
159292298,253.14743,32.45737,7.5721
159292393,253.22475,32.21199,8.506
159294842,253.31564,33.310085,9.8625
284292056,230.48305,32.89296,8.4647
8396093,245.41974,32.048367,8.2522
224322351,250.77892,32.834,8.8342
224324528,250.9105,32.692307,6.45868
8675435,248.78497,32.445522,9.8269
224322520,250.7566,32.39583,7.8699
159291743,253.2006,33.6992,8.791
159292229,253.22711,32.608883,8.22752
8412407,245.82434,32.851974,8.3782
16271537,228.99678,33.384674,9.0856
284292034,230.48105,32.95567,8.9777
284700791,223.57503,32.01686,6.01117
284701758,223.82881,32.823895,6.28355
17380368,241.43802,32.247776,5.297
8310116,245.07095,33.05328,6.6171
8412326,245.75806,32.626495,6.46287
8412478,245.74876,33.033554,9.0905
8592786,248.0169,32.52999,8.0776
8622123,248.1685,33.40288,8.781
298318097,252.52043,32.003315,8.8223
298318409,252.42688,32.801582,7.14098
8412228,245.73837,32.341408,9.0102
8675769,248.78459,33.301697,9.7138
17380223,241.47688,32.6902,9.95022
224329387,251.27646,33.509228,6.666
67666989,224.49046,32.82208,9.52117
159330023,253.75409,33.611137,9.5042
459254351,231.44452,33.842995,9.9745
459254661,231.49873,32.47405,6.00348
224371647,251.54326,33.793663,7.5083
188592144,240.5152,32.026947,7.36479
8398131,245.58928,33.79905,3.41915
8398178,245.62175,33.703476,3.94004
159294940,253.39,33.619892,8.6308
8398699,245.68271,32.248615,9.94552
188596160,240.78159,32.747196,9.6387
16271449,228.93018,33.70349,8.9127
67682891,224.66005,33.028805,9.4786
16283799,230.61263,32.003674,6.8626
159339412,253.90828,33.758976,9.796
17563169,243.84912,33.33006,6.2162
57058680,249.60722,33.874584,8.48718
8590469,247.8774,33.513668,7.03078
8592789,247.97961,32.532097,9.5263
67777321,226.5706,32.924393,8.6811
67778434,226.72383,33.53172,9.2762
284711482,224.28102,32.79337,9.10587
284711648,224.29175,33.66702,9.7219
57107804,249.90889,33.4716,9.9426
67834588,227.84535,32.05597,7.71504
17653786,244.97972,33.533737,8.77293
17540633,243.4747,32.616646,9.97321
16273294,229.05196,33.256382,9.6189
224329268,251.23558,33.226303,8.9351
8575583,247.43378,32.237595,9.17133
16273296,229.16971,33.26499,8.9967
224331659,251.41075,32.47364,9.6774
224326667,251.02307,33.13148,9.3545
16885563,233.18822,33.330173,9.6943
310172206,239.80681,33.257656,9.73948
159341119,254.08774,33.48419,9.512
67778646,226.7246,32.52739,8.6391
67779746,226.79678,32.695656,8.9465
17470665,242.915,33.342766,5.24763
8546277,247.30017,32.208267,8.3141
67884216,228.5783,32.24648,7.74848
67778359,226.77621,33.965034,6.73526
8671139,248.54521,32.43151,8.6427
219074146,251.8002,32.821552,7.7722
57061352,249.64743,33.515137,7.06126
57058976,249.60962,32.99888,9.91825
57059002,249.56271,32.953636,9.5258
17619532,244.61801,32.379658,8.8661
224327031,251.10452,32.149643,7.8695
8545783,247.30293,33.49919,9.239
67857563,228.19287,33.549255,9.8309
67883170,228.44017,32.833748,9.5073
17380066,241.43091,33.202805,9.6434
17380069,241.4348,33.193695,9.9727
17751801,252.04803,32.417877,7.06968
310231275,239.78755,32.396416,9.1021
17564774,244.01103,32.552288,9.38957
8675468,248.85696,32.53343,9.66966
8577961,247.51878,33.410614,7.87626
8412717,245.8112,33.697086,7.1634
282836391,229.37358,33.62849,9.6409
67666998,224.41682,32.7826,9.38186
16271497,228.90709,33.49293,9.86876
188596115,240.67668,32.55293,8.0061
8498046,246.78612,32.160347,8.9516
8447514,246.33131,32.542088,9.7241
17538812,243.44264,33.173145,9.5614
67682873,224.62865,32.96809,8.79553
8447381,246.2715,32.202644,8.738
458494097,240.338,32.933887,9.3853
8447990,246.37532,33.9304,9.9857
8447857,246.3028,33.55225,9.318
8480604,246.47708,32.535477,8.4198
272613770,229.8752,32.5149,6.1196
444066372,236.7921,33.95184,8.7356
444067382,236.99458,33.663307,9.56854
17344139,241.07608,32.420887,9.47582
444067404,236.87138,33.571083,9.87412
188590406,240.46109,33.50981,7.6259
67812108,227.23508,32.54351,9.5196
67813189,227.4705,32.41272,9.3956
67811939,227.23878,33.26536,6.16671
67812011,227.29123,33.060486,7.4334
224333734,251.47914,32.521057,8.9406
67813448,227.36609,33.619217,9.8085
67806752,227.10777,33.476604,8.3283
298320798,252.6798,32.55367,5.2744
67684040,224.73242,33.106434,8.4304
67806798,227.07677,33.706512,5.86608
313550416,252.40068,33.771687,8.48469
17063638,236.13329,33.60435,9.338
67684157,224.77435,32.567806,8.5438
459254358,231.52248,33.786686,9.1215
67806770,227.19714,33.556038,8.5394
67806788,227.13077,33.65569,9.14297
188591779,240.54518,33.25374,9.5461
224326544,251.12183,33.524113,9.8371
334752269,237.77072,32.628628,9.6488
8310222,245.13359,32.782375,8.86038
8400312,245.79608,32.018425,9.68442
8543797,247.21841,32.932816,9.44445
16271552,228.90979,33.320923,7.2523
8412225,245.73541,32.33301,6.34356
8309835,245.02246,33.91034,9.4006
8593216,248.07405,33.833096,8.9171
8669451,248.41171,32.012257,8.95344
67741655,225.44682,32.880455,9.263
67742797,225.62193,33.274357,6.3521
16999984,235.34291,33.530052,8.7478
17379886,241.42824,33.834625,9.87286
8309970,245.11368,33.542053,9.59973
67741714,225.40228,33.209293,8.6142
67685329,224.91705,33.158966,8.9731
67884310,228.48764,32.7025,9.162
17408399,241.79858,33.454136,9.9553
67685128,224.92654,32.06426,8.2512
67742791,225.58058,33.282032,9.4335
459253530,231.33046,33.79412,8.8965
462582941,233.37122,33.07103,9.1555
16999807,235.33717,32.83332,9.7051
459253373,231.30275,33.12131,8.2109
17492616,243.30426,33.37513,9.9665
67884375,228.58997,33.048805,8.9332
67770444,226.33405,32.342274,7.3122
459951154,236.72493,32.1413,9.0139
459951321,236.66473,32.79434,8.9237
188584056,239.44063,32.041073,9.3164
459951469,236.68112,33.348633,9.4056
67749363,225.85292,33.57116,7.68897
17468571,242.79564,33.53199,9.74064
57010139,249.0487,32.489265,9.08784
67749736,225.8332,32.031162,8.93044
17568260,244.18779,32.59368,8.21723
67749410,225.8494,33.3214,9.7266
17564428,244.0,33.725433,9.3106
57010196,248.95912,32.311016,9.56748
8414768,245.93558,32.07552,9.4913
16991006,235.04362,33.52181,9.8786
17651864,244.73491,32.62705,6.4241
8480314,246.48555,33.332264,9.0955
459254655,231.49545,32.494522,9.3276
17569987,244.33032,33.150177,9.20959
16886962,233.3289,32.497177,9.15741
8675433,248.8895,32.44212,9.275
8396311,245.51447,32.684277,8.61969
16281990,229.21822,33.709145,9.7272
16282004,229.28262,33.680996,9.8506
8673277,248.75815,33.21327,7.43682
462581315,233.01357,32.52195,9.032
57009768,248.95059,33.62792,9.07385
8673205,248.75633,33.403378,9.64965
219066692,251.61006,33.739017,9.84285
159292104,253.22986,32.871758,9.7
8480275,246.51706,33.452564,9.2682
8480572,246.46016,32.603374,7.4745
8482357,246.54837,32.081837,7.90044
458489497,239.93492,33.38702,9.6919
8482889,246.61055,33.540665,9.7129
8483002,246.67224,33.844933,8.5445
16990986,235.02254,33.57881,9.1864
16992710,235.14767,33.361702,9.5674
8445521,246.15555,32.642746,9.4192
224329004,251.18613,32.591923,6.1517
8445582,246.12717,32.468304,6.3855
298318844,252.44553,33.946686,7.5804
376675520,239.14838,32.777897,9.6444
188539441,237.25577,33.589962,9.8949
57058728,249.50635,33.695827,9.8384
57061501,249.6308,33.93047,9.65553
8545620,247.37312,33.97926,9.82352
219074111,251.75124,32.677696,9.30263
57059089,249.52344,32.75063,9.46906
67857590,228.22055,33.702206,9.5972
17418579,242.24461,32.5798,8.1997
458489610,239.93575,33.768013,8.8824
17430022,242.31046,32.137577,9.7046
458489349,239.94948,32.73494,9.5293
16960352,234.22986,32.58175,6.0402
67812062,227.25737,32.83903,9.9257
284707985,223.84366,32.974155,8.1634
284709128,223.99414,32.300064,6.07305
188545840,237.57686,32.40624,8.70999
188545891,237.6667,32.648483,9.07909
67811948,227.32307,33.241714,9.37184
188545800,237.64209,32.22574,8.40792
188545889,237.62955,32.64249,8.81745
284708048,223.86417,32.6723,9.89237
284707850,223.9514,33.61907,9.95903
17492383,243.2125,32.59921,6.56562
17001211,235.486,33.36889,7.89019
272612337,229.81625,32.153492,9.6432
17001075,235.54593,33.900238,9.8359
188548982,238.09262,33.613564,9.4192
57058803,249.5705,33.483345,8.0248
458493995,240.29408,33.32789,9.5397
16273155,229.08012,32.742115,8.6443
16273406,229.16165,33.652004,9.0671
8545877,247.30225,33.288776,9.56268
17415491,242.11221,33.73308,7.796
17417760,242.32031,33.963547,7.7377
57010155,248.97083,32.419464,9.978
67856213,228.07127,33.090366,9.8956
67706051,225.09386,32.522682,7.9948
16889865,233.72157,33.27425,8.8259
16889905,233.7611,33.43563,9.1624
17562843,243.81271,32.1471,7.1413
17467160,242.68573,33.249092,8.1577
16889957,233.78485,33.63363,8.5571
17566441,244.13211,32.98161,9.9005
67705735,224.97224,33.994556,9.23098
16885406,233.17943,32.739067,9.11419
17378659,241.26552,33.447437,9.4543
224318358,250.57466,32.43883,8.20691
67705909,225.07742,33.21139,8.4267
16270343,228.75717,33.51281,7.91591
17751686,252.01004,32.684372,9.18806
16915103,234.06935,33.031784,9.8965
67814733,227.55302,32.269173,9.2287
17411054,242.0257,33.50938,8.6573
444067310,236.8907,33.8942,7.5278
188588661,239.61855,33.61087,8.8442
444067513,236.90169,33.22663,8.7215
282850420,229.5543,32.639946,9.1625
17411732,241.97635,32.42266,9.8441
188588512,239.53534,33.028797,9.09722
188583956,239.40454,32.40903,8.0981
17411111,241.93445,33.439453,9.66089
67777193,226.52205,32.29372,9.5053
458494003,240.2611,33.303513,4.8248
159351103,254.23096,33.718666,8.71367
224318131,250.5088,33.102116,7.4985
334730466,237.47722,33.80352,9.36577
334730506,237.44453,33.734417,9.91624
17408171,241.89531,32.670547,8.6211
459254583,231.44292,32.841816,9.247
188596358,240.66998,33.420063,9.3893
17408069,241.8777,32.328976,9.42575
8346476,245.21219,32.927387,9.00331
298320510,252.59477,33.23886,9.22022
16320963,231.98196,33.112083,9.8402
16371858,232.60716,32.569218,8.6726
458491144,240.07309,32.215782,9.9328
16371696,232.59203,33.236866,7.2318
17408281,241.83644,33.068615,8.88678
16371571,232.52861,33.779697,8.0125
16371542,232.65802,33.96767,8.8857
16371662,232.55713,33.336624,7.7013
16332441,232.50084,32.077946,9.3668
57103588,249.88249,33.343525,9.8278
459255963,231.57857,33.117584,8.5146
459256085,231.5939,33.654556,9.9951
17539042,243.43506,32.503525,6.8865
17378573,241.26782,33.1524,6.82839
17539025,243.33562,32.568104,9.2878
17467056,242.70938,32.874187,9.5093
17378467,241.3334,32.71643,9.3643
67884255,228.56744,32.400562,9.50575
67884362,228.5314,32.979256,9.9273
67884516,228.59082,33.798088,9.7943
67742869,225.59148,32.91661,9.10425
16998331,235.19337,32.75943,8.04946
67805356,226.92714,33.07435,9.6808
16961958,234.36008,32.819756,8.883
16960376,234.32185,32.668556,9.5571
458492324,240.18175,32.039536,6.04342
16960692,234.28186,33.879295,8.9169
17043914,235.66121,32.17258,9.3483
17406634,241.703,32.172207,9.35969
272612482,229.8134,32.858013,9.28932
17001548,235.57224,32.011745,9.52639
16916354,234.14398,33.65951,7.8212
67708277,225.3577,33.92167,9.01729
16888330,233.61705,33.111946,9.0714
16888565,233.60939,32.017033,7.9134
8414141,245.85593,33.98943,9.65949
16991205,234.97554,32.677845,9.9243
17653901,244.98335,33.969055,9.8199
298414216,252.96584,32.008316,9.83099
67805515,226.93806,32.2592,7.9307
357399784,226.01756,33.19019,9.77962
459255792,231.59001,32.41172,9.39395
284290521,230.30273,32.192036,9.4804
284290670,230.31473,32.802666,8.5361
16332562,232.49013,32.61876,7.792
284290790,230.34993,33.313076,9.32585
283830378,230.85556,33.98818,9.08654
459255811,231.64485,32.48091,9.8857
17043953,235.61607,32.27711,9.7823
16962010,234.43205,32.60825,9.1914
445872570,230.21233,32.75945,9.63417
8482479,246.59665,32.432278,9.49087
8414221,245.95135,33.751102,9.45454
224331172,251.3845,33.830082,8.5685
67805330,227.03745,33.172554,9.4596
188541446,237.34084,33.778824,9.32859
8445456,246.16418,32.843906,9.4071
224329024,251.2824,32.63844,9.55214
16992585,235.13885,32.85765,9.61605
224331161,251.3039,33.856857,9.70876
16331062,232.38608,33.8821,9.8036
224331779,251.4274,32.151146,9.5695
17378431,241.22304,32.583633,9.8723
16884155,232.92302,33.60992,9.5516
16883913,232.85867,32.592308,8.0854
17466801,242.73131,32.003075,7.50451
16884216,232.86313,33.90203,8.5049
67748281,225.68465,33.27498,9.49134
17466936,242.71182,32.457294,9.22156
67705756,225.04309,33.901302,9.84857
284292016,230.47185,33.04243,9.58437
284292043,230.4524,32.933693,5.469
16330048,232.14328,33.335136,8.0292
284709184,224.08221,32.60135,8.9723
17410812,242.04182,33.981102,9.9031
17411695,242.04128,32.47828,9.069
17411021,241.99687,33.57685,9.731
16986721,234.82808,32.91252,7.9363
1270339144,251.19739,35.73817,9.03076
1270339146,251.19673,35.73808,8.86373
1101515277,226.23468,34.467484,8.744
1101515278,226.2349,34.467148,9.667
1101700790,233.68385,34.722973,9.34464
1101713082,232.63837,35.073166,9.9912
1101654470,234.74136,34.014404,9.8239
1101512072,228.85472,35.962162,9.0706
1101420268,230.19507,34.983513,9.4107
1101420269,230.1946,34.983604,9.3061
1200669714,249.24084,35.234997,9.9205
1200671614,249.60103,35.225708,8.8302
459956400,236.74022,34.61394,9.853
445873070,230.1946,34.983604,9.3061
224330340,251.19673,35.73808,8.86373
16371312,232.63837,35.073166,9.9912
16890230,233.68385,34.722973,9.34464
20303962,228.85472,35.962162,9.0706
16983319,234.74136,34.014404,9.8239
57058236,249.60103,35.225708,8.8302
57031163,249.24084,35.234997,9.9205
67770885,226.23468,34.467484,8.744
17434638,242.39453,34.95191,9.2028
17330279,240.9273,35.549126,7.6193
17330786,240.8073,34.688026,8.4817
17434967,242.42632,35.46533,8.99374
17435866,242.56998,34.992065,9.39241
57109056,249.9382,35.51551,7.58176
57108973,249.91975,35.40894,9.8567
57103032,249.78096,34.179768,9.3313
334729779,237.52065,35.553867,9.352
21682190,255.71623,35.54608,9.7577
17046296,235.81332,34.81201,7.98568
17046049,235.78915,35.34912,9.56926
159352196,254.29456,35.28653,6.8693
159352231,254.26015,35.165775,9.59709
159352279,254.30363,34.994667,9.2613
159352288,254.28505,34.960865,9.81533
298319607,252.66438,35.830177,8.1584
298338943,252.7191,34.23637,7.3608
298338960,252.81346,34.28937,7.4751
298319631,252.63028,35.726788,9.5257
17065895,236.19586,35.561314,9.98439
17065896,236.19693,35.562202,9.95502
17092290,236.33102,35.266182,9.70502
17092292,236.37369,35.262413,9.8839
17750726,252.10114,34.907322,9.1168
57058050,249.50685,35.86398,9.3678
159409472,254.56369,34.717983,7.8444
159431295,254.84868,34.506104,7.54582
159414026,254.85576,35.68118,8.4737
159413961,254.91034,35.83646,9.14377
159431169,254.82718,34.86433,8.28266
224317545,250.57242,34.861637,7.8387
72809766,253.75375,35.959995,9.1792
224321714,250.77142,34.810654,8.836
224317503,250.51253,35.022045,8.53686
67857684,228.20782,34.25935,8.6575
21635975,255.40314,35.54329,6.1406
17620417,244.69395,35.311096,8.88645
17092190,236.31071,35.64363,7.8136
17092171,236.37515,35.706364,9.9012
17489364,242.96051,34.39665,7.0709
82404355,254.6759,35.925915,9.5408
224321847,250.76775,34.322968,7.2445
224321685,250.7957,34.9309,8.8593
224321852,250.79814,34.316486,8.8871
159430996,254.80826,35.326744,9.84138
8347068,245.14572,34.627804,5.6793
1101670657,238.27783,34.751717,9.6198
67833470,227.71074,34.032425,8.4338
67833613,227.63454,34.700993,8.1713
219066006,251.6129,35.975304,8.7301
159435347,255.06346,35.189537,9.9132
67833638,227.74922,34.84159,9.0551
17567423,244.28854,35.40822,9.1766
24157474,241.91212,35.874912,8.0897
17654326,244.96283,35.51339,8.3786
67833572,227.66411,34.48388,9.854
67833814,227.6804,35.840626,9.0592
17567307,244.236,35.869514,8.4579
17653994,244.86916,34.262882,7.12117
57057783,249.44545,35.25645,8.6441
17343370,241.13316,34.962315,9.5796
188548250,237.99136,35.460827,8.7489
188548433,237.99884,35.703995,9.8878
224330045,251.18512,35.00725,8.4472
224330359,251.20302,35.78205,7.7208
219075663,251.91957,34.22628,6.9961
17046259,235.83144,34.881794,8.5012
57031055,249.30966,35.57035,9.7923
462582626,233.50621,34.14357,9.2086
17094505,236.57396,34.235058,9.874
219075453,251.93773,34.907967,9.7915
282849935,229.53429,35.11786,8.1442
17094483,236.53818,34.156353,8.84246
17567600,244.19171,34.82195,8.8273
57108737,249.90227,35.072083,7.3648
284856661,252.27748,34.666912,9.1572
16982864,234.73312,35.690735,9.6716
219066597,251.6023,34.086285,9.4778
8576997,247.57396,35.92332,9.5499
272611040,229.6395,34.051243,8.5029
17563553,243.81238,34.71317,6.36395
17563758,243.86873,35.48556,8.02869
57062166,249.65659,35.892593,7.43639
21636245,255.6349,35.77978,7.23586
298339680,252.8808,35.553196,8.0227
188539198,237.22202,34.481613,9.9694
8624885,248.3296,34.287415,9.9908
8624949,248.35149,34.470894,8.473
298338983,252.79834,34.33439,8.7537
298339303,252.7931,35.24928,9.8404
298339732,252.88853,35.386906,9.3474
188539012,237.25209,35.379738,9.8998
16330953,232.27347,34.452087,9.8563
16990028,234.8414,34.46542,8.7986
298339150,252.78769,34.81064,9.2321
298339527,252.71172,35.860844,9.9378
334753043,237.80804,35.65738,3.9341
16284719,231.22383,34.19061,8.308
16331004,232.34172,34.173462,9.6255
17405407,241.52911,35.32126,8.911
41831243,233.37257,35.928955,7.241
16990109,234.89479,34.813187,9.3941
8625371,248.32172,35.711742,7.9746
8444068,246.08841,34.999092,9.5329
17405925,241.67516,34.624416,9.1846
444066747,236.7673,35.505165,9.5075
188567662,238.52594,34.588276,9.5086
188567978,238.45654,35.77497,9.0164
138327376,230.22829,35.917477,9.5691
341738569,254.42073,35.26971,9.0462
444067048,236.87799,34.990932,7.8677
159413269,254.72826,34.163933,9.5041
219066363,251.58383,34.717464,8.9113
17468122,242.7886,35.12883,9.08498
67833561,227.65407,34.45873,9.544
17467999,242.7979,35.60765,9.67254
284293871,230.789,34.0463,9.6952
17541586,243.73381,35.835934,9.4962
21625320,255.28844,35.541683,7.7293
67882951,228.41876,34.045113,9.93
16320096,231.95328,35.056526,9.7867
224329800,251.17946,34.435944,8.8441
284856502,252.14542,34.21384,9.0112
67858196,228.39664,34.88189,8.197
284856776,252.26762,34.9563,5.88186
72733362,253.26346,35.877335,9.4145
284856892,252.27553,35.284172,8.6457
17467910,242.84335,35.952957,9.97666
67771136,226.34857,35.776108,9.4151
21635828,255.46252,35.21733,9.848
8676327,248.90706,34.94895,9.7147
67708160,225.2581,34.454247,9.2741
8671939,248.54225,34.666664,9.663
8676098,248.79424,34.304806,9.5854
298416993,253.017,34.53911,9.7229
16247828,228.7362,34.414753,8.5518
282849628,229.40517,35.159595,7.6271
8672222,248.53418,35.49996,6.98413
8676028,248.88416,34.07654,7.9711
8577438,247.52316,34.785896,7.0597
298417320,253.04735,35.489635,6.0988
82554627,255.91786,35.935005,8.3231
8396916,245.49718,34.433224,9.4172
67749224,225.84871,34.28086,7.8433
17467694,242.63853,35.191097,9.4896
57030857,249.14215,35.636673,9.4944
8589451,247.77145,35.510662,9.5674
224329757,251.27298,34.342945,9.73758
313549554,252.3781,35.936153,9.7104
8671879,248.5731,34.500484,9.75509
17563488,243.8664,34.463238,9.1363
17563620,243.7446,34.95103,9.37532
8577116,247.5506,35.602776,9.35458
16982376,234.52647,34.118866,9.864
67749159,225.90205,34.56576,5.69693
67749204,225.92238,34.382496,7.6565
17493427,243.40193,35.55073,7.84141
17493521,243.35545,35.198925,6.23842
8589012,247.7766,34.320316,6.7255
8589330,247.7616,35.225067,4.6488
43252406,250.15329,35.67395,7.5647
17564277,243.94809,34.355114,9.95935
17406068,241.66669,34.102924,7.9306
8625175,248.21884,35.075367,7.5411
17489417,243.0073,34.640984,9.26856
16990437,234.91423,35.651726,9.2182
8448511,246.27975,35.313534,9.8125
458493569,240.36156,35.078117,9.7507
8448568,246.32983,35.539005,7.8358
8672823,248.65147,34.545925,9.946
8676549,248.80554,35.55025,7.6876
224326319,251.04575,34.126118,9.9431
159295095,253.2757,34.014748,9.0488
16281865,229.25298,34.352207,8.7265
16281884,229.25911,34.276756,9.1436
159291316,253.25533,34.90006,7.15162
17620075,244.60852,34.147217,9.5049
67666663,224.49487,34.320282,8.6405
188539260,237.17781,34.31292,9.2079
8484003,246.68665,35.190697,9.9016
16270990,228.97087,35.606686,8.4209
459256530,231.61018,35.619514,9.0834
16319867,231.92607,34.009396,9.1759
16982563,234.53929,34.876976,9.2732
16983146,234.70355,34.675037,5.22823
16983297,234.70253,34.09571,9.8118
8500607,246.92422,34.454407,9.1035
272615396,230.02707,35.208645,9.0738
272615473,230.08238,35.69399,9.2606
17541055,243.5646,34.125046,9.68
43252684,250.20631,35.268234,9.8686
458490636,240.01917,34.211697,9.4618
29262939,237.10274,35.92544,9.8446
334752749,237.84395,34.379494,9.314
334752787,237.80206,34.514805,9.7948
17379771,241.35838,34.284748,9.6489
17379780,241.48247,34.26336,9.99656
8544589,247.23265,35.072693,9.8843
17379509,241.44295,35.312847,8.9617
8413349,245.82343,35.61177,6.35294
8593371,248.03757,34.299137,8.2956
8625772,248.45064,34.93985,9.6666
8625897,248.3867,34.565384,8.9582
224329948,251.28108,34.77123,9.53776
284856625,252.22472,34.551945,9.90859
284888539,252.17278,35.92205,7.14956
284888540,252.17339,35.923546,8.66133
21625347,255.22896,35.471542,8.22583
284856462,252.25383,34.071774,7.5432
57058078,249.56834,35.76282,9.2528
67683547,224.81851,35.685215,9.7768
67777709,226.53362,34.753506,6.82182
57058545,249.48946,34.240536,9.0658
57108483,249.94925,34.62538,6.97691
17654163,244.95769,34.889305,8.1682
8479978,246.46733,34.258,9.5133
188588865,239.54973,34.31498,9.7972
17651388,244.73488,34.389915,9.94572
17654102,244.92014,34.66993,9.9
188588824,239.65228,34.19261,7.7641
188588935,239.57964,34.56932,9.319
8483366,246.61673,34.868484,8.942
159328787,253.64095,34.860535,7.6944
282849563,229.44006,34.76684,9.96295
8672065,248.62144,34.982704,9.97773
17564304,243.92554,34.23569,8.44248
8577279,247.53442,35.171135,9.21971
298417258,253.0938,35.269283,9.61113
8413339,245.78824,35.58842,8.8151
17342878,241.01271,35.00737,9.4591
17616350,244.37599,34.169254,9.8853
17616569,244.32536,34.914116,7.627
17616693,244.37428,35.30096,9.6076
8346965,245.24266,34.367393,8.7174
224371804,251.50777,34.27389,9.74062
159295498,253.35274,35.098446,9.8917
17616855,244.38124,35.938854,8.7929
8397585,245.61765,35.43594,9.7504
8398010,245.6192,34.105385,9.3893
41714770,232.63544,35.893967,8.5346
43253025,250.23526,34.249233,8.83341
8484361,246.76407,34.15175,7.7389
159295186,253.3069,34.240543,9.4384
159295366,253.29083,34.69633,7.67328
159329350,253.78307,35.45906,9.18144
230225881,255.11368,35.738415,9.36825
224325932,251.14769,35.15254,9.2352
17489989,243.12779,35.061153,8.61467
188565925,238.18886,34.285484,9.31444
188565988,238.24423,34.540733,9.38179
188573862,238.57376,35.10724,9.89313
43274838,252.73674,35.93275,9.71583
16915449,233.9626,34.43778,9.8697
16915554,233.99109,34.88381,9.9346
16270769,228.8632,35.421944,9.1398
224317686,250.57149,34.456596,9.8785
16273719,229.11244,34.933483,8.8508
188565889,238.17914,34.163445,9.4045
40049221,246.7469,35.988888,8.3276
8621623,248.16422,34.808556,9.1676
16273555,229.04909,34.295464,8.3287
8544602,247.17769,35.107258,8.7458
8576701,247.43788,35.201893,6.52403
8347531,245.33629,35.897694,8.20024
8397338,245.50212,35.710564,9.3726
20291519,228.1436,35.971607,7.4774
17493190,243.26512,35.438915,7.1494
376664287,238.33691,35.751595,9.48362
224330830,251.3507,34.78662,9.7751
16271049,229.02876,35.39764,9.6342
67807470,227.30151,34.731125,8.2617
188581242,239.0542,35.590164,9.3395
17408602,241.80705,34.11618,8.8888
188546371,237.64296,34.42491,7.2137
188546465,237.57985,34.829292,9.7648
188581224,239.0098,35.54618,9.694
8545008,247.3005,35.633812,6.415
8545330,247.24118,34.829124,9.6926
8545408,247.2471,34.596935,9.2402
17434361,242.38005,34.40191,9.587
188590627,240.46869,34.251934,9.6653
188590965,240.46962,35.580803,9.2852
17408570,241.80823,34.026653,9.665
287054301,236.25116,35.96137,9.228
8501484,247.02748,34.876778,9.66226
159351443,254.14618,34.558342,9.41764
39834537,244.59889,35.89806,8.9936
67683744,224.77084,34.57533,9.55153
17538214,243.43716,35.029945,9.64189
458489747,239.81781,34.391678,9.8911
16992917,235.07281,34.260307,6.94867
17330403,240.79561,35.3521,8.9054
8444235,246.11368,35.49293,9.6977
39980431,246.52098,35.96949,9.5963
230225973,255.16829,35.370647,7.6025
16993149,235.15004,35.069397,9.5176
188541763,237.38113,34.936897,8.8072
8444872,246.18353,34.50142,9.85
224321356,250.66652,35.934765,9.6167
57062297,249.83496,35.53223,6.5829
43252697,250.28946,35.209225,9.3199
230226048,255.16464,35.156555,7.7693
230226118,255.17711,34.868618,7.5483
230226101,255.08955,34.947918,9.1265
462581842,233.04242,34.654533,9.6561
8483177,246.56201,34.275646,9.5872
188541711,237.33493,34.739315,9.76204
16915424,234.01451,34.316113,8.40562
8593558,248.03094,34.819073,9.04042
8593559,247.97342,34.81971,9.24386
16877956,232.67558,35.168827,8.5501
16878120,232.69196,34.465656,6.82227
148818648,233.96527,35.923626,8.10521
17654188,244.89719,34.98352,9.10513
43272750,250.38252,35.70362,9.80778
159328927,253.66884,35.256355,9.7603
17489529,242.93025,35.12476,8.13195
159328884,253.57489,35.128143,7.59383
17538468,243.3948,34.21526,9.46444
458493552,240.35446,35.15238,9.59727
159324996,253.42685,34.80234,9.96374
272615431,230.07413,35.421165,9.6959
17379576,241.46857,35.00603,7.4897
159340780,254.05801,34.4097,8.2002
272615389,230.12076,35.17626,9.14904
17436400,242.53378,34.05361,8.79108
43252805,250.2773,34.894096,8.9831
298319433,252.47281,35.53672,8.89644
138327387,230.2616,35.98489,9.92513
298319148,252.50497,34.80968,9.97758
159339988,253.83882,35.287605,9.41466
16281764,229.26984,34.780167,9.87916
159291285,253.17708,34.973717,9.92637
159339947,253.9495,35.182667,9.71509
224330549,251.45177,35.631523,8.8771
159295136,253.36105,34.111324,8.5373
321554353,235.42462,35.99854,8.4187
17379221,241.26184,35.478184,8.006
17379250,241.32263,35.593502,9.6419
17379551,241.35376,35.15077,9.5174
17408734,241.83702,34.663254,9.62942
17343043,240.97539,35.64466,9.9163
159295343,253.32196,34.65062,9.70563
8347140,245.2006,34.796413,9.71844
8347034,245.2462,34.54758,9.31202
16886256,233.23683,35.39505,8.4187
188591426,240.5573,34.443928,8.0933
224372315,251.45071,35.630764,7.0198
224372318,251.53085,35.63367,9.3766
159329847,253.75853,34.09779,7.8181
188590789,240.45116,34.86176,8.54773
444066539,236.73889,34.61335,8.9115
17417102,242.29309,35.119133,9.53027
224317171,250.51927,35.943825,9.18336
67705477,225.0376,35.17592,9.5516
16912951,233.87617,35.313175,8.2731
16913002,233.90984,35.0835,7.9931
67705446,225.01259,35.330936,8.3319
16912831,233.86252,35.79474,9.4567
17563653,243.82928,35.083416,9.2602
459956570,236.69963,35.278233,9.4794
188548586,238.12955,35.094227,9.8678
17342768,240.93973,34.627274,9.92905
17342647,241.05618,34.17879,6.70929
8484425,246.76204,34.002445,8.44434
188548415,238.11761,35.77795,9.797
224325026,250.96536,34.038803,5.7311
8671736,248.50658,34.103252,8.31348
8671718,248.61751,34.04265,9.15581
67778029,226.7326,35.475937,8.84774
188590912,240.42763,35.363533,9.94123
67685553,224.93585,34.174446,9.1888
67685541,224.85431,34.12272,8.2119
67705183,224.93134,35.10086,6.91186
16283023,230.68208,35.394787,7.7488
17000199,235.46677,34.40537,8.8543
39824824,243.84604,35.973373,9.3523
57058328,249.50436,34.918736,9.0863
219075705,251.94339,34.098515,9.187
16993367,235.22011,35.905018,9.7454
16283290,230.63469,34.229424,6.37674
16371486,232.6,34.26728,7.6908
16371340,232.5362,34.945587,9.9638
57058107,249.5926,35.64256,9.4166
284290988,230.32056,34.14633,9.2964
284291244,230.36969,35.48513,9.1631
17567466,244.19711,35.256023,8.3255
310519255,242.51625,35.984524,9.9862
67855345,227.96263,34.754898,9.20994
67708070,225.25436,34.890076,8.9131
16961565,234.3884,34.44318,9.1505
16960820,234.23845,34.47833,9.4913
17092091,236.26465,35.923515,9.4903
459256246,231.57243,34.335995,4.16332
459256419,231.6338,35.107986,8.8185
462581954,233.03905,35.056065,9.9055
462582111,232.9953,35.733395,7.3709
357414018,226.04134,34.902973,9.2879
462582051,232.98558,35.464622,7.6077
67748697,225.7923,35.2258,8.9315
284291458,230.50803,35.52784,9.7996
67748689,225.77522,35.205795,4.6641
17416723,242.21506,35.724632,8.3178
17378875,241.29692,34.236748,6.6816
16884584,232.9133,35.389828,9.7608
16884633,232.89499,35.56581,9.6941
321475660,234.61562,35.90618,9.3411
17616799,244.29797,35.70067,7.40944
67884698,228.57631,34.911102,7.4503
16915351,234.01852,34.025127,9.753
16916140,234.15492,34.567265,7.6049
67814254,227.5606,34.362152,8.1525
17493060,243.27876,34.962303,9.4541
334652811,231.74472,35.20648,9.9923
16993475,235.28885,35.481606,9.045
17563896,243.98572,35.87071,6.6799
224371848,251.52805,34.36086,7.7064
24054523,240.22179,35.9827,9.0157
17563913,243.97873,35.821163,8.4502
16887767,233.53824,35.419205,9.83019
67804878,227.02666,35.23539,9.6146
17405138,241.51932,34.40434,9.59131
17409210,242.03758,35.597683,8.48386
82455221,255.41954,35.980503,8.83073
8413706,245.97614,35.259533,9.7414
8444811,246.22516,34.69652,9.8982
17493330,243.3313,35.969406,9.04883
188541677,237.4182,34.597492,9.7865
8444434,246.14516,35.720165,9.6742
17617323,244.52449,34.48276,6.942
16370950,232.46936,35.150124,9.2105
16370959,232.43582,35.175232,7.4536
17563961,243.9261,35.640972,7.7122
16370869,232.46243,34.736355,8.8064
17616924,244.46353,35.699577,7.37889
148821711,234.21356,35.912857,9.1974
67855640,228.15004,35.699574,9.82911
459256317,231.68536,34.678814,9.94769
24157480,241.9405,35.943733,9.6679
357414049,226.04413,35.07049,9.78485
284710077,224.22658,34.48007,9.541
459256471,231.5739,35.315243,9.608
459256479,231.60902,35.372105,8.79959
406799013,225.86731,35.924732,8.6728
188591239,240.62952,35.200085,8.5251
67683301,224.65938,34.918606,7.1719
67683754,224.70993,34.502758,7.7552
17062987,235.99213,35.430004,7.6285
188596793,240.75027,35.019154,7.3769
8347908,245.31308,34.636196,8.0815
357414203,225.98131,35.872444,9.8231
67683534,224.72725,35.757133,9.4907
67683728,224.76408,34.681686,9.2118
67750369,226.17262,35.008575,8.5726
188591361,240.56975,34.698242,9.5898
298319015,252.47688,34.418625,9.9739
298319326,252.46008,35.24376,8.5584
67683724,224.68588,34.699406,9.3286
39949010,246.28075,35.90655,8.87013
57058255,249.54189,35.171837,9.37321
188596853,240.70067,35.311596,9.46568
283857450,231.05923,34.711376,9.90854
16890086,233.66727,34.122227,9.2623
16888101,233.6227,34.096867,9.2273
16915763,234.05276,35.705395,6.9285
17616378,244.36407,34.281246,7.82255
17416749,242.20105,35.69125,8.63532
67748919,225.86389,35.63059,9.32779
16884412,232.84868,34.63332,9.1433
67814160,227.5348,34.753647,8.4579
67814071,227.61255,35.19903,9.8474
67742185,225.4384,35.681717,8.4195
67685609,224.91219,34.401825,9.9106
16283015,230.63847,35.40234,8.1645
67742395,225.62234,35.18773,9.6238
188596573,240.71947,34.160774,9.69112
16330329,232.187,34.687794,8.74685
28348765,224.95459,35.911583,8.96114
17566769,244.11456,34.045715,9.52152
16890244,233.66618,34.768055,9.09905
445873272,230.17271,35.8792,9.9872
16330502,232.16815,35.54825,9.9725
67855881,228.16418,34.659786,9.57741
16913166,233.86197,34.380455,9.8438
283830205,230.85875,34.86926,8.76151
17541979,243.69281,34.516388,8.24996
17541933,243.61057,34.63787,9.54602
17331239,240.92845,34.012974,7.6392
334652683,231.81607,35.688293,9.7042
334652911,231.72206,34.780277,9.97235
43272386,250.41432,34.589367,7.2527
17410444,241.92352,34.586628,9.37583
17493167,243.21773,35.352436,9.95024
67750374,226.19342,34.966034,9.35954
67683516,224.70554,35.849625,8.95268
188591130,240.60797,35.591305,8.73246
188596686,240.6584,34.61621,9.67644
8348033,245.3606,34.27497,9.487
67683210,224.67729,34.419662,9.83127
67750552,226.18245,34.070248,9.7405
188596697,240.66869,34.671005,9.73921
159329279,253.79037,35.65574,9.50854
17416850,242.19997,35.549896,7.29151
17416762,242.30428,35.672485,8.74641
1101710004,234.55913,36.247574,8.5478
1101710005,234.55896,36.247158,7.66422
1101794351,231.12874,37.34793,6.9706
1101794352,231.12862,37.347298,6.4735
1200723905,245.39645,36.512287,8.686
10005000539,250.42348,36.46132,5.277
57157803,250.20367,36.31669,9.46714
233466076,231.12862,37.347298,6.4735
57157277,250.19292,37.896976,7.893
39900828,244.93297,37.739876,8.207
39930868,245.39645,36.512287,8.686
40049139,246.67804,36.289944,8.317
40049140,246.67737,36.288876,8.56
471016233,234.2136,37.5801,9.587
321475738,234.55896,36.247158,7.66422
257092113,248.11708,37.161427,9.46461
257091990,248.11113,37.345448,9.73445
29366948,238.55981,36.843826,9.8033
29366222,238.39954,36.366123,9.44134
39986120,246.65915,37.764896,6.6637
39979024,246.3561,37.910213,7.3351
39981655,246.59914,37.926117,9.93412
392346861,225.14194,36.461132,9.88327
41689715,231.46455,36.728737,9.5035
41689677,231.45229,36.618637,9.7992
41690139,231.42996,37.79171,9.59193
41694845,231.71475,36.476833,9.6142
41694892,231.75137,36.564697,7.2669
41695378,231.74944,37.63186,9.34004
20238943,227.78459,37.08882,9.4481
20239076,227.80475,37.468113,9.61959
20238073,227.64658,37.034702,9.01361
459286977,252.84174,37.95286,7.65006
459286964,252.8698,37.99282,9.9916
459287116,252.88423,37.526623,9.31949
72809442,253.61879,36.679974,8.056
72810313,253.75368,37.32005,7.5608
82360422,254.65121,37.972496,7.8418
72809076,253.62573,37.534447,9.9691
72809343,253.60983,36.901264,9.6218
138256324,229.31128,36.359287,6.8879
1270536652,254.9432,36.92103,9.7782
68935416,249.80669,37.863728,9.5316
68935852,249.8966,36.491673,8.349
68936545,250.06432,37.355656,6.6631
85375973,257.02512,37.966976,9.6887
85376128,257.1396,37.567776,9.3075
85376104,257.0775,37.62184,9.6991
68935919,249.8741,36.265244,9.32282
85376037,257.0828,37.779778,8.77566
459287525,252.92834,36.26729,8.8976
57392695,252.46501,37.96231,8.0954
82602258,255.98642,37.812252,9.21749
82602304,255.97087,37.729073,9.4084
82408526,254.9547,36.85242,8.7044
82408500,254.94342,36.921402,7.77177
57391731,252.31816,36.44051,8.3762
57391899,252.28384,36.01514,7.52
57299130,251.80664,37.885406,9.094
68935886,249.9014,36.376293,9.85089
82409053,255.05902,36.28649,9.34586
57333193,252.21178,36.968185,9.62378
57333114,252.19295,37.224476,9.97592
39825354,243.8523,37.795612,8.18
29265550,237.22302,36.247944,7.9317
68843447,249.132,36.039932,5.07127
40048815,246.73735,37.238888,8.7236
40049138,246.67706,36.290024,9.5908
68871708,249.05159,36.564228,9.49154
82356559,254.29622,36.47772,9.46465
68871812,249.07462,36.909653,9.6528
72808968,253.56354,37.851307,8.4129
405544531,256.89236,37.52746,8.57099
72839251,254.08939,37.917572,7.66132
82603863,256.14658,37.8389,9.83571
72839144,254.11963,37.655254,9.6963
72889564,254.27194,36.716866,8.41623
29384767,238.95358,36.127346,7.5671
406801127,225.96089,36.896786,9.6622
316415554,236.57831,36.34991,9.6392
39835118,244.77823,37.93798,8.1113
43274262,252.52283,37.480553,9.733
41717246,232.80975,37.490353,9.4241
24157822,241.95255,37.475243,9.2519
20291359,227.99002,36.754715,6.5283
82454588,255.33594,37.354084,8.9639
316415572,236.46642,36.418377,7.52789
39901683,245.07587,36.975586,4.83498
82550350,255.62067,36.739822,8.634
392387898,248.80132,37.345287,7.9912
82408864,254.91771,36.02853,9.6056
72765205,253.37411,37.181923,9.9708
20301810,228.76355,36.830193,7.807
82408475,254.983,36.978294,6.891
82612301,256.50558,37.25995,7.9727
57299150,251.84389,37.943665,9.5924
82451230,255.17413,37.312748,9.8905
72838083,253.87227,36.980427,9.4723
72838084,253.89891,36.978443,9.4365
72837720,253.91902,37.84846,9.7951
57298750,251.82214,36.7427,9.5282
40049558,246.91576,36.961124,8.6568
321589183,235.97923,37.832455,9.2533
40049613,246.8541,37.15686,9.4542
405543292,256.75732,37.1911,9.5895
40049260,246.80118,36.01581,8.8946
405543345,256.7733,37.06348,8.6581
29237068,236.67458,37.933414,8.4166
334782289,248.58675,37.69147,9.9863
138327127,230.10297,36.966557,9.9674
310506988,242.32774,36.928585,9.1516
310516445,242.30304,37.985916,8.5559
57193278,250.9159,36.380527,7.7633
321475969,234.55907,37.153053,8.9715
321539985,234.84268,36.63683,6.10994
321539983,234.84447,36.63581,5.13528
29385285,238.94829,37.946957,5.0914
316415586,236.59549,36.45262,8.2633
29384802,238.84778,36.195217,9.84662
39901483,245.13965,36.279358,9.94979
39835043,244.70277,37.660625,9.6892
43274111,252.58502,37.925377,9.8169
29384939,238.9866,36.722866,8.0527
39948964,246.09082,36.053783,9.2693
24157046,241.78279,37.740463,9.2886
39941986,246.04335,37.036625,7.4861
405527722,256.67706,36.793415,9.8754
255930925,247.57213,37.15467,9.6129
406811666,248.2929,37.436996,9.0739
85406064,257.4631,37.883644,9.83804
82611261,256.33014,37.03831,8.4258
82404646,254.81729,36.652946,9.1569
406809011,248.16927,37.484894,9.2285
20304160,229.07954,36.955482,9.9403
29265582,237.31091,36.12545,9.4417
262879161,225.21541,36.106197,9.4218
72838163,253.90152,36.78648,8.4587
39828389,244.162,37.04669,8.8604
321590172,236.11981,37.534924,7.0498
233487343,231.34436,37.21141,6.9351
57189664,250.6436,37.24731,9.5975
24080270,240.83821,37.11298,9.587
68900711,249.69197,37.580616,9.7275
459287186,252.80313,37.283405,9.4135
459287478,252.88084,36.42123,8.7889
57189898,250.54387,37.875534,9.4094
57189258,250.59554,36.345173,9.6013
57231448,251.1038,37.376766,8.8204
82550423,255.50258,36.90635,9.54452
459287203,252.86652,37.21405,8.6611
459287303,252.91275,36.961952,8.6279
57192753,250.81526,37.051075,7.60237
82455099,255.30045,36.136677,7.11437
20293771,228.39417,36.137463,8.6078
20345308,229.20622,37.43543,9.2378
24107506,241.44579,36.71794,9.2006
24107614,241.47923,36.25847,8.7383
29237334,236.71098,36.78449,8.56126
29237414,236.6021,36.446003,7.0889
334782727,248.44667,36.214855,8.52713
57193414,250.88197,36.757977,9.57985
310516361,242.4157,37.646675,9.57324
29237389,236.63405,36.524944,9.75743
82408084,254.9582,37.849377,8.01459
82408824,254.91676,36.111576,9.75027
82603347,256.10513,36.608067,9.6966
82603694,256.15784,37.395782,9.8257
41742892,233.05794,36.930046,9.8838
458716852,253.1945,37.33744,7.4063
82602706,256.06427,36.75301,6.68501
57232132,251.28688,36.38341,8.333
39904402,245.26852,37.658905,7.4514
39904763,245.2659,36.504875,8.0356
39904773,245.14555,36.474525,9.8664
39930830,245.35976,36.40185,9.23481
39931061,245.37799,37.23206,8.5991
29439580,240.04881,37.76186,8.6907
29262632,237.02365,37.117146,9.1341
57231851,251.13385,36.257008,7.4956
57232706,251.28564,37.995422,7.6462
39979716,246.41785,36.87569,8.9952
29394756,239.00624,37.106094,8.7556
28348588,224.92633,36.798794,9.38
82404293,254.63095,36.086857,9.9202
458512202,242.05223,37.600143,7.778
310506630,242.14162,36.008755,9.2171
321577043,235.72186,36.303318,9.5997
321577253,235.73672,37.044785,9.9458
82360874,254.65671,36.805824,9.4649
310506304,242.26222,37.107464,8.1531
321576973,235.76276,36.03998,9.28032
255927610,247.36333,36.87459,9.7066
82360571,254.62294,37.583794,7.1993
20293572,228.31358,36.641933,9.8649
20293994,228.38446,37.274967,9.7809
233466135,231.15521,37.688046,8.9117
57329793,252.14798,37.013367,7.6425
57329994,252.14392,37.64395,9.05549
57189048,250.50743,36.089695,8.264
198307567,230.31657,37.4368,9.2345
68899674,249.51006,37.523346,9.2915
29413859,239.74684,37.300365,8.6695
310531150,242.64444,37.566715,9.0152
39831678,244.47415,37.697823,7.4742
57256407,251.54968,37.349873,8.0278
255931393,247.7786,36.266613,8.5954
57330142,252.18306,37.99325,8.7048
392387794,248.78592,37.062428,9.6075
82550397,255.60986,36.855076,9.1052
82550460,255.63512,37.03839,9.5986
233467837,231.27708,37.532806,9.2249
24107845,241.62387,36.57953,7.6962
29290962,237.91292,37.007305,8.1753
68875738,249.36102,37.49035,6.38639
255928297,247.51833,37.190376,9.5662
82550442,255.50752,36.975338,7.6419
29413985,239.6919,36.799145,9.862
57256314,251.46571,37.10382,9.2666
148815480,233.67422,36.215714,7.8484
310519226,242.5112,36.049244,8.317
29288685,237.71538,37.553497,6.50342
57256195,251.46902,36.752434,7.66691
68899789,249.63148,37.201313,7.72225
310519422,242.64294,36.371037,9.83341
148785509,233.47845,37.913803,9.51358
24080260,240.92743,37.14952,9.6976
255907271,246.99738,37.876755,9.52294
82454703,255.30576,37.058964,9.10724
82550215,255.57405,36.38943,9.31728
20204058,226.64644,36.456066,5.8585
233467802,231.28014,37.70459,9.13474
24080238,240.92201,37.272736,9.07841
334794768,249.00403,36.50723,7.3104
57329354,251.96138,36.01504,9.0818
57255675,251.39192,36.5636,9.7654
262879484,225.30373,37.736115,9.4498
82404428,254.82605,36.062702,9.92452
82454524,255.27647,37.55124,9.02801
310561761,243.03664,37.61494,9.41276
82550096,255.52605,36.100384,9.58918
255930796,247.62952,37.651146,9.88064
82611354,256.35815,36.806915,9.7278
57157744,250.21219,36.45266,9.9171
57157802,250.22874,36.322918,9.4151
310561395,242.95018,36.425064,4.41277
57255477,251.41194,37.082787,8.0118
57255558,251.34956,36.850655,8.9486
39933968,245.50291,36.721207,8.2879
43275489,252.73354,37.723682,8.8848
57232380,251.16197,37.059486,9.8905
39834654,244.81952,36.2936,9.6354
39834872,244.81528,37.137276,8.8462
72838963,254.05942,37.1662,9.9491
82611950,256.45242,36.44688,9.3326
41715005,232.61588,36.804558,5.5302
392387453,248.80385,36.107155,9.9676
41740626,232.86017,37.229538,8.4493
392387937,248.87386,37.45133,8.1815
39934104,245.5576,36.257603,8.30753
68874596,249.30287,37.925465,7.95096
255928248,247.4054,37.030228,7.8576
458716603,253.18448,36.655354,8.1202
82408415,254.94171,37.14141,8.7555
39835072,244.75238,37.765717,6.27398
39835089,244.70166,37.819187,8.8787
39900827,244.93297,37.740986,9.6048
39941344,245.77037,36.84208,9.8452
39941849,246.02773,36.597626,9.1835
39901910,245.10289,37.62348,9.972
57157278,250.19286,37.895798,9.1835
82455437,255.47737,36.535294,8.84488
321542996,235.10829,37.51711,5.4748
43274157,252.63744,37.789326,9.123
43274772,252.52676,36.04002,6.456
39949544,246.33493,37.583767,9.9354
262880964,225.39645,37.801403,9.5392
198310202,230.67575,36.78103,9.4842
39979392,246.35071,37.39405,5.3508
262881130,225.45462,36.755188,9.77067
82455778,255.47705,37.39453,9.7188
321543037,235.19405,37.688187,9.5331
24088067,241.08424,37.38295,9.6621
39901794,245.05844,37.30034,8.8153
82455697,255.39355,37.167988,9.9344
82455995,255.34084,37.90205,9.6625
29265948,237.3933,37.16442,9.29262
321590053,236.14021,37.02634,9.6189
39949322,246.24638,36.909332,9.4499
255908278,247.0977,37.424755,9.43493
255908229,247.2301,37.25177,9.56486
72771143,253.53801,36.006023,9.0967
20304188,229.089,37.069565,6.5237
82598648,255.89342,36.69671,9.8646
24091049,241.37204,37.812157,8.601
82598371,255.93149,36.056263,8.3813
82599080,255.81209,37.7701,8.8996
256001996,247.84966,36.36688,9.7715
20304214,228.98755,37.2385,8.90443
57157624,250.1424,36.789867,9.7207
57159289,250.29086,37.757248,9.5416
72771468,253.42842,36.914627,8.983
262879283,225.31062,36.666588,9.5069
20303667,228.92708,37.331936,9.50459
41743588,233.21098,37.66136,9.2042
287054731,236.20279,37.3801,9.59124
255908387,247.17444,37.830513,9.58007
82612125,256.46475,36.883163,9.3311
82602595,256.0753,36.997665,9.507
82603011,255.97238,36.029377,9.63377
41743268,233.24542,36.440136,9.8159
29263282,237.18683,37.38605,8.3526
406811623,248.3958,37.617195,8.8694
138327193,230.14166,36.661526,9.9277
321476024,234.55536,37.386368,8.9027
68899867,249.53401,36.95166,9.3834
406811914,248.40048,36.64938,9.6005
24090462,241.10606,36.415382,9.4406
40049406,246.83574,36.439327,9.4602
40049851,246.82272,37.977757,9.6784
39814222,243.69804,36.689163,8.1664
29262606,237.0007,37.243465,9.9039
321554162,235.3628,36.62806,7.4242
39828342,244.14508,36.875984,8.67782
39828246,244.18665,36.510952,7.68609
29262461,237.02676,37.97294,8.6495
41712581,232.3656,37.9436,8.7562
29262581,236.93588,37.378952,8.72
20291424,227.94205,36.4182,9.9939
29288592,237.6769,37.247295,9.69454
310506418,242.2375,36.719845,9.9339
310533632,242.81915,37.564816,8.27279
255927695,247.34659,36.57109,9.88731
39831412,244.48483,36.7253,6.743
138279545,229.69751,36.448463,9.5158
148787439,233.68544,37.66873,9.77769
310518800,242.56998,37.49284,8.8336
39831609,244.48439,37.448147,8.73664
68875675,249.40854,37.309933,8.9081
57329912,252.17303,37.373142,9.24015
29413736,239.6012,37.827477,6.9413
310530900,242.73344,36.756218,8.9559
57256175,251.56004,36.68888,7.8555
68936604,249.98637,37.51772,7.968
57329721,252.0598,36.792374,8.451
255931697,247.77037,37.279686,9.25907
57192926,250.7676,36.509644,5.4224
198307593,230.37819,37.32368,9.9959
57158024,250.26909,36.2012,7.06522
39834753,244.81934,36.673786,8.86898
82612123,256.50006,36.878246,9.4986
82612463,256.45877,37.60834,8.69355
39941078,245.89075,37.74642,9.62679
72838736,254.0899,36.559456,9.72762
57159008,250.28958,36.97609,8.7958
39948381,246.1671,37.901825,9.8593
41831098,233.40642,36.47817,9.04
29394690,239.13284,37.361042,8.0187
148821743,234.41266,36.069332,8.2351
148821792,234.42389,36.292408,8.11892
41743543,233.17409,37.454517,9.7054
41831052,233.36575,36.70582,9.8029
57297820,251.73824,37.738235,8.933
57298251,251.62549,36.570812,9.7956
24078050,240.75052,36.912113,9.8527
29326125,238.12958,37.40732,9.4162
29326457,238.19043,36.065174,9.9014
57189720,250.5973,37.417675,9.1173
72771454,253.45543,36.872604,9.54788
287054676,236.19637,37.15827,8.37138
72771140,253.46333,36.000908,8.78778
82356510,254.40257,36.61187,9.89247
82356602,254.44145,36.385544,9.8864
41743658,233.19763,37.921898,9.31984
29387476,239.11404,37.50903,9.4747
148821302,234.20976,37.580387,9.7386
405544601,256.86737,37.704784,9.9613
1101791614,230.81828,36.308693,9.9864
82356959,254.45563,36.4197,9.38273
57255217,251.33768,37.757397,9.2113
57157544,250.09776,37.037643,8.32907
405528112,256.677,37.73359,9.61958
82356800,254.4621,36.019768,9.35915
43275249,252.64024,37.090042,9.9981
41717215,232.72774,37.6344,9.4505
41740701,232.97482,37.54528,9.4472
392387782,248.811,37.02213,7.9963
43275348,252.70093,37.346195,8.42081
458716526,253.2026,36.46658,9.33165
41717460,232.84297,36.61661,5.8903
392387755,248.8537,36.91236,8.0981
392387227,248.64641,36.40674,8.9619
392387516,248.82721,36.248398,9.70999
392388042,248.86842,37.77061,8.69654
57328771,251.90735,37.560223,7.24312
43274876,252.6888,36.06089,8.96929
82553946,255.69046,37.524643,9.09417
198310818,230.78232,37.927227,8.282
29398285,239.58235,37.21373,7.77129
286211383,243.24637,36.012344,9.9787
321542455,235.01723,36.498817,8.2417
310533997,242.76648,36.45426,9.3451
310561222,242.80177,36.021137,6.75842
310561463,243.00447,36.65882,9.2769
286211457,243.26143,36.28402,8.39576
29438628,239.91275,37.668438,9.9979
321576840,235.59903,36.383404,9.563
68874932,249.22615,36.912727,8.7032
82357520,254.50195,37.928764,9.61645
233487597,231.29002,36.21989,9.9359
255930827,247.68256,37.52639,7.9479
41712086,232.14235,36.129272,9.49759
321542859,235.12592,37.016987,7.18371
82455498,255.4303,36.70255,9.94594
82455673,255.35114,37.117744,9.77473
321542120,235.02547,37.818836,9.9625
458511864,242.09995,36.268658,9.88692
41695227,231.70854,37.294815,7.6442
41695273,231.7928,37.4002,7.8861
148819025,234.16527,37.349926,9.8595
39948979,246.14742,36.02756,7.5647
148819041,234.10909,37.376595,5.8976
24077640,240.50786,36.48959,9.74275
39900755,244.89291,37.970463,9.5181
198309975,230.72551,37.875587,8.142
24157663,241.9525,36.716263,8.9387
310506508,242.24295,36.490868,3.8442
138279137,229.4256,37.164604,8.589
20215454,227.43832,36.023155,9.5471
29237961,236.79767,37.682472,9.5183
392346794,225.16846,36.620953,8.3808
29237663,236.87617,36.357548,8.6561
29237842,236.85257,37.179615,7.04793
392320209,225.15596,37.40226,9.7994
20215391,227.3811,36.3777,9.9013
29260830,236.82489,37.987034,8.9864
39813932,243.6876,37.691257,9.55207
68899805,249.54453,37.144737,8.5425
321475737,234.55382,36.24686,7.41196
29397605,239.34462,37.325706,9.67838
321539588,234.76675,36.75432,9.0711
406811973,248.30809,36.44849,8.10567
82610861,256.33737,37.90174,9.4408
41711662,232.18465,37.883823,9.9419
321539372,234.77814,37.753746,9.76485
57161879,250.43304,37.715736,9.8462
334795235,248.9887,37.96725,8.4874
41712157,232.39047,36.077305,7.4765
39934599,245.59932,37.067448,9.823
41712308,232.267,36.662655,8.523
29266045,237.42404,37.549274,9.7205
39934753,245.71179,37.565655,9.5444
148815743,233.76924,36.7247,9.4737
24107219,241.54193,37.85074,9.50182
24107536,241.47206,36.599907,7.6699
24107553,241.45331,36.52822,6.57764
39830705,244.29712,37.805294,8.7062
41695062,231.71762,36.94234,9.0307
39830837,244.39496,37.29707,9.8576
39942055,246.00496,37.231426,9.6485
20301319,228.65054,37.512856,9.9966
148815619,233.87567,36.209618,7.8047
39830934,244.3908,36.92163,8.30904
148815779,233.7874,36.862198,9.0993
39830954,244.38084,36.836945,8.51664
20211442,226.86719,37.07377,8.3539
20211550,226.93054,37.654713,9.8706
29395522,239.19724,37.95836,9.4314
138293613,229.82872,37.7845,7.2809
138294378,229.85553,37.275383,8.2023
29414448,239.74963,36.941994,6.94297
321554256,235.33212,36.237865,9.5539
138294092,229.97275,36.1008,9.4558
138294239,229.9276,36.72424,8.8393
29414604,239.79733,37.54715,9.9888
138279114,229.45653,37.237995,9.9118
138293670,229.78923,37.537403,9.1607
29414619,239.78397,37.59654,9.9623
41714594,232.43825,36.689445,9.81754
41714706,232.53752,36.116447,9.59718
148822118,234.49174,37.620434,9.782
41830896,233.31306,37.201405,9.6725
29326287,238.18579,36.71572,9.099
39980538,246.61852,36.144222,9.40963
39949239,246.19461,36.662434,9.78759
29394672,239.01332,37.425804,9.58635
29395111,239.2332,36.212593,9.4871
29395206,239.24852,36.61328,9.92419
29326107,238.18808,37.48011,9.59611
20213584,227.29126,37.291332,9.643
24159203,243.17815,37.801056,9.71821
458512043,242.00757,36.97058,9.96713
20291901,228.10802,37.819004,9.27288
39948840,246.14891,36.52799,8.933
20291594,228.09132,36.35419,9.1459
39900775,244.9647,37.92431,9.0247
20291909,228.14272,37.858837,9.5903
24077581,240.6223,36.698624,9.8221
148818827,234.16672,36.557743,9.39169
148819089,234.16214,37.516132,9.22017
29287800,237.63515,37.83543,8.1924
29288056,237.51826,36.796494,9.72405
29288469,237.71472,36.647926,9.6857
138279781,229.66487,37.41188,9.6876
233465713,230.94594,36.11989,8.7008
458511889,242.029,36.36806,9.45282
138294465,229.92943,37.730434,9.8464
392320240,225.10995,37.29881,9.92742
406801142,226.01123,36.841015,8.4428
20215144,227.35431,37.621788,9.0644
29395087,239.23067,36.075657,9.73465
310533675,242.80945,37.417397,8.86181
39824874,243.88316,36.159847,9.70888
39934822,245.60971,37.74843,8.74633
20294115,228.38266,37.79655,9.6589
24087557,240.83069,36.631783,5.18399
24090190,241.18863,37.54081,8.0946
39827913,243.96133,36.55448,5.83067
39828043,244.09059,36.085007,7.3942
24080267,240.80174,37.119087,7.95169
29327017,238.34584,37.9323,9.5428
20213409,227.25615,36.206264,9.1819
286211466,243.34293,36.296494,9.6768
392386703,248.6455,37.995617,8.45473
334794629,248.96542,36.064182,8.37832
334794675,248.91374,36.190968,9.16156
39941992,246.0424,37.03879,8.1728
138293685,229.79668,37.48814,8.8312
321554450,235.4354,36.43648,8.36506
321554620,235.45262,37.048416,7.5521
138293586,229.7237,37.92976,9.3974
138279265,229.4425,36.577435,9.86255
321554591,235.42334,36.93275,9.71852
29414670,239.82892,37.78264,9.89489
406801175,226.05623,36.6829,9.1186
20215830,227.53172,37.690804,8.7305
20213588,227.24475,37.318558,8.1342
286211549,243.25623,36.636715,9.23295
28346678,224.84525,36.50114,8.92842
29326549,238.38782,36.13619,9.76641
29326594,238.26778,36.31243,9.4088
405528466,256.64746,38.646603,9.7337
1101571177,226.6333,38.985394,7.748
1101692518,239.19191,38.01169,9.9593
1101823901,234.00938,39.80243,6.8516
1101823902,234.0093,39.802715,6.6184
1270577967,256.64746,38.646603,9.7337
1200828917,243.30495,39.681355,8.5524
286212314,243.30495,39.681355,8.5524
29395546,239.19191,38.01169,9.9593
20204502,226.6333,38.985394,7.748
148817620,234.0093,39.802715,6.6184
255931915,247.73212,38.064476,7.131
41715332,232.68735,38.163494,8.024
85462992,257.89508,39.258778,7.86
286212230,243.20041,39.35997,7.91
257090523,248.05151,39.79224,9.22835
29364635,238.44043,39.6927,8.9571
29367848,238.59608,38.730453,8.13299
29367590,238.55237,38.159676,9.8002
39985475,246.75584,38.84317,7.7571
39981903,246.50938,38.353237,8.7472
39982196,246.52058,38.898285,9.8419
39982847,246.6056,39.97887,9.43622
39982309,246.50897,39.06073,9.64101
39978151,246.41454,39.5808,9.15137
334795482,248.93713,38.451046,9.3472
41690306,231.37369,38.145668,9.6192
41690513,231.42227,38.602325,8.7114
41693296,231.5366,38.633373,9.6777
41692730,231.52965,39.914326,8.5507
20239565,227.7922,38.950897,8.27331
20241004,228.00806,39.957657,8.6874
85519980,258.59857,39.116707,5.7778
20239631,227.88332,39.20886,9.9159
20239446,227.83102,38.606964,8.3513
20237433,227.67812,38.94526,8.6381
85598066,259.0616,39.75092,9.8251
459286438,252.81717,39.508957,8.70541
85378301,257.17752,39.270428,8.557
1200827381,243.19899,39.361145,7.9729
29236990,236.68214,38.32238,5.957
57297385,251.6576,39.05704,7.6318
405542785,256.76315,38.49452,7.01796
68872585,249.06946,39.451286,9.91183
72888626,254.26392,39.20441,8.6727
39982639,246.57982,39.58981,9.9921
29383745,238.77884,39.78273,7.9908
72888660,254.27158,39.10491,9.98581
72888585,254.277,39.305515,9.85822
82359972,254.71506,39.138165,9.0925
39949844,246.26836,38.505814,9.5098
82359789,254.59528,39.70994,7.56805
39950144,246.20654,39.422203,8.3453
72766061,253.2472,39.60557,8.99706
85458351,257.72583,38.56824,9.885
405528377,256.59976,38.44058,8.9333
405540799,256.6691,39.92855,8.9547
405540800,256.576,39.929455,7.84185
85408572,257.672,39.892307,8.7476
72765616,253.2686,38.337395,9.43242
72765662,253.39116,38.48573,8.52715
405540664,256.5482,39.547737,8.5786
85408583,257.6337,39.85195,7.1002
85408676,257.64825,39.674076,8.53439
85460810,257.88165,39.34994,9.17833
405528700,256.63705,39.22243,9.90536
82405532,254.76657,39.05657,9.3705
57254550,251.31303,39.72272,7.2213
406809625,248.16588,39.61134,9.6897
57332421,252.22147,39.12083,9.0583
405545264,256.8407,39.323116,9.961
85378543,257.2247,39.896347,8.4813
85517670,258.3634,38.985054,5.94777
24053777,240.30621,39.013985,7.2575
24053814,240.34161,38.8833,8.5822
57332541,252.2437,38.820583,9.01273
85462995,257.90015,39.257133,9.94852
72839378,254.00587,38.226578,7.5083
85460692,257.74344,39.078598,7.4351
85460873,257.84796,39.46939,8.9275
68901374,249.7674,39.94848,9.3887
72888698,254.22357,39.00505,9.67169
82604045,256.13306,38.27324,9.9288
85460516,257.77014,38.64434,9.8887
57192229,250.69342,38.51486,9.7049
57192070,250.72401,38.922256,2.6462
72808779,253.67255,38.45248,9.8401
82405219,254.8059,38.12061,9.9846
82405525,254.80458,39.04358,9.8248
20302086,228.7357,38.30111,6.772
29383937,238.7146,39.076385,9.699
334781700,248.58633,39.618683,9.6858
43273804,252.50078,38.85685,9.544
29383903,238.80405,39.19578,9.8452
29385712,238.96487,39.66878,9.0599
29385746,238.91689,39.78488,9.9173
29385757,238.97859,39.80492,9.8673
41715408,232.56096,38.4884,9.06248
406800573,226.0313,39.62513,8.6782
85603327,259.28247,39.968277,6.55806
39981716,246.61519,38.02907,9.9406
68937336,250.01588,39.759075,9.2987
405528383,256.5395,38.44466,9.2274
29395775,239.19754,38.92306,9.9907
57392877,252.48581,38.421074,9.07358
29395983,239.29228,39.809177,9.7013
39948205,246.06836,38.47829,6.3718
57393164,252.42548,39.24266,7.6702
85515215,258.31628,38.84698,8.1321
57393179,252.3529,39.276245,8.4377
40049905,246.79561,38.12364,9.6173
321599152,236.0236,39.208527,8.8295
29265006,237.30362,38.634663,9.7319
57254708,251.40657,39.15046,6.6675
57299390,251.8467,38.684372,9.5936
39835603,244.74506,39.72332,9.3038
39833524,244.626,39.39084,9.8289
255927049,247.24863,39.07769,8.7943
82359880,254.68045,39.42069,8.802
85512716,258.1468,38.696323,9.8668
20304494,229.08229,38.575417,9.9211
321590498,236.01393,38.950317,7.5368
321599207,236.09628,39.43062,8.0816
321599245,236.00764,39.573864,5.8321
57254650,251.38007,39.383045,7.4276
310533020,242.76443,39.57361,9.4012
39833652,244.5548,38.942684,8.6331
39833824,244.56747,38.2753,7.9443
82360094,254.67575,38.879807,9.2617
85515013,258.1932,39.313683,9.1277
40049888,246.80864,38.09195,8.0943
85404281,257.312,38.175728,8.3115
41699412,231.72676,39.114838,9.6102
321588796,235.86778,39.303802,9.2642
321589002,235.90933,38.466095,8.9847
334781653,248.57603,39.765476,9.2417
43273883,252.5111,38.655716,9.892
43273925,252.57834,38.529793,9.50108
82407716,254.94899,38.80911,9.3533
148787005,233.62569,39.45653,9.0747
82452172,255.18216,39.84273,9.7139
43273940,252.5027,38.482662,8.5677
85404107,257.39734,38.632465,9.7629
85406435,257.54297,38.736324,6.7604
82407593,255.02257,39.100636,6.34285
24053804,240.23924,38.908043,9.8165
85406837,257.5498,39.660286,8.9418
85406568,257.50558,39.03767,9.8531
57232945,251.25867,38.7082,8.9397
40050443,246.81004,39.88873,8.4411
257091304,248.10472,38.49145,9.8261
233466546,231.17334,39.64888,8.8639
310516608,242.32454,38.55164,9.8563
39933176,245.57494,39.352306,9.7817
57229312,250.94806,39.83654,9.91705
39778294,243.4067,39.746883,8.5831
198309589,230.65572,39.581463,4.0477
198309602,230.66762,39.518826,9.9567
198309606,230.62291,39.513557,7.778
29438410,239.92416,38.49455,7.6714
39778260,243.36517,39.824425,6.06836
39978523,246.4085,38.819168,7.3506
310516656,242.32076,38.66677,9.5846
255927112,247.32478,38.73837,8.9624
57229336,250.90903,39.917553,9.2744
138296078,230.1128,38.426773,9.1523
29236797,236.72,39.209763,7.8625
29236881,236.61343,38.850304,7.2958
82553157,255.6462,39.606216,8.6521
29237029,236.62978,38.12613,9.3459
257090553,248.07906,39.73828,9.4339
24053618,240.2874,39.602573,9.8493
24156975,241.749,38.034153,9.80728
57392936,252.45876,38.587444,8.40594
85514991,258.25644,39.360313,9.751
233466247,231.05357,38.151924,8.3601
233466259,231.07706,38.187675,6.70305
29395786,239.21953,38.970936,9.96297
39948123,246.13977,38.7987,9.75464
41701790,232.06688,38.0106,8.2247
20305755,229.21518,38.247787,9.2508
57301238,251.9537,39.51899,9.9319
85377761,257.1646,38.03531,9.3816
85377788,257.1712,38.110374,8.3562
41701869,232.04218,38.362267,9.63457
233466463,231.10632,39.268177,9.9905
41715700,232.57236,39.69567,8.19304
316416242,236.50511,39.110474,8.3681
24158098,241.91005,38.778347,9.2822
334782071,248.53021,38.3702,9.7102
39836835,244.89313,39.69101,9.83769
316416151,236.55656,38.742218,8.7497
316416276,236.55106,39.212563,8.68901
316416473,236.57776,39.97531,9.64327
20204436,226.65376,38.625237,9.7123
20204441,226.67096,38.645096,9.7271
20204571,226.64662,39.37555,9.9069
24088678,241.07742,39.74536,9.8935
39940591,245.81126,39.18306,7.6337
68900931,249.6484,38.326447,7.8014
255933846,247.98502,38.85834,6.5562
29412316,239.46638,39.836834,9.5588
24079703,240.90663,39.659824,9.1969
255933742,247.95096,39.20542,8.88855
39828819,244.17725,38.645023,6.3116
82456388,255.40498,39.000946,8.7513
82511153,255.46385,39.717213,7.2919
459286780,252.88963,38.5166,7.56088
255932196,247.75198,39.122066,9.6346
39813813,243.66016,38.1249,8.6787
255932323,247.72313,39.473667,9.9458
41740845,232.92728,38.094955,8.0186
148787029,233.60367,39.372158,9.6311
68936802,250.08133,38.17046,9.2357
68936951,249.98723,38.619785,8.6641
68937363,250.00859,39.833336,8.7192
29288879,237.66527,38.2543,9.0003
39813461,243.72713,39.354137,8.4966
39831775,244.53479,38.033634,8.3638
68899042,249.51678,39.57722,5.76311
68936811,249.9409,38.196613,7.35647
310533026,242.7583,39.54983,9.69445
85513043,258.10916,39.53812,9.2872
255926809,247.35855,39.90442,9.4049
72837015,253.88213,39.657005,9.8491
406809757,248.16345,39.98001,8.7919
82405199,254.79518,38.06444,9.3418
310562268,242.90079,39.34821,9.498
72836929,253.84239,39.85614,6.9779
310562185,243.02727,39.055527,5.30284
310561980,242.90526,38.341255,9.9111
82453747,255.22612,39.544014,7.1733
82405301,254.85503,38.35624,7.8739
39933199,245.55501,39.2739,8.2458
57301193,251.92207,39.678802,9.475
57301292,251.92975,39.372448,9.6207
43275720,252.71667,38.335346,8.5737
458717122,253.08907,38.093517,9.6388
85403643,257.33096,39.881763,9.9228
41714160,232.45451,38.534374,9.4038
41716800,232.75919,39.270203,9.8195
41740861,232.85248,38.178818,9.0767
39933482,245.48836,38.29279,9.3959
57161647,250.50856,38.399384,8.6967
57191841,250.71593,39.62821,9.7247
392388153,248.79012,38.07759,8.76834
20305658,229.11456,38.790253,7.43536
41741137,232.933,39.295837,8.7244
57301262,251.89592,39.445732,7.02991
82553382,255.67082,39.012867,9.8641
85404188,257.31195,38.389378,8.8478
255908723,247.1606,39.082382,9.05215
29384162,238.73405,38.04728,9.8427
29264768,237.33212,39.67423,8.4389
138278598,229.46597,39.656742,9.2771
29324292,238.01024,38.56594,8.74
82610022,256.30606,39.952118,9.5925
82357713,254.51888,38.42513,9.5769
39827314,243.98622,38.634266,8.4113
68876054,249.36212,38.50751,9.8351
68899332,249.55376,38.554153,9.977
233467420,231.31526,39.591988,9.3063
68874157,249.23566,39.359455,9.5211
68874456,249.25662,38.32917,9.10058
68875924,249.42186,38.016033,9.0713
255928942,247.52805,39.601967,9.2056
255930279,247.61893,39.550594,9.3439
82359846,254.7063,39.541576,8.9075
29290290,237.8871,39.735943,6.3343
68874304,249.22594,38.84816,6.5112
82599407,255.93219,38.58672,8.3757
82599600,255.82768,39.08104,8.7088
82608436,256.10843,39.598938,9.16478
82357743,254.584,38.497726,8.68486
85599714,259.15332,39.950905,9.738
198309534,230.65848,39.88733,9.95771
85406516,257.58044,38.9065,9.70044
57299190,251.86342,38.064705,9.90416
57232909,251.1671,38.62321,8.0436
24053615,240.28806,39.603283,9.6785
85406474,257.46008,38.8105,9.116
57233025,251.28203,38.977005,9.5179
39949719,246.20503,38.15292,8.50265
57230667,251.10754,39.684364,9.4482
39904086,245.24193,38.6336,9.8766
20304556,229.04158,38.869423,9.541
24053597,240.26361,39.718094,9.6782
29289273,237.74287,39.87639,8.3811
68872344,249.08896,38.66151,9.8722
255928963,247.44751,39.684795,9.79286
39931813,245.35402,39.60246,9.3895
39940973,245.7755,38.032288,9.87
405544774,256.87497,38.172413,8.1164
57233071,251.15662,39.143387,7.6427
39931633,245.39297,38.938927,8.2087
85408541,257.72534,39.969547,9.7877
57297360,251.70047,39.12052,8.2475
255906861,246.94748,39.354183,9.1314
458717327,253.09758,38.691177,8.8603
316414844,236.43433,38.35762,9.8102
39950085,246.33777,39.206615,9.7135
255908692,247.17245,38.956715,8.9629
41743836,233.19244,38.661278,9.3067
39827029,244.0824,39.740025,8.58546
287054954,236.23068,38.28871,8.834
255908948,247.13695,39.776665,7.97724
82613169,256.49686,39.382412,8.3644
287054938,236.22473,38.240795,9.3895
29383823,238.79147,39.473392,9.89131
57255028,251.36949,38.355713,9.5757
39828770,244.24164,38.478767,8.5598
41701867,232.04109,38.36057,9.20667
39829106,244.2422,39.76131,9.2874
24076780,240.62532,39.92473,7.9537
41711341,232.22647,39.29997,9.2419
310561992,242.9896,38.368683,8.56301
57255038,251.34717,38.33195,8.567
82451834,255.13306,38.908344,6.45909
405528570,256.5967,38.88738,9.9635
405528593,256.61316,38.96719,8.1323
82348580,254.41785,39.716858,7.9894
82355904,254.43695,38.101448,8.60787
29236700,236.6049,39.64345,9.39548
57229026,250.97261,38.894066,9.1436
39938666,245.73325,38.071213,9.4148
29266563,237.38048,39.571636,5.6271
41699485,231.7875,39.49319,8.83976
85463294,257.89478,38.442753,9.18777
85463108,258.0085,38.914818,9.0279
82407313,254.91103,39.851288,9.6567
29287680,237.56683,38.3303,7.5663
138295932,230.0463,39.159954,9.3533
138295941,230.09555,39.11526,8.9726
406798366,225.65013,39.13284,9.0942
321543259,235.20093,38.583298,8.6036
321543295,235.1888,38.718582,6.305
321543473,235.17249,39.533318,8.6527
85375602,257.11362,38.951164,7.898
85375787,257.0128,38.464176,9.1421
233465092,230.99652,38.725616,9.7227
29415169,239.78021,39.742363,8.5504
20182249,226.1687,38.092712,9.9336
233464918,230.91512,39.6357,9.9688
287055309,236.24738,39.66464,8.874
459288519,253.08212,38.251503,8.2288
82355870,254.3263,38.190586,7.6088
20211957,226.9468,39.93289,8.787
20211894,226.98778,39.58464,9.9474
459288783,253.08693,38.928738,9.023
255932303,247.72128,39.411392,9.87049
57392937,252.37569,38.59122,9.23674
39813741,243.7742,38.380432,9.9522
321553685,235.35928,38.55739,4.2899
39939041,245.61778,39.510426,9.44918
57189976,250.63512,38.093307,9.4845
57192304,250.73775,38.270966,9.62224
29413406,239.64851,39.24089,8.7989
406811246,248.32025,38.92231,9.40196
39825688,243.94337,38.9805,9.1579
406811189,248.38803,39.082317,9.08582
72808690,253.6787,38.690125,8.66283
41711573,232.10161,38.24303,8.4358
148817986,234.02838,38.263523,9.2963
40049881,246.92062,38.066914,9.5619
29397065,239.30359,39.447544,9.6808
321540626,234.85228,39.42288,8.008
82610321,256.2494,39.16454,7.8624
321476487,234.62444,39.216652,7.9675
39813524,243.74635,39.163815,8.9821
29397018,239.37427,39.695087,5.37441
29397397,239.42433,38.070885,8.7752
148817971,233.95497,38.373924,5.1801
321476176,234.53825,38.028046,6.5428
40050395,246.89664,39.73088,8.8863
406811525,248.4049,38.004433,8.6534
82610629,256.30557,38.432835,8.8256
29395641,239.1938,38.36643,9.8919
57110590,250.23305,39.972717,8.7199
20294200,228.39825,38.264698,5.13572
406798421,225.7531,38.86589,7.8587
41830242,233.39374,39.94245,8.1026
57190189,250.67152,38.71312,9.686
43276273,252.72122,39.823563,9.6019
41830276,233.32195,39.7937,9.9185
41830335,233.3039,39.537895,9.87058
72839450,254.04953,38.379623,8.82655
39836825,244.97975,39.708584,5.0943
39835370,244.80482,38.793667,8.50554
57232881,251.184,38.526764,9.85853
39982142,246.5275,38.78123,9.97659
20302321,228.72745,39.516453,9.6978
57161187,250.42601,39.802616,9.7873
20216058,227.47397,38.97821,9.529
20305670,229.15558,38.717102,9.45764
41741032,232.94144,38.88409,9.24226
41713867,232.5231,39.90905,7.144
41741230,232.93488,39.678875,7.0375
29387003,239.02954,39.429398,7.4367
310516591,242.43352,38.487453,8.2561
43275652,252.72655,38.150368,8.2092
85404226,257.39865,38.293488,6.9196
41741127,232.93808,39.25956,9.1656
39830245,244.30305,39.512928,9.45462
39830391,244.30298,38.99601,9.01291
39933002,245.55847,39.88097,9.37603
57328561,251.9991,38.204803,9.36952
82405292,254.78389,38.319134,9.26241
72839982,254.05049,39.806736,9.04157
82405725,254.81396,39.529583,9.84435
406809760,248.17006,39.987247,8.68406
406811493,248.42426,38.091064,6.1363
82453823,255.3014,39.34512,9.58306
406809713,248.20357,39.865135,9.7155
82405779,254.75027,39.67368,9.81535
82553490,255.71407,38.697136,8.6155
85404142,257.3423,38.53714,9.31312
406797284,225.50644,38.927074,7.63229
138294841,229.90996,39.668095,8.72054
57228990,250.85402,38.787834,8.7932
57229160,250.8999,39.334175,8.9981
316414730,236.30093,38.86565,9.1124
41742295,233.10796,39.38207,9.0288
41742462,233.00328,38.741116,9.4569
255906717,246.99284,39.868526,9.95165
287055037,236.20613,38.560417,9.8872
85519844,258.54285,39.395966,9.74679
392386454,248.59933,38.71562,9.41948
392386478,248.71179,38.627,9.3486
29325712,238.24495,39.21123,8.6138
392386393,248.61548,38.915134,8.0489
39942488,245.9898,38.64175,6.924
29325685,238.19579,39.30992,9.916
334796054,248.95781,39.54317,7.88546
57254768,251.43434,39.00062,9.16296
57255031,251.34149,38.346725,8.87901
57230955,250.99884,38.775288,9.71365
459288785,253.04219,38.93792,8.78689
20303332,228.93748,39.05576,8.90283
287055311,236.27766,39.668507,9.8137
255933707,247.90523,39.357895,9.69568
57161247,250.41309,39.64996,9.09308
20182165,226.18134,38.60523,7.0166
41701925,232.07112,38.623196,9.2199
29438090,239.95515,39.82032,9.0428
310518422,242.47435,38.81241,8.69481
29438236,240.03305,39.28598,9.45405
29325729,238.19505,39.119583,9.5585
20304524,228.98158,38.71259,8.32423
24053730,240.22894,39.177517,6.66026
392388450,248.7887,38.975666,8.3196
29289124,237.68735,39.22025,9.2859
41692761,231.53021,39.828293,9.6713
24108339,241.6346,38.787098,9.675
20292091,228.09602,38.987576,6.85441
310531583,242.6768,39.16064,7.43761
310531668,242.73639,39.44755,9.8579
148819478,234.08368,38.85945,9.6116
148819616,234.06734,39.35364,8.8186
148820839,234.24045,39.32634,9.8938
57297293,251.69615,39.285896,8.0728
57297343,251.607,39.17247,8.9354
24108307,241.62334,38.63224,7.6677
29290510,237.86748,38.836143,9.76178
68874045,249.32541,39.742767,9.69893
68874361,249.24849,38.65608,8.95014
255930614,247.62341,38.34731,7.6262
255928834,247.48141,39.24871,9.81496
138294633,229.92342,38.50841,8.7689
233467632,231.20306,38.528603,9.05282
39827406,244.05571,38.377792,8.6008
82551016,255.58076,38.350773,9.14142
20293190,228.31047,38.66536,7.1604
138294667,229.89867,38.638428,9.6594
39829015,244.21043,39.372654,9.0678
29261067,236.81096,38.99755,7.614
29261201,236.83073,39.683853,9.2237
39830257,244.31047,39.47309,9.1419
29261031,236.7537,38.88682,9.4717
82602091,256.0374,38.214195,8.46062
57297132,251.68552,39.826958,8.686
41700427,231.94221,39.986767,9.3535
20182002,226.18669,39.53581,9.4189
20203295,226.55199,39.67456,8.6367
29267836,237.6021,38.821613,7.7587
29267877,237.5563,38.62823,7.7862
20212683,227.05678,39.667736,8.16732
57231062,250.9993,38.480297,8.5437
20183086,226.3028,38.615143,8.1794
39947927,246.06848,39.387344,8.7715
39947934,246.1673,39.370018,9.643
43275972,252.74332,39.027622,9.23351
148822248,234.45259,38.13081,9.9095
41830589,233.32784,38.458065,8.2463
39948126,246.09975,38.78962,9.4978
43275921,252.70966,38.876625,9.76946
57190166,250.55276,38.64648,9.9942
43276081,252.66702,39.302128,9.88811
43276107,252.64258,39.3815,9.97622
20301032,228.5414,38.98259,7.6712
286212411,243.31538,39.99232,8.5397
24079756,240.86789,39.4161,7.9944
286211990,243.26704,38.341118,9.6021
29327414,238.3356,39.46848,9.655
148816368,233.81216,39.010063,3.47189
321576068,235.6597,39.516773,7.563
29439653,240.14172,38.066204,9.7712
39825807,243.93321,39.38448,9.0715
41699270,231.69582,38.41839,9.4314
148816436,233.81744,39.239918,9.5474
29411953,239.46913,38.481644,9.947
148817611,233.98569,39.83112,6.8029
68899241,249.6305,38.90948,8.89073
41711473,232.13033,38.72373,6.3058
321476328,234.57956,38.567707,8.84864
20241419,227.9894,38.671932,8.45918
20241421,227.99997,38.670113,8.32345
39813410,243.74214,39.585514,9.09297
39813589,243.68312,38.899605,9.36637
29263845,237.04941,39.996628,9.19462
406811502,248.29791,38.071312,8.5813
40050248,246.93869,39.296734,9.36358
68900943,249.78731,38.344986,7.3077
20239790,227.82655,39.833992,9.9337
57257268,251.50632,39.83326,9.72164
41699576,231.67155,39.889782,9.6596
148816561,233.84166,39.702168,9.7278
24156768,241.83736,38.82948,7.4444
24156834,241.76901,38.597034,9.6253
24159392,243.06888,38.736195,8.2282
138280032,229.55315,38.657604,9.0454
138280004,229.5871,38.55756,9.65887
20214849,227.33429,39.43018,8.68011
20216056,227.47563,38.975826,7.8054
39829033,244.14233,39.46232,9.4409
29261207,236.76086,39.702747,9.31367
20292213,228.07404,39.65578,7.7772
148820845,234.24669,39.293526,9.0267
57297365,251.70929,39.1052,8.23522
310531774,242.65123,39.787136,9.85499
57159600,250.26366,38.723602,9.37215
57297633,251.62207,38.4104,9.61942
29266218,237.356,38.267834,8.9258
29266514,237.42694,39.394455,9.01392
20299889,228.38554,38.56821,9.4967
57256983,251.51276,38.95276,9.3164
29267591,237.55342,39.97873,9.8449
57256719,251.46469,38.1761,9.77571
1200849238,244.98062,39.70808,9.4492
20183307,226.33388,39.953762,9.1286
310562403,243.01216,39.801952,8.16236
321553459,235.37888,39.374844,8.3617
321554897,235.44778,38.01881,8.7571
29414993,239.75963,38.97292,8.8638
316416317,236.59499,39.37363,9.9669
29325775,238.09894,38.966125,8.99351
29325539,238.11894,39.977757,8.89217
29324500,238.0673,39.476425,9.872
39942754,245.89893,39.69758,9.84562
24156676,241.8432,39.15591,7.9031
29395642,239.15424,38.367798,8.8588
20205346,226.72565,39.60857,7.6654
20211726,226.98958,38.649883,9.7074
20237270,227.65439,39.49143,9.1381
138278545,229.44981,39.88828,8.2313
20213964,227.25926,39.426334,9.4768
286211913,243.30385,38.07242,6.769
39811789,243.61461,38.177498,9.8991
29327509,238.37984,39.864258,9.97276
138280228,229.65642,39.60941,8.1628
20300962,228.52663,39.311172,9.9666
39832130,244.43362,39.240303,9.468
29415077,239.84943,39.291943,9.63299
138293473,229.80002,38.412518,8.93429
321553754,235.25339,38.281487,7.824
321554914,235.41183,38.09241,9.9579
321555240,235.4324,39.398426,9.89051
406800507,226.03654,39.949566,9.51652
406800637,226.06604,39.208405,8.9085
406799515,225.93198,38.499966,9.6781
198311040,230.80997,39.130726,8.57158
321576335,235.5494,38.40682,9.1172
198311034,230.82831,39.110344,9.8822
321541586,235.04678,39.982265,8.7914
29438318,239.9995,38.920296,8.4394
29438350,239.92117,38.73993,9.6315
321576112,235.5569,39.299953,9.52251
20299903,228.3695,38.674374,9.03509
29266225,237.39568,38.326145,9.16503
39938711,245.72533,38.25801,9.955
20299912,228.48923,38.72081,9.98692
20215961,227.52827,38.4287,9.0931
20215938,227.58171,38.304516,9.69833
1101868409,226.25108,41.109444,6.6913
1101774189,239.36177,41.661076,9.78571
1101774190,239.36208,41.661896,8.99075
1270663712,253.25513,40.748722,9.19026
1270663715,253.25578,40.748405,8.86535
1101839091,231.8294,41.50276,9.8945
1101862696,229.77576,41.733208,7.03952
471011913,229.77576,41.733208,7.03952
72766442,253.25578,40.748405,8.86535
20181748,226.25108,41.109444,6.6913
29396562,239.36208,41.661896,8.99075
29396563,239.36177,41.661076,9.78571
41700113,231.8294,41.50276,9.8945
198311260,230.89175,40.37769,9.103
57160771,250.54053,41.195293,6.257
39982984,246.6464,40.314106,9.273
156072638,236.96936,41.988853,9.413
39836126,244.8102,41.659348,7.715
57110350,250.13113,40.34497,9.92542
82347863,254.2925,41.744713,9.59
257090325,248.13814,40.113377,7.1271
39983205,246.58952,40.809486,5.95774
39982970,246.52043,40.278088,9.8698
39984675,246.6447,40.314137,9.882
334796372,248.92699,40.144646,8.0616
334796534,248.90742,40.38067,9.3774
321552918,235.36972,41.634075,7.2223
41691851,231.45285,41.840717,7.7894
20240432,227.99466,41.78761,9.36065
20240654,227.90244,41.04511,8.68397
20239877,227.84093,40.139942,8.9743
101766667,260.25058,41.36362,6.7476
459999338,259.82544,41.93376,8.7639
459307139,253.07774,40.820084,7.904
459307172,252.99422,40.92292,8.0706
101767077,260.42725,41.441902,9.29747
85586262,258.8008,41.861435,9.94507
85407251,257.57718,40.68994,4.22089
115585012,254.61417,41.956326,7.7365
101719893,259.96964,41.713806,9.18202
82601180,255.94952,40.575893,9.5297
82601221,255.99785,40.470676,8.8732
85408122,257.66266,40.984097,9.1791
115519723,253.84283,41.87468,7.13926
85378601,257.15747,40.031853,9.2166
219492152,243.51643,41.98329,9.8471
72840664,254.10985,41.622917,9.1282
72840403,254.13333,40.940804,8.76225
85461251,257.84497,40.26002,8.7253
85461329,257.88193,40.440945,8.9351
72840332,254.00133,40.703564,9.24853
85461580,257.77548,41.065502,8.23237
85599523,259.16248,40.402527,9.1185
72888247,254.24854,40.178337,7.985
72888272,254.14218,40.104378,7.01891
82609096,256.10196,41.381283,9.2942
82347905,254.38625,41.611626,9.9025
68872857,249.07227,40.38281,8.4497
57296913,251.612,40.564163,8.3049
101720131,260.09503,41.470314,8.6004
85408221,257.7273,40.730156,9.4479
68873192,249.15897,41.388393,8.40987
39833255,244.66893,40.469395,9.21293
68873454,249.25383,41.583607,9.63103
72807480,253.4011,41.641483,8.0961
72840956,254.21614,41.484875,9.6993
24053466,240.21399,40.274475,9.8057
405542209,256.75992,40.046326,9.72567
57257428,251.56801,40.286278,8.5423
85703699,259.31085,41.86767,9.0129
57257376,251.44537,40.125713,9.54187
82552060,255.6246,41.195164,7.6726
85462527,258.02502,40.405857,8.3828
405557056,256.9445,40.516064,6.3169
82552101,255.57898,41.296906,8.91573
72836585,253.91855,40.846786,9.51227
405557455,256.95435,41.546787,9.15853
255909448,247.16061,41.88167,1.4531
57230458,251.01562,40.41921,9.7909
101675329,259.65967,41.54808,5.5598
255926693,247.28433,40.369293,9.8183
68873867,249.23723,40.280777,8.8316
29383626,238.80171,40.19976,9.0502
82710238,256.4828,41.11431,7.4682
82406843,254.9607,41.18729,7.6939
41716096,232.60474,41.554737,9.4044
406800361,225.962,40.715343,9.8039
41715990,232.65671,41.05483,9.9426
39835741,244.74579,40.18714,8.7105
406800488,226.08153,40.069126,9.1638
41716245,232.72256,41.697716,9.744
68872892,249.15562,40.473312,8.2414
82453017,255.30643,41.539955,9.4137
82453469,255.32414,40.31437,8.7516
41699933,231.7874,41.553566,7.9884
233651496,229.2355,41.992683,8.5542
29396418,239.20361,41.57159,8.04041
39947066,245.96838,41.586643,9.8298
39947162,245.98013,41.873093,8.1926
148835369,234.45667,40.353436,4.464
198306876,230.34262,40.85601,9.6052
417571547,240.40065,41.90948,9.495
198307010,230.38576,40.16419,7.4328
101805779,260.48672,41.645153,8.1806
20292894,228.27785,40.412666,9.89604
57296933,251.72058,40.48775,9.144
82347938,254.34544,41.51263,9.1323
101767246,260.3269,41.03724,9.62424
198311259,230.8308,40.371376,7.7077
68898573,249.59872,41.33863,9.2502
57109549,250.14131,41.685547,7.6108
57331638,252.21318,41.54829,9.8587
82552247,255.55067,41.676266,9.9521
57109721,250.23395,41.421337,9.8519
57331730,252.29575,41.251675,9.352
82552861,255.69376,40.43639,8.6806
1200773710,248.1384,40.113194,7.5854
82453264,255.21179,40.84212,9.474
85378700,257.17496,40.298138,9.8481
321587755,235.75803,40.523426,9.8203
334781569,248.47255,40.01009,8.424
334781021,248.55069,41.790092,9.4957
43273213,252.49059,40.66097,8.0505
82552305,255.52512,41.825092,9.8661
82452404,255.12396,40.458576,9.19781
101872764,261.1407,41.868458,9.0764
20304970,228.97052,41.152363,8.56
29261662,236.97803,41.869797,8.4453
29412473,239.49922,40.443996,9.0334
20204709,226.56186,40.2198,9.8347
57190678,250.68199,40.265167,8.4502
255906549,246.97641,40.55189,9.1055
255906648,247.00269,40.163174,9.91311
72808217,253.56012,40.025936,8.692
29412662,239.55164,41.365894,9.0339
219501405,244.59846,41.988922,9.7196
255906678,246.98674,40.035717,9.8417
72807819,253.5507,41.154835,9.9538
20204889,226.60927,41.418907,9.4814
29412780,239.46675,41.876804,9.9405
85586181,258.7477,41.81957,9.0211
255933172,247.87584,41.391914,8.3649
406810369,248.37576,41.867676,7.3233
82552593,255.70465,41.22623,9.7157
41692482,231.64252,40.59481,8.00027
24053459,240.25433,40.294548,8.6427
24055923,240.34819,41.796196,7.1856
72807004,253.44441,40.128563,9.4843
72807965,253.67772,40.708805,6.8548
82599979,255.86644,40.076412,8.4589
82600644,255.81992,41.897434,7.20341
72807528,253.42145,41.80131,9.522
458718164,253.14069,41.094547,9.1251
72766424,253.37227,40.69977,9.3072
39932311,245.34784,41.4351,6.97358
85407461,257.47952,41.245884,8.8369
39947718,246.04399,40.139015,9.6949
39946960,246.00261,41.246037,9.70459
101766586,260.21494,41.146988,9.9959
101766871,260.2482,41.955624,9.4204
39778133,243.46436,40.348812,7.08596
39778008,243.34352,40.89124,9.0347
39778079,243.40007,40.58803,9.1909
101675304,259.68445,41.481194,9.2618
198309081,230.58354,41.671833,9.5351
41713415,232.29652,41.856945,9.6481
255926656,247.32333,40.530075,9.9869
275037508,258.3811,41.926785,9.7689
39777988,243.35527,40.961494,9.67831
198308994,230.50746,41.370754,8.8211
82359373,254.68677,40.896957,9.8133
255926349,247.30899,41.72312,8.6379
82359031,254.6736,41.863117,8.2943
82359531,254.68921,40.46478,9.7095
24233297,243.06833,41.243717,9.4201
157376230,238.54857,41.95069,9.9045
255909268,247.1657,41.012196,8.7397
29264267,237.20708,41.955906,8.3763
41742127,233.04605,40.078274,8.753
316414425,236.33405,40.190784,9.8944
39950647,246.27756,41.116158,9.3946
459307180,252.96895,40.934372,9.5452
85374987,257.00986,40.614002,9.5448
116383103,231.32083,41.99431,7.7626
41829611,233.1572,40.850895,9.0061
68934644,249.85239,40.15298,8.19578
459307206,252.97316,41.032074,8.54911
459307286,252.99417,41.283993,8.3874
20302870,228.86111,41.49011,9.4018
148817548,233.89961,40.118065,8.9495
39826559,244.07777,41.694473,8.2561
39983361,246.55894,41.088223,9.1408
20302806,228.8153,41.852478,8.842
82406608,255.01158,41.891666,7.9161
82710066,256.45374,40.611004,9.5787
82358342,254.52701,40.01749,9.8315
116482417,232.96123,41.991802,8.987
138257293,229.29066,41.092762,9.7167
138257331,229.26639,41.28566,7.7862
82358908,254.47212,41.656742,9.2558
321476706,234.49785,40.02425,9.8629
29263960,237.19508,40.532513,8.3514
29264142,237.07661,41.37153,9.4972
24105931,241.35187,40.34047,9.5217
29263976,237.13382,40.614784,9.1805
24079328,240.91129,41.38316,9.8182
24089373,241.12196,41.039436,7.8126
24106189,241.289,41.561882,8.661
57253726,251.2457,41.445004,9.888
57296728,251.69286,41.15635,9.5685
57296731,251.67041,41.144115,9.4623
82609454,256.38556,41.569927,9.2865
82609801,256.34232,40.53363,9.937
29264118,237.13914,41.23336,9.3098
39826324,243.86218,41.32412,8.3577
85379733,257.38852,40.777046,3.9504
85379805,257.29163,40.614006,8.166
20236786,227.61797,41.127117,9.367
41741734,233.12228,41.825607,9.4331
148786582,233.61028,41.38833,9.8245
39832433,244.47989,40.322483,9.4334
148786359,233.52142,41.534348,9.38206
57300335,251.75356,41.589565,8.6464
57393527,252.39336,40.28366,8.9833
198311416,230.88873,41.04714,8.6348
68898700,249.53317,40.950245,9.2124
148786151,233.50978,40.516296,8.3339
29289444,237.79092,40.625946,8.2419
68898699,249.62308,40.951607,9.7054
57300356,251.82721,41.65351,8.988
41713666,232.46312,40.821125,9.769
39829979,244.25171,40.598717,9.6467
392400919,248.87962,41.533066,8.309
39932864,245.54335,40.386623,8.4678
57254055,251.31534,41.374638,7.7167
41713698,232.40059,40.6959,9.2778
41741489,232.94576,40.89932,4.8775
39932967,245.56421,40.035408,8.6552
41713455,232.53535,41.85766,8.9843
29386816,239.03242,40.10551,8.2016
39903426,245.2638,40.99108,7.20957
39932930,245.5936,40.16344,7.81945
85462594,257.93665,40.25087,8.2216
57300573,251.93805,41.591232,9.8906
138295350,229.89354,41.927853,9.6255
39836181,244.82222,41.83267,9.4367
115585044,254.76512,41.991207,9.9184
101720002,260.05475,41.86944,7.57315
85587047,258.8352,40.014202,9.44064
233466682,231.18257,40.275703,9.474
321541206,234.97406,41.65473,9.5564
321541475,235.07072,40.47374,9.40462
85379632,257.39108,41.065125,9.0322
85586332,258.79172,41.71087,8.71458
72766729,253.35535,41.700085,9.9645
29261400,236.86557,40.729637,9.9205
334796818,248.95807,40.888115,7.1031
68901461,249.71016,40.22888,8.6196
255932899,247.73367,41.48326,8.656
85598837,258.95728,41.64915,5.73183
39951109,246.45241,41.2245,9.88836
39950774,246.21992,41.51822,8.57405
57258016,251.64787,41.792286,7.66184
43273107,252.54382,41.04955,9.06661
82407125,255.03204,40.35076,7.8551
85378639,257.1965,40.167683,8.27116
39826541,244.0908,41.79779,9.85216
321587802,235.80269,40.71248,8.6444
321588587,235.8579,40.083755,9.72055
41713776,232.52974,40.385376,7.63067
198309067,230.54605,41.619167,9.4585
255926689,247.32672,40.382465,9.97712
29413088,239.62154,40.554737,9.8407
459285673,252.86522,41.92785,9.7536
405557026,256.9102,40.45349,9.9262
255906306,247.02916,41.459282,8.56757
72807979,253.67621,40.657974,8.84094
82511307,255.40894,40.096962,9.3682
255933447,247.91154,40.351894,9.44468
138295047,229.94112,40.57022,8.977
20240732,227.92258,40.746433,8.74434
20304824,229.05573,40.36661,8.92414
20305210,229.21875,41.406616,9.25993
24053112,240.30522,41.83354,9.41067
68872803,249.16675,40.190292,9.28999
101675455,259.65186,41.888084,7.84095
29261613,236.75888,41.719723,7.75362
82600323,255.80705,40.9538,7.50731
29440569,240.16447,41.828045,9.4487
24053198,240.32712,41.408646,9.0528
57230340,251.00067,40.762596,8.57782
24053417,240.20537,40.446083,9.6333
82452393,255.15176,40.428844,9.544
82358569,254.51042,40.68451,9.9724
20305256,229.1897,41.168865,9.44399
41711158,232.124,40.261047,8.7847
138295021,229.86409,40.420864,9.7027
230224251,252.65039,41.8965,5.37861
255929636,247.66315,41.81787,9.6578
82452731,255.05089,41.440777,7.7734
198560693,255.44981,41.920223,9.6169
82348246,254.34763,40.56818,8.4609
287055708,236.28647,41.211548,7.06682
255932619,247.83331,40.456554,7.7255
255932921,247.80737,41.564693,9.3014
115581323,254.49806,41.99009,9.1229
40050736,246.89464,40.78513,9.9675
20212277,226.97919,41.793114,8.5464
287055515,236.29124,40.43911,9.1482
20212530,227.06706,40.552906,9.0878
255932667,247.71729,40.675716,9.9611
255933429,247.94945,40.417564,9.41624
68898071,249.43573,40.94426,8.93776
57253474,251.27411,40.638184,8.08742
85519399,258.5558,40.46663,9.7538
459307306,252.97784,41.36236,9.5408
316414278,236.3138,40.849552,8.9897
316414428,236.39062,40.177547,7.74345
82710140,256.4828,40.85185,9.33462
82710075,256.47604,40.641533,9.67681
39829614,244.20107,41.85777,9.857
57393580,252.37856,40.459164,8.59659
57191623,250.71402,40.259426,9.25146
39832382,244.46344,40.12344,9.7414
148786099,233.51624,40.33202,9.19558
82358897,254.47153,41.64081,9.34773
82358636,254.47069,40.930576,9.2755
138257275,229.25623,41.008823,9.67
405541264,256.67392,41.27124,9.01002
82358931,254.58455,41.741592,9.09275
392385673,248.58907,41.106255,9.7909
57300280,251.86836,41.39368,9.7698
20303023,228.94318,40.6839,9.24566
39835849,244.70764,40.601776,9.55054
57160577,250.53806,41.836277,9.34707
57160697,250.47044,41.41988,9.7612
20302591,228.72034,41.051834,9.23739
39826525,243.98436,41.839687,9.73834
20302969,228.91138,40.995594,9.9708
39836518,244.93175,40.841877,9.72902
82551645,255.58833,40.073006,7.60649
24055834,240.37656,41.394657,9.8608
255929530,247.42874,41.6057,9.9347
310517059,242.42159,40.119064,7.7034
316416755,236.56087,41.14128,9.2561
255929471,247.53941,41.407326,9.03717
57230047,251.01872,41.677624,8.3167
39932822,245.4773,40.54425,8.91214
68898474,249.58751,41.65237,9.23752
85462474,258.036,40.534626,8.64477
57160329,250.30327,41.157005,8.761
29415278,239.85258,40.15048,8.0316
39829756,244.39235,41.42956,6.7866
310518056,242.49893,40.126415,7.9593
310532748,242.8514,40.475773,8.5327
310532815,242.82372,40.22763,8.8813
39902866,245.03311,40.80715,8.7652
57160064,250.24377,40.282375,9.25204
29415460,239.86299,40.89781,9.5475
115421539,252.50853,41.999664,9.2316
39903377,245.2229,41.12232,9.8696
57160073,250.38644,40.299824,9.8685
29437877,239.98741,40.676636,9.5525
148817291,233.90814,41.192448,9.4099
85379511,257.33176,41.43607,9.6562
40050870,246.81401,41.2485,8.30724
20240110,227.87386,41.03429,8.8935
148817489,234.00635,40.320915,8.1425
29263920,237.10214,40.324352,8.40696
57297076,251.70454,40.04011,9.22766
57253841,251.1708,41.809574,9.69687
68898805,249.55074,40.55369,9.51211
41829812,233.24849,41.859554,9.2037
41713343,232.26497,41.56009,6.8258
41829868,233.40388,41.75601,7.9724
43276777,252.66956,41.304123,9.95706
41829852,233.31624,41.80969,7.5248
20300620,228.53606,41.20053,9.204
39947393,246.12233,41.289772,8.6292
41829567,233.18202,40.650787,9.0176
20300528,228.56683,41.74212,9.8111
41713026,232.30078,40.137634,9.4602
41710890,232.19485,41.605633,8.5166
255932784,247.81305,41.069534,9.7764
20212115,226.88615,40.815914,8.9449
57300395,251.81691,41.772827,8.50904
57190898,250.61423,40.995598,9.89813
41702392,231.9678,40.803524,8.8704
41702510,231.98227,41.364937,9.9515
20212365,227.09557,41.54053,9.7408
24076746,240.50871,40.022846,5.7302
148820589,234.22704,40.311985,7.731
255929944,247.59396,40.736664,7.3615
82406307,254.77158,41.087257,9.3689
85598312,259.0719,40.36988,9.58846
85598777,259.00742,41.50521,8.78589
85598782,258.99017,41.524605,9.3302
85598924,259.062,41.89496,9.60839
82406497,254.84998,41.692375,9.9857
39836140,244.69655,41.704468,9.9901
72836348,253.87349,41.53382,9.86525
156072655,237.01413,41.913002,9.841
24056308,240.49924,40.420662,8.9776
392385512,248.68175,41.719032,9.9394
392385638,248.61957,41.23942,8.9912
20205129,226.83434,40.973824,7.8934
39832372,244.43684,40.101944,9.7579
392385646,248.68224,41.215485,9.5799
334796770,248.95412,40.788883,8.2819
20205126,226.71513,40.982895,9.9718
39832649,244.52742,41.12024,9.7524
39947173,246.03539,41.946358,9.8999
29324659,237.9723,40.116238,9.7643
286212535,243.30026,40.492477,9.6062
39812621,243.61871,41.2747,9.7867
41716430,232.73233,40.833046,3.4925
24089427,241.2156,40.750614,7.0248
24089181,241.14745,41.904125,7.8581
29363065,238.35504,40.7319,7.1629
29363270,238.26839,41.29522,6.8471
20216360,227.54614,40.755882,9.4235
39830082,244.28076,40.186592,9.5417
41716554,232.78168,40.358963,8.7031
24089343,241.11499,41.166035,8.3757
148819972,234.05214,40.83231,9.78
39829173,244.19359,40.03837,5.35232
39939553,245.67888,41.27067,9.5843
68873628,249.27228,41.0668,8.6917
198306682,230.37175,41.95279,9.9863
138295548,230.00964,40.984215,6.4019
29437343,239.77684,41.053043,9.55981
321543689,235.24539,40.45008,9.98628
24088857,241.0793,40.46189,9.07448
24088928,241.0529,40.75024,8.69397
39903079,245.07704,41.66199,9.87323
39903405,245.15149,41.048084,8.27468
39903437,245.21974,40.96145,7.6517
321543802,235.22887,40.946342,7.91776
39902704,245.0706,40.25943,7.73005
138295518,230.1155,41.13669,8.72317
138295652,230.14722,40.493046,8.86576
29437848,239.93863,40.792084,9.47586
39812548,243.57053,40.955547,9.11649
57160012,250.37312,40.100174,9.62386
57331597,252.25829,41.663353,7.3903
321543861,235.19844,41.22659,9.7875
310517996,242.48553,40.32606,9.65373
24089065,240.97052,41.411903,9.8903
148816718,233.7561,40.344265,9.8514
321540884,234.84866,40.623077,9.7794
321541027,234.94185,41.282948,8.7445
39826889,244.05006,40.35632,8.336
29437827,239.98564,40.89312,7.3639
29440342,240.04672,40.77135,9.555
321476965,234.60773,41.20188,9.0891
321575659,235.60555,41.10431,9.6226
321540928,234.93016,40.826427,9.6122
39832823,244.51448,41.683548,9.44977
115287981,250.6763,41.88171,9.8656
321541007,234.83423,41.226913,9.89918
321538713,234.7619,40.46036,9.6596
321575618,235.65358,41.23788,9.49887
233466893,231.11609,41.451824,9.57669
24109063,241.84344,41.675232,9.4005
39829781,244.37384,41.33382,9.1196
29236325,236.64052,41.30207,8.9759
310517930,242.56555,40.55571,7.203
310518073,242.53328,40.07212,9.5035
20292568,228.13545,41.65904,9.0356
321553293,235.24692,40.124676,8.4685
41691721,231.42572,41.606747,8.9086
41700253,231.91257,40.86604,9.73745
20216424,227.50969,41.0761,9.5631
321599590,236.10628,40.940334,9.4424
321599576,236.1389,40.899227,9.7643
287055834,236.15607,41.718765,9.5293
82453028,255.33717,41.521824,9.328
39983930,246.66164,41.72231,9.44446
39984373,246.68114,40.91402,8.5614
82453079,255.24588,41.35332,9.3047
82348336,254.33649,40.342087,8.76943
41710994,232.14932,41.075092,9.9978
41699920,231.7534,41.47885,9.69129
29413139,239.59962,40.29348,9.9183
41699906,231.74013,41.42667,9.77812
82358883,254.47957,41.604343,9.98458
321575339,235.42226,41.752327,9.6136
20214101,227.20325,40.22491,9.56
24056045,240.56033,41.585907,8.42366
321555570,235.44249,40.895542,9.9683
116362760,230.15312,41.93336,9.6468
321555442,235.52559,40.286755,9.939
24055989,240.53114,41.82996,8.6307
406800322,226.07944,40.932343,9.9272
41710839,232.16441,41.813126,8.2353
41702369,231.96805,40.692535,7.9808
138280666,229.66129,41.81822,9.0329
41710914,232.2024,41.50415,8.8897
138280571,229.64355,41.394672,9.9367
20300756,228.64163,40.43688,9.7252
20300588,228.51112,41.383934,8.70227
41829831,233.33055,41.940212,8.89219
43276385,252.703,40.14816,8.60043
39812483,243.53937,40.736153,9.1668
29363292,238.38037,41.330708,9.7747
39812335,243.5745,40.225174,9.57752
20205261,226.78865,40.108047,7.6718
20205028,226.74672,41.655853,8.78467
20205100,226.73004,41.112316,9.6193
24233201,243.18,40.781704,7.72266
233466931,231.1862,41.64636,8.75629
24233200,243.17818,40.7809,9.91676
29396561,239.39731,41.663094,8.34702
321553126,235.26747,40.762238,8.4939
138328545,230.18915,41.246628,8.22534
41710935,232.10669,41.37502,8.62186
24056111,240.6083,41.321667,9.6214
321555522,235.48683,40.707607,8.56412
20214446,227.41869,41.702824,9.4047
29267099,237.37062,41.93154,9.82092
57160378,250.3803,41.323414,8.19643
24106221,241.34152,41.7183,9.42581
57160255,250.37634,40.89167,9.88022
68873429,249.25279,41.630196,9.7444
321538734,234.7478,40.36032,8.79377
29437972,240.04356,40.250793,9.66134
321540854,234.8357,40.515686,9.8444
20292555,228.17694,41.59085,9.21179
20292705,228.29092,41.435493,9.4786
20292742,228.24727,41.21261,8.8865
20292472,228.14722,41.094574,9.63828
20181712,226.1214,41.30774,9.2019
29267429,237.53864,40.639874,9.9514
29267284,237.50711,41.24891,8.8925
20203086,226.46239,41.01755,9.938
41700382,231.91074,40.300915,9.4618
20181815,226.22423,40.66166,9.3605
20183330,226.38852,40.049416,8.98013
29385858,238.91498,40.137024,9.43301
57257721,251.57477,41.19136,9.746
1101844119,231.90776,42.88975,8.5918
219085795,257.38144,43.68135,9.015
1400334680,261.23834,43.10491,9.7713
1400334681,261.23822,43.105015,9.7443
1400330014,260.83743,42.150837,9.6667
1400330016,260.83795,42.150917,9.7686
1270759424,250.98413,43.475014,7.5912
308090418,261.23822,43.105015,9.7443
1270778900,255.46265,43.78161,9.9167
116385977,231.90776,42.88975,8.5918
10002053590,259.28217,43.15029,8.968
115323092,250.98413,43.475014,7.5912
219472054,241.29196,43.612545,9.992
198559987,255.46265,43.78161,9.9167
417575696,240.55415,42.747143,8.616
422989452,260.83743,42.150837,9.6667
115262176,249.6642,42.75588,9.2968
115263878,249.88281,43.841137,9.0549
115263541,249.82251,43.25516,9.8817
115261982,249.65912,42.99578,9.2109
115263499,249.89644,43.176422,8.6313
115262427,249.69731,42.31286,9.728
115270644,250.2365,42.461746,6.61845
161666743,226.5411,43.961525,9.884
356013326,248.39343,42.8769,9.61548
270281421,262.6781,43.640717,9.18485
308022369,260.48615,43.027977,9.4131
459999046,259.77847,42.643333,7.88933
308022444,260.522,43.207973,9.88571
308022321,260.45053,42.916176,9.88107
115584315,254.6349,43.995956,7.18936
115584333,254.6632,43.949272,8.6371
308071478,261.13217,43.46095,9.8263
308071473,261.1533,43.441902,9.65962
230240956,261.82343,42.732533,8.3271
460000029,260.04868,43.757385,7.4347
308068149,260.6535,42.538647,9.5403
459999696,259.94742,42.797832,8.8905
334901244,259.57755,42.111073,7.83658
334985597,259.60156,43.32523,7.71125
198583228,256.16406,42.834118,9.8199
7547416,258.5424,42.092175,9.643
7547444,258.5542,42.035416,9.2283
308090162,261.22284,43.677242,9.9606
308090834,261.24402,42.151234,8.6022
274967656,257.5802,43.783062,8.9692
274967672,257.55856,43.738884,9.8132
230237292,261.68842,42.542336,8.1461
230237447,261.63528,42.942707,8.5754
115523861,254.10106,42.6539,9.18266
219084958,257.24542,42.359802,8.9174
334900745,259.38184,42.89313,9.7847
308090456,261.34433,43.0259,9.8765
270279820,262.55856,43.968296,9.08552
115277531,250.18523,43.935226,9.2359
115519383,253.6887,42.859627,9.1955
275037373,258.1852,42.349,8.7953
459998801,259.87943,43.27648,9.485
115584953,254.64919,42.14594,9.6747
460003771,260.11893,42.135376,9.9123
308025851,260.70056,43.860416,8.786
308022259,260.39645,42.77283,8.91467
334986013,259.64273,42.353374,9.8283
308071710,261.20322,43.97825,9.0576
270256117,262.4878,43.69442,8.1346
198560782,255.57954,42.13896,9.73556
316452388,260.2433,42.048576,9.31376
230240679,261.8558,43.454735,9.7513
334901946,259.48816,43.792477,9.86918
334901731,259.50385,43.23884,9.24572
115355146,251.7044,43.11915,7.62692
284798665,247.88023,42.162613,6.79042
316452476,260.37262,42.269287,6.8423
270254647,262.31152,43.46975,7.6099
193557463,245.94936,42.111298,7.73962
193557188,245.99411,43.074165,8.07352
334901679,259.4207,43.14951,9.39608
115509518,253.3847,42.824856,6.195
198583570,256.2706,43.812237,6.37307
362065741,258.62164,43.51183,9.17502
219471957,241.21089,43.986507,6.5857
115520046,253.7751,42.8764,9.0099
219498497,244.26408,42.96575,7.7781
230224527,252.71887,42.975666,8.8695
334985890,259.73724,42.63835,9.5247
308090050,261.21533,43.946777,9.8581
308090085,261.35257,43.85039,9.4168
308090406,261.27408,43.14055,9.6533
308071336,261.20898,43.112503,7.7405
155988053,235.49298,42.05132,7.7633
334985484,259.6724,43.609154,5.4573
115580678,254.33902,43.683723,6.65705
116439804,232.52028,42.091503,8.9128
157366284,238.31377,43.38652,8.6654
334833530,258.81796,43.74516,8.4278
115409321,251.8879,42.91977,9.5296
334901554,259.5724,42.88642,9.41069
115324106,251.1067,43.447285,9.4754
115413246,252.10773,42.758087,9.944
230240502,261.75278,43.961998,7.4549
193557915,246.19344,43.13226,8.9616
115324219,251.21686,43.768135,9.3531
193557191,245.96503,43.06811,9.7522
233651786,229.26146,43.68852,8.3245
417571364,240.29788,42.6773,8.8275
155970585,235.03362,43.77576,9.9313
219472071,241.26721,43.56124,9.2589
219472405,241.1453,42.226994,9.6973
219477791,241.88507,42.47838,9.2401
270215413,261.97952,43.227013,9.186
155970640,235.01508,43.494205,9.84414
230224431,252.68515,42.56809,8.8369
198561253,255.56155,43.471584,9.8352
150436377,226.12985,42.328453,9.1795
115182301,249.24507,42.747242,8.3099
334899379,259.29233,43.908085,9.6782
229666591,244.77518,42.440994,9.83158
219519178,247.2941,42.662975,9.241
115581916,254.44708,43.73112,9.0038
229669187,245.05504,42.843834,9.3512
307916284,247.56898,42.16348,9.4247
219475029,241.57452,42.58449,9.8625
115181770,249.03928,42.902924,9.4533
417581712,240.66975,43.278244,9.6672
284798370,247.77672,42.704933,8.86517
422988816,260.87616,43.891693,8.4053
422989128,260.8651,42.97631,7.5377
334900902,259.3531,42.47931,7.49349
161665237,226.41635,43.131737,9.0602
219080683,256.8659,43.17996,9.9036
115174100,248.8466,42.0189,9.2659
219495133,243.9512,42.005222,9.8564
115181573,248.97084,43.525467,9.8888
116414655,232.12477,42.605366,8.6909
116521569,234.31735,43.71709,9.6291
362065993,258.67825,42.957363,9.7405
362066112,258.7507,42.70985,9.2771
219077512,256.79272,42.845737,9.7816
115520338,253.77715,43.856155,9.2725
157420220,238.87747,42.566193,5.81548
219077920,256.71005,43.9433,9.8387
115409572,251.81996,43.668056,9.92768
308068061,260.63953,42.744656,9.73497
334833498,258.9093,43.663933,9.9848
115185265,249.44156,42.5271,6.8434
308022716,260.4487,43.91887,8.4923
116377526,230.50293,42.864758,8.8139
116482648,232.83119,43.130302,9.8199
115323793,251.2352,42.50734,9.7949
115324109,251.18205,43.468143,9.6265
233641786,227.67912,42.49856,9.7902
233643398,227.80519,43.485634,9.777
417543308,239.58775,43.195683,9.659
193554440,245.80049,42.705647,9.5379
219519952,247.42291,43.751152,8.011
308070417,260.90277,42.928337,7.7723
298288172,248.10547,43.573273,8.4448
116377582,230.47272,42.602673,7.7041
116482785,232.93741,43.75367,8.8921
156081736,237.75092,42.466526,8.15241
115185316,249.41788,42.392372,6.7671
115421206,252.30727,42.760918,9.4968
308021980,260.5287,42.14026,7.9953
308070376,260.93637,43.000935,8.1875
230224284,252.59721,42.07169,9.0887
233645737,228.35193,43.507637,9.853
233643480,227.89325,43.085697,9.6287
116377942,230.61595,42.75192,9.5523
157374039,238.45905,43.345238,9.6843
459999853,260.04907,43.22093,9.4781
116501903,233.64725,43.52461,8.981
116501982,233.68607,43.18686,8.5956
459999630,259.9061,42.62762,9.9369
219472799,241.37367,43.333607,9.5803
219519886,247.38869,43.564384,9.7428
116377360,230.40005,43.595783,8.3972
115185079,249.33269,43.1717,8.9846
198564319,255.78328,43.25722,8.6616
316452951,260.26968,43.307568,8.8667
459999953,260.0229,43.525005,9.6276
115450549,253.17448,42.0465,9.561
233490221,239.32347,42.579826,9.902
116485080,233.14842,42.249516,9.4111
198586660,256.3587,43.280083,9.1288
115287671,250.71799,42.970604,9.72965
115450693,253.08904,42.43277,9.9355
115119708,248.61266,42.174175,9.4241
233490447,239.43805,42.238342,7.5473
116501900,233.6512,43.53177,9.7106
156065352,236.55682,42.468422,6.5476
156065457,236.43213,42.96015,8.8877
115584513,254.63297,43.411774,9.8487
198586616,256.39044,43.398808,9.453
157375949,238.65771,43.138565,3.41281
115184876,249.32092,43.89011,8.2945
308068277,260.64423,42.211674,9.90815
157376014,238.63762,42.949036,9.976
274975751,257.82712,43.871304,8.3858
233641922,227.70273,43.36757,8.4575
233642021,227.61092,43.947895,8.5954
417543337,239.58197,43.06609,9.6835
334855558,259.1544,43.76991,9.7064
233641720,227.62607,42.165882,7.1619
219472498,241.34615,42.026638,7.41677
219472884,241.36407,43.71906,6.4749
115509224,253.51381,42.011578,8.30585
198582365,256.02646,43.370586,7.4484
219477745,241.83102,42.73673,9.7131
116519831,234.11382,43.939835,9.3466
115185767,249.46472,42.97856,9.6247
155942879,227.02136,43.733208,9.0582
116519309,234.09433,42.329903,9.7575
155987708,235.30774,43.348774,9.4343
115185900,249.56358,43.43727,9.8601
115509254,253.38914,42.095295,9.1061
115613534,255.00227,43.657627,9.2233
115450742,253.06572,42.551353,9.9356
116519683,234.15158,43.25613,7.7826
156078966,237.22592,42.2098,8.7935
115185888,249.59549,43.39531,7.45677
115509480,253.52103,42.70684,7.83223
115613425,254.91159,43.919415,9.6535
115280997,250.47337,43.6784,9.5564
284798759,247.87843,42.45556,9.0435
115613960,254.88902,42.369564,8.32504
115614051,254.8947,42.139175,9.8281
308070990,261.09497,42.312675,9.7912
334985802,259.6831,42.83525,9.5897
219477728,241.78812,42.792652,8.175
115450642,253.17151,42.302002,9.718
275037425,258.2162,42.173725,9.00186
219477969,242.05719,42.07091,9.86903
156066546,236.75275,42.004623,8.9119
275037564,258.38016,42.106323,6.79784
115262114,249.63925,42.82125,7.798
417571740,240.32736,42.740833,8.0635
417572022,240.34485,43.79571,8.3953
115281099,250.5876,43.979286,7.23014
219508170,246.73486,42.688038,8.4076
115288092,250.80542,42.315437,7.9211
115288430,250.80127,43.3747,8.6555
115288597,250.88144,43.944416,9.4049
115614781,255.05904,43.75422,7.76283
275037380,258.22955,42.33183,8.7371
115413051,252.09274,42.23379,7.00642
115413499,252.18399,43.485367,9.5433
219077421,256.69385,42.60678,9.2453
155970575,235.08923,43.846348,6.8285
233651586,229.32858,42.565876,7.13575
219472053,241.2901,43.612705,8.23765
115421744,252.48781,42.560287,9.93616
282941110,236.60646,42.508545,9.60939
334833425,258.87723,43.49378,9.79348
116487240,233.38383,42.98947,8.32736
219483057,242.60132,43.81764,5.8631
219477661,241.79234,43.102654,9.79742
219477743,241.89734,42.744324,9.9217
417571432,240.1651,42.383198,9.81895
219483329,242.5882,42.786358,9.4899
219471996,241.20366,43.855965,9.94059
417581647,240.71347,43.03977,8.55919
219501665,244.70598,42.963345,8.45357
284798273,247.71274,43.10003,9.44148
115171260,248.6001,43.44884,9.457
115412460,251.93439,43.310497,6.8149
115581482,254.40204,42.426052,9.9035
161667461,226.6604,43.756012,7.6964
115277351,250.18182,43.37374,8.23659
115581508,254.45908,42.512432,5.25138
115173853,248.72295,42.769043,9.3276
417543695,239.79509,42.27469,8.8621
230236440,261.40555,43.615925,9.3949
193551084,245.49089,42.070797,8.6502
116522097,234.531,42.782463,7.5554
115523563,253.90154,42.087345,8.6721
230236822,261.4127,42.612892,8.6991
116382759,231.13884,43.234283,7.9077
115182462,249.17337,43.321987,8.8647
219081655,257.06586,43.548256,8.9415
116363061,230.25824,43.127472,8.1145
270215593,261.93253,42.756714,9.9688
270216387,262.0404,42.86634,7.6579
274968025,257.60678,42.722412,9.8735
115614234,255.13878,42.24927,9.60032
334853834,259.06488,43.77938,9.47635
116380398,230.83897,42.04181,9.4731
219501568,244.56444,42.627003,7.97758
219080661,256.84406,43.23297,9.56537
115119794,248.52576,42.43698,4.1439
156065636,236.52895,43.70945,9.5025
334854228,259.03467,42.613922,9.3904
115174194,248.93115,42.395824,6.696
362066337,258.68356,42.203575,7.1011
116522302,234.59477,43.60426,6.62117
115351614,251.26845,42.818928,9.7455
219518898,247.20451,43.75483,9.0471
115352479,251.57288,43.85708,9.1367
115421063,252.30157,43.171577,9.6226
155997900,235.70416,43.63684,8.6758
233649752,228.93423,43.637302,9.5981
116542918,234.68701,43.224365,9.17105
116542846,234.62204,43.552097,9.4701
219483949,242.64418,43.36016,9.6215
219511024,246.94624,42.92199,8.7536
115351489,251.29915,43.21717,4.80547
155915847,226.9253,42.388126,6.6088
116502488,233.7917,43.167538,5.91246
219492195,243.62685,42.040874,7.8223
219483791,242.70627,42.810757,8.268
116502042,233.74686,42.901814,9.6603
157366724,238.52245,42.52137,8.7947
116487757,233.59254,43.35017,9.8049
459999600,259.93896,42.527424,9.7352
198564148,255.82462,43.781048,9.6166
270215162,261.97614,43.81598,9.15878
460000107,260.0551,43.965137,9.21958
198564805,255.81627,42.00137,9.57784
115519487,253.5992,42.57856,9.4038
219085864,257.37708,43.861,9.65507
115184984,249.37572,43.564735,7.1669
116439752,232.42082,42.066566,9.0784
219504523,246.34413,42.093353,8.8097
155947686,231.4838,42.665264,8.8979
155947788,231.3917,43.204548,8.38528
233651805,229.34467,43.796043,8.7095
116439684,232.4549,42.405426,9.3518
233651803,229.34377,43.79352,8.2949
219504547,246.20042,42.017094,7.03679
298287761,248.06064,42.152122,9.55092
298287815,248.08733,42.337967,9.28982
156007456,236.2603,43.763275,9.95822
116377692,230.50159,42.095432,9.2718
219081272,257.11755,42.431316,9.85141
156081769,237.7386,42.56541,6.9305
115421289,252.36894,42.54093,8.29751
233490409,239.48965,42.04976,9.55427
198586862,256.37607,42.74125,9.63411
115409059,251.83228,42.238914,3.46683
233490425,239.48303,42.136505,9.537
274975717,257.92078,43.946785,8.44638
219472534,241.37035,42.174805,8.9315
193553704,245.5702,43.895485,8.3984
233655386,229.805,43.481327,9.2689
161667427,226.63245,43.560165,9.4259
115270637,250.19962,42.45709,9.1961
115422050,252.41902,43.430435,5.12005
115323213,251.06982,43.134525,9.9724
115270381,250.17549,42.14534,7.02862
274968581,257.77396,42.62484,8.7298
115323285,251.01134,42.91588,9.9304
115277342,250.21571,43.346962,8.5414
156066700,236.8763,42.810493,9.469
115262036,249.7282,42.928,9.07888
115450700,253.0778,42.450153,7.9588
115450949,253.18019,43.116833,9.55383
334854441,258.92957,42.08544,8.81583
115288187,250.87396,42.616135,8.0688
334854370,259.0183,42.26802,8.2791
274977079,258.09558,43.73725,6.6023
417571735,240.46013,42.71676,9.50254
417571777,240.43933,42.84285,8.13642
219475406,241.72993,42.8181,9.8902
115118116,248.22336,42.487835,9.71352
115413349,252.09486,43.060833,9.93242
115610790,254.74947,43.719257,9.59174
116362960,230.20102,42.702007,7.8776
233655811,229.96516,42.945137,9.02692
417543305,239.60698,43.21371,7.272
219519510,247.35994,42.183193,8.60653
233643351,227.8625,43.795315,8.15853
219519734,247.34714,43.015705,7.6502
233641791,227.60063,42.527557,8.7114
233643735,228.04286,42.0997,9.58733
115508923,253.22365,42.744648,9.30585
334854578,259.19034,42.162136,8.7174
334854530,259.12872,42.058758,9.9354
233641941,227.69574,43.48596,9.7572
417543381,239.52538,42.90673,9.4115
417581428,240.8054,42.246292,9.36582
334854989,259.13626,43.04134,9.99977
219508060,246.77737,42.366577,9.4403
307916720,247.65375,43.54536,6.76905
116441962,232.71696,43.738964,8.9147
219497797,244.1082,43.423737,9.5769
157363837,238.02156,42.955883,7.3774
157364139,238.16115,42.217937,7.4722
219508236,246.78134,42.913956,7.8635
219508053,246.81528,42.342716,8.2295
115446627,252.81607,42.327984,8.3832
116482168,232.73192,42.911118,6.9701
156081530,237.59589,42.08226,9.8244
157364490,238.15852,43.694645,9.1047
115280633,250.4467,42.465736,7.553
116482090,232.76924,43.213337,8.80781
115280635,250.59116,42.4711,9.7418
116414887,232.24274,42.21815,9.519
115287376,250.7425,43.911163,8.40112
156081276,237.5753,43.2951,9.4787
156081820,237.79987,42.793137,9.5828
157363913,238.00406,42.663517,8.8434
198560607,255.34103,42.163864,8.95501
219080477,256.84302,43.773712,9.08692
219508187,246.81708,42.740486,9.8807
229666771,244.99675,42.116577,8.7861
229666861,244.93175,42.443417,9.2563
198561115,255.55742,43.064053,9.3681
115581122,254.20547,42.42393,8.9126
115581239,254.31749,42.08022,8.4263
116519440,234.14062,42.130344,8.58012
155987902,235.30235,42.46764,9.0091
219470046,241.06644,43.41421,9.55103
115279956,250.31387,43.581783,9.46975
115185637,249.47775,42.526146,9.629
308067992,260.70764,42.91459,9.35925
308070951,261.1478,42.195007,9.33438
115280183,250.43205,42.892506,8.9459
155943538,227.24292,43.511536,9.9039
219478130,241.95943,42.741318,9.6968
116519811,234.20795,43.841232,9.71281
233655643,229.91132,42.018448,9.3275
233655405,229.73914,43.345955,9.4661
219497913,244.13481,43.03215,9.72314
155998626,235.75105,43.265366,9.7613
219081425,257.0466,42.888386,9.9648
116363019,230.2283,42.97313,9.43403
116382736,231.1518,43.311012,8.8624
115185403,249.42989,42.097874,9.1722
219085408,257.36322,42.626457,9.17715
270216776,262.09167,43.94054,9.21627
115182488,249.25803,43.393394,9.526
116522095,234.48883,42.769974,9.02785
308022163,260.43094,42.552406,9.52335
219472119,241.14352,43.317142,9.6633
198586588,256.42358,43.49856,9.8456
230236538,261.50226,43.31584,9.587
512600928,229.8047,43.481277,9.4711
156007846,236.36687,42.109455,9.5464
219480993,242.37526,43.11013,7.4657
233649707,229.02115,43.37204,8.7523
233649314,228.84062,42.72939,9.5645
417546361,239.8514,42.009804,8.373
233487796,239.13457,42.516598,9.9575
417544072,239.69478,43.95275,9.3938
156007806,236.33278,42.259624,9.9128
219495467,244.03944,43.222668,9.78845
219498067,244.07434,42.47376,8.7565
155947597,231.4732,42.19304,8.7054
275036866,258.1836,43.775948,8.99535
219504082,246.22354,43.63209,9.41221
219504400,246.34666,42.52002,7.62914
155947595,231.4336,42.179207,9.91323
155947785,231.3812,43.1826,9.56498
116439744,232.38472,42.08533,9.7922
116385560,231.71883,42.721157,9.6795
116385472,231.76505,43.140034,7.1942
417571951,240.45308,43.47323,7.48278
115409446,251.90558,43.309322,9.1205
115352043,251.53528,42.44086,8.3918
233643963,228.02919,43.461025,9.9319
219483119,242.53906,43.581608,8.055
115323366,251.00693,42.699413,8.1563
115323424,251.00433,42.50858,8.16722
193515528,245.29971,43.819763,7.60777
161666744,226.54276,43.96142,9.15306
115277273,250.18712,43.128983,7.98534
115519905,253.77058,42.457794,9.70147
115261728,249.76804,43.40738,9.6685
115174493,248.80824,43.43425,7.7816
417546114,239.96492,43.101856,9.2695
156007850,236.25293,42.096394,9.35935
155942953,227.02698,43.349586,8.8901
233651270,229.09697,43.427715,8.73903
115421117,252.29544,43.017845,9.20754
219511772,247.05006,43.390884,8.24913
219475109,241.5399,42.211685,8.8262
115351727,251.38287,42.4472,7.6893
157420143,238.92911,42.923885,9.92206
155968732,234.8538,42.624683,7.8817
155968755,234.88358,42.696945,5.5015
417546637,240.11893,42.990143,7.7525
417581553,240.7789,42.616932,8.01427
219483863,242.74702,43.055008,6.4285
417571152,240.25714,43.631664,8.9021
156005331,236.16167,42.886173,9.6173
233644042,228.06563,43.980915,7.70018
115352320,251.49413,43.388866,9.2925
219481120,242.31325,43.642212,9.97169
417575509,240.62158,43.409595,9.4995
156004916,236.03421,42.719913,8.1724
219483781,242.6653,42.783916,7.18222
155968777,234.82886,42.78807,9.2937
417581749,240.74956,43.391068,9.6488
417575395,240.54135,43.894875,8.3663
417581517,240.64404,42.505714,9.10821
219484092,242.63065,43.920776,9.07371
233641479,227.4429,43.139565,9.57317
219488822,243.17981,43.649586,7.6165
116386213,231.82805,43.916443,9.7552
155949460,231.63708,43.842865,9.01925
233647200,228.52702,43.189297,8.1388
233647389,228.54298,42.171406,4.2383
156072753,237.17165,42.329327,8.05595
219469872,241.06566,42.81204,9.4004
219504866,246.51599,42.832035,9.8953
233647406,228.45453,42.078175,9.4148
233647461,228.69731,42.07689,9.7624
156073083,237.06049,43.91727,9.6954
193557397,245.99991,42.366566,8.4153
219504903,246.46257,43.001797,9.7934
219505090,246.42552,43.6903,9.5062
219507490,246.52446,43.259247,9.91826
116380765,230.8749,43.54148,9.5529
156072367,236.91301,43.276474,9.58401
116380837,230.96796,43.82711,9.50723
157364190,238.16891,42.451515,4.0273
156079141,237.51985,42.45007,9.7089
298288113,248.03337,43.349228,9.38117
156079221,237.46352,42.788773,9.4825
156079222,237.4619,42.789433,9.6611
157364226,238.17401,42.58692,8.34975
115446550,252.78654,42.080334,7.12109
156079449,237.46278,43.845043,9.8193
157351233,237.99219,43.723717,8.87341
233653494,229.5078,42.25726,8.6557
116439428,232.40813,43.403233,9.5089
193554061,245.53752,42.579456,9.8431
193553708,245.56311,43.8784,9.7363
193553797,245.60388,43.551384,9.9852
155947510,227.28723,42.081978,9.5465
156075090,237.3671,42.84532,7.8102
157363919,237.98434,42.651646,6.9841
157364051,238.00725,42.073574,8.8268
155947260,227.34837,43.232674,8.6255
116362531,230.06406,42.866272,8.8069
155947391,227.39041,42.63865,9.9013
157363887,237.92885,42.747845,7.9887
115280685,250.53368,42.647915,8.2544
155947206,227.32579,43.522396,8.5334
219500931,244.41878,43.579926,9.6496
115355099,251.68675,43.302254,9.7513
157376396,238.84343,42.59142,9.83869
356012841,248.38564,43.684616,9.91135
116362450,230.08083,43.227383,9.9855
233647553,228.61191,42.596146,9.0595
233647572,228.57811,42.708927,9.2739
193554717,245.78279,43.646484,8.99037
115181484,248.98024,43.89423,9.9618
233647233,228.49675,43.048084,6.4637
156072885,237.18744,42.919025,9.9346
116380840,230.95938,43.845974,9.1591
193557352,245.97375,42.533768,9.51633
116385310,231.68527,43.87138,9.48812
233653697,229.61446,42.595108,8.7563
116542788,234.7633,43.866512,8.0725
116362735,230.0759,42.04108,9.75827
219500967,244.44643,43.440987,9.78096
155947341,227.31268,42.844418,8.6441
233645444,228.09482,42.285988,9.18739
116543042,234.73024,42.731472,8.8903
219501420,244.6908,42.04564,9.74508
193553864,245.67761,43.34514,9.95128
116385975,231.91812,42.881298,6.881
116385814,231.83699,42.168064,9.1078
1101885629,231.61023,44.003563,8.4121
1101885630,231.61102,44.003532,7.1927
1101889945,232.62262,44.199852,9.7312
1101935058,235.57256,45.589935,9.5877
1270849416,259.74463,44.131886,8.66583
1270849417,259.7439,44.131725,9.5528
1400353691,263.49844,44.479397,9.6276
1400456845,263.39148,45.573116,7.08809
1270859789,259.44055,45.583218,9.3012
1270859788,259.44122,45.583485,9.0577
1200933564,243.37965,45.77339,9.8985
155949425,231.61102,44.003532,7.1927
334902658,259.44122,45.583485,9.0577
155988863,235.57256,45.589935,9.5877
219490245,243.37965,45.77339,9.8985
115582577,254.5218,45.934155,8.944
116440287,232.62262,44.199852,9.7312
275038686,258.36734,45.372204,8.483
270363699,263.49844,44.479397,9.6276
270361262,263.39148,45.573116,7.08809
459998437,259.74463,44.131886,8.66583
471012596,258.0325,45.6661,7.181
115447462,252.72227,44.75049,9.929
274977714,258.0329,45.666,7.096
115268679,249.97795,44.196636,9.8983
115183132,249.2206,45.790318,9.869
417542682,239.63498,45.818512,9.533
270320642,263.2776,44.39217,9.7903
1270862654,258.03418,45.65933,7.6182
270400509,263.67154,44.876125,8.4137
270400453,263.68195,44.741447,9.80595
270217568,262.1159,45.819485,8.1563
198583925,256.17752,44.76568,7.78981
7546061,258.4866,45.95356,9.8716
270451747,264.22043,45.241657,9.0144
270217632,262.12585,45.95483,8.9031
334985270,259.66205,44.25088,8.89643
460000430,260.06567,44.855415,9.50689
460000589,259.96216,45.308624,6.3387
460000311,259.96115,44.55869,8.76569
270279556,262.52222,44.519424,7.9276
308089337,261.32407,45.686035,9.19328
270279565,262.5722,44.495327,9.18647
308072070,261.14142,44.865826,9.9582
270253777,262.21036,45.680794,9.7402
308071820,261.20102,44.269176,8.2481
270514792,264.37982,45.475433,9.7454
270361379,263.34668,45.845974,9.8992
270279759,262.5841,44.112797,9.371
460002243,260.17902,45.9239,7.6621
270282235,262.75665,45.62104,8.3238
270318166,263.0169,45.306835,7.65186
270318337,263.07275,45.712135,9.1788
219083790,257.2462,45.69961,9.67389
219084115,257.25375,44.682785,8.87562
270253920,262.32315,45.296986,9.77195
270281632,262.76486,44.095066,9.6831
308071835,261.1484,44.29436,8.15389
308072314,261.15848,45.469738,9.5406
115613349,255.0009,44.15747,9.50082
219082362,256.9783,45.59603,9.3801
270318136,263.10193,45.257156,9.27759
270279719,262.677,44.20663,9.21567
270217077,262.04248,44.657803,9.93986
270320764,263.243,44.179695,8.7561
230238167,261.62198,44.983532,8.6353
270320039,263.2131,45.87889,8.4095
230239888,261.83646,45.78577,8.2313
198563854,255.67493,44.636898,7.9311
230240309,261.7534,44.51978,9.4242
115510409,253.47005,45.465332,9.72
115510439,253.50113,45.58937,8.83261
115611179,254.6855,44.89285,9.7139
115611459,254.7683,45.754963,9.06721
198563427,255.69078,45.938995,9.77556
193558418,246.16026,44.794785,8.2469
230238494,261.62122,45.88013,9.2858
219512127,247.03644,44.582672,7.471
219083778,257.15118,45.740593,8.2394
275038687,258.3655,45.37224,7.7116
115518417,253.62007,45.736576,9.1712
270361138,263.34924,45.244617,9.1101
270361363,263.38483,45.817856,7.9407
270361168,263.4224,45.309944,7.8006
115583726,254.58852,45.936447,8.44143
7546049,258.48032,45.997395,9.1446
284799211,247.92772,44.01371,8.3548
115326152,251.3469,45.623077,6.2746
308072175,261.1904,45.11871,9.0142
308072268,261.1611,45.3522,7.0821
308072420,261.17075,45.717,8.874
270217313,262.04218,45.2116,9.4467
193558511,246.19273,45.11157,9.99958
284799302,247.98366,44.2642,7.3386
334902532,259.4477,45.374695,9.9828
7546165,258.57108,45.651783,8.86565
270216811,262.0877,44.016808,9.7778
460000243,259.97784,44.391834,9.9766
460002856,260.2191,44.280937,7.8354
460002559,260.0878,45.056686,9.6555
459998268,259.83624,44.5355,9.6175
308023107,260.43433,44.93495,9.9159
198559780,255.4746,44.348907,9.6469
334855804,259.16104,44.299408,8.4956
334856149,259.14166,45.265446,9.9524
308089724,261.33167,44.731346,9.1637
270279090,262.54755,45.64416,7.3489
270279091,262.65192,45.642094,9.6471
270282215,262.687,45.56387,6.8714
270282364,262.77078,45.98988,9.0205
270282241,262.82394,45.63612,8.56113
334984951,259.66226,45.201405,8.2182
270282154,262.74512,45.39529,9.69524
198584280,256.15314,45.775448,9.9248
270449577,264.12296,45.720535,8.1906
270514982,264.33984,45.905,6.5051
308069158,260.90924,45.99958,8.0499
270455040,264.3697,45.219547,7.24466
270254357,262.20596,44.231037,9.6136
1270901984,252.30995,45.983536,8.0081
219082381,257.1262,45.649513,9.6322
508380320,237.45822,44.52224,8.9922
362065052,258.60428,45.05011,9.6929
198561882,255.59518,45.18065,9.0747
198562131,255.6335,45.921677,9.853
115583729,254.52367,45.934032,9.7484
270214610,261.98938,45.10725,9.9218
115279735,250.31914,44.268227,9.4118
115583764,254.52116,45.822292,9.3475
270361139,263.48547,45.24482,9.8197
362065005,258.62387,45.186996,5.0442
270284146,262.86356,45.14104,9.8724
155988687,235.45409,44.77811,8.2021
270216947,262.0347,44.366013,9.0056
334902074,259.52423,44.128475,9.6665
274975634,257.86545,44.176567,8.8252
233489685,239.29965,45.00579,9.7819
115286846,250.74554,45.680668,9.998
115583735,254.58687,45.91204,8.8156
219082489,257.00507,45.93953,9.8525
116438883,232.33716,45.629234,9.8411
116438886,232.42831,45.61832,9.2666
270449644,264.0443,45.86853,8.4658
116484358,233.07759,44.735016,7.7839
233490855,239.36229,44.135696,7.4171
219081866,257.0036,44.169395,6.7661
219081924,257.1044,44.33286,9.5425
219082473,257.09775,45.905212,8.9218
193551755,245.42052,44.48548,9.3896
308025535,260.65408,44.602978,9.9234
115180932,249.12032,45.820713,8.8284
115418515,252.22658,44.508495,9.6766
334833874,258.85736,44.64331,8.6141
219510625,246.98962,44.217144,8.6986
274969396,257.75876,45.303303,9.2936
198582009,256.05182,44.235577,9.3751
198581823,256.06918,44.745255,9.3908
155999215,235.90437,45.8856,7.3843
274977360,258.06506,44.59494,8.9111
270216867,262.16327,44.15851,9.5962
334833722,258.77505,44.246674,9.555
156066002,236.45564,45.416237,8.5819
274969194,257.74155,44.54661,9.4463
270256505,262.49554,44.545063,9.6315
115614947,255.058,44.323288,9.4453
115173417,248.65182,44.21936,9.5234
219508951,246.80533,45.392715,8.0139
115621773,255.07924,45.2744,9.72777
334853448,259.06073,44.856953,8.93449
219473012,241.44502,44.25507,9.111
233642245,227.61848,45.215233,9.0399
233643031,227.78159,45.95434,9.9959
233643253,227.76549,44.404133,8.9461
270400590,263.69772,45.03672,9.2205
219473299,241.45496,45.474564,9.8947
219520080,247.48601,44.212307,9.1101
334855744,259.15408,44.178734,9.8071
334899125,259.36844,44.57199,8.475
233643113,227.8399,45.481773,8.3447
417542749,239.6022,45.574574,7.6164
417543108,239.52617,44.066063,7.74798
219520126,247.35669,44.376038,8.2918
334899122,259.39157,44.584293,8.1726
115188288,249.67975,44.01796,8.9635
233643252,227.75996,44.40547,9.5347
116521108,234.28317,45.843803,9.7499
116521423,234.323,44.40162,7.8091
115449241,252.9679,45.417164,9.8605
362065074,258.71307,44.99092,9.6654
362065206,258.74637,44.68184,9.6228
116541204,234.52133,44.355762,9.8857
156071965,236.89764,45.074635,8.0594
115449205,252.99539,45.559853,7.41526
115449188,252.98866,45.594055,7.6261
115520610,253.70807,44.670692,7.81337
233652119,229.32767,45.515278,9.2511
116486877,233.29791,44.837246,9.9009
417570845,240.1898,44.924202,9.3483
219482648,242.55807,45.64028,9.1286
219482653,242.51094,45.617874,9.1235
219482705,242.44452,45.34931,8.7749
219471933,241.14053,44.12186,9.0587
116485729,233.13702,45.28898,8.7652
116486657,233.36012,45.942387,8.6783
219482627,242.59276,45.720974,8.15612
233652215,229.357,45.99833,9.4643
116485657,233.17491,44.820133,9.0536
155971578,235.20639,44.775646,7.6946
155971745,235.12642,45.632965,9.1986
417570823,240.2247,44.997242,7.9998
219482986,242.52596,44.060303,8.1281
282941665,236.5686,45.021847,6.95587
198588263,256.50632,44.907513,9.0958
417582196,240.68513,45.027615,9.5135
198579570,255.95427,44.56345,8.7573
198579876,255.89427,45.422615,8.7644
219512048,247.02446,44.331703,9.7078
219518570,247.32239,44.868824,9.3934
219083886,257.20096,45.394203,9.6143
422988221,260.73212,45.528107,9.8817
417582381,240.79138,45.82937,8.6727
115183050,249.26677,45.49564,8.95086
115582100,254.48137,44.331505,8.4268
115582465,254.45581,45.5568,9.3157
334899154,259.38388,44.50508,8.36323
156079584,237.45818,44.522083,7.8209
116501521,233.72226,45.246876,9.9069
115623733,255.28893,44.460842,8.8005
417572179,240.38106,44.263824,9.6305
116501778,233.6973,44.06763,6.12412
219518523,247.32455,45.03567,9.55172
116501598,233.66017,44.907097,7.4788
115326323,251.29942,45.103653,7.64022
115524349,254.1426,44.08893,8.174
115524663,254.12991,45.07308,8.7143
115326430,251.36278,44.76071,9.5296
156067178,236.81567,45.07509,9.8078
156067220,236.82231,45.28307,8.786
155916456,226.89754,45.77452,9.4178
115508218,253.27097,44.657238,9.9309
219510327,246.9508,45.27705,8.82161
274969598,257.62592,45.899353,9.58642
116440529,232.50365,45.330605,9.7165
219492841,243.59033,44.39981,9.9295
193551853,245.38863,44.81203,9.78256
334834333,258.82773,45.99872,9.9163
417572498,240.32979,45.489174,9.5437
115508294,253.23839,44.402397,7.23322
156067068,236.84521,44.59878,6.1596
219506894,246.56892,45.447285,9.5459
334856351,259.09644,45.79433,8.1162
219082232,256.98904,45.274883,9.06784
116485809,233.19118,45.759743,8.6052
219082308,256.97537,45.46883,9.69831
198585684,256.4316,45.985394,9.3629
115582074,254.45804,44.25095,9.38581
116439146,232.47395,44.487473,9.79155
219468875,240.92534,45.289055,9.1602
219478476,241.96773,44.13843,8.875
219478725,242.05962,45.21598,9.28605
116501537,233.7164,45.136387,9.9673
316490105,260.37042,44.749832,9.7453
219502004,244.71965,44.19253,8.4873
116376871,230.50342,45.830753,9.1669
116501475,233.77368,45.431786,9.8021
157375666,238.5845,44.415634,8.3892
157376905,238.75278,44.989002,8.028
219502060,244.69962,44.388474,8.1086
316490333,260.31558,45.23241,9.7926
460000437,260.02158,44.86668,9.2317
155942823,226.97816,44.080303,9.1834
116501730,233.68921,44.280884,9.0683
116501595,233.64417,44.914227,7.72983
157375561,238.58261,44.91855,8.1187
115623327,255.27457,45.693024,8.5454
460000518,260.0212,45.100964,9.5788
460000523,260.03152,45.127316,9.0622
219494375,243.83533,44.86513,9.6211
219488265,243.17921,45.894367,6.68894
155997609,235.70058,45.000744,7.0591
155997652,235.61533,44.80658,8.2501
460002590,260.10257,44.99568,8.3494
460002894,260.12567,44.19211,5.91757
219505398,246.49161,44.667114,9.946
219479918,242.22818,45.35328,7.81288
274977612,258.08368,45.33369,8.6353
219505613,246.40784,45.489666,9.423
417569615,240.04991,45.223106,9.1629
155948006,231.49619,44.30224,5.9185
219503586,246.32988,45.378597,6.94198
219503627,246.24527,45.242996,9.8064
155943688,227.176,44.409035,9.3593
156067188,236.86331,45.108307,9.95637
334853592,259.0199,44.436546,9.5249
229668906,245.15993,44.15901,9.50045
198579869,255.92946,45.404408,8.752
308025155,260.57135,45.502068,8.6928
308025469,260.59674,44.734802,9.6709
156065988,236.45828,45.34238,9.1524
219508822,246.71428,44.95437,7.4249
334853474,259.06464,44.76019,8.19828
198584097,256.21237,45.22429,8.3714
229668917,245.11574,44.090847,8.7607
156067071,236.74348,44.604286,8.91542
115173395,248.77765,44.284767,9.02954
270214996,262.02106,44.1835,9.8409
219478773,241.9975,45.380283,6.1844
156074763,237.27795,44.169933,8.3815
219470469,241.01613,45.17101,8.9355
115186539,249.49232,45.532684,9.4487
115510112,253.43971,44.491882,9.4625
115510209,253.43576,44.777737,9.9157
198579888,255.97989,45.44922,6.4986
308025413,260.557,44.878002,9.7186
115277889,250.21764,45.216393,9.5203
274975353,257.84735,45.126686,8.6773
116483020,232.82704,44.699528,8.8868
116483096,232.961,45.06995,9.1129
219500302,244.48007,45.950844,9.0736
219491426,243.50491,45.045177,9.9985
116377222,230.49208,44.257412,7.9166
274975269,257.91605,45.32445,5.01146
274975542,257.78873,44.489174,9.1633
308069901,260.9855,44.175785,9.0991
270400614,263.8039,45.117226,8.4922
116378642,230.59879,45.592014,9.8106
116441569,232.71565,45.466263,9.67564
116521368,234.36177,44.7072,9.9644
219078018,256.78372,44.255444,7.54907
116361827,230.0835,45.947704,9.54062
116378541,230.54231,45.13874,9.4846
116520052,234.11703,45.051376,8.58173
115449256,252.97534,45.377247,8.98026
274967267,257.54822,45.026558,8.43519
115522668,253.96506,44.747448,8.5712
362065007,258.66617,45.182297,9.93228
417582256,240.77122,45.30238,9.5311
116383840,231.25684,45.1208,9.8506
115506412,253.19846,45.642406,9.503
116383679,231.21565,44.36465,7.7886
115522327,253.88528,45.64547,8.4304
198585696,256.33865,45.952145,8.2732
417575123,240.58723,44.837654,8.9415
115118909,248.26103,45.127777,8.479
417575088,240.5998,44.96724,8.43639
115611128,254.82639,44.7509,8.6029
334853293,258.9691,45.315933,9.1738
233641193,227.55103,44.869595,8.5981
334899161,259.30844,44.47883,8.22222
164305613,264.5156,45.557407,6.9663
230224861,252.56093,44.256958,9.09998
270402678,263.88092,45.777622,9.27803
230225305,252.64218,45.776802,9.9335
233642241,227.68689,45.194244,9.88012
233641152,227.50298,45.121536,9.05521
417542701,239.60368,45.773335,9.62464
417543119,239.51491,44.03608,9.7033
219518773,247.29605,44.120003,9.41446
155988736,235.53485,45.014694,8.7993
155988923,235.49942,45.888763,8.3383
155997423,235.65802,45.762074,6.6411
155988917,235.43275,45.871346,9.5407
115181209,249.02402,44.826904,9.29274
115182901,249.18114,44.806755,8.97574
284763613,247.6967,45.285786,9.48669
155948315,231.37268,45.9477,6.7411
219493088,243.7412,45.432053,8.18017
219083932,257.1901,45.25239,8.93737
198579465,255.83582,44.254448,9.27775
334898681,259.29398,45.666237,9.11362
334898675,259.37085,45.674088,8.40003
334898744,259.25336,45.53122,9.272
270402956,263.92593,45.15736,9.07531
233656042,229.9189,44.21898,7.2159
115526102,254.22775,45.862106,7.4289
155948254,231.35526,45.580048,8.9363
233656188,229.95465,44.93554,8.6889
115526235,254.25423,45.45932,9.1283
115526273,254.30322,45.34908,9.7501
155970393,235.07372,44.83101,7.1137
198588304,256.52167,45.00681,7.639
115324690,251.1695,45.237698,9.46675
219477224,241.78648,45.024628,8.5332
155970491,234.93843,44.311188,7.53476
233648127,228.69629,45.94613,9.7079
155971765,235.10559,45.703625,9.92758
115326227,251.34776,45.361965,9.62519
115420419,252.23755,45.201015,8.4448
115524667,254.14726,45.078068,9.39302
229668888,245.15697,44.251804,8.47156
115420152,252.30923,45.983315,4.8221
157419860,238.9373,44.23108,9.41536
155916302,226.92738,44.700867,9.35407
116384959,231.67143,45.424076,9.6367
219490187,243.3596,45.51828,9.9264
115172931,248.65282,45.94938,9.9583
219490072,243.39445,44.959156,8.4129
219490309,243.40843,45.998154,9.9372
157364589,238.06064,44.210953,8.5338
157364657,238.18341,44.522583,6.919
219508883,246.83826,45.189247,8.13746
115447492,252.8235,44.8292,9.579
115447562,252.84157,45.02216,9.4207
233656052,229.88606,44.253445,9.2821
219079969,256.96158,45.272156,8.68956
219080014,256.81174,45.14305,8.91024
233656118,230.02194,44.551918,9.7062
116441620,232.67558,45.277637,9.643
157364616,238.06119,44.32119,7.3744
115288950,250.91087,45.22858,9.0367
307916913,247.63585,44.32205,8.1166
115449688,253.0209,44.143703,9.3349
219489953,243.37361,44.466366,8.5854
219481403,242.35715,44.711105,7.292
284763777,247.70558,44.649094,9.0908
417545885,239.94707,44.066536,9.9823
219496183,243.91501,45.94443,9.93561
316489984,260.243,44.48098,9.4285
116487898,233.53883,44.037125,9.50423
116501367,233.75084,45.931767,9.7571
219485551,242.92229,45.473724,9.82433
316489786,260.26743,44.042587,9.99405
157374341,238.37027,44.95854,9.1372
219086380,257.40536,45.36372,8.63775
316490215,260.28107,44.97626,8.02107
193553602,245.573,44.284157,9.4985
193551769,245.53645,44.525623,7.79537
115268770,250.10753,44.028896,7.5053
115520767,253.78645,45.200443,9.5159
193553293,245.58818,45.299145,9.97299
193551935,245.4865,45.191555,9.6177
115322907,251.03601,44.069695,9.2089
1200927612,242.2286,45.352497,8.84243
116414122,232.02022,44.974903,9.84975
219503736,246.2846,44.851116,9.37687
275036230,258.17206,45.817867,9.62037
219503785,246.2003,44.68993,6.6915
115621918,255.12016,45.778805,6.9823
115507777,253.25511,45.99138,9.4699
275036626,258.22018,44.608482,8.8472
115288867,250.8731,44.943726,8.7873
115279429,250.36478,45.211243,9.89075
115508441,253.26033,44.041336,9.7681
230235809,261.43713,45.3783,9.92249
334984776,259.63077,45.611225,9.86739
275036209,258.17175,45.86806,9.95494
233646774,228.4591,45.686516,9.9817
219468972,240.84349,44.83927,8.99301
115410031,251.90407,45.185356,9.25998
115281452,250.50624,45.18922,8.2647
233641053,227.42188,45.728233,8.9462
356012182,248.36967,44.78749,9.9221
417582123,240.79129,44.75274,8.41
233646116,228.32132,45.837814,8.7283
115506012,253.20357,44.428158,8.578
198588220,256.61066,44.776962,9.63331
219078071,256.7735,44.44202,9.80684
116378538,230.54147,45.131588,8.94543
115279316,250.29704,45.62711,8.86241
115510084,253.48373,44.405952,9.17687
198579531,255.82487,44.44864,9.99738
198579984,255.83594,45.683212,9.38697
115613363,254.8978,44.10406,9.98656
308025177,260.6076,45.457317,9.56713
219477239,241.81026,44.947765,9.1654
155987172,235.27753,45.861713,9.7404
115171496,248.60895,44.240894,9.3558
115171622,248.54872,44.75517,8.78279
116520152,234.11348,45.513954,9.7205
116520103,234.15361,45.293648,9.99864
116382339,231.02132,45.27103,5.04593
157374219,238.48262,44.28771,8.6071
233648915,228.7533,45.089905,8.7442
417545471,239.85551,45.78041,9.149
417545595,239.97739,45.248726,9.3628
219484180,242.74171,44.309498,6.9776
198561727,255.63661,44.757126,9.35139
198561837,255.61366,45.034336,9.20681
115526236,254.30255,45.455143,9.28732
115187841,249.74673,45.589577,8.6253
116441762,232.64832,44.64151,9.24459
116483221,232.96548,45.63662,8.7915
219491406,243.55743,45.175255,9.40428
115277921,250.14427,45.301025,9.35831
219473234,241.31157,45.17784,9.8495
219491490,243.43452,44.77728,8.91086
219473408,241.39638,45.974842,9.34263
417574940,240.61125,45.562443,9.8832
156068280,236.94319,45.732883,5.74524
219505593,246.41832,45.410755,9.5547
156068313,236.90091,45.614475,8.854
219470416,241.10497,44.95314,8.8348
116381032,230.8608,44.67471,7.7417
219471876,241.13875,44.398422,9.2021
219507065,246.5495,44.71195,7.9202
233653118,229.47653,44.33578,9.7711
155969363,234.78069,45.867615,8.0548
156000279,236.02283,45.316067,7.5832
417547121,239.99466,44.99801,9.2215
156079601,237.42157,44.589935,9.4911
156080906,237.66241,45.01038,9.28883
307917089,247.53268,44.871025,8.6481
115447260,252.80821,44.160965,7.61
155942478,226.93732,45.92071,9.4316
298288381,248.09016,44.319374,9.54573
116441841,232.74796,44.28644,9.81176
219479795,242.2663,45.92523,9.91423
156007005,236.35548,45.624928,8.6973
417546943,240.0493,44.279503,5.81423
116386358,231.94037,44.534534,8.7739
155949330,231.57268,44.45457,9.2437
417545709,239.94443,44.74181,9.6555
417545753,239.84305,44.584476,9.1797
156006983,236.33356,45.716526,9.544
233488547,239.08884,45.94884,8.84386
233489548,239.20372,45.506195,9.8489
219480018,242.19237,44.934925,4.3044
233488457,239.08098,45.565327,9.96972
116363657,230.2205,45.66487,5.8175
116541209,234.53986,44.373672,9.3242
116542592,234.72679,44.786617,9.5373
233645019,228.17706,45.133575,9.6186
233645128,228.19496,44.27143,7.1409
155944667,227.3711,45.708847,8.5285
155944732,227.29907,45.341637,8.8809
155944821,227.30774,44.825985,9.5059
116541306,234.54419,44.865295,8.862
116541423,234.54771,45.353,9.5897
156082486,237.72264,45.54067,9.3859
161667616,226.63614,44.655045,9.0573
115410100,251.758,45.394703,9.7788
157377047,238.79591,45.558292,9.724
157376988,238.75119,45.36679,9.5917
233650862,229.18198,45.828068,8.3524
233651063,229.08163,44.58057,7.4166
233650020,228.91817,44.851357,8.3454
233650118,229.05157,45.388264,8.4332
233651021,229.13116,44.841843,9.1468
193553660,245.69135,44.083607,7.62396
115322611,250.94504,45.07708,9.44799
115267934,250.04474,45.61461,9.46701
115422556,252.40051,44.843918,9.65626
219482593,242.46436,45.884624,9.69566
116362165,230.17366,44.434376,5.7891
219487246,242.99413,45.442326,9.06921
155969219,234.7992,45.1174,7.80359
233644981,228.16472,45.38445,9.5137
219494122,243.82085,45.900566,9.291
417544484,239.75125,45.611797,9.06312
417545554,239.92612,45.452892,8.66709
233648895,228.88377,45.24432,9.5642
156006987,236.25304,45.687866,8.1859
219495972,243.98927,45.18207,9.47261
156007197,236.34409,44.80421,8.9281
219491535,243.4194,44.52134,9.57146
233654143,229.66516,45.01726,6.8876
233654246,229.56235,45.61983,5.0493
233654309,229.63847,45.943493,7.9591
116385141,231.76964,44.603813,8.2256
233653942,229.68044,44.044033,8.7888
116385046,231.77287,45.045734,9.7805
156074400,237.24393,45.7937,8.5817
219474354,241.47845,45.495327,7.80294
233644997,228.17532,45.27738,9.89532
157351061,237.96043,44.697704,9.21957
417542739,239.5369,45.603737,9.9929
417572401,240.44766,45.08508,9.6333
156073212,237.05476,44.595966,9.48881
156073273,237.15741,44.93082,8.97668
156073451,237.16582,45.7256,9.1601
156073108,237.14145,44.036335,9.3922
193556787,245.8865,44.378403,8.38845
417572256,240.34146,44.549084,9.73495
233644220,228.02696,45.16423,9.0284
219485816,242.78653,44.26927,9.55825
193553609,245.69519,44.252567,8.8978
219485855,242.84673,44.105816,9.3162
116384918,231.68175,45.603916,6.674
116503138,233.88336,45.763577,9.5435
116505174,234.1056,44.950577,7.2841
116505210,234.09254,44.827724,9.6351
116503013,233.91429,45.44786,7.9076
1101905531,231.32141,46.129456,9.83169
1101906126,231.72095,46.15903,9.7339
1400560119,261.23016,47.0217,9.2245
1400472894,263.58066,46.944798,7.7597
1200938490,243.43173,46.639725,7.973
308088798,261.23016,47.0217,9.2245
10000658786,251.74434,47.52677,8.861
116384048,231.32141,46.129456,9.83169
116384812,231.72095,46.15903,9.7339
116488426,233.50203,46.624218,9.804
219491081,243.43173,46.639725,7.973
274969848,257.62094,46.75034,8.43
274978557,258.1291,47.39487,7.414
270362674,263.58066,46.944798,7.7597
164362661,265.1982,47.006104,9.97459
164364047,265.42316,47.34668,7.2513
164365027,265.382,46.323242,8.68244
164364768,265.44568,46.57913,9.7927
115265331,249.88553,46.195263,9.5538
115266022,249.85538,47.13298,9.92852
115582980,254.4734,47.3673,8.422
188779088,261.98776,47.908367,9.706
334903827,259.5788,47.50576,9.3286
356011149,248.38411,46.55346,8.03791
270319728,263.17154,46.659103,9.8872
270319489,263.33124,47.27374,9.5308
270319252,263.20648,47.90696,8.73855
270319258,263.20715,47.888706,7.72833
164319943,264.8056,46.154972,5.256
193635242,266.99738,47.583866,5.8582
193628863,266.6617,47.866425,7.6796
164319891,264.8662,46.00633,3.98628
164320907,265.08298,47.317142,9.8334
164320948,265.00333,47.195984,9.4292
164320742,264.99084,47.73005,8.99999
270257970,262.65207,47.654945,9.3322
270258130,262.53128,47.268105,7.138
308072572,261.12534,46.13499,8.8464
274977903,257.9654,46.23453,9.4647
7494869,258.497,47.901535,9.3812
270319027,263.05447,47.401173,9.796
270450344,264.14285,47.480103,9.53
270217688,262.1204,46.08372,8.0871
270450297,264.04025,47.326366,8.0123
193629095,266.71402,47.38967,8.4631
270217681,262.0678,46.064484,7.73157
274966714,257.49872,46.891346,8.82786
270258076,262.56845,47.402195,6.5274
270258107,262.61343,47.33863,9.98486
356196938,266.92374,47.983593,8.59272
230239187,261.77557,47.913708,9.62054
193580264,265.89044,47.405067,9.6703
230238980,261.56235,47.374023,9.866
230238997,261.59506,47.415695,7.187
270282515,262.75153,46.30245,8.7881
270282857,262.7914,47.16701,9.2367
188831731,263.6436,47.98543,8.9034
164320243,264.8552,46.867443,9.5382
164320015,264.94925,46.319992,8.8026
188667295,259.82806,47.985294,9.94272
270282723,262.6848,46.842434,9.4353
230238979,261.6939,47.37308,9.2515
164375274,265.5469,47.87513,9.3405
193580152,265.8187,47.101738,9.49443
193579896,265.83508,46.558044,9.0211
193580103,265.8083,47.00472,8.5809
193601325,265.9779,46.916245,9.6862
308024223,260.65033,47.867634,9.7143
308024284,260.672,47.72006,9.04754
308089071,261.36115,46.303295,9.4256
308072817,261.0738,46.70621,8.4697
308072884,261.2066,46.85884,8.9472
308072905,261.05325,46.92247,9.2462
270401297,263.6744,46.733997,9.0068
219083436,257.24594,46.792717,6.7545
270253604,262.29633,46.123432,8.9685
270515855,264.44452,47.941006,8.5352
270401625,263.7473,47.532043,9.20744
270253531,262.32217,46.315536,9.543
219083551,257.22842,46.505417,8.31325
308088090,261.16452,47.06631,8.77518
334903667,259.5365,47.260822,8.1544
193680776,267.1118,47.76888,7.3942
164320390,264.8134,47.244785,7.55242
274969953,257.74734,47.11022,8.3651
270362920,263.65182,46.342216,9.2573
115517885,253.55719,47.469864,9.1342
115518160,253.5783,46.539,6.77528
115583162,254.5967,47.883507,8.94179
115583671,254.65907,46.130024,9.69872
164374883,265.60867,47.447628,8.8389
198563011,255.70352,47.218468,9.1482
198563167,255.72603,46.710903,9.2052
198584712,256.27286,46.967136,7.16887
115611601,254.71309,46.263237,9.2746
230238788,261.58743,46.77855,8.48628
230239487,261.751,46.926884,8.7658
193575115,265.6893,47.1128,9.0204
230239740,261.76294,46.221996,9.84878
270450917,264.2128,47.076977,9.59345
115517537,253.53845,47.2459,8.4183
164306113,264.60718,46.972885,9.8364
219078635,256.79877,46.233395,9.58162
198562989,255.75856,47.302727,9.57144
115611558,254.71936,46.119053,9.9277
270450687,264.29062,47.58199,9.74467
270451030,264.24103,46.811077,8.81339
115180683,249.04668,46.61333,4.98428
115180636,249.06049,46.79422,7.3179
115180685,249.09717,46.61003,8.1774
198562505,255.65169,47.08188,6.0913
270257225,262.3784,46.35491,7.827
274970122,257.72705,47.615337,9.7019
417582433,240.69957,46.0367,4.82252
459986319,259.8942,47.33162,9.68427
164373827,265.50772,46.2908,9.6184
308024530,260.57062,47.08246,9.4522
219079040,256.729,47.670612,6.20479
198588770,256.55453,46.384586,9.7827
308024592,260.661,46.947845,8.3121
188642413,259.41138,47.979244,8.6994
460002136,260.088,46.240776,3.9563
270318605,263.05664,46.330452,6.04379
270318727,263.06042,46.63332,8.24827
270318835,263.1158,46.933205,9.6116
270319095,263.03772,47.529766,9.6031
270283034,262.80603,47.620018,9.5435
417582640,240.7131,46.730797,8.3861
270258489,262.66345,46.3422,8.9364
308023590,260.46808,46.19173,9.46186
270318668,263.02872,46.49449,9.88548
460001699,260.08133,47.459778,9.80153
115180756,249.02786,46.364212,6.8715
219078715,256.79724,46.496086,9.0916
115325590,251.36473,47.405575,9.1801
7545688,258.54483,47.191364,9.7962
7545915,258.47684,46.442516,9.8483
334834824,258.86166,47.344204,8.3046
308072713,261.20322,46.458042,7.60444
230235338,261.5414,46.858566,7.46107
230239726,261.76437,46.271503,8.0467
115325781,251.36073,46.768883,9.39876
334834660,258.7987,46.878365,9.26181
334834927,258.81204,47.713703,9.28877
270362141,263.4729,47.59777,9.4288
270218187,262.16446,47.354713,9.54728
270449787,264.07452,46.14894,8.7089
115448572,252.96283,47.52071,7.3554
308068745,260.95352,47.02135,7.47356
270449782,264.1369,46.14163,9.1147
115449056,253.0113,46.031513,9.4637
308068547,260.9896,47.541065,9.87211
308068560,260.96658,47.516476,9.8952
308068845,260.98642,46.803776,9.55869
230235275,261.4891,47.047592,9.4522
157375274,238.5628,46.35731,9.8098
219083607,257.27145,46.271236,8.5236
115278125,250.16994,46.075157,9.8231
115278746,250.3904,47.577698,8.6939
219083213,257.18253,47.639122,8.3648
115611647,254.686,46.382618,9.8783
460001635,260.13492,47.647636,8.4907
116441271,232.66579,46.858685,6.6368
308072638,261.12494,46.27451,9.7492
270257947,262.67404,47.701344,9.5859
270283589,262.9016,46.605267,9.4058
334857070,259.18988,47.88843,9.4336
270257164,262.42554,46.207775,9.1476
270282826,262.79388,47.089893,9.6599
307917966,247.6174,47.820656,8.40411
334856687,259.10187,46.720814,8.6679
308088994,261.36627,46.482456,9.9175
270283120,262.81665,47.85751,9.24464
308088486,261.21448,47.771908,9.4614
219509766,246.89111,47.341705,6.2229
219509915,246.92442,46.788155,9.1467
219079431,256.82654,46.925114,9.0901
274969780,257.6681,46.556034,6.56516
198585321,256.44397,47.035934,8.9575
164364307,265.41034,47.09029,9.7539
116361759,230.12639,46.263668,8.1921
116520931,234.29454,46.65021,9.4627
115521050,253.70644,46.009144,9.6447
116361628,230.15598,46.925694,7.2361
116520459,234.14354,46.84984,8.1425
115353128,251.46608,46.04469,6.4099
115521130,253.75212,46.276268,5.5286
115521476,253.83542,47.487934,9.2848
362064341,258.6522,46.8852,8.1419
156067702,236.72475,47.608173,9.98354
157374881,238.38823,47.475376,9.9675
219485262,242.78032,46.80522,7.7303
115183789,249.3501,47.733185,8.3726
115184195,249.42899,46.288345,9.8746
219083318,257.17444,47.20158,9.7348
157375047,238.60963,47.46002,9.0554
219086716,257.42035,46.25672,8.5017
115184009,249.32607,46.994015,9.552
115184136,249.375,46.54322,9.8859
115419939,252.36314,46.732857,8.989
164364983,265.3679,46.361855,9.823
193680799,267.16846,47.810757,8.568
460001373,259.93677,47.477295,9.738
115278373,250.13052,46.84982,9.6288
308023708,260.42752,46.509193,9.9756
460001119,260.01096,46.743027,8.17619
116376464,230.43709,47.634315,6.2252
116376740,230.37268,46.356613,7.3939
156006180,236.12193,46.709793,8.287
115183824,249.41931,47.628315,7.50431
219078827,256.76096,46.84659,8.1743
270362986,263.63174,46.19209,8.7599
116483418,232.9536,46.663177,9.2373
116483514,232.94507,47.056835,9.1043
193574844,265.75583,47.781605,9.6601
334834334,258.79813,46.00002,8.474
219079157,256.9283,47.818436,9.3207
334852618,259.0322,47.367958,9.24506
193552555,245.44676,47.730453,9.84308
162577600,244.03828,47.958897,9.6659
155999409,235.86246,46.88258,9.7785
116486241,233.28935,47.819798,9.317
274978391,258.07004,47.917507,8.3952
155999329,235.82169,46.39141,9.8992
155999624,235.84982,47.768394,7.336
198580928,256.06763,47.334,8.3378
230239504,261.8272,46.89646,8.3138
233642820,227.82373,47.171635,8.5403
219517539,247.04831,47.19368,9.7015
115183517,249.13383,47.208763,9.2832
284763173,247.69629,46.81328,9.6521
422987839,260.75836,46.691185,8.6958
115410676,251.79886,47.318512,9.6011
115183676,249.27174,47.736027,8.3989
115119293,248.1987,46.470142,9.623
198580133,255.90381,46.023865,7.00378
115582831,254.45999,46.829884,7.89335
275039072,258.34933,46.692825,9.4182
270213797,261.99124,47.420536,9.1813
334898279,259.3033,46.812603,7.37438
270401860,263.88226,47.748653,8.6851
270401953,263.8685,47.507072,9.7339
270402074,263.97595,47.231464,9.474
270402102,263.89078,47.185795,8.3008
270402355,263.89795,46.57462,9.4747
219485088,242.78516,47.542328,7.6621
307917996,247.56232,47.95238,6.4184
116501301,233.74979,46.23363,9.87443
116501202,233.76497,46.676197,8.7838
270213859,261.87177,47.267124,9.72954
116488427,233.50075,46.624252,9.45156
230227791,253.43517,47.9833,9.7449
219485085,242.7988,47.56001,7.62428
115285988,250.4879,47.371773,8.7339
219506532,246.57141,46.77864,8.9764
284763085,247.72597,47.10243,8.2737
115506724,253.19864,46.629276,9.4041
275039443,258.31064,47.968872,9.3929
417572918,240.38599,47.14263,5.90815
115322205,251.05135,46.37939,9.4551
115507432,253.32304,47.17894,6.7991
115507598,253.28879,46.589603,8.4337
274978520,258.14896,47.522087,8.1114
270253438,262.30106,46.549107,9.1396
334984454,259.72345,46.480213,7.5808
334984614,259.5821,46.019836,7.7157
316526661,264.77063,46.10961,9.88918
116483502,232.83313,47.027138,9.4013
115186918,249.57382,46.909546,9.40986
334857117,259.2793,47.880695,9.29666
316527414,264.7182,47.73909,9.50275
274974844,257.9291,46.700268,9.44124
316526847,264.66403,46.47379,9.9895
308024021,260.41153,47.45366,8.5418
308068653,260.93665,47.273224,9.1163
308068654,260.93582,47.270706,7.6286
116379353,230.79291,46.906258,7.90456
115419534,252.1796,47.798367,8.17661
156067446,236.74846,46.367474,9.7432
116361809,230.13226,46.0254,9.7281
116441315,232.78879,46.696545,9.9539
155948486,231.44542,46.866077,9.1793
115353197,251.45255,46.2932,9.55067
422987887,260.87314,46.513596,9.56834
116520289,234.15395,46.135235,9.443
116520782,234.41383,47.312904,8.5645
156067789,236.93224,47.893017,8.34019
116441174,232.76001,47.33385,8.23374
270252915,262.12894,47.916164,9.6193
233642962,227.87831,46.365044,8.795
233654578,229.60349,47.72456,9.7133
233654606,229.61331,47.947186,9.818
233642497,227.73367,46.745403,9.8499
219520679,247.37672,46.545624,9.2969
219520698,247.41144,46.603683,9.04856
219520972,247.34468,47.645096,9.6193
219517853,247.29504,47.44622,9.5898
115507350,253.3231,47.41672,4.81429
334856942,259.13535,47.508827,8.89
233654487,229.70467,47.107845,7.8962
115507607,253.3498,46.575,8.5919
308068866,260.99106,46.73118,8.2249
219487876,243.15985,47.657303,9.4189
116542253,234.67668,46.448822,9.8767
417582774,240.66322,47.240345,2.2927
116542163,234.74535,46.92656,5.0709
155999515,235.88028,47.311447,9.8923
155999415,235.87755,46.903877,8.3521
274977982,258.0762,46.537647,9.01266
115411432,251.93982,46.57996,9.9125
115582807,254.38141,46.74713,9.3813
270214090,262.004,46.55662,9.86888
270402081,263.88443,47.22426,9.69665
270214133,261.9514,46.42123,8.99822
270402504,263.84497,46.183414,8.8826
115582977,254.42595,47.362144,6.9933
115582979,254.47157,47.366684,6.9039
115183657,249.22206,47.643616,9.49256
284763295,247.76663,46.377018,9.54197
422987681,260.73392,47.17659,8.17852
334898345,259.28372,46.605167,9.1127
270402326,263.9454,46.642273,8.12486
270402455,263.89246,46.30073,9.06123
233648321,228.72183,47.10765,8.3847
233648328,228.71768,47.154022,9.3779
116486620,233.31631,46.092968,7.7932
115423122,252.48424,46.56001,9.9883
233648407,228.72153,47.682907,9.9145
417570524,240.29846,46.419025,8.8199
316490720,260.30447,46.15033,6.7439
155986637,235.18565,47.46287,9.9493
155986902,235.40952,47.219254,8.9233
233652531,229.40994,47.7394,6.69372
116488526,233.54007,47.148815,8.5311
417570451,240.19167,46.714676,9.3621
282941919,236.7154,46.29679,6.3196
274221801,249.89561,47.98492,8.757
115119483,248.28299,47.217407,9.2142
219474090,241.60406,46.762356,9.3927
417582727,240.73473,47.059788,9.138
115187114,249.46469,47.56139,9.0682
115506797,253.17982,46.853508,9.4214
229668187,245.05533,47.58706,8.8857
155969979,234.94615,46.806713,9.7918
115286441,250.63719,47.079536,8.1968
198589091,256.5885,47.429012,9.9462
115506988,253.19748,47.42579,8.1254
156066253,236.42982,46.580727,7.7344
115266362,249.8516,47.709194,8.87213
115622434,255.03027,47.44634,9.2675
115623139,255.25221,46.274105,6.6715
156066228,236.55206,46.482796,9.86596
115446356,252.49666,47.441826,9.5841
233648483,228.74127,47.778843,9.4928
307917784,247.58359,47.243126,9.6326
193606794,266.4197,47.88477,9.5497
417570286,240.15831,47.40325,9.5744
219490837,243.48128,47.59572,7.43284
115187627,249.63155,46.393852,7.135
198562482,255.58354,46.995552,9.7301
219086886,257.3533,46.74128,8.4314
115525933,254.22928,46.401028,9.7631
219487542,243.0151,46.723003,9.7785
115172237,248.58969,47.187897,8.5253
115172924,248.6728,46.000946,9.5986
417544587,239.81873,46.075745,9.5414
115521989,254.01251,46.724083,9.2779
198585671,256.40295,46.02866,8.3207
162619241,245.39067,47.990376,8.4391
219499657,244.34482,47.32977,8.6497
193514523,245.25647,47.774628,8.82638
198585564,256.35733,46.355812,6.37221
219487734,242.98006,47.54822,9.5198
115410410,251.78008,46.434338,8.9229
219079258,256.94635,47.454426,9.44653
115278824,250.29495,47.28581,9.2387
115325544,251.34381,47.579018,9.6847
115410334,251.88014,46.19153,8.86497
115521693,253.95122,47.65735,9.426
219491207,243.47691,46.08589,9.4182
116438688,232.40207,46.546413,9.5693
162577560,243.83948,47.990524,9.1513
274974999,257.82993,46.163048,9.892
116438630,232.35713,46.853477,9.062
116483727,233.05698,47.93325,8.7332
116438637,232.457,46.825733,9.7156
115583325,254.62349,47.29013,9.22149
274975055,257.8304,46.011013,7.6086
219490440,243.3269,46.5796,8.9399
219468632,240.94937,46.476562,8.6592
116486054,233.15567,46.884666,9.66949
155944020,227.13773,46.439278,9.8723
308024916,260.68015,46.089226,9.6857
155944028,227.18523,46.478928,7.6277
219476986,241.80832,46.222736,7.99863
115423152,252.4975,46.649075,5.63112
115517245,253.43706,46.33681,9.53
219470695,241.05107,46.33777,8.41
116381609,230.9777,47.41652,8.7723
116381523,230.92805,46.974064,9.8258
155942437,226.97823,46.121,9.8643
116542209,234.75777,46.685207,9.6646
116384247,231.28334,47.060814,6.2075
115582906,254.37866,47.0812,8.2601
115582908,254.49779,47.098644,8.6768
219490781,243.45615,47.80148,8.96042
115582796,254.35336,46.72289,8.44516
115582872,254.37547,46.971886,8.51142
193514657,245.26021,47.206226,9.60987
115353335,251.54776,46.812508,9.1125
115521331,253.77414,46.927635,8.75685
115521714,253.92116,47.59141,8.02658
115521808,254.01901,47.37079,6.74653
417544843,239.80704,47.27051,9.4665
219499625,244.3293,47.2047,9.29732
233646514,228.47597,47.501976,7.2227
233646652,228.54573,46.43833,8.307
116440919,232.55801,47.18286,8.3828
156067852,236.94466,47.6081,8.439
156068159,237.00851,46.268093,9.1655
164306172,264.58597,47.146023,7.25302
115265310,249.79341,46.183678,9.67861
198588680,256.60123,46.18056,8.87535
115187248,249.7031,47.776073,9.77689
198589101,256.5584,47.46483,9.6866
115419002,252.13475,46.075687,9.85242
233642515,227.7086,46.848434,9.21871
417542376,239.59811,47.117455,7.7477
219520582,247.48419,46.193676,9.5967
230225787,252.6102,47.738544,8.3409
219520841,247.46783,47.17657,8.9991
115507726,253.22374,46.13496,8.40878
417542275,239.62701,47.59328,9.77231
233646483,228.51082,47.706272,9.3741
156068079,237.03561,46.570793,9.373
116416100,232.21384,47.805992,9.3332
219488095,243.1166,46.706917,9.6268
460001886,260.07053,46.94737,9.4012
219503280,246.27744,46.490868,9.6462
198559035,255.3774,46.638268,9.4835
164306159,264.56982,47.106792,9.94546
417542297,239.63696,47.494434,9.61335
334856637,259.12158,46.603374,9.9517
219493356,243.59325,46.59453,9.2041
274241421,250.44023,47.926334,9.9327
274978406,258.17017,47.918156,8.793
274978578,258.1226,47.328205,9.7778
417569875,240.08546,46.478954,9.9488
115322188,251.07753,46.448772,9.8054
417572785,240.3829,46.52247,8.85961
417572931,240.42462,47.184814,8.93886
115285921,250.5573,47.09881,9.17874
115622262,255.08609,46.87181,8.35559
115278776,250.3304,47.465008,8.1599
156067565,236.72423,46.98626,6.535
219470772,241.11563,46.690937,9.4735
219503177,246.30907,46.868572,8.6922
233488557,239.035,46.01784,9.7534
159841533,236.57442,47.927837,9.8393
115354009,251.61917,47.005066,8.69852
156066514,236.4488,47.895237,9.34896
115179926,248.96182,46.491146,8.6261
116504630,234.08159,46.301674,9.7142
417574741,240.6006,46.42376,8.3265
417570434,240.20451,46.785347,9.8985
156006064,236.10371,46.257397,9.1979
417570551,240.29796,46.28282,9.17924
115410349,251.85414,46.247738,8.6006
157365729,238.28534,46.040062,6.40778
155944347,227.35481,47.610664,8.6943
115353877,251.62766,47.44914,7.8699
356010387,248.42062,47.89089,8.92121
274966709,257.58624,46.90069,9.12511
157365503,238.33386,47.137344,9.5263
155986992,235.38992,46.718296,8.1641
188779087,261.98566,47.908455,8.6695
193634910,266.78348,47.612247,6.41082
116485988,233.14354,46.561584,9.1367
116486112,233.2717,47.20586,9.76545
155986554,235.16417,47.123055,9.7811
155986744,235.18425,47.854904,9.48296
219482445,242.56232,46.53241,9.6118
115419685,252.29729,47.543354,9.8525
116384831,231.8238,46.030132,9.4284
116488748,233.74052,47.629795,8.484
115525067,254.16908,46.426796,8.5197
115419893,252.31218,46.881207,9.1101
219484965,242.63219,47.807003,6.7653
116501075,233.66495,47.362453,9.87297
115448149,252.79381,46.895885,9.37
116440717,232.48149,46.237587,9.8416
116440747,232.54,46.386086,6.4767
116440878,232.5887,47.032146,8.6666
157364971,238.16997,46.051464,8.0478
115289298,250.8335,46.461933,9.96449
115447876,252.748,46.082275,8.4974
116440776,232.51587,46.561993,8.932
156079876,237.51677,46.015,9.6827
156080467,237.69449,47.015705,9.0537
157350625,237.92636,46.667194,8.721
157350752,238.02638,46.119984,8.9484
219509519,246.84212,47.503643,9.0167
115289180,250.92859,46.03604,8.3472
157365329,238.17384,47.970566,9.2442
116416167,232.34706,47.71341,6.82157
274974618,257.8144,47.487377,9.4188
198581029,255.99013,47.10721,9.33471
198581371,256.02206,46.089863,7.3669
115612759,254.96751,46.020184,9.14163
115286414,250.68462,47.15894,9.9353
156073832,237.15411,47.51876,8.3825
162577566,243.8635,47.947636,7.1899
193994338,231.49934,47.892914,9.60723
116485907,233.25659,46.22256,9.61942
157350715,237.99684,46.228886,9.878
116483853,233.12766,47.29882,9.0814
116415984,232.18497,47.20151,6.06717
116416036,232.277,47.517242,9.4649
356010601,248.32664,47.529644,9.98115
156006568,236.35939,47.552273,8.915
219482178,242.56659,47.743233,9.8509
219491138,243.51286,46.383953,8.8015
233489114,239.27441,47.38932,9.3047
156067967,237.0042,47.105003,9.45721
115180249,248.88892,47.681694,9.87863
115180250,248.88889,47.683083,9.19925
233489108,239.29254,47.409264,9.1284
156067896,236.92093,47.41275,9.6288
115180292,248.94742,47.85228,9.77322
115179987,248.83418,46.768726,9.71342
115172174,248.48763,46.91916,9.34367
115172251,248.47719,47.271168,8.50657
115172252,248.4791,47.27161,8.45045
115507103,253.20108,47.75819,9.73296
219476795,241.83963,47.07831,9.51274
308024843,260.60162,46.301807,9.55663
155989216,235.5232,47.340954,9.9479
155989143,235.48329,46.980736,9.9864
115446313,252.47192,47.316795,9.88372
115517237,253.43118,46.29394,9.86437
157418804,238.77907,46.40361,9.5992
115289784,251.0477,47.781574,9.689
274978556,258.1273,47.395123,8.8156
115322227,251.0095,46.332108,8.69719
283828924,228.49556,47.96903,7.28887
219493625,243.66812,47.889626,8.50804
115172637,248.74597,47.07039,9.06911
115321978,250.9886,47.188534,9.38283
115322255,251.08728,46.25278,8.6579
274673094,256.08795,47.992554,8.57063
417544773,239.78474,46.956467,9.40991
219496479,243.91315,47.214714,9.205
116363825,230.19707,46.34601,9.89931
233642645,227.72865,47.62459,9.8997
116541746,234.56769,46.797737,5.3876
233642516,227.70149,46.850174,9.3677
219468488,240.92702,47.059494,9.8527
233650574,229.16446,47.63089,7.635
233650553,229.07265,47.802654,9.617
233650766,229.19743,46.345253,9.9504
115419820,252.38017,47.108,9.1847
115420090,252.28497,46.216114,8.6916
219517985,247.2796,46.978127,9.97734
233650742,229.08678,46.52539,9.9652
233650631,229.05363,47.179993,9.7794
233650663,229.11938,47.020782,9.82919
156080156,237.45705,47.472805,7.8585
116441327,232.7261,46.63613,9.09861
156079879,237.41937,46.02145,9.8887
115448219,252.73016,47.143806,9.80095
233644785,228.15297,46.53845,9.2666
233644657,228.07448,47.420532,9.6756
219479685,242.1486,46.32652,9.0698
155970075,235.06622,46.348366,9.9876
219496585,243.93982,47.666943,9.75343
219481894,242.32446,46.81206,9.08035
219485037,242.87602,47.769,6.8564
219494059,243.88055,46.152935,9.8205
219487439,243.06313,46.22603,7.2829
115353752,251.59924,47.543304,7.5584
116413427,231.90002,47.509956,9.4643
115354038,251.60297,46.91955,9.44664
116504725,234.04994,46.10422,9.5649
116503705,233.82426,47.213257,9.676
116504004,234.01802,47.917027,8.8791
116503833,233.89793,47.558357,9.64159
1101981725,234.69643,49.70478,9.1198
1101982623,234.1287,49.85011,9.5677
1400550420,267.0442,49.721542,9.4823
1400535217,266.33496,49.09782,9.42594
1101973355,234.02582,48.815937,8.7465
1101973358,234.02579,48.81563,9.0359
1270997877,259.56125,49.863483,9.4836
1270997878,259.56165,49.86353,9.3773
1270885930,259.47055,49.30504,9.0477
1270885932,259.47116,49.3052,8.6418
1400591392,263.93036,48.454803,9.4148
1200962604,240.71104,49.029182,9.6717
1201054769,244.43776,49.297253,9.9701
1201054770,244.43742,49.297092,9.9156
162591273,244.43742,49.297092,9.9156
1201038628,246.0388,48.353085,8.2163
188775232,261.86194,49.746037,9.084
162673762,246.0388,48.353085,8.139
188834233,263.93036,48.454803,9.4148
188643128,259.56165,49.86353,9.3773
188641920,259.47116,49.3052,8.6418
159968833,240.71104,49.029182,9.6717
356148252,266.33496,49.09782,9.42594
356225198,267.0442,49.721542,9.4823
335962893,265.86926,49.880836,9.393
235567750,234.1287,49.85011,9.5677
235567528,234.02582,48.815937,8.7465
444063097,234.69643,49.70478,9.1198
274554515,254.41145,49.58825,8.216
356239866,267.5661,49.142506,9.821
313494253,248.53116,48.73773,8.9068
362083482,263.72806,49.4683,9.2655
362083116,263.81042,49.852978,9.62875
362083063,263.81363,49.93441,9.0809
362083454,263.74313,49.50249,9.7497
362084117,263.9026,48.825256,5.8796
362084547,263.74155,48.38712,8.9404
356238981,267.3891,48.469196,9.68027
356226853,267.25256,49.795128,9.8603
356226441,267.1928,48.835705,6.17
356226440,267.26846,48.833996,9.7425
188832206,263.59552,49.21432,8.6077
284901873,264.7785,48.794415,8.408
284901798,264.63394,48.651108,8.3982
329272146,269.22452,49.620037,8.5601
188822060,262.78387,49.059765,9.637
356339147,268.38974,49.664253,9.7496
188821766,262.7793,49.72421,7.1263
188822965,262.97278,49.061134,9.0645
188823232,262.88785,49.723244,6.79785
284901820,264.6805,48.69207,7.40747
284901699,264.78494,48.441143,7.6782
284901900,264.64185,48.849064,9.74235
356347703,268.63483,49.63349,8.2714
316493515,266.15823,49.231766,7.5641
356346093,268.50302,49.79514,7.54044
284968711,264.93176,48.668545,9.06057
188600134,258.2198,49.010624,9.0516
356239023,267.5139,48.394154,6.81266
188831999,263.64542,48.67399,9.3859
188770072,261.5318,48.272964,8.0397
188831327,263.4328,48.84444,9.9171
188832402,263.68253,49.71067,8.6286
188832449,263.60605,49.823196,9.1174
188667254,259.83795,48.061886,9.0702
188831021,263.43234,49.704693,9.5005
335954132,265.54605,49.002567,8.0044
188831022,263.3802,49.699684,9.60574
356337771,268.0882,49.06208,9.7252
188818372,262.52737,49.09047,9.7385
188831342,263.54758,48.81672,9.4934
316493752,266.2338,48.796295,8.3498
356197616,266.97327,49.59888,9.45
356239688,267.58987,48.81778,9.7982
356226379,267.2575,48.660713,9.779
356225607,267.11966,48.85434,8.54455
188831612,263.5189,48.141342,8.8933
356197297,266.94534,48.827633,9.5173
188818003,262.53775,48.13717,8.16976
356239484,267.69647,48.397934,7.56986
188622932,258.48285,48.940845,9.7358
188765203,260.89813,48.534737,9.0179
313607954,264.59097,48.74145,9.4529
284968183,264.87167,49.890427,7.5155
188765357,260.90015,48.13412,8.8514
188765155,260.86993,48.67726,8.6702
356148450,266.2826,48.53493,8.9973
188765943,261.0263,49.21156,9.2521
321602089,264.12695,48.989727,7.5324
356225889,267.1394,48.26074,8.7818
356337976,268.08087,48.6247,8.07474
188666800,259.81802,49.284863,8.9471
356196137,266.62347,49.74001,8.9326
356196850,266.6576,48.11757,9.88754
356238311,267.35794,49.90732,9.82423
188766050,261.09995,49.524536,7.74011
356148447,266.26764,48.547512,9.02355
284968852,264.9108,48.29835,9.0374
274577787,254.92503,49.538322,7.9204
188774394,261.5896,48.198338,9.9743
188635450,259.20743,48.05844,9.6171
188774390,261.71332,48.20349,7.5036
335962641,265.88605,49.353977,9.3229
188779228,262.20145,48.251675,9.78679
274511289,254.11057,48.284687,8.98182
316493611,266.21518,49.05161,9.26877
284968229,264.9498,49.779854,6.60604
274699084,256.72937,48.420837,8.9743
274673131,256.0212,48.133724,9.51047
321601892,264.1569,48.58563,4.34816
356308133,267.87213,49.095215,9.7847
188638993,259.20227,49.691235,6.63862
188822220,262.68735,48.648476,8.9736
188822459,262.7922,48.002197,8.5699
188822340,262.75427,48.32923,7.1778
356226401,267.22623,48.731236,8.0744
321601835,264.14172,48.45773,6.9499
188642246,259.44598,48.41703,9.5678
232568190,247.67986,48.89646,7.2189
188818259,262.54352,48.82814,9.4738
356370899,268.8192,49.511776,9.1791
284901524,264.71036,48.018623,9.9833
162594324,244.7472,48.964302,7.6216
356196827,266.77393,48.161167,9.96341
188727110,260.7869,49.200287,9.8576
367782212,257.60666,48.96563,7.1409
367782374,257.6918,49.346825,5.8446
188691700,260.133,49.01256,6.73043
188832495,263.64795,49.968437,9.2866
335961624,265.62082,48.58618,8.3398
356347696,268.77542,49.619186,9.5552
188726018,260.51974,49.534477,9.82179
188831834,263.62225,48.24699,9.1786
188692788,260.34073,49.763493,8.60509
1400599901,263.59592,49.214252,9.1145
356196235,266.68472,49.493076,9.7487
356196692,266.73376,48.450603,9.8847
356238883,267.4346,48.666546,8.4805
188769333,261.31204,49.43513,9.8289
188818604,262.62616,49.638073,9.23504
188818123,262.4788,48.429283,9.8285
188769439,261.2234,49.182922,8.40015
188818659,262.59436,49.778297,9.9136
188818690,262.54547,49.853848,9.98005
188834179,264.02316,48.330906,9.90319
356309072,268.00095,48.686855,9.81001
162593908,244.60529,48.47076,9.3407
321602266,264.14294,49.33868,8.6699
188769987,261.4621,48.08315,9.069
188770674,261.5414,49.659294,8.7564
274237751,250.22444,48.015484,8.3515
274238208,250.18283,49.417183,8.566
230228148,253.5497,49.391953,9.4859
230228227,253.45091,49.709785,9.9903
274512068,254.21542,49.447453,9.8725
274551673,254.12733,49.989166,8.0025
188770722,261.44025,49.788887,9.4714
274238126,250.1462,49.166454,8.1042
335917972,265.19046,48.36063,9.89346
274238240,250.16829,49.51999,9.9716
274511577,254.27148,48.17239,8.64112
188770668,261.38928,49.64704,7.86619
188834128,263.97272,48.203262,9.0106
188834642,264.07312,49.445683,7.42706
274624019,255.71582,48.41395,7.9323
274624413,255.56656,49.59396,6.22831
274624415,255.73651,49.59565,9.8611
356337657,268.16476,49.353645,9.5645
335949417,265.3636,48.544514,8.26468
313592609,264.5372,49.20588,9.47595
356196497,266.6752,48.92567,9.9033
188727202,260.72098,49.524464,9.8162
274698417,256.65054,49.201584,7.96968
188727201,260.67484,49.52034,9.0463
356148817,266.48248,48.155933,9.41208
188775231,261.862,49.744884,8.4679
298551065,265.00958,49.888577,9.6286
367781051,257.5272,49.80907,9.4529
188826812,263.10233,48.746128,9.2468
188764691,260.86615,49.918438,9.7207
188774940,261.8634,48.99001,8.4224
188667492,259.9872,48.356754,9.27516
188775298,261.75662,49.917675,9.42622
232571526,248.01332,48.98061,9.69734
188822749,262.86212,48.547485,9.78421
356337917,268.10568,48.74426,9.8898
356239477,267.63614,48.392082,9.2575
316493136,266.1378,49.992725,8.7256
356309315,267.9676,49.274364,6.9413
335953811,265.63275,49.60504,8.4963
274507989,253.77487,49.562046,9.80358
284968320,264.95068,49.594757,8.7528
284968669,264.85806,48.78049,9.3067
362103163,263.7366,48.04509,8.5713
367781096,257.42776,49.708824,7.68874
367781434,257.52243,48.768826,9.9977
284902257,264.62988,49.639164,8.09502
316493583,266.17987,49.103863,9.078
356339131,268.4178,49.63016,9.4823
367813693,257.92575,48.862087,9.74793
367813024,257.87552,48.620316,9.2225
335917151,265.25623,49.998768,8.9833
356225937,267.15918,48.165855,9.0196
232574953,248.45912,49.49936,7.1094
367813354,257.98767,48.03445,8.953
367813724,257.99567,48.92783,9.5373
188641738,259.52002,49.767433,9.8565
188831044,263.37476,49.64019,9.9313
316493859,266.1638,48.529858,8.1552
356197644,266.87018,49.661285,9.0775
188774365,261.68436,48.260063,5.70303
367813983,258.00006,49.59509,9.6696
188827771,263.2598,49.345222,7.35066
356309431,268.0425,49.536385,9.84643
367813847,257.97153,49.243027,9.7883
274507918,253.81168,49.342445,8.7536
274724250,256.84323,48.399326,5.68088
367813122,257.74188,48.374535,8.2243
188779039,261.93692,48.065193,8.8273
356309589,267.939,49.883762,8.7911
367812585,257.91977,49.74583,9.1004
367812583,257.91782,49.746357,6.0492
321602330,264.1876,49.460613,8.7675
356225725,267.09955,48.585075,8.9743
230228036,253.43666,48.95062,9.9782
274274478,250.71002,48.225372,9.6454
356149215,266.62122,49.210087,9.8137
362078121,258.35928,49.736797,9.4537
313421226,228.16232,48.12575,7.7516
313421471,228.35199,49.00672,9.9824
193992063,231.24342,48.03812,7.934
162631761,245.62158,49.5878,7.3584
274221448,249.68686,48.928337,3.0614
162577406,243.80255,48.50123,9.0456
162577248,243.83308,49.06642,9.233
188765639,261.13367,48.475677,9.5787
274672827,255.78262,48.568447,9.526
332366816,257.20087,48.93365,9.9988
356225087,267.1313,49.953964,8.5663
316493573,266.23306,49.119522,7.521
313496030,248.88242,49.985428,8.8635
313495498,248.9103,49.12,9.7914
232568120,247.77013,48.673164,8.78764
188622969,258.51843,49.059727,8.6245
274676504,256.28635,49.667545,8.4435
274676814,256.2074,48.804012,5.15504
298541986,265.12244,48.578148,8.2654
274368771,251.93744,49.11142,9.9535
274386381,252.58676,49.4281,9.968
162556423,243.7623,48.79074,9.6688
162594384,244.77249,49.222435,7.7103
162553243,243.2505,48.412563,9.4162
159982728,241.3666,48.40789,8.6279
162594118,244.70094,48.217945,9.4399
162553211,243.27547,48.305367,8.8333
274383331,252.32709,49.043217,7.9795
274383419,252.45221,49.303448,9.86978
274335816,251.43535,48.195305,8.68727
274507651,253.89122,48.610794,7.4064
335962892,265.8693,49.87952,8.2912
162493539,242.32133,49.77798,8.72269
274555165,254.60468,48.000946,7.5383
159921777,240.0037,49.83793,7.2832
159939324,240.33862,48.128494,9.3626
159938973,240.19438,49.517624,9.2059
274458869,253.11816,49.526222,8.637
159921579,240.06488,49.109222,7.43194
274274057,250.77971,49.572796,8.3995
274458245,253.03268,48.050106,8.0446
274676482,256.1654,49.7407,8.901
274677097,256.21906,48.0876,8.1783
274577711,254.97604,49.331093,9.8454
188692224,260.41714,48.20987,9.6196
162518982,242.7745,49.427544,8.6196
188766090,261.10532,49.643684,9.00938
188817152,262.32925,49.81003,9.58803
356338794,268.2716,48.91397,9.8461
193994599,231.57687,49.223293,9.87866
162673617,246.10478,48.74675,9.8717
313547856,249.38177,48.391693,9.2366
274369276,252.0057,48.0227,8.77284
162553452,243.29333,49.08888,9.3998
377391412,237.61621,49.445988,9.4984
329270420,269.05835,49.348267,9.2555
162553024,243.22672,48.187763,9.5128
188779058,262.04028,48.028667,9.8325
159968463,240.6897,48.35102,7.3742
274335507,251.49815,49.154232,8.1539
274313370,251.24126,49.478436,9.7275
274222073,249.78865,48.965927,9.5475
284902397,264.76337,49.920727,8.6054
274598778,255.30893,48.61745,8.379
274511541,254.14326,48.06416,9.06799
274511679,254.2457,48.414825,8.4049
274512056,254.17351,49.414085,9.5775
188773705,261.5913,49.83523,9.1106
188778485,262.03116,49.41819,8.9451
335961679,265.59012,48.47649,7.9865
377391729,237.50026,48.134983,9.8513
274623307,255.54633,49.33043,9.8493
162519445,242.94833,48.282364,8.1395
162519885,242.9272,49.963,7.6024
286213345,248.76648,49.39476,8.3811
286213408,248.77962,49.60919,9.7814
274241612,250.6631,48.406612,5.8885
162553144,243.2717,48.09362,5.9446
458485963,241.68553,48.706738,7.4112
313421138,228.18225,48.58078,6.21651
235569271,234.35641,49.891678,8.0405
162616514,245.19261,49.16498,8.59437
313420961,228.0917,49.45633,9.5501
159830629,235.64763,48.018578,9.7043
235563703,233.2235,48.271133,9.9735
235569253,234.21715,49.981613,9.8847
162596691,245.0192,49.509075,8.9454
162619166,245.36745,48.251465,9.706
162553503,243.39722,49.270416,9.67243
162555676,243.57367,49.81936,8.9156
162556030,243.45488,48.529224,9.3986
274485542,253.3307,49.912575,9.73676
162591078,244.38939,48.61334,9.9319
162555671,243.54417,49.86705,9.91482
274486053,253.2793,48.552788,8.5216
159982417,241.2568,49.602028,9.5383
274382810,252.2085,48.417,9.46228
274458802,253.13283,49.389645,9.217
274458985,253.20044,49.85172,8.5742
274623271,255.56596,49.423214,8.54685
274623402,255.40718,49.071297,9.5236
162555707,243.54208,49.689713,8.5584
162555827,243.52559,49.217884,8.909
274723999,256.88187,49.081493,9.8383
274577260,255.00275,48.025684,9.64928
188631885,258.9643,49.415264,9.6824
274457752,252.94635,49.41426,9.2757
159939281,240.1667,48.314137,8.62203
159939678,240.4032,49.06727,9.9674
159853551,236.79062,49.34722,9.63096
274458110,252.92387,48.48067,9.42422
274676801,256.14664,48.825123,9.57008
274485843,253.3438,49.091133,9.2542
444062595,233.297,48.418343,9.7012
357521366,255.18634,49.874382,9.368
235565290,233.81177,49.698368,5.8715
235565359,233.79945,49.99464,6.02611
274387045,252.71318,48.343773,6.5774
274576866,254.70815,48.92184,8.9938
274577068,254.79002,48.37937,8.5398
357520828,255.15039,48.272984,9.6527
235565113,233.71094,48.8445,9.97114
162618814,245.3662,49.670456,9.9966
235556817,232.24124,48.375034,9.9758
162618848,245.35326,49.5299,8.8018
159971025,240.96664,49.825665,9.4377
367812763,257.86823,49.236366,8.5031
162619009,245.31781,48.882774,8.4115
188600033,258.2761,48.750553,9.8111
162618912,245.34915,49.305485,9.3907
274554412,254.4796,49.89817,9.2228
274554785,254.36487,48.815838,8.65064
367812924,257.88275,48.841434,7.9704
367812950,257.8725,48.779587,7.5993
188600383,258.2127,49.733334,9.4322
235565353,233.66031,49.959488,8.9063
235566998,233.85791,49.534096,9.9128
274225296,250.00258,48.49746,9.895
274724639,257.1325,48.575756,8.2046
274386628,252.63179,48.697716,8.0382
274386817,252.5619,48.14844,9.97159
274555099,254.45883,48.042606,8.0465
444062845,234.6384,48.462784,6.402
162632527,245.87189,49.157753,8.3196
321670798,264.4326,49.33294,9.7678
313592558,264.49084,49.339718,9.5433
274382908,252.16898,48.123734,9.8912
193971077,229.72424,48.8062,8.2071
162632216,245.89233,48.05269,7.53689
321670644,264.29553,49.674767,8.5464
321671083,264.3676,48.759937,8.1361
321671343,264.27353,48.21026,8.5963
321671417,264.44086,48.062843,9.1149
188826513,263.07196,49.505615,7.6241
310167119,238.98878,49.64371,9.7402
162578142,244.06708,49.945816,9.4137
274225399,249.96114,48.21473,9.2267
310167781,239.20209,49.01183,8.3392
230227840,253.5047,48.182537,9.69921
274598901,255.25735,48.96215,8.39277
159968520,240.534,48.13791,9.43035
162591330,244.34329,49.50708,9.7809
188774210,261.72333,48.61137,9.94306
159971874,241.06976,49.28756,9.1354
159971690,241.08076,48.481953,8.7562
274368722,251.80107,49.266632,9.4497
159872509,237.69249,49.44318,9.9731
162519603,242.92941,48.832756,9.2275
193992141,231.24619,48.368176,9.933
159880209,239.68822,48.895107,8.6881
159939904,240.37798,49.977787,8.1765
162616298,245.07933,48.275005,8.8478
162522037,243.13644,49.471798,7.5675
159880411,239.78737,49.78076,8.3817
274221551,249.72357,48.639336,8.0239
274458162,252.95433,48.337395,8.2271
274458187,253.00081,48.25177,7.9456
310170507,239.48418,49.471745,8.7989
159921141,239.85017,48.668694,9.4639
274221717,249.7115,48.126698,8.7964
162689748,246.76315,49.72968,9.6546
193975285,230.22873,48.362385,8.9574
162594341,244.79672,49.03816,4.71065
313493955,248.54314,49.224678,8.63227
159856388,237.16191,49.822987,8.5221
193975290,230.34883,48.318497,9.933
274241634,250.59258,48.46703,9.7223
159856189,237.22598,48.937683,9.8782
232567631,247.58336,48.822014,9.40796
332366987,257.22943,48.462353,9.60967
286213044,248.77533,48.4255,8.24143
274242146,250.61589,49.93644,5.9527
274221477,249.63559,48.862293,4.2851
274221205,249.76086,49.589382,9.9775
283828872,228.4089,48.21386,9.9889
283829138,228.59273,49.055553,9.6119
159856336,237.19168,49.59814,9.4383
284969558,265.9568,49.09539,9.9587
444064898,236.25124,49.658978,9.6933
274555443,254.55911,48.758396,9.8135
274555683,254.5591,49.355366,8.70737
274201430,249.50706,48.512417,9.7726
188634818,259.08954,49.568962,8.526
274698843,256.51443,48.13863,8.62
188691542,260.14713,49.48646,9.186
188691623,260.18793,49.223576,9.9488
188691680,260.13718,49.059044,8.651
188667936,260.09668,49.555058,8.3335
274201540,249.4062,48.841152,9.1761
357520993,255.04237,48.724483,8.3129
357521248,255.05557,49.471737,7.33333
362078213,258.37097,49.944855,9.2839
188667537,259.99762,48.462856,8.8468
284969074,265.8968,48.054947,8.6996
162631784,245.60835,49.522278,8.86937
444060157,231.09137,48.210766,9.1561
313495470,248.87082,49.086685,7.1681
159810326,235.31255,49.59222,9.6442
162632115,245.61942,48.163403,9.8209
274369479,251.96603,48.55929,9.48195
159853670,236.88515,49.883068,8.7844
283828729,228.52084,48.973934,9.5812
235563358,233.2541,49.939323,9.15357
283828652,228.38129,49.312412,9.78756
274725072,257.17426,49.75535,9.07257
367812600,257.88995,49.693684,8.80975
274554671,254.4146,49.159813,8.62318
235556824,232.34021,48.407032,9.85984
274624341,255.62608,49.372616,9.91737
274554689,254.34119,49.08194,9.78484
159971253,241.01534,48.956936,9.92786
162555767,243.48251,49.439716,9.3171
274312171,251.14395,49.862946,6.9284
274485983,253.3668,48.761017,9.6743
458486113,241.69812,49.359734,8.8556
162577464,243.8158,48.328377,7.7993
274312725,251.152,48.264416,6.0014
274241644,250.66454,48.489918,7.9328
321671387,264.40414,48.121635,9.9789
310169902,239.29585,48.80398,9.4068
162673275,246.12675,49.837284,9.288
274382874,252.27254,48.235477,7.28518
367782310,257.5957,49.19748,8.50374
188826465,263.0051,49.619247,9.16506
193971038,229.78265,48.622684,8.1089
444062897,234.57307,48.70454,8.8668
367782511,257.60144,49.71831,9.86107
367782533,257.59528,49.774956,9.8616
274554489,254.40166,49.663475,9.99358
159873257,237.88376,49.78713,9.3806
159872552,237.62392,49.24835,8.63301
274555061,254.42656,48.141163,9.7904
162496145,242.56696,48.61137,6.5649
162674376,246.25574,49.471203,9.4183
159969062,240.78125,49.92228,8.5714
458486004,241.77446,48.886505,9.2856
162496047,242.58804,48.2523,9.16
286168049,227.63565,48.0009,8.7826
458488201,241.8819,49.482254,9.2014
162632325,245.83224,48.43324,9.5402
193947965,228.92346,49.27493,9.6482
162674145,246.2366,48.646305,9.0681
162674445,246.16823,49.69347,9.7913
159980470,241.17142,49.879955,9.95428
162693832,247.24672,48.21917,7.367
367781174,257.5251,49.488605,9.4143
444060435,232.08548,48.970303,9.4727
162590742,244.26765,48.47061,9.3612
162590490,244.18051,49.49826,8.806
193949068,229.291,49.53751,9.63213
310167831,239.24785,49.24233,9.8998
274225042,249.96107,49.237625,9.0394
283829168,228.65045,49.239906,9.83024
310153183,238.30276,49.459686,9.9336
274221651,249.72673,48.300053,9.9857
274204123,249.7203,49.952362,9.1744
274224907,250.04842,49.68783,9.9183
162590708,244.18416,48.59089,9.5066
159841117,236.56314,49.7678,7.6339
159982461,241.3038,49.398346,9.8111
159841239,236.64009,49.16685,9.91427
159809535,235.112,49.835724,7.9416
159809637,235.21452,49.322704,9.5116
313547386,249.12021,48.928024,9.50745
274274258,250.68173,48.920406,9.68939
356239840,267.549,49.09337,7.8087
162496043,242.68045,48.23227,9.6227
162496061,242.5485,48.326744,9.603
274274369,250.677,48.570473,9.3267
356225899,267.05457,48.240818,8.5744
310170433,239.5513,49.16802,7.5737
162496066,242.53865,48.348804,8.89299
362077808,258.3387,49.047005,9.9915
188770631,261.41882,49.557137,9.3053
188770633,261.49072,49.557583,9.64
356149328,266.49158,49.518257,7.20743
162616410,245.16095,48.687244,8.8341
162616672,245.17374,49.7918,8.59635
162616489,245.069,49.051968,7.63601
162689683,246.80157,49.950733,8.51419
159880182,239.63171,48.818516,9.3686
274222053,249.82881,48.898598,9.9182
193972945,229.95824,48.680367,9.2872
193947756,229.05875,48.120552,9.3888
193975240,230.24223,48.59037,9.283
235559276,232.73003,48.44188,8.6253
162495858,242.41154,48.340744,8.6038
193975303,230.2693,48.225166,7.7638
193970713,229.55643,48.907455,9.5132
235559302,232.59822,48.55968,9.4794
235561328,232.83441,48.9491,7.8294
235558972,232.38927,48.85756,9.9914
235559003,232.39821,48.708347,9.0294
235559012,232.4864,48.694424,8.9811
159812571,235.49165,48.322594,9.6456
159812576,235.62935,48.302544,9.5871
159810299,235.44785,49.445297,8.0465
444060143,230.94258,48.25499,9.659
274274634,250.95735,48.02158,9.91701
309848892,228.92,48.92106,8.0533
235561343,232.81122,48.84435,8.70649
162518870,242.85905,49.898922,7.7593
162519631,242.88881,48.943058,9.60088
162519257,242.76367,48.3192,9.8525
162674298,246.19366,49.22538,9.3882
458488339,241.93665,48.978565,9.79704
458488359,241.9672,48.873444,9.21331
162496255,242.62445,49.038563,9.0966
162686328,246.49028,49.692097,9.83213
235559033,232.42671,48.603737,8.91165
235559090,232.48384,48.306232,9.32479
274336377,251.72948,49.1641,8.86704
274336455,251.63397,49.430515,9.331
367781258,257.44867,49.266476,7.8091
444060038,231.02748,48.770397,8.98753
159982637,241.3392,48.747974,8.5873
159880447,239.76831,49.881042,5.762
162577229,243.81384,49.16244,9.8657
458486045,241.78403,49.083088,7.39739
162577090,243.87466,49.628677,9.94118
193991043,230.80264,48.66066,9.1007
159878966,238.55936,49.110176,9.9671
159782388,234.90117,49.757206,9.42785
188692857,260.38043,49.922474,9.76631
159878889,238.53738,48.76575,9.98023
362077555,258.32843,48.412968,9.8784
274336333,251.75716,49.052723,9.25663
357520858,255.04227,48.347878,9.15627
274507631,253.87747,48.561016,9.74368
284969599,265.9307,49.19443,9.75433
274698474,256.56406,49.061935,9.8431
159782824,235.08147,48.054913,7.3184
274577263,254.8754,48.039417,9.46446
188692003,260.14066,48.18878,5.9138
159921795,240.00739,49.90014,7.61089
274336336,251.72072,49.057484,8.1205
188692055,260.20093,48.054276,8.74095
162577799,244.07149,48.7023,9.58277
162577832,244.04967,48.797066,9.3815
159939213,240.29892,48.578247,7.5141
444065310,236.2542,48.006596,7.95
159872453,237.72185,49.700047,9.0343
193972797,229.9059,49.389557,9.2339
310153950,238.74959,49.860523,7.8293
159939034,240.23529,49.294716,9.14485
310136882,238.15535,49.683514,9.13029
162493452,242.31035,49.356155,9.67672
162577990,244.0365,49.414772,9.67229
193973223,230.14009,48.482418,9.3153
309849326,229.23434,48.970806,9.4605
162493311,242.3193,48.80517,9.6092
193970764,229.62312,48.656776,8.79545
235559221,232.56123,48.203323,9.6122
283858863,230.61603,48.182823,9.6801
193970644,229.54887,49.30546,9.06353
283868258,230.57056,48.013027,9.7403
309848910,228.77588,48.880844,9.77488
235561647,233.02892,48.615967,9.6895
162519062,242.73814,49.063652,7.649
159879031,238.64989,49.39546,9.3766
193990904,230.78523,48.015915,9.6726
159879039,238.60815,49.42483,9.7773
159879142,238.6142,49.941956,9.4076
159782926,235.05666,48.509857,9.28969
362078049,258.3048,49.575356,9.0319
313404109,227.86096,48.692936,8.03276
313404158,227.90213,48.9239,8.842
274274112,250.68604,49.401993,9.44701
356307992,267.83145,49.457104,9.63911
309849138,229.1323,48.113506,8.6478
193947740,229.0398,48.0292,9.0979
1400663286,262.24103,50.87014,7.72668
1400663287,262.24234,50.870285,7.51726
1400665261,262.14905,51.36126,7.1629
1271005754,259.16296,50.606525,7.4563
1400608451,267.178,50.198517,7.2771
1400611049,267.26782,50.781094,5.0123
1201051933,249.76677,51.058773,7.0959
188634465,259.16296,50.606525,7.4563
162689564,246.77052,50.36034,8.372
188780222,262.24234,50.870285,7.51726
188780426,262.14905,51.36126,7.1629
159920631,239.99097,50.8046,9.332
356227035,267.178,50.198517,7.2771
356227278,267.26782,50.781094,5.0123
298551434,265.07214,50.78681,9.539
329269366,269.15155,51.48883,0.925
159840875,236.61757,50.80004,7.561
274222708,249.76677,51.058773,7.0959
274485099,253.31717,51.13892,8.235
162687613,246.64018,50.609715,9.567
444063243,234.54033,50.3448,9.214
162590368,244.32663,50.00993,9.396
162575186,243.68272,50.5679,9.8703
313496073,248.94044,50.05052,9.9793
362081542,263.8723,51.664154,9.8561
362081271,263.7621,51.995056,9.18135
188814880,262.2452,51.77539,8.5453
329270043,269.08997,50.089237,9.4473
298646999,272.3999,51.87252,8.07296
356348550,268.77695,51.463097,8.2708
233514812,270.93036,50.985233,9.7936
329441206,270.1223,51.002445,9.35515
21003437,272.68005,51.741764,9.3632
21003476,272.71524,51.662613,9.687
329349321,270.0161,50.921562,7.47602
356337220,268.16525,50.353016,9.82558
356240314,267.57568,50.144928,9.9333
420887907,272.89743,51.947495,9.7277
233506401,270.3641,50.67132,9.8555
262970406,271.53253,51.281723,8.6036
262970319,271.54605,51.470764,9.9048
420888018,272.8932,51.710693,9.5282
298646738,272.28348,51.363674,7.9497
298646916,272.36157,51.72282,8.7461
233508876,270.5698,51.638783,7.1158
233506692,270.2631,51.26587,8.95
329349183,269.96014,50.652985,8.3525
188821320,262.72968,50.874836,8.5302
21003440,272.75558,51.73993,6.41338
21015225,272.70633,51.509014,8.2907
335953259,265.53204,50.70306,9.0519
188821636,262.73798,50.070274,8.51547
335952841,265.64804,51.60727,9.26845
233508968,270.56952,51.45848,7.6807
233520256,271.18655,51.88214,8.1922
233509090,270.51657,51.171997,9.21068
233518230,271.07947,51.587887,8.6128
356196025,266.6829,50.051735,9.4094
329345270,269.79224,51.91368,7.88385
316493106,266.2311,50.0443,6.7542
356340142,268.3972,51.937973,8.8694
356198029,266.8781,50.63906,8.846
356337206,268.1182,50.39163,8.08215
329291043,269.35016,51.188343,8.96811
188821306,262.66617,50.902077,9.918
329349000,269.89545,50.328884,9.5777
335916346,265.34082,51.818176,5.11497
356348333,268.68323,50.946938,9.182
233509265,270.44363,50.841564,9.5527
233509444,270.58127,50.45587,9.198
188830659,263.3938,50.681606,9.8748
188768713,261.31613,51.057068,8.7531
188780572,262.24994,51.74872,9.30518
188830599,263.40576,50.82526,9.59989
188832751,263.6733,50.55769,9.29842
188641441,259.5138,50.581234,9.67966
356348377,268.78214,51.066833,9.44569
356224316,267.12534,51.717556,8.8412
188823619,262.89127,50.678806,6.8157
321667576,264.16815,51.086704,7.5502
321667487,264.19193,50.863983,9.0689
188766488,261.15488,50.685753,6.9274
188666000,259.76712,51.652508,9.59939
321667532,264.19275,50.984512,7.79222
356310291,268.0341,51.508995,9.67354
329343346,269.5219,51.98515,9.1758
356348079,268.64172,50.36849,9.2819
188768430,261.25146,51.792664,9.7161
188818772,262.6148,50.061703,9.597
188819398,262.536,51.74109,9.9499
284970803,265.94302,51.956913,8.954
356195516,266.63867,51.38229,8.0021
356237936,267.403,50.768486,8.9716
356240404,267.61703,50.357185,9.375
329343252,269.691,51.769047,9.9315
329343189,269.6449,51.652687,9.7894
356147735,266.304,50.260536,9.26078
356370118,268.97815,51.38253,9.2309
329440752,270.1805,51.83056,9.64
329291226,269.46878,50.83958,9.1916
188825647,263.12018,51.661278,9.1649
321670144,264.3545,50.668507,6.9646
321667835,264.25723,51.68337,8.97671
329349536,270.02042,51.31887,9.9173
233509369,270.45084,50.58375,9.527
274626448,255.75362,51.74568,9.8162
274510697,254.02675,50.038876,4.86404
274508672,253.80093,51.706543,9.861
274510104,254.0662,51.679226,8.7509
188600932,258.1924,51.427082,9.3383
188601074,258.25928,51.866096,9.5091
335952832,265.67606,51.631214,8.61166
335953166,265.5806,50.9286,8.71885
424386591,271.35922,50.74798,9.8321
335950376,265.44635,50.486107,6.9011
188833026,263.70462,51.348835,9.0845
356348297,268.78983,50.862022,8.526
188693201,260.30603,50.849102,8.37438
329349170,269.90738,50.628983,9.9687
188820935,262.7089,51.93497,9.357
274574458,254.52538,51.794506,8.36111
362078276,258.38403,50.142345,9.3072
362078606,258.36032,50.941998,9.9828
274556190,254.54845,50.695465,7.09906
298601605,272.23486,51.202805,7.9769
188625521,258.7682,50.66677,9.55269
188625601,258.67917,50.346397,9.54588
329345309,269.86554,51.84301,5.8727
188641015,259.39563,51.76318,8.3756
188641030,259.5061,51.70696,9.9439
188643486,259.6732,50.905403,7.3092
335953007,265.66116,51.266922,8.28997
284969979,265.92783,50.053764,8.6505
188828236,263.3015,50.5271,9.4461
367814673,257.98428,51.438072,9.8422
329441178,270.2315,51.058414,9.61718
367814788,258.0112,51.729095,9.63893
367814782,258.04886,51.709568,9.50638
284970723,266.0683,51.786877,8.12677
356147114,266.3023,51.794228,8.54585
188817057,262.2887,50.04154,8.7411
274624854,255.6648,50.942814,6.53352
188816953,262.3821,50.273224,8.6989
233517853,271.09085,50.79985,7.8814
21031572,273.20587,51.96218,9.2854
274624950,255.68584,51.218147,9.76936
233517893,271.1405,50.876316,9.73431
233517899,271.1405,50.88,9.37114
274552214,254.13974,51.44462,8.2684
274552385,254.29239,51.899036,6.20437
335916483,265.34378,51.471344,7.0601
274238476,250.2485,50.30103,9.76624
274552054,254.29192,50.993618,9.14487
274552215,254.12291,51.446896,9.2814
159769569,234.48073,50.08221,7.143
188773221,261.61887,51.196236,9.2333
162631430,245.71486,50.756977,7.61536
274385966,252.55197,50.606304,9.5669
188668752,259.97296,51.88119,6.95265
188775554,261.90024,50.59744,9.5788
188825962,263.17484,50.843086,8.2214
188825541,263.15903,51.958946,9.95328
188826241,263.1698,50.184837,9.5733
188825608,263.11166,51.77136,9.3522
356370295,268.9614,50.946842,8.1092
329345668,269.7992,51.211853,8.4275
233520224,271.24307,51.942142,9.5427
298553942,271.83548,51.488815,9.5655
274386160,252.55281,50.05745,9.64381
188641043,259.5304,51.659683,9.7805
274510199,254.01912,51.433327,9.8539
188816645,262.41025,51.095966,9.9515
356306924,267.72,51.988186,9.87932
274699920,256.7579,50.89254,9.22861
274510326,254.00348,51.109142,8.91922
356339994,268.34973,51.591827,8.57209
274699706,256.79102,50.211494,9.57426
274510661,254.075,50.12663,9.7616
329441608,270.14084,50.34745,9.5819
356149604,266.4647,50.186543,9.00732
162673009,246.13028,50.811363,8.6851
274575997,254.77469,51.324577,9.7257
188727616,260.73248,50.67671,9.7123
188727672,260.81076,50.84197,9.4351
356147053,266.29196,51.94889,8.0433
356149601,266.4656,50.184856,7.20576
356224223,267.09482,51.948982,9.4584
188727872,260.74945,51.396877,9.9595
356310091,267.90558,51.038845,9.3885
188727931,260.80115,51.55534,8.319
298649072,272.55756,51.89867,8.02447
274313646,251.37897,50.442326,9.74021
329290892,269.4598,51.478035,8.7733
274313856,251.36226,51.05901,9.9128
188727514,260.65814,50.390434,9.4979
188727595,260.65866,50.62019,9.96767
356149762,266.60565,50.656315,9.5637
298649122,272.46732,51.830444,9.8987
335963552,265.85202,51.37387,9.5427
335963673,265.76263,51.63607,9.9182
356337055,268.093,50.804295,9.652
329342931,269.57468,51.181576,9.7564
188634581,259.1116,50.31438,9.5457
188668762,260.02393,51.906853,9.7786
274555956,254.65007,50.183376,9.4525
298601434,272.12326,51.547104,9.639
188625226,258.76944,51.600636,9.2741
188625160,258.79233,51.801018,8.5788
188632725,258.98996,51.80525,6.88849
284903197,264.73566,51.713818,7.7349
233514710,270.9092,51.20311,8.81067
424387147,271.37814,51.947083,5.83963
356337269,268.13815,50.21486,9.098
329269700,269.0889,50.752747,8.4587
367811732,257.83643,51.967903,9.5961
188625707,258.6764,50.03794,8.4375
284903300,264.64816,51.99036,9.6333
316492217,266.1982,51.92146,9.7195
329441464,270.09537,50.55362,9.20853
274275846,250.93872,51.542484,7.4483
329342563,269.6198,50.453102,8.8205
335953180,265.63135,50.895042,9.4784
235564206,233.57953,51.49621,9.7849
159769346,234.38487,51.24175,8.6319
162689565,246.77051,50.359028,9.4961
274370197,252.03772,50.7096,9.9358
159769350,234.36426,51.23147,9.9169
313548550,249.38295,50.583393,9.7318
162673170,245.99034,50.202805,6.9119
162674662,246.24925,50.45206,6.91761
274203840,249.75769,50.829826,6.1441
274370070,252.03676,50.319847,7.4364
357525332,255.09818,51.736336,9.8719
188780008,262.2424,50.27671,8.78177
188779965,262.12436,50.163963,6.5539
188780483,262.25897,51.497646,6.74314
356345818,268.51764,50.358532,9.2197
193973593,230.07396,50.423534,9.8028
193973733,230.07211,51.163376,9.2359
329290649,269.47043,51.93606,8.5324
159839402,236.41968,50.67254,9.0868
274203765,249.68623,51.09689,9.9006
193973729,230.03078,51.1498,8.6013
162596156,244.97316,51.745968,9.3333
162596200,244.92628,51.570107,8.8901
274338733,251.8236,51.245247,9.3134
274273805,250.83873,50.314934,8.846
159939987,240.48607,50.267082,9.3084
367811954,257.88184,51.37626,8.8282
162617207,245.13991,51.83484,7.5888
232566861,247.54164,51.58728,8.8038
188766253,261.03928,50.03369,8.8564
284902483,264.80853,50.117043,9.99498
188775995,261.7572,51.809303,9.4825
188776031,261.76724,51.887344,6.6387
188817030,262.2776,50.087364,6.01
21031484,273.30032,51.80367,8.5635
162631539,245.77953,50.344215,6.9014
162631291,245.75703,51.298557,9.95416
356240607,267.57898,50.830254,9.5227
232572145,248.10254,51.32831,9.5839
162631442,245.67047,50.706066,9.3226
356147604,266.41772,50.56154,9.8601
313592060,264.53928,50.518158,9.1
329346164,269.78873,50.297043,9.7727
274723343,256.99475,50.936882,8.4863
321670246,264.37515,50.48122,7.4239
274385864,252.53857,50.93222,9.5537
233512220,270.67307,51.029854,9.2749
159938382,240.15881,51.94741,8.617
274676372,256.16336,50.032085,9.1972
274578213,254.85448,50.917385,9.3603
274456990,252.89856,51.632458,9.7628
162631433,245.7772,50.743156,9.12353
162493776,242.27945,50.733356,7.7564
162674986,246.2511,51.71661,7.15774
188771372,261.37265,51.49308,9.181
162631418,245.75005,50.818466,9.50285
335963051,265.73227,50.23735,8.93788
356348573,268.79727,51.497334,8.11358
162575421,243.72054,51.45447,9.64806
162493811,242.20636,50.857483,8.60874
274508236,253.90323,50.383934,9.8953
377390954,237.54333,51.61072,8.8725
274224735,250.1173,50.20392,9.3455
274551729,254.24634,50.11703,9.5508
188775712,261.82645,50.988586,9.8917
188770897,261.5021,50.21158,9.0227
274313520,251.36626,50.010998,9.7786
274313585,251.30472,50.231846,9.7778
274313770,251.22423,50.812054,7.887
274224568,250.00516,50.716385,9.4151
188775428,261.79547,50.283447,9.0902
188775707,261.90778,50.97178,8.4961
188773065,261.64316,51.644207,9.0988
274222567,249.87611,50.567623,9.95172
193973873,230.02147,51.958515,5.5665
188766385,261.10855,50.425133,7.2008
188816830,262.40118,50.575565,8.34941
162596520,244.99762,50.239605,9.44313
188776067,261.77448,51.987244,9.1759
329346196,269.81833,50.239967,9.96882
235564132,233.46194,51.925827,9.68828
235565644,233.69556,51.52097,9.3339
188835426,263.927,51.531223,9.56152
162576754,243.95772,50.99347,9.92894
193990389,230.52486,51.18203,8.91275
232572265,248.02278,51.849316,9.41677
232575586,248.46277,51.972626,9.29258
274369981,252.05736,50.023952,8.269
357525302,255.18777,51.654713,9.3797
235564196,233.61717,51.54957,9.4244
162591607,244.50499,50.512085,8.9058
274384079,252.48216,51.259953,9.5615
159809104,235.14337,51.862206,9.9938
356240600,267.5823,50.81818,9.651
159970559,241.0452,51.80452,8.1575
159970851,240.9512,50.51273,8.423
159970856,241.05586,50.499165,6.5715
313500102,249.09923,50.339397,9.5363
356237836,267.50748,51.052288,9.88157
274311779,251.16031,51.110493,8.9086
159839444,236.49521,50.882294,9.2629
159839539,236.5273,51.225426,8.8027
162691073,247.02977,50.457287,9.6538
162691398,247.00516,51.59209,6.44249
162692636,247.17915,51.75107,6.83998
162692785,247.06862,51.228447,9.3222
274599548,255.24379,51.04951,9.9233
274723652,256.95758,50.045998,9.7337
188771385,261.5442,51.518673,9.7561
321670147,264.3795,50.66508,9.43559
235557217,232.34471,50.449112,8.8479
356310069,267.9589,50.999565,9.80464
159831276,235.78511,51.419914,8.3293
162692735,247.18103,51.40774,5.41547
230228435,253.55244,50.47612,9.0686
230228578,253.49348,51.031765,7.28769
162617133,245.09668,51.5898,9.7506
235569137,234.22519,50.509007,7.958
235569170,234.31563,50.36254,9.2555
159812026,235.61217,50.556644,9.2284
274383842,252.42401,50.52769,9.2329
159983493,241.44981,50.57819,9.8458
162575255,243.68178,50.86592,9.8194
162594798,244.78952,50.845383,9.1493
335950636,265.46313,51.05885,8.9879
188777507,261.9719,51.80428,8.6941
188632208,258.9009,50.34917,9.8832
316493088,266.24368,50.089104,9.5504
356339345,268.2831,50.109257,8.5687
356336535,268.09125,51.96115,9.87065
162520016,242.95483,50.491455,9.8025
162520357,243.05296,51.808376,9.5988
309849581,229.28012,50.20953,9.00639
232567041,247.41998,50.870136,9.7731
159781993,234.76353,51.677464,9.1733
159783504,235.07903,51.21969,9.651
159922198,239.995,51.611534,8.6823
162687910,246.6802,51.574535,9.5465
367783136,257.56708,51.225864,6.5801
367783225,257.72372,51.443142,9.1897
274578364,254.98643,51.42375,9.9419
188691146,260.12695,50.659187,8.6083
362078497,258.30573,50.657677,8.9306
362079000,258.4088,51.913555,8.7072
188668297,260.02417,50.61427,8.8028
188668676,260.03964,51.67555,7.1924
159922091,239.98494,51.169365,9.34765
188778007,261.95667,50.574856,8.78316
159856586,237.2138,50.717175,8.2078
193990435,230.51732,51.401337,9.8598
159855230,236.9157,50.817642,9.1719
310168100,239.0983,50.4802,9.9811
159838302,236.13911,51.91809,8.7928
159838322,236.00127,51.992363,9.8684
159854029,236.77017,51.58639,8.2462
274454904,252.82631,50.025326,9.9186
274576375,254.75604,50.25731,9.6825
159833739,236.04047,50.9078,7.7729
274240392,250.37247,51.21255,9.8672
274370173,252.09094,50.60961,9.622
357525015,255.08899,50.818058,9.8457
274455163,252.8476,50.77307,6.56679
274455303,252.73097,51.12844,6.95665
274455467,252.73865,51.59091,9.70529
274459104,253.08998,50.18311,8.773
377391106,237.56126,50.88388,8.6596
235567793,234.11122,50.114998,9.515
235567854,234.1577,50.45947,9.8165
162554158,243.38353,51.96513,9.6262
162618375,245.30397,51.32968,7.629
162554102,243.35095,51.674145,9.6399
274625218,255.59363,51.98231,8.1481
162618331,245.2854,51.48855,6.805
274624654,255.56775,50.3083,6.7327
235566517,233.98097,51.748363,9.3837
159983385,241.51875,50.13046,9.7524
188632754,258.88782,51.865784,9.4221
274385590,252.56905,51.81745,9.2618
274696020,256.4454,51.37558,9.5533
159980843,241.14722,51.464123,9.2961
310166919,239.05324,50.57394,9.5938
193969397,229.32504,51.751553,9.7553
313591702,264.47543,51.37115,8.4161
235558661,232.39847,50.270966,8.508
310166708,238.89012,51.501614,9.9268
162676106,246.43431,51.972378,9.6537
310166852,239.0564,50.86946,8.5546
162687849,246.60469,51.405052,8.6857
188729986,260.89758,50.296818,8.5774
356240333,267.6074,50.18775,9.8546
159784492,235.23225,51.911808,9.14084
313499860,249.05821,50.766376,9.9982
162576568,243.92458,51.70249,9.5554
162492465,242.13985,50.362396,9.76639
188777576,262.0364,51.599396,9.9144
162596183,244.9189,51.635464,8.10308
274372302,252.15881,50.68999,9.15392
274483462,253.05534,51.786514,9.4489
356339419,268.29944,50.28056,9.16478
235561040,232.77618,50.40304,9.3388
159880650,239.78131,50.639256,6.8429
159880696,239.68367,50.830296,9.0829
274457183,252.95262,51.034355,9.4826
235555151,231.74503,50.98203,9.8764
235555211,231.6938,50.63618,8.9755
235555261,231.67104,50.39297,9.9871
162521817,243.20618,50.39829,7.8727
159920660,239.80748,50.68811,9.5263
162689333,246.83952,51.068146,8.1785
444060774,232.0319,50.58149,9.7163
159873506,237.80975,50.795998,9.1457
159873655,237.93892,51.540535,9.5631
274371992,252.15686,51.660072,9.0325
193970122,229.65059,51.98286,9.6124
444060687,232.14539,50.132942,8.6925
193970195,229.5328,51.617092,7.342
310170788,239.60052,50.696907,8.19406
232570030,247.86172,51.941555,9.5233
232570267,247.81897,51.137997,7.279
274372141,252.30296,51.17908,8.6719
159873548,237.86496,51.052944,9.9925
310170641,239.50163,50.064884,9.93694
235558608,232.42278,50.511383,8.3286
274271871,250.56319,51.21144,9.81743
274271752,250.62778,50.807915,9.8601
162672903,245.99327,51.188538,7.7067
274487068,253.58978,51.47913,9.8545
159811899,235.60289,51.15421,9.4859
162618620,245.40585,50.390182,9.35074
162553816,243.307,50.442142,9.904
162554137,243.30763,51.838943,9.7503
274334718,251.45592,51.53373,9.5582
235557216,232.25931,50.448536,8.7159
162692944,247.18979,50.657616,9.38066
367783177,257.7271,51.317287,8.48185
444063519,234.64218,51.56803,8.9728
162616840,245.20375,50.433613,9.65701
188725560,260.59967,50.866425,8.6743
444063262,234.64255,50.423256,5.0976
233512050,270.7764,50.69676,6.9899
444063520,234.72054,51.57024,7.4538
159831114,235.72319,50.57872,9.9299
232575524,248.36115,51.748142,9.765
274487118,253.58731,51.340626,8.2548
274486919,253.73,51.964344,7.1775
274674246,255.9385,51.246853,7.9738
335916276,265.1729,51.98753,8.8363
335916429,265.17557,51.61715,8.4059
274238394,250.1394,50.023315,9.0723
162595036,244.77408,51.757767,8.663
162555615,243.53802,50.075737,8.34123
162775487,247.27925,50.7664,7.6872
162691274,246.97261,51.191933,9.2364
274485097,253.31596,51.139977,9.0399
159853750,236.84601,50.3066,9.04039
444062239,233.36055,50.15768,8.18706
159854126,236.7385,51.979626,7.98118
274626944,255.83452,50.210873,9.60811
193990205,230.48332,50.11677,9.5546
159833565,236.10632,50.154434,9.8486
274224514,250.12923,50.86927,9.9327
232568804,247.72829,51.06172,9.0167
310152627,238.24158,51.979744,9.8538
274697615,256.5555,51.46314,9.2003
274275962,250.99857,51.92,6.7603
274697983,256.53458,50.35376,8.9179
162775436,247.2864,50.572865,9.85669
159969371,240.75084,51.193275,8.2971
159969257,240.8437,50.69094,9.0513
162632805,245.80977,50.27342,8.0641
162632957,245.93123,50.869854,9.3813
162686166,246.43695,50.29007,7.48036
159969456,240.8376,51.602398,8.7925
162618491,245.34525,50.897232,8.24282
159969374,240.74275,51.19455,9.1693
162685895,246.37236,51.300888,9.7162
162685894,246.46902,51.30807,9.63362
162593204,244.64742,51.30773,9.82172
274275501,250.99944,50.594814,9.8558
274275532,250.92696,50.666035,8.1741
274334962,251.57288,50.73667,9.6321
274624576,255.67465,50.08265,9.8044
159811965,235.60019,50.834286,9.7526
274725401,257.18463,50.689316,8.7057
235567787,234.06161,50.093243,8.36659
159980835,241.07452,51.42151,9.5762
274725446,257.07114,50.842274,6.47626
367811802,257.82358,51.754353,7.05814
235568115,234.11487,51.883854,9.3155
274335096,251.53185,50.344765,8.5357
162618225,245.39017,51.906696,9.80911
162629830,245.5856,50.982742,9.71671
274625014,255.68098,51.397396,9.70622
274674083,255.95407,50.795532,9.81249
283829553,228.5684,51.468742,8.36872
162492265,242.13069,51.150585,8.2826
159938526,240.29312,51.376762,9.2731
162492375,242.02657,50.7194,8.83156
235566814,233.90904,50.40498,8.5302
283829617,228.6763,51.76969,9.5049
159832438,235.8819,51.062572,9.6298
159832538,235.89053,50.47451,9.4313
159983399,241.50922,50.186974,9.50706
188691333,260.2476,50.077652,8.8567
162687635,246.59448,50.69831,9.86757
188668150,259.9263,50.180573,9.23858
310154251,238.83452,51.232388,8.8813
159840711,236.61104,51.472767,9.6367
159922005,239.99089,50.80578,8.626
159922008,240.14633,50.81995,8.06209
162578581,244.0831,51.603962,8.2444
235555218,231.81223,50.619556,7.9489
193992815,231.19563,51.66691,7.57179
193993796,231.38448,50.59415,5.8837
159877960,238.37415,51.44536,8.132
159879157,238.68733,50.00832,9.2562
193993738,231.44867,50.912777,8.927
444060993,232.16084,51.789577,9.6211
162676104,246.48317,51.973576,9.45294
274601013,255.53442,51.942318,7.67214
162687665,246.5908,50.791367,9.96856
188729429,260.96695,51.819946,9.85227
321667161,264.23782,50.120884,8.60671
193995058,231.50589,51.363686,8.92272
159873510,237.81485,50.83613,8.48999
159873668,237.9482,51.58718,8.5445
232570129,247.79984,51.5643,9.52539
367780457,257.46417,51.34055,9.98206
310170757,239.50279,50.559525,9.71723
188725385,260.51556,51.4184,9.4486
162633101,245.91214,51.392525,9.7152
321670470,264.34714,50.020954,9.9307
188825949,263.1542,50.870296,9.5105
188826131,263.0481,50.393227,8.83428
329349464,269.95798,51.18915,9.20501
162553889,243.32353,50.78102,9.44353
162521458,243.14864,51.76356,8.77141
159880950,239.62968,51.962273,9.37853
159920430,239.96944,51.730362,9.0407
159940256,240.44775,51.347794,7.8926
159880567,239.68076,50.262543,9.5325
159880663,239.6927,50.697884,9.77972
159920432,239.82675,51.72248,9.0482
162689624,246.7329,50.162003,9.95739
274313973,251.24606,51.411785,8.39136
274698006,256.5447,50.298824,8.08559
274338585,251.80273,51.68112,9.37289
274697804,256.57248,50.901413,8.79042
274697713,256.58475,51.185665,9.6398
274697590,256.6479,51.557716,8.77628
162493644,242.28894,50.180862,5.97299
377390927,237.62009,51.771416,7.4994
162593196,244.64879,51.330956,9.04984
310136979,238.01312,50.10992,8.4204
444064451,236.33937,51.817993,9.5557
162590194,244.31488,50.612545,9.31288
162685946,246.38332,51.138474,6.86367
162555123,243.55928,51.965622,8.7239
162632966,245.8263,50.891586,9.43723
159969313,240.85403,50.9623,9.8696
162593274,244.54149,50.992344,9.16709
444064532,236.20961,51.42054,9.6863
444064677,236.18997,50.747475,9.62887
377391224,237.47903,50.366936,9.3061
235556134,231.91896,50.314907,6.9924
235561090,232.88173,50.1546,7.8852
159831221,235.75708,51.132103,9.3549
159855201,237.0558,50.95455,7.5997
159855441,237.02426,50.004574,6.7081
162518623,242.78328,50.92378,9.6176
162518639,242.81566,50.845085,9.9383
193972656,229.88782,50.152138,9.6553
444060971,232.07774,51.708416,9.28877
444059587,231.01991,51.169674,9.5221
193974867,230.24162,50.435047,8.21483
235559836,232.7137,51.005417,8.6954
193992730,231.20868,51.210236,8.38012
235556345,231.98653,51.582047,8.3591
193974843,230.31595,50.602978,9.7697
286925564,237.36987,50.24501,8.4801
235559983,232.71921,51.77801,9.195
159983763,241.54378,51.80774,9.2874
193948280,228.99066,50.934658,8.0601
193948281,228.96129,50.93846,5.7124
286925748,237.40112,51.04924,9.9777
162492140,242.1442,51.636776,8.5172
310152973,238.218,50.425587,8.4294
159938769,240.321,50.29786,9.32546
159980816,241.17038,51.3613,9.13145
159810460,235.30899,50.203842,8.3062
274312051,251.07477,50.228245,9.95746
193970478,229.53352,50.296265,9.818
309849602,229.12003,50.335373,8.9074
193991352,230.76352,50.222393,8.8002
162518646,242.79921,50.827774,9.19673
162578596,244.06647,51.661716,9.34008
162578523,244.14499,51.373943,9.541
235559614,232.5971,50.042953,9.91522
444059756,230.9143,50.275013,9.24
235559711,232.72826,50.444157,9.54344
193972404,229.84868,51.43859,8.8455
235557306,232.29193,50.895668,9.25137
193972640,229.85075,50.21464,7.5039
159980591,241.20773,50.398502,9.7021
21019241,273.14032,51.98237,8.2631
1201093741,249.0586,52.92419,6.4865
1201093742,249.05717,52.924423,5.49976
1551168743,270.0782,52.854443,7.5398
1551168745,270.07666,52.85441,8.3178
21100418,274.5565,53.61619,8.8886
1551277244,274.5565,53.61619,8.8886
165527865,266.22418,53.991234,8.518
188815851,262.47733,53.384678,9.978
356228296,267.22836,53.578262,9.92
356310519,268.02414,52.10194,9.985
313498719,249.05717,52.924423,5.49976
329351474,270.07666,52.85441,8.3178
329351473,270.0782,52.854443,7.5398
274721913,256.74692,52.43913,8.641
262881372,271.56476,53.752235,8.722
188820572,262.72726,52.909573,8.964
356340969,268.57657,53.955338,9.507
159969602,240.72952,52.230637,9.446
329350412,269.9583,53.06403,8.892
274334333,251.51447,52.803913,8.208
188665149,259.56906,53.635025,8.5
21031950,273.31656,52.703434,8.952
313497824,249.00684,53.26166,9.3826
356199531,267.06284,53.54872,7.571
362081101,263.82068,52.16177,9.0429
21150704,275.06808,52.675,8.3585
21150978,275.01535,52.906567,9.075
420887637,272.87457,52.54863,8.4215
284191740,275.76614,53.432632,9.1121
284190868,275.57928,52.926266,9.8029
284191285,275.51126,53.602505,9.5285
362217326,275.20667,53.49735,9.04943
362217377,275.26123,53.594402,9.8445
284191936,275.8567,53.06539,9.83318
329351195,270.24158,53.34803,7.6718
420900308,273.57608,53.681194,9.5065
420900319,273.67877,53.65661,9.0458
424387356,271.5103,52.351204,9.45222
420900837,273.66223,52.55748,8.17746
21228320,276.77582,53.625446,9.82868
335952632,265.55606,52.056507,7.1971
335952456,265.57312,52.4424,9.59643
356150449,266.53476,52.479313,8.3055
356194731,266.6263,53.57891,7.4971
237122162,277.35556,53.94996,9.5857
21228288,276.8039,53.564526,9.65568
420900090,273.50714,53.67074,9.9841
233513060,270.7224,52.93689,9.8626
329350232,270.00815,52.6679,7.6267
298647906,272.35333,53.718277,9.9264
420899614,273.4304,52.613537,9.1956
420900094,273.4465,53.686134,7.4705
21151678,274.9698,53.358643,9.6735
284357606,276.34576,53.975754,9.9052
21190190,276.53235,53.803127,9.3192
298647246,272.3314,52.30616,9.8836
298647682,272.26462,53.217632,8.6628
233513016,270.78738,52.861286,8.34896
188836205,263.9471,53.699333,8.097
422989548,263.4909,53.96042,7.6923
353781453,276.91754,53.951015,6.45785
21123470,274.6108,52.48775,9.9361
21124546,274.9532,53.301823,8.8298
284168189,275.334,53.522087,9.8078
21190015,276.48218,53.458214,8.5417
389967201,277.10568,53.91929,9.5385
284168498,275.40143,52.893097,9.5543
356237286,267.5069,52.565647,9.6123
362217268,275.31287,53.408184,8.1808
284168496,275.38934,52.90217,7.8083
21190018,276.53836,53.471924,8.78544
237122187,277.35156,53.89854,9.6102
420899549,273.35995,52.494114,8.56735
188833484,263.67252,52.45912,9.1072
188833585,263.66397,52.705326,8.3136
289724022,274.27368,52.337643,9.8271
188665496,259.79385,53.12148,9.84974
188665494,259.88727,53.12241,9.29974
329343467,269.5224,52.21828,7.30773
289722909,274.22345,53.1478,9.90112
321669315,264.40094,52.680717,9.81682
357526042,270.0444,53.893402,8.67497
188819912,262.55447,53.07843,8.7882
188819947,262.60583,53.1547,7.8469
188816325,262.35406,52.087437,9.90299
188819917,262.50766,53.08767,9.27274
188819927,262.51727,53.110146,9.2676
188820026,262.47574,53.38472,9.6357
229686460,263.09018,53.97272,9.62747
262881500,271.62863,53.42865,9.5846
356194849,266.74792,53.25095,9.0763
21124634,274.90265,53.121773,9.8979
329350518,269.99554,53.27121,8.9463
21002977,272.68198,52.67953,9.589
366124442,273.9441,53.462517,9.6976
366124641,273.97223,53.90635,8.9723
233507109,270.2509,52.175014,9.7444
329288938,269.23383,52.332253,9.96356
21003058,272.6945,52.496975,9.6855
366124213,273.9237,53.015755,9.82361
21018518,273.06247,52.71907,6.7027
335963892,265.8877,52.09005,8.5496
356194864,266.71094,53.20918,9.765
356194845,266.74133,53.25937,9.3621
21161995,275.9876,53.826004,9.16068
329290486,269.3769,52.2475,9.5362
233507825,270.43036,53.788734,9.351
21032366,273.255,53.560253,9.1211
188664960,259.63873,53.064545,9.5288
356241967,267.80725,53.676483,9.2657
420899570,273.47272,52.52954,9.0973
420900787,273.51645,52.677505,7.5833
188665120,259.6552,53.503212,8.75276
21032363,273.18112,53.5576,8.1605
420899566,273.45972,52.52015,8.80661
420900041,273.4496,53.537304,9.77556
284191344,275.60892,53.744713,9.9553
21032234,273.28796,53.25296,9.99012
329351044,270.20758,53.62882,6.9753
284191544,275.8541,53.774254,8.5717
188623940,258.5277,52.049442,9.00071
335915696,265.21915,53.3576,9.46246
284904182,264.86774,53.540764,9.8257
356340717,268.26868,53.2761,8.2942
21002695,272.6882,53.290295,7.9342
21002796,272.62524,53.091614,9.8114
298599354,271.9693,52.171535,9.6166
188824440,262.8559,52.93919,9.8311
284971444,266.0079,53.479397,9.57462
233513124,270.6843,53.09407,9.74938
284168079,275.48413,53.712887,9.8473
389967259,277.24802,53.998035,8.9986
420887196,272.8889,53.485943,8.9384
21002598,272.68826,53.500385,8.2535
356241310,267.61545,52.53865,9.7579
329351753,270.13318,52.306797,9.5452
274509552,254.02475,53.425568,6.9543
329290500,269.51813,52.217896,9.38318
313591199,264.54825,52.606358,8.6782
329344140,269.59995,53.622932,9.5406
313591213,264.51395,52.589394,9.3787
233514028,270.90237,52.595436,8.2125
356199243,266.81836,53.627544,9.5044
329344672,269.75693,53.142242,9.49052
329345211,269.82196,52.021976,9.63107
233513471,270.95422,53.858913,9.6578
188820571,262.72586,52.91053,9.3983
188816185,262.33664,52.455685,8.6368
335951698,265.36963,53.533176,9.2703
356198879,266.9835,52.687233,9.7503
188767945,261.28467,53.132748,7.2179
188694197,260.5102,53.850563,8.8773
188819628,262.6082,52.30139,1.868
335916263,265.34192,52.01299,8.9497
188815992,262.29907,52.9657,9.7227
188835752,264.0384,52.48321,6.7221
356228117,267.33685,53.01508,8.1577
274578622,254.9572,52.3179,7.7222
188816152,262.3587,52.55432,9.7402
356310798,268.05664,52.692493,9.66907
329290438,269.41766,52.346634,9.88627
188768068,261.35022,52.790688,5.8961
335951661,265.4933,53.445816,9.0677
21162252,275.94992,53.300835,6.2358
356195140,266.69504,52.419044,9.4563
298551969,265.13196,52.03717,9.5979
21017833,272.99664,53.330612,9.0006
188640768,259.4387,52.410957,9.7523
329289440,269.24493,53.443798,7.59534
21017651,273.0001,53.528107,8.7525
21018915,273.0575,52.3588,9.5581
188640759,259.4601,52.447113,7.0282
274509791,254.07564,52.69843,7.02522
284903922,264.69257,53.66602,8.3349
356349559,268.79395,53.756718,9.08672
356349622,268.68878,53.93858,9.5701
198480572,262.22345,53.908997,9.8872
356146630,266.31436,53.172253,9.6668
356344502,268.61063,53.278046,8.8997
298600974,272.13815,52.42988,9.79479
367780218,257.55328,52.055035,8.0523
188819857,262.49686,52.917904,9.6591
289722757,274.1487,52.820065,9.1223
289722781,274.0618,52.868908,8.4333
188624463,258.63348,53.829716,9.63883
321668215,264.16275,52.5751,9.0265
356306663,267.72113,52.587467,9.9057
298552835,271.79517,53.71462,9.6818
298553073,271.86038,53.18332,7.6213
298600026,271.93097,53.637695,8.9751
233519426,271.20667,53.72947,8.6458
188668830,260.0557,52.101124,8.7172
335951920,265.5606,53.756767,8.7903
188694195,260.5386,53.85437,9.23557
367815306,258.05258,53.265118,9.9552
367814871,258.02472,52.03683,7.2772
188634005,259.07132,52.10368,8.9635
188640804,259.50775,52.337193,7.00788
230229037,253.51765,52.992382,8.1841
230229152,253.51971,53.449074,8.4879
274578789,254.99263,52.997982,9.3722
21124848,274.82568,52.651917,6.31294
21124894,274.90164,52.58001,9.0527
366124350,274.0036,53.296703,6.35884
274552520,254.22507,52.23829,9.942
188835968,263.9162,53.145287,9.7714
298600588,272.0878,53.113667,9.20901
21124756,274.94727,52.82999,8.75355
367815369,258.04413,53.463207,9.66221
357525541,255.07608,52.437405,8.4698
298599272,271.93958,52.02768,7.116
188640672,259.37946,52.817192,8.9526
188829610,263.5288,53.551285,9.304
298552506,265.0967,53.335205,7.8053
289723373,274.4115,53.745033,8.15576
353934132,272.09973,53.939953,9.64643
21018029,272.99887,53.166523,9.44231
298599710,271.93686,52.911263,9.25626
21031802,273.32092,52.417595,9.4394
21124574,274.9067,53.243553,9.63531
188828954,263.2962,52.41205,9.81293
21124803,274.85852,52.73956,9.63576
274625915,255.84312,53.53288,9.1615
357046352,274.34683,53.981796,9.7008
274509152,253.81467,53.184834,9.7564
188601342,258.12335,52.75167,9.8488
188601514,258.19064,53.49354,9.5994
424387182,271.40512,52.01129,8.085
424387689,271.4584,53.114616,8.6569
21101371,274.52655,52.740955,9.6381
274696349,256.34637,52.353294,8.7307
274696777,256.44824,53.750946,7.7824
424388043,271.44528,53.927235,9.781
274722583,256.8516,53.21837,9.6455
162630792,245.67128,53.356422,9.9803
188825486,263.1362,52.094505,7.0621
233508020,270.48798,53.625656,8.1157
233508332,270.53775,52.861946,9.5761
233508695,270.583,52.00488,8.2324
233520091,271.20236,52.21028,9.9067
298553351,271.71332,52.62519,9.1316
298648229,272.42172,53.49208,8.8638
298648597,272.44827,52.76702,9.4563
188825310,263.06088,52.592396,7.6686
274722870,256.99603,52.317707,8.18588
232572560,247.98174,52.990852,8.29825
298552841,271.74625,53.703434,9.33477
21032446,273.28088,53.70086,8.75681
444061204,232.0583,52.740967,7.0471
188694235,260.5256,53.737507,9.798
188833999,263.55273,53.895794,9.5256
188820190,262.59592,53.84637,9.9775
188664771,259.70328,52.440567,9.7444
188815994,262.42944,52.962193,9.4819
274726293,257.1433,53.645714,8.74
274509306,253.79347,53.62865,9.8592
335964426,265.72302,53.377716,9.1902
316491992,266.0848,52.486816,9.881
233514261,270.9336,52.090157,9.9527
424387565,271.3982,52.847744,8.2169
298600185,272.208,53.921173,9.9735
298600493,272.14178,53.27261,9.5579
262881373,271.563,53.752396,9.52272
21124220,274.89536,53.934986,9.70422
366118826,273.84753,52.855404,8.663
188728116,260.7195,52.137,9.7388
356150954,266.54364,53.949764,8.0379
356310973,268.07083,53.1382,9.7872
233512902,270.77292,52.603287,7.9378
233518884,271.15488,53.043957,8.6714
233518968,271.07468,53.240116,8.1812
298648798,272.44717,52.41085,9.4864
188728209,260.82355,52.43585,9.9733
233519583,271.27393,53.36656,8.116
162672611,246.11005,52.289402,6.84236
274575202,254.82532,53.807285,9.11923
356150790,266.4461,53.43242,9.18544
188640159,259.22308,53.38859,7.3895
188815897,262.31107,53.210426,9.757
188633299,258.85825,53.64645,8.9083
316491685,266.22235,53.28557,9.38297
356340346,268.3646,52.385464,8.1517
424388050,271.42938,53.95576,9.38155
366119193,273.78928,52.156925,8.4521
188624630,258.82166,53.473267,9.5382
356224127,267.04218,52.185944,9.1039
356241506,267.58612,53.035366,9.74366
188835620,264.03064,52.122597,9.6555
356344999,268.5579,52.186947,9.9461
274553097,254.41837,53.855537,8.9731
356199238,266.89532,53.614002,9.04991
188665416,259.78107,53.35396,9.2298
329268257,269.06155,53.81323,9.8064
356310480,267.9705,52.020664,9.8875
356310722,268.02118,52.538776,9.3418
188665190,259.6299,53.765575,8.2217
321669108,264.39874,53.172466,8.4525
356336107,268.15945,52.97562,9.7125
193974088,230.09215,53.147884,9.1303
510156940,260.51004,53.850536,8.9488
356199246,266.91364,53.640934,8.9247
162497612,242.84035,53.35695,9.4364
162497904,242.75528,52.106712,9.7641
356199228,266.93356,53.595978,9.0485
329289671,269.24158,53.875668,9.6439
162595612,244.94922,53.905945,9.6222
162595644,244.92375,53.771698,8.1532
232569240,247.6455,52.80166,9.6251
356341022,268.58798,53.790516,8.3811
188815378,262.19504,53.230022,8.4004
329288972,269.1768,52.40817,8.5634
444061058,232.12027,52.09442,9.7641
162494098,242.27437,52.117672,8.9374
188664791,259.623,52.493126,9.0997
356310518,268.02417,52.100647,9.1257
162589307,244.08328,53.802685,8.7198
162630735,245.61989,53.541824,7.7961
233518691,271.0733,52.62261,9.9402
224307235,233.1306,53.906784,8.9401
274675353,256.2489,53.138912,8.87784
188624104,258.53082,52.611996,8.75631
193948509,228.93977,52.25389,8.91999
274338150,251.91182,53.055702,9.4401
274675654,256.12668,52.161682,8.0309
274338258,251.89438,52.75083,9.5588
162631089,245.70229,52.194527,9.4658
313498690,249.15898,52.973003,9.2986
274203206,249.76082,53.14694,7.9629
162675182,246.19884,52.45028,9.9446
188728380,260.6761,52.945736,9.87
316491803,266.12387,53.011337,9.0033
162675352,246.27281,53.12657,7.3133
357525666,255.17131,52.828926,9.0401
357525978,255.11534,53.733902,9.2602
188624586,258.7005,53.61334,7.6832
188815529,262.09583,53.60333,9.9402
284904268,264.82776,53.28207,8.6275
329344158,269.60873,53.657475,9.0559
162672418,246.11038,53.068787,9.7892
232572299,248.10852,52.008953,9.4012
188669212,260.06744,53.23835,9.3082
188729318,260.849,52.162518,9.1901
274203157,249.65202,53.320942,9.37576
159923243,240.19785,52.41103,9.7998
274626305,255.85295,52.198677,9.4532
274484186,253.34517,53.746525,8.8849
274578577,254.9963,52.146675,9.5453
274578800,255.01431,53.044544,6.2483
274578889,254.87114,53.322937,9.3554
188633775,259.15,52.784485,6.6253
188633836,259.05743,52.613163,9.17034
159922964,240.16418,53.492344,9.9757
162494287,242.26309,52.94388,8.42457
274202987,249.52791,53.838757,8.9609
162494262,242.18858,52.834354,9.49447
162630757,245.6526,53.489044,9.5117
233518798,271.1261,52.859936,9.78582
235560621,232.83199,52.74258,8.7444
316492083,266.11545,52.248398,7.1101
235568273,234.06886,52.761356,9.8065
235568266,234.13257,52.70577,9.9446
162617797,245.3268,53.710884,9.8656
162617895,245.30312,53.29522,9.70471
159983955,241.46375,52.598534,9.6977
274625921,255.74805,53.51356,9.9529
159980959,241.2428,52.049717,8.14504
313485924,248.58018,52.376915,9.30429
162617811,245.25044,53.648224,9.4761
162617887,245.35179,53.316334,9.7741
159768869,234.4757,53.82638,8.8184
188772367,261.56146,53.606617,9.5955
356150806,266.5456,53.483616,8.3745
332365491,257.35706,53.08695,9.6448
188694034,260.43903,53.42043,4.35827
332365595,257.3112,52.735786,8.9164
274552899,254.15556,53.3448,8.4613
188693622,260.3387,52.111843,9.8682
162576013,243.69298,53.898087,9.9635
274240106,250.32231,52.058758,9.1851
274722803,257.01453,52.542877,9.64
159969849,240.81613,53.216957,6.9518
159969895,240.86989,53.40928,7.5686
274600253,255.30801,53.405106,8.2083
274600320,255.31271,53.692375,7.59004
274722927,256.84824,52.121216,9.6364
274553455,254.42793,52.768013,8.2086
188771978,261.42065,53.02674,9.3073
188690647,260.22073,52.13112,8.094
162688093,246.52309,52.302265,8.8518
274575649,254.74051,52.309864,6.3979
188777425,262.00174,52.016254,7.9996
162595648,244.96785,53.768913,9.7881
274625425,255.60564,52.63203,9.9967
162691923,246.92929,53.449463,9.4878
159811394,235.54832,53.388004,8.095
229686437,262.8593,53.951946,8.3451
162575623,243.70709,52.338722,9.7405
274483640,253.09966,52.344078,9.8179
162497422,242.5803,53.826336,8.8625
274483680,253.16573,52.461876,8.3386
159981737,241.30115,52.410904,9.9929
162497224,242.63443,53.04264,6.5104
458487404,241.82181,52.907974,9.8456
159832031,235.92664,53.00921,9.5268
159879759,238.699,53.046722,9.7595
274484295,253.2709,53.43863,9.5235
188633062,258.9849,52.86727,9.643
356311487,268.2301,53.41387,8.3906
356340502,268.3595,52.771847,9.4546
159831687,235.69594,53.355816,8.6199
274385309,252.6112,52.651848,9.4986
274385438,252.50374,52.280968,8.6068
188632911,258.89008,52.382515,8.7103
188633308,258.88864,53.670498,9.4818
162675971,246.386,52.5271,8.7282
274385458,252.65337,52.175537,8.13957
274385465,252.57652,52.156273,9.05495
274456270,252.83594,53.974506,8.90617
274553370,254.39822,52.994255,8.2086
188632859,258.852,52.230225,9.295
235566279,233.8809,52.86646,9.81215
159983800,241.43758,52.019527,9.329
162675413,246.31554,53.354084,9.8489
284971132,266.04587,52.739075,9.13713
284971587,265.99655,53.801712,5.74117
162576186,243.947,53.23667,6.5461
193990677,230.54146,52.743427,8.83938
162576266,243.81956,52.899208,9.6728
274337333,251.70049,52.263634,9.7625
165527864,266.22192,53.991318,9.4536
235563774,233.54955,53.883274,8.7227
224312054,233.81749,53.922142,4.97502
159941024,240.52838,53.677734,8.6459
159941208,240.5232,52.915936,4.5503
313498432,249.1901,53.496643,8.2754
313498829,249.13875,52.73366,8.3511
162675915,246.34727,52.695385,8.757
235558207,232.46935,52.704666,8.6862
162520610,242.93698,52.83389,8.0978
235558120,232.4504,53.080822,9.1283
188767507,261.05325,53.51266,8.0435
162520800,243.00089,53.5044,8.4179
274600480,255.40138,53.561256,9.0319
193969574,229.36967,52.893414,9.9637
162520840,242.89972,53.648773,9.1599
159873993,237.80656,53.06979,9.11
159838510,236.024,52.90543,6.64402
159871873,237.72025,52.25371,7.9867
286231983,248.67683,52.469402,8.7794
274371389,252.27686,53.525707,8.4347
274371599,252.22223,52.8165,8.8538
193974158,230.08406,53.57143,8.9069
310168976,239.39899,53.222424,9.728
193974201,230.14569,53.898186,9.7012
310168970,239.26198,53.247524,8.9158
313497294,248.85867,52.29262,8.2247
159922985,240.27853,53.416397,9.76165
274272236,250.62108,52.257698,9.5611
193995318,231.5884,52.490295,9.1286
310168802,239.10408,53.871113,9.6878
235565971,233.77847,53.365604,9.6346
159854794,236.9789,52.848274,9.4241
274310520,251.01157,52.72234,9.3967
159838363,236.04402,52.20923,9.7876
274674931,256.05954,53.316376,8.9665
193990744,230.37445,53.06399,7.5193
444061628,233.40149,53.081097,7.1158
235565982,233.78203,53.43313,7.8861
159854769,236.9415,52.957886,8.3455
274455632,252.70052,52.02567,8.7016
274674904,255.9823,53.231308,6.94881
367779845,257.4832,53.104103,9.6994
310168729,239.19398,53.572548,9.324
235568464,234.0538,53.869377,8.811
235568144,234.01741,52.06981,6.3851
162554581,243.30919,53.71509,9.7613
162617927,245.32623,53.171967,9.3115
162618181,245.40009,52.095303,8.74901
274334539,251.50566,52.10242,8.1679
274384422,252.39882,52.400776,8.558
329350837,269.96533,53.843143,9.2604
310169148,239.37372,52.38872,9.0976
162672298,245.98285,53.520023,9.6594
274674706,255.9816,52.596676,9.1021
232596654,248.47882,53.93362,7.92137
274384571,252.34746,52.916855,6.15762
274675030,255.97903,53.713398,9.0323
162554839,243.5748,53.048397,8.9107
274600040,255.30911,52.604504,6.82016
159769117,234.48839,52.45999,9.40634
162521360,243.15935,52.156593,8.7749
162554891,243.56999,52.803425,9.1763
274721914,256.74823,52.43937,9.9525
159768918,234.5259,53.582615,9.88
274276135,250.9064,52.50299,7.4676
274600604,255.51569,53.174614,8.2539
274722096,256.83206,53.045956,7.9417
188728924,260.9031,53.349304,7.1852
162592480,244.41104,53.84086,9.92432
332365630,257.21753,52.633404,9.7165
199573323,248.62492,53.953953,8.11022
310152500,238.21165,52.593563,9.8555
159871200,237.14175,52.84519,9.311
159920191,239.95724,52.78171,8.8816
159920262,239.89058,52.49644,9.0466
235560478,232.801,53.571907,8.2567
159920101,239.90497,53.15294,6.7206
313549353,249.22661,53.378166,9.4846
162691719,246.89157,52.763702,8.7147
235560531,232.88248,53.331505,8.8006
232566638,247.52463,52.59438,9.7879
235557530,232.36937,52.041557,8.9872
313485736,248.66667,52.952477,9.4511
159871333,237.23386,53.464424,8.9368
162595504,244.70702,53.589474,9.1393
286926360,237.26175,53.712,9.1132
274722753,256.84338,52.68414,9.33988
274722374,256.93906,53.93223,9.3054
161730792,237.88353,53.988007,9.76595
274484407,253.38216,53.108055,9.8553
162491946,241.99971,52.32943,9.0463
162595188,244.87202,52.351036,9.27226
162595488,244.71463,53.5336,8.54539
193972257,229.95433,52.287537,8.1604
162496987,242.68921,52.137074,8.41428
274483850,253.0576,53.012047,9.63323
274483823,253.1228,52.929787,8.20177
335952585,265.6256,52.1509,9.6202
356228295,267.2266,53.578236,9.49957
193974521,230.36215,52.34445,7.3049
274697089,256.4959,53.187527,9.90365
235562612,233.1137,53.8376,9.3733
235562892,233.22536,52.363552,9.0667
235562906,233.1667,52.31661,9.2572
159811337,235.5062,53.72865,9.7057
193974219,230.26549,53.928524,7.38097
159811539,235.51765,52.819557,9.7204
159811561,235.6111,52.72566,9.26455
235562692,233.22687,53.365337,9.56335
274625582,255.57878,53.166576,9.99693
274574756,254.56062,52.70202,9.1143
362079154,258.41043,52.30252,7.97138
162675702,246.38258,53.42377,9.08648
274385077,252.58643,53.421932,9.69893
274455739,252.73965,52.37282,9.20516
274456138,252.7198,53.53011,9.51744
274456227,252.82701,53.78472,9.0027
274553091,254.35562,53.882515,9.17452
274553383,254.32506,52.962894,9.89047
162675680,246.39015,53.5224,9.78152
235556568,231.98412,53.018375,6.6842
332365727,257.24063,52.328922,9.9566
235564005,233.47647,52.560116,9.73755
159970257,241.02538,52.9938,10.0
310168984,239.30609,53.18669,9.9397
310169216,239.35782,52.11052,9.55598
235568632,234.23056,53.16843,9.8771
159970306,240.99583,52.78089,9.27226
367815244,258.09866,53.100174,9.90332
274486577,253.64288,52.973667,8.98489
274674793,256.1068,52.81851,7.98072
274674897,255.98854,53.20762,8.84867
313590924,264.4823,53.38399,9.28869
320499054,264.4919,53.90549,9.2659
274334357,251.52386,52.745533,8.4266
274384497,252.38551,52.655563,8.8688
274384748,252.34242,53.439316,8.5066
313591036,264.553,53.087173,9.2503
233507691,270.26572,53.476646,9.9055
313498735,249.04759,52.900047,5.60024
159970446,240.89546,52.24131,8.79351
162576477,243.8162,52.030094,8.72128
159871715,237.78906,52.90725,8.5823
159871716,237.79193,52.90699,6.8337
159871737,237.65295,52.839405,9.30477
159838529,236.09018,52.983566,6.7904
286231908,248.69142,52.161243,9.8092
162494777,242.33952,52.90498,6.70587
159969904,240.81732,53.435703,8.305
207439962,244.84785,53.890327,9.4942
274314918,251.50075,53.27718,9.3838
274334313,251.54758,52.87035,8.7192
274334454,251.44968,52.3965,9.7324
458486707,241.63773,52.098686,9.2089
159940419,240.34586,52.119373,7.6767
310152556,238.2535,52.30951,9.7977
274314599,251.34138,53.38096,9.55154
159871381,237.17287,53.68087,9.02296
162491769,242.09425,53.119263,8.8925
159980985,241.09305,52.14285,8.0599
193995218,231.61719,52.052563,5.5088
159981231,241.21144,53.212906,8.0292
159840569,236.60217,52.1478,7.1203
159981110,241.14117,52.72775,7.2464
162491742,242.01584,53.205513,9.5674
162491838,242.08829,52.816475,8.8331
162520634,243.03986,52.920624,8.593
310155146,239.01926,52.224876,8.6746
159840422,236.69882,52.822605,8.9321
274696298,256.33792,52.19389,8.0927
188729003,260.9379,53.077026,9.7251
313485741,248.50174,52.943184,8.9563
235560532,232.9044,53.32499,8.972
162617256,245.10245,52.039005,6.56729
274338394,251.84016,52.307182,9.3873
232566752,247.42432,52.057938,9.31235
224602925,255.19606,53.916687,9.21487
159981820,241.35286,52.109756,8.9893
444059155,230.95781,53.65314,9.0686
159981750,241.25063,52.363,9.8645
159981832,241.34903,52.0742,9.38866
274697423,256.4874,52.032516,7.8489
367783591,257.62762,52.40877,6.31081
193995493,231.46628,53.454327,9.51529
159854497,236.74025,53.621532,9.4414
159854498,236.74185,53.621647,9.7221
310137524,237.99731,52.564358,9.35406
310137525,238.00145,52.565163,9.21294
274223720,249.98828,53.45594,9.5643
274674607,256.03702,52.34133,9.91672
165714275,230.63329,53.95735,8.7665
162494455,242.27,53.679005,9.3514
444064310,236.32622,52.67712,6.9573
310137582,238.11899,52.855347,7.9438
310137605,238.12326,52.97089,9.4186
310154402,238.84152,52.034607,9.7201
444064197,236.33934,53.195686,8.5685
159871878,237.75755,52.206776,9.4222
310137541,238.05357,52.65196,9.6819
235556653,231.9836,53.55143,9.948
235556614,231.83078,53.233852,7.9511
283858043,230.71065,52.15312,7.70325
159874268,238.37129,53.476715,9.0362
444064375,236.19131,52.27597,9.475
193993283,231.33789,53.54807,9.2546
159874340,238.50854,53.092323,8.5166
162592333,244.4722,53.280445,9.811
310137822,238.26865,53.87103,7.5267
444064054,236.1852,53.838474,9.9047
162578947,244.13899,53.122833,9.3711
313485965,248.49661,52.23796,5.99053
162578822,244.14561,52.59873,8.132
458487463,241.87555,52.612785,9.1703
274314836,251.44557,53.60069,9.3978
162675776,246.41995,53.1872,9.24857
444063724,234.60997,52.57174,9.7318
193974537,230.25798,52.23286,8.9077
313423880,240.10338,53.96664,6.69204
160039008,241.57393,53.29431,7.452
160039028,241.44147,53.338554,8.5357
235560230,232.72217,53.00199,9.1441
162494987,242.38943,52.033394,9.6744
286926008,237.42645,52.096703,9.058
162579030,244.08742,53.457485,8.6276
159871479,237.69545,53.79018,9.8388
162494699,242.41617,53.212162,8.79692
313497200,248.86995,52.1442,8.5208
159810895,235.3783,52.129696,7.3353
159811273,235.39598,53.8427,9.60279
159784151,235.26474,53.53867,9.3681
159811509,235.6205,52.944386,8.9414
274272155,250.51062,52.041676,9.37376
309850195,229.2563,53.508514,9.7063
159840156,236.46236,53.861275,9.1406
310154471,238.74486,52.40387,8.7471
159854146,236.82806,52.079834,8.49166
309850032,229.10472,52.571445,9.3667
193992004,230.75435,53.736336,9.3041
159831469,235.7115,52.3609,5.5385
193974556,230.36053,52.165092,9.90304
235560251,232.57549,53.097046,9.3907
235560396,232.63419,53.81459,9.1512
286926028,237.27417,52.172928,9.6801
235560417,232.62459,53.971626,8.2739
159983895,241.58272,52.318367,8.8111
162589720,244.31651,52.37509,8.4737
159983821,241.52591,52.096336,9.6957
193971913,229.67996,53.560772,9.3755
444059150,230.94728,53.685646,8.59184
458486928,241.61447,53.029774,9.8382
458486970,241.62424,53.244774,9.3775
235556492,231.93803,52.54206,9.8664
159877796,238.48523,52.447433,9.7732
159877821,238.36073,52.259724,9.9556
159877736,238.4141,52.699757,8.1214
160038946,241.50504,53.034966,9.926
193972187,229.95747,52.747578,9.2922
193972263,229.98001,52.262333,8.99637
159784152,235.15321,53.537025,9.22586
160039081,241.5807,53.51504,7.8206
21018963,272.98154,52.316425,6.64057
21019105,273.07993,52.144085,8.98816
21019163,273.06036,52.061886,6.5284
21018571,273.07715,52.66232,9.4121
1102240816,234.02112,55.521908,9.1792
1102240817,234.02069,55.522217,8.7477
1551348815,276.2369,55.858498,8.7808
1551247029,278.02792,55.86506,6.4713
1551249174,279.7621,55.99023,9.8279
207436278,244.27225,55.269115,8.0821
207403680,242.56238,55.670963,9.5694
161839973,241.69667,54.28288,8.437
1201129988,244.27225,55.269115,8.0821
1271075415,250.02531,55.113136,7.5452
1271077945,251.40884,55.313946,6.60023
1201128223,242.56238,55.670963,9.5694
1271070698,253.21358,54.748688,8.5747
199687688,253.21358,54.748688,8.5747
1400714115,269.36505,55.221527,9.4494
199618562,250.02531,55.113136,7.5452
1271052056,259.37167,55.05629,6.49619
1400769907,264.6603,55.759884,7.9839
1400769906,264.65945,55.75961,7.48271
165549272,266.51752,55.65103,8.3753
199663151,251.40884,55.313946,6.60023
1400741088,266.51752,55.65103,8.3753
198413844,259.37167,55.05629,6.49619
422989803,263.57074,54.70173,9.956
399789241,278.02792,55.86506,6.4713
320523530,264.65945,55.75961,7.48271
359586229,279.7621,55.99023,9.8279
224312399,234.02069,55.522217,8.7477
229690264,263.177,54.52355,8.358
232634632,269.36505,55.221527,9.4494
353731322,275.64987,55.811584,9.023
353737369,276.2369,55.858498,8.7808
165724113,231.26125,55.610924,6.8069
165719749,231.14677,54.2128,6.2285
392567476,280.34305,55.81333,9.3993
334799983,253.42688,54.508026,9.5377
232680178,282.38687,55.998035,9.8777
359496072,279.0696,54.93979,8.30057
359496463,279.12234,55.550613,9.612
359679515,280.99124,55.322678,9.0612
232672072,282.1412,55.859997,9.9213
359553757,279.2754,55.42202,9.5385
359674683,280.77615,55.982166,9.8227
359494546,278.89838,55.314827,9.6686
359495992,279.22067,54.813705,7.2189
232636307,281.2766,55.49779,9.017
359632631,280.27512,55.524216,8.3162
359632791,280.13773,55.278168,9.9821
359495052,278.86923,54.471813,9.361
232644524,281.7183,55.863235,9.4517
359494832,278.97015,54.840206,8.4287
359586492,279.814,55.593925,9.47824
359496308,279.08502,55.29971,6.6631
353782336,276.79224,55.54795,9.0508
359679279,280.94153,55.708996,9.0116
353778788,276.4699,54.447193,9.7778
359494447,278.88162,55.445885,9.91682
298662457,277.90665,54.316177,9.3289
353730918,275.7316,55.059345,8.796
353778837,276.49994,54.542995,9.4061
390019891,277.53812,54.4459,8.8356
353781784,276.96252,54.61732,9.6467
359556016,279.55444,55.712986,7.9572
232649873,281.75626,55.592823,8.7377
232649745,281.83768,55.784668,8.3767
390021357,277.69043,55.81524,9.2095
399789630,278.0844,55.088898,9.7028
232644481,281.7356,55.79631,9.945
359634548,280.73456,55.451298,6.60644
232636287,281.2057,55.466003,9.8914
357101517,275.33588,54.02267,7.74
359632679,280.15234,55.450348,8.3613
389959779,276.09363,54.67074,9.1652
357101648,275.4587,54.221756,9.44303
357102127,275.452,55.129856,5.6507
357102067,275.41846,55.01713,7.5744
399789598,278.10706,55.149986,8.4643
357127533,275.37436,55.781616,9.20845
341815576,267.606,54.235992,9.9919
362213253,270.9858,54.71105,9.0925
353782300,276.89572,55.48246,9.15846
390019727,277.55496,54.718716,8.8048
392569538,280.6001,55.201466,9.9088
357688022,275.2619,54.847843,8.5666
389966797,277.11804,54.539883,9.9843
389966427,277.1361,55.06382,9.92478
353993785,272.6782,54.559628,7.30229
389968177,277.34357,55.488758,9.8812
359494521,278.84872,55.34585,9.5781
359555843,279.60266,55.444984,6.5943
353782280,276.9332,55.449856,9.62846
389968212,277.23422,55.55709,9.2521
232641657,281.468,55.919346,8.67941
389914027,275.74127,55.12144,8.9421
392569822,280.60336,55.62615,7.25379
389960580,276.61502,54.571457,8.6544
359555874,279.6613,55.484474,9.6859
392567622,280.4056,55.57914,8.071
353779185,276.3971,55.207737,9.9991
232641916,281.41632,55.544846,9.5583
232634867,269.38037,54.665512,5.9793
359495900,279.11884,54.671185,9.1824
383621642,270.7755,54.248875,9.8005
357098664,274.99628,54.56914,7.7454
357099140,275.04504,55.412556,7.52593
389959200,275.97626,55.612423,9.956
389959131,276.07446,55.73132,8.7367
165549235,266.52505,55.534855,8.2815
357098608,275.06424,54.469746,8.7812
357099213,274.97733,55.547657,9.77719
232672106,282.02005,55.90325,9.9375
357031640,273.9186,55.68622,9.2879
357031848,273.9803,55.33377,9.7994
357032252,273.9253,54.64991,9.9527
357032575,274.03058,54.13003,9.4468
357031675,274.07025,55.63111,9.75861
357031816,273.93887,55.39314,9.21234
357032364,273.97665,54.48163,9.6894
357046804,274.6708,54.600174,8.4934
353988582,272.34558,54.002583,8.0208
357716793,275.12756,54.020844,9.2405
389959967,276.15015,54.355804,8.5619
392569932,280.68933,55.796535,9.8163
359555345,279.5034,54.682438,9.8934
353988053,272.42032,55.032955,8.98284
389913624,275.78967,54.42367,7.4346
298662769,277.90048,54.792007,9.3313
390020519,277.675,54.392914,9.5185
298662272,277.94907,54.041157,8.8908
353893725,271.44754,54.168304,9.9887
357687932,275.23645,54.992516,9.71
229687159,263.05786,55.80804,9.4908
357688152,275.26627,54.632374,9.5451
232619896,268.42935,54.40014,9.9036
389968119,277.38318,55.3826,9.03637
357099320,275.0044,55.74748,9.03105
353782445,276.938,55.755634,9.17708
392569763,280.65817,55.539448,5.12189
353934435,272.08948,54.66957,9.0971
356976693,273.8782,54.296165,9.9498
389959728,275.9692,54.734848,8.7156
165552588,266.8208,55.45928,9.1819
353778000,276.21902,54.867058,9.04088
353778270,276.3397,54.337,9.8646
353778053,276.29227,54.767467,9.8818
359496389,279.11618,55.427723,9.9985
392567967,280.38895,55.04424,7.9792
165552714,266.7425,55.147476,8.87769
353779445,276.3931,55.721203,8.7123
389966066,277.0804,55.67406,7.3993
353808427,270.20782,55.44825,8.8763
353808368,270.2848,55.618397,9.19776
237117591,269.90274,55.038086,9.3262
357097766,274.83902,54.812794,9.9866
237117553,269.80524,55.131306,9.8046
353781544,276.80704,54.124584,8.9728
298731151,278.41348,55.19371,9.9566
298731285,278.25165,54.973236,7.33884
353988093,272.43054,54.96664,9.3979
389960782,276.74597,54.885296,6.76074
353988778,272.63184,54.286552,5.1576
165548296,266.4061,54.576427,8.5187
357526603,270.0531,55.060966,9.1351
359555709,279.63345,55.245277,7.18004
353988894,272.51144,54.478226,9.1581
389967983,277.3149,55.187363,8.7479
389968155,277.29742,55.45368,9.1991
390021245,277.74576,55.60006,9.8253
232629681,269.1317,54.729996,9.95883
341815080,267.4567,54.6731,8.8824
341815637,267.48706,54.36158,9.6706
298782588,278.63623,55.933453,7.47067
237113759,269.5904,55.113625,8.03362
353894131,271.7811,54.4995,9.74903
353879357,271.52945,54.970745,9.1942
353870041,271.08783,54.171745,9.1908
353730905,275.60385,55.03287,9.7745
298732243,278.43228,54.331184,9.7674
353878658,271.59082,55.83283,9.8168
356891386,272.9913,54.725254,9.98011
389966007,276.99118,55.788292,8.78331
390018893,277.51376,55.97157,9.2584
298732428,278.51413,54.608406,9.68459
353855735,271.07886,54.529514,8.083
357033769,274.23572,55.73811,9.4956
353779457,276.43427,55.755276,9.4596
353870593,271.4057,54.318974,9.3569
332475358,265.37085,55.56868,9.0534
353870373,271.26245,54.093815,8.38975
353871989,271.33823,55.891144,9.7569
389960820,276.5877,54.9472,9.3066
298733260,278.53995,55.96169,9.9304
232625561,268.92355,55.683807,8.5513
232634636,269.52475,55.215115,9.50073
198458462,261.96674,54.352432,8.6478
320524216,264.68826,54.10219,9.41988
356976616,273.8158,54.14069,5.96886
229686605,262.9547,54.36633,7.16924
353898391,271.94965,55.50307,9.2856
353933947,271.87033,54.307476,9.9951
356976847,273.85538,54.5706,8.1674
357097863,274.7434,54.682175,9.7605
389959806,276.02557,54.635727,9.5553
362212713,270.8661,55.740276,9.7923
353818302,270.4066,55.1869,8.7106
353817853,270.50443,54.228447,8.6757
353818571,270.38797,55.7724,9.6743
353818407,270.48407,55.42401,9.1567
390019439,277.40643,55.149357,8.9147
198417589,260.1676,54.70401,9.4361
232624547,268.69452,54.319836,9.3148
356975627,273.5995,55.446175,9.6252
353934379,272.06958,54.544624,9.9887
356976307,273.573,54.192173,8.8829
357031590,273.95898,55.759712,8.0576
357031745,274.0371,55.519238,9.71
357032357,273.9051,54.488407,9.2405
353782112,276.80405,55.17462,8.6257
298662941,277.9595,55.07873,9.9424
357032546,274.0699,54.17267,9.95622
329248925,264.12622,54.97404,9.25505
329249115,264.17645,55.384045,9.45154
320497588,264.30927,55.741062,6.03962
357097890,274.86697,54.627563,7.5792
389968368,277.37677,55.89014,7.4205
207436894,244.43864,54.66326,9.15013
320498138,264.194,55.0066,9.95413
390019903,277.43805,54.433666,9.8145
389966422,277.16293,55.0723,9.8416
389966443,277.00595,55.043266,9.38305
341815767,267.52005,54.636177,8.98018
353933706,272.0289,54.808376,9.68602
353933809,271.83267,54.591976,9.58116
357097902,274.7782,54.602818,9.863
229686929,263.04404,55.184242,4.6589
390019162,277.47687,55.55161,9.3179
284901060,260.96573,55.13433,9.7606
353855431,271.11246,55.163754,8.9644
284900998,260.9909,55.279213,6.9553
353778087,276.35602,54.69361,7.9466
298731532,278.27026,54.58883,9.0328
353855388,271.00192,55.27318,7.2897
341841100,267.80457,54.05299,9.52954
357033202,274.2569,54.75857,9.1977
357033493,274.2394,55.242947,8.7165
357033739,274.17798,55.689976,8.41287
298730971,278.2488,55.52399,8.76372
359312744,268.042,54.49408,9.02
341840453,267.8163,55.394436,9.7406
229684208,262.3643,54.654064,8.4074
165499205,265.1609,54.766094,8.979
356976107,273.48297,54.56946,9.7134
353777699,276.21298,55.480576,9.2796
390021469,277.6014,55.9973,9.8205
198480040,262.15286,55.600006,9.99232
462619778,260.02368,55.935444,7.9047
353987913,272.24942,55.366173,8.55597
341815129,267.35654,54.57179,9.955
232635149,269.5325,54.104607,9.1294
165553171,266.7169,54.178272,7.5296
357047278,274.59058,55.446865,9.8235
232629989,269.1033,54.05346,8.238
389966744,277.14688,54.622623,9.6267
298662396,277.8164,54.231415,9.949
298663072,277.89102,55.312565,9.6638
198363464,257.13608,54.262432,6.6146
198363798,257.1087,55.19949,8.8368
320524408,264.88632,54.23721,9.4332
320524463,264.97784,54.37553,8.64239
389913384,275.9214,54.08494,9.2335
198389760,258.37662,55.4752,7.1853
389913826,275.90036,54.79724,9.9256
356110000,261.386,54.572704,9.19086
357046661,274.5547,54.361794,9.24953
198363456,257.03906,54.247208,9.7646
359312913,268.11118,54.85165,9.8697
198355902,256.19458,55.063683,9.6083
198356117,256.34042,55.639484,9.6399
165548693,266.6553,54.18582,8.4295
165549312,266.6309,55.735363,9.5586
357526404,270.02264,54.68772,9.7437
198356196,256.19406,55.85582,9.4426
353871944,271.3478,55.85839,9.5419
357097460,274.81134,55.412857,9.6828
357045419,274.42313,55.69805,9.61922
357097621,274.91876,55.1013,9.55231
198355899,256.202,55.051308,9.8194
341840536,267.8913,55.241688,8.82182
383622424,270.7274,55.697193,9.5825
357045348,274.3698,55.811535,9.6772
357045691,274.42545,55.167408,9.1612
389967766,277.35712,54.840893,9.9517
462619459,260.04306,55.045853,9.9921
356896561,273.1706,54.768585,9.1494
357045538,274.37286,55.45646,8.0368
232625498,268.7446,55.562202,9.9079
237113422,269.58768,54.350533,9.7241
237113635,269.561,54.871643,8.8168
229684146,262.34665,54.82299,9.626
329248868,264.1683,54.860733,8.4717
356110033,261.4509,54.476772,9.186
237117314,269.86032,55.68762,8.9991
422989953,263.54382,55.158836,9.7956
229689988,263.33762,55.26532,8.75963
353989620,272.47928,55.923153,9.86241
359313015,268.01602,55.05089,8.3025
356915110,273.1172,54.584156,9.2314
356915382,273.20386,54.062263,9.6057
357046334,274.31744,54.011925,9.4363
389913394,275.77817,54.10005,7.352
198389335,258.39258,54.105885,9.4584
356896058,273.2205,55.696426,9.99504
389913525,275.82196,54.28167,8.2686
198389008,258.18695,54.714848,9.7509
198389342,258.2426,54.124485,8.28727
229690357,263.1832,54.225452,9.13299
356895890,273.15414,55.96383,8.894
357046177,274.48856,54.293972,8.94767
357046213,274.37756,54.217957,9.79159
353934620,272.1114,55.12343,9.79397
199668031,252.38445,54.532475,9.083
224606265,255.68408,54.95806,9.66979
320524593,264.99597,54.644417,9.237
362212894,270.9274,55.42221,9.4021
362213553,270.96442,54.163193,9.0149
353934272,272.16635,54.32013,9.948
353898340,271.95523,55.616253,9.89924
199667851,252.26305,54.029697,8.22611
232624463,268.56982,54.50533,8.0523
329248092,263.8583,54.77894,8.9245
329247591,263.86893,55.948483,8.8571
353737590,276.30692,55.638577,9.3309
332502573,267.25952,54.19438,6.40396
332503097,267.07816,55.312412,9.7945
362213004,270.89444,55.18233,8.9745
353730782,275.60748,54.79699,8.56525
198359287,256.4326,54.328354,9.26694
329248002,263.81784,55.003395,8.79769
1271046655,256.33423,54.47063,5.2649
356085792,261.275,54.045853,9.97591
207468802,246.16232,55.571407,9.3572
165500081,265.81763,55.164665,9.0748
353870764,271.38486,54.51402,6.8629
298265120,247.83856,55.94194,9.3726
207468665,246.10558,55.205097,5.76453
329248297,263.8566,54.298897,9.7708
207433212,243.9575,54.419243,8.83548
207503612,248.13351,54.64379,8.9065
356916118,273.36722,55.038425,9.9533
356916207,273.3772,55.206985,9.97967
207468661,246.14256,55.194614,9.1924
229686693,263.125,54.602818,9.3566
199714470,254.164,55.503326,7.6578
320498307,264.36108,54.80248,9.8049
332474929,265.33044,54.46269,9.9626
320523516,264.7,55.785805,9.8081
320523622,264.72696,55.5577,8.6927
356915129,273.1543,54.544407,8.8323
356916273,273.41644,55.315777,9.3525
332501870,265.60178,55.150887,9.9771
341815681,267.55994,54.439583,9.18776
165553746,267.0717,54.99176,8.0012
199667283,252.1694,55.857067,9.44544
356896550,273.11987,54.78137,9.8832
356916128,273.3354,55.05208,9.49579
357099156,275.07257,55.443153,9.89667
320524778,264.82474,55.09506,9.8086
198417469,260.23563,55.1253,9.1557
341840217,267.7673,55.874496,9.8015
198417527,260.21576,54.884205,9.6175
383622249,270.6917,55.38873,9.0127
383622507,270.67792,55.867638,9.9927
199635165,250.6114,55.70415,8.785
224595385,254.57515,55.042328,9.0041
165528308,266.17682,55.04781,9.9064
207502900,248.02927,55.928493,9.7835
332503053,267.19363,55.215603,9.1743
353993248,272.80927,55.61048,9.03806
199634775,250.61955,54.467598,8.667
224595315,254.64642,54.8456,9.05578
229690306,263.22772,54.407276,9.6873
422989606,263.45572,54.122818,9.8386
320523887,264.69058,54.90059,9.5527
165552561,266.71683,55.522675,9.4892
232619345,268.24518,54.633537,9.5403
198392749,258.58652,54.60546,9.6728
359312553,268.08624,54.109238,8.4804
207501797,247.4819,54.065617,9.8254
199616111,249.79462,55.685375,8.4011
229689854,263.24246,55.565765,9.5535
229690265,263.17706,54.522243,9.5486
229690403,263.25854,54.11841,9.3648
198392747,258.45007,54.611385,8.4643
199609014,248.74911,55.0137,8.9322
199609040,248.85564,54.874382,8.0716
232619014,268.27115,55.413242,9.6783
329248217,263.87735,54.502876,9.7717
329248278,263.89038,54.351967,9.0987
356085983,261.16318,54.572742,9.6668
332502856,267.18753,54.800293,9.8443
353898194,271.8626,55.931053,9.8465
224598738,254.72546,54.728462,6.2909
357047236,274.58603,55.379135,8.9581
357097250,274.8634,55.78605,9.9288
357097357,274.805,55.593067,7.5012
353934026,271.8376,54.130806,8.883
165527358,265.9924,55.15997,8.5209
165528608,266.08316,55.7527,8.68279
353933847,271.90585,54.502014,9.6402
224598384,254.75697,55.777596,9.7141
224598623,254.79982,55.080414,9.7788
198458010,261.81766,54.848103,9.76711
332502985,267.11987,55.080235,9.89413
353934007,271.98816,54.16893,9.4903
329247619,263.93488,55.89039,9.7056
232624241,268.53354,55.037823,9.8545
462618497,259.827,55.45064,9.7133
356110475,262.72083,54.658443,9.7209
462618795,259.70346,54.5562,9.1733
198480110,262.17523,55.358932,9.1211
1102205981,236.90887,55.376225,8.8093
161726093,237.12796,55.315464,9.5973
165553428,267.0502,54.275356,8.7169
165553930,267.03156,55.40617,9.3998
198381280,257.57202,54.050514,8.4843
198381709,257.56888,55.25983,9.7313
356109595,261.50198,55.73296,7.3813
165735372,231.4327,54.902065,9.9827
284889888,260.41312,55.97385,9.9919
161686529,235.70213,55.49822,9.6636
161686782,235.66263,54.535908,8.0348
198389147,258.0176,54.255196,8.8939
284890288,260.35898,54.79221,9.2174
161686520,235.61035,55.534916,6.9728
207467940,246.00542,55.15969,7.2379
207468372,246.18668,54.19321,9.3984
207499134,247.33543,55.556667,8.4181
199683990,252.58664,54.676132,9.38106
165500287,265.6855,55.628757,7.56992
207432808,243.81168,55.79954,9.282
359312795,267.99088,54.61308,9.6973
198417929,260.70792,54.235287,9.9276
1102225571,230.61768,55.271877,9.748
224307602,233.1231,55.581326,8.7093
199615755,249.9268,54.391335,8.34305
198389350,258.2761,54.13931,6.62303
232620511,268.48947,55.73202,9.66156
353808669,270.1786,54.877274,9.1479
199573797,248.64249,55.638977,9.7386
232623880,268.609,55.905273,9.99599
199608817,248.88829,55.67288,9.25748
198392870,258.51056,54.220932,8.7321
229685723,262.748,55.94114,8.3527
229686206,262.81888,54.593533,9.8158
207439668,244.64664,54.923355,8.7468
199663282,251.40202,55.773624,7.4723
232629633,269.14148,54.849113,9.9428
353855077,271.1778,55.942287,8.4027
353855151,271.14932,55.80762,9.7917
353808306,270.35522,55.79081,7.8206
353808444,270.17374,55.402523,9.1726
198385970,257.92908,55.70869,9.6466
198413562,259.25333,55.832344,9.6232
198419740,261.52533,54.793873,9.9969
198413883,259.43103,54.958244,9.5449
198385495,257.8952,54.428078,9.7138
198359946,256.60626,55.388752,9.2104
198385589,257.8857,54.652466,8.5877
161824915,239.96504,55.533707,9.4458
161721041,236.2233,55.389442,9.3551
165724277,231.24239,55.25099,9.9403
161721085,236.2485,55.59972,8.1547
161827508,241.02501,55.723915,9.9476
161731124,237.9737,55.623653,9.4701
224312220,233.98766,54.630486,5.7586
198381445,257.55148,54.490143,8.0946
198381449,257.5438,54.494377,7.7734
198355046,255.98317,55.275627,9.08271
329248962,264.03278,55.056355,9.7292
356109662,261.32938,55.546967,9.99062
199573744,248.66306,55.439667,9.6743
207498328,247.06557,55.497154,9.1515
199573646,248.55348,55.06352,9.5784
199631687,250.19046,54.950127,9.4672
199631856,250.22862,55.656097,8.0965
198362886,256.87225,55.250862,9.6136
198384873,257.76974,55.3803,8.5846
224599612,254.91968,55.807163,8.2183
224312401,233.92622,55.52552,8.58477
161728069,237.32048,55.37783,9.5952
198409739,259.01425,54.9936,8.4456
199573860,248.58186,55.874374,9.1142
224599347,255.0271,55.008995,9.8864
224599524,255.0547,55.560844,9.1642
224599662,254.95409,55.95668,9.9192
198457804,261.78815,55.378784,7.9952
207400619,242.28957,55.899124,8.242
353808567,270.3394,55.094837,9.3538
284891349,260.4998,55.956676,9.90891
207468713,246.07268,55.331974,6.3793
405527350,234.4583,54.103474,9.9038
207461550,245.03867,55.48991,8.67138
165735558,231.55946,55.718925,9.4276
405527086,234.36331,55.252975,9.773
405527295,234.3365,54.29292,9.7866
405527245,234.38336,54.508728,4.91164
199662171,251.19722,55.885796,8.5603
199634791,250.72931,54.497654,7.6934
199634926,250.73285,54.90381,4.219
207465542,245.6445,54.95772,9.6125
207465682,245.7835,55.51994,8.667
198409816,258.84354,54.77975,9.2076
207465733,245.7252,55.744488,9.9829
298267169,248.3477,55.810028,7.654
224606278,255.63647,54.915108,8.9065
224606284,255.67558,54.90446,8.0424
198362724,256.9518,55.768124,5.8778
198385817,257.85464,55.248726,9.9921
161728275,237.24644,54.34191,8.533
161728167,237.21803,54.835476,8.642
161728272,237.17166,54.359093,9.6501
161728259,237.17754,54.400032,8.5596
161728619,237.50822,55.149273,9.6377
198389373,258.37363,54.204872,9.585
199612486,249.45091,54.07947,8.5062
199612923,249.37692,55.756393,7.424
199687346,252.96648,54.331013,6.25076
199687438,252.86363,54.0337,7.0397
422989921,263.4546,55.0376,9.904
405558636,234.53423,54.623463,9.5711
207503523,248.11505,54.3373,8.7322
224603162,255.43254,54.595943,7.04834
198354806,256.028,55.975883,8.54076
198410387,259.1343,54.542957,9.5205
405581353,235.2059,55.669575,9.9089
165763593,232.37123,54.142128,8.5338
405581105,235.16406,54.546566,8.6423
405581370,235.13986,55.743137,8.6913
207397932,241.69504,54.2831,9.4837
207397900,241.79831,54.383057,9.7286
334800205,253.2871,54.072254,8.5362
286170375,240.33662,54.42294,9.9427
207440336,244.9412,55.15326,9.88756
353855166,271.08868,55.778904,8.7719
207439389,244.7862,55.9119,9.4064
199658791,250.92766,55.738186,9.10106
229686293,262.86197,54.35578,7.10298
341815814,267.57193,54.728077,8.0123
353817578,270.22284,54.280506,8.42785
207502965,247.89325,55.669426,9.5198
224605954,255.6006,55.932144,8.8498
161826478,240.55005,55.174625,7.7542
161839010,241.11882,55.014294,8.8812
165531689,266.43045,55.751793,8.6583
207401649,242.35823,55.828976,5.53251
199664413,251.98582,54.18323,8.4646
165528121,266.1964,54.62141,8.7485
199618697,250.06282,54.574085,9.1283
198419850,261.70703,55.075764,9.977
199618951,250.1632,54.271694,9.9197
199619004,250.31044,54.432255,7.8376
298267159,248.41461,55.84839,9.9072
298287466,248.4634,54.74061,8.5014
198359964,256.59113,55.43648,9.4062
232625701,268.84857,55.97139,5.7861
198419742,261.5077,54.79538,9.90279
207429808,243.47818,55.56785,9.18003
161826373,240.60286,55.73791,9.7949
229684219,262.49072,54.63147,9.94421
198386057,257.98737,55.982506,9.586
207427652,243.30421,55.732147,9.9642
161688043,236.01909,54.65101,8.7612
207461966,245.11832,54.07031,9.8592
207461481,245.16707,55.71039,8.902
199635118,250.7439,55.551125,9.0831
207495585,246.9749,54.199474,8.2101
207495702,246.93668,54.5277,7.7258
207461705,245.01695,54.962566,9.525
199662218,251.39235,55.758522,9.7742
199662435,251.27895,55.047768,9.9751
405526951,234.34425,55.935192,9.739
405558373,234.66177,55.89909,7.258
198410400,259.09546,54.56428,9.5872
198410853,259.15506,55.813145,7.8533
198410536,259.124,54.94682,9.842
207492357,246.45186,54.63985,9.25782
199711320,253.79742,55.097683,7.78825
224309805,233.59517,54.91981,9.1082
198479994,262.28738,55.748474,8.3987
232624871,268.79993,54.22336,9.7331
207437119,244.46751,55.39545,9.3147
198417604,260.16635,54.639904,9.9424
207436974,244.43309,54.902073,9.5807
224603271,255.33174,54.880867,8.7938
224603543,255.41425,55.870396,9.1597
198388746,257.9998,55.57293,9.4883
198388744,258.19797,55.590004,7.79879
198458488,262.05383,54.405556,9.5152
224311881,233.75047,54.676315,9.9792
198384993,257.68445,55.01037,9.00714
207465201,245.459,54.06256,7.5653
199711859,253.94196,54.51401,7.6602
165688308,229.99216,55.069542,9.8399
207401003,242.27042,54.51606,9.5919
207503856,248.12024,55.632614,9.98727
199711171,253.73058,55.47959,9.93459
199711311,253.668,55.115826,9.96734
232624381,268.65646,54.66745,9.82149
207492092,246.40898,54.28341,9.92852
224603187,255.34798,54.654354,9.08336
224603321,255.4083,55.047535,9.04643
199711520,253.80441,54.431442,8.37714
198355953,256.2898,55.20869,9.3603
198355687,256.33386,54.470024,5.182
232629479,269.00974,55.202045,8.75311
207492082,246.3526,54.3041,8.02476
207495245,246.68301,54.823505,8.6816
224306933,232.94362,55.382908,7.96
224307133,232.95428,54.471424,6.1414
207430556,243.6171,54.97852,9.062
207495841,246.87431,55.02242,9.1021
298264623,247.78275,54.011505,9.9128
198385323,257.6095,54.052876,9.49414
165719950,231.03044,54.617657,9.35819
199612273,249.24649,54.60736,8.93477
199612358,249.19325,54.223583,9.42907
199687358,252.99551,54.28705,9.32907
165792418,232.7501,54.573734,8.45316
224606228,255.67235,55.060734,9.05944
224606353,255.56042,54.67675,9.55345
165792159,232.51897,54.50931,9.26471
207465481,245.72012,54.76614,8.9204
199687298,252.88354,54.5183,9.75421
198393416,258.70346,55.202557,9.95551
199573526,248.5711,54.650223,9.1652
298264367,241.3976,54.779175,9.9147
405581266,235.1604,55.266727,9.34072
405581194,235.09529,54.95969,8.1367
198410389,259.11337,54.54426,8.9366
207397515,241.87015,55.969482,9.1175
207397903,241.73065,54.37105,8.82054
207433904,244.10573,55.804073,9.3263
207424152,242.73965,54.324577,8.66271
207495601,246.90907,54.246212,9.41763
199708668,253.58766,54.887825,9.54404
199708859,253.64026,55.638466,9.12537
161839156,241.10126,55.85349,8.58133
161730796,237.9695,54.005272,9.8995
161838991,241.15399,54.94196,9.60428
199662142,251.28615,55.979683,9.9216
199708730,253.5564,55.134777,9.89196
207426621,243.12238,55.82847,9.3993
161722979,236.37279,55.25093,5.7966
161723589,236.64484,55.47479,4.6713
207403944,242.57376,54.657887,7.0274
161720776,236.259,54.120922,9.8644
207423940,242.59447,54.477463,9.2117
161730480,237.72302,55.312668,9.1527
199631817,250.24512,55.50197,9.2122
161726126,236.95596,55.44801,9.5768
313423751,240.08856,54.52256,7.75783
161686888,235.67477,54.11131,9.67218
165763827,232.23676,55.19494,6.3923
161838887,241.13426,54.42241,7.7266
161838890,241.26862,54.42659,9.18211
161823118,239.23154,55.514004,9.07206
198381594,257.39825,54.912582,9.0574
207398184,242.05298,54.527977,8.2542
207429775,243.43062,55.65762,9.0285
161746760,238.588,54.86371,9.8024
207440238,244.83316,54.79093,6.5604
199687634,253.13249,54.57947,6.89896
207440298,244.9102,55.001766,9.4448
207429715,243.49858,55.844063,9.6339
207430206,243.37389,54.074448,9.9161
161744751,238.20007,54.866386,9.6543
207440289,244.81407,54.973618,9.1959
207464912,245.48659,55.068367,9.1851
207464987,245.5567,54.834385,9.7762
207492751,246.4917,55.895916,8.7645
298290674,251.71523,55.40998,6.13346
207465135,245.60747,54.310448,9.0596
207465038,245.60591,54.63634,9.46989
224311697,233.74469,55.56672,9.25474
224311887,233.68999,54.65347,9.0404
198384864,257.7511,55.40312,9.75945
207465529,245.78879,54.908623,9.73166
198385185,257.7708,54.45294,9.49233
207440464,244.79462,55.65782,9.7902
199634546,250.39438,54.240147,8.8569
199615126,249.59453,55.63541,8.6935
199635160,250.74359,55.69012,6.1356
199635238,250.66167,55.97504,9.76989
161821153,239.00146,54.15689,8.5171
165713894,230.53137,55.690353,6.5177
161820813,238.88393,55.817158,6.994
165714525,230.6659,55.074757,8.4274
165714536,230.66695,55.10996,8.2159
161821400,239.19907,54.98644,8.6975
165714659,230.58109,55.656757,9.0965
207400865,242.11067,55.06711,9.8969
199634810,250.7232,54.564274,9.7131
207462338,245.30983,55.08652,8.50652
207462141,245.21349,54.38623,7.62441
284901341,260.98453,54.364876,8.61434
207462385,245.24037,55.251537,9.04742
198410480,259.23193,54.81234,9.26033
199711415,253.74664,54.813953,9.90629
165737711,231.63412,54.020294,6.40459
165737478,231.64972,54.90143,9.24154
298264399,241.3626,54.673325,9.6924
161725476,236.90804,55.376625,5.7275
405580758,234.91455,54.872128,8.39086
161723417,236.64363,54.80251,9.79596
161723683,236.58089,55.898506,9.5385
207492417,246.5924,54.825905,9.9667
298290535,251.7946,55.875454,9.32697
199708739,253.6581,55.1631,9.29204
224595426,254.67715,55.121807,9.33141
224598709,254.70746,54.806313,9.79288
356110448,262.5583,54.578896,9.32617
298290558,251.693,55.789597,9.87166
356110315,262.6456,54.22363,9.53935
329171987,263.71915,54.728954,9.8757
229686919,263.06683,55.17291,4.6123
207433701,244.0021,55.016018,9.6873
224309344,233.34767,55.299755,7.6157
161824283,239.72186,55.607845,8.9546
284890238,260.298,54.9408,8.56169
224603494,255.43658,55.667274,9.1828
224309836,233.48958,55.04656,9.50472
207437052,244.37779,55.148094,9.61227
284890035,260.41934,55.5289,9.53601
224602596,255.23337,54.91602,9.6937
332501882,265.6303,55.13444,9.98077
224602405,255.16278,55.541473,8.59042
165763472,232.0878,54.27374,8.95813
224306893,232.99463,55.551086,9.88749
165735431,231.4938,55.180794,9.5762
161732839,238.06898,55.826714,4.9988
458485622,239.56499,54.487095,7.3903
161728547,237.50645,54.76648,7.5305
458485425,239.59933,55.267426,8.5295
161732878,238.1544,55.637848,9.9316
199634316,250.44426,54.9889,9.472
458485432,239.47353,55.246094,9.8549
207467757,245.84836,55.923687,8.8024
243249358,235.82983,54.15583,9.5264
165792045,232.49751,55.066845,9.4894
286170646,240.35597,55.521255,6.4417
286170596,240.2888,55.30216,8.2334
199609132,248.74106,54.50952,8.5637
207440095,244.86636,54.314175,9.6715
199612284,249.25409,54.53137,9.08807
165737483,231.64523,54.89902,8.41424
286170631,240.2631,55.453384,7.9325
199687676,253.19702,54.707157,9.84258
199659629,251.088,54.916637,7.4587
207461717,245.15793,54.92597,8.3971
161744964,238.3412,55.94249,9.1023
165714583,230.618,55.272255,8.7585
165714052,230.356,54.990963,9.9939
165719036,230.89401,55.73361,9.9039
165719158,230.78886,55.186337,8.0261
207397721,241.81319,55.072166,9.2856
207397909,241.88852,54.357323,8.75021
165763263,232.14294,55.10917,9.1035
405559158,234.8001,55.731964,9.1386
161821006,239.0102,54.952534,6.7484
161821179,238.84645,54.03188,7.3795
161840047,241.63843,54.67274,9.8562
313423505,240.14786,55.56461,8.7141
313423582,240.0472,55.24151,9.6505
165792028,232.5927,55.197845,8.77777
313423501,240.05914,55.609272,9.7198
313424103,240.8003,54.740986,8.7749
207465076,245.49638,54.521473,7.7897
224309736,233.54488,54.590973,8.95294
161728626,237.3645,55.20478,9.3492
207433476,244.06065,54.215717,9.37853
161728392,237.36885,54.017174,9.8949
458485558,239.44768,54.749763,4.7097
165688881,230.15878,55.325237,7.5599
199608862,248.83011,55.50942,8.2331
458485451,239.54729,55.177757,9.2093
199634228,250.42574,55.272568,9.551
199609065,248.79433,54.78243,9.97031
207397638,241.73882,55.4371,8.1699
161821167,238.95456,54.08405,9.89626
161820952,238.94221,55.1563,9.62555
161821165,238.84799,54.09358,9.9348
161725620,236.85672,54.712547,9.7181
313424215,240.84163,55.18121,8.1464
161725464,236.80412,55.392315,8.45203
161820894,238.99615,55.42923,9.50908
161821169,238.95976,54.074566,9.97871
161840049,241.63672,54.67285,9.8975
161840089,241.47893,54.92433,9.21515
165714022,230.4668,55.141712,9.42029
207468071,245.9082,54.689762,9.29416
313424150,240.6879,54.94266,9.9719
161840101,241.65909,54.96649,9.36477
353870641,271.4037,54.384163,9.1045
353870884,271.3475,54.666122,9.458
353871537,271.36353,55.41139,9.6778
353871287,271.33722,55.105396,7.42654
353879016,271.51752,55.396847,9.54949
1102390336,238.90724,57.891884,8.1514
1551389770,272.46457,57.780357,7.8044
1551252921,278.41306,56.636364,9.9836
1551247813,278.41888,56.099762,9.831
1551387123,273.84076,57.335186,7.6819
1400770435,264.96158,56.078915,8.88797
320525204,264.96158,56.078915,8.88797
1717801466,284.23978,57.386726,9.92798
1271091574,252.00383,57.48927,6.25931
1271092063,253.36098,57.89287,9.6279
1201167571,243.68623,57.026306,7.8236
1201150807,248.10541,57.389687,9.7882
161840325,241.61432,56.069473,9.899
1717801469,284.23996,57.38623,9.53199
207431094,243.68623,57.026306,7.8236
1201165191,240.64081,56.98347,8.7599
199665425,252.00383,57.48927,6.25931
161826133,240.64081,56.98347,8.7599
207504307,248.10541,57.389687,9.7882
298730341,278.41306,56.636364,9.9836
298730657,278.41888,56.099762,9.831
236788130,283.21387,56.3962,9.411
353990436,272.46457,57.780357,7.8044
356978367,273.84076,57.335186,7.6819
353897927,271.91403,56.538475,9.734
353736310,276.33334,56.990105,9.18
376978283,284.23996,57.38623,9.53199
286170766,240.40974,56.068665,9.829
334798358,253.36098,57.89287,9.6279
458484839,239.53731,57.86339,8.105
471011938,238.90724,57.891884,8.1514
198407323,258.78784,57.54085,8.51981
165721159,231.09172,57.384045,8.9587
165721304,231.16293,57.74938,8.0258
165723716,231.25366,56.5808,9.87934
165723534,231.33794,56.871258,8.9488
376997683,284.7739,57.12243,9.7715
353736316,276.29913,56.985622,8.3769
353735760,276.254,57.6213,7.7646
334798742,253.42426,57.079403,9.3108
416402027,287.71872,57.757214,8.3492
243276672,288.25388,57.904724,8.2143
376998123,284.64905,56.859898,9.9524
377294908,286.7017,57.491814,8.4988
353941072,272.3092,56.05178,7.6645
353939521,272.25223,57.768177,9.9533
377052490,285.00827,56.96171,8.0494
377099481,285.13837,56.809166,7.6199
232640500,281.4593,57.62859,7.6727
236813735,283.46082,57.82249,9.4366
377052387,284.96277,56.846592,9.1924
377052447,285.00653,56.91285,9.1023
416195749,287.1528,57.49983,9.3532
236775984,282.72733,57.226536,9.04532
416195643,287.17612,57.62314,9.67037
236776311,282.65756,57.780567,9.3723
236779934,282.8063,56.31761,8.0564
236779995,282.87305,56.24659,8.8432
284359180,288.03934,57.76015,7.5082
236784418,283.0538,57.595676,9.3656
236783644,283.06302,56.492085,6.6368
236779786,282.8405,56.51509,9.1736
232680691,282.46432,56.74903,9.0728
236816540,283.61493,57.569828,8.9014
236816523,283.62726,57.59269,9.88992
359631862,280.27335,56.791496,5.6931
416195760,287.16144,57.48521,8.9273
232645214,281.6077,56.95001,9.546
236779956,282.76984,56.298145,6.4533
232637510,281.12927,57.28514,7.1739
376975340,284.18765,57.81482,4.6901
236817455,283.7129,56.297085,9.4154
236778806,282.83847,57.994892,9.71918
236779349,282.85437,57.140656,8.4629
236816404,283.63284,57.786602,9.58607
236817427,283.79425,56.33426,9.15336
359678549,280.9552,56.90031,8.0392
376974814,284.16864,57.047787,9.1239
376974966,284.02057,57.267006,9.5334
376975266,284.17596,57.701202,7.6927
359678383,281.0501,57.211468,8.4044
376978543,284.29495,57.0625,9.5043
376974849,284.1673,57.095722,9.4868
406930062,287.5262,57.568176,9.3995
406929779,287.51205,57.941086,7.4481
406929971,287.6439,57.708202,9.5284
359678669,281.02847,56.67755,7.9006
236776067,282.6055,57.353912,8.2133
376978152,284.3566,57.555416,9.4539
232680344,282.5237,56.24519,9.9343
236780127,282.78262,56.054337,9.5969
377306389,287.0391,57.75574,8.3239
232681456,282.48224,57.946198,9.095
232681433,282.5603,57.905773,8.804
232680387,282.5446,56.31755,9.58417
376993892,284.42316,57.525814,9.00686
359589590,279.9208,56.85592,9.4347
232672291,282.13943,56.22199,9.2136
232672303,282.03558,56.242615,9.8268
232672438,282.0939,56.435513,9.6828
232676980,282.31976,56.093346,9.4915
359589748,279.95523,57.099396,9.41785
232672408,281.95786,56.38275,8.48588
232676547,282.2433,56.767338,9.40858
359678852,281.03296,56.373833,8.01
377291489,286.55258,57.52477,7.74878
236787933,283.26852,56.67532,9.3885
359556587,279.47208,56.59002,9.8724
359677968,280.9402,57.948147,7.01405
359678171,280.9496,57.587822,8.60997
359632122,280.1413,56.32978,8.9409
236783913,283.16724,56.872215,9.9049
236783927,283.1208,56.89226,8.8819
236784353,283.17926,57.493004,9.98459
236784470,282.98843,57.66058,8.9592
236788144,283.26242,56.375423,7.62905
232637102,281.1295,56.692196,8.31351
232637164,281.12274,56.77874,7.89303
236784225,283.15555,57.28325,9.7141
236792190,283.5637,56.627205,9.40399
376974575,284.02136,56.661606,6.4564
236775592,282.6243,56.606537,7.4025
236775962,282.58212,57.187572,9.87121
298782505,278.7021,56.0565,7.9977
232636913,281.3034,56.42662,9.8197
232676481,282.29498,56.865116,9.9937
376927756,283.97232,57.64359,7.50724
376928523,283.9769,56.541817,9.7905
359628826,279.8819,57.542473,9.837
359675849,280.70605,57.86521,7.3529
359589189,279.98163,56.191048,9.48163
359674730,280.74628,56.05092,8.0998
232637376,281.22137,57.088097,7.77574
232637961,281.1377,57.95184,8.8596
232645216,281.57227,56.95084,9.8392
377255243,286.40796,57.752373,9.8177
377255322,286.3754,57.63578,8.7594
377099374,285.21445,56.959965,9.7078
232681393,282.36523,57.839935,7.83068
353936156,272.16187,57.979683,6.04776
232681328,282.42105,57.747425,9.3961
232637590,281.13513,57.390583,9.72212
232681382,282.36325,57.819885,9.9239
392570129,280.5805,56.12761,9.9175
232673130,281.99942,57.528473,6.08073
359493892,278.8492,56.273994,9.8861
232673207,282.1055,57.640156,9.1486
392537450,280.33804,56.953827,9.102
359585329,279.8574,57.491318,9.19885
359675242,280.78607,56.83299,8.36517
359497684,279.1013,57.490948,8.6312
392570272,280.6203,56.365437,9.9562
232649590,281.80063,56.004204,8.5336
390021526,277.7058,56.09752,9.4356
376927620,283.86884,57.84302,8.1555
399788598,278.02017,57.23518,9.69653
236792571,283.5023,57.16689,9.9405
389968669,277.20294,56.42956,8.6932
298782072,278.83203,56.76399,9.4057
356917682,273.28882,57.817722,8.9574
232640311,281.52173,57.9223,9.94857
357128544,275.43152,57.670048,9.3799
390018662,277.4059,56.421295,8.7487
232648516,281.91565,57.551826,8.8975
359556659,279.58698,56.699856,9.07384
232648817,281.91418,57.136173,9.7078
232645170,281.72382,56.8827,9.5834
232648307,281.77872,57.893864,9.44785
359556958,279.5569,57.24809,7.16129
298781333,278.63995,57.924305,8.119
236813492,283.44296,57.486557,5.16915
359497851,279.2191,57.773808,9.7414
392571044,280.62393,57.554886,9.8215
359675085,280.8132,56.60328,8.28
353783319,276.84238,57.29709,8.1775
232637392,281.28726,57.115715,6.8327
236779722,282.80963,56.60985,8.9666
359675280,280.80664,56.896156,9.14424
399788684,278.14383,57.045593,4.2113
298729810,278.38095,57.600533,8.9559
376978329,284.25854,57.32249,8.2499
359675817,280.8251,57.818455,7.1072
359631482,280.15768,57.494865,8.6621
390018424,277.58923,56.818707,8.9946
298730627,278.2734,56.156643,9.6656
399788681,278.0626,57.04747,9.16248
390018812,277.54688,56.15752,8.85215
362212095,270.8386,56.933598,6.42961
357687021,275.18295,56.711105,8.1592
357097032,274.84445,56.199505,8.4923
353783180,276.86078,57.039898,7.7878
392538059,280.2847,56.04027,9.0271
359313431,267.9914,56.040775,9.57333
359313470,267.93646,56.120197,6.82467
357527522,270.02673,56.951096,7.8998
357595868,270.10727,57.348164,7.1584
359556922,279.65167,57.19297,9.4953
359497229,279.05283,56.745625,9.495
353989864,272.45444,56.493427,9.1171
359497418,279.1688,57.05588,9.58467
359556610,279.60196,56.622932,9.9152
399788404,278.0257,57.651653,9.5208
298782303,278.698,56.384323,8.8807
353939624,272.3295,57.617947,9.8775
356895428,273.0714,56.772976,7.1606
356895847,273.0691,56.02502,9.6261
353780118,276.55173,57.04487,8.3872
298733302,278.47894,56.040077,8.5279
298733809,278.56445,56.96699,9.3209
298781775,278.76477,57.20551,8.113
356895671,273.1821,56.347164,9.7683
298733630,278.59085,56.630543,9.6289
359557055,279.60092,57.39194,9.72206
359493881,279.00995,56.28764,9.5799
389958958,275.95682,56.046177,9.5972
353731747,275.5592,56.645855,9.1593
353732134,275.64178,57.47655,8.3615
389962223,276.7366,57.195587,9.5885
298729901,278.39365,57.435352,9.3114
359586060,279.73047,56.239033,9.9437
232640406,281.4534,57.78202,9.5016
399788371,278.0436,57.724712,8.6649
237114876,269.62234,57.92554,9.6116
362132713,270.93268,57.344753,9.7446
362212275,270.81192,56.57815,9.7802
353779919,276.553,56.641487,8.2568
359552899,279.3552,56.814762,9.08823
390018832,277.51666,56.10754,9.4857
357527401,270.05325,56.69798,9.28616
165550022,266.59967,57.601585,9.16206
353992466,272.71912,57.25846,6.6155
356917739,273.36798,57.92611,8.274
359553003,279.4325,56.61679,9.2607
165531443,266.43973,56.384933,8.8278
353992171,272.8042,57.97612,9.8199
353731631,275.71628,56.4187,9.3476
298734296,278.44058,57.790787,8.9705
359493330,278.91803,57.22887,9.3828
359497915,279.1751,57.864494,8.4954
359552522,279.31253,57.458237,9.8901
359493591,278.87234,56.747814,8.7978
353780307,276.3806,57.472687,9.96
165549436,266.48926,56.019817,9.04941
165554574,266.98947,57.111107,8.53372
298730712,278.3885,56.006363,9.9766
359483383,278.96475,57.62111,7.7057
232637036,281.25174,56.595825,8.3557
232641225,281.52155,56.535732,9.7667
236787397,283.20428,57.429184,8.4083
236787831,283.3872,56.817783,8.7352
236788300,283.20706,56.160507,9.9148
356920276,273.4754,56.75653,7.3396
353782833,276.948,56.409687,9.8148
399788819,278.15152,56.753304,9.1591
356920361,273.67084,56.58824,6.30716
356919787,273.5244,57.73828,9.98424
356920080,273.63162,57.19572,9.34944
389965072,277.0,57.39837,7.90568
389968494,277.31668,56.111935,9.48689
356895717,273.05716,56.279816,9.18
389969040,277.25153,57.072605,9.6111
359497607,279.23627,57.33874,9.3756
232636685,281.20178,56.061478,9.9549
389969478,277.18915,57.882034,9.55808
359674840,280.7413,56.2091,9.8377
236813812,283.58813,57.951244,8.71081
359585210,279.69,57.702038,7.6968
390022066,277.7646,56.99776,8.188
232636773,281.3036,56.205143,9.65057
298663873,277.94373,56.650852,8.56854
298781653,278.6451,57.404373,9.80518
390018514,277.53116,56.69061,9.6469
165554288,266.97415,56.312496,7.9352
165554545,266.98087,57.023365,9.6722
232618043,268.2169,57.61676,9.88028
165552301,266.67728,56.139446,8.7511
357099943,274.94034,56.884888,9.54653
359483351,278.87302,57.67448,9.93249
353935054,272.10757,56.125813,9.4722
232621086,268.43732,57.05595,5.8681
356920292,273.52448,56.70577,7.2457
320474241,264.30905,57.366627,8.8995
232621005,268.3822,56.872646,2.6552
353895073,271.778,56.629234,8.8857
357527284,270.13724,56.455338,7.6274
353894841,271.78726,56.10446,8.4757
232634196,269.4385,56.195957,9.9227
165526988,266.03125,56.193512,7.91501
165526955,265.9119,56.293842,9.6176
198392281,258.5284,56.13382,7.3767
298729948,278.41833,57.371696,9.9811
298734307,278.6096,57.80182,7.20993
165498137,265.2026,57.435146,8.07088
165498199,265.15067,57.310314,5.9817
390018092,277.42245,57.404247,9.1266
389964757,277.01807,57.922226,7.4097
389915338,275.89386,57.284363,7.1108
198391776,258.59595,57.7447,9.20674
165498393,265.1651,56.786797,9.46279
232631424,269.17407,56.881916,7.9065
357596107,270.1667,57.887318,9.8434
353782825,276.8741,56.39748,9.1076
353782884,276.95258,56.5113,8.7267
390022397,277.63266,57.66374,9.8633
357686750,275.13342,57.251667,8.74767
383622901,270.6888,56.662197,8.6194
383623135,270.75482,57.0986,7.9957
232641526,281.4905,56.103374,8.8213
376978767,284.23007,56.74941,6.77075
376978768,284.2332,56.74828,9.9074
232626510,268.75745,57.763546,9.3678
357034454,274.30063,56.913857,9.5943
357096501,274.76706,57.151485,9.8807
232623504,268.58783,56.794598,9.899
390018111,277.54214,57.379364,9.608
356981123,273.9431,56.98459,9.70879
383622752,270.7048,56.37346,9.70894
383623314,270.62634,57.484375,8.97996
390018170,277.54068,57.255066,8.73289
357128388,275.36917,57.33577,9.9709
383622786,270.72885,56.436802,8.12386
356892019,272.96484,56.05121,9.1496
356892192,273.00775,56.43833,9.6706
320506588,264.70123,56.64362,9.9212
229689448,263.18445,56.778404,7.9112
356892348,272.93655,56.73891,8.85177
356978181,273.87833,56.995132,9.311
198356414,256.26593,56.53735,6.90702
198356680,256.1547,57.271915,8.2809
232620952,268.52612,56.76257,8.7163
356892729,272.91232,57.526325,9.4606
357044740,274.32434,56.855003,7.7535
198393843,258.63763,56.495373,9.76532
198413432,259.2582,56.205193,9.3957
357045197,274.34097,56.06458,9.4234
198356533,256.13867,56.842636,8.69378
198407396,258.63574,57.75912,9.05076
353894953,271.77148,56.361492,9.26904
320523391,264.59564,56.100464,9.9409
356920516,273.62442,56.326157,9.5871
198479552,262.1302,57.11027,7.14712
237116870,269.79962,56.748165,7.9254
298730486,278.35098,56.398018,9.1985
237116476,269.96185,57.69443,9.8959
357527364,270.06842,56.60816,9.2485
357034323,274.2798,56.695568,9.455
199635248,250.65022,56.04014,9.4303
356892699,272.95203,57.4357,8.8674
353783589,276.94043,57.814045,9.9531
298734336,278.4737,57.851532,8.5539
199635301,250.73605,56.20986,9.9634
320523366,264.61273,56.170883,9.92653
357099935,275.02423,56.864986,9.4375
389961674,276.7611,56.28805,9.30052
356919944,273.56433,57.47238,9.4874
357099563,274.95685,56.200043,8.8625
357100350,274.9664,57.61091,9.402
353736303,276.33466,56.99056,9.6703
389968746,277.2411,56.566574,9.90956
232620788,268.41873,56.391956,7.3311
341839461,267.8376,57.661045,8.4579
353935151,272.171,56.362644,9.6345
356978137,273.8816,56.88687,7.81812
229687337,262.95612,56.294674,9.2928
353897394,271.96274,57.670815,9.91634
356978440,273.67825,57.49476,9.3073
357099972,275.05246,56.941837,9.379
357100398,275.01144,57.712734,9.76613
390021867,277.6424,56.62738,9.92244
356978132,273.78162,56.878273,9.90051
229687709,263.02454,57.462505,9.1599
353897928,271.91412,56.53844,9.9329
353897791,271.8726,56.801903,7.03074
232620850,268.3338,56.52618,9.1265
357048431,274.6382,57.527206,8.6264
165531573,266.32,56.080242,9.2737
198420372,261.63394,56.646008,9.4407
357047999,274.57355,56.73886,9.9003
165551870,266.86496,57.25247,9.7136
165554755,267.0525,57.533546,9.1475
357045061,274.46338,56.298843,9.8053
389968727,277.2739,56.529438,9.6497
232617995,268.31815,57.74303,9.5304
198392197,258.59082,56.414013,8.8403
198392232,258.45087,56.288944,9.5966
198392081,258.5472,56.72957,9.8452
198392180,258.51837,56.45575,9.02905
165498318,265.1895,56.934364,9.8067
298664066,277.8217,57.040825,9.39734
165551785,266.71393,57.466225,9.46015
207502383,247.90366,57.764114,8.241
232623343,268.65488,57.22083,9.1087
341813787,267.335,57.84753,9.1052
1400760369,261.66672,56.353104,9.9341
341816742,267.58847,56.91981,7.9254
224605859,255.73145,56.23532,8.0078
462617902,259.8037,57.190136,8.6974
165550014,266.585,57.58546,7.7672
357036840,274.48218,57.890846,6.81123
357036834,274.33633,57.900246,9.5481
462617863,259.82425,57.286053,9.66984
353818863,270.47754,56.477325,9.69007
356111025,262.59778,56.120705,9.88869
165549513,266.5362,56.21951,9.76618
357096450,274.78314,57.22502,9.37932
353895641,271.79315,57.946598,8.8495
198360438,256.57178,56.803185,9.2778
199709428,253.60957,57.84359,9.326
165529165,266.10635,57.10834,8.04664
353895571,271.7147,57.758358,8.0382
357100232,274.9368,57.381477,9.08814
229689487,263.35013,56.669487,8.327
341813935,267.27954,57.425667,9.0129
229689152,263.22418,57.696026,9.9131
229689153,263.32715,57.684635,8.8005
423024785,263.3817,57.558716,5.55085
357099586,274.95258,56.26358,9.46474
165551979,266.7623,57.016037,9.84669
332478467,265.48294,56.06606,7.30033
353989770,272.514,56.266754,6.27522
224307936,233.0777,57.21212,9.546
199666719,252.0693,57.813705,4.154
341839687,267.70053,57.174656,9.6205
357527099,270.0332,56.04997,8.894
320525533,264.98682,56.87029,6.3645
298265600,247.83363,57.839043,6.53708
320525657,264.92456,57.173237,9.7384
353872814,271.2051,56.814907,8.1888
298265628,247.7748,57.930855,9.751
198364155,256.96286,56.17102,7.4423
237114804,269.5924,57.728,9.97556
207489846,246.0813,56.96339,9.809
207489785,246.10211,56.776,9.3845
298265486,247.79573,57.40954,8.54535
224607716,255.8918,57.499783,8.1834
320525755,265.0017,57.40392,7.72767
224607505,255.74423,56.74627,9.85663
320525210,264.8193,56.09241,9.849
329172913,263.69153,56.880814,9.9602
329249969,264.0665,57.469677,9.5517
232623464,268.5867,56.91805,8.6374
198358588,256.4805,56.411472,9.3489
198358676,256.41962,56.13529,6.15305
329172983,263.68732,57.03231,8.1462
232623473,268.6681,56.899635,9.3724
353807987,270.18378,56.547653,8.9178
284900269,260.93372,57.54197,9.1243
284900518,260.99304,56.75395,9.8462
462618233,259.68155,56.221897,9.7886
356086615,261.26602,56.46906,9.13364
329247110,263.94034,57.036613,9.81023
329246973,263.79034,57.37642,9.72567
356895061,273.08475,57.40039,9.99635
199666763,252.13127,57.657,9.3446
199667180,252.11832,56.21684,9.8576
229683264,262.4388,57.483757,7.9365
353897799,272.0298,56.78666,9.7609
357096848,274.7671,56.55657,8.7777
332504057,267.23956,57.802498,9.50385
224598223,254.81633,56.261635,9.9245
199660422,250.98212,57.635406,8.73506
198457170,261.74567,57.29178,9.31538
232625760,268.8358,56.085968,8.59051
341816845,267.53168,57.17285,8.91549
357097047,274.79517,56.17326,8.52074
199666911,252.16277,57.212383,9.73996
341814324,267.34042,56.47216,9.8357
320474338,264.2891,57.07422,8.329
359313776,267.99664,56.771355,8.9329
320474096,264.25046,57.74036,5.0337
341839795,267.6989,56.875042,8.9244
198415364,259.5568,57.34547,8.3661
332478347,265.5806,56.38129,8.9109
341816645,267.6803,56.67521,9.4588
229689338,263.24664,57.114548,9.6454
229689472,263.2184,56.716454,9.525
198358233,256.4711,57.671875,8.084
462636941,259.86218,57.98914,8.7646
232626072,268.8312,56.752064,9.1018
165551898,266.6799,57.191605,9.8124
298290403,251.63501,56.376797,9.6684
1201154366,247.90324,57.76383,9.4709
165529029,266.1192,56.76632,9.9984
232620728,268.36975,56.25083,9.1128
353992349,272.68683,57.49691,8.7572
353854310,271.01422,57.759804,9.5178
357595904,270.0962,57.41803,8.92544
198390460,258.21793,57.86263,5.9725
284889688,260.38568,56.521854,9.622
462618034,259.72803,56.805573,9.9523
165549803,266.65256,56.960163,9.6718
284891999,260.49295,57.822815,9.9963
341839336,267.78906,57.966503,8.972
329247550,263.77142,56.046852,9.6496
332478393,265.59705,56.24986,9.0879
329249739,264.16162,56.93831,9.1047
165502961,265.85135,57.08075,9.3879
165764420,232.3656,57.935165,8.4643
224306528,232.89093,57.166668,7.2542
359313673,268.09225,56.55717,9.2497
207462987,245.30646,57.4075,9.5309
198392003,258.59836,57.02375,9.4539
199608391,248.77449,57.414597,9.1207
224308090,233.07567,57.96306,8.3623
356109485,261.29782,56.105896,9.3763
207435660,244.23482,57.339878,7.9243
232623692,268.58823,56.362144,9.1837
207500765,247.63264,57.884575,9.1102
198362112,256.80087,57.57275,9.7745
198362154,256.89566,57.442833,9.1413
198354179,256.12042,57.943733,9.6292
165554331,266.9403,56.402515,9.5387
161840480,241.51999,56.871666,9.5741
165498001,265.0439,57.790424,9.7343
207424949,242.92723,57.45422,9.5447
207425091,242.79185,57.98201,9.3337
207436003,244.27913,56.160263,9.3608
198382264,257.46985,56.88775,8.5957
161727881,237.31981,56.23637,6.1507
207437347,244.56427,56.133644,7.7588
165497968,265.12848,57.857594,6.71696
329249647,264.0588,56.694756,7.7222
207403272,242.68835,57.237408,8.6002
207439279,244.64635,56.250217,9.9419
229685302,262.7952,57.186066,9.9749
232626013,268.87628,56.630466,9.974
207397107,241.76448,57.59409,9.102
207397296,241.8843,56.7878,9.1176
207397449,241.76381,56.27288,9.9051
207397450,241.8901,56.2717,8.3984
199665181,251.83836,56.754215,9.6691
341814168,267.3913,56.827106,6.1805
353854771,271.09546,56.669106,8.7745
165764166,232.32837,56.762142,9.8076
198360637,256.56586,57.46452,7.7294
207440991,244.8094,57.598946,8.5718
161746409,238.44858,56.54062,8.6505
207491245,246.24052,57.427814,9.4442
207491271,246.3659,57.315826,8.7998
207491356,246.4154,57.058826,8.9789
405526907,234.3388,56.104935,9.0402
161822789,239.36263,57.475574,8.9773
207442644,245.06436,56.18747,9.7525
207428069,243.25537,57.32576,7.8392
405526931,234.43248,56.00877,8.4507
199715598,254.48653,56.233734,9.6977
198356573,256.24887,56.94266,8.36097
161839197,241.08379,56.04896,8.8155
198408854,258.92603,57.55969,8.7827
224598071,254.83966,56.688614,5.0589
199574316,248.63554,57.589176,9.6831
298263942,241.47015,56.61396,9.4475
199574021,248.63115,56.454475,9.1192
199574028,248.6796,56.488304,8.7077
224599990,254.92549,56.829647,9.4146
353807829,270.3107,56.967644,6.55727
207467352,245.87587,57.47776,9.5234
232625819,268.8449,56.235104,9.6162
224601836,255.27505,57.114075,7.64644
232633718,269.53262,57.271557,9.7557
199683349,252.58458,56.870956,9.3396
224604048,255.46996,57.380234,9.725
198388218,258.062,57.13686,9.7465
359313560,267.95367,56.2907,9.3875
165500884,265.78784,57.04734,9.9733
198420284,261.66718,56.353275,8.7173
199658551,250.95247,56.673782,9.7711
232628219,269.0127,57.96164,9.86506
353807438,270.35638,57.9424,9.9858
353807883,270.34476,56.849773,9.82926
199665230,251.92297,56.89249,7.813
207439140,244.75224,56.757427,9.42226
199616328,249.7661,56.499104,9.43222
161726306,236.94803,56.109825,8.614
207435783,244.29082,56.918396,7.57176
207436044,244.30885,56.00027,9.04373
232620739,268.3667,56.278324,9.28858
161722508,236.42941,57.263,7.36399
198457034,261.75125,57.81673,7.82722
161840630,241.6127,57.5937,8.0083
356108881,261.43314,57.803326,8.96408
198457457,261.8344,56.374977,9.40105
198457222,261.74747,57.11902,9.34414
224312817,233.96585,57.28848,9.45797
207435578,244.30042,57.65938,9.8134
207435857,244.26637,56.69474,9.42416
207437730,244.57585,57.634495,9.1679
198354782,255.9401,56.046597,9.7199
207435500,244.28874,57.954456,9.7244
207501148,247.65753,56.39933,9.85317
207501213,247.66556,56.170677,9.9595
199685322,252.83507,57.82791,9.97246
165498352,265.19717,56.860535,9.8642
353818925,270.42056,56.709442,9.9434
165761567,231.83601,56.63505,9.10073
224312880,233.96307,57.617393,9.51977
161726304,237.12341,56.098526,9.2008
353818791,270.46417,56.34085,9.28539
224313760,234.13844,57.741306,8.8224
165529451,266.05365,57.76762,8.0293
199613247,249.50224,56.947353,9.5895
199613398,249.43645,57.62939,9.05212
199613445,249.4646,57.81341,7.8404
341840037,267.69604,56.292294,8.7174
198420511,261.58502,57.12291,9.7683
284900355,260.95285,57.26926,9.6773
284900628,260.88788,56.405018,9.0423
229687773,263.00754,57.658405,9.0159
199631978,250.30736,56.060356,9.9235
161721391,236.3099,56.936443,8.7893
199613225,249.41515,56.88317,9.994
207462862,245.40096,56.877094,5.7863
198410938,259.19675,56.047432,8.7228
161825202,239.97931,57.18365,8.3667
161825265,239.95857,57.54624,9.6844
161721465,236.13202,57.342373,8.32025
161729985,237.68425,57.661015,8.7683
161731449,237.86835,57.14224,6.1768
207498027,247.23064,56.604523,7.3385
224607260,255.90425,56.034855,8.663
207401747,242.42577,56.202515,7.2156
207402064,242.47423,57.45225,8.0905
199665144,251.8871,56.634323,8.6465
207462680,245.38501,56.18054,9.688
199661616,251.31676,57.868114,8.8021
298289988,251.705,57.802704,9.7584
334798691,253.32034,57.179317,9.224
199710486,253.81026,57.961452,9.299
284900199,261.0682,57.791676,7.5707
298266971,248.46718,56.521385,9.6796
198362364,256.75635,56.784286,9.9568
198362570,256.88855,56.227955,8.8196
199713797,254.26183,57.94447,7.9627
165736936,231.64589,57.40001,9.7122
207428179,243.1463,57.795,8.29189
207442694,245.14848,56.043465,8.5409
298265623,247.79272,57.909077,9.0492
199716041,254.2826,57.9236,9.0623
405558009,234.541,57.899742,9.4774
199610232,249.00218,57.520954,9.9256
198459125,262.0297,56.416733,8.4365
165764136,232.22389,56.5964,8.3164
224311477,233.70561,56.55781,9.4191
405580462,235.06622,56.192284,8.0594
161826099,240.52335,57.16909,9.4027
161826200,240.46759,56.602493,9.2518
161826201,240.49542,56.60105,7.4452
199614850,249.7369,56.67448,9.6077
199614865,249.56902,56.61938,9.7571
207502450,248.07437,57.488632,7.9845
199684918,252.70538,56.32993,6.9796
207400319,242.17476,57.110588,8.803
161839249,241.10596,56.301144,9.3622
405580076,235.01816,57.934044,9.6849
165721369,231.04378,57.925205,9.6755
198388195,258.0953,57.22344,8.3555
207499724,247.41754,57.659286,9.1616
161822850,239.31363,57.139256,9.79134
161822933,239.31497,56.65821,9.80679
353855033,271.15753,56.079624,9.9015
207467295,245.96054,57.71017,8.86511
207431019,243.56223,56.751606,9.7501
224306480,232.9038,57.400032,9.535
199688388,253.05882,57.604805,9.41521
284891601,260.50848,56.62842,8.55411
198457103,261.92114,57.510498,8.07023
199657025,250.76723,57.851482,9.21
198418712,260.84445,57.011723,6.2523
298263926,241.45845,56.683678,9.2161
298263938,241.46143,56.619022,8.84341
284891650,260.56058,56.750317,9.67982
198366508,257.183,56.404198,9.26593
198413001,259.36465,57.404236,9.5406
359313699,267.9281,56.60418,7.88314
383622780,270.72025,56.427956,7.58052
383622784,270.73053,56.435406,8.36955
207429595,243.50102,56.29882,9.3467
199616636,249.81415,57.68566,9.57392
224310309,233.50394,57.208378,8.3492
313424443,240.81512,56.043114,9.326
462620448,259.86185,57.799362,9.4906
198412824,259.43634,57.923122,8.96285
237116880,269.85406,56.72812,9.31901
313424724,240.84653,57.17737,9.7015
199617847,249.95866,57.735603,8.6597
462619803,259.89468,56.01717,9.9579
313424646,240.83218,56.859333,9.2703
224310104,233.538,56.35378,6.387
462619861,259.87238,56.179325,7.4968
198479620,262.18192,56.925213,9.91848
165762953,232.11075,56.549213,9.65076
405558181,234.65158,56.923733,9.8048
405559258,234.87119,56.198322,9.0827
198356694,256.17477,57.315887,9.48069
232629077,268.9806,56.03532,8.0406
298266780,248.32397,57.214474,9.2943
199632003,250.15492,56.167023,6.54501
356111584,262.68155,57.876823,4.96041
229687540,262.96735,56.918858,7.61603
332478380,265.52264,56.299473,9.76118
207401698,242.47466,56.026382,9.648
165735732,231.46129,56.45811,8.7419
207397093,241.6921,57.66381,8.6237
313424765,240.76332,57.40848,7.3416
199688471,253.17793,57.97059,9.5169
161745199,238.27345,56.991642,9.3931
161745289,238.32837,57.44136,9.60193
165764315,232.21637,57.44518,6.4163
224312808,233.85304,57.240757,9.78451
199610331,248.91681,57.949745,8.99285
198459239,262.11362,56.7596,9.9122
165714829,230.72319,56.37207,9.5617
298265527,247.84926,57.59135,9.7666
198386681,257.84302,57.88806,9.13686
198409372,258.95172,56.077568,8.6364
198459038,261.97345,56.161118,8.97164
198386704,257.97784,57.96761,6.673
199612998,249.51541,56.03842,9.3997
161727677,237.31111,57.133648,8.80832
356108811,261.47885,57.99196,8.8058
161728911,237.39194,56.67606,9.8791
207498021,247.26343,56.617634,8.6995
161687467,236.01685,57.306423,9.9476
207497867,247.26318,57.216557,9.5107
207442558,245.18382,56.494564,9.7958
199635288,250.67976,56.16601,9.3986
199656945,250.59,57.5562,7.5209
207499592,247.3884,57.224007,7.24855
198416591,260.0912,57.974182,8.3041
198411502,259.11246,57.725735,9.34063
229687624,262.98853,57.178432,8.9801
199613021,249.4848,56.128487,8.0695
198384408,257.7852,56.65916,6.3196
161820512,238.99974,57.282787,8.2714
161729947,237.60498,57.81673,8.94019
161827232,240.87611,57.124603,9.9703
199661731,251.35608,57.459106,9.9403
161721394,236.23543,56.943825,9.9457
198362148,256.8649,57.45683,9.89843
199709235,253.56557,57.090546,9.76147
405559527,234.7274,57.461773,5.315
405559540,234.67627,57.520718,7.0744
405559623,234.78966,57.924427,5.53559
405559521,234.70859,57.439392,8.8383
405580262,234.8951,57.147484,8.4765
161722505,236.34769,57.293056,9.5141
207401854,242.33112,56.67816,9.0075
161723864,236.66103,56.770058,6.8911
161730303,237.64568,56.13484,8.9128
199633537,250.45483,57.65709,9.6986
405580227,235.05785,57.268345,9.0561
405580301,234.95822,57.019672,9.8547
207403402,242.66026,56.75946,9.0594
199610033,248.96745,56.72735,9.5278
298263660,241.35445,57.890957,7.9669
199610185,249.12248,57.349133,9.3052
199608712,248.7921,56.01873,7.5437
207435670,244.18915,57.30002,7.5464
224309155,233.25194,56.250225,9.5783
224309126,233.28505,56.443554,9.5173
207400117,242.2621,57.93786,6.29566
207400377,242.2608,56.871864,7.8351
161826274,240.53185,56.279522,9.8554
199633692,250.50372,57.184933,7.18299
161687490,236.06313,57.178173,9.8677
243248693,235.8757,57.298195,9.3988
207431173,243.65892,57.310028,9.3722
207462962,245.28828,57.293114,8.82108
207431303,243.74553,57.874134,8.01054
462620035,259.94757,56.620872,9.55219
286170847,240.2908,56.43973,7.58989
313424554,240.75092,56.473587,9.31354
199663359,251.54135,56.06752,8.32403
224603921,255.3363,56.988472,8.86873
284889660,260.4099,56.622215,9.0831
232617923,268.1939,57.895794,9.45559
224311447,233.65433,56.712746,9.99382
207437378,244.40266,56.238865,9.6611
341816971,267.6306,57.44352,8.01272
207403294,242.70003,57.14994,8.005
207424735,242.72247,56.547256,9.1596
207431223,243.56189,57.513435,7.6522
161745054,238.38235,56.34451,9.5198
161745227,238.19815,57.11763,9.50777
207431120,243.74695,57.117954,9.6016
199688472,253.1403,57.974003,9.84566
161745384,238.31642,57.965748,8.5139
165735710,231.37778,56.365242,9.75525
207397267,241.80843,56.933388,9.5842
199688420,253.21397,57.768356,8.85097
207431072,243.7567,56.90983,9.88557
199612990,249.50188,56.015556,4.3655
207464598,245.5446,56.27621,9.7391
165737075,231.60318,56.747417,8.72
207399069,242.05397,57.90322,9.0656
207398679,241.91028,56.243446,6.9292
165714861,230.55357,56.5112,9.967
313422955,240.21538,57.709652,8.9376
199632232,250.21034,57.06595,9.7455
199661658,251.36923,57.707718,9.46063
199661915,251.32451,56.781887,4.4557
207467222,245.98553,57.98395,9.5698
199632300,250.17526,57.311974,9.2361
161821828,239.12973,57.28271,9.7049
161687589,236.06194,56.695656,9.2344
207497983,247.13356,56.73552,9.7352
207497984,247.13184,56.735107,9.8006
207496477,246.92583,57.453068,9.6764
161687336,235.97429,57.91052,9.8386
161825033,239.91805,56.14235,9.1824
161825044,239.96428,56.229824,8.8058
286210896,240.32352,57.916885,9.0389
161724974,236.82353,57.72341,9.3291
199660430,251.0928,57.681236,9.4031
165736955,231.71568,57.313637,9.7251
458484838,239.53746,57.864635,9.2417
458485249,239.56479,56.111046,8.0362
458484848,239.52203,57.833626,8.742
458485034,239.5781,57.02409,9.0684
458485165,239.42291,56.43621,9.9287
199608351,248.90817,57.601315,9.2958
199608500,248.77824,56.937412,7.739
207426141,243.11798,57.514755,9.627
207437802,244.42783,57.938114,9.5586
161728979,237.4657,56.989124,9.8498
161729052,237.40427,57.362087,9.4494
161732403,238.027,57.70606,8.2683
161823923,239.63158,57.379036,8.9008
199610180,249.04112,57.32291,8.1322
199610287,248.92194,57.78112,7.2743
161823836,239.66275,57.769295,9.4687
207464356,245.51671,57.180096,9.6546
207491333,246.33147,57.101498,8.30217
207464461,245.45126,56.774555,9.97113
207398790,241.92332,56.78557,9.2348
207400468,242.29947,56.511272,9.70858
161840488,241.54045,56.910553,9.6482
161840326,241.61713,56.069725,7.6648
165793097,232.6204,57.785927,9.3605
165723544,231.1682,56.858383,9.20212
161825248,239.9124,57.41776,9.14659
161725194,236.87657,56.616817,9.15
165762972,232.18922,56.458755,9.2888
161728865,237.52238,56.447594,8.8892
161730108,237.65463,57.075687,9.5009
353877355,271.49973,57.35936,5.87784
320506401,264.6544,56.875443,8.12745
1102395903,237.69183,58.96541,9.715
1102394622,238.40814,59.067204,8.57038
1102397137,236.85788,59.485844,7.0935
1551412534,271.82336,59.285347,9.1877
1400844051,263.1974,59.39958,9.1817
1551455780,275.0333,59.540585,9.5067
1717842912,280.6954,59.62687,7.4088
1201181944,240.07605,58.933815,9.7086
1201181945,240.07605,58.934227,8.1834
1400848243,266.52008,59.42,7.4567
1271137717,259.88315,58.529358,9.1299
1271137719,259.88235,58.529152,8.9038
224608313,255.83238,59.58779,8.8561
1717838374,281.73666,59.331123,8.3646
1717838388,281.73575,59.331097,8.0448
1551415635,271.0967,59.928528,9.649
359676790,280.6946,59.630394,6.724
161724643,236.85788,59.485844,7.0935
161729713,237.69183,58.96541,9.715
161745928,238.40814,59.067204,8.57038
165550674,266.52008,59.42,7.4567
376994912,284.60284,58.953773,9.543
471012023,280.6982,59.626846,9.7
392572237,280.6954,59.62687,7.321
229688637,263.1974,59.39958,9.1817
233613766,283.4137,59.98142,9.936
232646673,281.73575,59.331097,8.0448
353896182,271.82336,59.285347,9.1877
357101276,275.0333,59.540585,9.5067
353853521,271.0967,59.928528,9.649
313422671,240.07605,58.934227,8.1834
359388701,268.05746,59.212215,9.507
471012022,280.69717,59.630398,8.94
462637142,259.88235,58.529152,8.9038
341763011,267.4036,59.36781,9.8838
266524464,296.4483,59.94665,9.81925
275687846,293.93307,59.799255,9.5033
424873057,295.31158,59.850056,9.934
424873168,295.15814,59.71104,9.13422
424724114,294.69186,59.744183,8.8812
229475758,295.55606,59.95691,8.9169
275578456,293.7618,59.330013,9.7332
293879114,296.1232,59.804626,9.8236
287131071,294.77023,59.61524,9.63
287131468,294.97955,59.8197,9.7679
400428365,295.54715,59.84214,7.9433
424698867,294.2879,59.704685,9.86739
424698979,294.2566,59.84938,8.8474
267812451,293.39444,59.917973,9.5355
267882071,293.63522,59.494686,9.5756
275578080,293.8897,59.85273,9.4687
287380158,292.92984,59.409634,8.7106
424699223,294.39188,59.729996,8.2795
424699199,294.32852,59.76615,9.2148
467180593,291.7615,59.948997,9.8771
352239982,292.16016,59.764046,6.9888
287268577,292.924,59.127552,9.7891
267811169,293.26562,59.255642,9.5226
287380452,292.88507,59.749496,9.23427
394171488,292.40195,59.37182,9.5504
287195989,292.48047,59.97585,9.21551
287195778,292.64362,59.616486,6.6965
243354868,290.36716,59.50566,8.69511
287196472,292.71487,59.334263,9.5566
284478793,291.12888,58.61527,9.9581
284456294,290.83777,59.393375,9.6382
467181145,291.68195,59.181637,9.7692
287195806,292.55652,59.65495,9.5085
284479531,291.14584,59.57709,9.1354
243297496,289.25516,59.735287,9.4639
243297665,289.31647,59.476784,6.8966
243297833,289.30093,59.24283,8.9198
467181481,291.72632,58.7584,9.0651
243297900,289.25388,59.15711,9.48976
467181409,291.70837,58.861744,9.85131
284479470,291.18994,59.486942,9.9152
287131452,294.9855,59.841057,7.39217
467181279,291.84012,58.99953,8.9178
267882130,293.53766,59.553417,9.9126
267882317,293.5723,59.762306,9.6926
287196041,292.72128,59.893234,9.199
287196131,292.7973,59.77926,9.9954
287196418,292.73413,59.40385,9.80529
421307216,288.85675,59.424004,6.7909
243276811,288.23755,58.107937,7.6954
352175692,291.86404,59.02575,8.7787
467181242,291.70392,59.049534,8.2112
421306975,288.88907,59.826252,9.4438
421308067,288.8677,58.185673,9.3791
421307045,288.83237,59.7018,8.65472
284564981,291.58823,59.428257,7.2296
352239480,292.18005,59.12082,8.5951
229402092,292.64322,59.954617,9.67059
352239594,292.15253,59.27795,9.5628
352239719,292.2186,59.419994,9.89536
287196300,292.69022,59.561947,9.56632
421335445,288.99826,59.473305,9.1564
421335690,289.0502,59.885227,8.6331
243355131,290.32303,59.90043,9.4113
352239527,292.1049,59.192696,9.8324
352239777,292.10474,59.495697,9.1405
284479591,291.16418,59.658073,8.167
243354429,290.23242,58.901646,9.0194
243336444,290.12592,59.151333,9.6376
243354996,290.35596,59.707424,8.9815
284358370,288.02594,58.813503,9.6795
229950752,288.77945,59.89694,9.6662
284479750,291.0519,59.864166,8.82578
416401395,287.87576,58.533897,8.20324
284479937,291.2722,59.769535,6.8333
406928878,287.6489,59.19336,9.8665
406929203,287.61624,58.739082,8.2742
416401803,287.90677,58.024426,7.4009
416400676,287.84048,59.530457,9.845
284480526,291.31244,59.000248,8.6387
243355778,290.56635,59.124443,9.1769
243356009,290.5249,58.855328,9.9665
406928015,287.4061,59.320045,8.5757
284357919,287.92035,59.47382,8.7356
421308142,288.90942,58.074154,9.7639
243314816,289.3667,58.12312,9.7438
243335464,289.9675,59.348267,9.5099
243335760,289.8196,59.729702,8.2261
243277031,288.27353,58.428226,9.8208
243286745,288.54263,58.908005,9.9412
243277644,288.315,59.313934,9.5185
243279065,288.4826,58.40991,9.464
406928106,287.4801,59.468685,9.2934
416194128,287.15857,59.877403,9.4984
243296988,288.61255,59.406704,9.6164
243297242,288.62546,59.81208,9.3338
229958602,289.0069,59.975838,8.9175
284358423,288.04044,58.745678,9.7888
243315273,289.43768,58.744396,8.5344
243276996,288.21585,58.369904,9.4592
243286637,288.6315,58.804108,9.4192
421307009,288.78723,59.77506,8.6852
243315719,289.37253,59.365105,8.36779
243316031,289.45526,59.836384,7.63054
243315412,289.57083,58.91926,9.7771
243315819,289.3853,59.530922,9.58502
376976437,284.03308,59.629257,9.7287
377191611,285.91934,58.982796,9.3165
377253879,286.36508,59.762657,9.9785
377254696,286.30396,58.54864,9.715
243316194,289.71506,59.807575,9.4301
421334672,289.0103,58.21387,9.8487
421335599,289.1364,59.73402,9.0937
243315864,289.53186,59.597057,9.4624
243334944,289.88037,58.70175,9.8477
377293721,286.8788,59.199566,9.2906
377293835,286.80194,58.995777,9.8584
243336385,290.04532,59.242546,9.8648
243278290,288.49164,59.603306,9.09175
377054659,285.1336,59.778072,9.0108
243279213,288.46622,58.167137,8.7591
377293428,286.77905,59.582516,9.82003
377190445,285.73206,59.131313,9.9559
416195176,287.2364,58.273315,9.70377
406927453,287.42618,58.46834,5.7436
376995304,284.5579,59.61155,9.1942
376995369,284.4266,59.72933,8.0241
377055531,285.1908,58.424038,9.5062
377165689,285.8555,58.230465,9.5004
353936521,272.1234,58.450047,9.92194
377055637,285.16702,58.25938,9.28206
406927322,287.4067,58.275356,7.4095
377191482,285.9371,59.164055,8.8052
377190658,285.77695,59.444897,8.3226
377190731,285.7323,59.54577,9.8529
243278327,288.5061,59.551823,7.4113
416194749,287.24332,58.934837,9.83298
243286947,288.72147,59.191788,9.198
243297220,288.67252,59.767807,9.15008
230383995,285.77643,59.995304,9.5414
243277918,288.19373,59.73175,9.72984
243336701,290.05972,58.847206,8.2432
284565172,291.60812,59.6733,7.5957
377294492,286.8323,58.074738,6.91741
243297167,288.57153,59.68928,7.53978
377053911,284.93472,58.962837,9.55837
377053852,284.89398,58.88188,8.8002
377054349,284.9479,59.62778,8.6704
232640057,281.50073,58.346558,9.1348
284358049,288.0795,59.28953,7.8971
377158640,285.54428,58.63297,8.721
377159027,285.59457,58.062504,9.5796
243298620,289.31995,58.216694,9.5907
243315153,289.36694,58.568092,8.7552
236815239,283.6274,59.64422,9.4374
243315669,289.5295,59.30117,9.8221
236778734,282.77924,58.100067,7.51945
377253008,286.26782,58.824802,9.9634
406928774,287.6086,59.34361,9.9518
416401558,287.8392,58.3222,7.89434
236776901,282.57605,58.69489,9.8634
236776985,282.70178,58.830757,9.4933
377106391,285.57343,59.90176,9.7852
377054253,284.82373,59.479313,9.00256
406928424,287.62506,59.893547,9.99413
377254191,286.45847,59.292015,7.59543
406929226,287.53943,58.704643,9.52947
416400846,287.90292,59.29655,9.4826
416401447,287.87152,58.471283,8.4043
243316446,289.63776,59.41091,9.6081
243317182,289.64133,58.426094,9.3028
243316903,289.65433,58.805973,8.8866
243317033,289.63318,58.625084,9.624
284453619,290.63126,58.5304,8.7281
376977177,284.22528,58.997723,9.7941
232639453,281.46475,59.383003,8.4565
232681657,282.38004,58.278393,8.342
232681904,282.38025,58.702583,8.653
377254606,286.3855,58.689625,9.2592
229950766,288.74075,59.9261,9.0899
232674335,282.0148,59.508022,9.7717
377254572,286.30295,58.727818,7.926
232647621,281.88162,58.954437,8.4562
230397539,286.48328,59.87898,8.39714
377191046,285.86636,59.872467,9.8872
377191235,285.9519,59.560272,9.2818
377292556,286.64383,59.037037,9.99122
377292963,286.6454,59.597645,9.8592
377191869,286.03073,58.62841,9.5844
377191919,285.9129,58.53944,9.7773
376976135,284.15198,59.0998,8.9834
376976166,284.01654,59.163807,9.9289
359676816,280.80862,59.67277,8.5551
359676213,280.75833,58.53569,9.57865
377306672,286.99963,58.144478,7.04161
232682178,282.39276,59.12486,9.2449
232682114,282.45938,59.02008,9.91132
377292209,286.53876,58.57511,8.5339
359551900,279.30807,58.5398,8.6883
232681757,282.46393,58.44232,8.57873
353937856,272.3282,59.750813,8.95761
377253278,286.14093,59.21702,9.8283
377252843,286.09262,58.566414,9.4379
359558085,279.58423,59.25386,7.8841
232681667,282.40555,58.288467,9.84387
359557642,279.52597,58.418667,8.2864
377253895,286.28168,59.73787,9.22042
359677192,280.9536,59.430878,9.1509
359677506,281.07022,58.73714,9.6017
232675205,282.27634,58.90377,8.5852
377054668,285.21732,59.759033,9.3533
359584960,279.72763,58.16329,8.5046
236786762,283.2944,58.443886,7.546
298734901,278.52426,58.932446,8.9377
353783935,276.8922,58.479332,6.1021
359677358,280.9704,59.04236,9.6935
377105113,285.31628,58.155056,8.8026
377105281,285.40765,58.39285,9.8277
359498099,279.06107,58.1824,9.9719
359584313,279.7272,59.2955,9.05781
359629232,279.97327,58.24882,7.7633
377105049,285.33667,58.045223,9.24
232638856,281.2728,59.43264,7.55653
232646250,281.64737,58.58862,8.0197
359676881,280.79395,59.80741,9.7049
359630365,280.27127,59.561375,9.39341
236776750,282.75128,58.434258,9.87813
389915980,275.74072,58.490498,9.0123
389916508,275.8845,59.45334,8.2287
389917425,276.08536,58.61044,9.5549
389962798,276.76788,58.282166,7.826
298664645,277.95926,58.073086,9.7726
359551917,279.38254,58.498238,9.787
389917311,275.99347,58.82404,7.3832
236786881,283.30258,58.257042,8.63377
377053663,284.87915,58.611763,8.5297
390023111,277.67502,59.117638,8.2569
359482562,279.03433,59.044476,9.9371
232646133,281.70392,58.395565,8.8855
232646759,281.5645,59.464443,9.80635
357128937,275.46036,58.39211,9.57882
359584173,279.83066,59.528034,5.6318
376926590,283.8741,59.498745,9.3014
390022746,277.79483,58.33033,9.4896
298665129,277.96265,59.029472,9.78031
390022843,277.7096,58.559498,9.45762
232639348,281.4666,59.559162,6.1903
232675523,282.34726,58.34695,8.7719
359676246,280.72525,58.619236,9.5294
232675532,282.303,58.33645,9.4742
232675427,282.26874,58.51645,9.6188
298665327,277.9767,59.419968,7.44445
392572073,280.6642,59.320587,8.5041
399787737,278.19785,59.295097,8.77389
233613764,283.41376,59.982563,9.39947
399787953,278.10446,58.779163,9.5376
359630756,280.2596,58.855522,9.9029
357685730,275.2935,59.28171,9.49438
357685774,275.26727,59.180298,9.70467
353732740,275.5986,58.790287,9.6585
353732844,275.55997,59.003044,8.6571
353733282,275.60938,59.57514,9.1948
298665610,278.25134,59.88856,8.1988
359552214,279.4142,58.01521,9.2524
359584239,279.80145,59.415726,9.4562
399788180,278.07947,58.131542,8.5786
298780860,278.71765,58.69053,9.3532
232640007,281.38065,58.4444,9.99045
232640070,281.48007,58.326942,9.4586
377158294,285.56543,59.150253,9.38853
357685999,275.17532,58.660526,7.60054
390023364,277.68448,59.617664,9.223
359482728,278.99908,58.744236,9.9905
232633087,269.41003,58.81985,9.9853
353734834,276.22427,58.55896,8.22921
353807236,270.22183,58.54626,9.61532
357049896,274.72455,59.47518,7.6861
353853645,271.13956,59.557148,9.7913
353853673,271.14856,59.474888,8.3845
356919424,273.66544,58.505325,9.4142
357049807,274.7281,59.659794,9.9857
353853600,271.17145,59.66114,9.50176
232632776,269.51938,59.606735,7.5872
376926404,283.9776,59.821785,9.2297
376926482,283.87018,59.680412,8.7067
165555423,267.0303,59.509266,8.9129
357100929,275.1129,58.821304,8.6617
165554927,266.9849,58.00516,9.42186
165551136,266.682,59.232594,9.77457
353734774,276.16718,58.61838,9.37136
359676268,280.80212,58.674076,9.485
389970487,277.26776,59.746773,9.6349
359557736,279.62195,58.57984,9.1671
359584893,279.83716,58.277924,9.9893
389969870,277.381,58.59123,9.89678
353939279,272.31512,58.0174,9.3649
232617286,268.14496,59.37791,9.6607
353991757,272.7516,58.990215,9.6729
359499158,279.43204,59.758495,6.291
357596203,270.00735,58.098576,9.5858
362132242,270.98303,58.336723,7.8499
298735231,278.518,59.596897,9.5615
320473367,264.2777,59.797356,9.97414
332504156,267.23987,58.09615,9.32507
341817584,267.5212,58.98446,9.93171
383674953,279.2272,59.914494,9.6836
353937626,272.1871,59.840004,9.61349
353991685,272.66043,59.16658,9.0124
356918676,273.31445,59.85217,9.97462
356919631,273.5251,58.04978,9.47729
392571769,280.62546,58.78579,9.8924
341813507,267.3387,58.564434,8.8662
356980164,274.04837,58.92833,9.7479
298735550,278.68848,59.694016,9.3366
353853880,271.07132,58.88249,8.7218
353819995,270.49777,59.45477,9.698
356980362,273.91544,58.545753,9.8822
359498640,279.21234,59.16916,9.978
356918880,273.62292,59.649944,9.36399
353854078,271.14117,58.39842,9.8329
298665392,277.84952,59.56699,8.598
392536805,280.31982,58.06376,9.00653
359630204,280.14478,59.87103,9.57049
237116035,269.80264,58.761383,6.7215
359552206,279.46027,58.026535,9.6922
232627256,268.84232,59.56819,9.83098
298666271,278.3515,58.706486,8.7742
232617217,268.19165,59.60017,9.3359
237115395,269.55905,59.291473,9.61
237116146,269.94058,58.44076,9.5801
356979625,273.82816,59.838436,9.18
356979621,273.81357,59.826725,8.2366
320526399,264.92755,59.136307,9.84
320526252,264.95334,58.70827,8.74952
284899751,260.93488,59.08825,7.7071
357101112,275.0842,59.16927,9.9491
389970300,277.18854,59.412346,9.7173
232639272,281.5072,59.686947,6.35274
237115153,269.62448,58.633213,9.8191
359629396,279.89008,58.533447,9.5734
389917628,276.12927,58.234493,9.263
298666038,278.33737,59.141636,9.3754
298735113,278.56146,59.340446,8.5142
232626905,268.7677,58.746086,8.74132
359676320,280.72815,58.761097,9.4057
356894414,273.25238,58.704346,9.35499
359630869,280.11206,58.630577,9.8523
357049858,274.83688,59.5397,9.7728
462617334,259.66788,58.872673,9.97727
165551252,266.82928,58.85942,9.6349
165551380,266.7453,58.559696,8.4777
198478986,262.16434,59.035347,7.00766
357596454,270.14044,58.68224,9.4398
341817328,267.60233,58.325867,7.641
389963548,276.66147,59.705643,6.23122
332477180,265.4505,59.256596,8.9406
356893496,272.91898,59.129578,9.8211
389964126,277.0056,59.084934,9.3505
298734432,278.51355,58.035053,9.7764
298734515,278.476,58.18871,8.5537
219780871,263.93216,59.99479,9.06332
198478755,262.32385,59.845776,8.93754
353819752,270.5363,58.84536,9.4712
165530450,266.38132,59.293842,8.0641
389970762,277.41138,59.567802,8.2138
357100746,274.93082,58.46028,8.8692
232622305,268.60464,59.892525,7.917
356919005,273.59778,59.3629,9.7589
356919002,273.5264,59.366932,9.9173
356919475,273.59164,58.3997,9.0699
423025039,263.51685,58.481213,9.57419
341818238,267.84756,59.352364,8.73644
357596859,270.0857,59.65733,9.89443
357100819,274.94983,58.60558,9.6055
353784443,276.9256,59.54911,5.57221
390017653,277.55164,58.213154,8.03703
423024940,263.47028,58.151768,9.8773
389970227,277.21207,59.290253,9.1374
357596800,270.03162,59.525333,8.35951
341813674,267.28162,58.138004,7.4765
356978704,273.70462,58.00259,7.87432
165555225,266.88724,58.91192,9.3078
232617075,268.26385,59.95475,8.0456
389964418,277.04108,58.550392,7.4569
298666592,278.38123,58.09169,9.9329
353735203,276.27875,58.149906,9.6964
389916793,275.9879,59.85443,8.8138
298780530,278.75302,59.26705,6.7217
389917323,275.97754,58.800735,5.034
237115885,269.9398,59.168526,8.30826
298666243,278.34637,58.767696,9.33554
389917444,276.0916,58.569458,9.37963
389917321,275.97714,58.80177,7.4496
198407490,258.78033,58.085598,8.9261
362131841,270.89957,59.22545,9.8644
362132072,270.98212,58.724133,8.1008
362132283,270.81198,58.262856,9.0079
356893283,272.8645,58.626076,9.3667
356893324,273.04773,58.72218,9.6632
341817609,267.54044,59.04019,7.41929
165501771,265.6929,59.44244,9.83318
356893643,272.9951,59.492466,9.32281
357048700,274.64096,58.008186,7.05105
389963322,276.69513,59.291756,8.4624
284892749,260.9721,59.782726,9.25735
357048740,274.52893,58.080704,9.6086
356980226,273.8872,58.804558,8.5152
341818091,267.84677,59.641636,9.92822
165551126,266.7541,59.253582,6.85872
165551345,266.7153,58.6387,7.60761
353896835,271.9981,59.045242,9.6164
198357383,256.2024,59.437435,8.1377
229688517,263.2497,59.826794,7.96144
165550383,266.65704,58.58005,9.8947
356894735,273.1237,58.013985,9.9154
357050342,274.89166,58.558876,9.5734
320526395,264.94016,59.124874,9.35
165550663,266.52072,59.40338,9.96939
353937655,272.05673,59.859528,9.69119
329174377,263.90067,59.24883,9.5409
356894118,273.12488,59.31166,9.7009
356979237,273.76013,59.01256,8.2631
329173402,263.657,58.080048,9.63268
237115590,269.5652,59.876038,9.65115
356979645,273.86603,59.90909,8.89658
329173590,263.65643,58.581154,8.76683
232621616,268.34897,58.29074,9.6202
232622056,268.49167,59.36661,8.4668
359630113,280.0326,59.86745,8.6841
353876284,271.55872,58.686466,8.3221
224596596,254.51404,58.649662,9.4262
357049175,274.588,58.921745,9.9773
357049640,274.64966,59.92578,9.4023
357129409,275.53168,59.415882,9.4273
165471211,265.10147,58.880848,9.9077
199682270,252.42226,59.060123,8.2437
165497854,265.01633,58.167362,8.0318
165550514,266.46506,58.985325,9.5968
357036318,274.31186,59.000168,8.90695
357050472,274.72665,58.287178,9.9016
329173835,263.57333,59.21388,9.387
383623835,270.62808,58.627266,6.7652
199682253,252.34396,58.999214,8.61399
165502288,266.01755,58.87382,9.4899
357050334,274.89673,58.57134,8.9172
198390577,258.23105,58.161537,8.9449
232617198,268.13568,59.646976,9.6161
198456442,261.75424,59.904446,9.6214
198407592,258.68256,58.384064,7.4898
198412566,259.4282,58.749493,9.66163
165470849,265.14658,59.968506,7.8365
198478865,262.2641,59.449406,9.8607
462617129,259.64597,59.51542,9.4327
165471287,265.1868,58.633926,9.6878
229688234,263.1306,59.162178,9.193
229688343,263.0262,59.508797,9.6876
341817570,267.5208,58.93743,9.4585
198459959,262.1083,59.216095,9.3466
198412367,259.38602,59.42332,9.80052
357129171,275.36475,58.855953,8.0735
357129208,275.48642,58.93071,9.69658
357129628,275.42517,59.89329,9.1083
332504864,267.22202,59.89001,8.17851
198412329,259.2472,59.53239,9.728
229684780,262.94464,58.84621,9.1993
198361395,256.78427,59.884365,9.8984
199712893,253.87247,58.548744,9.0413
165550173,266.57462,58.038795,9.3441
232633215,269.5473,58.474384,8.771
207502194,247.95699,58.52436,9.43813
359389007,268.0416,59.888508,9.76249
332504605,267.22998,59.213314,9.7802
389916913,275.97928,59.617523,9.8413
353991354,272.5142,59.875965,9.5776
423025131,263.45117,58.779396,8.877
423025387,263.45078,59.743587,9.63857
233061448,269.7446,59.984608,9.44217
199709890,253.604,59.55737,9.5545
199709982,253.46541,59.93481,9.3644
357101138,275.00974,59.239624,9.49
353895896,271.79962,58.573112,9.9574
353895752,271.67273,58.20234,9.33355
357035978,274.49948,59.718616,9.92427
357686186,275.30716,58.2704,9.74368
298266453,248.39923,58.42276,9.133
199666243,252.2188,59.50335,6.76614
353807129,270.21268,58.900932,7.9323
353896806,271.9844,59.11063,8.959
353897208,271.96793,58.10551,9.1052
357035841,274.20367,59.89597,8.6347
219759595,262.30447,59.92228,9.38423
353896872,271.90268,58.975685,7.9103
341818047,267.8374,59.749676,9.6874
232627780,269.12546,59.083405,9.48689
353896754,271.96255,59.236908,9.36344
353896849,271.99112,59.02077,8.2672
198456464,261.84317,59.786827,9.7844
423024897,263.5157,58.030796,9.3755
232628114,269.0972,58.218563,7.8886
329174536,263.91028,58.78642,9.9768
199661054,251.08589,59.96361,7.74892
232617338,268.25848,59.27435,9.0865
232617161,268.1715,59.732834,9.6745
320526586,264.86157,59.652916,7.1206
165551273,266.80685,58.81515,8.722
284888584,260.3652,59.855766,9.8259
198407860,258.80283,59.200924,7.667
165502071,265.99384,59.518894,8.5265
165502075,265.94122,59.511112,9.3886
229684707,262.89346,59.130913,9.0005
207490175,246.18375,58.258045,8.951
233077606,271.2182,59.92261,8.91882
298265902,247.68414,59.06077,9.6158
224596976,254.66116,59.79763,7.8453
224597395,254.86131,58.769783,8.3554
320526092,264.86313,58.242474,8.84978
320526285,264.8917,58.803417,7.1363
332504341,267.09726,58.536068,7.61205
232617802,268.1364,58.16449,9.1643
232632293,269.31064,59.02566,8.07732
353874773,271.22058,59.294823,8.5636
356979682,274.08698,59.95997,9.5204
224608312,255.82776,59.585354,7.6813
341818093,267.84277,59.640163,9.31092
207490389,246.05083,59.082485,9.53425
207504899,248.23418,59.785522,8.76547
198390747,258.318,58.668247,9.8685
198390685,258.33145,58.495186,8.9281
198382838,257.53177,58.407818,9.94752
198382712,257.4126,58.096027,9.1157
356111753,262.6429,58.461983,8.7194
329250723,264.11108,59.483177,9.4023
165550641,266.62616,59.34892,9.5486
198456386,261.6737,59.74877,9.8585
165529642,266.18356,58.271442,8.5405
198365901,257.2057,58.10072,9.0784
329173420,263.71735,58.124813,9.3453
198456844,261.74927,58.465202,9.8937
207496970,247.04185,59.369392,9.7866
198391324,258.515,59.145546,9.4454
198391633,258.4577,58.188313,9.1707
161722047,236.53362,59.412403,9.0429
199608168,248.746,58.35793,8.1285
207463892,245.49309,58.961605,9.4265
207497136,246.90532,59.972443,8.6694
207500374,247.62749,59.48293,9.1525
199632510,250.32164,58.174713,9.9833
199666092,251.87167,59.843475,8.8371
362131641,270.81754,59.685364,9.8695
207496971,246.90265,59.369907,9.79031
207497114,246.88469,59.8871,9.52408
207396564,241.77725,59.922268,9.4261
207438689,244.67343,58.57415,9.6942
219751932,261.31033,59.92367,9.2348
332504575,267.12595,59.14219,8.8767
341813609,267.39624,58.308796,9.1556
207396837,241.7556,58.74571,9.2641
198181623,244.94383,59.999863,8.973
207438386,244.76024,59.836468,7.823
199657492,250.68314,59.284313,9.0889
199665926,251.9751,59.261047,9.3431
199729166,254.33992,59.795815,7.6525
353807314,270.19135,58.271317,8.241
232628118,269.09232,58.21461,9.9438
207435093,244.23463,59.506313,9.0827
165470950,265.10312,59.654102,8.4198
224313267,233.8742,59.608303,9.5688
165555303,266.9708,59.19073,9.79488
198383718,257.69296,58.712387,9.9847
165762482,232.10165,58.791176,9.6771
224313537,234.06535,58.89155,9.7894
161840881,241.48526,59.052227,9.7591
199685396,252.74142,58.12094,9.897
198361902,256.7929,58.26879,6.26153
284892833,260.94354,59.575603,9.1771
284899662,261.05023,59.352787,8.7212
229688011,263.13153,58.437042,8.7282
284899664,260.97495,59.346603,8.8495
313422570,240.07143,59.33295,8.4248
199661152,251.32295,59.6198,9.8063
199661442,251.39136,58.56262,9.8986
199664017,251.40404,58.655396,6.79292
199664159,251.47954,59.210827,9.4713
199617759,250.12184,58.06334,7.9153
199710296,253.77429,58.77721,9.3767
207438516,244.73555,59.276005,7.6134
198357417,256.33942,59.554695,9.9332
405526375,234.45895,58.725113,9.5453
405557963,234.61063,58.15769,9.8911
207493942,246.75258,59.530308,9.796
298265922,247.83066,59.158695,9.3013
298265997,247.74873,59.503983,9.5597
198456158,261.61755,59.038334,7.1238
229676545,262.50665,59.688457,7.01699
353806943,270.23346,59.509,9.6342
405582164,235.11592,59.568863,9.6661
405582206,235.26433,59.793697,9.4585
405582390,235.30696,59.347767,7.8503
198383695,257.71445,58.76888,9.3835
284892448,260.6578,59.186024,9.9998
284892568,260.49924,59.5206,8.9221
161745869,238.42958,59.42107,9.4935
198418972,260.75528,58.090496,8.8981
198456476,261.87695,59.74709,9.1774
198408228,258.9825,59.50677,9.0884
199685982,252.86316,59.591755,9.458
224600537,254.92789,58.597652,7.23248
284892093,260.6776,58.091473,7.6446
232632371,269.3326,59.197834,9.77428
341813613,267.37433,58.29663,9.9231
198361896,256.90298,58.28534,9.5643
207402722,242.69688,59.675407,7.478
207434579,243.97728,58.479015,7.5603
284892123,260.55847,58.195126,8.7358
207438428,244.65547,59.69365,8.35292
199665853,251.94508,58.97204,9.1932
199666111,251.90414,59.909008,9.45395
199666114,251.91827,59.924053,8.98806
284892384,260.552,59.01512,8.9932
219763589,262.7855,59.898296,9.6444
320473481,264.20883,59.473724,9.6208
198383789,257.70822,58.50486,8.89627
161825753,240.55377,59.305523,9.7225
207466621,245.71628,59.410427,8.5045
207493333,246.52121,58.11039,9.2906
207494221,246.74042,58.243767,7.2159
298289697,251.69011,58.87127,9.3349
199617008,249.88396,58.98733,8.2907
229683102,262.41397,58.11585,8.8965
198387764,258.16943,58.526386,9.1105
458483074,235.31837,59.988113,8.4437
207399897,242.23444,58.642437,9.3648
207490245,246.21089,58.5663,9.6404
207399779,242.20691,59.188488,9.8367
405582638,235.3623,58.133114,9.4805
161685772,235.62158,59.421413,9.6465
207466671,245.81595,59.61368,9.2302
224601357,255.15794,58.66966,8.0688
232622323,268.64914,59.845844,8.4197
232627782,268.96362,59.076813,7.9568
198387576,258.18643,59.066513,8.8336
207399861,242.1771,58.820274,9.715
224313429,234.08284,59.452152,9.1449
356111855,262.58948,58.793858,9.0396
199633141,250.38489,59.085423,9.3629
207504792,248.20706,59.356327,9.4978
224597194,254.8812,59.45967,8.6215
224597333,254.80014,58.994766,9.2597
224597513,254.85655,58.38573,9.2535
161722071,236.44952,59.31213,7.40765
198390699,258.36124,58.52485,7.5168
198415649,259.6255,58.358624,8.9711
199666234,252.21342,59.516186,8.4934
165764504,232.21959,58.323837,9.66031
224308254,233.07086,58.794,9.5289
298289469,251.71736,59.66871,9.09769
224308171,233.20827,58.34307,9.73261
232631955,269.3045,58.104298,9.56087
207497007,246.85889,59.473465,9.7729
232632979,269.49615,59.123993,9.75984
198456933,261.83704,58.21404,8.9072
165555520,266.92456,59.824345,8.1212
207425445,242.8408,59.44817,7.72018
329250735,264.17648,59.502243,7.758
161726842,237.00992,58.75266,9.50637
207500399,247.57365,59.345707,9.4845
329250464,264.13654,58.79069,9.50672
165470983,265.1925,59.56684,9.71672
161727329,237.24051,58.683636,9.2996
161826896,240.923,59.089622,5.98458
161729379,237.4039,59.058895,9.8439
161826726,240.9743,59.94534,9.9135
161827031,240.94958,58.243145,9.6335
199610976,249.1888,59.473564,8.6605
199686050,252.95297,59.31038,7.21571
199686300,252.87369,58.3343,8.9782
198419052,260.68634,58.436893,8.7684
313422677,240.06267,58.922974,8.4152
243248185,235.7677,59.89049,8.9618
202351925,234.91234,59.9584,9.9336
199716516,254.34904,59.61713,9.6666
207441871,245.17735,59.059566,8.6121
199716492,254.31606,59.50832,8.08977
298263539,241.2758,58.374596,8.805
207441651,245.01405,59.81281,8.5184
207441662,245.08195,59.77081,6.67548
207441976,245.09686,58.67754,9.5405
199682232,252.42253,58.95479,9.6287
207428780,243.38985,59.554195,7.5584
207428984,243.50537,58.725098,8.9442
161822341,239.16104,59.977516,9.9503
161822594,239.32971,58.560978,9.8456
161825882,240.47226,58.56524,3.518
198386781,257.92062,58.124027,9.95767
224604368,255.3263,58.56792,9.03739
198361369,256.6831,59.905476,9.41051
198387099,257.92734,59.06276,9.19713
165790911,232.36691,59.453835,9.7072
161819752,238.63208,58.717655,9.0157
224311136,233.7213,58.33772,7.9879
207504645,248.20447,58.790703,9.7572
161820096,238.96753,59.32553,9.9768
207497467,247.24976,58.76046,9.5525
165790846,232.25415,59.192486,9.2722
161819984,238.94034,59.906235,9.7944
161820218,238.87852,58.721004,8.7668
161731746,237.7839,58.677982,9.2756
161731910,237.78413,59.47808,8.50296
199613565,249.50543,58.20482,7.8147
165550475,266.4857,58.82112,9.9935
224604981,255.5799,59.281296,9.1788
232627400,268.9802,59.987568,9.3033
224313162,233.88084,59.097336,7.6015
207464088,245.43457,58.263386,9.7254
199610530,249.0587,58.672043,9.1043
207497592,247.12334,58.238403,7.21384
199661560,251.3205,58.085125,6.7621
224601257,255.17723,59.011192,9.2454
224600749,254.92593,59.289433,8.9451
198382783,257.57846,58.250145,9.6417
198387091,257.8234,59.030766,8.5659
224608226,255.91638,59.2369,9.8015
165761889,231.98152,58.05892,8.4183
165761957,231.88626,58.43867,9.1097
224310681,233.44699,59.130062,8.8078
286211167,240.25111,59.017403,9.9392
313425357,240.77112,59.915604,8.4586
198416567,260.157,58.036602,9.48
199682037,252.41794,58.269104,8.8801
198416363,260.12146,58.803463,9.8518
165762029,231.919,58.79859,9.3155
224310785,233.5265,59.65346,9.3988
224310903,233.83499,59.679,6.588
199614307,249.61456,58.650146,8.269
199617431,249.984,59.38166,9.0357
165530095,266.0819,59.50631,9.137
165530220,266.23245,59.849236,7.3448
1400807589,265.71542,58.685116,7.6389
207467034,245.83716,58.713966,8.3868
198387714,258.11728,58.651825,9.4397
224601191,255.30986,59.225697,9.97877
298289830,251.60773,58.376488,9.10033
199664165,251.45045,59.247913,9.34612
332476541,265.3152,58.88939,9.74224
199710478,253.70694,58.00201,9.54355
224608361,255.89099,59.730408,9.7992
284899881,261.0554,58.698677,8.61465
405579903,235.02519,58.784233,8.6828
199614172,249.64293,59.1835,8.5322
199657783,250.81526,59.483116,9.0427
224604811,255.6627,59.868797,8.4166
224608210,255.87225,59.201183,8.4507
199685988,252.89658,59.577354,9.8747
198456524,261.8107,59.560696,9.6552
198419306,260.7884,59.31812,9.51852
207490980,246.3679,58.443058,9.6649
198383550,257.7686,59.228863,9.8269
224600668,255.0723,59.0392,9.92878
229684971,262.81094,58.1702,9.9426
198357647,256.53754,59.53045,9.2063
356107997,261.11987,59.153755,9.1182
356111938,262.69354,59.183865,9.59959
229684950,262.91153,58.22954,9.1412
229688146,262.984,58.836674,9.2231
229688150,263.06592,58.84472,9.9451
229688306,262.99106,59.418266,9.4423
199713535,254.2185,58.903786,8.7206
199611108,249.24655,58.957363,7.0968
298266150,248.45161,59.677174,6.8333
199709966,253.63345,59.86545,8.2583
229684473,262.90085,59.92772,7.478
243248428,235.82378,58.58583,9.8133
224604943,255.59521,59.434338,9.2241
224604999,255.63017,59.217793,9.36045
161687132,236.06563,58.91137,9.2591
161687155,236.09267,58.792706,8.3634
161686990,235.99646,59.696728,9.9417
199607997,248.85318,59.148197,8.9013
207467071,246.00563,58.59688,9.2147
165791090,232.59428,59.561523,7.4878
207428384,243.2434,58.65031,8.3252
289569625,251.5853,59.954266,8.466
289569626,251.65475,59.952652,7.9241
207441317,244.86296,58.821323,9.564
207463863,245.58226,59.061768,9.4711
199660910,250.99414,59.453613,8.7064
199661002,251.181,59.809998,8.9547
199661006,251.08885,59.813892,9.7416
161826828,241.05756,59.375744,8.1401
199661553,251.35023,58.117073,9.5111
207463697,245.50096,59.72067,8.8325
207490817,246.39066,59.100704,8.6851
161724227,236.542,58.444168,9.9136
313425217,240.78894,59.410736,4.5287
207399231,242.06737,58.544083,9.689
161745598,238.30467,59.047215,9.8198
207441481,244.84943,59.443775,9.3398
161745939,238.40894,59.00443,7.8955
165736050,231.57741,58.004463,9.4056
405559650,234.77615,58.058685,8.6501
405579851,234.92755,58.973022,9.426
224306020,232.9416,59.720432,7.4163
207402795,242.52931,59.28651,8.1887
298263597,241.33769,58.16631,8.1323
224306131,232.81702,59.125534,8.99659
207402706,242.57954,59.752728,9.5835
199665801,251.87822,58.769794,9.6642
161822141,239.08826,58.833088,9.2891
207435026,244.31396,59.755016,2.9865
458484583,239.54962,58.934357,9.9274
458484587,239.52202,58.906948,8.9682
161729372,237.52429,59.013023,8.0358
161729841,237.6937,58.287163,9.9833
207438580,244.66434,59.023994,9.7231
458484622,239.43861,58.760204,9.1604
458484655,239.58499,58.66011,9.774
458484515,239.45676,59.271027,9.0068
199610706,249.05316,59.330494,7.911
1102405473,235.31862,59.988304,8.7272
199574692,248.6138,59.051456,9.2545
198456033,261.52014,58.651897,6.3767
161819618,238.66414,58.093372,8.2443
224600500,254.95866,58.462585,6.76754
161819979,238.89099,59.942513,9.7386
161820326,238.96567,58.14012,9.52429
161731848,237.8421,59.184303,9.9732
199709479,253.59923,58.038578,9.86977
462637342,260.00876,59.106438,9.96648
198416255,260.11353,59.19893,8.21246
313424982,240.75922,58.44118,9.4105
313425349,240.83115,59.88489,9.85749
207437945,244.54665,58.430573,9.6479
165501560,265.8101,58.87497,9.03815
165501913,265.84262,59.849655,9.10503
199617352,250.09666,59.663673,9.9618
165501404,265.64484,58.430428,9.8081
359388503,267.9946,58.79088,9.54846
199617744,250.03166,58.120193,7.82925
199614387,249.60794,58.326416,8.86071
165791151,232.52563,59.23216,9.57531
207490896,246.40202,58.797005,9.1351
207493775,246.58032,59.73979,9.6423
199610589,249.02988,58.858547,7.1419
161721860,236.229,59.4286,9.5062
161721861,236.23885,59.430378,9.6997
161721671,236.17514,58.433647,6.9746
199632490,250.28543,58.089134,8.9666
207428799,243.46393,59.452034,8.8916
298263402,241.36464,58.947174,9.7566
207400081,242.25587,58.022644,9.3243
161825707,240.4655,59.630722,7.2836
199657838,250.86655,59.2665,9.1624
199658044,250.80826,58.523884,8.6677
405579740,235.00586,59.432365,9.2605
199607786,248.58086,59.857197,8.73621
199685781,252.8416,59.54145,8.16012
224308438,233.21245,59.75178,9.5618
161825772,240.56677,59.165684,9.89303
298263626,241.45639,58.03592,9.875
199614100,249.56912,59.442284,9.5936
199657919,250.88394,58.937737,9.86217
405580044,234.95728,58.094402,9.8598
298263607,241.35873,58.121273,9.8048
243248208,235.88657,59.716343,8.64622
243248327,235.87689,59.113796,8.39287
199607936,248.85294,59.366932,9.17923
161687311,235.94847,58.024242,9.2246
243248538,235.90619,58.02039,9.8821
207431584,243.64915,59.07064,9.3442
207431956,243.76389,59.25588,9.4426
207497078,247.05127,59.780895,9.4261
207431602,243.67043,59.152554,8.8206
161687299,236.00813,58.070076,9.6833
207425552,242.74924,59.93218,8.5958
229688241,263.0455,59.179523,9.97105
199709773,253.492,59.038254,9.72565
356107893,261.24567,58.791264,9.32465
356111717,262.71793,58.35346,9.41914
224604423,255.38945,58.783318,9.76555
356087112,261.1106,58.089222,9.88598
199632719,250.20674,59.03602,7.8502
161822367,239.41127,59.800217,9.9843
199688577,253.1097,58.40256,9.87132
161745797,238.45348,59.805645,9.2748
207441150,244.95366,58.18062,9.66949
207441233,244.8604,58.46097,9.9092
161724619,236.88304,59.568623,5.2797
161724764,236.81725,58.818954,8.7785
161724730,236.75508,59.005116,9.5895
207437827,244.46236,58.02153,9.22084
161826777,241.05466,59.618084,9.51116
405579906,235.0819,58.768578,9.3268
207428487,243.1613,59.065563,9.5266
405579873,234.955,58.904465,9.8973
165793305,232.71638,59.010185,8.8643
161820187,238.95676,58.91177,6.36044
207402633,242.48477,59.87176,6.7196
161724548,236.83672,59.896896,9.6338
161724752,236.89653,58.867413,9.5848
202510467,232.7239,59.997383,9.27788
161823484,239.65639,59.751034,8.26008
298263612,241.35677,58.115494,9.9798
284456812,290.91895,58.98998,7.507
353874739,271.3614,59.245018,9.6237
284456204,290.92545,59.461864,8.8696
284456027,290.93167,59.588802,8.7722
353875811,271.5879,59.31322,9.9014
353876144,271.46436,58.881844,9.5436
267813367,293.28787,59.396065,7.8128
267811946,293.21024,59.709236,8.6316
267811506,293.23477,59.44,9.1756
267812561,293.4716,59.827267,9.1173
320503390,264.4231,59.135944,8.4087
320503392,264.57214,59.139935,9.91372
1884151242,294.13132,61.777233,9.1641
1201208375,245.71274,61.435482,6.374
1201202979,247.04916,60.68029,8.8513
1201202981,247.04996,60.6803,9.3623
198181264,244.78453,61.438194,8.719
1201228157,245.07649,61.496067,8.33529
1201228154,245.07639,61.495438,9.5687
198182051,245.07649,61.496067,8.33529
1201228103,244.78453,61.438194,8.719
1201228104,244.78569,61.438602,9.9369
198205953,247.04916,60.68029,8.8513
1717952012,289.43225,61.341034,6.8263
198187116,245.71274,61.435482,6.374
1980763282,302.33514,61.040535,7.7988
232603105,257.66946,61.30728,9.499
233092813,272.86697,61.531124,8.844
229476157,295.58316,60.364338,9.032
229975901,290.30695,60.23767,9.444
287139829,253.56393,60.564182,9.69
229965790,289.43225,61.341034,6.8263
256975052,302.33514,61.040535,7.7988
229448884,294.13132,61.777233,9.1641
233711148,275.7978,61.65637,8.447
198538099,237.31491,60.527386,7.44
199525359,240.56194,60.071285,9.825
256369062,298.4234,60.940956,9.5471
256369527,298.39462,61.196514,9.65086
256370509,298.5489,61.68616,7.0141
258456645,297.5858,60.414356,8.6021
237043612,306.6965,61.668922,9.9378
237002765,305.99295,61.955338,8.3301
236979269,305.16663,61.462925,9.3571
236979351,305.15652,61.526474,9.2079
237017684,306.51584,61.589493,8.0219
236871184,302.71307,61.935673,9.9851
236993970,305.7743,61.837746,8.9096
236993837,305.78445,61.76391,9.92014
237017738,306.47568,61.5555,7.4002
236993683,305.71057,61.654503,9.9232
237017609,306.43442,61.651207,9.6304
236993589,305.757,61.580296,9.02661
236988290,305.37564,61.938004,9.4632
236988426,305.50436,61.840057,9.1947
256797590,301.20154,61.11348,9.2457
236896529,303.7009,61.15795,8.6116
237002745,306.0245,61.97197,7.8102
237003226,306.07935,61.64788,9.8038
237003456,306.03616,61.47958,8.7276
256800590,301.3528,61.105953,9.8232
236959876,304.46948,61.859173,9.4308
236979172,305.2274,61.40353,6.5901
237008720,306.30957,61.90401,9.3667
237008283,306.12167,61.577133,9.9547
236959955,304.517,61.812805,8.5689
236879286,302.96045,61.72835,7.5552
236879292,303.0998,61.724323,8.0909
236884284,303.3366,61.94953,9.3358
256797831,301.2002,60.911522,8.99452
256975807,302.30136,61.74006,9.8577
236884193,303.34415,61.868095,9.438
256623308,300.49387,61.49177,9.5302
236905613,304.06174,61.980503,9.4588
237002807,305.8817,61.927605,8.4954
256867579,301.56927,61.10393,9.5215
256620602,300.04993,60.77077,8.5383
256866560,301.56345,61.935173,9.658
256558217,299.7875,61.4092,9.6373
256867111,301.58118,61.476795,7.5255
256512446,299.43622,60.66204,8.45062
256797403,301.2257,61.282375,8.9351
236929873,304.36032,61.36978,9.413
236930338,304.297,61.704468,9.8493
256510116,299.15717,61.368534,9.66577
236930057,304.36093,61.504875,9.6472
256743318,300.8923,61.031044,6.4747
256743949,300.95126,61.57869,9.7776
256512834,299.48126,61.065292,8.3651
256797575,301.1653,61.133083,9.8643
256797752,301.18542,60.975346,7.4501
256932358,302.06656,61.240463,9.5671
256620238,300.1078,61.075985,8.12111
256512293,299.39767,60.49186,7.8443
256512549,299.4814,60.77437,9.7868
256512859,299.49094,61.08475,9.6484
256932222,302.2157,61.36262,9.2387
236892761,303.49124,61.40518,9.395
256509900,299.18375,61.572945,8.8885
256509518,299.1502,61.92883,9.3111
256623181,300.4716,61.3697,7.0049
236866513,302.6317,61.506775,7.263
256801424,301.41464,61.798553,9.8284
236866555,302.47757,61.474876,9.8809
236866702,302.56705,61.345894,5.5015
256452491,298.78177,60.73158,9.3591
256452795,298.6612,60.41724,9.4984
256561864,299.9774,61.93785,9.5713
256620100,300.1282,61.200916,9.5157
256870558,301.92346,61.062195,9.7687
256870473,301.86212,60.98305,9.2622
256870685,301.97513,61.145557,8.4511
256870796,301.7615,61.22649,9.1187
256385279,298.61212,61.561813,8.09114
256797278,301.0425,61.370747,8.955
256871354,301.84128,61.71285,7.79532
236879737,302.9421,61.344555,9.6996
236897301,303.68317,61.732796,9.2278
256801656,301.387,61.99542,4.3683
256870624,301.7479,61.106037,9.16376
236866556,302.4979,61.474182,7.9084
236879831,303.01242,61.266144,9.5429
256667596,300.74536,60.74225,9.4095
256513217,299.3525,61.411045,9.9192
256667615,300.56522,60.728596,9.7191
256454670,298.98578,61.27178,7.6155
256454656,298.87454,61.2549,8.86475
256561460,300.0301,61.551083,9.1783
256561896,299.96762,61.97741,8.70754
256623239,300.37753,61.41745,7.1226
256932495,302.03214,61.12667,8.2062
256512624,299.4868,60.8555,6.35821
256561759,299.8739,61.839363,8.5788
256561056,300.0334,61.174294,9.3051
256666333,300.55038,61.94341,7.5469
236905803,304.10806,61.818882,9.2946
236870850,302.80966,61.654575,7.2576
236906222,303.96042,61.490692,8.0169
256512366,299.4406,60.57701,8.4711
229506689,297.10016,61.886513,9.6251
267992269,298.00372,60.68946,8.2231
377861649,298.29684,60.974556,9.4604
377861818,298.20334,60.815857,9.4708
377861845,298.29663,60.782146,9.6777
268052973,297.86703,61.807514,8.5802
256370334,298.51837,61.594025,8.9547
268052926,298.02975,61.764053,9.6728
268052149,298.06046,61.04575,8.2241
256327585,298.55026,60.726692,9.56433
229506523,297.09818,61.69954,9.9254
256454277,298.84384,60.868233,9.1406
256454884,299.03488,61.48914,9.8674
229494547,296.31326,60.421932,7.2558
256452389,298.6831,60.823616,5.5846
256452595,298.7086,60.61497,5.3285
258394101,297.42715,61.389435,9.379
256667712,300.54825,60.642128,8.301
229503419,296.69272,61.283882,9.5422
229504417,296.79584,60.242702,9.4537
229503286,296.88074,61.41137,9.03615
229504445,296.70654,60.206005,9.4811
229506079,296.9726,61.215237,8.88593
229506283,297.03757,61.411247,5.6473
256560570,300.00357,60.66375,8.1717
256560812,299.9645,60.935356,7.7026
256620075,300.0734,61.22842,8.941
256932615,302.21954,61.023697,9.2658
229495564,296.5834,60.49138,8.0886
258393909,297.44568,61.586254,8.9721
256324877,297.68347,61.764244,8.69628
256325468,297.83682,61.122948,8.7014
256385524,298.63403,61.42055,9.6817
229495522,296.4694,60.44915,9.7111
256326393,297.6497,60.25688,9.7313
256326226,297.66248,60.40052,9.0274
268051777,297.94086,60.710537,9.6152
256454004,299.05066,60.583183,9.6236
256453958,298.91132,60.537598,9.4539
256454165,298.93774,60.740265,9.38142
256326544,297.81952,60.118263,9.4243
268052435,297.9665,61.311256,8.06806
268053147,298.06772,61.97573,8.66175
268052937,298.05026,61.76927,8.6706
268052960,297.96344,61.79624,9.1373
256325661,297.83563,60.934135,9.2768
229487154,296.04718,61.879734,8.57826
229483825,295.76816,61.60751,8.6254
229483625,295.80777,61.826717,9.6192
229476454,295.53363,60.657387,7.957
229474225,295.38995,61.5212,9.5973
229474911,295.3688,60.722538,9.4937
229474276,295.3281,61.46034,9.3418
229483978,295.87387,61.44492,9.9139
229484564,295.722,60.77837,9.416
229495909,296.40533,60.827236,9.70535
229475394,295.3129,60.232937,7.4392
229486321,295.95303,60.962585,8.7909
229461527,295.05615,61.29241,9.5412
229475223,295.31656,60.390587,9.1016
229486062,296.07382,60.684155,9.0022
229493284,296.3735,61.775097,9.616
229493405,296.35504,61.6471,9.5804
258394051,297.5132,61.441772,9.237
229494062,296.37112,60.8857,9.8597
256324844,297.6393,61.794094,9.4139
256325076,297.79602,61.56106,9.519
256325477,297.80237,61.1119,9.7528
229502781,296.6522,61.981464,8.3689
229476671,295.5934,60.895992,8.9722
229473905,295.2315,61.92327,8.90514
256325697,297.6186,60.903637,8.4397
229512750,297.3524,61.9131,9.8427
229513129,297.24356,61.49087,9.6935
258393558,297.53284,61.94314,9.9896
229455141,294.25018,60.709507,8.122
229455240,294.40793,60.600822,9.8686
229454490,294.35257,61.60219,8.4515
229454777,294.4157,61.198235,9.7082
229476160,295.60785,60.3667,9.0942
400405540,294.69385,61.272545,9.5344
400405853,294.67532,61.623684,9.8259
229483504,295.72406,61.967842,9.917
400405889,294.5016,61.677593,9.9254
229411621,293.07336,61.403587,9.8229
229412016,293.01984,61.957577,6.8346
229411546,293.12967,61.2985,9.8348
229411431,293.1182,61.161427,9.7223
229410833,293.11734,60.41846,9.3605
229410719,293.02722,60.269524,8.9594
258394269,297.59116,61.20907,6.2174
229445978,293.8855,61.64003,9.1842
229506436,296.9415,61.57815,8.9122
229446797,293.8851,60.601547,8.8208
229476869,295.5505,61.128212,8.4538
229476950,295.66208,61.235428,9.6916
400405066,294.45715,60.772255,8.8664
229411520,293.12552,61.276382,9.9775
229410739,293.106,60.291492,8.24535
229447698,294.11633,60.277737,9.7317
229448194,294.17188,60.86129,8.2972
229448458,294.15726,61.195328,8.5171
229476369,295.56003,60.563168,8.3771
229477333,295.5918,61.666344,9.8801
229474328,295.3704,61.38898,9.9585
229447727,293.99136,60.316544,8.91376
229448144,294.16653,60.798553,8.0972
229477384,295.60104,61.740524,9.1986
256453779,298.83783,60.384594,8.62202
229461065,295.0981,60.798027,8.5702
229461103,294.95026,60.83102,8.5496
229458720,294.8444,61.75561,9.9059
229460901,295.0741,60.606514,8.4941
229461042,295.04736,60.77715,9.88806
229504243,296.7196,60.44875,7.3054
229512960,297.26108,61.679184,9.3859
229513534,297.33496,61.0672,9.9387
229460806,295.055,60.50711,6.25929
229513778,297.3204,60.80718,8.4091
229494833,296.27405,60.132202,9.9796
229460811,295.0596,60.51163,8.61429
229513619,297.13193,60.979313,8.5088
229513522,297.22073,61.086845,9.5806
229503249,296.83466,61.443478,8.63428
229514230,297.3128,60.325222,9.83739
229411473,293.01923,61.20147,9.4779
229455094,294.277,60.765923,9.9061
229437306,293.37363,61.555664,9.4428
229437880,293.29114,60.837852,9.9675
229440115,293.6814,61.830112,9.363
229438906,293.48734,60.27142,9.43944
229438910,293.48996,60.27642,8.9114
229410872,292.99973,60.473602,9.7974
229455001,294.29108,60.881382,9.01932
229474123,295.38647,61.646294,8.7885
229401917,292.36197,60.10617,9.5487
229401461,292.3665,60.66872,6.59556
229409358,292.84915,61.258793,9.9076
229409655,292.9357,60.86418,7.7338
229438746,293.55685,60.0682,7.67171
230028174,292.12146,60.04354,9.8781
229403646,292.61325,61.87319,9.30269
229439761,293.65515,61.369297,9.8145
229460416,295.12988,60.10257,8.561
229438442,293.25162,60.164562,7.2736
229438581,293.41357,60.011623,9.259
229439923,293.70374,61.557583,9.1181
229439723,293.59958,61.31549,8.5999
229448326,294.2007,61.030167,9.4704
229448163,294.1349,60.816765,9.9257
400404831,294.62628,60.51486,9.3083
229966406,289.41092,60.610386,8.4802
230027885,291.8627,60.10276,9.3476
229976659,290.23245,61.116035,9.122
229401156,292.48215,61.08189,9.8128
229401846,292.3472,60.198437,8.2207
229400992,292.34192,61.310375,7.518
229400643,292.48648,61.75489,9.8969
229966103,289.54858,60.960033,7.20963
229958450,288.92633,60.17335,8.5237
229401263,292.37344,60.92179,9.753
229401515,292.44473,60.591503,9.274
230019644,291.68384,60.685413,9.53347
230020283,291.67886,61.49122,9.9244
229957374,288.8903,61.56515,6.961
229957488,288.87604,61.404247,9.9538
230017403,291.49744,61.676422,9.6687
230017676,291.35123,61.359367,8.1445
229403263,292.57944,61.373844,9.2307
230017954,291.35306,60.975204,9.45923
229959529,289.1786,61.051846,8.4841
230000453,290.52866,60.58885,9.939
230000852,290.5687,60.153126,7.8047
230001147,290.7787,60.027637,9.3649
230002702,290.74985,61.9171,8.9592
230020447,291.74893,61.694042,9.7428
230020493,291.63153,61.7588,9.9827
229959155,289.22427,60.591602,8.89956
229957149,288.90952,61.88031,9.51084
230010746,291.09692,61.053574,9.6954
230018590,291.30984,60.27561,9.7343
229448538,294.2109,61.288723,8.0072
230011190,291.20282,61.58659,9.87891
229967255,289.71954,60.268368,9.4144
229968200,289.82953,61.51782,9.5254
229448535,294.00323,61.284126,9.6213
229967846,289.68704,61.001083,9.9404
230011056,291.24954,61.43384,8.74146
230008809,290.92264,61.099163,7.67649
230010053,291.12143,60.235584,8.9262
230009045,290.8512,60.827156,8.7771
230009450,291.03134,60.331562,9.4838
230009442,291.04065,60.348934,6.7287
230009744,290.92825,60.007156,9.8925
230018427,291.54456,60.456245,8.0527
230018696,291.5038,60.170307,9.5923
229999844,290.499,61.27889,9.6533
229999306,290.3827,61.971493,9.741
230008518,290.9381,61.50114,9.7466
230018187,291.36148,60.717754,9.66883
229408861,292.78888,61.94211,8.8883
229402125,292.56122,60.0172,8.1836
229402412,292.5555,60.35915,9.8741
229942816,288.0573,60.236004,9.5481
229943691,288.19257,60.828094,9.5211
229943787,288.3115,60.952908,8.8822
229942225,288.14362,61.04473,9.8165
229943446,288.37573,60.507484,9.4339
229944367,288.26752,61.72223,9.38795
229447305,293.9324,60.025734,9.8174
229461342,295.03482,61.081795,7.7668
229461628,295.10852,61.41665,8.9051
229438566,293.38605,60.032673,8.8401
229975388,290.0675,60.22415,8.1966
229975211,290.02368,60.41135,9.551
229437474,293.44598,61.343487,8.6849
230010527,291.1346,60.77429,8.9997
229438151,293.32132,60.505733,9.82
229438448,293.29196,60.15869,4.8381
229977160,290.2763,61.764297,8.1001
230011115,291.1137,61.51083,9.93336
230050052,292.1049,61.68808,9.9673
229966577,289.50272,60.41627,9.2305
229951338,288.81955,60.725044,9.88313
229975780,290.32373,60.11277,9.9477
229909622,287.25507,60.103622,9.6545
229909658,287.37125,60.17017,9.528
229909710,287.24078,60.2657,9.9291
229965374,289.46454,61.905846,7.8649
229944292,288.169,61.62519,7.9045
230028954,292.07654,60.91319,9.9032
229915245,287.44376,61.97665,6.0224
229915937,287.47684,60.895508,9.9821
229935349,287.55954,60.308502,7.7486
229959065,289.27307,60.466763,8.7088
229959306,289.1373,60.772663,9.0991
229959385,289.36002,60.85852,8.3164
229959860,289.2471,61.50579,9.3983
229960194,289.2147,61.998066,7.3156
229966602,289.43933,60.387325,8.6624
229942434,287.9258,60.741383,9.5019
229957533,289.11163,61.336353,9.3671
229974817,290.07578,60.855064,8.1202
229974816,289.9269,60.85545,8.999
229975356,289.9417,60.251102,9.8752
230397129,286.5085,60.56452,9.5809
229966779,289.4836,60.171787,9.79367
229943204,288.33182,60.17822,9.1754
229943234,288.2195,60.22407,9.98903
229943349,288.35037,60.374817,9.60419
229943550,288.22168,60.650623,9.151
229943919,288.26712,61.13429,9.107
230000873,290.5564,60.130287,8.97815
233627444,284.5942,60.209064,9.73876
230389978,286.10184,61.042156,9.5875
230017452,291.52927,61.611706,9.5765
229974378,290.05554,61.404446,9.27281
230017179,291.4216,61.96084,9.97341
229974432,289.95593,61.339733,9.7378
229949988,288.50552,60.95043,9.9625
229968202,289.72577,61.518738,9.3368
233621124,284.12787,60.789577,8.9557
233620812,284.12878,60.299564,9.07043
229910017,287.3596,60.7395,9.0161
229951517,288.71326,60.993614,9.6948
275692574,286.96643,61.90251,9.8359
229951312,288.6793,60.686596,9.8956
229944348,288.24808,61.69455,8.7348
229936843,287.85403,61.79256,9.6267
229935653,287.73212,60.044785,9.9501
229910234,287.40417,61.064377,9.8889
233613741,283.43625,60.01787,7.1507
275691882,287.10672,60.77892,7.439
229950056,288.43277,60.852238,9.0921
275691887,287.08914,60.788727,8.2358
275692081,287.0658,61.067894,8.0304
233632991,284.82953,61.80349,8.6095
230391882,286.41492,61.83261,7.8479
275692427,286.96713,61.66307,8.02492
233605790,283.05038,61.770298,9.4012
233580734,282.64725,61.981476,8.04719
233606536,282.8851,60.584103,9.33865
230384217,285.8954,60.343475,8.6401
233614873,283.75754,61.711796,8.742
229935987,287.87097,60.55157,9.9744
233621707,284.13852,61.721367,8.7865
230396530,286.55258,61.470802,9.7581
233614532,283.68182,61.088333,8.1091
229936313,287.77634,61.040096,9.8766
229936646,287.8288,61.519333,9.1316
229943936,288.2613,61.15705,9.5289
233613266,283.4967,60.78594,9.9699
230378407,285.266,61.099182,9.2484
230378763,285.43878,61.77114,9.20846
230377745,285.35645,60.05425,9.13815
230378284,285.31042,60.878242,8.1732
230397084,286.62143,60.618675,9.4837
230397408,286.63538,60.145115,9.1546
230397441,286.48264,60.09945,6.49071
275691725,287.0325,60.54177,9.819
275691765,287.0949,60.59279,9.8301
275692390,287.00024,61.59819,7.55162
230378747,285.32352,61.738976,9.01958
230383836,285.63422,60.118423,9.33108
230378042,285.45084,60.478878,9.78431
230378457,285.3044,61.20612,9.579
229942746,288.03003,60.342762,9.6159
229949674,288.443,61.40325,9.42163
233574119,282.3075,61.958916,9.0628
229950065,288.52277,60.83895,9.7901
229935283,287.54355,60.38925,9.891
230383826,285.52084,60.128468,5.3704
233613367,283.51685,60.63108,9.77391
230384586,285.76477,60.885,7.6669
233607922,283.26248,61.36086,9.0044
229935640,287.8459,60.015858,9.9738
229942198,287.9085,61.08777,8.5149
229915355,287.5122,61.7869,9.5534
230001220,290.60226,60.115448,9.8416
230008739,291.0331,61.20338,6.8348
229915725,287.64316,61.253574,9.9728
230001140,290.65887,60.018597,8.3026
230001248,290.66357,60.1488,8.5294
230001346,290.77765,60.260197,8.8233
230001568,290.61282,60.518288,8.1462
230384444,285.80463,60.67581,9.8489
230384686,285.8132,61.06795,9.2933
230390644,286.06393,60.046284,9.72356
230383014,285.68134,61.48355,6.7496
230383487,285.6033,60.66411,9.9758
233580456,282.6659,61.474655,9.295
233633060,284.87396,61.678062,7.5881
233606245,282.90393,61.039772,9.2245
230389395,286.07263,61.925613,9.4035
230389804,286.00818,61.28019,9.3709
233606647,282.90878,60.434113,7.8222
233633066,284.97717,61.671333,8.74896
233573994,282.11603,61.753704,9.7359
230377874,285.41397,60.229958,9.21032
233613702,283.4271,60.08633,8.9007
275690473,286.80933,61.230537,9.9117
230377356,285.03238,60.507797,8.877
233619567,283.89398,61.451714,8.2462
233619904,283.86514,60.946247,6.2412
233614224,283.70218,60.584885,7.7554
229909851,287.18887,60.498024,9.5883
233612725,283.30264,61.652576,9.1102
230391927,286.4446,61.900005,9.6691
275690206,286.78427,61.653996,9.6877
275690420,286.8512,61.32169,9.9836
233718794,276.46576,60.013855,9.7199
233528177,280.2785,60.44418,9.9608
233723609,276.7261,61.38782,8.5391
233724023,276.63565,60.61862,9.29066
233725247,276.97983,61.545067,8.9456
275690429,286.77872,61.302227,7.7547
275691083,286.9152,60.296173,9.05544
233545738,281.471,61.43678,9.6145
233545790,281.5306,61.352913,9.2524
233545767,281.54736,61.39041,9.75099
233539061,281.08826,61.93871,6.90553
233729351,277.17123,61.100605,9.2209
233736455,277.93576,61.449997,8.1168
233729687,277.11755,60.437912,7.7085
233729302,277.11932,61.21003,9.0639
233619917,283.83136,60.923428,9.6396
233734750,277.52026,61.633,8.3327
233535246,280.7243,61.916687,9.8022
233606440,282.86606,60.73481,9.5729
424461639,279.82642,60.490585,9.48368
233607459,283.16956,60.639717,9.3652
233723310,276.56082,61.994812,9.21928
233729999,277.3684,60.124004,9.4975
233742297,278.37125,60.894012,9.1187
233539122,281.10776,61.809483,9.6318
233633404,284.8848,61.093033,9.2393
233633405,284.93048,61.09287,9.9334
275690727,286.93222,60.83695,8.9996
275690820,286.84143,60.70264,8.5069
383674196,279.15668,61.318546,8.208
233580065,282.57535,60.83755,5.64128
383675132,279.24243,60.264347,9.0451
233539336,281.0342,61.447414,9.6751
233580342,282.7992,61.2831,9.6856
233633008,284.9018,61.77909,8.04906
233627407,284.69833,60.157936,9.8108
233628091,284.58615,61.220406,9.9981
233628188,284.66,61.378376,9.1334
233628240,284.55634,61.445984,8.8074
233606339,282.85852,60.883823,8.53069
233533830,280.3855,60.456936,9.8272
233628522,284.54712,61.947903,9.75472
233579776,282.7691,60.380962,8.284
233746715,278.5102,61.849564,9.5961
233571627,281.92697,61.95404,9.6829
233571918,281.89096,61.49348,9.60296
230391018,286.38248,60.46828,8.5732
230391389,286.28284,61.057335,9.89434
275690559,286.70602,61.096634,8.913
229909839,287.34714,60.48209,9.5285
383645465,278.89127,60.256084,7.4763
233691797,275.64377,61.894997,8.6871
233692083,275.66754,61.274204,8.1661
233692206,275.61,60.99365,8.7966
233736693,277.80676,61.926994,8.1753
424440086,279.60135,60.711052,6.27742
233627752,284.64117,60.667316,6.93687
233627515,284.52414,60.3224,9.12067
383645613,278.82028,60.528538,9.45798
233573647,282.2698,61.167717,9.2531
230377102,285.05072,60.977997,7.5748
233547439,281.6705,61.183567,9.9348
233076906,271.22162,61.428337,7.8921
233547468,281.6312,61.220726,9.7909
233547566,281.70035,61.371555,9.9806
233573320,282.31628,60.64442,9.8848
233573846,282.12952,61.495487,9.0172
233573947,282.21686,61.67099,8.9505
233741489,278.15363,60.39251,9.6952
383675453,279.2541,60.794376,8.7201
233620744,284.17056,60.196945,9.0144
233742003,278.43585,60.32493,9.6441
233541312,281.18488,61.63191,8.2584
233535182,280.78564,61.78604,8.72148
230376817,285.05188,61.423317,7.8256
230377346,285.088,60.524307,9.14091
233735766,277.87775,60.184532,9.2833
383645680,278.86084,60.66934,8.79224
233528099,280.37247,60.30292,9.09911
383674344,278.9937,61.016384,8.5923
233619659,283.79056,61.326042,9.0724
233619512,283.91644,61.526207,9.7438
233730340,277.37125,60.77556,8.0939
233061516,270.03192,60.008575,9.9682
233740810,278.04016,61.681126,9.58648
233692051,275.76837,61.347427,8.9009
233527303,279.99805,60.934868,9.63992
233155356,274.60916,60.98393,9.1341
233155512,274.60367,60.67483,9.6998
233718369,276.13907,60.607933,9.3819
424461374,279.65378,60.036186,9.6955
424439938,279.5905,61.01741,8.8158
233579792,282.79083,60.40386,9.9217
233082248,271.81842,61.224464,8.3678
233082370,271.7703,60.979393,9.6705
233082231,271.77615,61.25586,9.0248
233082251,271.87753,61.220547,8.80284
233094396,273.10687,61.52109,9.5848
233087264,272.31616,61.94242,7.7877
233125012,273.7359,60.5546,9.7212
233719145,276.27744,60.648514,9.4694
233087949,272.20685,60.48542,8.705
233734992,277.68323,61.16814,8.7939
219798790,265.67078,60.88801,9.8735
219816682,267.62393,60.965992,9.82
233052254,269.14905,61.431084,8.7806
233046463,268.40207,61.04387,7.3496
219799171,265.7694,61.787605,9.438
233098055,273.17114,61.94288,9.63407
233691875,275.69833,61.709553,9.8455
233056861,269.4698,60.80157,9.7719
233725298,276.96756,61.634933,9.4785
233742556,278.36075,61.364628,9.0449
233061827,270.12088,60.60339,8.4487
233077519,271.37234,60.116932,9.2446
219821451,268.19366,61.771973,9.9149
233124595,273.74472,61.300472,9.8875
233734641,277.58954,61.844246,9.68358
233131330,274.46817,60.176563,9.4398
233741443,278.15283,60.476517,8.9151
233132126,274.43915,61.825356,9.4393
233088316,272.52872,60.110294,9.19367
233088505,272.5828,60.47635,9.912
233089194,272.44443,61.868717,9.6131
233747416,278.46756,60.611668,9.65256
233747635,278.50772,60.19474,9.6134
219820006,268.00998,61.777225,9.2663
219820991,268.16888,60.50355,9.7484
233688149,275.46344,60.953743,9.6674
233724864,276.9431,60.867363,9.77792
233061734,269.99112,60.445225,7.97
233060623,269.92065,61.792248,9.7639
383675786,279.29834,61.419006,8.5473
233088427,272.4188,60.31466,9.4716
233089252,272.39563,61.990322,6.841
233154995,274.72162,61.641663,8.4188
233155443,274.77097,60.805458,9.1664
233155627,274.59158,60.48199,9.5361
233154856,274.59015,61.91084,9.3636
233087298,272.2424,61.878696,9.8142
233155130,274.64032,61.386658,9.15115
233155421,274.8102,60.83986,9.7827
219763627,262.77478,60.064518,9.34272
219807730,266.58258,61.184982,9.0063
219764147,262.89206,61.684013,6.64714
233688523,275.32916,61.777973,8.7743
233723752,276.60162,61.160202,8.8522
233723533,276.50488,61.506233,7.1286
233747354,278.59695,60.725582,9.4143
233072967,271.01108,61.56791,8.08079
233060692,269.9,61.613873,9.6786
219815520,267.49185,61.82274,9.84265
219777033,263.88376,60.614742,9.5277
219794625,265.32364,61.605705,7.1047
233156412,274.88748,60.785515,9.5292
233156472,275.0344,60.904816,8.3391
233724461,276.9001,60.11048,9.1395
233071259,270.73386,61.97024,9.8006
233724181,276.70407,60.311703,8.9506
219776919,263.66803,60.32285,9.96741
219776118,263.48703,61.716194,7.6117
233735365,277.50598,60.43565,9.9409
219776694,263.53827,60.089375,6.7787
219751969,261.4223,60.048397,5.6389
219776175,263.48996,61.553444,9.45207
219790039,264.64258,60.911926,9.9998
233724046,276.56308,60.56837,9.99116
233057068,269.61588,61.309387,8.3836
219820142,267.96942,61.41903,8.7853
232615808,259.36887,61.671585,9.57726
219798745,265.7671,60.77985,9.3468
219803073,266.1909,60.31312,7.8664
219793288,264.87744,61.704277,8.3038
233047207,268.66687,60.636604,9.6855
233094364,273.06818,61.485264,9.4881
233093949,272.8814,60.612118,7.21226
219762921,262.44522,61.896503,9.5941
233046876,268.2641,60.002033,9.2568
219799053,265.81885,61.546936,8.9716
233131822,274.37274,61.09459,9.275
233730480,277.29868,61.03466,9.6206
219797791,265.50168,61.479614,9.44366
233051918,269.17493,60.57622,9.64
233156007,275.01016,60.03527,8.71082
233094458,272.9191,61.655685,8.0454
233061925,270.03384,60.7845,9.3054
219803568,266.14108,61.661488,9.9328
233046182,268.31516,61.797825,9.1076
233066644,270.40463,60.30358,9.8154
233098381,273.19623,61.24143,8.61
233098676,273.2304,60.655186,9.6984
233093704,272.95895,60.15037,8.69813
233094394,272.9427,61.519886,9.1739
233724010,276.5275,60.648026,8.4827
233719052,276.4656,60.479107,8.07069
233719053,276.4401,60.4791,9.46384
233067193,270.64804,60.642338,9.9018
233061558,270.17627,60.073647,9.9082
233062340,270.07486,61.664402,9.7094
233161144,275.05847,61.46197,9.7116
233161168,275.07227,61.431572,7.8708
233072220,271.11765,60.07345,8.2641
233161833,275.23477,60.248512,7.7483
233736604,277.94968,61.779087,7.6635
233071436,270.7988,61.58528,9.9535
219820925,268.10574,60.396374,6.68109
233060538,269.87927,61.94613,9.4728
233160904,275.12134,61.913593,9.7587
233161073,275.20282,61.610733,9.2825
232615325,259.48428,60.174026,9.3927
232615865,259.48108,61.82718,8.8376
219771875,263.08154,61.94925,8.14857
219772324,263.14273,60.78275,9.54877
233725157,276.75116,61.39135,9.90722
233056552,269.5967,60.13673,9.9223
233078031,271.56613,60.78999,9.8497
219802669,266.0279,60.53151,8.7641
233055747,269.3652,61.56708,9.1587
233056745,269.52252,60.56614,8.98533
233092607,272.7236,61.962124,8.2796
233092976,272.6911,61.18468,7.3974
233125189,273.83084,60.1973,9.1285
233089202,272.472,61.88098,6.7149
219776356,263.62262,61.02688,9.0572
219776351,263.56345,61.03976,9.87154
233092824,272.8413,61.51184,8.79381
219820701,267.9594,60.05332,7.1899
233682945,260.62433,60.710934,8.5381
219793822,264.97528,60.2729,9.7414
233124221,273.68768,61.98839,8.1711
233124467,273.7475,61.542152,8.0532
219820588,267.8097,60.3835,8.80407
233126238,274.02383,61.558056,9.55448
233125081,273.7438,60.416187,9.93268
219790193,264.76868,61.336674,7.2614
233056394,269.3216,60.03718,8.3956
233072057,270.8912,60.13163,6.8567
233077997,271.6319,60.731304,7.78497
233078267,271.47266,61.345627,8.7389
233078481,271.63644,61.776295,8.7576
233131091,274.2153,60.1397,8.5885
233131098,274.28867,60.130642,9.7167
219780764,264.07654,60.281265,9.5584
233161340,275.07648,61.134903,9.80931
219776180,263.49496,61.54117,8.2186
233071853,270.8386,60.601894,7.9866
233088106,272.2959,60.176685,9.8225
233120536,273.4013,61.95101,8.6037
233087860,272.20395,60.67819,9.9469
219772714,263.23245,60.143414,9.46491
233057038,269.62048,61.232506,9.9211
233087920,272.2963,60.547028,9.8905
233093503,272.8509,60.108,9.6816
219794038,265.10715,60.14225,9.2637
219803186,266.1116,60.573765,7.638
233072547,271.11884,60.694733,7.1891
459980655,256.02496,60.13161,9.1864
233067307,270.44763,60.884422,9.1953
459984042,256.3529,60.58449,7.10357
233067156,270.6798,60.577408,7.9988
233047055,268.49518,60.27083,8.84163
233067089,270.65018,60.449463,9.33972
233130164,274.28525,61.84458,9.8656
233092812,272.86472,61.53127,9.8164
233088466,272.41138,60.391804,9.43108
233130137,274.21658,61.908436,9.5389
233055579,269.45212,61.904926,9.9755
459977394,255.58702,61.48967,9.721
219773017,263.16495,60.928436,9.72401
219773318,263.24112,61.78006,9.7648
233130465,274.201,61.292217,9.22531
219763442,262.63278,60.36118,9.5918
219777306,263.81464,61.340412,9.0985
233055967,269.29343,61.031197,8.3271
219789588,264.54016,60.010708,8.3282
219777482,263.74832,61.874554,4.5995
289590763,254.14339,60.399635,9.3147
219776974,263.82382,60.456432,9.9403
198210315,248.09396,61.034336,9.8071
219794624,265.33356,61.605206,8.3612
198554264,237.49706,60.204674,8.003
219793621,265.09387,60.77413,7.592
233683095,260.72092,60.31763,9.62237
219780306,263.89365,61.681564,8.16639
219777008,263.7723,60.549423,9.92939
287087350,252.51706,60.429108,9.9951
287087749,252.60681,61.74934,9.24092
233093364,272.85187,60.373867,9.5214
233051536,268.9351,60.191788,9.60209
233093355,272.77982,60.40953,6.49823
287087576,252.54353,61.20498,9.67091
198187528,246.17471,60.132584,9.4585
198187775,246.15414,61.063274,8.8844
198239834,249.48546,60.007748,9.9028
198210171,247.99835,60.480343,7.03964
219756127,261.83215,60.90907,7.7868
219816679,267.67984,60.965187,8.069
233131992,274.37766,61.50231,9.6693
233130864,274.1845,60.493053,9.8821
198210258,248.107,60.823303,5.91267
198212539,248.33516,61.233734,7.6908
307984785,257.10745,61.31602,9.44167
219798620,265.71085,60.46814,9.60973
198187737,246.1367,60.92044,9.9174
219429236,254.60287,61.886707,9.52094
219807735,266.6175,61.19646,9.8614
219807918,266.56284,61.660576,9.7113
233051098,268.7381,61.218174,9.711
219816583,267.6991,60.737114,9.8571
219793189,264.92627,61.999413,9.2074
233683700,260.85825,61.211517,8.8352
219790061,264.7003,60.96697,8.644
219811064,266.98538,61.50626,9.8962
219789715,264.76334,60.13375,9.8664
219807476,266.57224,60.50705,9.3044
459977401,255.49042,61.519135,8.5989
219794183,265.1728,60.474785,9.9517
219794415,265.23383,61.066372,8.0675
219790024,264.67776,60.870964,9.3031
219790091,264.8108,61.059223,8.2998
219786189,264.29166,61.70452,7.3832
233051206,268.89362,60.995193,9.0458
219760176,262.35965,61.6385,8.765
219760133,262.23398,61.507698,9.28203
233683154,260.69897,60.133366,9.80702
219794363,265.16937,60.938946,9.24371
219788862,264.42856,61.95383,7.86851
219790345,264.82968,61.70633,9.73834
219785910,264.30435,60.955177,8.26771
198537575,237.169,61.441906,5.29
233077177,271.27005,60.850895,9.2976
233076668,271.18008,61.895836,8.1189
198237165,248.95364,61.458748,9.6626
198187600,245.98807,60.347584,9.9821
232604221,257.9177,61.809734,7.81802
232606786,258.21317,61.85375,8.22951
219429582,254.59929,60.67808,7.2024
219773361,263.2333,61.87034,8.9782
289624036,254.40892,60.45558,9.0845
459977134,255.4245,60.643356,9.2679
219803482,266.21747,61.39609,9.9108
219772992,263.19458,60.851074,9.1455
219815848,267.3411,60.93051,9.2564
198179213,244.66212,61.29084,8.068
198243131,249.90358,60.83869,9.9108
424731567,255.16096,61.023922,6.67679
307987417,257.51562,61.61512,8.95376
219780519,263.9405,61.053368,8.9425
219755396,261.54898,61.013325,9.7719
219755548,261.51584,60.57493,8.2008
458483231,235.4239,60.73369,8.7144
289623842,254.206,61.09839,9.7397
289623844,254.35373,61.0974,9.3483
199523145,240.03911,61.606297,9.0988
198189757,246.20996,61.8681,8.3811
198190054,246.34848,60.660522,9.3349
198190111,246.19374,60.447773,9.4321
308021801,257.39374,60.241245,9.568
233683405,260.7721,60.431873,9.8862
233047080,268.5678,60.319843,9.5402
219759991,262.40216,61.087242,7.525
307983815,257.05566,61.371323,9.9469
458480813,233.37932,60.862427,9.1653
219786178,264.23233,61.682907,9.0624
219816291,267.73676,60.091934,9.7103
198239846,249.42734,60.038048,9.3862
198240135,249.54054,61.172325,5.40348
198240299,249.4758,61.731438,8.7512
424731682,255.32053,60.648754,5.31961
289582993,253.04524,61.665363,7.0624
289583086,253.15321,61.360462,8.8161
289583315,253.06139,60.464985,9.77267
307984288,256.85596,60.048813,8.3916
219751469,261.19992,61.423424,8.2285
219751664,260.9991,60.726402,7.7028
219756068,261.762,60.74812,9.96689
219755639,261.58014,60.296913,8.4896
232614589,259.09903,61.798824,9.319
219785890,264.2826,60.917133,9.67917
219756184,261.88495,61.063908,9.4844
202354507,236.29057,60.71263,9.6034
219751740,261.0466,60.51479,8.7501
219751777,261.01865,60.40116,8.4117
219755869,261.79285,60.18058,9.9031
198537451,237.19836,61.901882,9.6368
198537927,236.9851,60.10422,8.9328
198557529,238.3562,61.352085,9.2119
198242745,249.79073,60.469746,8.4231
202354589,236.47308,60.299248,9.3225
459981005,256.03964,61.184116,7.0064
289623592,254.39218,61.948784,9.043
459976751,254.97087,60.587265,8.9448
219786184,264.18817,61.689915,9.43034
219759825,262.3413,60.612053,9.0959
219798961,265.66275,61.327312,8.3786
459981026,256.06042,61.245045,8.8496
198205467,246.76054,60.93762,9.8524
219811092,266.94125,61.449654,8.6586
219794529,265.27173,61.36021,9.3285
233046376,268.37164,61.23733,9.79311
233046765,268.45853,60.334576,9.5548
219759026,262.0402,61.598167,9.8353
459984361,256.44412,60.275196,9.42648
424731749,255.16724,60.434525,9.183
198242678,249.76659,60.69966,7.88674
198280698,250.373,60.48614,9.749
334779601,247.49466,60.368916,9.3668
462615015,250.93929,60.831047,6.515
459976812,254.89778,60.399487,9.3226
459984696,256.5939,61.305103,7.9196
198312693,233.00778,60.26336,9.4336
198518054,236.89189,61.80562,9.3951
198517709,236.74173,60.425182,9.8084
233683616,260.90707,60.998547,6.09837
233046979,268.71933,60.09962,9.0128
198517139,236.67282,61.83545,8.8349
198517950,236.77269,61.4279,9.4626
198554023,237.46869,61.33822,6.9665
198184610,245.5887,60.04299,6.749
334831567,250.67195,60.71897,9.3393
198209956,247.75066,60.164097,8.9227
219798223,265.39474,60.341057,7.5605
219803609,266.2946,61.76862,9.7915
233047024,268.61884,60.189518,9.7844
219790151,264.6651,61.237816,8.9053
199524942,240.14944,61.661427,8.7467
198163268,244.04883,60.889927,7.233
287139671,253.6568,60.07546,9.81952
287139773,253.50787,60.362274,5.8758
307984799,257.12006,61.36492,6.2767
198184045,245.36983,61.902397,9.9487
232615157,259.07413,60.157486,9.8357
219806941,266.4144,60.683716,9.0918
233065961,270.31268,61.731213,9.5215
198239921,249.52147,60.34192,9.7241
198240225,249.5736,61.446278,8.7533
219797865,265.47034,61.26889,8.9165
198187049,245.72792,61.694633,7.9726
198190160,246.25572,60.3037,8.15415
199522589,239.7268,60.842068,8.8377
458483198,235.4741,60.607933,9.1108
198554152,237.47255,60.7649,9.5017
334779551,247.5786,60.18824,9.23801
459976684,254.94673,60.807117,8.71904
287139493,252.7894,60.3288,9.37425
233073151,271.1597,61.927967,9.74156
199522478,239.7245,61.459114,9.7607
199523033,239.99258,61.189117,9.9971
334779869,247.59679,61.343174,9.78094
459980063,255.86302,61.520885,9.83368
459980341,255.62642,60.611523,9.80505
198178524,244.2758,61.316223,9.4084
424731804,255.36514,60.257244,8.0113
219803252,266.22098,60.760532,9.1951
459984491,256.58987,60.63609,6.9572
219802774,265.92975,60.276512,8.462
233051977,269.0574,60.72257,8.6279
198158346,242.89642,61.199383,7.6726
459984825,256.42267,61.67064,9.9729
458480469,233.1609,60.54971,8.58335
458480708,233.53127,60.324883,8.52371
198181552,244.79277,60.304886,8.56897
289572269,252.11763,61.95766,9.87476
307983881,257.0314,61.15962,6.23508
219785789,264.3041,60.633244,8.60904
233051318,268.91037,60.68394,9.01005
289570068,251.81245,61.668518,8.7439
287139051,252.84953,61.734207,8.5773
289583014,252.97089,61.59748,8.8266
289583305,252.98126,60.49808,6.2699
307983724,256.93,61.65459,8.87385
462615002,250.79626,60.864353,9.58317
459981057,255.90884,61.320305,9.4536
198213114,248.45317,60.961357,9.8987
459976658,255.05548,60.851353,8.11
198239278,249.24722,61.880848,9.3233
232610719,258.72726,61.790833,9.7133
202351571,234.96901,61.72992,9.5355
289589603,253.27727,61.916004,9.5359
307955552,256.80316,61.105785,7.7205
459980679,256.09082,60.19025,9.6441
198557182,238.24971,60.114418,8.3134
202351609,234.99448,61.54937,7.8775
199571929,241.20409,60.04472,6.4323
198208345,247.27628,60.640022,7.7739
232611919,258.92267,61.625004,9.39827
198537750,237.01314,60.73718,9.64138
198208038,247.37032,61.927853,9.2535
1201208237,245.99963,61.51313,7.9876
219738388,241.67215,61.982708,8.9089
219738719,241.61801,60.661243,9.9588
287080681,243.30602,61.4155,9.4778
198158326,242.86249,61.274685,9.4937
219738721,241.681,60.65939,8.3767
198206136,247.1443,61.47426,9.8132
199524869,240.17976,61.954914,8.88526
233051005,268.92914,61.395943,7.21626
198517506,236.5169,60.304855,8.87981
199572353,241.40317,61.58668,9.2169
198184679,245.64845,60.286743,9.97935
289569083,251.70909,61.868668,9.66398
233046429,268.29953,61.122524,9.8184
198187877,245.99786,61.514214,2.2733
198187937,245.94647,61.69646,5.2446
198236604,248.75298,60.468117,4.5134
198178505,244.3812,61.368553,7.7293
233051460,268.82584,60.34875,9.543
198163183,244.22134,60.53491,7.563
198176418,244.10121,61.408276,9.8709
307984979,257.19067,61.91931,9.716
198242676,249.76697,60.701946,9.14165
232604271,257.91324,61.98972,9.5283
198317518,234.39894,60.482143,9.86903
459976473,255.07494,61.487976,9.7597
219739288,242.04176,61.633293,9.5036
198213063,248.59338,60.730175,8.9386
219755588,261.49585,60.45208,8.9743
232610674,258.63522,61.901356,9.97558
334779420,246.56934,60.207455,9.81744
229553174,238.41988,61.68651,8.8477
198184659,245.53976,60.23282,8.0925
287140025,253.65326,61.226925,8.54344
287139678,253.66467,60.091373,9.768
198184639,245.5827,60.13656,9.2358
287139830,253.56169,60.564228,9.0993
462615658,251.06337,61.1713,7.9731
198181234,244.93312,61.537647,8.4599
198517147,236.57086,61.775166,9.747
219759200,262.08026,61.031708,9.22528
287087262,252.59647,60.07672,8.45986
219755266,261.61542,61.418434,8.929
198239578,249.16086,60.77926,9.49345
198181431,244.85806,60.803055,8.0401
289569774,251.93474,60.44023,8.8928
289623738,254.20296,61.475117,6.396
289623768,254.28989,61.399876,9.13969
198181161,244.91896,61.79388,9.8251
198181279,244.84143,61.360027,9.9526
219739093,241.92278,60.778355,8.97546
202354641,236.24533,60.049133,8.8486
198189922,246.23479,61.21976,9.3184
289569615,251.7189,60.025417,9.6827
289569715,251.90189,60.211746,9.20759
232603104,257.66663,61.30729,9.7054
219739014,241.84781,60.443653,9.7549
458480503,233.18535,60.4099,9.2209
198162989,243.94785,60.116688,9.1716
198538316,237.35179,61.510933,9.473
462615586,251.11397,60.921383,9.9011
198205657,246.68579,60.153458,9.5689
289580357,252.4338,60.35314,8.35836
236713153,238.93791,60.553555,9.0615
199548781,240.67755,60.046486,8.6323
199571931,241.14606,60.04144,9.2407
199572361,241.54053,61.625465,8.4176
424731850,255.3252,60.11676,8.88045
199572282,241.53293,61.3047,9.5761
198160324,243.73782,60.66977,7.0635
219738659,241.74527,60.863693,9.8248
199549000,240.88583,60.748188,9.10387
199549146,240.88731,61.462215,9.24885
459968655,254.76556,61.147243,8.54411
219738526,241.67729,61.396526,9.5567
219752116,261.21783,60.43077,9.6947
198315590,234.14436,61.717346,9.89232
198236492,248.77898,60.920746,8.982
198280705,250.51659,60.522655,9.915
287081069,243.34988,60.246567,9.694
198237255,248.89955,61.84683,7.8731
198158618,243.00185,60.24963,9.7695
198317654,234.69225,60.011017,7.8771
198317320,234.46086,61.463844,9.3159
198159071,243.07634,61.34227,9.4154
287081117,243.2996,60.09056,9.082
458482637,235.15863,61.959515,8.4226
198312978,233.5965,60.92167,8.8732
198314780,233.99994,61.84313,9.8219
198162960,243.83127,60.23496,8.13813
199548701,240.74017,60.455963,7.7186
198236954,248.96004,60.589905,9.4152
199548512,240.69833,61.27527,9.0141
334651546,235.75934,60.56698,9.7445
198280716,250.33481,60.58419,9.9803
199571890,241.24759,60.245277,8.64981
198185007,245.55635,61.60163,8.3009
198176425,244.05247,61.4372,9.6366
199549116,240.86829,61.343445,8.4009
199549199,240.89572,61.720303,8.02303
198162816,243.81255,60.769756,9.18281
198315173,233.83351,60.08699,7.3712
236712665,238.6819,61.52763,8.989
287140180,253.51309,61.646576,7.5862
287139950,253.61111,60.97121,9.40774
198210299,247.9511,60.980515,9.47829
289623695,254.28812,61.596943,8.62579
198213332,248.4336,61.718307,9.2872
199572202,241.47356,60.93019,9.9383
199572340,241.53525,61.545506,9.2077
198313215,233.79645,61.979156,9.2873
458482666,235.1372,61.880756,7.8888
219741352,242.06587,60.622997,9.6095
458482875,235.05347,60.783363,9.5459
198236323,248.62901,61.55896,9.0094
198236663,248.79214,60.22827,9.8279
334651506,235.83652,60.340855,9.3212
334651717,235.75316,61.464935,9.73912
289580285,252.31621,60.136307,7.6588
198538313,237.26802,61.479267,9.54988
289580807,252.31815,61.94166,9.66365
198317876,234.77286,61.10251,9.3811
334651391,235.61462,60.115345,9.3536
198312841,233.75735,60.25486,8.07535
462615600,251.07315,60.97068,7.78926
458481051,233.31184,61.895912,9.8717
236712609,238.84946,61.77937,9.8107
1551557658,270.06647,63.551437,6.11985
1201247742,243.03976,63.384075,8.2353
1980968952,301.39697,63.70528,8.6549
1980968953,301.39682,63.704765,8.7599
1400932254,265.0754,63.675365,6.5217
1400932256,265.0747,63.675682,7.7129
1718006824,285.82272,63.993305,9.1188
1400891911,260.02316,62.10681,8.6403
1551555826,271.8365,63.11198,9.7181
1201238607,247.72993,63.307564,9.7901
1884165202,295.15604,63.126057,9.6381
1717994249,289.22076,63.207825,7.7315
199522008,239.64156,63.938786,9.916
1883982841,299.77313,63.14334,9.3195
1717994248,289.22134,63.2074,6.8852
198159549,243.03976,63.384075,8.2353
1883981740,299.78052,62.83129,8.4463
1884177697,299.14178,62.984047,9.7863
1884273515,299.95612,63.772423,7.00589
198209153,247.72993,63.307564,9.7901
219792610,265.0754,63.675365,6.5217
233081396,271.8365,63.11198,9.7181
233678883,260.02316,62.10681,8.6403
233632419,285.00977,62.746506,7.295
230386284,285.82272,63.993305,9.1188
229961049,289.22134,63.2074,6.8852
230016097,291.5431,63.392807,8.772
229462659,295.14502,62.66484,6.857
229463010,295.15604,63.126057,9.6381
256618426,300.25125,62.896667,9.864
256460843,299.14178,62.984047,9.7863
256618226,300.20285,63.11639,9.384
256556892,299.78052,62.83129,8.4463
256556629,299.77313,63.14334,9.3195
256803415,301.39697,63.70528,8.6549
256563555,299.95612,63.772423,7.00589
256624079,300.3408,62.281677,8.146
233525897,280.09427,63.46353,8.909
229404898,292.69827,63.617836,8.885
471012002,270.06647,63.551437,6.11985
256373508,298.39542,63.189453,7.5038
256371690,298.49362,62.271164,9.76504
256373985,298.39685,63.4364,9.9506
256381933,298.7647,63.33065,7.85693
233711911,275.92703,62.439068,8.0191
233711539,275.9526,62.11235,8.0223
233717066,276.0893,63.183643,9.71457
233712251,275.85056,62.7801,7.80019
289540793,251.70303,62.7991,8.1486
383672911,279.03647,63.883278,8.5038
289540476,251.72562,63.38601,6.0736
289540556,251.52844,63.20442,8.54008
236897954,303.86853,62.28402,9.35347
237044089,306.77283,62.039143,8.87148
237001868,305.98907,62.667377,7.4434
237001284,306.08664,63.125065,9.9982
236987773,305.5406,62.353638,7.2543
236988133,305.44366,62.071793,9.7527
236987797,305.42194,62.33405,9.9424
237000955,306.06152,63.447353,9.9851
236967033,304.87442,63.093475,8.245
236987170,305.5834,62.884003,9.969
236958414,304.4748,63.055332,9.0997
236965696,304.7221,62.024624,9.7078
236996487,305.79855,63.93727,8.62369
236965878,304.86224,62.177074,9.0892
236995729,305.77628,63.233875,9.9727
236966867,304.65808,62.95216,9.71461
256930683,302.113,62.904446,8.8696
256931301,302.08643,62.262085,9.3335
236871303,302.71664,62.033203,8.7549
236898866,303.79633,63.068497,9.7176
237015809,306.3858,63.023186,9.9308
236972036,305.073,63.772625,9.4805
236958428,304.62302,63.044193,6.5869
236994942,305.74744,62.596436,8.7265
236995081,305.75787,62.721027,9.4452
236958122,304.59174,63.320297,9.6612
236958744,304.41388,62.770454,9.9972
236958727,304.53543,62.7835,9.6137
236967842,304.71683,63.812683,9.5065
236967844,304.79465,63.8145,9.5308
236986674,305.44226,63.348022,9.0189
236986704,305.60294,63.317074,9.822
236905031,304.03726,62.48187,9.92512
236972798,304.94882,63.06862,9.9682
236972632,305.04205,63.206253,8.56769
236972644,305.1141,63.184395,9.0453
237002510,305.96063,62.148403,9.9894
256976193,302.23663,62.076603,6.7224
256796553,301.18008,62.01025,9.0455
256750320,301.229,63.231285,9.7176
237002366,305.88388,62.27137,8.02729
236973637,304.92557,62.416313,9.2977
236973945,305.00528,62.169113,9.0981
256976342,302.2286,62.222965,9.9322
256976551,302.30798,62.422646,9.9714
256977031,302.40857,62.938908,8.0455
236933079,304.2492,63.97572,8.9649
256976364,302.3799,62.24382,9.13268
256976435,302.28342,62.314278,9.525
237009434,306.23462,62.479256,8.2968
237008943,306.1661,62.061333,9.9636
236973844,304.90305,62.257442,5.75087
236878342,303.0318,62.58497,8.9787
236973395,305.04114,62.599678,9.7272
237009335,306.19852,62.394665,9.0983
237016001,306.46475,62.86021,8.88256
237016920,306.40607,62.152218,8.67441
256750557,301.15726,62.973026,9.64221
236884960,303.2446,62.605183,9.9205
236886002,303.42493,63.636024,8.9884
236903943,303.95218,63.486233,9.1273
236930870,304.2399,62.119865,8.7677
236930891,304.3358,62.13818,6.751
236878202,303.16653,62.700485,9.39108
237009681,306.2909,62.664948,8.8713
237009864,306.24362,62.827084,9.1046
256562134,299.8617,62.241573,9.9687
256563012,299.85858,63.144844,8.7338
256563584,299.9651,63.811195,8.9172
256660134,300.2847,62.515728,9.52184
256803475,301.30618,63.761806,9.09529
256624120,300.29016,62.319515,9.8512
256624190,300.30414,62.39178,5.6097
236987356,305.4736,62.714245,8.5882
236981780,305.3395,63.431694,5.2784
236982345,305.298,63.980118,4.1797
236878768,303.1175,62.188747,7.9959
256745349,301.00003,62.92374,7.7137
256745733,300.7643,63.31735,8.7952
256746162,300.9292,63.76955,8.9038
236904794,304.06705,62.70489,8.0949
256931531,301.99957,62.030933,9.4244
236865755,302.6068,62.16382,9.2953
236891951,303.4461,62.038452,9.10114
236958828,304.59637,62.70225,8.7777
236864634,302.51068,63.201313,7.0645
256751110,301.1416,62.45873,9.6383
236864204,302.5237,63.64867,9.7664
236864779,302.67105,63.069103,9.5949
236981357,305.17923,63.060158,9.64036
236980566,305.2521,62.422394,9.8693
236872887,302.914,63.527416,7.7008
236980740,305.3145,62.568535,9.6745
236878688,303.1767,62.251625,9.56627
236864275,302.53104,63.567783,8.44512
236898576,303.7532,62.799828,9.6079
256749691,301.1864,63.891674,9.0555
256749693,301.1855,63.890205,6.2692
236981640,305.33466,63.30352,9.54884
236865152,302.63342,62.708576,8.77979
236904752,303.9694,62.737206,9.00718
236959679,304.40503,62.01869,9.45426
236987038,305.49188,62.9933,9.83036
236899387,303.7913,63.520233,9.5804
256618709,300.2501,62.599106,9.73088
236967569,304.79886,63.550255,8.35964
256666099,300.65707,62.177654,8.6234
256796479,301.08646,62.068493,9.1997
256803073,301.3235,63.367294,8.7755
236885425,303.19437,63.04721,8.9951
256801792,301.3144,62.122505,9.33323
256513946,299.4588,62.14709,9.3971
256460788,299.1426,63.036324,8.7172
256460195,299.16516,63.78205,9.421
256556621,299.63318,63.14796,7.4939
256515522,299.42346,63.885098,9.8556
236871481,302.71606,62.190945,9.8753
236872086,302.7764,62.736504,8.991
236872702,302.74875,63.33009,9.765
256746227,300.82678,63.839397,7.3424
256745194,300.94724,62.769276,9.8878
256745899,300.845,63.500454,8.8419
256925744,301.80997,63.460114,7.1911
256925785,301.80557,63.505985,7.6241
256926157,301.8761,63.86454,9.9807
256750409,301.24496,63.130985,9.07683
256556707,299.73718,63.033146,6.5342
256744815,300.95175,62.40602,9.644
256619153,300.26514,62.12081,8.56829
256383270,298.79657,62.59801,7.70881
256508939,299.23904,62.515705,9.6234
256665874,300.6657,62.40849,8.9092
256509377,299.2601,62.058487,9.74861
256556306,299.6197,63.534115,6.1218
256456982,298.87872,63.792248,8.2086
256618497,300.1802,62.814693,9.8255
256930403,302.2199,63.179844,8.6845
256660538,300.30753,62.96301,9.3925
256750541,301.13513,62.98218,8.1834
236891168,303.49716,62.712086,9.8667
236891652,303.48758,62.287464,8.3613
256866069,301.70786,62.34126,9.2889
256745630,300.77203,63.209003,8.2896
256745853,300.93832,63.448048,9.3552
256865677,301.55527,62.68652,8.2897
256865893,301.73502,62.492336,9.9124
256866036,301.59918,62.36879,9.507
256619090,300.06152,62.187057,9.7319
256618234,300.1378,63.107864,9.9498
256383997,298.66205,62.19645,9.2964
256384218,298.72147,62.06779,8.65769
256562496,299.8557,62.576984,9.3617
256563066,299.89578,63.204628,9.8397
256563599,299.96866,63.837498,9.924
256514668,299.31647,62.876793,7.17734
256514752,299.47485,62.96403,7.8361
256661063,300.44205,63.545208,9.2188
236890698,303.46603,63.171898,8.30021
256515149,299.48187,63.43993,9.11791
256557483,299.73502,62.162846,8.2866
256664835,300.6794,63.508377,8.9214
256661144,300.4172,63.65793,9.5487
256624047,300.46042,62.236816,9.50568
229501980,296.77582,62.916515,9.7553
268053409,298.07874,62.23509,9.087
268054509,297.97162,63.340733,9.2638
229507053,297.10062,62.31965,7.844
256864636,301.69272,63.70678,7.65995
256455572,298.9286,62.188995,9.2375
256513852,299.48373,62.038403,9.8844
268054159,297.87238,62.983578,9.8458
256455790,299.0128,62.40833,9.8316
256456149,298.8911,62.77504,8.9924
256460191,299.07892,63.784843,9.9684
256513981,299.3151,62.176414,8.4539
256557186,299.73566,62.488125,9.8896
256623973,300.41757,62.15312,6.89892
256865138,301.72238,63.204144,9.7544
256865279,301.55182,63.073566,6.4847
229492162,296.20206,63.112926,9.85291
256455446,298.9988,62.052994,8.68958
268053680,297.97363,62.502655,7.786
256455722,299.053,62.33135,9.5134
256456773,298.84128,63.52953,8.0832
377785731,298.314,62.202686,7.4054
256371741,298.54257,62.30078,9.6596
256456746,298.92795,63.49004,9.92156
377784343,298.2621,63.87246,7.84687
377784518,298.17233,63.64091,8.1698
377784749,298.1341,63.31981,9.1924
377785565,298.1182,62.384575,9.0583
229492984,296.17896,62.116714,9.6092
256381593,298.6281,63.538574,9.7308
229497381,296.55478,62.481377,9.43167
229507449,296.99225,62.780037,9.1148
236865636,302.6278,62.27096,9.46035
377785424,298.29373,62.54398,8.2136
377784436,298.21527,63.742107,9.94775
256381755,298.79068,63.452003,8.5173
256460047,299.29803,63.940742,9.8131
256556030,299.65884,63.87138,9.6425
256865620,301.56433,62.734657,8.06468
229498188,296.5244,63.508583,7.86776
236871353,302.8953,62.078545,5.2228
229508304,296.94345,63.8604,7.3221
256661260,300.44638,63.789078,9.4692
229497404,296.537,62.5103,7.5659
256660246,300.43143,62.640408,9.3148
268053247,298.04257,62.07641,8.5545
256373245,298.3459,63.03637,7.8566
229507343,296.89645,62.655056,9.6778
229501164,296.8254,63.92271,8.2589
256323497,297.68265,63.341366,9.9269
229482822,295.83612,62.779903,7.6358
258392355,297.55386,63.28589,9.6142
258392379,297.4673,63.258926,9.6714
258392725,297.59567,62.85205,9.0858
256323402,297.73248,63.45816,8.83344
229502230,296.73248,62.63989,8.7472
256323002,297.76874,63.96813,9.19629
256323305,297.80298,63.57573,8.51745
256324377,297.80023,62.286617,9.68774
229473460,295.36777,62.47115,9.8791
229473543,295.2842,62.373432,8.2416
229478615,295.4833,63.18433,9.0832
229492769,296.31223,62.364082,7.7242
229487980,296.10236,62.916645,9.7189
229478071,295.4307,62.5348,9.321
229478109,295.66602,62.573135,9.9378
229478885,295.57242,63.51944,9.0799
229453016,294.41113,63.734512,8.2141
229502148,296.7171,62.741142,9.8101
229501613,296.87793,63.340652,9.4609
229453463,294.2741,63.064873,9.7751
229492211,296.2151,63.05382,9.8195
400407420,294.65912,63.482475,6.4742
400407473,294.53204,63.549294,9.1172
229497652,296.4693,62.823578,9.7392
229507962,296.96277,63.40471,9.6004
400406712,294.68997,62.63094,9.6689
229462544,295.1788,62.528587,9.406
229462143,294.94534,62.011253,9.286
229462498,295.16782,62.466557,9.39736
229473361,295.2004,62.59636,9.357
229487251,296.13773,62.00055,9.61613
400407394,294.6698,63.44707,8.80708
229457906,294.76416,62.840897,9.8932
229498417,296.54782,63.81339,9.0403
229487391,296.0988,62.189873,8.8694
229453707,294.42133,62.714085,9.52703
229473261,295.35806,62.71958,9.98809
229445326,293.87286,62.445995,8.6806
258392467,297.55182,63.172535,9.7878
258392844,297.46375,62.73225,8.87232
229506826,297.11554,62.044697,9.6359
229445141,293.7926,62.6593,6.96
229511748,297.35773,63.20386,5.40123
229506873,297.12256,62.096153,8.94627
229444493,293.9324,63.55722,9.7277
229473197,295.301,62.814415,8.80826
229487838,296.07565,62.732853,9.12969
256618547,300.21732,62.766262,8.508
256618224,300.20316,63.116615,9.4255
229449321,294.14233,62.347385,9.60014
229440452,293.58563,62.244,9.5354
229440484,293.53143,62.295036,9.3817
229441200,293.55646,63.17733,8.5631
258393199,297.4922,62.336945,9.4764
229412109,293.0426,62.087013,9.8709
229413264,293.1295,63.650314,8.7204
229412461,293.12622,62.526836,9.9151
258392991,297.44073,62.558674,5.7939
258393036,297.3647,62.510303,8.856
229452961,294.25195,63.830036,8.7802
229444549,293.7587,63.49087,7.5172
229444906,293.9442,63.030277,8.0693
229444957,293.85635,62.939808,8.2904
229412903,292.99957,63.126152,5.4179
229412873,293.22504,63.087616,8.6496
229413133,293.10233,63.473854,9.9867
229445659,293.92422,62.03587,7.4097
229444194,293.9404,63.994312,9.9739
229444776,293.78583,63.185165,9.4293
229444750,293.9069,63.221302,9.754
258393369,297.44543,62.151276,8.997
229511435,297.32962,63.586437,8.3335
229511779,297.26883,63.15653,9.3117
230025431,291.94653,63.00829,7.2124
229449955,294.16437,63.185764,9.6133
229449738,294.07175,62.90618,9.9312
229407877,292.8013,63.314587,7.44645
229404920,292.7247,63.655163,9.2373
229436190,293.268,63.112053,9.9548
229407874,292.78476,63.316532,8.4163
229404097,292.55356,62.458763,9.4514
229404546,292.63153,63.10308,9.6278
229408626,292.86334,62.28961,9.7528
400406202,294.53397,62.043564,9.9388
400407535,294.53198,63.636543,9.8184
229482394,295.79633,63.360794,8.2536
229441436,293.48123,63.489185,9.2022
230007938,291.02533,62.21227,8.5467
230008108,291.01254,62.006958,9.9251
230007648,290.90332,62.557537,9.3174
230008025,290.91116,62.121517,9.6584
229404236,292.6777,62.680653,9.09996
229404675,292.71887,63.294,9.78848
229407876,292.76727,63.314735,8.10588
400406938,294.45193,62.87936,9.85616
230006954,290.9236,63.478855,9.4786
230007753,290.99777,62.42964,9.82322
230007468,290.9266,62.80903,9.8324
229436921,293.3437,62.053158,8.0875
229441400,293.6931,63.43417,5.32072
229436791,293.265,62.243027,9.943
229440953,293.56378,62.827137,8.4052
229441545,293.601,63.650036,9.6656
229463661,294.9925,63.938583,7.5503
229450414,294.01514,63.850433,8.935
229463222,294.9522,63.35864,9.6601
229449680,294.18878,62.8185,8.9187
229440890,293.56067,62.759777,9.71179
229441691,293.50772,63.855423,9.7772
229960462,289.3365,62.371536,9.0597
229403836,292.56406,62.11362,8.6725
229961200,289.14206,63.434475,8.84616
229408233,292.76743,62.838356,9.8084
230050838,292.24686,62.745365,9.6665
230016096,291.54062,63.3932,9.7759
230016440,291.49274,62.897972,8.8496
230015816,291.52664,63.792847,9.7981
229407820,292.77805,63.418564,9.9142
230051462,292.12045,63.58706,8.97605
230021009,291.7292,62.426247,7.1017
229399317,292.4971,63.668316,8.3351
229969993,289.67096,63.921516,6.6096
229969436,289.68362,63.125042,9.9288
229969704,289.6569,63.492252,9.8174
230050350,292.1618,62.101772,8.5524
229435801,293.41827,63.667244,9.647
230050862,292.1931,62.78121,8.8622
230016100,291.33542,63.38979,8.5878
230015799,291.31613,63.82159,8.7533
230017075,291.4018,62.108444,9.8139
230016498,291.5263,62.82115,9.9274
230021105,291.6104,62.557163,5.15064
230003229,290.7633,62.605785,6.4683
229997943,290.37238,63.818336,9.3749
229998334,290.372,63.27,9.8817
229998705,290.44937,62.800804,7.1503
229999135,290.41467,62.185207,9.8297
229960744,289.33035,62.767357,9.836
230003046,290.73126,62.366573,9.917
229998709,290.53833,62.799232,9.7959
229998729,290.41418,62.769245,9.7293
229940579,288.02493,63.5311,8.9746
229940532,288.07617,63.59646,8.4138
229969744,289.83704,63.551373,9.60915
229968620,289.60724,62.043594,9.2214
230015700,291.33054,63.946552,9.26592
229941161,288.0496,62.591034,9.6101
230002974,290.72742,62.282944,9.40567
229997991,290.5328,63.756763,9.56724
229998470,290.47916,63.10152,8.4195
229998662,290.52344,62.848793,9.9988
229400344,292.4448,62.164284,9.55647
229956156,289.02094,63.393036,7.38817
229436523,293.44476,62.61294,6.70346
229937958,287.74307,63.61983,7.7862
229914874,287.56854,62.530117,8.0654
229462531,295.0436,62.512264,9.7538
229457280,294.92398,63.69933,9.78463
229457343,294.8527,63.60749,9.3547
229953506,288.74765,63.897972,9.0557
229977520,290.10303,62.2618,9.3123
230011793,291.29843,62.35658,9.28745
230051149,292.23257,63.189537,7.4853
230024912,291.84192,63.697117,8.2477
275693332,287.009,63.192924,8.6579
229400068,292.37576,62.56684,8.5308
229914694,287.62375,62.81866,9.2454
229973670,289.92355,62.318203,9.7612
230016748,291.39926,62.52362,9.8314
229911283,287.30176,62.725513,9.86773
229914817,287.58603,62.613117,8.21252
229911630,287.31332,63.31672,9.0001
229937944,287.86368,63.602657,9.4222
229911695,287.39987,63.414654,9.7354
230003563,290.78525,63.09074,9.6579
230016109,291.3471,63.37195,9.91378
230016910,291.49,62.319572,8.3786
229972875,289.90332,63.371964,9.4377
229914932,287.55075,62.458572,8.4109
229960482,289.29095,62.397552,9.8817
233622256,284.10617,62.643646,9.6701
233621879,284.10193,62.021267,9.9046
229949224,288.59012,62.023792,8.9847
229969898,289.83014,63.799915,8.3032
275693365,286.9662,63.25034,9.889
229978350,290.29337,63.333225,9.53143
275692938,287.039,62.477684,8.9747
230395791,286.65936,62.65231,9.345
230395848,286.61807,62.540478,9.0616
229956593,288.9704,62.6951,8.3971
230385595,285.7901,62.66618,8.7097
229941504,287.99603,62.07944,9.12201
233542437,281.3231,63.805927,8.5515
230376136,285.00983,62.74778,8.60436
233618991,283.98532,62.425205,9.8049
230385855,285.75684,63.197674,8.9113
233625346,284.35175,63.1968,9.9835
233625325,284.31448,63.252083,9.7779
233538482,281.03497,62.98927,8.29089
229948968,288.43124,62.43549,9.6976
233542058,281.34525,63.056286,9.91295
233542195,281.13162,63.322086,9.89278
199571268,241.18819,63.143555,9.14126
233605432,283.0025,62.400146,8.71241
233604693,283.04208,63.802513,9.1005
233605283,282.842,62.654438,6.2468
233577882,282.35458,62.57163,9.5011
233604627,282.90924,63.907608,9.1604
230392563,286.27838,62.93964,9.6393
230392898,286.29413,63.54907,9.1556
233602302,282.65857,63.447258,9.3248
229948115,288.5883,63.79661,9.32024
229948733,288.52518,62.79457,8.23405
229949098,288.45395,62.2128,8.0693
229948027,288.5816,63.925064,9.563
229948921,288.58255,62.49911,9.2609
229949018,288.5376,62.34911,9.80996
230021334,291.58008,62.848103,9.7472
230382159,285.66647,63.107323,6.852
233568271,281.68015,63.265774,6.48108
233619021,283.97397,62.38328,7.3202
233544481,281.54874,63.739536,9.2178
233544565,281.46326,63.57372,8.9624
233628567,284.5519,62.028557,9.1851
230388367,285.99432,63.713078,9.2738
233629373,284.61023,63.433353,7.87847
230375601,285.20557,63.726894,8.8381
233544984,281.56088,62.775185,9.5932
233571087,281.9376,62.95899,8.54445
229940319,287.94275,63.958355,9.5493
229937671,287.82504,63.210133,7.4874
229941134,287.97794,62.633873,9.54856
229937032,287.80826,62.123783,9.2139
230388918,286.11624,62.742664,8.8196
233608973,283.14432,63.16421,8.8804
233609214,283.10846,63.627865,9.5899
230382197,285.52124,63.028725,8.1949
230385952,285.9016,63.362244,8.00592
230381949,285.5369,63.5332,7.2373
233532403,280.4683,62.961437,7.2939
233611826,283.31775,63.19843,9.9623
233577766,282.40765,62.81137,9.7822
233577307,282.38458,63.701733,8.5258
233629529,284.67096,63.721058,9.5719
275689272,286.86255,63.244087,9.1871
233625276,284.3627,63.339417,9.8287
230379839,285.32672,63.761105,8.7676
424438562,279.51334,63.823708,9.1037
233525801,280.13013,63.63478,9.6148
230379462,285.44342,63.00231,9.3898
230376462,285.08682,62.07054,7.9623
230379673,285.4481,63.440716,9.4216
230379704,285.2496,63.492207,8.3138
233608669,283.20486,62.61242,9.7204
229914764,287.4853,62.71182,9.98371
233608839,283.152,62.911636,8.71805
230386259,285.72855,63.948906,9.6746
229914311,287.63144,63.473537,9.933
229945294,288.3,63.200665,9.3138
233629643,284.69632,63.9153,9.8339
275689210,286.86618,63.36893,9.78938
233545341,281.48917,62.128906,9.8479
230382377,285.62943,62.705498,5.98317
233612454,283.3672,62.088432,9.63818
233574334,282.24237,62.343433,8.9074
230396142,286.60486,62.096607,9.72009
229914354,287.56958,63.391727,8.93377
229945292,288.32245,63.198692,9.964
233629583,284.56555,63.816032,8.5896
230375613,285.1761,63.70672,8.4684
233531937,280.57056,63.828537,9.9966
233526442,279.9709,62.501358,9.6649
233535977,280.64664,63.239952,8.9525
230376233,285.1375,62.52673,9.6184
229937189,287.75006,62.39378,8.4666
229937864,287.73743,63.484997,8.9141
229972745,289.856,63.553825,8.8393
233632283,284.8924,63.01421,8.04736
233545407,281.49042,62.012726,9.7665
233622302,284.07596,62.725517,9.7998
233615190,283.62332,62.231792,8.9195
233618615,283.8783,63.09272,7.1586
275693568,286.97134,63.619633,8.143
233631997,284.84915,63.483208,7.9699
233632109,284.85748,63.30468,9.9868
275692676,286.99368,62.057236,9.8285
229911330,287.23438,62.807026,9.9933
229911482,287.3303,63.062267,9.8248
383646999,278.73663,63.390408,9.18213
233574185,282.15265,62.054394,9.8102
233615629,283.69254,63.024387,9.40678
233625035,284.33548,63.795807,8.80493
233529388,280.32114,62.627125,8.1025
233544651,281.5926,63.390537,9.0079
233605476,283.04852,62.32863,7.1541
233608490,283.27216,62.292286,9.7929
233625787,284.32224,62.396774,5.68099
233604621,282.97235,63.92277,9.5342
233605002,283.028,63.208683,8.16755
233622059,284.21906,62.330276,7.3443
233720115,276.47772,62.62768,8.6975
233622400,284.2078,62.875587,9.7636
233622107,284.18924,62.423874,8.9519
233736874,277.94244,62.236115,9.5896
233532746,280.566,62.293842,9.169
233571438,282.00192,62.280785,7.9415
233571588,282.06787,62.04295,7.8797
233526073,279.91687,63.12942,9.5261
233526133,279.9891,63.02489,8.1009
233571327,281.88065,62.500378,9.6178
383676357,279.38965,62.526573,5.78345
233625790,284.33102,62.394226,9.18393
230385278,285.87,62.094505,6.44735
424438735,279.6009,63.532867,5.89224
233529444,280.23505,62.749462,5.29614
233529998,280.37103,63.838356,8.8843
233541945,281.1144,62.83844,8.7203
230388886,286.136,62.793076,9.3496
233737773,277.85226,63.996326,8.1967
233529870,280.2369,63.564926,7.6367
233577721,282.55112,62.88394,8.9813
233529295,280.2546,62.435696,9.3455
233529474,280.30533,62.813915,9.5771
233629049,284.6704,62.82534,6.9823
424438731,279.59702,63.53721,9.4429
233541639,281.21,62.265507,9.4276
233538234,281.07608,63.45788,9.50658
233631886,284.88223,63.700367,8.91998
233632072,284.93915,63.35879,9.2097
233529969,280.33493,63.767723,9.52759
383647149,278.79404,63.701492,9.6872
233711812,275.7941,62.360916,9.99559
233532554,280.4475,62.676373,9.603
233712604,275.89465,63.146805,9.998
383673318,279.04245,63.06566,8.7481
233070878,270.9042,62.865955,9.19
233731076,277.28867,62.267986,8.2135
233090007,272.55685,63.71882,7.567
233060488,269.7411,62.078575,9.4201
233688800,275.3275,62.416904,6.6818
233089386,272.48697,62.309353,9.4808
233691379,275.7287,62.86096,9.9551
233070776,270.80695,63.113956,9.1917
233529335,280.2031,62.50639,9.64656
233052735,269.10934,62.61959,7.5537
233529805,280.3839,63.452618,8.4745
233097244,273.2105,63.60021,8.18949
233089750,272.51797,63.14005,9.7742
233151333,274.54648,62.469982,9.4859
233689243,275.42047,63.428585,9.39137
424462793,279.81824,62.673412,8.1546
424462658,279.78717,62.399178,9.3124
383673177,279.14142,63.362446,7.6637
424438640,279.4293,63.6969,8.8006
233538208,280.92053,63.525036,9.85015
383673445,278.93292,62.74632,9.9218
233720096,276.38754,62.57075,9.4272
233086827,272.18948,62.943237,7.8801
233084585,272.03525,63.350945,9.3993
233084587,272.1239,63.36109,8.77075
233731070,277.4438,62.25859,9.1456
233731152,277.4354,62.402416,9.8412
219821706,268.25253,62.46197,9.05
383647145,278.78897,63.696484,7.5347
233084236,271.94696,62.643143,9.4758
233084832,271.89798,63.903427,6.8667
233075841,271.3982,63.668938,8.1519
233076562,271.2371,62.138504,9.90612
233084447,272.08826,63.05624,9.16877
424463349,279.82837,63.79209,8.13271
233571599,281.92334,62.01982,9.70202
233052626,269.19714,62.348724,7.5653
383647032,278.68524,63.46582,8.0089
233052567,269.06595,62.20775,9.39883
219821979,268.02243,63.160885,9.8461
233532108,280.57938,63.52564,8.33219
233602185,282.6541,63.232758,8.9105
233544408,281.43246,63.882156,9.6319
233574778,282.08456,63.147705,9.5089
233574771,282.1345,63.131577,9.1337
233574953,282.26294,63.49445,7.3867
383673309,278.98303,63.090797,9.8867
233720232,276.2644,62.851807,9.8186
233541589,281.16064,62.16482,9.8635
233160762,275.2105,62.195118,8.7768
383677059,279.2002,63.882767,9.9564
233084796,272.07846,63.840282,9.0187
233541860,281.19818,62.6854,9.9592
233097956,273.22455,62.15231,9.8381
233046003,268.37183,62.251526,9.6662
233720219,276.33685,62.834858,8.4855
233097877,273.29297,62.309956,9.95574
233739955,278.10135,63.327095,9.52512
424439178,279.48746,62.56653,9.6664
233076309,271.24283,62.657555,5.6866
233731095,277.35226,62.29769,8.8438
233154667,274.62936,62.328888,8.986
233725802,276.87778,62.626816,7.9046
219762237,262.4352,63.852654,7.1309
219812867,267.2661,62.79883,6.3173
219812966,267.27548,63.049763,8.25971
233725830,276.96674,62.689472,9.91999
219804392,266.10422,63.819588,9.8891
233068587,270.60315,63.596195,8.16423
233720276,276.35773,62.940388,8.49298
233536069,280.83908,63.420387,8.58023
219821934,268.25333,63.05251,9.2525
233048469,268.63702,63.920822,9.45164
219821937,268.1945,63.05574,9.6315
219808491,266.80005,63.29711,9.6355
233084299,272.03674,62.758785,9.5758
233688913,275.32883,62.671455,9.6146
233094862,272.90665,62.510063,9.2114
233120615,273.49777,62.093548,9.991
233120892,273.3603,62.652725,9.873
233123832,273.7818,62.734955,9.3532
233126671,273.89075,62.370018,8.3343
233127231,273.84006,63.56326,8.2899
233127373,274.0318,63.93735,7.9231
233717698,276.24884,62.10861,9.7348
219799330,265.68155,62.176083,9.09842
233058176,269.69885,63.843834,8.36771
233059682,269.76248,63.95764,6.4109
233097961,273.34363,62.140015,8.66717
233046041,268.30133,62.159615,9.14947
233121452,273.5665,63.812103,9.27525
233712433,275.81488,62.975346,9.046
219775888,263.52795,62.36204,8.87115
219808429,266.79974,63.122555,7.88371
233095090,272.9938,63.038765,9.45215
233688779,275.39368,62.36879,9.34244
233060062,269.83356,63.045662,9.4879
233057546,269.4698,62.395287,8.49943
233684192,260.90695,62.7406,8.27768
219819253,267.85687,63.81258,7.8359
219819625,268.00665,62.765266,9.2983
219821970,268.14877,63.141945,7.1467
233746102,278.548,63.04762,8.6181
219802019,265.83624,62.236202,9.7095
233058084,269.69583,63.59444,9.36338
233078994,271.6078,62.952305,7.103
233079272,271.5912,63.57999,8.1721
219779787,263.9224,63.221947,8.99023
233048308,268.64413,63.483376,9.9777
233720069,276.27618,62.529137,8.9272
233720259,276.46777,62.922394,8.2763
233050466,268.7555,62.695084,8.53609
233711634,275.90448,62.206993,7.8168
232606431,258.13574,62.874332,5.4803
233120858,273.45786,62.58468,9.8786
233086505,272.2946,63.678455,9.15255
233120677,273.35446,62.228928,8.12965
233725674,276.76907,62.35476,9.6131
424439188,279.46304,62.545223,9.8286
233046037,268.3608,62.16089,9.9996
219821746,268.17807,62.590557,9.5345
233160374,275.223,62.955215,8.00277
233154745,274.63452,62.130287,8.984
424438718,279.59103,63.55895,7.9776
219815295,267.31137,62.386093,9.8755
233063121,269.9843,63.379505,9.61764
233087027,272.21262,62.467236,8.92578
233068720,270.46823,63.921635,9.3314
233095232,272.90903,63.348648,9.1913
233733742,277.6812,63.700672,9.95567
219788334,264.4587,63.41537,8.2387
219777669,263.79437,62.461697,5.9111
233050540,268.9748,62.547367,9.1234
233062745,270.08658,62.50049,9.4102
233081707,271.7866,62.41713,7.958
232612431,258.9051,63.135113,9.3968
233659447,259.98962,63.267727,7.34475
233055457,269.39658,62.161938,7.9536
233094909,272.90466,62.639275,9.613
233126778,273.93024,62.611633,9.3344
233126848,274.06323,62.758907,9.5952
233129724,274.15854,62.776733,8.9073
233129142,274.18555,63.9875,9.83098
233659648,259.81088,63.932278,8.36985
219812640,267.15118,62.209145,8.48
219815145,267.49197,62.780937,7.56885
233057722,269.65924,62.803562,7.2393
233124203,273.72098,62.016056,8.7088
233157508,275.01556,62.857906,9.4377
219792712,265.03906,63.38959,7.6862
219817510,267.71564,63.13298,7.8425
233160161,275.0793,63.400696,9.5469
233050384,268.90338,62.859264,9.141
233728690,277.17322,62.35853,9.79382
233062953,270.05527,62.992653,9.69791
233157471,274.89236,62.79008,8.89019
233063141,270.06696,63.436398,9.9733
459983512,256.13336,62.172115,7.32175
233073991,271.14072,63.796246,6.1759
233680496,260.41418,62.68849,8.0705
459981342,255.98685,62.2073,8.2919
459983276,256.2299,62.931973,9.7629
233743754,278.2244,63.709175,8.754
233063091,270.10352,63.32072,9.6018
233052719,269.08377,62.610065,7.1328
233050090,268.93195,63.556267,7.9379
233045917,268.4643,62.45305,9.1518
219760880,262.3191,63.869137,7.802
289621872,253.98634,63.413097,9.1835
459979506,255.72856,63.18964,9.69933
219771834,262.95013,62.10655,9.8947
233054915,269.34875,63.49392,9.905
233746177,278.6546,62.912712,9.3541
383646944,278.70953,63.280823,8.7702
233047757,268.51544,62.033485,9.06267
287137067,252.65453,63.139473,8.57786
233048242,268.72888,63.322235,9.05881
198212002,248.2867,63.404556,7.5877
198212148,248.17444,62.854904,7.0626
232614306,259.27362,62.62051,7.9701
232614323,259.2453,62.578136,7.3834
233097368,273.2614,63.34462,8.70327
219429062,254.6598,62.51775,9.04332
232616284,259.3922,63.240753,8.1184
233076004,271.3693,63.332687,9.9298
233084640,272.02316,63.489994,9.0527
233084720,271.89542,63.655827,6.7363
233157673,274.8839,63.20804,8.8777
233157888,274.9079,63.6145,9.1838
233525809,280.07407,63.615276,9.1835
233065087,270.40918,63.60022,8.9313
198179686,244.6262,63.29154,9.2995
232608392,258.34653,62.987537,9.722
219762868,262.59894,62.095303,9.9553
219762871,262.50323,62.080215,8.8762
232610443,258.57547,62.58951,9.6295
233684249,260.8195,62.93002,9.2874
233684509,260.95428,63.762383,7.1222
219796893,265.384,63.907166,9.9791
219801435,266.06262,63.87064,9.4812
219802107,265.9001,62.015186,9.8297
219790530,264.6654,62.147717,9.3884
219780037,264.04123,62.47285,8.8242
233050088,268.97824,63.558594,9.8635
219790589,264.62628,62.291885,9.6885
219819537,267.79736,63.01274,9.7389
233079417,271.58533,63.87757,9.5495
233068390,270.48035,63.147503,9.724
233076473,271.37753,62.31683,7.38022
233076496,271.33896,62.266415,8.1447
232606278,258.09668,63.352093,7.3759
289621579,254.09131,62.369892,6.82962
233682007,260.5526,63.75084,9.6796
289621980,253.96404,63.854034,9.37288
198157850,242.96912,63.307007,9.43853
198188157,246.156,62.5787,8.348
233659263,259.92038,62.61924,8.91148
233684236,260.8667,62.879356,9.9533
219773665,263.39648,62.714455,7.9581
219801618,266.02014,63.376358,9.9364
219790810,264.84088,62.919193,9.7843
219780046,264.08347,62.44829,9.1444
219813000,267.23514,63.15183,8.5582
232610580,258.7856,62.17602,8.57643
233127257,274.03143,63.633083,9.6897
233095213,273.00003,63.312565,8.4418
233089912,272.4209,63.504845,9.8107
219793117,264.86847,62.229103,9.804
334832109,250.64893,62.951004,7.6699
219794961,265.1865,62.55325,6.2603
233678793,260.08792,62.439903,9.5731
219788712,264.53305,62.413097,8.9035
219760736,262.25253,63.36799,9.5683
233068699,270.4675,63.842567,8.9393
233050057,268.80026,63.62751,9.9308
233743755,278.2215,63.709183,9.2767
233091921,272.65082,63.407795,9.3357
219797466,265.50137,62.363663,9.9321
219795383,265.27377,63.644825,8.2178
289582823,252.98619,62.248604,8.5443
459979881,255.7545,62.060246,9.9354
233682094,260.71423,63.4617,9.3406
219812905,267.18436,62.873882,9.9004
219764340,262.78476,62.238907,9.6806
219428947,254.46735,62.926956,9.8013
219739405,242.02946,62.235188,5.4157
287151572,253.80624,63.52821,8.8901
198188047,246.0814,62.155605,9.9955
307956264,256.80328,63.35618,9.4147
307985358,257.10358,63.15545,9.9287
233048274,268.5386,63.398552,9.0036
233154140,274.5938,63.420593,9.6586
424463182,279.71362,63.42041,9.2809
219786569,264.28494,62.829376,9.5689
307985337,257.09528,63.113686,8.4667
198178239,244.34053,62.52984,8.6309
198209422,247.85432,62.335358,8.55445
219821654,268.12354,62.324368,8.0701
219821829,268.23428,62.792805,8.5958
233062828,270.0457,62.71773,7.8244
219753239,261.37396,63.87317,9.92814
334780518,247.40787,63.994747,9.3265
462614395,250.80658,62.87516,7.4125
232602621,257.79022,62.910847,9.9957
233657226,259.64313,63.95068,9.9845
334780271,247.57254,62.932423,9.0232
199548022,240.68327,63.5803,8.7912
334780068,247.4161,62.087025,9.9253
198179769,244.50893,63.682926,8.7824
462614248,250.79227,63.478687,9.8293
198278229,249.94046,62.822174,9.5051
459977622,255.53276,62.206917,9.6722
459968985,254.82375,62.33089,9.3731
459982981,256.33002,63.96611,9.5376
233680706,260.467,63.420177,9.7323
198204764,246.75153,63.701336,9.9266
198179478,244.52432,62.423286,6.40663
198278091,249.90263,62.32208,7.82427
459978134,255.38933,63.950146,8.8592
219799585,265.80304,62.760372,7.9632
219797529,265.45065,62.18387,9.4241
289581057,252.30002,62.788296,8.9854
236716128,239.54608,62.302742,9.663
198240680,249.56929,63.17057,9.0655
236716097,239.62631,62.092606,9.6216
198180690,244.9401,63.968445,8.9867
198180853,244.72375,63.20323,8.4431
289572157,252.08554,62.315445,8.00271
289580892,252.28813,62.218143,7.8381
219750973,261.1404,63.117382,9.8554
233050623,268.82455,62.3079,8.121
459969390,254.7954,63.708534,9.922
198558153,238.21144,63.996944,9.8272
198279755,250.15552,63.075653,9.5217
307986909,257.4057,63.28443,9.0063
219805971,266.37964,63.33517,9.4835
198279946,250.27623,62.30799,6.77518
198557874,238.19452,62.653694,9.8601
198178315,244.34145,62.179356,8.9264
198538855,237.25563,63.88965,9.9846
334832180,250.71808,63.203903,8.46
219777908,263.84525,63.125755,9.9706
198518299,236.90533,62.853325,9.269
198236141,248.74594,62.258892,9.5034
307957710,257.0006,63.49899,9.6368
232616104,259.5005,62.602325,9.9315
219797460,265.49472,62.384315,9.2673
198538588,237.40858,62.67165,8.4172
198235935,248.71484,63.184017,8.80598
198235980,248.83614,62.985966,7.7493
334832208,250.71008,63.293846,8.7348
219762271,262.58197,63.777508,6.2176
219796930,265.42535,63.795406,9.481
219739434,241.92348,62.37738,9.5379
219742086,242.43886,62.395752,8.8852
219742409,242.4099,63.715153,9.9592
198235910,248.6487,63.258965,6.52963
219754614,261.49393,63.42032,9.5021
219804078,266.07834,62.961403,9.8976
198183570,245.28294,63.96127,9.0378
233064942,270.3795,63.9555,9.8955
289572125,252.16212,62.436367,7.53203
289581123,252.4026,63.034554,9.8748
289589931,253.44449,63.0985,8.4396
233045685,268.35245,63.070793,7.80028
198178340,244.3474,62.06325,9.47024
289540757,251.56392,62.82538,9.23516
289589818,253.34047,62.727657,9.54268
289590014,253.2433,63.406467,9.73856
219810399,266.8177,63.30083,9.5718
462614302,250.80322,63.26218,8.9724
198159329,243.07619,62.37734,8.9763
459981584,256.00626,62.944115,9.0135
202351364,234.83156,62.690983,8.8902
202351504,234.77641,62.0692,9.2473
219740850,242.26878,62.834167,8.9989
232610194,258.56888,63.34607,9.9872
424730909,255.27382,63.417713,9.4484
198240887,249.4941,63.896767,9.9025
198240469,249.45929,62.31732,9.03198
232610188,258.70837,63.360134,8.28418
232610190,258.64218,63.353085,5.6196
219743652,242.68385,62.436043,8.61
198281166,250.50699,62.267563,7.9891
198241862,249.58704,63.88423,9.5356
198241903,249.63884,63.710503,9.0021
459970528,255.1226,63.844727,9.2825
199524841,240.14922,62.087223,7.1642
199550441,241.23436,63.65458,8.8869
219750901,260.9982,63.321915,8.0626
198186585,245.7427,63.72338,9.50957
458483835,235.47116,63.34575,7.9143
198553767,237.67294,62.4473,9.2982
198553487,237.66086,63.641827,9.1329
199523378,239.93575,62.755703,8.7026
458483709,235.41571,62.778294,9.0596
198553728,237.54903,62.586124,9.9558
199572676,241.342,63.11715,9.8977
219804233,266.198,63.374516,9.6444
198553653,237.6737,62.933037,9.2739
289570571,251.81606,63.53151,5.25343
198553468,237.66684,63.73997,9.3484
198553705,237.62643,62.695766,9.6909
198555242,237.90814,63.736206,7.5883
198186713,245.749,63.157513,9.3257
334780469,247.58354,63.749172,9.6877
219803837,266.10162,62.30771,9.6177
219817195,267.74655,62.30133,7.0524
202351336,234.80707,62.86256,8.9718
198556538,238.14636,62.317673,8.519
232602607,257.78384,62.95233,9.9428
232602795,257.75052,62.37382,9.71859
232604626,257.98236,63.12672,7.9233
219754703,261.55652,63.180325,9.43547
307956455,256.79303,63.947376,9.6477
287150305,253.51389,63.87056,7.11242
233657619,259.71402,62.54992,6.3144
198178123,244.238,63.025017,8.8674
198537349,237.1245,62.344353,8.2383
307957728,256.8921,63.439392,7.40516
198159465,243.11012,63.093037,9.9175
307958020,256.84332,62.475838,8.3498
289572073,252.01987,62.62385,9.97082
289582691,253.04,62.74247,8.5959
198240534,249.44284,62.553402,8.5421
289582574,253.1048,63.15005,8.20102
287087979,252.51405,62.530113,9.4199
289570373,251.85716,62.81774,9.4431
236716414,239.50893,63.510643,8.9905
198180767,244.80373,63.60747,9.4442
236716357,239.52902,63.19825,9.8688
199571440,241.31389,62.3253,7.076
198189509,246.3264,62.92918,7.7414
199523348,240.00659,62.63314,9.4928
287080480,243.27876,62.173233,8.7615
198206610,247.00696,63.47905,9.927
232602436,257.7877,63.467373,7.8673
199523610,240.07849,63.75519,8.91
199522207,239.86523,62.859856,9.4395
198279525,250.19344,63.993195,8.8304
459979764,255.77455,62.413425,8.1686
459969365,254.70648,63.610092,9.2523
334753785,246.6001,63.27282,9.68411
232614023,259.14307,63.56934,8.94209
219806384,266.37173,62.233173,9.4331
198516945,236.66669,62.59956,5.1672
202352637,236.21556,62.860317,8.34746
198538690,237.27814,63.142544,7.82645
233684293,260.7631,63.11077,9.05769
233684403,260.7637,63.44217,8.81465
334832268,250.7491,63.533115,9.84446
198189383,246.3818,63.55707,8.71806
233657298,259.7281,63.722725,7.29659
334780420,247.61795,63.570812,7.80814
232602423,257.65295,63.492073,9.4298
289570304,251.74825,62.53316,9.8258
219740926,242.15239,62.48544,8.11789
202351236,234.81467,63.3119,9.11103
198281452,250.52728,63.303852,9.4079
236714899,239.3185,63.383762,9.44663
199548065,240.69266,63.40159,8.8514
198206376,246.96577,62.563,9.9441
199548346,240.83833,62.099358,9.7119
198206374,247.12987,62.561768,8.3714
287149830,253.56572,62.251663,8.547
287150334,253.64494,63.984318,9.498
287150283,253.57547,63.79601,8.9894
287151570,253.80704,63.53349,9.65184
287152045,253.69157,62.099934,6.4549
459985438,256.47736,63.680798,9.84222
287151447,253.73506,63.96034,9.6582
232604837,257.86316,63.79593,9.80762
219742325,242.34805,63.40764,6.7394
236713907,239.08362,63.816593,8.7582
458483957,235.25467,63.99739,9.3305
198553841,237.65692,62.126553,9.3718
198186714,245.8285,63.149624,8.87558
334780234,247.47673,62.801258,8.56661
334780364,247.48961,63.32066,9.57349
219819462,267.88794,63.20307,8.78154
287138942,252.77791,62.053123,9.7445
289582416,253.05202,63.6997,9.35696
198184006,245.37404,62.067307,8.27849
199571279,241.31294,63.07747,9.46599
462616100,251.19902,62.671238,8.374
198516864,236.64696,62.98135,9.57605
198516889,236.54802,62.856438,9.9537
198517015,236.68459,62.341293,9.88744
287138462,252.74721,63.666035,9.9459
198238974,249.22914,63.072823,4.73431
198182380,245.18967,62.946304,9.3386
198159527,243.2407,63.316673,8.6829
198317043,234.34648,62.817413,8.0316
334637712,235.51747,62.321102,8.4194
198237790,249.06992,63.968903,9.5132
199522007,239.63829,63.938854,9.9562
334652205,235.83604,63.789658,9.9523
236716173,239.62206,62.476788,9.5756
236716467,239.6171,63.83081,8.60056
198179599,244.52927,62.94939,8.79775
199526030,240.40077,63.007866,9.50787
198180990,244.79211,62.53256,9.3731
219739414,241.87378,62.28024,8.3811
198185338,245.56639,62.940273,9.6961
199522110,239.65558,63.34277,9.1248
199523459,240.02567,63.143463,8.9353
219738210,241.78703,62.722073,8.2846
199522105,239.72725,63.375816,9.6168
459979793,255.68738,62.333294,9.55492
287080187,243.27945,63.237545,9.8469
198206480,247.137,62.978844,9.4772
199572752,241.42204,63.46132,8.4672
198313283,233.6592,62.230564,9.6368
198235743,248.67172,63.93494,6.78096
198186875,245.81148,62.481434,6.9186
458482549,235.12674,62.3607,8.7382
462615949,251.07748,62.1458,8.2714
334637765,235.51208,62.049007,9.04625
199572829,241.4919,63.828346,9.9511
199572536,241.48558,62.41874,9.2457
198176586,244.02744,62.105957,9.4681
334637381,235.51173,63.725803,9.5175
198206331,246.9595,62.332394,8.26082
198316044,234.08821,63.900105,9.23621
198314575,233.87178,62.970474,9.8222
198315849,234.07324,62.89198,9.8378
198281577,250.47322,63.815624,7.6892
219741010,242.13919,62.038086,8.8955
198162411,243.99072,62.466362,9.50221
198237770,248.96112,63.911076,8.5784
334652154,235.87105,63.47834,9.27359
198237593,249.06448,63.227425,9.33378
198182378,245.02675,62.938095,9.0747
198204753,246.6705,63.74519,8.7964
198182444,245.05205,63.218365,8.49855
198205114,246.71124,62.298054,9.6326
236713820,239.0625,63.406807,9.75853
287080092,243.48877,63.534275,8.80616
334651890,235.81256,62.207184,9.83763
198185510,245.62947,63.696728,9.3982
236712539,238.84615,62.155132,9.0018
198237384,248.9673,62.38473,7.8982
198237383,248.94496,62.383823,9.44559
458481082,233.38933,62.044415,9.53558
334753666,246.46568,63.693085,9.93174
1718040493,283.79453,64.53134,9.80972
233617847,283.79453,64.53134,9.80972
1981207128,300.49188,65.890625,7.8836
1271244233,254.10599,65.03925,6.8535
1271244234,254.10526,65.039116,6.7069
1981197074,300.9577,64.92534,9.078
1718044626,284.16827,64.66877,9.414
1884267302,293.37482,65.558334,8.8159
1884268447,293.63684,65.59787,8.28104
1201251848,243.48659,64.33628,9.8572
198318708,234.57649,64.94525,9.576
219761294,262.29254,65.07272,9.797
219750508,261.1625,64.682205,9.815
229970198,289.76477,64.26931,8.481
233727525,277.17902,65.10409,9.401
233745075,278.45038,65.22786,8.507
233623312,284.16827,64.66877,9.414
229979956,290.21066,65.8651,9.602
230052393,292.24057,64.97764,9.364
229434615,293.37482,65.558334,8.8159
229442813,293.63684,65.59787,8.28104
229456126,294.7969,65.398994,9.19
359981439,300.49188,65.890625,7.8836
256747172,300.9577,64.92534,9.078
236936270,304.64957,64.65913,9.425
287079866,243.48659,64.33628,9.8572
289622291,254.10526,65.039116,6.7069
256378205,298.6889,65.64999,9.70008
256379376,298.6112,64.91288,9.016
256380604,298.65598,64.134766,9.50316
256379705,298.70587,64.72122,5.9302
233715139,276.17767,65.25136,6.3577
233715004,276.07404,65.42408,9.9464
275807188,287.16632,65.53556,9.8186
275807390,286.9655,65.732956,8.7088
275807382,287.1461,65.725716,9.7406
289539204,251.30124,65.96225,9.5042
289538829,251.40309,65.1092,9.4367
289539327,251.63371,65.7149,9.92402
236983289,305.32574,64.97268,9.799
236982462,305.3182,64.09875,9.12855
236983898,305.2518,65.64477,9.999
236982983,305.225,64.636345,8.65058
236996733,305.8488,64.1912,6.94934
236969320,304.78894,65.25602,7.3194
236997185,305.623,64.60067,9.9969
236935277,304.49197,65.63965,7.8786
236970293,304.967,65.531746,8.1361
256747386,300.89954,65.15813,8.1866
236971266,305.1026,64.557396,9.8489
403117451,303.47842,65.91858,9.5111
256662461,300.35898,65.30957,9.6576
236902859,304.0885,64.55494,9.4814
236901679,303.9233,65.85361,7.20667
236901571,303.80594,65.91021,8.92128
256748014,301.14844,65.99074,9.4245
236935237,304.41418,65.68806,9.924
236936153,304.49667,64.771454,9.7575
236969873,304.69025,65.88337,9.0193
236997380,305.6865,64.798706,9.8259
256748511,301.24344,65.26592,8.1394
256978568,302.2446,64.70101,8.8866
349919567,304.8432,65.99825,9.184
256863701,301.72183,64.700676,8.7572
236969288,304.86594,65.21188,9.9063
256978304,302.40634,64.35762,8.80019
236876439,302.9831,64.502846,8.97297
236876436,302.97955,64.50885,8.32994
236969651,304.6771,65.61105,8.55503
236996722,305.72632,64.18293,9.073
236996723,305.72577,64.184074,9.7795
403113919,303.42786,65.94117,9.681
236899970,303.90314,64.11373,8.7217
236934000,304.3657,64.87534,9.015
256805270,301.303,65.8605,9.35747
236969548,304.73874,65.49939,9.55069
236936397,304.47943,64.52841,9.8723
236936517,304.63043,64.387634,9.9023
236985769,305.43732,64.171364,8.43058
236936810,304.50143,64.10177,7.22544
236969025,304.69778,64.9478,8.6459
236968500,304.73196,64.44555,9.9302
256617358,300.12997,64.14219,8.1326
236970054,304.99625,65.81321,8.4101
236970257,305.08633,65.57325,9.5961
236985538,305.49515,64.40195,9.24554
236984722,305.46085,65.31212,9.9102
236985640,305.46765,64.29333,9.92
236968730,304.64764,64.66004,8.58392
236933419,304.28262,64.284584,9.9279
236933560,304.3895,64.41074,9.1049
256662953,300.74808,65.86158,9.5025
236985332,305.4626,64.64255,9.5024
236889115,303.54437,64.76523,6.4784
256663266,300.7025,65.431404,8.6922
256663310,300.726,65.3631,9.9972
256555489,299.59692,64.547966,9.5781
256805070,301.4862,65.624344,9.98
236889264,303.51086,64.6045,9.74226
256555422,299.7319,64.66847,9.669
236900305,303.85117,64.46831,8.5929
236900066,303.82394,64.19884,7.7729
256804701,301.48248,65.24067,8.9238
236886431,303.38577,64.071625,8.9092
236888093,303.5112,65.92443,8.2414
236900339,303.69385,64.495,9.57
256805089,301.3417,65.641716,9.8494
236887640,303.40887,65.43947,9.8998
236887853,303.3071,65.6827,9.2643
236887904,303.37106,65.73373,9.7883
236900619,303.87793,64.810104,7.7667
256749090,301.04617,64.5706,7.828
236874647,302.73517,65.393875,9.5251
256515752,299.41974,64.156456,9.70426
236982418,305.18228,64.056076,6.6825
236983038,305.37042,64.69314,6.2152
256927255,301.87827,65.011215,9.7595
256926301,301.80283,64.00514,9.5266
256926590,301.97363,64.31418,9.101
256978045,302.28952,64.052444,8.2558
256978097,302.3111,64.11901,8.9268
256979348,302.2846,65.747116,8.7043
256979441,302.3133,65.86429,9.6325
236874198,302.89728,64.88592,9.1765
256928498,302.14944,65.34776,9.9073
236863104,302.54922,64.73619,8.6645
236874329,302.88156,65.04779,8.5165
236875552,303.0414,65.46142,9.8082
236876084,303.18396,64.88049,8.13863
236902805,304.03003,64.609024,9.057
236903132,304.0902,64.26339,9.1223
256747336,300.95078,65.10332,9.53888
256747141,300.94522,64.88212,9.88393
256749542,301.11057,64.06385,9.4832
256746545,300.8777,64.198395,9.5037
269665661,301.4931,65.89791,9.6255
236935766,304.5446,65.15261,9.9916
236935893,304.6205,65.04071,9.3246
236935925,304.43726,65.01195,9.2772
403585026,304.25433,65.98719,9.0463
236936072,304.6116,64.86794,5.8799
236971347,305.09082,64.47269,8.9387
256458095,298.8694,65.29254,9.2278
256457192,298.90454,64.04359,9.5766
256458439,298.95163,65.80424,8.7669
256747528,300.86975,65.32185,9.8593
256805260,301.2788,65.847534,8.697
256748390,301.0307,65.419044,8.7533
236971427,304.94012,64.387024,8.95444
256615336,299.97598,64.88995,9.9928
256457971,298.99557,65.121994,9.4827
256929294,302.0172,64.42705,9.9588
256749121,301.02585,64.53694,9.37528
236862430,302.46854,65.52761,9.9926
236862886,302.49814,65.00019,9.9172
236862427,302.4858,65.52932,9.9798
256663870,300.58423,64.63442,5.47408
256458989,299.11356,65.23691,9.8356
256459022,299.15665,65.1856,9.6622
256459219,299.08597,64.92991,9.8848
256615403,299.95114,64.97154,8.9665
256517220,299.61572,65.650925,8.8074
256517741,299.72806,64.93283,9.2476
256748214,301.19113,65.650154,9.5419
256863538,301.65692,64.877945,7.0657
256863536,301.53342,64.88228,9.7207
256863829,301.5798,64.556526,9.0411
256458617,299.11212,65.78709,9.4692
256664342,300.60556,64.036194,9.9022
256615593,299.91336,65.214035,8.83239
256662339,300.29117,65.11241,9.9585
256805566,301.5578,65.69796,8.183
236862202,302.61554,65.79697,9.9395
229509026,296.98166,64.81409,7.7906
229509454,297.03812,65.44984,8.02645
256663850,300.55505,64.65884,7.11967
256747813,300.9572,65.68946,8.0376
256377203,298.5178,65.49834,9.84805
256662147,300.36893,64.82097,3.50541
256747212,300.89758,64.96621,9.8297
229510625,297.33142,64.6774,8.919
229509716,297.00586,65.902626,9.8162
256746748,300.94925,64.42969,9.45912
229509669,296.95288,65.80513,8.471
229510161,297.22733,65.27509,8.5295
229510642,297.13052,64.65895,9.3403
377783137,298.19424,65.5415,8.5783
377783187,298.10352,65.464775,9.7489
377783596,298.18872,64.86209,9.7127
377784111,298.19867,64.17605,5.80851
256517026,299.4872,65.88789,9.0284
229509769,297.31863,65.93514,9.12308
229510813,297.222,64.40988,9.92575
229509761,297.2986,65.95505,7.9883
256379071,298.61847,65.10095,9.9184
256516778,299.5445,65.51503,9.5576
256615984,299.89066,65.78429,9.7874
256927736,301.95792,65.576126,9.9624
236863012,302.63254,64.84067,9.3232
236875418,303.00656,65.609314,7.9577
256515626,299.5355,64.01038,7.0909
256927396,301.9316,65.16814,7.75019
256927410,301.8616,65.187515,7.49696
256926860,301.94986,64.602486,7.92599
256516118,299.32175,64.64218,9.74469
236876369,303.02655,64.58157,9.4671
229499102,296.48096,64.85178,9.0512
258390383,297.4655,65.86951,8.7175
229499575,296.5117,65.63627,9.123
229500710,296.84457,64.52353,9.1208
229491275,296.28552,64.28022,8.5506
256458868,299.0822,65.396416,9.8118
229491225,296.36496,64.35005,9.9811
377784121,298.19778,64.16833,8.70115
229510080,297.28305,65.41598,9.6478
256458460,298.8767,65.83164,9.00606
229510522,297.21985,64.815994,9.2178
268055401,298.01785,64.32057,9.619
268055518,298.00992,64.45165,9.1998
229464250,294.97754,64.714455,8.5212
256459638,299.2228,64.42268,9.98
229464446,294.97006,65.01371,9.0172
229508625,297.02472,64.28877,9.3562
268055955,297.8714,64.95107,9.8207
229489956,296.13922,65.69543,8.6404
400409072,294.53906,65.77367,9.0763
229479689,295.52835,64.59732,8.7464
229479843,295.57962,64.835625,8.7314
229480270,295.6464,65.4304,9.5514
229508453,296.90518,64.05178,7.3543
229508814,297.0478,64.54779,9.6868
256321919,297.80695,65.5469,6.9096
256322092,297.6746,65.30304,9.1168
229500593,296.8457,64.69418,8.43843
229500092,296.80066,65.395996,8.57094
229501099,296.8069,64.00568,9.49083
280036847,297.71335,65.99821,9.4622
229451714,294.27948,65.923775,8.7099
229452802,294.33023,64.0683,9.1697
229481151,295.7246,65.0977,9.8427
229489593,296.0605,65.11161,8.1358
229489199,296.09167,64.50928,8.2753
229489331,296.065,64.72364,8.6762
229509493,296.88608,65.52895,9.5396
258391021,297.36395,64.981674,9.231
268055969,297.88153,64.96527,9.4961
229464812,295.0634,65.57582,9.53557
229456928,294.7182,64.21304,9.8221
229479753,295.63525,64.69526,8.36376
229465075,295.34195,65.897285,9.82362
229481100,295.76135,65.17012,9.6508
229481768,295.79602,64.18685,9.5725
400408494,294.69,64.93185,8.70486
229443132,293.8168,65.72794,9.7331
1884254468,294.6885,64.93237,9.92191
229451256,294.1002,65.17425,8.9461
229456159,294.8854,65.365746,7.51007
229455920,294.84677,65.726494,9.7693
229456125,294.7937,65.39904,8.20634
229465251,295.25262,65.59262,7.83554
229450647,294.05792,64.18082,9.8491
229450763,293.9819,64.37276,9.1139
229451268,293.9697,65.19233,7.1411
229451690,294.0884,65.95849,9.8431
229451108,294.01886,64.94126,9.9529
229451168,294.1245,65.04803,8.52324
229472230,295.41022,64.16918,9.8514
229490952,296.20493,64.72206,9.6177
229491030,296.2214,64.60527,9.7035
229500371,296.67392,64.9869,9.4142
256376606,298.3575,65.0572,9.0209
229480810,295.77728,65.59482,9.0694
229481079,295.71384,65.18614,7.7308
229481679,295.79306,64.31588,8.4542
258391241,297.42548,64.68705,7.8603
258391598,297.43222,64.25056,7.8612
256322964,297.6467,64.03066,9.0131
256322972,297.71677,64.013,9.9617
229456517,294.73154,64.83239,9.908
229481553,295.79337,64.524826,9.85484
229481609,295.72223,64.41584,8.7944
229508978,297.07428,64.7464,9.45161
400408676,294.4535,65.16774,9.8995
229479255,295.64648,64.0301,9.1381
229479589,295.48358,64.47185,9.6615
229479626,295.52097,64.51933,9.8285
229480584,295.4888,65.986885,9.3862
229451863,294.41202,65.6216,7.87348
229472067,295.30927,64.36952,9.5859
229464312,295.12973,64.8004,9.0063
400408021,294.55765,64.28662,9.50246
400408178,294.5168,64.488235,9.04049
229413705,293.07703,64.3885,9.9221
259235315,292.9259,65.94217,8.4622
229442756,293.5298,65.52662,9.61013
229441895,293.48846,64.16502,9.7781
229442593,293.56583,65.28657,8.7867
229451873,294.27582,65.60298,8.8602
229452140,294.4212,65.10276,9.2105
229463720,295.06827,64.01802,9.7322
229405342,292.55966,64.3007,8.3054
229407231,292.91928,64.33114,9.58259
229463722,295.00656,64.022675,9.1395
229997470,290.4779,64.54051,8.1362
229405150,292.71353,64.00972,9.5677
229442471,293.5003,65.06996,8.5931
229442487,293.7165,65.08723,8.297
230004328,290.75555,64.21277,9.8101
259275189,293.9104,65.97271,9.6941
230004628,290.7684,64.72754,9.7895
259128558,291.77664,65.96682,9.4242
229434722,293.41754,65.397644,9.8298
229450605,294.1225,64.11563,8.9134
229452839,294.40103,64.01671,8.12993
230004295,290.67365,64.15433,9.9757
229399075,292.3231,64.10711,9.6333
230052602,292.09653,65.2912,8.8464
230006348,290.90964,64.3456,9.5235
230013941,291.0677,65.367096,9.3976
229450891,294.15768,64.57893,9.3953
229451298,294.02393,65.25038,8.7775
229455934,294.82224,65.70448,9.4262
229456592,294.8077,64.73701,9.4744
229456594,294.93878,64.73409,8.3987
229972190,289.94226,64.39081,6.5848
229456999,294.69714,64.10688,8.2837
230015352,291.51114,64.436584,9.083
229398619,292.27856,64.81958,7.095
229443068,293.96625,65.82478,9.5316
230006463,291.01645,64.18856,9.5495
229442763,293.50723,65.530945,7.8706
229406401,292.97476,65.761024,9.2189
229407420,292.8048,64.007965,9.815
229407423,292.96274,64.004234,9.9288
229405654,292.59845,64.83187,9.7108
229434725,293.26035,65.38538,9.7504
229451118,294.01678,64.95671,9.81777
229444187,293.77002,64.01481,9.853
229954940,289.10522,65.49998,9.9597
229407262,292.83597,64.28695,6.8565
230015255,291.4597,64.54149,9.9684
229970542,289.67273,64.79283,8.72591
229970826,289.69614,65.26667,8.225
230014936,291.3126,65.03298,8.9701
229971840,290.0498,64.89492,9.2554
230014729,291.4562,65.32061,9.5022
230005512,291.02426,65.653496,5.6285
229970313,289.7294,64.4016,8.7719
229978906,290.20316,64.20034,8.3115
229946707,288.36636,65.6947,9.845
229997231,290.35556,64.885895,9.3065
229954460,288.69553,65.558655,6.7648
229954300,288.681,65.27281,7.47608
230005218,290.78848,65.72535,8.7601
230005258,290.72357,65.79295,7.7246
230005540,291.01678,65.6032,7.45557
230004291,290.7496,64.153206,9.2233
229939499,288.14374,65.36771,8.88166
230022689,291.74564,64.778305,8.6521
230022194,291.63696,64.04166,9.6644
229946075,288.2127,64.52123,8.7692
229963447,289.43057,64.68392,9.7396
229961847,289.2067,64.48571,8.1467
230023522,291.93518,65.787674,8.4541
230023734,291.99805,65.449295,9.65178
229961691,289.3011,64.23305,9.62683
229946549,288.24258,65.39528,9.5572
229947211,288.39987,65.29072,8.6521
229955184,288.9274,65.13028,7.69
229979536,290.32224,65.17166,8.2493
230004582,290.6865,64.642044,9.77992
229962278,289.2391,65.17425,8.1802
229913244,287.48447,65.385,7.6469
229979125,290.2855,64.54102,9.16782
230006388,290.8728,64.28743,9.9876
230023413,291.93417,65.997314,9.92233
229938646,287.70953,64.85434,9.96733
229939166,287.78354,65.84602,8.2394
230005286,290.67474,65.83482,9.8272
230023852,291.94583,65.2741,9.684
230386436,285.82382,64.27808,9.0184
230387671,286.1848,65.02942,8.9065
229962940,289.4805,65.55935,9.5067
229963388,289.38544,64.774254,9.9231
229972406,290.0842,64.054,9.38899
229913521,287.42752,64.858925,9.9125
229398682,292.27356,64.70087,9.66838
230015612,291.49405,64.0736,9.09811
229939665,287.9057,65.09591,9.497
229945862,288.19666,64.176994,9.3392
229945986,288.24924,64.381905,9.82754
229963053,289.58173,65.35476,8.88932
229912689,287.3891,65.33315,9.99828
229940128,288.09198,64.32287,9.63185
229961580,289.14,64.085754,8.8709
230387722,285.96545,64.93646,9.1792
229962476,289.17548,65.55271,9.237
229938330,287.71347,64.241,9.08068
229972167,289.9382,64.426285,9.6855
230386969,285.81738,65.33779,9.4189
229972269,289.86377,64.265564,9.50793
230380555,285.24207,65.282196,9.4382
229971250,290.07614,65.87991,9.7545
229938290,287.68097,64.15334,9.2742
229971430,290.01703,65.55669,9.55164
229971692,290.00925,65.13154,8.64275
229979791,290.12473,65.59562,9.5352
229971538,289.88925,65.388916,9.9324
229971901,290.03296,64.824196,9.776
229972165,290.00394,64.42894,8.5246
229978829,290.18967,64.07667,7.44208
229979977,290.2771,65.88888,9.047
230381204,285.51273,65.10298,9.1043
229970818,289.70593,65.25879,9.41398
230393263,286.22543,64.21557,9.6537
230380601,285.3009,65.39302,9.35107
233542555,281.2819,64.025734,8.5758
233616650,283.55634,64.83481,8.4692
233617257,283.79205,65.754715,9.3537
233604033,282.99307,64.97774,9.75648
230387082,285.8664,65.58698,6.38467
230381033,285.63605,65.52968,7.7375
233623799,284.14392,65.64099,9.816
233617950,283.84607,64.3379,9.6415
233617350,283.86627,65.60158,9.5587
230393815,286.27448,65.25334,7.8949
233630379,284.58957,65.29112,8.4322
230387399,285.98987,65.59325,8.075
229938897,287.81885,65.33003,8.6665
229912978,287.44086,65.978516,6.28057
229979857,290.16705,65.71453,4.5706
229979957,290.2137,65.865105,8.76579
229938993,287.72415,65.52423,9.9447
233609490,283.183,64.16821,7.865
229979930,290.31003,65.82708,9.8832
233624874,284.30515,64.10595,8.573
233616532,283.63342,64.58493,9.8654
233617031,283.57806,65.61765,8.7632
230394694,286.60962,64.79956,8.1602
275687955,286.85153,65.931915,9.6469
275688409,286.7837,65.00776,9.017
275694008,287.03647,64.38229,7.3013
275693833,287.0918,64.08657,8.5441
233631689,284.7973,64.01469,8.0819
233569604,281.66333,65.8994,9.2298
230394278,286.45975,65.602936,8.2567
233524710,279.93442,65.938416,8.49905
230394371,286.51144,65.441795,9.0899
233624367,284.45242,65.072205,8.26096
233537201,280.99402,65.83885,8.9011
233569853,281.91766,65.42962,9.8801
233570206,281.93143,64.64958,8.3955
230374572,285.0491,65.93583,9.3016
233576902,282.3577,64.46838,9.3897
233604362,282.90933,64.409195,9.7511
230393390,286.40942,64.45374,8.9923
233568791,281.7324,64.23566,9.0442
233738083,277.84656,64.65188,9.8545
229912617,287.311,65.19597,8.58896
233609817,283.25552,64.78767,7.2562
230374894,285.0948,65.216736,9.5763
230386472,285.72818,64.356125,7.02371
230386882,285.78745,65.178,9.7041
230394735,286.5848,64.71292,9.8148
233631505,284.8841,64.37862,9.9865
233738106,277.82285,64.67914,9.551
233610699,283.31604,65.203026,8.7925
233738107,277.87793,64.67931,9.9431
233576961,282.39175,64.35045,9.0395
233714249,275.7782,65.553696,9.209
233576880,282.502,64.50939,9.5839
233537824,280.88318,64.371216,8.3116
230386875,285.8679,65.16634,9.89391
233569506,281.7716,65.66135,9.8039
233569141,281.71985,64.89229,9.3072
233624210,284.40735,65.36099,9.4695
233623232,284.1533,64.54564,9.8579
233624495,284.348,64.830605,7.70764
424438206,279.5734,64.52494,9.583
424463489,279.7895,64.07949,9.0589
233576406,282.34015,65.46226,9.94941
233623187,284.0333,64.47441,9.5103
233623811,284.2,65.6659,9.5009
233623612,284.10718,65.25809,4.8128
233531272,280.42987,65.32984,8.8145
233744425,278.37033,65.21034,8.7135
233576565,282.41638,65.18252,8.6617
233577120,282.52182,64.01868,9.8376
233537533,281.06046,65.074524,8.5746
229777943,283.1439,65.92345,9.5481
233575753,282.20935,65.08442,9.2926
233576389,282.37213,65.4894,8.30439
233570423,281.8427,64.28209,9.38315
356861565,275.54367,65.978966,9.6732
229703669,277.49683,65.94231,9.7138
233727013,276.86594,65.56542,8.6718
230387586,286.06137,65.20535,6.97738
230387658,286.03238,65.04727,7.94149
230387748,286.1766,64.88814,7.6329
233727653,277.0744,64.78906,9.1661
233726722,276.93964,64.77121,9.4715
233603926,282.84583,65.2276,8.7462
233525531,279.9773,64.229744,8.86039
233731871,277.2829,64.00143,9.5354
233631527,284.947,64.330376,9.33194
383647665,278.8358,64.91107,9.01085
233610704,283.31863,65.190445,9.9746
233610808,283.37164,64.98408,9.8746
341872713,276.83322,65.956566,9.9379
233530595,280.25946,65.034515,9.2859
229761376,281.3371,65.921844,9.4784
233631664,284.98996,64.05381,8.5353
233531285,280.49002,65.3045,9.59043
233575364,282.22415,64.299866,8.7729
383647424,278.80917,64.26517,8.4488
383648552,279.0753,64.86399,9.7077
233542894,281.1473,64.81005,6.40516
233544259,281.5558,64.19563,8.3148
233544319,281.3983,64.06742,9.4579
233543129,281.2015,65.28755,9.5294
233739406,278.03195,64.4324,9.3216
233543956,281.36533,64.81235,9.6968
233544183,281.43808,64.32851,9.9639
233617060,283.5713,65.69925,9.56088
383648130,279.00394,65.78014,8.4283
233542727,281.18134,64.41566,8.9937
424437957,279.41235,65.13131,9.6866
233525516,279.9705,64.25804,9.848
233049320,268.95538,65.5777,8.6249
233085151,271.9543,64.67668,8.2347
233744060,278.28525,64.379944,9.4543
233075235,271.38364,65.08158,6.895
233075376,271.34,64.77591,9.6039
219814684,267.4638,64.065414,9.6033
233075690,271.40912,64.0311,8.7325
233048851,268.66095,64.99291,7.7603
233733397,277.63193,64.415825,9.44687
233153273,274.64954,65.14182,9.94607
233530454,280.28833,64.78491,9.7616
233091625,272.7577,64.1625,9.3897
233085123,271.93134,64.620834,9.40263
383648251,279.0553,65.48869,5.7922
383677140,279.38327,64.08303,9.87874
233733505,277.62064,64.196045,8.17862
233053456,269.19354,64.51535,8.8872
233053382,269.14578,64.319664,9.9599
383648451,279.04428,65.07495,8.24383
233721173,276.40964,64.97602,9.91575
233524705,279.94128,65.95665,9.60558
233576027,282.17108,65.63279,9.41121
233738223,277.76807,64.907845,8.4231
233575908,282.20453,65.40157,9.6426
424438342,279.41986,64.25683,9.8256
233722148,276.54968,64.5702,9.3825
1718052929,282.84543,65.227005,9.8653
233128139,273.96707,65.736855,8.5584
233159057,275.165,65.7988,9.38423
233745058,278.5016,65.27051,8.7211
233080921,271.8285,64.20107,9.2579
219800831,265.89243,65.48222,9.7801
233045223,268.4654,64.373695,9.2946
233085408,271.9908,65.32722,7.6921
233525119,279.91888,65.10872,9.58967
233045220,268.4915,64.38117,9.68404
233715668,276.04462,64.66364,9.7739
233690187,275.43854,65.85965,9.822
233090223,272.42126,64.17834,9.7756
233689932,275.46136,65.16961,9.5695
233045126,268.48383,64.65288,8.9172
219761825,262.51065,65.11343,8.39474
233721037,276.39413,64.636734,8.80613
233095515,272.8735,64.057816,9.29833
233096300,273.10214,65.98545,8.9102
233054082,269.44678,65.71694,9.4048
383647886,278.90012,65.495476,9.2262
233721425,276.4964,65.56348,3.7535
219795945,265.29303,65.21951,7.54526
233738860,278.15182,65.5448,9.4673
233739443,278.1492,64.337166,9.3947
1718033471,281.55545,64.19584,9.1983
219765149,262.69598,64.50834,8.9479
233722108,276.70914,64.671074,7.9348
233080908,271.669,64.22143,5.81701
219102636,270.1938,65.8973,7.8808
219778329,263.85196,64.380455,8.1529
233721324,276.47272,65.32598,7.79511
219778773,263.71982,65.7362,9.60354
233732694,277.27954,65.940285,9.24346
233721512,276.35315,65.75958,7.3371
233080730,271.7334,64.691666,9.83488
233721121,276.29214,64.83842,6.07593
233054633,269.45068,64.18802,7.28455
233069347,270.58255,65.35583,9.61256
233745175,278.46213,64.97277,9.35422
233738926,277.9876,65.371216,8.5036
233738458,277.81207,65.43602,6.30888
233158768,275.0048,65.478325,8.2196
219779054,264.08826,65.31395,8.8592
233721140,276.33215,64.91141,7.71
230386368,285.92523,64.18742,9.8484
219792161,264.98206,65.00163,7.5456
219774920,263.6226,65.261375,8.1219
233732332,277.43234,65.100586,7.99955
219810107,266.80853,64.13625,9.59677
233726761,276.83823,64.868935,9.29125
219822564,268.0493,64.76902,9.50387
219779130,264.0607,65.04132,9.9739
219765150,262.91562,64.51086,6.7748
233660303,260.1753,65.63993,7.30553
219750378,261.00604,65.163,9.7138
198180026,244.69002,65.00281,9.932
219791820,264.71704,65.9319,9.947
219791433,264.68103,64.76136,9.7664
219791642,264.67557,65.35002,9.63756
233064123,270.34656,65.94789,9.4157
233727406,277.1721,65.36092,9.8545
219796205,265.3998,65.92401,7.306
383647798,278.913,65.25927,7.7032
219804982,266.20224,65.477585,9.01314
219750638,261.11227,64.206635,9.9473
233059604,269.79398,64.14392,7.1753
233059608,269.80722,64.14258,6.895
233659805,259.90463,64.49674,9.27403
233659851,259.83716,64.65732,9.9166
219796346,265.4999,65.497925,9.23965
233690618,275.66092,64.83908,8.50532
219792037,265.00906,65.33332,7.8555
219805036,266.08188,65.62299,7.9425
233159037,275.18848,65.83662,8.717
233738834,278.17355,65.615326,9.1076
233159259,275.08038,65.32189,7.5003
219765411,262.82263,65.340904,8.9896
219791988,264.95667,65.4704,8.87513
219813615,267.26022,64.80285,9.2136
230381544,285.7098,64.426994,9.87639
233681034,260.3348,64.58592,7.6896
219761514,262.41986,65.89407,7.18719
219761134,262.2492,64.580605,8.66632
459969660,254.87416,64.730446,8.7702
219757430,261.9334,65.09826,8.0762
219757810,261.95712,65.55653,9.4212
233121747,273.4743,64.397285,4.5592
233064122,270.347,65.948715,7.4823
219787696,264.56204,65.407555,8.87298
219817869,267.63272,64.09268,9.8293
233127429,274.06036,64.07159,8.15054
219775063,263.61877,64.882164,8.80982
233090373,272.46466,64.52171,9.58781
233744522,278.36893,65.43202,8.28214
232609078,258.54303,65.01191,8.2654
233054492,269.2565,64.55847,7.43749
233086257,272.3825,64.23414,9.5767
219774327,263.37735,64.80288,9.132
233058441,269.65167,64.54249,9.15291
233122417,273.44748,65.934135,9.23496
219757178,261.89008,64.30078,9.71776
233053698,269.04108,65.17448,9.82445
424463797,279.87634,64.70288,8.935
459985835,256.5199,64.93973,7.3187
232617026,259.43817,65.7859,8.8115
289622310,254.00703,65.134796,4.4067
233660596,260.06894,64.56861,9.29703
219818889,267.9298,64.93317,9.58594
219814440,267.296,64.701065,9.92212
233058774,269.6687,65.43619,7.9915
233158962,274.90686,65.89029,8.0997
233075126,271.24695,65.37415,8.427
233158676,274.9706,65.29884,9.01612
233727478,277.05054,65.20961,9.76531
232616961,259.30807,65.54757,9.9635
232616699,259.42163,64.62836,9.9486
219765758,263.03024,65.44212,9.50863
233064866,270.35678,64.15956,8.6975
233075433,271.31152,64.62463,9.5519
233731988,277.31918,64.30093,9.7514
233732305,277.47015,65.04118,9.4625
232612866,258.89822,64.551384,9.3597
232613219,258.90323,65.679924,9.55492
233090383,272.50937,64.54455,9.7164
233070183,270.78174,64.42171,9.9698
233070185,270.7675,64.41317,9.9152
233063511,270.1782,64.350876,9.8267
233721326,276.3877,65.326675,8.8298
233733322,277.57205,64.57704,9.9374
233722261,276.6466,64.28683,9.2527
233743948,278.43866,64.11467,9.0182
233128420,274.08902,65.49391,6.8581
233681658,260.54764,65.0736,9.83742
219753605,261.33646,65.1121,8.6806
233074812,271.08237,65.720825,8.3086
219753577,261.40192,64.96125,9.5421
233074452,271.12778,64.898315,9.9297
233059428,269.86227,64.63936,9.5252
383677207,279.22012,64.22464,9.3674
219428641,254.59837,64.30451,7.46148
198211758,248.18845,64.69767,9.02235
232601764,257.63095,65.68887,9.16831
232613884,259.04547,64.00192,8.97748
232616898,259.29233,65.31314,8.73009
233122393,273.36563,65.857506,8.72896
232609322,258.36746,65.77921,8.8409
219819089,267.93,64.35861,9.582
232609186,258.45514,65.39098,9.3719
233053374,269.03986,64.297226,9.6347
233086258,272.38007,64.23405,9.6611
232608966,258.31665,64.62391,9.9395
233074334,270.93765,64.642006,9.9742
232608783,258.42783,64.103424,9.3811
233726906,276.81223,65.24315,9.4943
219787859,264.52393,64.9371,9.4523
459978312,255.56561,64.60074,5.28906
219791466,264.66272,64.844536,7.2941
459978172,255.56422,64.16453,8.48734
219813604,267.16855,64.76667,7.58967
233153283,274.6633,65.113174,9.354
219774125,263.34665,64.17288,9.8241
219774307,263.20618,64.72814,9.5434
233123013,273.80347,64.494354,9.9155
198211454,247.99269,65.95871,8.4143
424730357,255.31519,65.667015,9.6832
458484175,235.3592,65.09318,7.5797
233713632,275.98575,64.76473,9.4776
198157534,242.923,64.65978,9.48
198188723,245.937,65.142044,8.5946
289622394,254.16708,65.423836,9.0857
232605083,257.98853,64.42096,8.4669
233068957,270.5042,64.44057,7.53507
198188973,246.33578,65.55932,9.2469
289622132,254.05997,64.43979,9.93317
219753310,261.26068,64.08356,8.68508
233059229,269.7553,65.17285,9.35664
289622211,254.1258,64.77346,9.9276
233684829,260.93436,64.8764,9.67673
233159195,275.2772,65.45289,9.3107
287151392,253.81299,64.12281,8.5947
232613723,259.13443,64.54252,9.8519
233659682,259.8942,64.050026,8.8917
334780853,247.62119,65.49135,9.40325
219758201,262.0283,64.23606,8.6193
232601700,257.63498,65.935135,9.0741
232613725,259.06808,64.53647,9.4192
233096929,273.26642,64.38577,9.4278
307986093,257.19666,65.71471,3.2094
307985697,257.1021,64.3191,4.8899
219757725,261.99966,65.84703,7.922
233127467,273.85995,64.15974,7.6275
219757699,262.09216,65.96059,9.9756
219757834,262.0895,65.48953,9.7044
233058300,269.50598,64.159546,9.3396
219787445,264.3027,65.64355,9.84625
459978721,255.81755,65.77529,8.5585
459978562,255.43764,65.57054,9.1961
219750289,261.08975,65.48765,8.4941
219753582,261.38074,65.004265,9.3582
219753795,261.2993,65.73783,9.2985
233075569,271.2998,64.33411,9.91641
233049900,268.88043,64.089005,8.3621
232613632,259.07806,64.77399,8.5756
462616825,251.05833,65.2374,6.8218
334753537,246.5029,64.20059,8.6392
289590362,253.22928,64.90331,9.5029
233070047,270.87445,64.74237,8.407
289590198,253.35826,64.19921,8.6795
219796291,265.3734,65.69043,8.9863
334832548,250.62302,64.71466,9.3562
289590553,253.4043,65.63818,8.4388
219753633,261.34442,65.23637,9.8239
233070000,270.8824,64.86424,6.6216
233074692,271.05927,65.46873,7.92476
289538304,251.2927,64.095474,9.6583
307985827,257.2548,64.7186,9.3215
233660684,260.209,64.22026,9.4549
198180194,244.58458,65.80764,9.0901
230086830,247.14838,65.96946,9.9888
233660559,260.04852,64.717,7.097
219765354,262.7379,65.1103,7.6911
233053435,268.9873,64.45357,9.9526
233045313,268.42703,64.11572,9.8388
219765488,262.6905,65.6062,9.6558
219787439,264.29156,65.60272,8.8825
219737890,241.64647,64.29553,8.1258
287079642,243.34575,65.229744,8.9203
289581876,253.02014,65.89752,9.6563
289581929,253.19453,65.65322,7.4057
219428294,254.56639,65.82024,9.0841
219428420,254.42586,65.304886,9.9778
219765539,262.70682,65.761475,9.8139
219800805,266.04303,65.57662,9.2123
233048527,268.5854,64.08305,6.9747
233684617,260.78473,64.15097,9.3705
459982234,256.0491,65.20847,9.01
233657062,259.5898,64.58025,9.775
198516247,236.53142,65.86123,7.7436
198208765,247.69005,64.77428,8.3285
459982149,255.91197,64.891235,7.7706
289622356,253.99532,65.32802,9.9594
287151397,253.71497,64.107864,8.7713
219750241,261.15704,65.68115,9.5889
219750268,261.03754,65.58505,9.2772
199526255,240.4372,64.096436,9.4224
199549788,240.89337,64.62985,9.8273
199549839,240.93379,64.81271,9.8784
198186501,245.83968,64.09361,7.4006
198241507,249.59714,65.36524,9.7467
198241570,249.72575,65.16065,8.783
287150945,253.71503,65.76832,9.3359
219750666,261.0735,64.09466,9.54329
458484229,235.46219,65.36158,9.2641
458484258,235.47968,65.466,8.7284
199523937,240.0034,65.362976,9.8649
458484238,235.40764,65.380714,7.84436
198161797,243.77788,65.072266,7.07768
230073267,243.7435,65.95187,9.1997
198553196,237.67389,65.026375,8.8168
198186255,245.7815,65.132515,8.3721
334780884,247.53218,65.63246,9.6803
289590531,253.39114,65.53174,8.1006
289590182,253.41275,64.138916,7.60111
232609501,258.71008,65.50757,8.8778
236714759,239.35445,64.08108,9.5556
198318654,234.65044,64.65137,8.758
202300248,234.92853,65.215645,9.6263
202300346,234.96034,64.66184,6.1771
289538767,251.46437,65.00747,9.8208
230135940,252.98224,65.977905,9.1149
219810122,266.9792,64.09838,9.0819
198208960,247.77142,64.08722,9.22956
198177771,244.4106,64.54007,9.75321
459979124,255.85399,64.35009,9.7238
459969511,254.77676,64.131294,9.1706
219737858,241.66751,64.429825,9.9085
459969791,254.83315,65.20976,8.7396
199523809,239.90785,64.745155,7.7092
199523837,239.88864,64.89337,6.3465
199524035,239.90198,65.83884,9.9748
199549991,240.87059,65.7177,7.9332
198207457,247.33202,64.47509,9.7151
219754094,261.60016,65.23631,7.8724
334753471,246.5985,64.462326,9.8237
289571333,252.11546,65.36959,9.71764
289581571,252.31572,64.71706,9.94049
219765652,263.00488,65.77138,9.33248
219766122,263.05954,64.27649,8.8126
307956524,256.63132,64.16121,9.5857
233656714,259.60016,65.88352,9.9364
198177075,244.0761,64.27328,7.6409
198241548,249.71703,65.23423,9.9099
307956518,256.63605,64.14909,9.7221
232612827,258.95422,64.410095,8.3455
198279370,250.22966,64.58905,3.78656
198536645,236.97766,65.48459,9.394
198279224,250.08702,65.11206,8.6681
198211848,248.3603,64.215805,7.6836
459985804,256.5165,64.84678,9.0148
510470875,240.26826,65.514626,9.9724
459986001,256.48853,65.60021,9.63514
459970268,254.94083,64.902954,9.90899
462613877,250.83517,64.79623,9.49343
424730566,255.29276,64.6941,8.1472
459978295,255.43732,64.572105,9.09265
232605172,257.974,64.78612,9.37275
232605303,257.94656,65.34919,8.52993
219822384,268.07162,64.23788,8.95199
459982629,256.2721,65.16425,8.6274
219750618,261.21112,64.25527,9.7758
219800534,265.77676,65.477745,9.8652
219742885,242.41406,65.82914,8.5954
198553233,237.53342,64.79969,7.1879
198553150,237.47374,65.223595,9.13796
198188936,246.37192,65.767426,9.7275
219742997,242.54657,65.431114,9.3513
289582095,253.12502,64.94731,9.77134
219750509,261.1624,64.68123,9.48887
219862096,258.07712,65.92098,9.65653
198558443,238.37083,65.28825,5.93298
219742917,242.7273,65.89842,8.5925
459981982,255.97205,64.27899,9.2235
219743035,242.63947,65.197395,9.5979
198214123,248.48294,65.04516,9.1012
219754191,261.53064,64.87946,9.3785
198237914,249.08794,64.56032,9.029
198183485,245.221,64.36103,9.81667
334832426,250.54051,64.24291,9.15978
198516246,236.64955,65.8644,7.97558
198183069,245.42984,65.93524,8.6767
198183483,245.22427,64.36272,9.14674
230119673,249.78464,65.922714,8.89169
198279004,249.95757,65.81581,8.7502
307957013,256.74426,65.96087,9.2284
198536913,237.19777,64.257935,9.70922
219428692,254.51823,64.06388,9.6706
198555602,237.8376,65.42504,9.5564
198161444,243.72705,65.2462,8.3781
198555309,237.88737,64.022255,8.3376
198555432,237.79036,64.57808,9.2338
198555596,237.7767,65.40848,9.1332
198555594,237.89752,65.3962,9.4706
219428411,254.58656,65.3315,9.6473
198188921,246.26512,65.845764,9.1452
459985588,256.426,64.145706,9.60013
199550090,241.25911,65.66076,8.8565
459970307,254.9241,64.69911,9.3188
198241524,249.59773,65.31345,9.7168
219750688,261.18063,64.018745,9.93419
233656699,259.71414,65.97985,9.623
198180316,244.86174,65.61422,8.1539
198182944,245.00363,65.49067,8.9733
236716793,239.41734,65.39668,8.2314
272751181,236.9514,65.87906,9.45354
232609966,258.77444,64.07918,9.54263
236714513,239.26115,65.22396,9.8451
202300278,234.78717,65.06648,9.8505
219739937,242.02429,64.83654,7.7943
198558314,238.39804,64.77673,8.306
232616536,259.32544,64.084335,7.6904
219791633,264.84027,65.33108,8.8565
289570935,251.98581,64.937126,8.7356
287137719,252.5464,65.468094,8.2056
287137724,252.66277,65.4844,7.6783
287138322,252.91304,64.11446,7.08866
198207398,247.25464,64.78673,7.1344
199523754,239.98256,64.54408,9.1814
198207384,247.33502,64.85749,8.368
459979243,255.68088,64.026794,8.47786
459969792,254.84291,65.209984,9.45639
198207520,247.1717,64.22617,9.62773
219753908,261.5358,65.79089,9.91143
219754045,261.56647,65.38096,9.7699
199524145,240.26842,65.51488,9.0151
229552665,238.45274,64.15927,9.62394
198558258,238.38971,64.54638,9.4531
236711877,238.89377,65.28631,8.8804
198316152,234.25142,64.439926,8.2533
198179969,244.62846,64.78076,9.1384
232612839,258.81683,64.438065,8.44503
198536950,237.16966,64.098625,8.88059
334637221,235.52881,64.56513,9.4191
334637322,235.61345,64.036804,9.7796
219879989,261.4427,65.93548,9.35982
219739808,242.03621,64.23923,8.2468
219761293,262.2919,65.07172,9.37127
198516558,236.48,64.27634,7.304
232616518,259.40756,64.03315,7.00874
198159950,243.06552,65.22415,9.4799
307956620,256.64624,64.53848,9.53236
233684822,260.9032,64.862236,9.89947
198177394,244.02054,65.579445,9.9103
287151185,253.85045,64.92931,8.4891
334652527,235.82411,65.485985,9.2028
236714069,238.92601,64.46523,9.4837
198204214,246.80539,65.9472,9.4904
198204521,246.67265,64.76015,8.8091
198204528,246.85187,64.73649,9.882
236714240,238.93454,65.35173,9.4596
198555348,237.7897,64.21907,9.2612
198555587,237.92296,65.35682,8.92906
198238305,249.18875,65.65004,9.31783
236714324,239.0574,65.75403,9.9536
236714461,239.29567,65.47411,9.90439
198238666,249.26231,64.12767,8.9874
198182651,245.0592,64.1501,9.8914
237102443,241.03903,65.95922,9.9634
287138053,252.88684,65.19939,7.6173
459985599,256.42517,64.184845,9.79193
198162002,243.93074,64.12775,9.5614
198186173,245.91475,65.45296,9.9581
198555943,238.05017,64.948425,8.76397
198555959,238.04848,64.88347,9.589
198177308,244.11215,65.2245,8.8772
198177441,244.2256,65.81791,8.6794
198177780,244.29317,64.49815,8.9047
219740281,242.18701,65.45078,8.8345
198238279,249.27965,65.77087,8.9619
198238371,249.18428,65.37585,9.7633
198161549,243.55531,65.69478,8.3094
198211364,248.02087,65.55376,8.76926
289539946,251.5534,64.30262,9.66087
199524246,240.24118,64.950035,6.98161
198516314,236.50575,65.58005,7.97262
198241258,249.56824,65.42624,8.62136
219743221,242.59995,64.3513,9.8002
198185647,245.59782,64.28948,7.8629
198185705,245.49698,64.542656,9.0507
202353038,236.11299,64.479225,7.86478
202353057,236.2021,64.557205,7.967
202353099,236.19914,64.74073,8.7281
202353560,236.4397,65.03213,7.31
202353789,236.36588,64.091034,9.2379
272782569,238.43066,65.92671,8.8643
198213983,248.4251,64.40313,7.9215
198214087,248.41414,64.87185,9.53555
198214303,248.47139,65.88394,9.5571
202353040,236.1567,64.486176,8.8491
198281642,250.43852,64.10891,9.359
199549845,240.87004,64.86093,9.7506
199573024,241.52399,64.687294,6.01756
199573202,241.51515,65.457726,9.3499
458481879,235.16754,65.840675,8.8432
458482136,235.23663,64.4821,9.13346
458482209,235.09422,64.097694,9.2109
198177457,244.16135,65.917656,9.7363
198177208,244.17078,64.88635,9.024
198177784,244.26779,64.48961,9.13604
198161860,243.9443,64.82635,8.72523
198237897,248.86006,64.50279,9.48469
198182825,245.07233,64.96853,8.4727
198182953,245.09084,65.521736,9.17357
198204303,246.81921,65.59221,9.3096
289581438,252.33217,64.20169,9.63456
289581848,252.37369,65.86531,8.9769
334652570,235.93723,65.67873,9.81509
198318709,234.57419,64.945496,9.18022
198238414,249.27843,65.19047,9.47355
198281945,250.4172,65.401634,9.68225
202353086,236.081,64.66037,9.9035
199547605,240.6509,65.69436,8.69007
199573174,241.33128,65.31805,8.37067
1981244199,301.61386,67.92358,8.8335
1718142963,280.1959,66.54789,9.5929
1400994843,261.2504,67.30671,5.7167
1551640306,279.59723,67.127304,7.1246
1718128182,284.52686,67.261,9.90237
219880402,261.2504,67.30671,5.7167
230126340,251.20732,66.779465,9.909
233195058,264.2696,67.11923,7.765
229784078,283.61572,67.02948,9.695
236764601,273.48523,66.47788,9.745
233206248,266.232,66.46464,8.815
229739694,279.59723,67.127304,7.1246
229794188,284.52686,67.261,9.90237
229744770,280.1959,66.54789,9.5929
259128584,291.8557,66.013885,9.542
269667059,301.61386,67.92358,8.8335
272785409,238.96486,66.97842,9.744
219895832,263.01053,66.34548,9.305
219882856,261.57175,67.76586,7.314
219862354,258.34503,66.64905,9.88
403114080,303.6009,66.932915,7.5028
269664492,301.3023,67.539925,8.8257
349919173,304.79004,66.49419,9.9597
403114105,303.5357,67.07397,7.58538
269665384,301.44775,66.288795,8.304
403113935,303.66522,66.13344,9.4112
269665104,301.44308,66.644875,9.4831
269597733,300.73996,66.19354,9.5729
403114253,303.7046,67.76686,9.2402
403332208,304.10138,66.23988,9.83886
258510801,304.49365,66.23326,8.3016
403585118,304.38052,66.85369,5.3616
403117736,303.4053,67.36977,9.99209
269599327,301.03738,67.913,9.459
349919006,304.85388,66.71449,9.99197
258510165,304.44254,67.01294,6.4069
269599113,300.8884,67.59064,9.2882
269666461,301.75726,66.99647,9.2605
269700422,301.96454,67.95799,9.6907
403585202,304.32855,67.64584,7.9386
269700605,301.9147,67.67866,9.8694
269664239,301.23315,67.93883,9.8575
402893991,303.22195,66.24566,4.6151
269666779,301.695,67.48198,9.9544
269666871,301.72867,67.644196,9.7571
269700721,301.9465,67.47667,9.8388
403332369,303.97195,67.557686,9.3524
269701147,302.024,66.85058,8.2929
269701267,301.79483,66.697975,9.46804
269598225,301.0267,66.29448,9.6882
269598430,301.08856,66.56741,9.78559
403585075,304.41907,66.4417,9.9878
403589200,304.2919,66.25365,9.98994
269598007,301.00656,66.04092,9.25431
269665934,301.74994,66.308014,6.93699
269666569,301.61472,67.144455,9.32561
269700406,301.82642,67.98633,9.02114
269700886,301.82953,67.21569,9.22997
258510183,304.47195,66.98787,9.21
269664292,301.21576,67.840904,9.6096
402897627,302.76343,67.05561,9.5985
402897493,302.77658,66.53297,8.8503
269598851,301.05197,67.169464,9.3441
269665301,301.2234,66.37777,8.642
366513725,302.07538,67.27866,8.79819
269596634,300.75507,67.83666,9.32674
366436263,299.2704,67.51922,9.4476
269597106,300.58304,67.09202,8.7991
366435682,299.22858,66.72816,9.9508
359981627,300.273,66.161575,9.83096
359981912,300.38727,66.514565,9.58849
366490522,299.82788,67.48239,8.0575
366490859,299.91867,67.0408,9.129
269701559,301.89334,66.26171,9.39331
269701714,302.0393,66.03975,9.2241
1884303385,299.03787,66.300644,9.5699
359981960,300.56348,66.58462,9.8144
366513573,302.14597,67.07664,9.69541
366513886,302.16852,67.46931,9.61913
366513907,302.17307,67.49646,9.36214
402897480,303.14597,66.461395,6.6822
269665234,301.3841,66.461525,9.00687
402655800,302.50488,66.95338,8.9117
417736216,299.4193,66.12274,9.9255
269596602,300.6321,67.90081,7.4805
269596928,300.78122,67.34302,9.4844
402655827,302.383,67.09301,9.4104
326257443,299.03757,66.300385,9.0576
326257275,298.88327,66.08213,6.8127
280068769,297.98444,66.79899,9.7722
279981456,297.1718,67.02449,9.9346
279981833,297.17438,66.52646,9.1739
280074348,298.23914,67.58933,9.359
280074444,298.40253,67.443054,9.7883
280075370,298.4091,66.25793,9.7419
280161601,298.22736,66.05568,8.5387
280074194,298.23572,67.791,8.8898
280074820,298.24493,66.9251,9.4455
417735681,299.58987,66.7905,7.44696
279980938,297.01627,67.78574,9.31106
279983256,297.5098,67.28836,8.0246
280074241,298.35477,67.73398,9.95185
402897784,303.03433,67.884796,9.5348
359982461,300.55722,67.26391,9.6538
417735733,299.49323,66.71428,9.48995
258353560,296.609,66.59194,9.3199
417735032,299.36838,67.63402,8.1663
366435611,299.31253,66.617294,9.9102
264303616,296.18494,67.63397,8.0058
326257711,298.99823,66.66454,9.4929
326258301,299.02826,67.551834,9.6346
366491189,299.94373,66.59935,8.6012
280036966,297.9282,66.04487,9.5602
280162873,298.657,67.50972,7.08449
280162932,298.69446,67.583496,9.8531
366491681,299.67188,66.00507,9.3972
280162339,298.75485,66.7483,6.28797
258353562,296.42627,66.58838,9.57983
258353762,296.60165,66.31071,9.0165
264303856,296.20486,67.94089,9.3904
366490855,299.81915,67.044334,7.3719
326258494,298.8419,67.871506,9.77225
366490506,299.84076,67.50197,8.7569
359982726,300.36047,67.61012,9.73389
280074267,298.19498,67.69904,9.9038
280068700,298.14362,66.705215,7.5154
402659121,302.53888,67.490234,9.2186
280068946,298.15143,67.06956,8.02419
366490652,299.89874,67.31571,9.8308
366490812,299.73074,67.104294,9.2471
366491613,299.91144,66.08845,9.7996
366490533,299.74826,67.4721,7.36968
269596588,300.86288,67.92287,8.2981
264248402,295.24228,67.767715,8.2708
269596616,300.70447,67.87356,3.40846
264301145,295.8319,67.16853,7.1819
269597554,300.6349,66.43188,9.50603
269597152,300.73462,67.03613,9.1055
258354707,296.69623,66.75561,8.1085
280074425,298.3822,67.46775,7.2004
280075334,298.40833,66.298294,9.52295
258354571,296.93112,66.57573,8.97761
417734853,299.50858,67.86096,8.85202
264171298,294.3452,67.18889,6.9735
280068959,298.0298,67.08019,9.3632
279983096,297.51608,67.03127,9.4161
366436126,299.34955,67.32084,9.4858
366436533,299.085,67.92424,9.5151
264217805,294.6157,66.98687,9.92
279981597,297.08716,66.840385,8.5754
264301972,296.06802,66.14703,9.1831
258354217,296.79193,66.1262,9.93746
264217214,294.8107,67.897736,8.1797
264303599,296.2426,67.61244,9.742
280035613,297.7606,67.58038,8.6308
264302941,296.1558,66.841515,9.8089
258352929,296.41943,67.41045,9.2506
258352700,296.50903,67.738,7.49203
280075025,298.374,66.67354,9.125
264302024,296.04416,66.10493,8.3096
280074373,298.40378,67.54486,9.9774
280161519,298.2904,66.14984,8.1235
264248584,295.41248,67.501915,9.6004
264248815,295.3997,67.20106,9.6597
264249276,295.21857,66.5938,9.3852
264249718,295.21603,66.05303,8.6508
258352874,296.51794,67.47694,7.1909
258353833,296.64548,66.215034,9.4552
264301993,296.00586,66.127144,9.59225
264302054,295.90265,66.07493,9.84283
264220025,294.9761,67.91017,7.7547
264248489,295.4587,67.635765,9.1886
402658927,294.21814,67.37657,8.675
264249498,295.19885,66.320564,8.6564
258355176,296.6926,67.47681,9.5659
258387995,296.9006,67.8432,8.927
258355215,296.7439,67.54296,9.9155
258354794,296.72006,66.91153,9.4025
258355042,296.86914,67.28401,8.75287
366435660,299.12195,66.69149,9.8428
366436021,299.31006,67.18185,9.93847
280162266,298.62186,66.64503,8.32668
258352782,296.42993,67.600845,9.5116
258352801,296.49396,67.582184,8.6077
264248558,295.46765,67.542,8.51866
258353314,296.39563,66.89732,9.1968
264219023,294.91345,66.467964,7.8716
264248349,295.19855,67.83701,9.76627
264248339,295.40137,67.85077,9.7095
264302382,296.34344,66.188644,9.8963
259266354,293.32748,67.77498,9.04283
264301634,295.91327,66.5453,7.5209
264219387,295.14508,66.93936,7.6736
259269070,293.5996,67.733025,9.0781
264219220,295.1076,66.70905,8.7041
264171512,294.3608,67.49836,9.8083
264171144,294.38986,66.9715,9.13648
264250408,295.4982,66.59646,9.3278
514222637,293.22818,66.02018,9.2125
264250555,295.56927,66.80268,9.6549
264302372,296.30084,66.17945,9.7283
259269119,293.69513,67.8043,7.7203
259234246,292.58212,67.30901,9.8937
259267613,293.2287,66.020096,9.0613
259266446,293.13565,67.6606,9.8956
264250274,295.62973,66.43121,9.63054
264250306,295.50787,66.48023,9.7291
259234279,292.7905,67.26495,8.7258
259268857,293.49023,67.46866,9.9386
259169887,292.3398,67.89671,8.5014
259236247,292.907,67.2216,9.52353
259236574,292.92703,67.70186,6.78861
259268365,293.5755,66.81617,9.6651
259168895,292.50888,66.5064,8.6956
259234254,292.61185,67.29661,8.8608
259235052,292.75076,66.25676,7.6436
259001279,289.64014,67.28737,9.7092
259001332,289.55865,67.20341,9.6468
259267111,293.39532,66.68815,9.1141
259267162,293.1707,66.62242,9.4614
402658830,294.03082,66.36506,9.6068
259266953,293.39407,66.921,9.1637
356861810,275.7854,66.202415,9.6352
259129403,291.82703,67.25591,9.1224
259099816,291.04846,67.97471,9.11418
259129015,291.9041,66.670654,9.6538
259036424,290.43192,66.00738,9.2181
259236731,293.0629,67.91409,9.1399
259273910,293.8049,67.72812,9.6538
259274155,293.98996,67.38874,9.0129
259274531,293.83328,66.841446,8.5585
259002305,289.93317,66.23675,9.68653
259036008,290.23737,66.62971,9.678
259099205,291.1488,67.00128,9.7004
259127789,291.4229,67.0184,8.5937
259127946,291.38412,66.79393,9.8642
259169431,292.3888,67.24791,8.36118
259169579,292.37103,67.46915,9.98219
259235656,293.01715,66.43007,9.1222
259235909,293.08923,66.74706,9.61094
259169487,292.36148,67.320816,8.8575
259274126,293.85916,67.43252,9.31212
259167330,292.1959,67.62667,6.64356
259128582,291.8557,66.01255,8.65459
259236221,292.83887,67.1965,9.9198
259035732,290.39703,67.03772,9.7167
259036361,290.15955,66.12014,8.71573
259097702,290.84726,66.96169,9.86234
259003260,289.9508,67.73245,8.1404
259035872,290.35275,66.832085,9.8415
259002983,290.13605,67.26136,9.6802
258919819,288.42023,67.5405,6.2447
259167644,292.22913,67.11956,9.919
259167514,292.1311,67.325455,9.0681
259167310,292.05594,67.6517,9.84947
259167889,292.13153,66.77075,9.36719
258801670,286.99435,67.02789,9.0831
258829890,287.71768,67.52418,8.03367
258800664,286.64926,66.60681,9.65112
258801514,286.87366,66.73157,9.76396
259035512,290.15067,67.414246,9.7419
259035810,290.2884,66.934425,9.06027
259035238,290.41818,67.89292,9.8561
259127985,291.4542,66.73099,9.6012
259167997,291.97562,66.62662,8.9497
259002783,289.91373,66.97398,5.7971
259001690,289.83224,66.59434,9.8848
259099556,291.1477,67.52778,8.92071
259002798,289.9075,66.99108,8.3955
258955868,289.50458,66.54189,9.7732
259127292,291.5914,67.802376,8.8955
259127308,291.46722,67.771935,9.3981
356861941,275.67096,66.28878,9.44777
258956013,289.44028,66.7966,9.5531
258956229,289.4213,67.19005,8.0358
258956083,289.47168,66.92245,8.2832
258955374,289.21136,66.1114,8.3777
259098922,291.30643,66.60224,9.69418
258955844,289.33572,66.49089,6.6121
258955728,289.51645,66.301056,9.6825
258920041,288.51633,67.11556,6.8163
258954765,289.10086,67.13517,8.1604
258920890,288.65915,66.29297,9.6098
258920621,288.46448,66.04561,7.2074
258919618,288.58374,67.908035,8.85729
258955020,289.0629,66.665855,9.2146
258955312,289.2298,66.226654,8.56763
258919620,288.59558,67.90588,9.16015
258920464,288.51154,66.29303,9.96557
258873026,288.17175,67.58716,6.9634
259127699,291.36774,67.15463,9.5293
258829052,287.50974,66.102776,4.6198
258955212,288.99307,66.37034,8.7929
259098499,291.27383,66.03348,9.8241
259001560,289.6869,66.81773,9.8098
258921402,288.94202,67.18036,9.4474
259001003,289.5605,67.747406,9.1254
258801869,286.89374,67.388115,9.827
258829760,287.5031,67.27679,6.639
356871819,275.87238,66.20711,9.1647
259098581,291.1189,66.14433,9.9274
258828773,287.17853,66.28233,8.92768
258828393,287.23224,66.87915,8.3932
258870802,288.04123,67.98782,7.7735
259097074,290.95343,67.967705,9.065
258920151,288.49973,66.89615,7.6315
258800771,286.69928,66.40965,8.4682
258800563,286.74207,66.78241,9.6585
258800842,286.70602,66.31784,8.9037
229778507,283.17386,67.016426,9.0005
229784430,283.87158,67.717705,9.7621
258827827,287.24313,67.85731,8.6739
258828245,287.30823,67.12237,7.1778
229800729,285.31317,66.130714,9.3265
258800315,286.70126,67.23297,8.2958
258774255,286.49393,66.26093,9.8636
229778044,283.02258,66.143196,9.17207
229784500,283.762,67.83286,8.39416
258801305,287.03082,66.361496,8.4112
258801492,286.91812,66.68434,9.9631
258829087,287.61414,66.172134,9.7099
258871380,287.8173,67.01593,7.05183
258955241,289.18088,66.32537,9.3845
258800851,286.7647,66.31193,8.1686
258801833,287.04193,67.327934,8.4743
229788267,283.88324,67.76482,9.46755
258801626,287.00998,66.94415,9.62536
258801882,286.9948,67.40811,9.1868
258802191,286.98285,67.93097,9.7366
258954381,289.04248,67.818245,9.9322
258954334,289.2285,67.90403,8.5413
229795914,284.8156,67.64506,9.9516
258920785,288.85742,66.119225,7.2593
229796100,284.98987,67.996216,9.54293
258699897,285.94308,66.60425,9.3147
258699912,285.6507,66.6256,9.8186
258699911,285.70712,66.62534,9.99439
229778426,283.07788,66.83315,9.2712
229800287,285.26923,66.89883,8.8579
258955848,289.52377,66.50292,9.97162
258955275,288.9554,66.26765,8.02
258774246,286.3912,66.2463,9.5276
229795280,284.8101,66.488716,7.8195
258954455,289.21262,67.6927,9.00572
258873063,288.13876,67.66154,2.1983
258872702,288.053,66.99811,8.8563
258873132,288.33478,67.771126,9.5645
229738522,279.20612,67.151474,8.1116
229749045,280.55786,67.68879,8.4035
259001057,289.6507,67.65296,8.45714
258956456,289.49286,67.573166,9.847
258956194,289.4986,67.12948,8.8905
258956643,289.35724,67.927315,8.2508
229788448,283.89224,67.38066,6.8905
229750929,280.85587,67.953354,9.0884
229772076,282.35995,66.58389,8.6458
258801436,286.92456,66.55295,8.1318
258772997,286.0499,67.63046,9.8434
229777070,282.93225,67.684944,7.7887
229777700,282.81204,66.38985,9.80516
229789906,284.3511,67.26727,9.1257
229782920,283.35712,66.97822,9.6152
258801637,286.94528,66.96403,9.31075
258801830,286.888,67.32527,8.28373
229767098,282.05414,66.57668,9.83545
229788552,284.01852,67.164566,9.66126
258772930,285.96567,67.747475,9.8226
258773524,285.96283,66.73277,9.9911
258773840,286.12906,66.23978,9.7147
229800174,285.33737,67.11096,9.737
229782841,283.49704,67.121056,7.52728
258773721,286.00473,66.42885,7.98645
229795273,284.95248,66.47969,8.3717
229794990,284.92914,66.00716,9.9
229795497,284.81317,66.90209,9.9893
229795026,285.03317,66.06501,9.6363
341872513,276.95212,66.389465,9.7081
229738220,279.2343,67.80447,7.48031
229761654,281.22458,66.48815,9.5994
258700407,285.87085,67.547264,9.0491
229713743,278.56158,66.15586,8.0198
229750721,280.78265,67.545334,9.49
229782694,283.44177,67.43281,8.9042
229794740,284.7307,66.30753,9.5564
229789476,284.23166,66.43385,9.9701
229766198,281.73816,66.96825,9.9211
229765734,281.67032,67.946144,9.5801
229766703,281.51254,66.01543,8.6089
229784516,283.83798,67.86252,9.2481
229750589,280.69995,67.30864,8.3299
229766711,281.51416,66.002975,8.3459
229714236,278.93,66.661316,9.0711
229766359,281.6101,66.66285,9.2701
229760392,281.1541,67.93405,9.7423
229794714,284.60425,66.33256,8.728
229749520,280.52274,66.76882,9.6013
229793838,284.69388,67.93675,8.9788
229794727,284.68976,66.32111,9.8861
229795998,284.86108,67.795,8.1693
376849413,276.3092,66.41694,9.8802
229762060,281.2412,67.27052,9.0778
229708864,278.48404,66.35689,7.38913
236759302,272.5774,66.719795,9.93486
229739760,279.46265,67.247856,9.9149
229794283,284.5549,67.12141,9.32234
229749398,280.48074,66.99972,9.925
376849336,276.22018,66.26169,9.4055
229699156,277.1038,66.430664,9.8812
229778368,283.18695,66.73654,9.9205
229794069,284.70358,67.491486,9.9388
229766267,281.71063,66.82767,9.32321
229765827,281.69104,67.771484,7.18476
229777486,282.83224,66.90319,8.18002
229703373,277.359,66.65291,9.879
229704512,277.65012,67.82906,8.1323
229760929,281.15698,66.83265,9.2116
229761035,280.9227,66.61706,8.2216
256299955,276.67175,66.52014,9.35978
341872070,276.75247,67.370544,8.58203
229714804,278.8653,67.8231,9.7746
229749104,280.5252,67.570694,9.7272
341872084,276.86298,67.339714,9.5466
229739263,279.6354,66.24108,8.67576
229739008,279.22675,66.12852,9.4973
229761513,281.2383,66.21661,9.2828
229766793,281.81403,66.005806,9.7171
229767084,281.99582,66.54865,8.10492
229767245,281.91733,66.84116,7.9231
229772619,282.5948,66.30885,8.5231
229772980,282.41595,66.94838,8.59095
229773112,282.47168,67.208855,7.903
229778809,283.22372,67.643135,9.03
229788273,284.07217,67.751114,9.7834
229789003,284.02286,66.294785,8.4595
229748914,280.45978,67.96574,9.64858
229761632,281.40063,66.4384,9.6751
376849226,276.3584,66.01082,9.47352
229704198,277.7856,67.0499,9.848
229713305,278.72925,67.10612,9.338
229750679,280.71567,67.4859,9.1406
229762152,281.23373,67.46849,9.08995
229767229,281.82748,66.81013,8.19179
229750195,280.78006,66.56881,9.42706
229772978,282.6022,66.94647,9.9187
229703194,277.52515,67.03242,9.7993
229738585,279.25937,67.01148,9.9918
229738741,279.36877,66.70943,7.6378
229738903,279.10825,66.358215,9.5664
229772070,282.11215,66.59176,8.4247
229744862,280.23444,66.760445,9.95846
229743674,279.78815,67.5079,8.929
236769341,274.04602,66.450615,8.2652
229739780,279.64807,67.28309,9.9474
236769143,274.1864,66.064514,9.8166
236773442,274.389,66.52233,9.9712
236759734,272.95798,66.135735,6.61728
219115229,271.99762,67.940056,9.9229
229703605,277.41574,66.10093,9.5022
229714851,279.04623,67.91131,8.8549
236759911,273.03473,66.51924,9.7082
229703044,277.5001,67.44581,9.48086
229750885,280.77805,67.878876,9.6664
229738635,279.09772,66.913246,6.9956
236768984,273.79245,66.14185,9.0361
219097728,269.61792,67.43577,9.91325
406856793,274.80646,66.81392,9.83
219097594,269.72784,67.79359,8.1895
341871897,276.9488,67.76664,9.9367
219892485,262.53082,66.93937,8.3688
219088671,268.61047,67.74725,8.80573
356823994,275.1454,67.421616,8.9225
233237691,267.80325,66.85555,9.9753
236768568,274.00024,67.04845,6.9297
376848322,275.2093,67.91712,8.3272
219093077,269.2189,67.60102,7.8808
356861629,275.57098,66.03268,9.9948
341871873,276.88034,67.8202,8.1628
229740037,279.65613,67.835915,9.9019
341871836,276.90994,67.90246,9.63187
341872349,276.89014,66.77889,8.6635
219111745,271.81824,66.71523,8.3824
219111752,271.80276,66.7277,9.2464
219112216,271.69122,67.84463,8.5018
229699717,277.12766,67.73021,8.95
376848623,275.30722,67.21535,9.5717
356871650,275.8603,66.364426,9.6131
356890981,275.96814,66.00387,9.00332
406857021,274.6531,66.37028,7.6866
406856949,274.6735,66.499664,9.9968
236764301,273.237,66.11533,9.6994
219865081,258.72073,67.70264,9.1823
219865631,258.79663,66.08663,7.75708
219869224,259.12952,66.18322,9.66305
376849647,276.27676,66.916794,9.87226
229703769,277.7946,66.12627,8.2618
219873138,260.23627,66.56272,5.96977
362103987,268.20004,67.83528,9.5789
219873323,260.11035,67.061226,9.3752
219898670,263.537,67.68336,8.4717
219898819,263.5889,67.2105,8.9888
219899028,263.51044,66.558365,7.2594
219898822,263.3253,67.20372,7.2329
236764598,273.4526,66.47244,7.73369
233201616,265.3473,67.15199,5.30174
362103431,268.2335,66.419075,6.90912
233237663,267.78857,66.79355,9.0311
219115213,272.232,67.98826,7.9511
229708333,277.90912,66.61905,8.5056
376849403,276.14813,66.403824,8.77463
341872348,276.78394,66.78275,9.1732
229704496,277.76483,67.76649,8.9135
356824307,274.94458,66.78541,7.3108
219895785,263.1667,66.174164,9.6065
219111587,271.7676,66.377785,8.8687
406857098,274.6842,66.194496,8.7197
219896037,263.188,66.98234,7.67592
219895795,263.2523,66.216675,9.667
230132031,252.2066,67.873795,9.7182
356014770,254.21147,67.42537,8.24681
229707810,278.0783,67.77687,5.4241
233206302,266.07718,66.58191,8.75283
233236970,267.76166,66.95087,8.9893
362103548,268.15585,66.7214,9.7629
229699563,277.01837,67.35659,9.7947
233205987,265.75778,66.11187,9.07341
229704183,277.76782,67.0179,9.3792
219879444,261.05054,67.55341,8.7741
219872585,259.95206,67.04377,9.2386
219872758,259.7461,66.44398,9.391
219879624,260.9232,67.05851,9.9306
219898786,263.31192,67.30583,8.0936
219851773,256.23157,66.60675,8.0646
233232995,267.03217,66.07391,8.13628
236759567,272.79926,66.123215,8.8735
406856680,274.7175,67.05436,8.8958
219873554,260.05823,67.70762,9.5799
219898836,263.47797,67.15638,9.0932
236764295,273.18832,66.12137,8.51747
219852361,256.7066,67.06115,9.9391
230132381,252.13963,66.66764,9.663
219852286,256.45978,66.83567,8.3891
230132420,252.17276,66.50237,9.69525
233209638,266.40656,67.12462,9.93608
230092799,248.16762,66.754974,7.136
311235259,253.87248,67.190094,9.7337
311235468,253.92981,67.88642,6.9052
311235499,253.81885,67.959,6.73092
219103410,270.50027,67.897995,9.3181
230132989,252.50008,67.25261,8.9331
311234991,253.93517,66.3161,9.6226
311235354,253.94267,67.47848,6.79804
236769802,274.23618,67.56237,9.6237
219886601,262.2296,66.779205,8.6836
356735491,254.68481,67.87204,9.1704
233198532,264.88666,66.754364,9.3667
233198885,265.016,67.85209,8.4061
219094307,269.3866,67.35682,9.9824
236759225,272.55072,66.90404,9.7871
236773215,274.3809,67.08926,9.3065
233206012,265.83487,66.042755,9.5166
356735701,254.84216,67.18956,9.806
356735835,254.7673,66.67198,9.71772
219115807,271.96307,66.53749,9.9522
236773339,274.57394,66.75931,9.91716
237104921,241.39316,66.47961,9.7194
237104952,241.45923,66.322655,7.9811
230122451,250.38365,67.46546,9.9281
230135425,252.71933,67.7755,9.5543
219872479,259.8319,67.28223,5.7313
219880191,261.22052,66.69493,9.9715
230093027,248.23688,67.56667,8.7971
233206585,266.0432,67.37898,9.71643
237104803,241.37326,66.98816,8.8479
272782181,238.19151,67.66695,9.674
233201449,265.19495,67.58339,9.83
233201457,265.31522,67.5638,8.9777
233201579,265.23593,67.2633,8.8425
233209741,266.43936,66.81279,9.4943
219858568,257.57477,66.31387,7.677
219849223,255.93224,67.51638,8.80493
356823982,274.91907,67.43507,5.1501
233206560,266.13696,67.29512,8.98727
219848925,255.97908,66.5568,9.9822
233210292,266.62708,66.51834,8.5635
362103488,268.08786,66.57191,9.6208
236764130,273.4025,66.49479,9.8078
236759123,272.7262,67.10187,9.3264
236769350,274.04956,66.48839,9.4963
230092338,247.92024,66.88154,9.98405
230136491,252.97925,67.91503,7.33057
219855821,257.2262,67.52763,8.93871
219869617,259.5251,66.93195,9.2567
272759725,237.75345,66.68779,7.2533
233202512,265.4696,67.28865,9.7315
233195119,264.18292,67.35192,9.0629
219858451,257.3948,66.69224,8.9497
219845310,255.0304,66.59523,8.9141
219845265,255.22833,66.795204,9.9662
219899674,263.71536,67.44183,9.8607
230090026,247.51067,67.22897,9.44896
230122615,250.2498,66.95944,7.29551
219858412,257.58008,66.82022,7.6832
219845461,255.22014,66.0453,9.1058
219862608,258.49637,67.448235,7.77029
219899508,263.67432,66.92283,7.1616
219110585,271.39792,67.93748,9.5443
219892254,262.50595,66.21087,9.71405
219883529,261.943,66.25439,9.62288
219880177,261.22983,66.63385,8.1364
272759661,237.7569,66.43062,9.5806
230079150,245.23914,67.90747,7.058
230123190,250.49991,66.793274,8.6945
230092161,247.796,67.56872,9.3208
356700209,254.4812,67.767914,8.0846
219880430,261.2766,67.39486,9.2591
230087102,247.08806,67.044,4.5596
230092369,247.83636,66.718,8.8286
230092485,247.86137,66.24982,8.0068
233232545,267.11008,67.26531,8.6431
219880432,261.47595,67.39679,9.7029
219845155,255.20656,67.25397,9.2044
219869267,259.20642,66.05205,9.5203
233198544,265.00323,66.78411,8.8638
233205805,265.9747,66.530464,9.5277
230093012,248.18274,67.50838,9.8817
230110869,248.37048,67.76842,9.8944
356735749,254.88853,66.99934,7.92152
219102015,270.41888,67.48383,9.9617
233194963,264.3507,66.834305,7.7147
219895450,262.84296,66.77656,9.5403
233205718,265.68216,66.742516,8.4565
230075989,244.66504,66.05654,9.8894
230123322,250.75578,67.253235,9.929
230129638,251.8429,66.94636,7.7758
287086985,253.35442,66.626755,7.799
219849113,256.02463,67.197754,9.6155
219895385,262.93768,66.96233,8.4468
272787314,239.16655,67.480606,8.6523
237101983,240.863,67.8767,9.9557
230086928,247.02562,66.34904,9.6137
230119606,249.73192,66.19525,8.3774
230125921,250.91609,66.4623,9.6932
230120002,250.12526,67.055275,9.5457
230129250,251.4609,66.15682,8.0504
230132227,252.08798,67.16434,9.4298
219892128,262.21167,66.05584,9.7361
219868728,259.22794,67.64063,9.1256
219868990,259.22043,66.86848,8.9901
233206592,266.23602,67.39947,7.61347
219868884,259.27377,67.13749,9.89104
219879864,261.02347,66.32866,9.5873
230116877,249.44348,67.09635,7.7237
219865888,258.97824,66.60499,9.7375
272748431,236.25699,66.77696,8.6546
272759659,237.67117,66.42867,7.9345
230086867,246.99876,66.11081,8.45706
233194447,263.9499,66.75908,8.71433
230070652,243.33514,66.115005,8.28032
230136294,252.94077,67.24476,8.85924
230136086,252.9211,66.54288,9.75323
230136181,252.99918,66.87378,9.77501
219848613,255.5796,66.3193,8.84156
230090072,247.61423,67.352036,8.21438
219862158,258.47217,66.08366,9.22343
219899295,263.88046,66.16512,9.05334
233202582,265.58185,67.487404,9.3666
230075670,244.2862,67.10577,9.86677
230122533,250.27847,67.16805,9.8049
230122725,250.34459,66.651344,9.81241
219855255,256.79144,66.27913,9.6343
230068041,242.6267,66.08738,9.6628
230072913,243.8929,67.413925,9.8674
230072963,243.61339,67.25053,7.4479
230073184,243.63075,66.37683,6.6763
230073195,243.75967,66.33309,9.6057
230081493,245.83415,66.62286,9.1503
230135658,252.58443,66.90697,9.986
233238124,268.0236,67.90592,9.6602
219876793,260.68726,66.817696,9.639
272759445,237.52365,66.43575,9.7595
230136112,253.04861,66.66393,9.9642
287087113,253.23901,66.18903,8.7084
219876685,260.74442,66.521736,9.2003
230123535,250.68657,67.9807,9.58
230076273,244.63004,67.25768,8.6516
219848145,255.66591,67.85441,8.61417
219855370,257.20294,66.00372,9.98372
219876978,260.7836,67.34837,9.97765
219858745,257.83008,66.15789,9.12033
219865783,258.83957,66.27583,9.5381
272745924,235.67474,67.06658,5.8153
230086305,246.73755,67.97299,7.5424
219865178,258.81033,67.38825,6.04411
219865447,258.78726,66.65769,7.7539
232982467,241.67464,67.49754,9.1879
230116637,249.49898,66.224686,7.68456
219848945,255.8662,66.649635,9.934
237102033,240.8302,67.62878,9.89523
230123200,250.69405,66.83057,9.66917
230123328,250.65721,67.27611,9.64352
230120156,249.9671,67.63404,9.18972
219868955,259.3927,66.94696,9.59267
233210176,266.6636,66.17648,9.63995
219899466,263.6526,66.78345,9.0706
230073103,243.72018,66.713036,9.1899
230113151,248.38367,66.7355,7.48018
230113338,248.61745,66.075584,9.1763
219873098,260.25525,66.45611,7.0021
219873588,260.27603,67.85108,8.9789
230132258,251.99788,67.04373,9.8162
219848819,255.85727,66.16431,9.0591
219861551,258.16025,67.62215,8.03397
219879365,261.14258,67.81024,9.21515
219854909,256.8926,67.49967,9.6482
230092154,248.02269,67.596664,7.4596
230092223,247.87654,67.26597,9.0241
232984624,241.93643,66.40595,9.7567
230113277,248.60262,66.24878,8.0352
311234325,253.68883,67.72576,9.9401
219845279,255.14227,66.744255,9.8266
230078913,245.33536,66.94691,9.4093
230116262,249.1429,66.848564,9.6224
230116331,249.23355,66.630554,8.6718
230084411,246.47397,67.335266,9.8149
219845139,255.13365,67.3042,9.9459
356735759,254.77267,66.96399,9.5495
219845592,255.36223,66.30251,8.7538
237100139,240.42088,66.80281,8.375
230073159,243.65175,66.49357,9.7609
233195148,264.4454,67.416824,8.8271
219845745,255.28198,66.964005,9.9768
219848356,255.79665,67.18056,7.88013
219848545,255.54214,66.52805,7.7849
230076333,244.55284,67.48453,9.51
230076238,244.65544,67.0842,8.9926
230076331,244.79662,67.48319,8.9143
219858777,257.73685,66.25732,7.4677
356699716,254.36981,66.22196,8.9674
230112912,248.41661,67.625694,8.9576
230113289,248.45132,66.216156,8.2423
230113325,248.55484,66.110504,9.0553
219861516,258.1181,67.72842,8.1442
219862259,258.2469,66.39491,8.0918
232982558,241.76395,67.87773,9.98671
230081514,245.98868,66.726036,8.69552
230126341,251.2041,66.779686,9.2185
230083903,246.16751,66.55222,9.41373
230113769,248.92848,67.267494,9.0181
237104709,241.2307,67.41015,9.9908
230073581,244.17812,67.23884,6.9707
232982544,241.58199,67.810135,5.485
272748406,236.34175,66.859085,9.0875
272746346,236.12898,66.84013,9.5942
272746405,235.9537,67.04813,9.9138
272746493,235.92636,67.50179,7.9376
230086751,246.75777,66.19888,9.9764
230129924,251.94264,67.84219,6.67891
230136447,253.02081,67.77422,7.78508
219855548,257.2331,66.62423,8.025
230070765,243.32468,66.614624,7.5934
219845970,255.30075,67.7592,9.91888
356735787,254.87163,66.86024,9.61073
219854858,256.8144,67.63978,9.50474
230073256,243.85739,66.03075,9.99935
230073401,244.0393,66.51102,9.0332
219854987,256.9109,67.26458,9.08036
219852449,256.68747,67.39434,9.91447
219899759,263.78876,67.713905,9.7303
230113263,248.55183,66.30467,8.42844
272750970,236.77881,66.862404,9.7543
230136419,252.89801,67.65459,7.682
232985036,242.38,67.365,8.6135
230086863,247.00793,66.0983,9.42803
219876780,260.91156,66.78501,9.45621
219877043,260.90634,67.54046,9.19654
272785286,238.89638,66.45881,9.9113
272785505,239.02022,67.41846,9.669
230078461,245.07411,66.84264,9.8483
230084337,246.33499,67.072395,6.26914
230123159,250.76288,66.70269,9.0102
230070344,243.10567,67.14418,5.34697
230113340,248.44943,66.055115,8.3257
272785018,238.77182,66.56543,9.4095
219895531,262.9197,66.500175,9.91749
230078734,245.17403,66.17943,9.0647
237100197,240.5386,67.11983,8.0286
230129744,251.76924,67.266815,5.63348
230089480,247.46765,66.795876,9.0878
219865895,258.95395,66.630325,8.26844
272746450,236.11636,67.30435,8.41526
237099545,240.08801,67.62741,6.59908
230073127,243.61037,66.62804,9.61432
230119791,249.94441,66.34251,9.38956
356699778,254.48833,66.392815,9.68712
237100244,240.42068,67.32244,9.99679
230070983,243.58278,67.58745,9.7318
230132406,252.224,66.58471,9.20303
230133081,252.36273,67.596565,7.0167
232984532,241.84895,66.75486,9.5381
272703358,235.31047,66.385864,7.3544
272703010,235.14706,66.23101,9.3113
230068317,242.98602,67.103874,8.7237
230080910,245.5441,67.69178,9.942
230081148,245.57571,66.666214,9.3251
272703499,235.47676,66.77576,8.4702
230113812,248.74976,67.38631,7.2494
237100372,240.4013,67.886,9.5603
230073588,244.18881,67.25624,8.42817
237104846,241.33556,66.78953,9.28501
237102849,241.09395,67.79227,8.7731
230126367,251.33002,66.88789,6.4242
230129363,251.70766,66.04156,7.74276
230081132,245.58997,66.739265,9.67792
272785427,238.99855,67.05169,9.7205
237097549,239.72769,66.055,8.086
237097569,239.9171,66.1438,9.5876
237104826,241.45245,66.856224,9.88757
230125740,250.86249,67.06638,9.923
237102559,241.03885,66.46862,8.70303
230125626,250.95699,67.44556,9.60844
230079079,245.1519,67.66256,9.85338
1102494974,237.71727,68.69636,9.829
1102494975,237.7165,68.69614,9.8905
1884438653,290.89233,69.014694,4.9729
1981254909,301.75882,69.033165,9.8842
1271264753,257.49158,68.2008,9.8221
1271264754,257.49243,68.200806,9.8577
1271279102,257.81912,69.503494,9.9426
1271279099,257.8195,69.50282,9.27937
1401013102,265.326,69.799614,9.8597
1401023908,264.1667,69.57077,5.7603
1401020353,262.4064,69.87712,9.8324
1401020355,262.4069,69.87762,9.7643
1884366102,296.4181,69.13424,9.895
1718180443,284.0619,69.8686,9.8682
1201319406,248.04895,69.67044,9.7525
1718177727,285.59387,69.44187,8.8848
1718177729,285.59448,69.44169,8.9053
1201315528,249.39607,69.32186,8.3572
1718174355,286.90884,69.47471,9.56259
219858002,257.49158,68.2008,9.8221
219859691,257.8195,69.50282,9.27937
219104062,270.73093,69.654045,7.894
219885689,262.4069,69.87762,9.7643
230117425,249.39607,69.32186,8.3572
471012043,290.89233,69.014694,4.9729
233193585,264.1667,69.57077,5.7603
258827115,287.30118,69.19677,8.618
230091651,248.04895,69.67044,9.7525
219849815,255.91063,69.7982,7.438
233200749,265.326,69.799614,9.8597
229787255,284.0619,69.8686,9.8682
229785209,283.72775,69.186356,8.827
416192955,285.59387,69.44187,8.8848
272760188,237.71727,68.69636,9.829
258802949,286.90884,69.47471,9.56259
258351789,296.4181,69.13424,9.895
269696869,301.75882,69.033165,9.8842
356015112,254.29652,68.15417,8.55198
356015058,254.10065,68.02516,8.1008
356015617,254.07973,69.00829,8.735
356015357,254.3094,68.57416,8.72318
356015361,254.25021,68.58986,9.90455
403117972,303.47537,68.802895,9.3627
403117859,303.53366,68.04375,8.6662
403332425,304.0333,68.11841,9.91609
269663425,301.32214,69.21273,7.7808
402659317,302.3862,69.92271,8.8831
269697097,301.72913,69.45246,9.5753
269663406,301.27258,69.25584,9.2893
360019840,300.5436,69.0719,8.6308
402894425,302.73712,68.27222,6.7108
269664133,301.2129,68.0755,9.9971
402898028,303.08395,68.977196,9.39053
269660948,300.98398,69.79816,9.3713
402898106,303.02094,69.35525,9.90433
402894400,302.71326,68.156204,9.26097
403114356,303.27875,68.15,9.4323
269663308,301.2201,69.42682,9.6579
402898205,302.82614,69.85453,7.944
269599662,300.90808,68.38581,9.3183
269599664,301.01138,68.39112,9.8461
269663808,301.3792,68.55893,8.8916
269700065,301.8618,68.519905,8.6428
269700358,301.95187,68.064674,8.294
326258860,299.0294,68.46029,8.9993
360020027,300.48898,69.3749,8.8482
269660295,301.0273,68.64513,9.7021
269699302,301.7775,69.86322,9.4355
269699717,301.97604,69.13082,9.6694
269696525,301.66092,68.431046,8.0911
269696817,301.5131,68.942116,9.8183
269697039,301.51758,69.34543,9.5306
402894417,303.0917,68.2999,8.6447
269697024,301.4852,69.31403,8.7274
269696438,301.6072,68.29106,8.725
269660835,300.95493,69.56427,9.74141
360020323,300.34418,69.89829,9.2782
258462101,299.94022,69.853325,7.0685
402898087,303.17868,69.28873,9.8744
269595425,300.64163,69.86626,9.6994
403118018,303.26767,69.207596,9.84194
360019479,300.2882,68.56217,8.6193
269664122,301.40775,68.08793,9.6075
402894367,303.19577,68.11809,9.281
269660959,301.01807,69.81941,9.7346
269663397,301.21075,69.27303,9.61496
402894602,303.1942,69.09789,9.16
402894611,302.97,69.16855,9.9413
360020309,300.43268,69.88062,7.68574
417701111,299.51337,68.912315,9.613
417700800,299.62766,69.367584,9.9578
360019713,300.37775,68.88603,9.9932
403117893,303.62357,68.15751,9.99387
258460792,300.137,68.04871,9.831
366489249,299.94772,69.27349,9.2286
360020042,300.34625,69.4121,8.8902
366514723,302.33566,68.599556,5.85832
366514544,302.1827,68.348274,9.64412
258461379,300.16162,68.65309,9.7708
269599670,301.07434,68.40337,9.599
258461740,300.14322,69.239784,8.6834
269596341,300.71057,68.327515,8.89746
258462158,300.2517,69.946304,7.97063
403332472,303.7556,68.37653,8.8589
417700529,299.61108,69.85801,9.4698
417701394,299.38803,68.48933,9.5528
366489106,299.68878,69.48774,8.3648
280073317,298.46094,69.1303,9.37795
280073347,298.33334,69.07585,9.71645
366515076,302.23267,69.086075,8.2521
366489163,299.92215,69.40898,7.41299
366489827,299.65466,68.41201,7.48522
402659286,302.60956,69.45227,8.6484
269696791,301.48117,68.87374,9.9674
366485891,299.2746,68.490685,9.3483
269664165,301.22247,68.02716,4.3833
326259216,298.99872,69.0407,8.551
360019461,300.34235,68.541595,8.6676
326259566,298.78104,69.60923,8.7773
269595513,300.8045,69.69456,9.7697
360019299,300.51834,68.30678,9.19715
269660246,301.0642,68.579506,9.64257
326258696,299.04535,68.21106,9.4989
280164239,298.75525,69.570496,9.537
402656020,302.37128,69.09012,8.7829
280163572,298.6041,68.524,9.0198
402655954,302.39322,68.36132,8.9212
402655996,302.5604,68.948,9.4469
280031521,297.3956,69.21183,9.1548
417700948,299.55664,69.140396,8.6771
402656056,302.6267,69.49527,9.1562
402655946,302.56293,68.298454,7.20711
417701675,299.59232,68.0455,9.4516
258460849,299.97607,68.088875,9.846
280069775,298.03192,68.223724,9.73007
269595896,300.85352,69.063354,9.8095
279980795,297.07364,68.0112,8.1512
326258617,298.83957,68.06826,9.2453
366486547,299.0805,69.562256,8.9733
258351335,296.6589,69.94878,9.84472
326258875,298.82126,68.49309,9.131
326259059,298.98358,68.74955,9.7863
264303926,296.2108,68.04412,8.68456
280163828,298.7322,68.91084,9.5633
366514976,302.16156,68.93831,8.7197
360019901,300.39575,69.179085,9.1924
280163863,298.74814,68.95652,9.6634
258461221,300.01657,68.436745,8.0618
258352348,296.44897,68.25321,8.7783
280035155,297.79352,68.240204,7.32002
280069944,298.0507,68.483894,9.8491
264299562,295.83478,69.489075,8.20201
280034330,297.84045,69.58801,9.46794
269663477,301.21002,69.14108,8.56131
280034976,297.7103,68.558876,9.31703
264247516,295.34763,69.10444,9.3879
264248095,295.2558,68.21952,9.9289
264248108,295.28046,68.207275,9.83864
264299607,296.03192,69.40917,9.7263
264299638,295.82556,69.347336,7.7108
280034777,297.73395,68.8732,8.0327
279979689,297.20026,69.80332,8.7147
264391816,296.28802,69.71448,7.8764
264300203,295.97644,68.46874,9.4543
258388218,296.8194,68.209915,9.913
264248199,295.41983,68.06711,9.39749
264304016,296.2188,68.17853,9.9264
264304187,296.27396,68.42952,9.63918
258351350,296.5106,69.91917,7.93515
258388621,296.82672,68.877945,9.4471
258388363,296.6862,68.43801,6.02367
258388400,296.7073,68.50167,9.8086
280034947,297.66617,68.60109,8.2165
264299645,296.07675,69.33706,5.88166
279979604,297.1963,69.950005,9.6431
264299558,295.8337,69.49144,9.63245
264175756,294.79297,68.65257,5.97974
280031398,297.53442,68.97119,9.2962
280031778,297.49246,69.628006,8.7956
264172684,294.49454,69.46232,8.1704
264172025,294.40894,68.26598,9.3479
264172446,294.45715,68.99711,8.5188
259270241,293.4959,69.57792,9.2403
259273378,293.88013,68.53007,9.5695
264221172,294.9986,69.89763,9.5903
264252614,295.66635,69.82761,9.2675
264221104,295.1149,69.76448,9.20744
402659560,294.29547,69.13801,9.8159
402656213,294.14948,68.0286,9.972
259266152,293.20224,68.11066,8.9901
259270364,293.4984,69.74674,9.79642
259171140,292.24722,69.968575,9.5844
259233160,292.81207,68.98403,9.9603
264246989,295.23938,69.93533,6.403
264247679,295.2,68.87812,9.5937
264247768,295.42972,68.72308,8.9591
259266123,293.22095,68.15665,8.1987
259265773,293.38956,68.723564,9.8215
259266070,293.1551,68.25166,9.766
264175503,294.74744,69.09766,9.9386
280070722,298.08844,69.83438,9.89884
259233274,292.67563,68.74688,6.31998
259232956,292.6069,69.37957,9.0335
259233344,292.70224,68.63378,7.4783
259233419,292.8121,68.5392,9.8294
264251680,295.57178,68.342804,9.3891
259272661,293.8507,69.80548,4.0612
259265062,293.2121,69.86085,9.7868
259272586,293.81158,69.92833,9.2089
259270391,293.54547,69.79513,8.10744
264172768,294.53314,69.59617,9.5125
402448308,294.25977,69.734764,8.56344
402656341,294.26227,69.207825,9.93583
259237597,292.97845,69.27208,8.7685
259237827,293.08997,69.66118,3.9417
259273566,293.77557,68.22527,8.7242
259232873,292.7729,69.52698,6.77465
259233577,292.582,68.30689,9.944
259166108,292.0779,69.71842,8.88472
259166465,291.98303,69.053894,9.7623
259166970,292.2183,68.18677,8.5971
259170481,292.3082,68.82083,9.9269
259130392,291.7791,68.8432,9.2362
259130556,291.84885,69.125725,9.8988
259166245,291.97562,69.46872,9.6428
259034577,290.39713,69.060814,7.8701
259004235,289.8837,69.47881,9.4393
356865065,275.766,69.577835,9.78237
259003533,290.02722,68.192245,7.8779
259003827,289.86957,68.730156,9.9927
259170051,292.2606,68.15529,9.3246
259170076,292.40298,68.176926,9.97286
258918587,288.5381,69.97908,9.3141
259102835,291.508,69.94818,9.5176
258918908,288.38858,69.25338,7.3791
259127083,291.36496,68.13171,9.6063
259038228,290.48804,68.815704,9.3945
259040819,290.96008,69.70188,9.6164
259130275,291.91003,68.6538,8.33389
259038109,290.52045,68.578384,8.6797
259038627,290.54877,69.5794,8.5512
258799245,286.72943,69.378334,9.5931
258799833,286.7424,68.1769,8.86637
259097024,290.94757,68.06531,9.54233
259038747,290.65433,69.82511,9.7547
259167018,292.00964,68.106606,9.7521
259166360,292.2242,69.25482,9.5637
259166610,292.18396,68.805595,9.83526
258957379,289.53485,69.4864,8.76762
258957451,289.4312,69.66541,9.5938
258873666,288.29144,68.72413,9.6306
258826863,287.3208,69.70241,9.33822
259170364,292.37094,68.618004,9.7319
259038546,290.46295,69.43941,9.6131
259038818,290.71167,69.95002,9.4779
259000581,289.79697,68.530655,9.71658
259000133,289.71817,69.34312,9.873
356868791,276.0279,69.521164,9.59612
258803127,287.09628,69.77759,9.0412
259004487,290.0814,69.91644,8.5232
259100823,291.09668,69.79649,8.85516
259000216,289.6577,69.14244,9.9767
258873442,288.09186,68.297806,8.9808
259100244,291.16885,68.70891,9.057
259100370,291.24872,68.932274,9.2991
258870043,287.8039,69.41923,8.39625
259100438,291.10815,69.05998,9.5783
258922669,288.65472,69.68279,8.3206
258922110,288.67715,68.501495,9.73517
259126645,291.4794,68.93532,9.09693
258827349,287.30478,68.75303,9.3894
258870732,287.85364,68.127426,8.7345
258873405,288.32986,68.23233,8.26315
258826934,287.40198,69.53359,9.1358
258874025,288.07736,69.44407,9.43466
258919164,288.4436,68.785995,9.7798
258830753,287.48334,69.26383,9.6298
258701001,285.67706,68.71217,8.6389
258701586,285.81665,69.9612,9.8824
258701096,285.9429,68.91774,9.3917
258701287,285.84006,69.32915,9.8108
258700817,285.67908,68.325165,7.04357
258830544,287.72604,68.83691,9.5892
258924573,289.20175,69.80883,9.4942
258953581,288.95395,69.38883,9.42036
229787430,283.8853,69.54063,9.5612
258830417,287.61642,68.58265,9.5624
416192289,285.48706,68.182625,8.7312
416192916,285.53473,69.361244,9.291
416193155,285.3692,69.87029,9.8161
258830964,287.5172,69.67323,9.3446
258799321,286.57242,69.220245,9.1706
258799326,286.84137,69.21559,9.9451
258799453,286.69528,68.92339,9.2053
258799702,286.7197,68.440575,9.0918
258799890,286.67624,68.06928,9.8592
258830281,287.65588,68.283295,8.85912
258873850,288.3076,69.06803,9.4211
258873708,288.20215,68.807076,8.1323
258873870,288.09048,69.09896,9.8603
258953729,289.1068,69.067474,8.5952
258956803,289.30124,68.25678,9.8958
229751007,280.8531,68.11239,7.7614
258775955,286.38885,69.47948,8.82
258869917,288.0213,69.70793,8.7417
258870345,287.9155,68.83535,9.40126
259003676,290.08603,68.446045,9.919
259004297,289.87607,69.57885,9.9606
258870083,287.98825,69.34803,9.4286
258869849,287.79562,69.866776,8.66742
258956843,289.24542,68.335045,8.2453
259003743,290.05298,68.56875,9.6962
258956733,289.25537,68.13228,9.5335
229771158,282.18872,68.31521,9.0526
229759887,281.13403,69.012,9.5312
229781723,283.5096,69.34171,9.1132
229799691,285.0848,68.010025,9.1771
258827116,287.3044,69.19666,8.3346
258827170,287.41287,69.09308,6.7669
229784742,283.7366,68.2864,8.53246
258826816,287.37048,69.78544,9.6399
229793355,284.6938,68.950905,7.1937
229712711,278.77554,68.45025,7.55646
229790589,284.3696,68.56855,8.29652
229768476,282.05588,69.40279,8.4286
229787888,284.13388,68.50661,9.4534
229793060,284.71927,69.53129,6.62178
229768112,282.08203,68.636795,9.81357
229787809,283.9398,68.67628,9.55626
258802502,286.939,68.53195,9.1018
258772131,286.1687,69.43087,9.8956
258772350,286.12204,68.97254,9.9857
229785210,283.73013,69.18656,9.6278
258772290,286.01242,69.090836,9.65853
229779205,283.1431,68.496,9.9115
229785208,283.72726,69.18627,9.67323
229745664,280.14316,68.42011,9.7687
229746027,280.03363,69.254715,9.35195
416192725,285.62354,68.975075,9.4359
258701274,285.76633,69.30474,7.1399
416192888,285.40134,69.31171,8.7696
229751584,280.7931,69.349724,7.4792
229765118,281.5317,69.304146,9.35433
229799387,285.2324,68.71618,8.80539
229790899,284.45016,69.1485,9.5936
416192852,285.37933,69.24584,9.3784
229773519,282.49036,68.08655,9.8975
229763066,281.41483,69.46967,9.6713
229773872,282.6515,68.8026,9.5779
229774285,282.56955,69.759094,9.42371
229748770,280.3663,68.24849,8.6759
229762697,281.21368,68.65952,9.9909
229779160,283.09802,68.405495,8.6818
229751199,280.78458,68.48726,7.3165
229779540,283.08072,69.27926,9.0614
229779769,283.27084,69.821335,7.0389
229779790,283.18683,69.86666,9.831
229763008,281.2664,69.34742,9.9363
229762720,281.45016,68.727745,7.81469
376868268,276.33527,69.954544,8.4025
229765098,281.75082,69.3463,9.9748
229781654,283.54578,69.49313,9.6983
229782056,283.31152,68.66952,8.5217
229776431,282.9377,69.07918,9.769
229790429,284.20523,68.29238,7.0453
229776076,282.7473,69.88264,9.3538
229764977,281.5002,69.6379,9.20674
229765194,281.58542,69.14615,9.9875
229782013,283.29654,68.76606,9.95031
229791097,284.34583,69.59637,8.3881
229771018,282.21725,68.59622,8.6025
229745867,280.2097,68.86182,9.5708
229767878,282.02307,68.15769,8.5853
229767945,281.83246,68.27912,8.7694
229793565,284.47937,68.50568,7.4703
229793080,284.5806,69.48831,8.08
229748339,280.49573,69.17217,9.9113
229792964,284.667,69.72663,9.1217
229767929,281.7864,68.24884,9.79591
229765703,281.62433,68.01861,9.2144
229776298,282.9671,69.35873,9.8708
229748382,280.36115,69.06694,8.8511
229740543,279.68604,68.89928,8.45293
229737703,279.2851,68.97217,9.5999
229740368,279.58823,68.53323,8.8359
229785469,283.66592,69.72697,9.1576
229785551,283.7398,69.929794,8.9922
229748836,280.43204,68.12525,9.9402
219099326,269.92108,68.73038,8.2383
229740498,279.4564,68.81554,9.5883
219097352,269.6079,68.37927,9.2868
406855718,274.7529,69.29963,9.7855
229742951,279.8571,69.050995,9.94056
229770891,282.20032,68.876595,9.1071
229770586,282.36813,69.55642,9.9323
229745848,280.2868,68.80254,9.3187
229737759,279.17117,68.827675,9.6039
376847833,275.40967,68.91489,9.0838
256299194,276.56598,68.3589,8.8536
219092195,269.08157,69.93469,9.1512
229745603,280.13214,68.2798,8.9296
229745621,280.21347,68.31386,9.7802
229760267,281.14038,68.201904,9.6712
229762774,281.42465,68.82383,9.56956
229710546,278.27335,69.99614,9.67888
229706950,278.17685,69.70783,9.64022
229740200,279.50803,68.16984,8.8203
236770582,274.19327,69.47517,8.3946
229712768,278.73853,68.29554,8.5921
236770286,274.24475,68.741455,6.83825
219115037,272.06445,68.41994,7.95291
229743204,279.7087,68.48794,8.9048
236760731,273.06494,68.450165,8.4601
236760736,272.8926,68.45591,9.633
236761202,273.05093,69.71545,8.17123
376867523,276.2406,68.27276,8.5284
229740594,279.67456,69.02875,8.21311
233236139,267.5582,69.16837,8.48171
229748825,280.30936,68.142204,8.4701
229768279,281.8111,68.98571,9.8519
236761089,273.06592,69.36518,8.9216
229779802,283.112,69.89174,9.97136
229787753,283.9957,68.824646,9.9006
229787530,283.94858,69.33396,9.23653
219099398,269.97806,68.94194,9.0815
236767786,273.92618,68.99753,9.47398
219094946,269.26517,68.82213,8.4029
219099564,269.88077,69.322,9.11704
219872203,259.77686,68.23913,9.4003
236758288,272.8135,69.24994,8.61629
236758289,272.81204,69.24885,8.65431
233233994,267.36478,68.407295,9.28304
236758071,272.58496,69.827,8.8863
236772413,274.51477,69.11211,9.2605
236763203,273.3775,68.67222,9.569
219095082,269.37067,69.16367,9.7428
229715043,279.05283,68.35269,9.40025
219103794,270.66336,68.92367,9.5271
229707441,278.1259,68.6142,7.093
219871914,259.9447,69.22786,8.3656
219871915,259.7924,69.22616,8.3774
219088200,268.62924,69.04901,7.4326
219110213,271.57233,68.96932,9.6664
219870248,259.68665,68.94478,8.10769
219090355,268.67444,68.69691,9.88922
233233964,267.2585,68.34183,7.57862
362104184,268.20596,68.224724,9.89228
219101093,270.3302,69.88046,8.73009
219112589,271.7114,68.805305,9.1465
256298645,276.6365,69.71698,8.02573
229709720,278.38745,68.08618,9.5576
229706853,278.11493,69.950096,8.4865
219088125,268.6366,69.28109,9.6258
219117164,272.34967,68.45731,9.609
219117295,272.51175,68.82031,7.1681
219114963,272.207,68.58047,7.60353
229706865,277.95056,69.90999,8.4878
230083417,246.16092,68.50098,9.3912
230083376,246.08298,68.72886,9.3721
219108314,271.13962,69.41302,9.97285
219108160,271.20767,69.013176,8.0792
219117032,272.42468,68.14364,9.6082
219114516,272.00076,69.75947,8.14413
233234082,267.367,68.689026,6.6994
219117614,272.48123,69.6805,7.7686
356869021,275.9232,69.23383,9.8537
219893344,262.44128,69.811905,9.8438
233203045,265.5348,68.891106,8.381
229704731,277.85184,68.348236,9.5633
219853019,256.6439,69.30262,9.783
219844552,255.22952,69.7083,9.3353
219864616,258.66205,69.22373,9.6082
233203143,265.44724,69.23492,9.5153
376847765,275.19714,69.036514,9.0214
233231869,267.13416,69.11068,8.4838
406855519,274.73483,69.79749,8.931
406855933,274.6756,68.784706,9.7414
356864511,275.60434,68.968636,9.9482
376847823,275.40533,68.93437,9.278
219863247,258.32278,69.65083,8.99318
233203368,265.5178,69.99652,9.1456
219853150,256.55878,69.813446,9.3553
219090625,268.79657,69.43275,9.7589
219099523,270.1278,69.230255,9.2901
256299260,276.63345,68.20284,9.73737
341871185,276.74652,69.35098,9.93852
236767893,273.8212,68.75581,5.0437
236765459,273.45258,68.525826,9.9619
236767649,273.8728,69.33,8.9995
236767970,273.72485,68.56525,8.923
236765590,273.60278,68.849174,9.9302
219096858,269.6024,69.5743,9.2553
236767930,274.0165,68.64858,9.4648
219090212,268.92218,68.27122,9.4495
233238668,267.8856,69.47306,9.44059
219099369,269.8713,68.8441,8.66493
219854374,256.83765,69.41555,8.6408
219106154,270.90955,68.05409,9.4516
219898102,263.40155,69.79384,9.26657
362104550,268.1005,69.14973,9.30827
233200932,265.26862,69.22081,8.7445
233200748,265.32358,69.79987,9.86893
219112487,271.87827,68.5621,9.3189
219852868,256.63263,68.81109,9.7308
219875748,260.51617,68.36736,9.9587
219092424,269.1068,69.305534,9.366
311235634,253.7764,68.40535,9.9327
233193577,263.89087,69.591515,9.0305
219103487,270.4742,68.12616,9.4322
219851336,256.31665,68.092384,9.10612
233234460,267.35458,69.70088,9.46487
219092312,269.04184,69.614265,9.67236
236770234,274.0886,68.614746,9.95289
219894604,262.8245,69.59998,6.42766
233236111,267.74307,69.24115,8.5958
233209140,266.29593,68.5669,8.9908
233211009,266.68185,68.5616,7.7418
233211282,266.57385,69.329834,9.8002
219101364,270.18762,69.17297,9.4166
233211421,266.80063,69.7478,8.27027
219094612,269.3715,68.02087,8.159
219094619,269.48154,68.03989,8.9306
219101592,270.25204,68.58544,6.6943
236767465,274.01575,69.77443,9.3422
219101602,270.1505,68.55668,8.944
233197209,264.72693,69.1944,8.41917
219877230,260.90564,68.269,9.3272
362104675,268.3409,69.46632,9.7941
219117243,272.42474,68.67249,9.4466
219896856,263.24478,69.652374,9.7526
219103569,270.70734,68.320465,9.37979
356823296,275.04428,69.024284,9.77509
219866469,259.0483,68.4471,8.3015
219088279,268.6199,68.81679,8.7361
219884264,262.10342,68.81529,7.769
356734943,254.66728,69.63488,7.0567
219884179,262.0504,68.49928,8.48384
356735373,254.6909,68.23904,9.83247
219115017,272.06506,68.47808,9.9505
233199292,265.07047,69.15028,6.5541
233197156,264.68246,69.37125,9.1453
219898224,263.38098,69.32282,9.3153
272781780,238.12863,69.47892,8.7416
272781885,237.99806,68.999016,9.6455
272781892,238.22736,68.99455,7.3215
230121918,250.4392,69.31906,8.4712
230110932,248.18599,68.03724,7.93771
230135105,252.65953,68.90711,9.3915
219859653,257.72223,69.39501,9.7057
233207019,266.01782,68.52055,9.3998
219872017,259.74356,68.87794,7.4638
233207198,265.98227,69.074005,7.327
237104347,241.36514,69.00556,9.91777
272781944,238.1813,68.76501,9.08484
233207052,266.02048,68.63594,9.5641
219104063,270.72794,69.65451,8.88029
219859796,257.6431,69.83317,9.81673
219880891,261.4,68.98207,9.90252
356735065,254.76073,69.18625,5.7873
219856324,257.2125,69.41669,9.2128
236770668,274.16965,69.70963,7.93827
356735215,254.82405,68.678894,7.2052
230091821,248.00049,68.98355,9.8589
236763219,273.39856,68.63896,8.5629
230115455,249.16252,69.79307,7.6222
233193490,264.1007,69.93839,9.4534
233193533,263.95203,69.80311,9.2339
230136597,253.09723,68.40306,8.4216
230075248,244.22029,68.79369,8.3608
230120584,250.10121,69.21537,8.4668
219844873,255.09727,68.46533,8.822
219862810,258.51596,68.09706,9.3068
219900301,263.83673,69.633705,7.5383
362104422,268.08527,68.79131,9.4052
219879010,261.1089,68.96378,9.9755
219854413,256.95444,69.2999,9.9097
272750635,236.81471,68.25978,8.4504
272757683,237.31071,68.99668,7.5417
230122279,250.24272,68.046646,9.5696
233238762,268.0107,69.82962,9.7925
219092741,269.13382,68.46383,9.9896
356700577,254.56223,68.97802,8.02513
230134995,252.55968,69.34069,9.82701
356700741,254.59814,69.583336,9.2884
219880693,261.45132,68.372215,8.80957
219880902,261.34592,69.02478,9.34647
272749103,236.63377,68.15214,9.6489
272750454,237.0068,69.10308,9.73218
230122282,250.3168,68.03495,9.91812
230111120,248.20561,68.79702,9.9553
219861041,258.12457,69.30441,7.8
272750415,236.93819,69.29764,9.9543
230111173,248.36406,68.98166,9.09384
219846307,255.4592,69.01699,9.39711
233203113,265.61017,69.13331,8.03025
237096828,239.69197,69.61328,9.4129
237096968,239.52158,68.81301,9.5905
230088835,247.48688,69.51415,9.6386
311234107,253.53587,68.46753,7.5685
219090281,268.82172,68.50234,8.01292
219844573,255.18874,69.65593,8.98152
230133406,252.4145,68.736015,9.7972
230133460,252.32513,68.92366,8.43434
219869988,259.5185,68.12655,8.99579
219090713,268.80115,69.675575,9.80476
219873780,260.12753,68.45356,8.3317
219873972,260.18216,69.108154,9.6709
219899885,263.6189,68.11941,7.07507
219900218,263.87683,69.297066,6.35091
237098239,239.97021,69.22525,7.5372
230071184,243.47134,68.40108,9.9838
230112797,248.47899,68.01299,5.8954
230128292,251.50276,69.709015,8.0234
219852937,256.6046,69.01985,9.908
219846476,255.42862,69.74611,9.1172
219857833,257.5709,68.79116,7.9861
219090547,268.7147,69.22197,7.28162
230067542,242.43315,68.195,9.9011
233195724,264.37656,69.36381,9.155
219895046,262.99112,68.135025,4.1917
230129966,251.82129,68.013054,8.6938
356015180,254.23322,68.26272,8.2834
356015528,254.1858,68.8877,9.1857
219879004,261.1615,68.98168,7.62101
233204727,265.6927,69.417076,8.8194
233195331,264.25113,68.05935,7.5395
230082155,245.98297,69.562325,8.53673
219868206,259.39728,69.32598,9.2035
230088975,247.3479,68.931175,8.6492
230081904,245.93634,68.4047,8.85224
230131545,251.99046,69.66226,9.33516
230131723,251.9897,69.04251,9.37277
219846158,255.30382,68.48042,9.4428
311233743,253.57317,69.703575,8.38403
237101581,240.69954,69.90553,8.4207
230128376,251.59795,69.33025,7.61317
233211162,266.798,68.96733,9.87
219090696,268.79987,69.615555,6.04826
219882723,261.58716,68.21371,7.8758
272760110,237.70905,68.33063,9.8326
272760235,237.66118,68.93068,8.7577
230086252,246.82523,68.21533,7.7401
230087636,247.10974,69.24877,9.921
230087410,246.96437,68.32895,8.5239
230087706,247.12242,69.534676,9.6204
287085999,253.1482,69.93643,8.3502
219882262,261.71167,69.90866,9.9411
232984072,242.01817,68.69426,9.751
230112515,248.58821,69.09301,9.2551
232982793,241.68567,68.93956,7.9918
230112519,248.45325,69.061554,8.7579
219851287,256.19855,68.27352,9.2747
272783433,238.48161,69.86473,9.7635
272784360,238.65158,69.539276,9.4254
311234103,253.49417,68.48249,9.8771
219893380,262.58286,69.923874,9.5369
272785718,238.92563,68.39333,9.9859
272760210,237.80424,68.81196,9.8418
230086096,246.79214,68.912415,9.34897
272748141,236.33331,68.16217,8.2914
230117419,249.46109,69.30566,9.9433
237100820,240.36389,69.96143,9.7257
233204703,265.79297,69.49158,9.7151
233235970,267.4802,69.63817,9.99622
230123572,250.66074,68.102165,6.8491
230076756,244.54552,69.276825,9.87934
230120592,250.16827,69.23216,9.1348
356015383,254.05743,68.6186,9.2615
356700744,254.58658,69.60173,9.2546
219856298,257.29498,69.338715,9.89886
230115444,249.24698,69.821655,7.7054
230117380,249.499,69.162605,7.3443
230084656,246.3402,68.461716,9.9904
230084593,246.37764,68.117386,8.6613
230084858,246.49681,69.374245,9.94847
230084731,246.32016,68.78653,9.6497
230118997,249.80864,68.32104,7.78287
230128308,251.44742,69.63747,7.9506
272786845,239.32674,69.63901,8.6256
272749171,236.66367,68.499825,8.90474
230128386,251.38986,69.29118,8.88902
219090581,268.75168,69.30667,9.54025
230069843,243.03712,69.45063,9.00918
230070108,243.0918,68.18622,9.4785
272760418,237.93037,69.68301,9.6678
230087756,247.06485,69.746956,8.085
237096988,239.51244,68.743324,9.1254
230125296,250.98608,68.6939,9.6153
219846425,255.27034,69.488625,9.16005
219853206,256.7196,69.99653,9.50675
219857804,257.5121,68.88375,9.96982
230067355,242.41707,69.09156,9.3149
219864555,258.69205,69.454445,9.65087
219856413,257.20673,69.70037,9.472
219852964,256.6355,69.11013,8.92853
230118807,249.80818,69.05066,8.2052
233195689,264.40585,69.24204,8.55894
219894920,262.90024,68.53865,7.51146
237103309,240.94434,69.86976,9.6544
230076586,244.54071,68.55454,5.25887
219847805,255.70158,69.0409,9.975
219848032,255.81575,68.16999,9.5156
219868416,259.1413,68.599464,9.5211
237099452,240.14665,68.06231,7.4566
219859507,257.84735,68.843124,7.7684
219862987,258.29654,68.665245,9.8517
232983846,242.0726,69.77295,9.2654
230089035,247.38751,68.68499,7.73949
356700488,254.45549,68.69967,8.20773
230067474,242.48401,68.506935,8.929
230112536,248.60838,69.01256,9.50447
230079399,245.35594,68.97929,9.563
230129975,251.66777,68.04607,9.91076
237098343,239.8737,69.743614,8.4769
272783172,238.40233,68.720116,6.2659
237096809,239.61464,69.71925,8.70454
311234001,253.55157,68.831795,8.82577
230136637,252.87659,68.5371,9.604
237104454,241.40317,68.49687,7.3366
230079405,245.36555,69.005196,7.4746
230131532,252.22932,69.70612,9.8814
230133707,252.438,69.96124,9.5119
219856241,257.25882,69.10422,7.9524
272781760,238.17032,69.55705,8.7285
219847692,255.67834,69.459236,8.88517
219846064,255.25418,68.08527,9.9678
230118661,249.67226,69.66153,8.7567
230118803,249.64316,69.05152,9.89007
219856327,257.2161,69.41956,9.3408
272781956,238.2403,68.72499,9.4029
232982859,241.53609,69.24233,9.9406
219859461,257.6517,68.68139,9.29051
272784377,238.59036,69.46092,6.9528
272784420,238.83234,69.2481,9.161
230069964,243.18175,68.88168,7.5953
230074068,244.16898,69.32922,9.7601
219859634,257.91144,69.335304,8.2733
272757703,237.32843,69.09946,7.5042
272757802,237.28104,69.578865,7.8484
272758733,237.3911,69.82191,9.2347
230126971,251.36021,69.12415,8.1943
230087513,246.9959,68.76814,4.97993
272750432,237.0227,69.21486,9.8013
237101779,240.70734,68.88382,9.7723
230130201,251.88066,68.85071,8.371
272785764,239.0066,68.629,9.3308
237098233,239.88313,69.21158,7.8801
230077895,245.0578,69.30436,9.5558
237104391,241.49367,68.77101,9.5438
230080609,245.45297,69.10939,4.3381
230130277,251.84473,69.09885,7.45115
230128667,251.4216,68.258575,8.40838
230091697,248.0328,69.47975,8.91939
230075227,244.377,68.894516,9.7807
237104188,241.5007,69.77991,9.55472
230085909,246.77464,69.689445,9.2218
237098051,239.86398,68.34835,9.776
230077742,245.09303,69.949104,9.4196
237098089,239.86041,68.596855,9.8339
237098204,239.97249,69.08275,9.61288
230114337,248.73276,69.28766,9.7475
237101851,240.78352,68.52654,9.062
232982931,241.76024,69.60592,9.9726
1981304755,300.22586,70.969246,9.9064
1271309997,256.5097,71.04374,9.9241
1271309998,256.51077,71.04396,9.8081
1981303681,300.39392,70.45449,9.405
1981303680,300.3916,70.4545,8.20351
1401014375,269.0595,70.103935,9.78554
1401045351,264.05566,71.87836,7.4907
1201301825,241.20413,70.26176,6.745
1551704636,276.56284,71.314,9.51612
1201330483,246.84492,71.693275,9.9419
237103396,241.20413,70.26176,6.745
219853484,256.51077,71.04396,9.8081
219092145,269.0595,70.103935,9.78554
230085453,246.84492,71.693275,9.9419
219844479,255.1511,70.02794,7.658
259171646,292.4378,70.92898,9.338
258462718,300.22586,70.969246,9.9064
233192934,264.05566,71.87836,7.4907
256298154,276.56284,71.314,9.51612
233203884,265.45627,71.66402,9.074
356822358,275.1891,71.337776,4.145
360020620,300.3916,70.4545,8.20351
230133987,252.26413,70.98445,9.477
230134574,252.80972,70.71928,9.888
269662152,301.37753,71.65657,9.71128
366516184,302.28085,70.75369,7.17915
269697721,301.61533,70.65978,7.6848
269661728,301.12796,71.40553,9.3809
269661339,300.9183,70.58825,9.9586
269661889,301.14816,71.71173,9.389
280071809,298.3792,71.90251,9.4011
280072704,298.19617,70.14474,9.58328
280072356,298.3552,70.761116,9.83429
269697444,301.53726,70.12137,9.3189
269661731,301.15683,71.408005,8.45046
269594858,300.6637,71.06942,9.76623
402659354,302.64047,70.23645,9.7789
258463211,300.0837,71.90017,6.4723
366487679,299.14764,71.7916,9.0422
258462665,300.16547,70.85667,9.9667
280033093,297.6577,71.84324,9.6719
280033313,297.62637,71.410835,9.3258
258462725,299.98215,70.991196,9.5297
366488318,299.65567,70.84459,9.0822
366486850,299.08524,70.091446,9.1273
366488066,299.70413,71.34621,9.24626
366488609,299.7763,70.37216,7.21429
417699430,299.46637,71.91232,7.132
417699482,299.5927,71.82058,9.3631
417699915,299.43658,70.9605,9.2979
280033512,297.6027,71.01996,9.9533
280033918,297.6168,70.305275,9.45844
417699452,299.42215,71.866806,9.0434
280032783,297.41675,71.4438,8.43737
280164659,298.49225,70.2322,9.76932
280032518,297.28342,70.94012,9.4014
1884384242,297.04398,70.26877,6.644
366488469,299.7066,70.61504,9.5386
366488633,299.95135,70.33603,9.65198
279979020,297.0876,71.02856,9.8396
264298778,295.8018,70.74841,7.9499
280071089,297.984,70.48722,9.71287
280033121,297.81155,71.76436,9.39309
280164635,298.59622,70.200775,9.4848
280164639,298.51364,70.20548,8.8166
280070930,298.16663,70.20412,9.9794
280033832,297.86102,70.43852,8.7313
258390169,296.86072,71.63739,7.9489
258390228,296.68784,71.73394,9.42155
264298656,295.98425,70.94484,8.8394
264392340,296.1021,70.55955,9.8556
258389975,296.94278,71.25175,9.0093
258389994,296.95636,71.28147,8.9838
264298576,295.96704,71.084015,9.7928
264392781,296.32278,71.30559,8.92024
264297913,295.51074,71.55187,9.8214
264392616,296.20102,71.02028,9.0648
264298221,295.7893,71.71635,8.3517
264253478,295.63962,71.24689,9.60614
264173194,294.33926,70.408554,9.5576
258462909,300.2466,71.34241,9.77318
402656160,302.36865,70.67905,9.11874
264222025,294.93204,71.47731,9.8812
279979169,297.24707,70.71935,9.779
264221561,294.98758,70.53843,9.0651
264173943,294.36484,71.87919,9.4566
264298345,295.82455,71.46438,9.4433
258389649,296.86346,70.658455,9.4235
264173386,294.3088,70.741455,9.1632
264173786,294.47336,71.542854,8.4421
264253450,295.6992,71.17485,9.6952
264222219,294.88696,71.87199,9.21523
279979429,297.04312,70.26793,3.0794
264253320,295.5522,70.94975,8.58453
264253283,295.55875,70.87584,9.32831
417700238,299.67438,70.36695,5.53518
417699758,299.59552,71.28013,9.83999
264221329,295.0426,70.159386,8.1502
264221449,294.94083,70.338165,8.00698
264221839,294.94302,71.07525,9.9741
264246813,295.27115,70.2212,7.4898
264221273,295.05582,70.067566,9.9727
259271401,293.60406,71.60536,6.2847
259270687,293.57324,70.259705,7.6831
264222470,295.26468,71.53741,8.76814
264221259,294.9432,70.04397,9.624
259232044,292.59695,70.95148,7.05718
259172309,292.7787,71.68154,7.467
264221409,295.13086,70.28643,9.816
259172437,292.6624,71.423355,9.9211
259172395,292.66345,71.49116,9.40229
259270746,293.69495,70.36751,8.4146
264174056,294.60815,71.76884,9.6121
264174119,294.67587,71.627106,9.826
259271445,293.7029,71.69578,7.7039
259271508,293.7046,71.82798,8.4503
259264943,293.28244,70.11175,8.9653
259171655,292.42798,70.94633,9.25618
259238328,292.83585,70.58194,7.2853
259271080,293.61243,70.95165,9.92215
259102011,291.63077,71.525955,9.4961
259238764,293.07675,71.34016,7.96367
259232227,292.6058,70.61306,9.3337
259264244,293.28043,71.39844,9.84237
259238776,292.8849,71.35764,7.8924
402442760,294.04172,70.34534,9.217
402442869,294.26816,71.57069,9.3461
259238257,293.07205,70.440956,8.77194
259238802,293.11746,71.41554,9.94529
259271788,293.8622,71.482544,9.9257
402448378,294.05463,70.28476,8.3476
259271896,293.8597,71.2991,9.3621
402442878,294.29166,71.73259,8.2506
259172325,292.6961,71.62965,9.9932
259232022,292.75113,70.98934,4.72837
259131357,291.72882,70.560814,9.9096
259132416,292.0621,71.02857,8.8556
259132248,291.97235,71.365234,9.49606
402448457,294.21936,71.24112,9.38071
259102467,291.34113,70.5686,8.8393
259171424,292.29935,70.48709,8.2244
259171455,292.3053,70.56566,9.7904
259006071,290.18332,70.49635,9.4159
259102190,291.39536,71.13358,6.7516
259102649,291.5427,70.24401,9.2532
259171458,292.42957,70.56934,8.2082
259102772,291.3602,70.05651,8.99343
259171746,292.47028,71.14655,9.911
259040335,290.93253,70.7168,9.36763
259131427,291.74686,70.679535,9.4077
259131687,291.89722,71.224396,8.9465
259039140,290.50644,70.61372,8.2038
259005770,290.3526,71.12954,9.7539
259132288,292.08075,71.30012,9.24085
259101098,291.1641,70.29249,9.0076
258875740,288.38864,70.47957,8.3541
259005980,290.34058,70.69103,8.83303
259132389,291.99173,71.08894,9.4948
258874679,288.18484,70.788055,9.8457
259006185,290.3414,70.20811,9.11642
258875115,288.06866,71.902824,9.50515
259040526,290.94675,70.348,8.6451
258803329,287.0631,70.14525,8.298
258803373,286.98358,70.25303,9.4291
259131299,291.85696,70.463486,9.5792
259131410,291.9035,70.6586,8.5495
259131543,291.90698,70.913376,9.7282
259039005,290.5517,70.349945,9.6489
259005842,290.2758,70.97104,8.2051
259006009,290.2908,70.63128,9.6825
258924171,288.97168,70.67382,9.6522
258831213,287.50275,70.24725,9.66981
235686832,288.27383,71.90038,9.9973
258831452,287.5275,70.78782,9.34415
258831360,287.7103,70.606995,9.8193
258776462,286.25775,70.62721,9.2696
258776463,286.5475,70.62804,9.2292
258832339,287.99594,70.94208,9.7152
356867570,275.98914,71.06399,8.4209
259004992,289.97202,70.9732,9.5532
258924414,289.20468,70.126686,9.208
258958043,289.47638,70.907,6.4201
258701859,285.9385,70.60413,8.8949
1718190892,287.89536,70.72797,7.562
259101031,291.25653,70.16997,9.8945
258776859,286.31152,71.56795,7.6202
258771835,286.08224,70.04362,8.759
258958794,289.7665,71.237305,8.9779
258923144,288.8887,70.73617,9.9915
229797284,285.04883,70.37524,9.3076
258776211,286.50143,70.04544,9.9195
258957824,289.4599,70.4036,9.0655
229797691,285.05273,71.34949,9.50876
229797764,285.04144,71.51085,8.5684
229752721,281.0561,71.61242,9.54261
229758994,281.0752,71.24239,9.2396
229758920,281.17865,71.397514,9.692
229746885,280.07465,71.25709,9.65662
376883910,284.3387,71.998535,6.9526
229769864,282.089,71.2468,9.668
229797828,285.0262,71.67033,9.13012
229798543,285.257,70.46375,9.2864
258702438,286.1108,71.85199,9.7876
258771842,286.1416,70.031715,9.2312
229752395,280.6716,71.46165,8.72214
229759050,280.92847,71.09575,7.7821
229798588,285.1963,70.362816,8.4344
258826599,287.21124,70.25899,9.6185
229787120,283.92596,70.15107,9.9349
229786214,283.70367,71.4981,8.8326
229786139,283.5994,71.29718,3.84878
258803516,287.0328,70.55638,9.62697
229747453,280.55753,71.179985,9.3278
229752214,280.67847,70.96003,9.5007
229769064,282.02957,70.66873,8.4789
229742192,279.84396,70.74587,9.165
258777137,286.7474,71.7123,9.9478
229746676,280.00977,70.72885,9.01964
229764431,281.75192,70.97314,7.7676
229736577,279.148,71.76334,8.421
229752137,280.79312,70.79285,5.1979
229747669,280.34576,70.71619,8.1894
229792801,284.67365,70.076164,9.9569
229792127,284.66647,71.73799,9.58861
229711757,278.6843,70.712494,8.9165
229775527,282.8588,71.11963,8.7377
229711763,278.79285,70.6993,9.0415
229780988,283.34506,71.07935,9.4913
229780215,283.10208,70.87966,8.6127
229736883,279.186,70.986084,9.6191
229775183,282.5919,71.961006,8.1282
356868204,275.82977,70.225784,9.8162
229737215,279.17148,70.127884,8.8615
229775434,282.9539,71.34507,8.218
229791981,284.28232,71.75006,9.1451
229752485,280.86172,71.64564,9.8401
229769315,281.86224,71.31578,8.9926
229706335,277.9355,71.33935,9.223
229706224,278.06143,71.62087,9.4931
219113860,272.20578,71.57625,6.1684
229780562,283.25378,71.78723,6.82298
229711056,278.23767,71.33748,9.0571
229711610,278.53333,71.04927,9.1444
236761335,273.08282,70.08689,9.58
229701728,277.48822,70.68571,9.8801
229705617,277.85504,70.61832,9.609
229763584,281.2481,70.67054,8.5212
229746640,280.18008,70.64712,8.783
236761447,272.87244,70.3809,9.7304
219091756,269.09265,71.201225,9.5159
229747353,280.52267,71.43355,8.96997
229747270,280.58932,71.653076,8.07538
356865826,275.5293,70.5662,7.62
229774840,282.6328,71.0157,9.9863
229775363,282.9047,71.4938,9.4921
356866686,275.53915,71.69731,9.1692
233235802,267.54956,70.14262,7.538
219095821,269.51022,71.15571,9.9235
229710646,278.48245,70.27272,8.7776
406855039,274.87054,71.24854,9.54581
229710567,278.46036,70.042404,9.92264
229710568,278.4543,70.04448,9.81806
229764515,281.67966,70.76416,9.74213
229752045,280.68918,70.56867,7.817
376868993,276.14816,71.891624,8.698
229700995,277.1383,71.086105,8.5196
233204382,265.96664,70.52792,9.9918
219871448,259.9021,70.88767,8.142
356822872,275.11844,70.06479,8.3884
341870178,276.8109,71.87456,8.5695
236766076,273.69568,70.09286,9.51365
236766358,273.56018,70.83445,6.92274
229700601,277.0842,70.01187,9.65198
219114179,272.1442,70.68417,9.6652
229752007,280.86844,70.47182,9.9209
219114035,272.0324,71.07718,8.98698
219114041,272.0669,71.05766,9.2762
236757526,272.5707,71.42629,9.89842
236757919,272.70828,70.26944,9.95306
229593446,272.87274,71.975746,9.70036
376868299,276.13678,70.02728,8.39556
219893557,262.68866,70.530205,7.6962
233199852,264.8602,70.98447,8.95408
219893560,262.54202,70.53292,9.57729
233235620,267.60464,70.760124,8.7881
406855347,274.81113,70.340355,9.335
406855226,274.6577,70.70544,9.2904
406855227,274.63287,70.70469,9.4607
256298427,276.45322,70.42211,8.12594
256298193,276.6968,71.15206,9.9158
256298261,276.67352,70.95851,9.9009
229736120,278.9965,70.91701,8.9332
219100626,270.31674,71.21306,9.59936
229741273,279.56085,70.658455,9.5632
229700780,277.29926,70.45388,9.73978
229711489,278.51932,71.37334,9.8491
233193277,264.09366,70.61057,9.1661
219095693,269.2696,70.79459,9.3119
233203584,265.5323,70.693214,7.36523
441808507,266.41534,71.99248,7.1625
233204539,265.89307,70.07136,9.1304
219096502,269.57498,70.581154,9.3627
376846937,275.2533,71.14168,9.4456
229711942,278.55527,70.252525,8.96005
219104716,270.51907,71.64051,9.2496
219897017,263.15543,70.16731,9.19592
219105073,271.03586,71.13084,9.02526
356867829,275.93362,70.72427,8.5002
219885572,262.1175,70.33093,9.0683
219100996,270.21048,70.11239,8.3741
219092150,269.20428,70.0813,8.61811
219118251,272.45358,71.51919,9.7343
219118242,272.397,71.498795,9.8951
219893630,262.5887,70.79172,8.3734
219893761,262.4226,71.27033,8.51927
229700707,277.27145,70.2917,9.73496
219108986,271.1619,71.337906,9.2824
229715869,279.01514,70.46707,6.9782
376869008,276.29816,71.942345,8.5703
229711339,278.6681,71.79431,9.6276
229736294,278.80792,71.32934,9.7658
229715842,279.0014,70.39761,9.8229
219874339,260.1388,70.41278,9.9441
229736353,279.0383,71.47128,9.694
236772110,274.4668,70.011314,7.3695
236771221,274.30344,71.28643,9.6955
219894314,262.71307,70.643555,8.3572
256298179,276.53638,71.205345,9.8151
341870373,276.7356,71.30924,9.7685
233193358,263.93686,70.32243,8.9106
233238892,267.86545,70.245964,8.511
219871477,259.73956,70.78784,7.10573
219874419,260.02164,70.68585,9.942
219850267,256.08884,71.76498,8.1316
219091132,268.69827,70.85579,8.3704
236757700,272.76492,70.95714,9.406
236757701,272.54477,70.951645,8.9327
219109297,271.57687,71.65594,9.74918
219113617,271.78983,71.516975,9.3032
219100341,269.90356,71.63422,6.21235
219091485,268.76437,71.95858,9.9947
219113244,271.7305,70.46328,7.9304
219113358,271.88498,70.78618,9.0433
229736328,278.94186,71.41348,6.6018
219878176,260.81464,71.86993,4.1205
406854936,274.78433,71.51785,6.2568
219882087,261.7945,70.57321,9.59466
219897710,263.30872,71.1807,9.43611
233200562,265.09882,70.35152,9.3352
236767083,273.92532,70.89202,9.3575
233196602,264.64206,71.33231,8.0486
229700648,277.02795,70.13964,9.0476
341870192,276.83023,71.83183,9.508
229705728,277.8846,70.88983,9.8231
236766707,273.60342,71.94379,9.71088
219096670,269.72586,70.11846,9.0434
219898046,263.32343,70.016754,9.34443
219885186,262.39108,71.667465,9.9386
256298033,276.6361,71.720505,9.2657
229741570,279.62027,71.369316,9.4616
229747807,280.43384,70.3936,8.8287
256298025,276.47614,71.73177,6.92131
219100157,269.96786,71.0888,9.85853
219092124,269.18265,70.14239,9.84697
376847337,275.4397,70.093376,9.50441
229701714,277.53857,70.73644,9.3091
233200318,265.09998,71.23208,9.90446
219867444,259.05496,71.79235,5.89616
219867344,258.95807,71.50737,9.8529
236757389,272.80896,71.854095,9.8841
356820202,269.01984,71.90698,9.9151
229715799,278.9686,70.25293,9.4991
229736206,279.07028,71.13566,9.37939
376847347,275.20496,70.073204,7.299
229736918,279.16953,70.88327,7.3381
219897417,263.06488,71.585846,6.3847
230083032,246.05515,70.27384,9.3937
219108579,271.1802,70.16412,9.9132
219118181,272.27713,71.26489,9.6701
219114282,271.97202,70.35426,9.9569
233200532,265.36234,70.4644,9.0117
230083084,246.13196,70.06204,9.7599
233200244,265.33752,71.51106,8.8134
219897487,263.2503,71.88004,9.76
219900423,263.74768,70.1356,9.70417
219087818,268.36566,70.14297,9.5908
219096061,269.52304,71.98554,9.7391
219867289,258.94073,71.283775,9.8954
311236552,253.79314,71.603096,9.0666
219856990,257.39868,71.9817,8.8772
219877752,260.86847,70.241486,8.7431
219091367,268.66034,71.53873,9.9043
236762385,273.22794,70.86878,9.5992
236762595,273.37894,70.2335,9.4718
219857012,257.32852,71.8764,8.2865
230091380,247.92851,70.93329,7.82732
219856738,257.13773,71.00778,9.55523
219867845,259.1812,70.630684,8.53784
236770905,274.10403,70.383965,8.94312
236770828,274.19843,70.189926,9.6258
230091377,247.90335,70.94074,9.74405
219856737,257.11932,71.00658,9.9928
219856821,257.1076,71.314224,9.60413
233196730,264.55847,70.861404,9.99905
233234922,267.2416,71.01613,9.97462
219894140,262.86526,71.24794,6.9815
356822205,275.04013,71.71926,9.7014
219871151,259.76978,71.96948,9.7218
376868467,276.27173,70.46409,9.0325
233212092,266.5996,71.857765,9.86338
219099807,270.0556,70.0617,9.51802
256298086,276.52264,71.53092,9.57425
219850271,256.02173,71.79638,8.7183
219893514,262.70193,70.37909,9.7257
230131386,252.21277,70.21284,9.267
230131418,252.0104,70.11371,8.2755
233204484,265.78763,70.221924,9.99241
219884905,261.9761,71.205055,9.7997
230077073,244.55136,70.75213,7.8936
219874675,260.13745,71.53079,9.4748
272786721,239.32698,70.28548,7.2716
237101371,240.79037,71.00226,9.7147
230124239,250.56491,70.81271,8.5393
230128139,251.39285,70.260284,6.9777
219104971,270.97437,71.40004,8.102
219105306,271.00995,70.43523,9.0273
356820218,269.3295,71.93104,9.1936
230115351,249.16422,70.25641,8.3845
230134682,252.72662,70.342064,9.2574
230134745,252.80077,70.17195,9.6618
441812334,266.98947,71.97333,9.6282
219878403,261.025,71.13227,9.8485
230124102,250.51749,70.180916,9.3811
219878228,260.9961,71.8135,9.3862
233208377,266.38663,70.95617,9.4888
237101123,240.57191,71.55796,9.4445
362105060,268.30637,70.46771,8.504
219087280,268.47156,71.82998,9.0423
219878286,260.9843,71.55353,9.9027
230072173,243.68423,70.836815,7.3246
230117717,249.47903,70.43955,7.3
219867714,259.37973,71.19523,9.9996
237101175,240.51126,71.80576,9.8877
233207646,266.24738,70.44844,8.4726
229672074,252.00125,71.968185,8.1226
1401039775,261.9754,71.20497,9.8175
230137150,252.99268,70.559944,9.4898
230118493,249.58882,70.33845,8.63335
230118567,249.63072,70.0552,9.4792
230120843,250.08887,70.23757,7.64072
219860549,258.14404,71.12889,8.80821
219867604,259.15662,71.6017,8.71621
219867818,259.30356,70.71081,9.1922
219104270,270.4587,70.23803,8.2334
230111644,248.3421,71.10403,9.00109
219900592,263.73096,70.82932,9.1206
219900408,263.86377,70.08743,7.8678
233199626,264.90475,70.18657,8.1205
233199758,264.8767,70.637474,7.399
230118533,249.63187,70.18617,6.8558
219878119,260.7836,71.64632,9.14651
219878393,261.14197,71.173355,9.40057
230072004,243.68173,71.526024,9.5418
230082874,246.17725,71.12051,9.6541
311236539,253.98721,71.544556,8.3852
311236293,253.75479,70.64256,9.9746
219860013,257.77243,70.7645,9.3034
219850445,256.37708,71.45192,9.7572
230069238,242.85493,71.56523,9.9415
237103733,240.95772,71.96662,6.8338
230117737,249.39899,70.507126,9.1042
230111524,248.28079,70.61688,7.3182
219881618,261.3172,71.57475,8.155
230128064,251.44853,70.52184,7.8129
233199670,264.81586,70.335144,8.61074
230112279,248.63884,70.07044,8.8017
237096640,239.68135,70.68086,9.9059
230069422,243.2928,71.50927,8.4444
230128060,251.55106,70.54824,8.4457
230082331,245.80147,70.28537,9.9841
230088532,247.3503,70.84568,8.25743
230088535,247.39343,70.82962,7.5243
237096670,239.50159,70.546745,8.5826
237103961,241.22058,70.90875,9.5861
272783726,238.4364,71.28751,7.7761
272784126,238.77701,70.66258,9.3637
230133750,252.49536,70.133,9.9256
230091330,248.0332,71.131935,9.6568
230111512,248.29814,70.57838,7.6062
233207883,266.06332,71.19777,9.0405
219884807,261.81976,70.88742,9.19269
441763503,260.8926,71.99745,9.6365
237096607,239.58762,70.89444,6.6993
237103581,240.9962,71.119965,8.14364
230088445,247.41875,71.15895,9.92532
219849947,256.07944,70.303894,7.87483
219850460,256.40475,71.36757,9.75354
219870715,259.6479,70.4454,9.2433
230074811,244.39859,70.99041,9.4662
230091035,247.73601,71.354935,9.3325
230133767,252.41148,70.194855,9.0304
230133968,252.50531,70.92934,7.29256
219099985,269.85632,70.52229,8.7868
219109375,271.6315,71.4445,7.01886
219109618,271.62814,70.65691,8.1902
230069608,243.16815,70.60365,8.0238
230069712,243.25392,70.09605,8.0606
230082439,245.77782,70.796814,5.8917
230082687,245.97018,71.86193,9.7883
230120930,250.15747,70.57082,7.10457
230079797,245.32614,70.847984,9.0822
230080089,245.44485,71.715294,7.8822
230080318,245.41191,70.49758,6.4076
230115078,249.04475,71.44503,8.7274
230115147,249.14072,71.12832,8.9248
230085097,246.48155,70.45036,9.7152
356701531,254.70416,71.46222,9.5098
1102509412,239.58876,70.89506,9.9018
272786592,239.28549,70.902115,8.3705
233005572,242.366,70.1946,8.0107
272757924,237.32434,70.124886,9.6658
230127473,251.21097,71.11623,9.0747
230091417,248.01035,70.79108,7.5651
230071894,243.38795,71.784096,8.8542
232983488,241.9576,71.52133,9.8979
219860445,258.1043,71.50047,9.5377
272786138,238.93103,70.510376,8.9945
272786156,238.95457,70.60118,8.4561
287085833,253.41203,70.4347,9.359
219893719,262.45074,71.11275,9.5909
233235161,267.4193,71.73286,9.5343
237098781,240.14795,71.765335,9.7066
311188594,253.60182,71.962204,8.7737
311188722,253.66322,71.519226,9.3023
219867874,259.25696,70.5303,9.5753
230077369,244.81929,71.627655,8.7918
230077475,244.9116,71.144844,9.927
219844480,255.14717,70.027855,8.47932
219109797,271.40344,70.04936,9.76215
233005533,242.16158,70.03819,9.4586
230074707,244.26141,71.42301,9.4129
230071818,243.57655,71.45872,9.5058
230077478,244.86337,71.116516,8.4308
272783951,238.62111,71.50023,8.8486
230069390,243.2819,71.63096,8.0112
160601838,244.51883,71.986824,9.6161
230114625,248.88861,70.456825,9.9135
230085072,246.42546,70.33143,8.7206
230077211,244.68364,71.4451,8.7168
230071539,243.42189,70.15825,9.9882
237101257,240.81908,71.62018,9.6842
237101287,240.65486,71.4607,9.8986
237101430,240.6659,70.712746,9.8039
237101548,240.74957,70.113945,6.4615
230080114,245.44128,71.59247,8.8805
230082497,245.96896,71.0539,8.8292
230074954,244.37202,70.230804,8.5839
311233535,253.61876,70.46401,6.90837
237098754,240.11263,71.91643,9.30683
219867620,259.39407,71.53962,9.84285
230069330,243.14952,71.881874,9.70852
311188639,253.63481,71.75364,9.8149
232983728,241.92241,70.331436,8.4914
230072155,243.70938,70.929665,7.1938
230071727,243.36308,71.0225,9.61549
230071650,243.40456,70.597534,9.4229
230127467,251.14923,71.09784,9.5236
230077650,244.8867,70.36857,7.0145
272784133,238.6957,70.63522,9.03469
272784026,238.61949,71.158295,9.778
230074425,243.93674,71.025276,9.9869
230114620,248.71994,70.43173,9.9199
356056062,254.3056,71.46323,7.5779
232983372,241.67238,71.755325,9.5979
230085290,246.37177,71.384575,6.5192
230085246,246.4554,71.18652,9.60153
219846924,255.25964,71.554245,9.9641
219885534,262.33978,70.50467,9.6311
230082924,246.06578,70.83544,9.9282
230069088,242.92252,70.79068,9.687
272786486,239.43913,71.46188,9.27564
232983391,241.54765,71.877785,8.164
237104086,241.24226,70.26335,8.47513
230085680,246.8816,70.71062,9.39316
230077219,244.56213,71.48879,9.4958
237103665,241.10759,71.58037,9.8463
232983345,241.78363,71.64385,9.7749
230069191,242.72282,71.30739,8.1926
259263931,293.12082,71.821594,7.7645
1884501813,291.74615,73.36623,8.0865
1884501814,291.74792,73.366394,8.0993
1401060790,264.93268,72.92825,7.6178
1401060792,264.93225,72.92853,8.1876
1718210568,287.5172,72.249626,9.412
1884512578,299.26184,73.55468,9.7609
229607560,274.24023,72.13443,8.55
235684228,287.5172,72.249626,9.412
237277799,299.26184,73.55468,9.7609
441801393,264.93268,72.92825,7.6178
420137476,291.74615,73.36623,8.0865
341873045,275.26425,72.73287,3.104
233499596,250.1549,73.38418,8.859
233501543,250.48817,73.88738,6.593
237291224,300.73944,72.33952,8.4274
237285627,300.32285,72.44287,9.4284
237254753,298.8888,73.38934,7.1328
237285061,299.8791,72.23389,9.74778
237278975,299.57983,72.22298,9.75887
237278955,299.47333,72.19712,9.51721
237278866,299.76376,72.046265,9.96375
237285047,300.01578,72.25514,8.1609
237252701,298.2568,73.81692,8.687
237252705,298.62982,73.80232,9.1796
237252959,298.57065,73.38851,9.32333
237285384,300.4421,72.102745,9.52158
237285179,300.18265,72.056854,9.4653
237255067,298.73584,73.93559,9.58624
237278654,299.26688,72.14162,8.9319
237277760,299.11987,73.615974,8.69727
237278530,299.3756,72.3316,9.14554
237278545,299.19028,72.31017,6.9142
237230553,297.31406,73.1544,9.0739
237229022,296.91544,73.32118,7.2035
237236514,298.13666,73.177376,9.2898
237217681,295.14343,73.257935,9.0327
237211862,294.39975,73.807724,9.806
237212001,294.35626,73.52477,8.83059
237235049,297.70416,73.18781,8.4391
237229153,296.99878,73.08526,9.4887
237230628,297.35263,73.30316,8.2544
237236759,298.22964,73.59582,9.58658
237228873,297.03403,73.59597,9.07847
237235044,297.55902,73.1945,9.13036
237217532,295.4904,73.57629,8.011
1884490464,293.91522,73.126816,8.9438
237223273,296.00726,73.296165,9.9481
237197946,292.54706,73.360855,8.74
237208121,294.02106,73.22902,9.1357
420174622,292.30008,72.74657,9.41492
237206838,293.88486,73.06683,8.7622
237213703,294.80475,73.493546,8.6083
237212033,294.62857,73.466965,9.9902
237217334,295.2628,73.93251,8.6694
237202699,293.50778,72.96441,9.0312
237217380,295.4329,73.85565,9.8576
237211937,294.34555,73.64615,9.018
237212194,294.33548,73.115845,9.093
237203037,293.27054,73.654724,8.3874
237201253,293.0995,73.7776,8.5729
237206809,293.91495,73.12664,8.7124
237202610,293.23373,72.809525,9.2926
237202977,293.46152,73.532265,8.8973
237201395,293.04544,73.462906,9.7793
237197552,292.4364,72.57674,8.5507
237197848,292.39163,73.18711,9.95724
237198037,292.40143,73.52914,9.38435
420132125,290.9785,72.583336,6.1775
237217852,295.2079,72.95441,9.12707
237201858,292.82355,72.53826,9.85236
394130430,289.02338,73.17611,8.7727
394129990,289.15775,73.91122,9.0936
394131039,288.82422,72.0321,9.868
237219497,295.87646,73.91875,9.9707
420137493,291.7651,73.34515,9.57508
420137341,291.66727,73.57853,9.5474
420174607,292.13538,72.72579,9.7259
420174832,292.04526,73.074905,8.73059
420137307,291.6231,73.635216,9.97
394130083,288.96576,73.76345,7.2579
235683897,287.4996,73.01748,8.7915
235684071,287.4829,72.60108,8.9586
235679662,286.8658,72.25231,9.4953
235683646,287.32657,73.5579,8.1269
235680131,287.21237,73.25485,9.8473
394130313,288.88742,73.35552,3.4043
267544315,289.31885,72.42931,9.5946
420137638,291.5818,73.12528,9.86279
362260939,286.77658,72.074066,6.7746
362260236,286.54672,73.39806,9.1119
235679892,287.05066,72.73667,9.3603
235684230,287.45657,72.24331,7.16798
235686198,288.34338,73.25472,8.189
267544139,289.5531,72.73612,7.193
235679972,286.97165,72.8736,8.9314
394130529,289.16782,72.971596,9.729
420132903,291.30472,72.6261,8.6129
237197651,292.53,72.82434,8.102
420114283,290.4012,73.80182,9.5806
267544345,289.21863,72.38337,9.5475
394122478,288.63724,73.46035,8.5256
235709326,289.63513,72.99539,9.5084
235709666,289.7811,72.27906,8.2875
376872090,283.86203,73.16316,8.68319
267544059,289.36005,72.8372,8.61762
1718215580,286.9724,72.87409,9.7302
235683754,287.30582,73.33756,9.5902
362227384,286.1649,72.81711,9.7243
362226761,285.82108,72.20325,8.7903
394130562,288.86182,72.93141,9.0922
1718209602,286.77667,72.074265,7.2477
235683842,287.3148,73.162445,9.5607
235683860,287.40445,73.11703,9.90864
420113383,290.40863,72.24426,9.0458
235708984,289.68146,73.75794,9.8543
235674496,282.74496,72.96677,8.7731
235675516,282.95062,73.07347,8.9448
376884580,284.562,73.23312,8.8268
376924690,284.86368,73.86205,9.5223
420109230,285.0103,72.206184,9.7764
420109222,285.1127,72.23214,9.5361
235674326,282.84094,73.32775,9.8657
235674701,282.63898,72.545586,9.65309
235679672,286.9854,72.26707,7.41208
235680293,287.04306,73.63524,8.43229
420108439,285.09494,73.80085,9.4551
362226923,286.34384,72.004166,9.87081
376871017,283.43112,72.84265,7.4933
229649891,280.7946,73.412796,9.9109
235675539,283.0446,73.1268,8.6471
235709086,289.73334,73.550896,6.7168
362256448,286.27612,73.68869,9.839
394122669,288.75385,73.829346,8.1025
362260961,286.6724,72.029335,8.92278
376883641,284.1159,72.491905,9.24652
420174529,291.96713,72.60355,9.2138
336005743,282.02115,72.97544,8.2073
362225924,285.72287,73.70023,9.49042
420174441,291.95746,72.47772,6.86158
394130000,288.97498,73.89873,9.00973
235685913,288.09418,73.89235,5.1087
376884305,284.72122,72.683914,9.38303
376884274,284.48608,72.614426,9.98789
235686357,288.2893,72.90202,8.80519
362226726,286.03378,72.25693,8.7727
362225779,285.99365,73.98348,9.5664
362226953,286.34286,72.05811,9.0012
235684325,287.48587,72.02466,9.5877
376883120,284.216,73.4699,9.46472
235684292,287.59113,72.10896,8.3958
420112610,290.03992,73.15083,9.2416
420112636,290.13455,73.109055,9.2973
420112497,290.14984,73.367714,9.7435
376879798,283.95898,73.86696,9.5386
376884755,284.53165,73.601234,9.8974
229639946,278.85507,72.191185,8.8439
229644709,280.00955,72.11215,8.95754
229639798,278.99268,72.50338,9.4955
229640204,279.24396,72.267006,8.0159
376882962,284.29788,73.78917,9.67907
229648966,280.28674,72.508934,9.98978
229644171,279.76974,72.95947,6.4349
229639198,278.6701,73.993645,9.9798
336006627,282.1276,72.433075,7.4619
336007234,282.12796,73.59697,9.1697
229616604,278.48218,72.77176,9.37265
394120946,287.7516,73.21808,9.2907
394121571,288.01392,72.10983,9.6398
420112976,290.06097,72.39596,9.7092
394121054,287.8896,73.00909,9.8528
376883820,284.31064,72.15864,9.66082
229648623,280.42166,73.286545,9.3257
235677345,285.539,72.13406,9.684
376883331,284.24625,73.0514,9.16196
424390903,281.57672,73.66976,9.7626
229644567,279.61887,72.052826,9.912
1551711135,275.2718,72.73133,2.9636
341872883,275.20044,72.29909,9.1821
362226108,285.8727,73.37912,7.57837
367856105,276.93292,73.87374,9.9371
229640184,279.289,72.21782,9.5499
229640890,279.0646,73.812775,9.7266
229643806,279.43427,73.7973,9.4019
229616462,278.56714,72.411194,6.721
229639784,278.6993,72.535835,7.0427
341873019,275.19666,72.67066,8.2544
341873283,275.39975,73.349724,9.759
235674577,282.52432,72.81691,9.82616
356820178,268.79648,72.00513,5.09781
229639915,278.81305,72.2742,6.44389
357498149,267.73102,72.834564,9.36248
441807753,266.17725,73.98024,8.68639
424390769,281.41788,73.36747,9.2247
229615943,278.1414,72.66503,9.4442
367854515,276.34845,73.55793,8.9374
424385008,277.22757,72.27039,9.8111
229644226,279.53906,72.86069,9.4423
229584573,271.1473,73.994705,8.7123
229585201,271.11404,72.2362,7.9428
229643811,279.57666,73.79184,9.1633
441804114,265.51596,73.461685,7.75763
424389664,281.2502,73.050896,6.8034
229585587,271.15668,72.697586,9.0143
367837121,275.54172,73.54369,8.4409
367837226,275.77777,73.26994,9.8053
376871879,283.99228,72.7449,9.4057
229585365,271.46265,72.08654,9.56003
229616949,278.46725,73.64447,9.546
336007350,282.24194,73.81131,9.83042
235675643,283.2769,73.37063,9.79992
441804674,266.04547,72.05078,9.02692
229616089,278.10983,72.325165,8.1355
229585356,271.37976,72.07428,8.66975
229611333,274.85754,72.68043,8.5899
441808811,266.75552,72.67379,9.5585
229639846,278.80325,72.4045,7.1056
367838166,276.09692,72.76154,9.47708
229593009,272.39722,73.08194,9.98981
367855829,276.868,73.264496,9.9558
356820840,269.2025,73.68053,9.9678
229639494,278.9407,73.28085,6.6097
441742097,260.05832,73.666504,9.5382
367856049,276.82288,73.735634,9.3723
441739153,259.4257,72.10271,9.0533
441804055,265.463,73.62637,9.98357
229615572,277.89627,73.56495,9.8593
367837386,275.8019,72.89456,8.9481
229648381,280.28833,73.92033,9.81516
229639858,278.9783,72.38026,5.6629
229589801,271.94778,73.17438,8.6379
229649801,280.6426,73.15977,8.8516
229589594,272.0402,72.59497,9.796
229612173,277.763,73.08381,7.6658
441812570,267.26764,72.50285,8.1129
441813006,267.52182,73.763535,9.151
367838319,276.10617,73.10179,8.8667
367837968,276.0169,72.33501,9.16097
356820610,269.16663,73.03743,8.9765
229611125,274.72614,73.29146,9.8919
441801409,264.96164,72.96473,7.9609
229610885,274.7877,73.87724,9.3602
441735063,258.58517,73.43833,9.17522
367855141,276.5115,72.13883,8.7107
441804365,265.32385,72.71117,8.1617
441767291,261.80063,72.10755,9.2814
422828596,269.91806,72.3969,8.78961
329171292,268.04285,72.694046,7.91377
229589123,271.82986,72.53291,8.6691
229594017,272.9706,73.484024,9.8308
229639512,278.67325,73.21587,9.9832
229589015,271.57532,72.8212,9.68528
229588935,271.8277,73.011955,9.5832
229589141,271.84302,72.48114,9.8929
441735299,258.366,72.75361,8.4337
441800685,264.7385,72.97392,9.04932
441801515,265.11444,73.27562,9.29248
441800429,264.60495,73.727585,9.9502
441800962,264.5467,72.14024,9.68393
441739373,259.7409,72.737625,9.6277
367855443,276.65152,72.40376,8.0012
441793298,263.07748,73.118835,9.8437
367856008,276.74615,73.66858,9.4607
441793272,263.2532,73.21744,8.69411
229616707,278.29236,73.008965,9.55751
441800805,264.7471,72.57187,9.2801
441797958,264.2871,73.76407,9.7134
424384466,277.018,73.76966,8.4621
229597814,273.57578,72.70186,9.86827
229590052,272.19818,73.8093,9.1951
441794009,263.60117,72.91133,9.48
229593686,273.0814,72.52353,8.8069
356785339,268.60367,73.54848,9.9613
441766666,261.65634,73.5128,8.8291
441808669,266.8284,72.32129,9.5764
356785166,268.5054,73.12132,6.967
441797667,264.21637,72.80252,9.9782
441797986,264.20697,73.83681,8.1379
424384788,277.35736,72.82493,8.81572
229582074,270.7269,73.67905,9.451
441797492,264.15222,72.31887,9.55256
441742421,260.00122,72.583824,8.62627
229589418,272.2213,72.15272,7.10825
441804568,265.48486,72.14884,4.1242
441797383,264.2022,72.05471,7.6596
367838105,275.90305,72.62536,9.06498
367838110,276.0387,72.638336,9.97327
441790434,262.75244,73.60428,9.9903
441728318,256.75262,73.40162,9.54383
441800503,264.52835,73.521034,9.79525
441794179,263.40237,73.4475,9.56353
356788297,268.81757,73.37619,9.91043
441732371,257.91635,72.749146,9.5568
229608123,274.5363,73.225975,9.32856
229597274,273.45023,72.52144,9.27678
441767331,262.0973,72.20804,8.9351
441763875,261.08188,72.93577,6.9597
441808062,266.22034,73.16293,8.0068
229593265,272.64093,72.412964,9.4295
441767708,261.9752,73.31427,8.69173
441763847,261.2902,72.86117,8.31071
441763913,261.2292,73.02692,9.20452
233501640,250.45401,73.4995,7.4553
441718956,254.90503,72.12743,8.5139
441789135,262.41336,73.921,7.94526
441812882,267.56924,73.3881,9.63
229607785,274.31982,72.28038,9.4445
341873002,275.19565,72.626884,9.7532
441811910,266.9091,73.132675,7.2025
441812894,267.41135,73.43975,9.5506
229584815,271.1156,73.272736,8.84809
233501595,250.64532,73.655945,9.6717
229597113,273.17374,72.94754,9.8837
229607822,274.58633,72.35726,9.95373
229671650,252.25687,73.682816,9.2382
229607272,274.05573,72.87619,9.4796
229607559,274.2367,72.13474,9.5166
356785231,268.456,73.296,7.9292
367838634,276.11868,73.829254,8.6563
441813045,267.45947,73.89185,9.8066
356788124,269.11835,73.7752,9.5443
229598224,273.64334,73.7459,9.74887
441742503,260.17023,72.30321,8.4324
441766928,261.61383,72.80606,6.81267
441808298,266.25177,72.554665,9.8355
229596848,273.3543,73.66747,8.7702
441767557,262.03125,72.80105,9.6307
441735830,258.82272,72.65213,9.7847
357498244,267.63635,73.08129,9.33789
441809052,266.5925,73.287895,8.65609
441767095,261.7314,72.340385,9.4957
441766591,261.65536,73.72984,9.87464
441766783,261.36734,73.199646,8.8673
441767100,261.67892,72.31758,9.6711
441809057,266.83472,73.29671,9.7287
441789968,262.6058,72.24805,9.0191
441732207,258.00742,72.271164,9.912
441732536,258.12738,73.261955,9.838
441801183,265.12903,72.34084,9.322
441801702,265.26822,73.81325,8.5624
441801208,265.27792,72.42034,6.9535
441811957,266.90015,73.00448,9.31671
441812317,267.25122,72.05614,9.11093
229585958,271.42557,73.68199,9.30032
233499307,250.30058,72.26911,9.6521
233496228,249.09691,72.37376,7.675
441739274,259.6923,72.421326,7.2745
441812970,267.37677,73.65803,6.9751
441764026,261.09723,73.354836,9.9995
441811982,267.20004,72.95611,9.40324
356785161,268.54572,73.09488,9.5023
441721872,255.32483,73.31249,6.1749
441789740,262.16495,72.28528,8.612
441766745,261.54108,73.30313,9.7392
233502379,250.97952,73.04043,7.6145
441724845,255.86868,73.9089,7.28904
357498029,267.74377,72.48631,7.47254
356820091,269.13803,72.20749,9.1313
229584662,270.87814,73.719086,9.08
441767043,261.7186,72.48596,9.9616
160520539,240.53029,72.55043,7.9555
160585521,243.5075,73.97556,9.6164
160553883,242.59653,73.93736,9.7807
160586143,243.7845,72.18255,7.8169
441762929,260.9423,73.57989,8.8889
441812662,267.3305,72.81114,7.9699
160583570,243.29872,73.6554,9.8764
160602138,244.51161,73.09641,9.7465
160604474,245.04402,73.178314,7.5976
441728870,257.12357,72.133606,6.53309
441715943,253.9988,72.678856,9.4805
441767480,261.98044,72.567154,8.3944
441763003,260.7408,73.38588,9.5642
441794095,263.47772,73.14587,9.9125
321601485,269.55832,72.235985,8.7335
441767590,262.09705,72.91234,9.75414
441731954,257.55942,72.32941,7.5661
357516582,267.6462,73.90006,8.7806
233498750,249.7583,73.57193,9.9807
160535421,241.51384,73.92013,9.3107
160601443,244.15135,73.279305,9.9515
233502535,250.78075,73.697975,8.96733
441804565,265.4921,72.1569,5.2863
441760384,260.36612,73.24538,9.6971
233498747,249.57465,73.57561,9.0492
233498916,249.90295,73.00184,9.42828
441725939,256.6067,73.4921,9.7167
233498959,249.9222,72.89565,9.755
441719443,254.80229,73.821335,9.88147
441731916,257.70987,72.45913,9.79665
441735058,258.51593,73.452324,9.9639
441731865,257.6392,72.65971,8.8212
441763631,261.27954,72.26267,8.8167
233009039,248.317,72.67061,9.7225
233009358,248.23625,73.83809,9.803
229675265,253.44237,72.91991,7.15063
160582754,242.57774,73.31387,9.5437
233011702,248.52884,72.556656,9.4165
160585671,243.63936,73.39489,5.97765
320323614,246.60504,73.06088,8.8103
441715500,253.73161,72.687325,8.9756
441762909,260.8857,73.61649,9.35215
441742021,260.014,73.939926,9.03116
233006306,247.56079,73.29387,6.791
229669559,251.85974,72.49018,9.82778
441794048,263.6937,73.01454,9.78263
160585543,243.30666,73.905075,9.42555
441790556,262.66888,73.92425,9.36088
160601370,244.16248,73.54851,9.816
441715820,254.22292,72.23092,9.7015
441789552,262.53125,72.77107,9.9852
160550957,242.0697,73.95564,7.79285
229669754,251.7031,73.35014,9.0232
233009322,248.09715,73.68464,9.7079
441797142,263.93793,72.56106,9.4662
441808279,266.08704,72.62526,5.6561
441812100,266.88736,72.64523,7.40637
441722252,255.15558,72.03027,8.9948
441729040,257.2757,72.683754,9.523
441726010,256.54346,73.72728,9.3734
441763685,261.03268,72.39599,9.9914
160618135,246.36813,73.520905,7.694
233008396,247.70465,73.46207,8.7205
233008680,247.92117,72.45572,8.67898
441722026,255.29103,72.792496,9.1219
441801586,265.18652,73.50185,9.6602
356820908,269.4256,73.8964,8.5821
233499404,250.17717,72.67165,5.1123
233499735,250.02463,73.95309,9.6491
441797545,264.28702,72.455795,5.00658
441763264,260.74808,72.606995,9.4631
441725988,256.54294,73.67082,8.5898
441742760,260.25073,72.31513,8.4438
441735414,258.4383,72.41875,8.7196
233495865,248.92729,73.67339,9.8507
233006218,247.40208,72.93859,7.2414
441735388,258.42023,72.50441,8.999
160551471,242.09032,72.102135,9.03514
160551500,242.08066,72.00069,9.79367
441796960,263.94907,73.07759,7.57323
441789799,262.23184,72.13036,9.9894
441796724,263.756,73.73993,9.0339
229675161,253.26505,72.46084,8.4353
160583426,242.99753,73.15046,9.7437
229672151,252.35179,72.100426,9.63132
229672401,252.39223,73.00621,9.7409
441729251,257.2367,73.47022,9.65979
441763839,261.1761,72.8286,9.38823
233008631,247.86761,72.612335,5.1389
233008318,247.6032,73.778946,9.9543
441721909,255.11632,73.19425,6.19775
441719344,255.05057,73.41857,9.28584
441725294,256.10504,72.496544,9.86863
233496577,249.20673,72.85524,9.9306
160520742,240.77823,72.06679,9.9115
320323617,246.4933,73.073425,9.8956
320323800,246.72908,73.741936,9.9148
441735282,258.36353,72.79941,8.517
233501878,250.68254,72.65513,9.4772
441728540,256.6996,72.70106,9.20018
233008974,248.03079,72.50045,9.04644
233009109,248.25288,72.925766,8.57502
320323695,246.54599,73.342964,9.64505
160520875,240.85693,72.55902,9.8149
367681857,246.97427,73.40729,7.7406
160494025,240.12378,72.21013,8.8829
229675057,253.21898,72.01819,9.06468
441718542,254.39824,73.10599,9.25459
160520286,240.51622,73.50232,9.1045
233006311,247.24065,73.30974,9.50563
233496705,249.54362,73.32659,7.6181
229674699,252.99153,73.30828,8.891
229674702,252.84164,73.29583,9.41376
233498644,249.80367,73.97823,9.625
441742423,259.9988,72.582565,9.03049
160585695,243.43684,73.291695,7.4248
160585774,243.53706,72.998474,9.9859
441729162,257.24826,73.15334,8.13368
441725501,256.4199,72.00928,8.61312
441763171,260.7579,72.880936,9.5212
160550963,241.73883,73.94271,8.97642
233008356,247.9836,73.616066,8.74591
441728948,257.17264,72.36568,9.66605
160535385,241.67775,73.778854,8.9913
229669692,251.59064,73.07817,9.8233
229669811,251.71477,73.6827,8.6856
233504498,251.47073,73.880104,9.4
441716054,254.06973,73.12787,6.03685
233499348,250.30075,72.448555,9.8117
229675164,253.32394,72.473976,8.4175
229675482,253.4004,73.739716,8.129
441735934,258.96985,73.011734,9.15277
229674516,252.77988,73.91346,9.83719
229674823,253.05345,72.79599,9.71435
320323542,246.78821,72.7953,9.5774
320323678,246.47647,73.28888,9.6299
233006203,247.23877,72.9059,8.41799
160493933,239.63528,72.039246,9.2209
326209178,245.75961,72.77237,9.67457
441743003,260.22537,73.0139,7.4383
441739020,259.01733,72.161156,9.4682
160551062,242.11664,73.55986,9.7225
160553906,242.62311,73.88458,7.2708
160535351,241.55626,73.650894,8.0269
334678134,245.61436,73.80177,9.21011
233496110,249.08025,72.78296,9.48922
160493795,239.71294,72.57541,9.39261
160551155,241.75069,73.25334,8.6752
233501933,250.50876,72.46518,9.1518
229669567,251.6456,72.517365,9.19774
233504762,251.30714,72.826195,8.22989
1718268192,284.55054,75.30129,8.874
1551749198,270.71213,75.79019,6.98499
1884517276,297.32846,74.15292,9.1016
1201358559,245.31882,74.56359,9.4953
334678316,245.31882,74.56359,9.4953
233008207,247.59016,74.258286,8.688
229582778,270.71213,75.79019,6.98499
237231102,297.32846,74.15292,9.1016
376925360,284.55054,75.30129,8.874
160618493,246.35178,74.92749,7.747
233501300,250.57928,74.80374,9.833
237255237,298.6431,74.23022,8.819
237225197,296.41953,74.07479,9.3925
237222772,296.26288,74.25201,7.175
237219692,295.7168,74.34809,9.4594
237219910,295.5054,74.80527,9.5003
237231199,297.08963,74.34951,8.4155
237234188,297.49203,74.77943,8.1944
237231146,297.38666,74.22811,9.376
237225952,296.59363,75.569595,9.3896
237225860,296.3797,75.36504,9.43245
237222292,295.92023,75.32908,7.50969
237211588,294.62686,74.40149,7.819
237222736,296.12207,74.32272,9.0941
237231451,297.34116,74.86071,9.7799
237237116,298.1266,74.21649,9.8198
237234463,297.73788,74.20775,9.5099
237214333,295.02655,74.73083,8.4694
237214342,295.09473,74.75155,9.24694
237214269,294.96646,74.60814,9.25655
237214784,294.7728,75.83769,9.44961
237211184,294.62027,75.28035,8.5251
237211410,294.37592,74.78225,9.29735
237228006,296.7068,75.303856,9.3876
237225365,296.64835,74.36244,8.80552
237203288,293.48654,74.21052,9.47865
237205570,293.9155,75.67646,8.8767
237205870,293.7041,75.017845,9.2277
237203789,293.21747,75.33102,7.6434
237203897,293.24286,75.60839,7.16608
237214371,294.83218,74.818726,9.9897
237214366,295.0596,74.80422,9.52838
237216663,295.14352,75.31066,9.895
237217129,295.20496,74.31157,9.7517
237206223,293.52692,74.29898,8.4709
237205890,293.59323,74.9778,6.98836
237206177,293.7926,74.37749,6.08202
237209288,294.06702,75.74675,6.8254
237201157,293.0786,74.03176,8.7227
237221986,296.16986,75.94361,9.85752
237222864,296.24432,74.06274,9.1416
237200740,292.7476,74.90812,9.28271
420137064,291.67126,74.09728,8.5446
420176248,291.95825,75.526276,9.6766
237203236,293.46564,74.09993,9.1484
237200974,292.8525,74.417595,9.6558
237200797,292.7999,74.76918,8.17053
237200438,292.89343,75.68773,8.23007
420131304,291.12943,74.136734,8.8652
237203969,293.30264,75.80924,9.5259
420130647,290.97418,75.44478,9.858
420176443,292.26096,75.9623,9.6227
235708649,289.87567,74.49862,9.2225
235708650,289.62268,74.49792,7.8224
235683193,287.5078,74.64006,7.539
235682816,287.45178,75.646095,9.3063
235683358,287.53287,74.24252,9.7138
420130458,291.0277,75.8511,9.7183
420130844,290.90466,75.01489,7.56906
420114449,290.7019,74.11974,9.6675
420131220,290.87103,74.31834,9.8899
420136661,291.59866,74.87757,9.2211
420136702,291.6972,74.80461,9.6134
420136361,291.9212,75.54768,8.5332
237201068,292.91968,74.24182,7.324
237208671,294.0554,74.40358,9.8659
420136585,291.73013,75.03431,9.59908
420136838,291.8147,74.521904,9.52583
362259538,286.74185,74.72744,9.6361
394129213,289.1663,75.48756,9.901
394129745,288.93546,74.40411,9.19873
420114597,290.6377,74.45714,9.5331
394129200,288.81335,75.51171,8.8179
394129404,289.07556,75.07133,9.6705
267542510,289.33655,75.69042,8.7692
420114727,290.57126,74.677704,9.92194
394120087,287.892,74.63169,9.9561
420130716,290.82742,75.28751,9.61124
420130696,291.01294,75.34505,9.9532
235708658,289.6351,74.47217,8.1016
394119956,287.90048,74.88245,9.5004
267542868,289.2684,74.9268,8.8245
267543197,289.51172,74.30385,8.28176
267542473,289.53958,75.75968,9.9719
267542626,289.34842,75.4154,9.607
362257289,286.28732,75.54464,9.4355
362259684,286.53238,74.43476,9.3112
235683241,287.3012,74.53575,9.2834
362259863,286.74496,74.06573,9.6494
362257470,286.3185,75.95425,8.1696
235683081,287.26035,74.96074,9.8941
394119459,287.81613,75.93798,9.4249
362259855,286.4471,74.090515,8.76847
362257036,286.1282,74.95741,9.9774
362256872,286.2637,74.55967,9.35654
376925533,284.55978,75.76405,8.0482
394129109,289.16757,75.71702,9.7882
235673805,282.86432,74.51587,9.59337
235678769,285.53177,75.48352,9.3611
420111755,289.99942,75.00765,9.0219
235683236,287.33234,74.545364,8.976
394129669,289.13248,74.5338,8.2533
394123240,288.52713,75.03084,7.13838
420114700,290.6852,74.6337,8.7828
362225531,285.9718,74.47511,9.72335
235676553,283.13223,75.74585,9.309
362225670,285.90546,74.216225,9.89168
362256860,286.11453,74.53339,7.3125
376882796,284.2546,74.14422,8.804
420107870,285.00568,75.056915,8.50508
362224906,285.8677,75.76369,9.9345
362225554,285.96307,74.433784,9.608
335966219,282.04407,74.00877,8.6672
362225604,285.94174,74.33313,9.8286
267542959,289.49185,74.75425,8.1019
420107628,284.92136,75.633,9.9964
229617663,278.30582,75.59121,8.07104
229647826,280.3618,75.29976,7.2062
362259837,286.7364,74.12585,8.82367
235678524,285.3541,74.79798,8.7386
229645849,280.0939,74.760345,9.8086
376924861,284.5488,74.23459,9.5775
424388888,281.0017,75.21693,8.94483
420108125,285.23215,74.51381,9.0866
376924820,284.6567,74.13292,6.73668
229619436,278.7932,74.87957,8.3959
336007473,282.46307,74.096535,6.9987
376870043,283.37427,75.07067,8.1962
362225652,285.72284,74.24545,8.8541
362256906,286.10382,74.629425,8.9144
424388628,281.03998,75.99094,9.4287
229641606,279.35397,75.83342,9.30139
229645654,280.13428,74.33796,8.99732
376870219,283.37888,74.601944,9.241
376869778,283.38852,75.78735,6.7866
336007689,282.16785,74.50153,9.41017
229646135,279.98834,75.49062,9.7336
376869780,283.38452,75.786125,7.51157
335965870,281.77686,74.7254,6.41287
335966183,281.7195,74.085266,8.6558
235685793,288.31525,74.14449,8.4515
229641091,279.38943,74.32851,5.8621
341873554,275.35806,74.04805,8.06009
229619236,278.7434,75.41611,7.1424
229650508,280.68735,75.13508,9.888
367853938,276.42178,74.884766,7.42576
356821587,269.43704,75.976974,9.5335
229613314,277.5405,75.961914,9.3412
229643396,279.65985,74.8742,9.6521
235676238,282.98712,74.794334,9.09107
235675938,283.26868,74.08827,6.5307
229617340,278.23978,74.654495,7.80685
229650745,280.70157,75.88033,8.6901
367856353,276.9011,74.446014,9.19239
420112174,290.26324,74.07855,9.8577
235685570,288.33267,74.68661,9.807
420112152,290.27597,74.130974,9.7338
329170429,268.0119,74.7733,8.384
229619403,278.9434,74.94077,9.71766
229638943,278.88248,74.645325,9.1338
229643655,279.54233,74.11564,9.4594
229643470,279.60736,74.625496,8.24631
235676117,282.9452,74.460495,7.85826
420108194,284.98108,74.358284,8.53195
424391564,281.5927,75.43395,5.3451
367839104,275.89655,74.982254,9.34995
229641441,279.1971,75.34482,9.8066
229590453,272.07877,74.845505,7.7973
229641533,279.25732,75.596436,9.1388
229615304,278.23245,74.204285,9.78593
376880154,283.84988,74.66777,9.1175
441792937,263.17184,74.22732,5.65889
341874090,275.3141,75.548805,8.4797
336007451,282.35095,74.05903,9.8176
441794569,263.48087,74.64081,9.8819
229619470,278.9551,74.80341,8.0143
357517143,267.97522,75.63737,9.81255
367839163,275.9168,75.09733,9.7843
367839275,276.00992,75.382286,8.53427
229619206,279.00504,75.50666,7.97023
356785590,268.53345,74.20769,9.9149
229594357,272.88492,74.39149,7.4996
229594218,272.76456,74.00169,8.3991
229594851,272.80145,75.77172,8.182
229613035,277.6109,75.11714,9.074
424389184,281.13574,74.36821,9.4403
424391070,281.44485,74.08555,4.43409
441811087,267.23975,75.73256,9.6646
424384041,277.16998,74.78224,9.8982
229615016,278.12918,75.01703,7.90029
424388763,281.02542,75.55806,8.9664
376880459,283.79877,75.43089,8.8345
229648193,280.3567,74.38938,9.98854
229643541,279.72714,74.43864,9.9834
229641320,279.08914,74.954414,9.2396
229592265,272.52307,75.26483,9.8698
229592273,272.55594,75.23748,8.442
229592446,272.3988,74.71069,9.4135
229608897,274.63293,75.38063,9.51395
441799729,264.6892,75.91427,7.21586
441800034,264.77432,74.888824,8.5657
441800221,264.84842,74.36702,8.1269
441805606,266.0109,74.587074,7.1479
441798202,264.49826,74.370026,8.5603
441800239,264.65674,74.317024,8.9934
321600757,269.596,74.525826,9.88209
441798471,264.37317,75.313065,9.15474
229592054,272.42178,75.90299,9.6833
441798189,264.22836,74.34018,9.3383
441801962,265.22037,74.62933,8.7844
229617363,278.4342,74.73849,8.46302
441736450,258.83444,74.69145,7.6927
229584481,270.82626,74.23805,9.9632
367838801,275.85495,74.20197,8.9925
441807493,266.36957,74.70301,9.1187
229594343,273.02548,74.334045,6.7991
441792647,263.12543,75.091576,9.2083
229588368,271.57806,74.65645,9.4392
229614772,277.96713,75.69883,7.8169
441794426,263.3309,74.22774,9.4775
441798524,264.48553,75.4833,9.82997
229594746,272.9447,75.451744,9.47359
229588015,271.75754,75.650826,8.6891
441790660,262.7696,74.22116,9.6714
441736768,258.84534,75.72974,9.16268
441732942,257.95297,74.600815,9.6223
229590351,272.1641,74.60981,9.2798
441732984,257.87668,74.773575,9.3197
229590203,272.27158,74.20938,9.5488
367856395,276.90448,74.548935,9.99113
424384056,277.23703,74.7554,9.04712
441768062,262.12097,74.500175,7.9988
229582780,270.6864,75.79106,9.38199
229582777,270.70618,75.78959,9.70259
321600459,269.62064,75.64043,8.1914
229606602,274.20926,74.59695,9.0339
229606609,273.95602,74.58294,9.6455
229596329,273.12732,75.176704,8.48624
229606791,273.92923,74.105316,9.31633
229598425,273.7618,74.23141,9.29
229598631,273.55655,74.88735,8.6831
367856228,276.9813,74.184326,7.8558
229639058,278.9853,74.3223,8.1062
229580508,270.0973,75.57827,9.5693
229580544,270.25488,75.438934,9.68
229598823,273.66336,75.40679,9.55752
229598934,273.66913,75.76527,9.0903
367853801,276.3014,75.28672,9.37641
424383773,277.3282,75.61479,9.62734
229612809,277.68195,74.60202,8.09982
233499860,250.32979,74.407845,9.4147
441765950,261.36304,75.7619,9.2744
441807376,266.12082,75.05737,8.5315
441807480,266.41537,74.734436,8.9186
329170577,268.35846,74.39218,8.2216
356787947,268.83823,74.29361,9.1714
441803490,265.65674,75.53936,6.9579
367839126,275.8602,75.02672,9.4835
441803667,265.63718,74.927315,8.9977
441803739,265.4189,74.701744,9.92561
367838785,275.87958,74.167984,8.7378
356785943,268.61133,75.1713,5.5604
441740296,259.77182,75.65439,8.12995
424384282,277.0229,74.19046,9.0941
441807438,266.2077,74.874146,8.8108
441734369,258.46765,75.81917,8.6649
441809619,266.51724,74.95577,8.5998
229582427,270.40997,74.68427,9.6662
441715039,253.74164,74.4756,5.8826
441788632,262.2327,75.58524,8.1602
441809538,266.5635,74.7127,9.7719
356787793,268.79147,74.69437,9.8427
229582353,270.7184,74.51724,8.7226
229582807,270.41803,75.875755,8.054
229586495,271.36945,75.27688,9.043
367682106,246.98282,74.313644,9.69677
441715008,253.68147,74.58327,8.5007
441802006,265.26782,74.745544,9.3939
229586343,271.25882,74.789955,9.47672
367839043,276.10175,74.80865,9.7971
441807292,266.31573,75.33244,9.8192
229598910,273.69406,75.68539,9.95745
341873898,275.28827,74.955315,8.9915
341874109,275.2017,75.597824,9.731
341873994,275.3995,75.23184,9.9325
229673019,252.38213,75.3793,7.11722
441719848,254.9259,75.25505,8.71949
229608720,274.65103,74.86259,9.49486
441792358,263.1262,75.98849,7.1361
441738410,259.2403,74.146774,7.39886
229596542,273.45242,74.4813,9.0813
229596628,273.4096,74.27096,7.9098
229608961,274.59482,75.59131,9.6169
441736393,258.8744,74.528175,9.2793
229596524,273.34888,74.563644,8.96282
367836197,275.51913,75.86213,7.6082
229608606,274.49597,74.50139,9.4291
441727645,256.74008,75.86896,7.1455
441732797,257.8798,74.13628,8.8222
441733141,258.02417,75.18844,8.7507
229608865,274.36844,75.29489,9.8051
441761006,260.41428,75.23089,9.9557
233501381,250.58487,74.47516,7.7327
441790929,262.61386,75.060936,8.0589
441727950,256.86148,74.76284,9.9082
441721516,255.31976,74.44524,9.7472
357516947,267.8439,75.049255,9.2536
441811110,267.19388,75.66966,9.8701
441717968,254.6124,75.05729,9.78351
441807456,266.08908,74.807625,9.96824
229674347,252.99141,74.58237,9.99521
441723277,255.59825,75.51182,9.6713
229671525,252.27277,74.20647,9.8952
441733084,257.996,75.038635,9.8036
441733140,257.94254,75.188354,8.907
160601073,244.34174,74.69082,9.082
160602762,244.81354,75.62782,8.0332
441720006,254.96667,75.87304,9.8786
441720037,254.91394,75.98456,8.4454
334678654,245.49886,75.88713,9.3145
441739908,259.49472,74.44109,9.7077
233497034,249.54784,74.65706,8.2072
441719977,254.75641,75.72708,9.20256
441719840,254.86057,75.23668,9.7058
160603848,245.09369,75.466705,8.58965
441721258,255.41714,75.29749,5.8782
441721286,255.11537,75.22515,6.5872
441788616,262.3426,75.637566,8.14316
233495734,248.89183,74.16426,8.94613
441811408,266.89853,74.57789,9.63449
229588507,271.58545,74.26184,9.303
441726292,256.61554,74.73195,9.0433
233006527,247.58534,74.258514,9.3744
233498415,249.82437,74.89732,7.9125
233498568,249.6427,74.28978,8.6615
356787483,269.04108,75.69395,7.5455
441726485,256.31873,75.50132,8.1825
334678394,245.32518,74.78939,9.6056
233006795,247.39424,75.396194,9.59261
160553596,242.78075,75.14427,9.6212
441762376,260.76398,75.51912,9.9517
441762631,260.7876,74.516754,8.7116
441807240,266.14774,75.507805,8.09556
441741702,260.17072,75.00556,9.76762
441731411,257.43616,74.232765,7.0885
441726213,256.27704,74.42997,8.7477
229580731,270.0824,74.66097,9.3941
233009811,248.2501,75.65746,9.0251
233504178,251.51173,75.022995,7.6288
441734844,258.51932,74.12273,8.945
441726233,256.50684,74.52901,8.86937
441794756,263.48877,75.21733,7.0668
441801785,265.02637,74.013756,9.9221
160553712,242.88452,74.653046,6.6038
334678406,245.4844,74.82938,7.5594
320324154,246.5557,75.1583,9.2774
441802076,265.01578,74.98433,9.96887
441796404,263.92902,74.7201,8.4626
441796418,263.9186,74.68281,8.2653
160599736,243.85786,75.2639,8.33953
160603780,245.1234,75.816795,7.30406
229674074,252.74121,75.65841,9.8605
233010801,248.55411,75.98214,8.7906
321600811,269.58224,74.35524,9.0551
441764623,260.97348,75.4576,9.04545
229675667,253.40245,74.48781,9.18077
233502816,250.9184,74.89321,9.78457
356821432,269.36273,75.51351,9.8117
441762590,260.66968,74.66291,7.37295
357516811,267.8536,74.569084,6.47072
441723333,255.79404,75.701645,8.79497
441801911,265.23328,74.4475,8.75949
441726381,256.4998,75.10347,6.8439
441741529,260.07196,75.6418,9.30278
441741602,260.0188,75.37603,9.45
441741600,260.02423,75.37772,9.94846
160600809,244.37613,75.75534,4.6136
441792834,263.27658,74.56734,9.885
441796625,264.04263,74.00913,7.31592
441729452,257.31882,74.18364,9.9531
160599701,244.02505,75.14288,8.1792
326209538,245.71056,74.09207,8.4597
326209541,245.89874,74.09924,9.5345
326209848,246.04912,75.330765,7.9168
233502697,250.84804,74.37504,8.9014
229675701,253.09311,74.64579,8.0576
441737978,259.224,75.70192,9.9276
441728026,256.94278,74.4981,8.1645
367682119,246.8845,74.368805,8.6577
441762443,260.92975,75.19587,9.84127
233008090,247.64345,74.6947,9.3416
441794430,263.3568,74.2336,9.4594
233501202,250.69614,75.23791,8.9342
441734446,258.5162,75.55249,9.4539
441731185,257.70514,75.09782,8.13069
441761158,260.4111,75.83361,9.7736
160583993,243.13373,75.21068,5.2603
160599509,244.07639,74.32703,9.7428
160599683,244.01875,75.07086,9.4613
441714956,253.723,74.76032,8.78446
233008232,247.93678,74.11509,8.649
367682011,247.08923,74.01561,8.8143
160601240,244.44258,74.066925,9.7114
233504086,251.3954,75.41844,9.73764
160552281,242.12672,74.80326,8.7783
326209954,245.93492,75.82823,8.8113
229675950,253.46642,75.62168,9.7255
441760914,260.19864,74.92317,9.778
160618494,246.34737,74.92761,8.90968
160618495,246.21101,74.93525,9.01081
441738064,259.103,75.41022,9.74606
229675610,253.40909,74.2917,7.35731
229675777,253.25401,74.93289,8.20224
229675893,253.23016,75.39281,6.51721
229674058,252.90196,75.72108,8.6438
441716374,254.07874,74.28262,6.6041
160602798,244.7678,75.761765,9.26773
160552210,242.35501,74.4674,9.6378
160552226,242.2967,74.55386,8.9324
233497306,249.50803,75.81197,9.62147
233501332,250.66173,74.70766,9.80292
160602772,244.48524,75.65968,8.73712
1718274581,282.8495,76.24316,8.9041
1401093064,266.54312,76.482124,9.52726
1401093065,266.5453,76.4825,9.65109
1551761153,274.9047,76.60405,8.73157
229610005,274.9047,76.60405,8.73157
235673181,282.8495,76.24316,8.9041
424388519,281.24634,76.352684,8.626
237215002,294.97946,76.38922,9.397
441810072,266.54312,76.482124,9.52726
229642234,279.34958,77.68679,6.576
420134812,291.0789,76.60199,9.532
441810984,266.92676,76.04188,9.506
237220527,295.75647,76.30407,9.4864
237220585,295.5059,76.447266,8.5429
237215078,294.80942,76.56082,7.8937
237216141,295.37518,76.56998,6.782
237216093,295.38782,76.6978,8.5329
237204273,293.51074,76.70606,8.0953
237204545,293.47806,77.53323,9.6518
237215017,294.77652,76.42202,7.2404
237215176,295.06894,76.82716,9.2774
237215216,294.99506,76.90579,9.4781
237215051,294.8289,76.50242,9.8164
237209569,294.1518,76.4651,9.1255
237215095,294.7588,76.589645,9.8901
237214855,295.08173,76.03815,9.9332
237215245,294.87518,77.00966,8.4031
237204259,293.2169,76.660805,8.1195
237204335,293.2523,76.886795,9.853
237221910,296.19553,76.13274,8.81085
237209446,293.96313,76.12877,8.9719
237199217,292.537,76.533455,9.51962
237199786,292.79102,77.53422,9.9494
235931781,292.32504,77.94524,8.9836
237210515,294.6537,76.88728,9.3364
237204204,293.38458,76.46904,8.1453
420135755,291.9222,76.92381,9.81934
420129627,290.81213,77.90761,7.19162
420130386,290.9781,76.02082,9.4329
237209883,293.98154,77.192024,8.9055
237199465,292.3471,77.331696,9.5586
420129036,290.39798,76.5596,3.7864
237205193,293.56824,76.56547,9.78136
237205344,293.52695,76.18543,9.4927
420129284,290.67786,77.14676,9.60882
420129027,290.73502,76.54536,9.8419
420135915,291.87308,76.549164,9.9054
235687279,289.81534,76.48059,7.5533
420136041,291.8416,76.240204,7.715
394128084,288.527,77.676704,9.1193
235682104,287.48257,77.65895,9.8439
235682613,287.4095,76.18285,7.7158
420130116,290.86526,76.7093,8.2987
420111295,290.248,76.197334,9.77429
394123805,288.6613,76.30936,5.7596
394127902,288.59058,77.197075,9.5501
237205023,293.54745,76.96689,9.07906
235682272,287.3255,77.13066,9.0534
420134976,291.31256,76.987526,8.6632
420134808,291.35007,76.59227,9.33944
420134670,291.42746,76.28375,8.7941
235682440,287.59598,76.62283,7.99053
420110687,290.21143,77.9171,8.2169
235682463,287.29117,76.5605,4.8213
420176773,292.31738,76.73828,9.0558
235686990,289.85574,77.44797,9.0172
362257716,286.3839,76.58201,8.5116
362258400,286.55472,77.42609,7.5251
235687303,289.97443,76.40755,9.2794
394128380,289.0813,77.46365,9.05134
235677203,283.08118,77.80428,9.7308
362258523,286.5819,77.087975,9.6216
267541961,289.38443,76.83748,9.2258
267542072,289.4426,76.61911,7.2623
394128404,288.82202,77.40929,8.4772
394128492,289.16525,77.163574,9.1806
267542153,289.52594,76.462105,9.907
420111264,290.1793,76.25785,8.6082
394119223,287.84518,76.44982,8.5897
235679440,285.45444,77.67578,6.6091
235672737,282.75003,77.499374,9.8202
350695162,287.19614,77.92599,9.59333
235684649,288.11398,77.07502,8.9367
235684720,288.0801,76.8708,7.99557
235672669,282.6772,77.7002,9.3247
420106821,285.0187,77.89389,9.8642
362257791,286.20642,76.78978,9.6943
235676989,282.9532,77.14367,8.0398
235681676,287.19797,76.95723,9.28853
420107253,285.1643,76.61534,9.9518
235679281,285.58127,77.08933,9.1728
376926030,284.48825,77.05082,6.1706
424426734,281.6575,76.96537,9.8106
394119137,287.76398,76.66266,9.3036
394118891,287.87662,77.19142,9.1059
229651120,280.919,77.0731,9.5425
376869359,283.41327,76.960106,9.69953
376869638,283.33472,76.086296,8.82263
376869643,283.40448,76.075874,9.90379
394123912,288.56277,76.51425,8.82185
235687190,289.7185,76.79252,6.2096
229646945,279.90094,77.90244,8.6198
229618427,278.7969,77.92589,9.23641
229642529,279.59805,77.32676,9.8496
229642722,279.76398,76.78189,9.57803
420107279,284.8991,76.53625,9.4829
229646623,280.04736,76.998604,8.9448
362258492,286.47528,77.182526,7.9855
235681690,286.93637,76.99936,9.51942
235681790,286.90726,77.3485,9.7274
267542031,289.24887,76.696434,8.70639
267542032,289.37018,76.69174,9.67132
267542008,289.34668,76.72619,9.45
229614019,277.57684,77.925606,7.5423
229647219,280.3666,77.02514,9.3055
376926251,284.69223,77.69057,9.3461
229647445,280.20343,76.39432,8.7068
229646805,279.9331,77.499344,8.63
424388542,281.30118,76.26192,9.5403
420128868,290.44168,76.16848,9.133
420129409,290.53745,77.46186,9.47944
420129277,290.4377,77.128204,8.7204
341874424,275.2174,76.55559,8.2992
229586794,271.51215,76.16544,9.0116
335965046,281.87863,76.818146,7.8104
367835766,275.6276,76.9892,9.2802
424426670,281.45334,76.747734,8.7973
336008922,282.24963,77.3382,9.9913
229618964,279.00772,76.21494,9.7518
376881022,283.82938,77.03292,9.8082
229583582,270.9034,77.11673,8.3734
229583807,271.0467,76.41356,9.3957
229586778,271.50885,76.13178,7.0459
229647066,280.56714,77.596054,9.9942
336009064,282.15106,77.7717,9.95994
329153952,268.07977,76.00066,7.031
367856948,276.67703,76.13476,9.0417
367856951,276.7713,76.17126,9.9263
229642909,279.76468,76.1856,8.398
229595284,272.7397,77.1923,8.341
229614392,278.1989,76.7461,8.4296
229614595,278.17087,76.1821,9.0739
367857256,276.99298,77.00164,8.3626
229641819,279.40198,76.4589,8.1702
229650869,280.67297,76.25405,8.8912
376869175,283.33554,77.49931,8.1265
288638092,280.03058,77.96736,9.6851
229580390,270.1432,76.043846,9.28292
229613892,277.43738,77.547066,4.65106
229614265,278.14035,77.1326,9.4688
329153862,268.16727,76.30509,9.9367
367839745,275.92432,76.5932,9.65206
229642734,279.5294,76.73047,8.91031
229591040,271.96484,76.65143,9.7987
229591315,271.96194,77.56633,8.62055
229617943,278.44824,76.35621,9.7343
441792132,263.08142,76.66301,9.4801
441768698,262.08148,76.70944,8.20734
441791928,262.9644,77.34261,7.93893
229587435,271.85452,77.59314,6.49283
229613552,277.72128,76.60565,8.7473
441798682,264.19516,76.057526,9.4896
441813922,267.47693,76.97906,9.4635
441813918,267.36264,76.962875,4.5529
441806298,265.84756,76.954735,9.5922
441806297,265.92188,76.94995,9.52319
367857021,276.8187,76.36388,7.6856
424383229,277.4009,77.26876,8.22826
321600303,269.62778,76.204056,9.3878
367840083,276.04376,77.56138,6.16314
424383577,277.35425,76.225815,6.4087
229646964,280.39764,77.94483,8.97355
441736964,258.69516,76.39082,9.2187
356787356,268.91095,76.070114,8.27981
336008453,282.19525,76.24885,9.5171
367856931,276.8667,76.08743,9.98208
229595222,272.74997,76.979004,9.5197
367853169,276.34625,77.085884,9.139
229580016,270.31876,77.84553,9.70195
367857305,276.8383,77.134575,7.982
441810620,267.01053,77.39745,8.3219
229606077,274.09772,76.20796,9.34351
229595781,273.3613,76.8558,9.99621
229591601,272.5511,77.446846,9.6927
229609136,274.54825,76.18317,9.2149
229609099,274.57382,76.04108,8.8462
441806944,266.3497,76.55372,9.6893
329153513,268.26697,77.383965,8.9055
329153604,268.194,77.10879,8.2553
229595786,273.23953,76.8507,7.5275
229595862,273.15814,76.59745,9.7954
229609393,274.31418,77.1414,9.3588
367839638,276.21982,76.28733,9.3853
441720643,255.23265,77.61905,8.9412
357517444,267.95822,76.72931,9.9379
441727298,256.93845,77.22916,9.86113
441810122,266.599,76.671555,9.5655
229586919,271.5403,76.635345,7.4306
229587321,271.58957,77.96142,7.5298
441810716,267.10257,77.02923,6.98298
233500248,250.25655,76.264015,8.5461
329153579,268.32083,77.17249,9.9659
441799240,264.81726,77.79498,9.5282
229583484,271.00726,77.486755,8.25337
288382509,266.17352,77.91889,8.5428
229673411,252.32202,77.15862,9.889
441810968,267.15323,76.103584,8.5254
229609381,274.4382,77.11045,7.3012
441741415,259.95273,76.026276,7.53373
441795922,263.83936,76.39751,9.9404
356786208,268.41275,76.032005,9.871
441737748,259.0708,76.61674,8.7796
329153706,268.0937,76.75378,9.2537
441727161,256.64908,77.78464,9.33519
229591231,272.1955,77.25201,9.02926
441814145,267.46326,77.87293,8.863
233503112,250.9821,76.251724,9.7435
233007430,247.66167,77.44652,5.42511
441810574,267.20786,77.564285,7.8403
441810986,267.13766,76.03939,9.5513
441765480,261.68085,77.3228,9.39649
229586763,271.28445,76.08144,9.5437
441788380,262.52173,76.3923,9.26281
441810025,266.6611,76.35344,9.42156
233494936,248.83902,77.75519,6.3236
441720646,255.12492,77.614784,7.5408
160603620,245.23085,76.44698,8.4482
441720981,255.42819,76.27933,9.93681
229583612,270.81967,77.01625,9.72378
441740449,259.5643,76.19898,9.78
441721001,255.22623,76.21412,9.3271
229673287,252.38615,76.572495,8.8407
441765527,261.49637,77.11518,7.57565
441762211,260.8385,76.09509,8.2634
441720213,254.83662,76.55269,9.1792
288514163,273.12204,77.90533,9.96892
341874766,275.08395,77.672806,8.5657
341874811,275.2516,77.78309,6.6993
229595581,273.5071,77.57781,9.49843
229605513,273.84964,77.63425,9.7078
341874752,275.10928,77.638916,9.7195
233500868,250.68085,76.73712,9.86907
441802939,265.52875,77.71226,9.6913
441799694,264.8808,76.0206,9.2897
441802597,265.02982,76.8829,9.64257
334678768,245.39432,76.334206,9.5311
334678769,245.39934,76.335014,9.67956
441765460,261.36383,77.403824,9.13553
233503400,250.77621,77.51397,5.61
229671059,252.04958,76.29638,6.3772
441791485,262.90134,76.92311,8.4913
229676324,253.32837,77.21832,9.1464
441762205,260.88086,76.10659,9.6536
441810261,266.81454,77.159546,9.9846
441730091,257.23898,76.58172,8.7434
441791273,262.9171,76.24603,9.13133
441791515,262.82172,77.101166,8.83923
229673520,252.578,77.721886,9.87516
229673773,252.86975,77.0458,9.48694
441795983,263.75964,76.15074,9.85102
233500996,250.5349,76.17122,7.7818
233009941,248.02083,76.176025,8.582
441726910,256.51065,77.11299,8.4245
229673565,252.58746,77.9372,8.10178
356786314,268.5664,76.35094,9.4084
1271367154,250.77637,77.51328,9.2979
441723861,255.99113,77.85548,9.8404
441724181,256.00858,76.472046,9.99075
233500965,250.55511,76.3061,9.8408
334678792,245.64183,76.44506,5.9311
233007602,247.64499,76.75215,9.978
160603568,245.17497,76.68552,8.5979
160603672,244.96822,76.21278,9.6644
441714185,253.58238,77.9585,9.8148
441720104,254.68808,76.17019,9.6069
441724132,256.21902,76.69009,9.95774
441792258,263.0118,76.303566,8.3278
441714582,253.67712,76.2069,9.7838
441724119,255.90439,76.727005,8.92402
441806156,265.77304,76.4229,9.42373
441730688,257.50836,76.85715,9.5781
441761700,260.8057,77.919716,8.36772
441717641,254.30655,76.45611,9.9156
441761635,260.31357,77.723946,8.8756
235714240,253.96397,77.959694,6.59134
441737206,258.60483,77.3509,7.03994
441737848,259.0794,76.2166,7.7064
233010284,248.33353,77.68732,7.36743
229673305,252.30614,76.656296,9.28263
441730420,257.12277,77.978615,9.8477
233010666,248.71588,76.51104,7.4327
441730360,257.3278,77.67834,7.9494
441734235,258.26575,76.31233,9.97139
441727261,256.8312,77.41569,8.9403
441734091,258.4033,76.903694,7.75649
233010383,248.62581,77.653946,7.00352
229673635,252.74355,77.659134,9.6624
441717161,254.04224,77.65274,6.7301
441720079,254.68373,76.10917,9.08041
441799643,264.52618,76.20544,8.2769
441720075,254.7143,76.0991,9.77013
160618927,246.2146,76.483894,9.8067
441714219,253.52133,77.825226,9.985
233007216,247.43188,77.37705,9.626
233007333,247.70895,77.96124,8.1548
441761684,260.51007,77.978584,9.9668
441762221,260.89383,76.055046,5.9137
367682598,247.03886,76.23346,7.27812
367682700,246.86285,76.68889,7.72058
329153865,268.00385,76.29824,9.97018
233503518,251.43501,77.889626,7.57053
233497859,249.89651,77.3596,9.5676
441737776,259.2448,76.53118,7.09
441717582,254.6019,76.69587,9.6853
328997767,249.19461,77.95907,8.28883
441737508,259.18204,77.48511,9.21181
441737883,259.18555,76.05995,9.28515
160602888,244.52585,76.15784,9.7159
233494920,249.11066,77.82056,7.9888
233494956,248.92357,77.62817,8.1484
233503281,250.94295,76.99993,9.8822
160603595,245.13103,76.567825,9.88431
233503280,251.07169,76.99413,9.6969
233503135,251.05777,76.32013,8.78317
441765083,261.14545,77.15604,9.60017
160602913,244.68292,76.23379,9.3254
233497776,249.78128,77.86945,7.04581
233500939,250.3926,76.43519,9.84619
441727430,256.9823,76.75288,8.4906
441727280,256.68924,77.30274,8.5742
229670555,251.5529,77.220825,9.8008
326210250,245.67628,77.1306,9.32719
441726938,256.3854,77.21011,9.48167
233495065,248.82584,77.12027,7.823
233006934,247.51651,76.023964,9.9275
160603693,244.95522,76.14314,6.85252
233497818,249.68823,77.66691,8.76027
233497379,249.30215,76.16364,9.7967
320324501,246.57982,76.673164,9.9928
320324464,246.58162,76.48836,8.87587
233495044,249.14853,77.221855,8.66892
229676244,253.1829,76.85263,7.04784
362218388,285.45264,79.94111,9.529
362217736,285.4508,78.36135,9.81207
362222646,286.22775,79.64664,7.0708
362222572,286.56915,79.489265,9.5222
237108343,257.09677,78.828804,7.0999
362220017,286.02594,78.75313,8.3022
237108399,257.36996,78.99628,9.8808
237108272,257.13922,78.58699,9.303
237108118,257.39896,78.203926,9.82432
362222686,286.2283,79.755135,8.6218
237106978,256.64447,79.15626,9.9514
237107119,257.01566,79.64997,9.47978
362217907,285.55222,78.770645,9.8361
288299361,261.40677,79.07243,9.6135
362222289,286.35184,78.83232,9.82938
237108377,257.33316,78.93878,9.6235
288300554,262.28244,78.14048,8.70424
288241868,258.24817,78.31257,8.9371
288267996,259.42166,78.63323,9.4689
288268208,259.52002,79.41113,8.6771
328999844,250.75319,79.34733,9.9526
362220495,286.2227,79.7553,9.863
288268170,259.81226,79.30535,7.1747
288391895,267.37274,78.42914,8.7601
237108567,257.21127,79.64088,9.5625
328998004,248.97485,78.70105,9.9518
288269394,260.57736,78.39378,9.2878
288242217,258.7156,79.54479,7.98764
288382697,266.0749,78.558105,9.599
237105264,256.29288,78.57529,9.19899
288240522,257.68484,78.641014,8.65848
288405772,267.71945,78.40253,9.94261
288299091,261.17166,78.22002,9.58539
270495007,251.42209,78.56945,9.9015
270495263,251.69682,79.355995,9.14735
288390206,266.74222,78.48471,9.9958
288242213,258.80585,79.518105,9.1365
288242240,258.8326,79.615906,9.3327
288471431,271.2256,79.11182,8.19465
235710363,251.92404,79.69932,8.2182
288344330,263.57968,79.1294,9.1401
288343933,263.64883,78.005104,9.5539
288469420,271.11133,78.363335,8.75085
235713106,253.12912,78.912025,9.7346
288268192,259.85196,79.37105,8.6583
288346083,264.40308,79.213295,6.94628
288344479,263.55054,79.59128,9.58696
288407511,268.55325,78.71512,9.15296
237106570,256.9768,78.02436,9.3894
288391863,267.54214,78.30653,4.95044
235712938,253.10785,78.295364,9.6264
235713102,253.41115,78.90235,9.71852
328999765,250.7152,79.140175,9.97922
328999817,250.95758,79.28935,9.95434
288407499,268.5242,78.67963,7.19432
235717346,255.01874,78.09906,5.7285
288300641,262.31824,78.38531,9.04391
288347573,264.9878,78.670944,9.61146
288242325,258.8291,79.93016,9.7486
288268270,259.75476,79.618835,9.8278
288379892,264.92538,79.78806,9.0301
288430829,269.93393,79.349754,9.6736
237106658,256.894,78.26757,9.7646
288299418,261.38913,79.25555,8.60934
288315686,263.50018,78.24955,8.82235
288347430,265.14536,78.24246,7.8703
288347652,265.1833,78.92769,9.8671
263969121,288.043,79.28356,9.5092
263969178,288.42215,79.414444,9.8941
237107060,256.69916,79.42343,9.35615
263971252,288.76178,79.328735,9.2248
288405918,268.11624,78.825615,8.7969
288516301,273.89352,79.064896,6.7772
288405672,267.67285,78.04621,9.71544
288381465,265.7798,79.62172,9.625
235714568,253.8454,78.94744,8.1141
288240473,257.77216,78.519646,9.7911
288240477,257.7149,78.52867,9.4192
288381145,265.44104,78.60925,8.2132
288525537,274.74487,78.38266,8.0757
288525542,274.95233,78.39509,9.355
235715936,254.73097,78.648346,9.0996
288312457,262.44873,78.33296,8.8305
237105560,255.97385,79.426765,8.8258
235714526,253.8633,78.79154,9.3133
288313050,262.49445,79.23235,7.8309
288430984,269.88834,79.80762,7.45704
288510158,272.36963,78.16814,8.3886
288390174,266.82956,78.391335,7.9488
288347732,264.85608,79.16352,8.00554
288429225,268.97113,79.83195,9.2096
235714402,253.87952,78.458664,9.82304
237105413,256.41937,78.887436,9.4553
288390436,266.5669,79.120415,9.9957
288312852,262.47186,78.93842,9.6348
288523803,274.06482,78.24707,9.9254
288381347,265.69476,79.27059,7.8377
288266732,259.14917,79.57348,9.1053
235711734,252.98975,79.13003,9.4293
235711533,252.96774,78.45675,9.5033
235710322,251.90918,79.50371,5.76604
235715893,254.39807,78.499,7.8726
288430685,269.92838,78.98658,8.2746
288525466,274.75668,78.149666,9.7267
288240748,257.704,79.464096,8.42306
288379873,264.79126,79.71467,9.46076
288471678,271.34384,79.86288,9.92659
235711836,252.95386,79.50885,7.4967
235711691,252.67845,78.99338,9.6162
288300796,262.09256,78.862854,8.5113
288471077,271.40283,78.156204,9.5273
235711657,252.4796,78.878174,8.168
288392195,267.2158,79.33268,7.13574
288603869,276.53943,79.62857,6.92993
235712867,253.4438,78.03449,9.24495
288391830,267.42914,78.202835,9.0029
288269589,260.6421,78.9906,9.1218
288313416,262.38956,79.841194,9.5763
288428625,269.29007,78.17558,9.9468
367753470,255.73906,78.473434,9.3048
288381570,265.7288,79.95122,9.5329
288471651,271.25198,79.78301,9.3901
288382830,266.24408,78.90619,8.84899
288380973,265.50342,78.09536,9.7463
367737522,249.46974,78.91867,5.38503
288382986,266.0201,79.38976,9.5748
235900846,289.23224,78.35657,9.4146
288390564,266.7981,79.4812,8.0465
288603924,276.8897,79.79485,7.76475
288268074,259.6395,78.927536,8.5605
288268259,259.52194,79.5758,9.9727
288601649,275.95148,79.02364,9.29316
288601702,275.94623,79.16892,8.44426
235901104,289.39804,78.934494,9.65318
235902767,290.14975,78.012634,8.9247
235902851,290.178,78.16007,7.20798
235900768,289.63956,78.14075,9.8374
235901003,289.56277,78.720375,9.69857
235900750,289.58972,78.09566,8.8657
288392174,267.151,79.270065,9.8856
350695193,287.09116,78.04681,9.9385
235904874,290.8885,78.08038,9.1319
235902789,290.2049,78.041824,9.55063
288429070,269.30377,79.33126,8.5022
350697334,287.4846,78.289925,9.36805
350733775,287.79843,79.61924,9.1821
350733850,287.44098,79.778564,9.6798
235930029,291.5353,78.603355,9.4272
235901286,289.2857,79.34953,9.77789
350697314,287.67807,78.23994,9.8015
288313175,262.83643,79.43172,7.87916
288313264,262.5444,79.59285,8.5305
288405939,267.8379,78.88896,9.64171
235901187,289.61,79.12707,6.83873
288599725,275.23315,79.06634,8.6966
235905057,290.4827,78.47044,7.776
235927660,291.05234,78.14477,7.7066
235902781,289.97556,78.03163,9.4179
288432312,270.17203,78.4458,9.94844
394030536,282.50024,79.95228,9.7136
235929948,291.5758,78.43496,9.63028
367737270,249.83656,78.161606,8.3668
394048824,283.0725,78.70307,9.5563
288382992,265.9907,79.40963,9.79519
394030068,282.47787,78.83956,7.58388
288514635,273.29065,79.427315,7.9011
288430717,269.81335,79.04007,8.9354
394049292,282.78046,79.81289,8.70308
394049115,283.19086,79.36396,9.92852
367737263,249.95662,78.15583,8.42762
367737225,249.81357,78.05246,9.7272
394089852,284.763,78.05936,9.46796
394048891,283.14374,78.8581,9.37868
367753787,255.61566,79.29545,9.25598
394030212,282.63232,79.16769,9.0852
394087794,284.3582,78.319496,8.7467
394029948,282.22903,78.568855,9.69902
288469691,270.56183,79.12574,7.4671
288469903,270.9475,79.83662,9.6456
288430429,269.80627,78.24007,6.9557
288345799,264.619,78.38818,9.1274
288345988,264.6363,78.96401,9.4855
394087815,284.46088,78.353714,8.2302
394030121,282.5506,78.96606,7.62219
394030073,282.17828,78.85592,8.05151
394087870,284.0458,78.47751,9.62184
288468208,270.31964,79.96547,7.41089
288407573,268.3095,78.909706,9.3646
394090379,284.54208,79.21534,9.3497
288407574,268.34143,78.911415,9.8402
394090250,284.8934,78.92243,9.1476
394090460,284.6446,79.38907,7.81542
394089995,284.8495,78.35392,9.35037
288632208,278.6591,78.414375,9.0762
288603298,276.72653,78.17899,9.7503
394090372,284.67776,79.20032,9.1402
394090105,284.55893,78.58112,8.9538
288514703,273.07062,79.60359,8.5022
288611161,277.92902,78.36594,8.3778
288524048,274.2165,78.96666,7.7912
288603793,276.62,79.42325,8.1149
288430710,269.419,79.02395,9.6895
288611438,277.9117,79.07826,9.8366
288634191,278.72858,78.36453,9.8945
288632550,278.41583,79.24203,9.0251
288636287,279.61008,78.51629,9.4321
288611788,277.86838,79.98781,9.5601
288599762,275.6772,79.17094,7.8514
288392104,267.51553,79.07854,9.0844
288601699,276.3609,79.15537,9.8122
288638328,280.2557,78.521065,9.152
288636459,279.31134,78.900536,8.2142
288634165,278.77063,78.301445,9.4124
288601847,275.88202,79.52243,8.104
288601729,276.03543,79.222694,5.62072
288601513,276.12823,78.656265,9.99993
288603398,276.42142,78.434326,9.4167
288523885,274.05038,78.52226,9.21663
288510440,272.54153,78.94463,9.64741
288523792,274.4661,78.207146,9.483
288611263,278.00165,78.6321,9.93616
288524110,274.5184,79.13972,8.8454
288611645,277.57578,79.60638,9.0291
288525848,275.12177,79.17793,9.4295
288636169,279.48108,78.28378,9.8985
288609294,277.3893,78.327385,9.05866
288634469,278.72092,79.04802,9.26327
288609401,277.40918,78.566666,8.0064
288611146,277.58047,78.33364,8.1423
288611709,277.70358,79.77296,8.7502
288636381,279.78333,78.71366,9.24296
288636515,279.83832,79.04276,7.8203
288734747,282.1235,78.12801,7.8647
288735273,281.7883,79.43905,8.4013
288735206,281.64474,79.25734,9.614
288636734,279.29135,79.605675,9.98787
288673070,280.86307,79.77962,9.535
288672194,280.5628,78.66364,9.6108
288636771,279.57452,79.69796,9.79
288677359,281.09976,79.73008,8.97898
288316471,263.1704,79.58119,9.2532
284800525,260.19244,78.521805,9.1498
284800747,260.24628,79.26558,9.4855
284800417,260.51773,78.19494,9.9731
288673216,280.54395,79.95728,9.1822
288671625,280.93384,78.05609,9.6341
288676515,281.4202,78.66205,9.0306
288677533,281.40903,79.94266,6.1284
288676256,281.1258,78.38365,8.53657
288671788,280.87262,78.21618,9.2348
288514386,272.95703,78.621605,9.0213
1551775641,272.95703,78.621605,9.0213
367754232,255.76234,80.67333,9.43101
284801418,260.43903,81.38458,9.21097
362220719,286.1554,80.279144,9.0828
362220646,286.12967,80.10605,9.24115
362222824,286.38593,80.09288,9.2848
362222903,286.25027,80.30552,9.99903
362222875,286.4778,80.234856,8.94268
288301192,262.25763,80.20955,7.80137
288301253,261.77454,80.35835,9.4452
288268410,259.90463,80.1364,4.38512
288298444,260.98056,81.28498,9.1862
288299645,261.55475,80.05378,9.0883
288268718,259.74615,81.37865,8.8347
288268548,259.74857,80.67823,9.9669
288300094,261.27707,81.963715,9.3529
288298309,260.65485,80.75147,9.7984
288298382,261.06702,81.03575,9.48966
288468708,270.45462,81.657005,8.9837
288299827,261.21008,80.863174,6.7486
288470045,270.86386,80.31664,9.42628
288383205,266.12723,80.093025,9.3126
288344922,263.83035,81.02702,9.1272
288345034,263.6122,81.43484,9.0216
288470394,271.06158,81.58204,9.5795
288390979,266.7352,80.89694,8.83015
288242690,258.5286,81.29502,9.96626
288346549,264.59836,80.6502,8.69899
288406381,267.7328,80.37788,9.96436
288381663,265.5492,80.28245,5.2545
288344752,263.63068,80.48614,9.6558
288344769,263.52945,80.53448,8.20458
288345161,263.99417,81.91583,9.8795
288301400,261.96542,80.876884,9.7269
288267230,259.2454,81.44675,9.3092
288380400,265.2739,81.72263,8.8416
288511041,272.71567,80.74993,8.2796
288406621,267.89127,81.14623,9.10714
288470159,270.72592,80.65045,9.2233
288299990,261.43515,81.49354,9.7174
288268709,259.5828,81.358955,9.9005
288316797,263.0269,80.046425,9.6183
288299882,261.27945,81.056175,9.68735
288345106,264.1096,81.69635,9.85595
288389432,266.37766,81.32349,7.927
288514925,273.4109,80.30372,9.659
288408294,268.3548,81.31147,8.65205
288383445,266.0537,80.94309,8.69188
288408372,268.74918,81.583565,8.984
288515156,273.37912,81.075775,9.7338
288515404,273.17453,81.97693,9.9747
288381881,265.52545,81.042946,9.9646
288383369,265.89145,80.6965,9.7254
288511239,272.3621,81.4727,8.3574
394051789,283.72916,80.71213,9.1602
394049709,283.29324,80.97744,9.2877
394049497,283.19363,80.40067,9.52639
288314258,262.41953,81.258965,9.7774
288391089,266.43964,81.3168,8.9474
288468223,270.0147,80.00085,5.5691
288314298,262.7107,81.31961,9.7239
288524414,274.2472,80.19367,9.6196
288406470,267.8545,80.65092,6.0695
288516705,273.96014,80.288574,9.4477
288526325,274.68903,80.56579,9.7958
288526677,275.191,81.85507,8.1489
288516853,273.49664,80.65827,7.98614
288266911,259.08087,80.16595,8.9908
288509127,272.28278,80.15203,9.92161
288509501,271.88446,81.518265,9.51201
288317447,263.09616,81.13982,9.524
288317604,263.12646,81.399895,9.7998
288380437,265.22516,81.87849,8.7067
288507795,271.32492,81.48131,8.6436
288507797,271.33224,81.4856,7.73547
394049491,283.0328,80.38772,9.5952
288516828,273.69955,80.58955,8.7287
394030788,282.20407,80.67393,9.7307
394090734,284.56247,80.056526,8.3439
394049614,282.77917,80.72681,9.1041
394088898,283.94922,80.94555,7.9631
288268646,259.97073,81.077774,8.2598
288406536,267.88773,80.90511,7.7082
288391042,266.911,81.14496,9.7763
288268653,259.8256,81.103294,9.22228
288406634,267.62183,81.20827,9.1816
288610338,277.34097,81.36691,9.61738
394090913,284.63596,80.44835,7.1094
288470337,271.03357,81.32506,9.8448
288609957,277.08847,80.19956,9.2439
288468292,270.25406,80.21644,9.47166
288392504,267.03415,80.28623,9.39098
288610373,277.50943,81.484344,9.8761
288431301,269.8503,80.78339,9.5828
288602487,276.16608,81.38521,9.1543
288406443,267.98392,80.55849,9.8644
288515279,273.1952,81.4764,6.0459
288406747,267.98892,81.66213,8.3836
288602288,276.27548,80.78163,8.5456
288470307,270.9026,81.21142,9.5531
288470301,270.7367,81.19713,9.3071
288510789,272.46048,80.01031,9.8085
288610414,277.2309,81.64565,8.6698
288524895,274.61798,81.92502,8.4732
288610210,277.1804,80.89911,9.9776
288524497,274.07056,80.46249,9.7639
288468466,270.04398,80.7567,9.66087
288524366,274.17056,80.03577,9.24451
288431266,269.65936,80.66217,8.55827
288516967,273.7227,81.05269,8.2047
288631355,277.63547,81.51565,9.78501
288516817,273.65994,80.575874,9.62753
237108962,257.52893,81.12181,9.0739
288637368,279.51276,81.37013,9.5325
288468722,270.19974,81.71432,9.91041
288392900,267.53534,81.85281,9.61985
288468229,270.0383,80.00411,5.1926
288468339,270.2948,80.37367,9.88772
288602183,276.31088,80.4623,9.47111
288524494,274.29886,80.45082,9.2825
288408131,268.59518,80.76642,9.7713
288526133,274.7635,80.02292,7.26189
288431321,269.94272,80.84233,9.01714
288514905,273.32614,80.23685,9.42482
288602513,276.03293,81.4369,9.5251
288600620,275.5193,81.77284,9.52127
235718029,254.89275,80.54913,9.0337
288639491,280.08707,81.73076,9.7267
288468502,270.3928,80.90446,9.6771
235716445,254.3995,80.256485,9.29958
288608395,276.88455,81.18969,9.97185
288608399,276.619,81.19557,8.85043
288602077,275.8761,80.096855,9.72574
288639452,280.185,81.56166,9.22989
288635288,278.9706,81.36967,8.8809
288431398,269.40875,81.2141,8.8228
288633447,278.5808,81.91967,8.5132
288602429,275.8145,81.22068,9.0997
237107259,256.84433,80.14417,9.54999
288608113,276.564,80.23821,9.3309
288633018,278.47925,80.52888,9.626
288636991,279.58087,80.294754,9.8078
235716527,254.64673,80.53523,9.4338
288633463,278.4193,81.970894,9.9941
288735939,282.1313,81.350876,9.861
288735742,282.05765,80.804054,8.1426
235714953,253.65938,80.2879,9.0358
288639245,280.2129,80.94272,8.6752
288735530,281.887,80.16054,7.835
288637346,279.52942,81.307846,9.0713
237105703,256.3369,80.00467,9.8036
288634838,278.82306,80.06773,9.5187
237105918,256.016,80.89463,9.74255
288314361,262.39587,81.42694,8.283
288313850,262.92004,80.54162,9.70498
288673861,280.78287,80.8725,8.5136
288673487,280.55936,80.32053,7.788
288673464,280.65244,80.30527,8.3648
288678344,281.13318,81.06542,7.5032
288678450,281.2155,81.21818,6.7174
288381980,265.493,81.374,9.801
288392997,267.25607,82.29631,9.9886
288515549,273.03226,82.5438,8.5042
288526807,274.69427,82.30837,7.5498
288511378,272.4132,82.08509,9.6978
288526818,274.68958,82.36046,9.9832
288430112,269.34607,83.04359,8.5256
288509699,272.05722,82.406456,8.92463
288391382,266.88727,82.40597,9.0153
288508161,271.13754,82.90891,9.8807
288610547,277.33582,82.13358,9.1894
288429972,269.21774,82.48641,7.67849
288469080,269.99478,83.1163,9.7952
288380518,264.9545,82.15297,9.47678
288380608,264.86102,82.49492,9.7839
1103448910,226.0505,-0.27220127,8.8357
1103352760,233.4959,-1.5153465,9.1439
157973361,226.0505,-0.27220127,8.8357
20983062,233.4959,-1.5153465,9.1439
176002836,235.60301,-0.338738,9.898
188288435,237.62016,-0.072093,8.111
46203895,234.14047,-0.559618,8.578
287877662,216.04532,-1.016087,7.7
38991680,229.73114,-1.5923883,6.4252
38991225,229.72665,-1.9818932,9.4601
188343143,238.80258,-0.10370474,9.988
188343181,238.82033,-0.17078502,9.368
188343284,238.83476,-0.3938691,9.2635
176013853,239.22464,-0.9551006,6.0291
176013938,239.22562,-1.1620237,8.7523
176013630,239.21489,-0.47509196,9.4836
176013743,239.25362,-0.74523157,6.0849
176013713,239.27634,-0.6671464,9.53607
188337369,238.54941,-0.5931,9.427
176012511,239.09378,-1.6857128,9.9733
176012907,239.09341,-0.9125072,9.7801
188337030,238.50119,-1.4228209,9.4207
188374763,238.93097,-1.4363983,9.886
176012908,239.15366,-0.90854007,8.86094
176057314,239.44017,-1.8365,8.4816
176056507,239.41742,-0.091744915,8.16973
188342874,238.7273,-0.32810184,9.7938
188338099,238.57701,-0.97514445,9.9756
188293579,237.93405,-0.14741789,9.2923
188293046,237.72728,-0.95294625,7.52738
176076473,239.88037,-0.62993795,7.8591
188338402,238.60522,-1.6904036,9.6731
176066483,239.55849,-0.48264587,8.48716
168456383,239.93654,-0.14608462,9.3682
176066907,239.73665,-0.37192354,9.38621
176055765,239.39987,-1.3959837,9.63425
176065997,239.56471,-1.5923839,9.9379
188318985,238.30534,-1.2599062,8.7688
188268736,237.42996,-0.30435944,9.5079
188319750,238.43544,-0.32471538,8.4552
188319937,238.35376,-0.7523508,9.3538
188268293,237.31552,-0.6489047,8.2358
188319705,238.33635,-0.2302831,9.4798
188268248,237.34618,-0.7658252,9.24816
188319022,238.27469,-1.1289198,8.725
188288272,237.50702,-0.23615642,8.1919
187411407,236.79951,-0.8555361,9.7751
188287723,237.5476,-1.5944091,9.5222
188287985,237.52951,-0.9334813,9.6093
188292894,237.74998,-1.3347855,8.2745
187411330,236.8506,-1.063417,7.359
176002944,235.61174,-0.042171273,8.7374
176002835,235.60156,-0.33877742,9.7335
187349466,236.09543,-0.36717263,9.6845
20898952,232.64992,-0.8497216,8.5782
20899363,232.64745,-1.9206318,9.953
187386344,236.55972,-0.5294293,9.6242
176002796,235.5741,-0.42288953,9.14005
46204455,234.32562,-0.16380303,7.829
20810683,231.82567,-1.282134,9.9594
272348011,233.6226,-1.4502691,7.6549
188314515,238.18611,-0.35314018,8.2882
188314944,238.14409,-1.3301373,7.3526
188314617,238.15244,-0.59378874,9.851
188297992,237.96094,-1.3637152,9.6751
188314404,238.13849,-0.07802012,9.6919
187422570,237.13763,-1.3003409,9.2963
187344224,235.83965,-0.5975371,9.7705
20889375,232.36589,-1.7630442,9.96293
272347667,233.6073,-0.09657025,8.8558
46264308,234.82144,-1.7567592,9.0808
188288794,237.6235,-0.8859349,8.71084
188293830,237.95535,-0.72959733,9.70575
187349734,236.17517,-0.23062941,9.70281
188269208,237.42877,-1.4773654,9.9671
188288434,237.62143,-0.07196959,9.2785
187385833,236.6077,-1.2387913,9.3621
20899133,232.60492,-1.3188089,8.5569
46254011,234.54837,-0.42886275,9.9889
46174695,233.92603,-1.4763614,7.9315
187317415,235.88834,-1.927452,7.60472
187411491,236.87756,-0.66705626,9.8809
187422438,237.22006,-1.0012726,5.08894
187412403,236.96039,-1.3612721,9.2409
188298489,237.97401,-0.046679664,9.0792
188314544,238.1955,-0.42605272,9.27542
187411511,236.84584,-0.61207443,8.7167
188314814,238.14612,-1.03134,7.83001
188269043,237.43056,-1.1000917,9.1733
188269108,237.4498,-1.244427,8.4281
187421568,237.06128,-0.88762444,9.9854
187421842,237.08104,-0.24046536,8.307
46149388,233.70656,-0.14654098,6.58892
187345305,235.9744,-1.9666175,9.2291
46303082,234.96843,-0.32966602,9.2044
46303671,234.98676,-1.7683762,8.7569
46360293,235.22353,-1.7927988,8.8942
46150063,233.84856,-1.563324,9.2798
46302788,234.87823,-0.2904802,9.4815
46303298,234.98909,-0.85806024,9.2251
46303668,235.01302,-1.7586424,8.6657
46376349,235.47005,-0.8133185,8.6117
180349194,231.12769,-1.7951096,8.7713
20982892,233.48149,-1.9288751,8.649
188268799,237.4671,-0.47075337,9.68323
188288464,237.69948,-0.13523711,8.17462
188289060,237.62894,-1.4998177,9.35457
180352690,231.34798,-1.4473987,9.2272
20941037,233.24141,-1.1864003,4.577
20940906,233.19676,-1.512814,9.0601
20941380,233.15552,-0.33391312,8.3871
187421439,237.0943,-1.2180156,9.8407
187411636,236.82121,-0.26991123,6.4417
20930323,232.95901,-0.18577178,8.9306
20937755,233.10101,-1.7835135,6.0677
20930014,232.91374,-1.0978096,9.7922
180352671,231.3341,-1.4882329,8.76865
180348267,231.08768,-0.54411787,7.18408
20929758,232.96393,-1.8827623,9.9035
20930460,233.14133,-0.039136644,9.89729
187344385,235.90186,-0.2084605,9.7556
20810513,231.8263,-1.8299792,7.3474
20810739,231.71611,-1.0678647,9.0569
46359144,235.1066,-0.9124381,7.0505
20811633,231.89944,-1.7165501,9.7666
20902437,232.73308,-1.3108162,9.46552
20926671,232.83975,-1.2322556,9.9855
46375664,235.42142,-0.7969263,8.8587
46262856,234.67416,-1.7869211,7.34724
46375739,235.40842,-0.5789584,9.4609
46263335,234.64905,-0.5993382,8.2231
46263451,234.64346,-0.30153212,9.55
46203893,234.14046,-0.561529,5.7717
38902449,228.89441,-1.4804423,9.8047
180326820,230.59438,-1.3755972,9.9821
46263480,234.6263,-0.235255,9.94057
175966177,229.93237,-1.0318048,9.97448
46253072,234.47862,-1.823304,9.83075
180283506,230.05128,-0.21996789,8.0562
180357487,231.52783,-0.8566384,9.3507
180332228,230.94214,-0.74020123,9.7853
180332391,230.92278,-1.1626271,9.8008
180332572,230.9529,-1.655155,9.9855
46263737,234.7544,-0.31150004,6.9778
46263548,234.68597,-0.059009515,9.31606
180284243,230.26718,-1.9511719,8.7636
180284100,230.26277,-1.4607025,9.6874
20930033,233.02725,-1.0520657,9.0667
180283733,230.15793,-0.3482042,9.32111
180357401,231.5325,-1.0597452,8.7355
180421166,231.63239,-1.2533846,9.83
180421240,231.65599,-1.4153336,9.7428
46176050,234.0421,-1.9260327,9.791
38841673,228.50604,-1.8864008,5.7308
180332342,230.93213,-1.0223851,5.8743
157873625,224.96106,-0.072831094,7.73701
38946778,229.34676,-0.031441823,8.9881
180327915,230.66447,-1.5358127,7.28245
180327817,230.63248,-1.2831439,9.3952
38931689,229.07162,-0.16934836,7.9295
157860791,224.80264,-1.8075533,7.7845
157860923,224.77612,-1.3319253,9.2778
38931525,228.95914,-0.056726377,9.2871
180283095,230.0901,-1.5257403,8.7917
180283209,230.11293,-1.1791236,7.98273
38946681,229.18861,-0.052454025,9.3441
38819443,228.05977,-0.99638224,9.7206
38961047,229.51538,-0.6477962,9.172
38829323,228.1677,-1.0746907,8.4419
38961420,229.64543,-0.20703031,9.9987
38961629,229.61499,-0.7862111,7.0156
189745981,222.28578,-1.6891136,8.1525
38829077,228.1562,-0.38158795,5.5506
38961505,229.60886,-0.4612319,4.49407
38961551,229.63583,-0.597227,8.41421
180327919,230.66742,-1.5415802,9.21217
180327756,230.72588,-1.1336229,9.8185
180327760,230.65202,-1.1397104,9.61235
157985664,226.40442,-0.74684596,8.0857
157985313,226.21242,-0.33998865,9.84369
157985461,226.31712,-0.061479706,9.3596
157985474,226.31326,-0.11901745,9.7675
157986007,226.30711,-1.8199356,9.7117
180283465,230.03268,-0.33212036,9.14276
180283428,230.08469,-0.45772964,8.48653
46204106,234.20041,-0.25196698,8.66242
38931236,229.03886,-0.70793974,9.99305
38932276,229.0654,-1.7325201,8.4169
157860784,224.74603,-1.83314,9.38213
38829423,228.21687,-1.3519868,8.5079
175962637,223.72244,-0.5519855,9.78467
38833091,228.24747,-1.0557381,9.9617
157985679,226.29895,-0.7917169,9.27604
157985846,226.40154,-1.3158697,7.8235
38829360,228.19844,-1.1661029,8.5436
38961266,229.4293,-0.026708668,9.86738
38819221,228.0472,-1.5518254,9.5826
38819787,228.08067,-0.07686308,9.57842
38961401,229.66264,-0.1677836,8.46175
157873734,224.91129,-0.45398873,8.85426
189791854,222.74944,-1.383812,8.6076
38832968,228.28877,-1.4016095,9.05605
38730994,227.46162,-1.519965,9.57517
38734201,227.59941,-1.7506515,9.6645
38901184,228.71806,-1.853645,9.8451
38901390,228.74008,-1.3468343,9.5895
38901845,228.73233,-0.14096154,8.1633
38829591,228.10347,-1.7502813,9.65712
189745770,222.22539,-0.8476595,6.17555
101516311,221.36882,-0.6201273,9.2171
101516817,221.57419,-0.83377516,5.95563
101516388,221.40643,-0.36475474,6.9369
20902310,232.69867,-1.6332271,9.63973
180353704,231.43497,-1.2544212,6.7134
157909478,225.45384,-0.14030772,4.1376
20941587,233.37872,-0.14432395,8.88772
20941099,233.2276,-1.0041689,9.2534
20942026,233.30144,-1.3123941,9.5865
20941963,233.35826,-1.1124656,9.9378
20942063,233.38258,-1.4325421,7.9961
20799979,227.36488,-1.8838801,8.2496
175837119,224.67722,-0.5540586,6.379
157944102,225.6947,-1.4727695,9.4423
157944118,225.74239,-1.4318249,9.8716
157944720,225.8465,-0.50766164,9.7368
157944776,225.9254,-0.70878375,9.6473
180289619,230.3779,-0.8724086,6.60995
20719009,226.42825,-1.9854321,6.44895
180289854,230.27927,-0.23136918,7.29745
180289725,230.27603,-0.634438,7.6677
157944726,225.83269,-0.5306025,9.5811
157944936,225.868,-1.2979597,9.9515
38945989,229.26372,-1.7429606,9.4756
38841751,228.56453,-1.6192572,8.5592
38838251,228.34279,-1.149059,8.4519
38838247,228.45905,-1.1267765,9.7264
38838420,228.37411,-1.639989,7.6661
157876567,225.00917,-1.8722959,8.00626
157909831,225.63501,-0.984065,9.2425
20741993,226.70247,-1.3035656,9.0081
157909980,225.6623,-1.5022154,8.6904
175961853,223.58713,-1.8722097,9.14435
157877075,224.99532,-0.121551,9.89976
38901456,228.78102,-1.1740751,8.10017
101537570,221.70178,-0.36927906,9.5487
38947169,229.41844,-0.9848778,6.45251
157885291,225.25105,-1.4244026,9.925
157885301,225.22263,-1.3984753,9.0399
180289698,230.28664,-0.7096257,9.0395
20742127,226.72426,-0.85738117,9.1827
20742405,226.87233,-0.08578294,8.3573
157873489,224.73502,-0.3427018,7.20019
175963032,223.69888,-1.9385501,9.7309
111100686,219.61725,-0.53063154,9.4831
111100800,219.61797,-0.112570465,9.5349
20742344,226.70886,-0.046593145,9.3921
20742532,226.83311,-0.5312994,9.7923
180348027,231.00479,-1.2331018,9.42569
38815780,227.93301,-1.0334455,7.3002
189804319,222.88268,-1.1444898,8.60001
101516157,221.41489,-1.0818886,9.3095
38768391,227.96133,-0.31090817,8.8749
20788643,227.00043,-0.05570366,7.5749
157944794,225.82903,-0.78697026,9.67857
157944852,225.92941,-0.98782,9.5185
38872410,228.68053,-1.5288264,9.90169
38872578,228.5869,-1.9786925,9.7036
38961923,229.57161,-1.598552,8.7151
38872073,228.66568,-0.55273026,9.88099
189745638,222.21858,-0.32692102,7.6262
38946893,229.41698,-0.40306747,9.34026
189839954,223.44441,-0.42468166,7.0336
189791248,222.61856,-0.82323,8.115
189791832,222.68504,-1.2745472,9.9112
189791251,222.56749,-0.8102524,9.7163
189791582,222.7504,-0.25749445,4.92296
189791519,222.76059,-0.026774013,7.57355
111101100,219.69205,-0.83808225,9.46712
111100968,219.74802,-0.33236745,9.10207
189791868,222.74316,-1.4346952,9.62988
111101049,219.75374,-0.6502691,9.9503
175797592,224.0097,-0.69523346,9.3401
175797659,224.0267,-0.47291484,9.50155
175797802,224.05856,-0.0069959112,9.9567
20719267,226.51558,-1.0043987,9.9831
157860753,224.75464,-1.9187399,9.9313
175836728,224.51022,-0.58330137,8.678
175837281,224.66582,-1.0215635,9.03659
175836591,224.57912,-1.0824612,7.7093
175836793,224.49196,-0.36937314,9.2555
175837088,224.62567,-0.4853107,9.3751
157972918,225.93651,-1.6632046,9.78754
189745892,222.20973,-1.3642584,9.2214
101516948,221.5788,-1.2766877,9.6841
38838329,228.46207,-1.3513875,5.884
189745275,222.14531,-1.1175315,8.4856
189808574,223.20445,-1.213481,8.53934
272292564,220.56242,-1.6834818,9.6899
38838429,228.39474,-1.6667567,9.13073
101516901,221.52924,-1.1422583,9.2102
101516904,221.59532,-1.1586664,9.0799
157861023,224.73302,-0.94805825,9.6194
189791617,222.72168,-0.41162676,9.0211
189791659,222.70427,-0.5575088,8.09127
38871709,228.56036,-0.37338898,9.0386
101506048,221.22205,-0.72391635,9.2996
101537958,221.7491,-0.8095118,9.1266
181958525,218.21806,-1.810732,9.6968
181958567,218.11787,-1.9670615,8.9751
101538248,221.73566,-1.7345259,9.1637
157885600,225.28883,-0.36338496,8.0933
157885393,225.3313,-1.0546368,7.821
157886198,225.39633,-1.6549851,9.6356
287930381,216.2026,-1.6220019,9.8718
189768752,222.47705,-0.93805385,9.6831
189768744,222.54547,-0.92501533,9.9364
287972337,216.65683,-1.0862088,7.7001
175797861,224.17435,-0.023303727,9.15547
189804554,222.83417,-0.24604912,8.6564
38767803,227.77559,-1.1695265,9.57469
287820278,215.12177,-0.22051829,9.65668
287820402,215.286,-0.10344129,9.5021
287820153,215.1506,-0.7127073,9.85781
101506761,221.29878,-1.4175355,4.30043
101506488,221.25299,-0.5774772,8.8026
272239703,220.02286,-1.0718293,7.8343
189807928,223.09741,-1.067365,9.61328
272242571,220.06136,-1.3855221,8.8692
101438127,220.87726,-0.04511834,9.29641
101537836,221.78232,-0.36265805,9.0522
185300822,220.78854,-1.5532738,9.6189
101537832,221.79851,-0.34984785,9.9641
189839618,223.37036,-0.3781548,8.5027
111150332,219.81401,-1.9785583,9.6648
272265377,220.21225,-0.39356261,8.5741
189839944,223.4577,-0.4055943,6.5407
101437751,220.90884,-1.2225893,9.0402
175794387,223.95198,-1.1455321,9.5065
175794590,223.90819,-1.8026884,9.8598
101506655,221.26561,-1.097833,8.81394
287957853,216.32019,-0.9894344,8.1722
185282886,220.67284,-1.6638304,9.5105
287877113,215.92139,-0.7492394,9.2895
287929341,216.13455,-1.8871142,8.6144
287877511,216.00548,-0.5403011,9.6453
157885632,225.32573,-0.2705894,9.99368
157886069,225.33583,-1.1664163,9.09687
287930110,216.1756,-0.62644154,9.768
189742711,221.96529,-1.5834547,9.6889
101516968,221.5107,-1.3311393,7.9088
189768370,222.34357,-0.25982028,9.33221
287877661,216.04477,-1.0151076,9.05859
287877659,216.0107,-1.0122663,9.69488
189790977,222.64398,-1.8676189,9.67219
20739480,226.56798,-1.8698782,8.51275
20719231,226.46965,-1.1882045,9.8888
287958398,216.5129,-0.69174725,7.8453
185282599,220.64598,-0.64823794,9.66928
185282606,220.68504,-0.6653342,9.4755
287819937,215.1827,-1.6329156,8.24668
181954909,217.79822,-0.23746128,8.8225
181955341,217.96252,-1.2334284,9.2078
189791469,222.63863,-0.025051245,8.61546
189791470,222.638,-0.02410065,8.28928
111150557,219.90344,-1.2084926,9.4902
189839302,223.36494,-1.445613,9.6032
111060372,219.2449,-0.14363645,9.4521
111150677,219.80179,-0.78241414,8.9124
111150805,219.86783,-0.24898532,8.4624
189807744,223.07225,-1.719048,9.91448
272242647,220.0661,-1.0630555,9.71518
189807823,223.13507,-1.4079062,8.38349
189808050,223.14996,-0.6245959,9.8052
189808112,223.07286,-0.3880056,9.55507
175487927,218.82071,-0.9923727,8.1845
181958237,218.17888,-0.743741,9.25912
181958212,218.20924,-0.6558004,9.7389
181958251,218.15715,-0.7931255,9.95328
181961339,218.441,-0.94733137,9.76124
175837227,224.64255,-0.8562183,9.7205
175837089,224.68755,-0.49027264,9.67038
157973758,226.10208,-0.90551424,8.00264
185301176,220.87047,-0.36874655,9.11902
189694127,221.87596,-0.4887389,9.94115
189694184,221.88637,-0.28147388,7.3401
272289855,220.3997,-1.3884976,6.7035
101537218,221.61273,-1.4469256,7.4813
175801638,224.38855,-0.1676123,4.5594
272289748,220.49696,-0.98603,8.3032
101537209,221.6382,-1.4727434,8.1668
272289594,220.41042,-0.43384027,8.2187
175800946,224.29364,-1.8693119,9.5059
181957606,218.01328,-1.7889924,7.54511
175802053,224.46252,-1.4826423,8.4816
101438395,221.05869,-0.6185237,9.09396
101437858,220.9007,-0.8755879,9.9527
175794483,223.89978,-1.4499316,9.11851
189840189,223.41652,-1.1301847,9.92288
287876776,215.84195,-1.9477289,8.6974
287929798,216.13696,-0.28881904,9.3131
287866558,215.7044,-1.5715463,6.8735
287866296,215.69328,-0.63713205,6.67541
287852749,215.48862,-0.10268885,8.6451
175496148,219.03256,-0.61128354,9.54368
181947339,217.02606,-0.62410516,8.8046
287958444,216.47205,-0.87798864,9.0128
287852322,215.43605,-1.3000652,8.71055
287852784,215.4821,-0.24296571,9.7418
182000076,218.53618,-1.4824898,8.03857
181947584,217.23776,-0.3359932,8.67858
287974885,216.83334,-1.7390924,6.9746
182000810,218.60857,-1.2928774,9.2953
287958083,216.36253,-0.29028842,9.1748
287974905,216.87935,-1.6819569,9.8764
287974940,216.86594,-1.5738103,9.8907
287975041,216.78949,-1.2335658,9.0227
287975025,216.79904,-1.3302603,9.9641
287975417,216.77458,-0.013694139,8.4591
287958524,216.43474,-1.1730235,8.56658
287866227,215.77696,-0.36168107,9.97119
287929984,216.19109,-0.211629,8.3659
287961010,216.54384,-1.8186362,9.9826
203232037,215.01544,-0.6096595,9.3586
287865894,215.61095,-0.84175456,9.7719
287866016,215.63658,-0.34185287,8.7116
181961048,218.30864,-0.026413353,8.6667
181961137,218.35112,-0.21938851,8.0858
451376433,214.76947,-1.1464312,9.95444
287853215,215.49406,-1.9880874,6.66321
181951324,217.58228,-1.9910738,8.86383
181952034,217.65118,-0.5225296,8.66827
111063565,219.31017,-0.252017,9.79525
111063462,219.35191,-0.48739624,8.91202
181950095,217.30807,-1.0703859,9.4109
181950107,217.28642,-1.0170825,9.8337
181950034,217.32333,-1.3731878,8.8701
272289659,220.43274,-0.7066408,9.74525
101537136,221.70587,-1.6953958,8.9082
175801311,224.2608,-0.8042158,8.77793
101537076,221.64069,-1.8734192,9.68005
101537168,221.69823,-1.5715859,9.92608
175801054,224.34038,-1.5679376,9.9422
175801180,224.35176,-1.2051473,9.92883
272289652,220.49744,-0.6516319,8.8495
101537261,221.64421,-1.3177454,9.26699
101537503,221.6537,-0.56207085,9.55192
175801103,224.35184,-1.4306618,8.95416
175802124,224.48392,-1.7308152,8.46473
175801667,224.39713,-0.24152298,9.8502
175801648,224.37215,-0.18492743,9.5805
203232128,215.00798,-0.20040466,9.83235
287972404,216.73776,-1.4377193,8.6485
181961211,218.44217,-0.5413409,8.89169
287975989,216.99866,-1.7690823,7.72606
182000844,218.70038,-1.4123849,8.35239
182000996,218.65627,-1.9733793,9.0025
182000540,218.58885,-0.29283226,9.3219
287975929,216.95888,-1.5621437,8.79386
181949958,217.31442,-1.7154138,9.33667
111060090,219.11005,-0.91868156,8.88326
203229493,214.95853,-1.5217044,9.3436
203229507,214.91225,-1.5871899,8.7186
181952271,217.73196,-1.4124858,9.0599
157877154,225.15112,-0.0024620204,9.97641
189768489,222.51373,-0.0055750227,7.34715
187377977,236.49332,-0.7995581,9.8123
187387199,236.70964,-0.47287485,9.3931
1103318229,231.48314,-2.0724056,9.6795
1103163673,237.30023,-3.2343218,8.59311
1103163674,237.29999,-3.2336822,8.35843
1103162432,237.51747,-3.1773107,9.53901
1103162433,237.5181,-3.1774137,9.5936
181950912,217.50215,-3.7208228,9.2718
175965087,230.00864,-3.916269,7.721
180357037,231.48314,-2.0724056,9.6795
180284643,230.18594,-3.037473,8.74
188272300,237.51747,-3.1773107,9.53901
188251578,237.29999,-3.2336822,8.35843
38988834,229.76544,-3.8518183,8.7547
38989290,229.67537,-3.5422518,9.1466
38997066,229.85495,-2.8523674,9.8595
188339235,238.67404,-3.8780637,9.5269
188339176,238.60692,-3.7540164,9.83028
188335991,238.51363,-3.9700682,8.4572
188333986,238.33365,-2.9157114,9.1906
188334018,238.34447,-3.0291908,6.971
188341223,238.78366,-3.9834764,6.2742
188341243,238.73167,-3.939507,6.6639
188341382,238.74614,-3.520315,9.0766
188373859,238.97285,-3.3367155,9.2092
188373876,238.95798,-3.299011,9.7021
188269990,237.40514,-3.4302166,3.5103
188270017,237.37671,-3.4863257,7.7485
188272014,237.49062,-3.9212067,7.05951
188318390,238.31467,-2.5905879,8.4205
188333830,238.36217,-2.5529206,9.4791
188318175,238.31476,-3.1948645,9.9146
187423495,237.15677,-3.4559877,8.2112
187410244,236.8106,-3.8046558,8.52835
187410335,236.81165,-3.598568,9.49294
187410720,236.81805,-2.617195,6.90571
188292195,237.81499,-3.0904975,4.929
187383707,236.55399,-3.9364839,8.89764
272348399,233.62997,-2.9417102,7.8155
176011730,239.08138,-3.3353992,9.13162
46255384,234.54895,-3.7448843,9.5688
188294562,237.87453,-2.6014948,8.3007
46255466,234.57167,-3.963993,9.45649
187408140,236.68344,-3.458073,9.5119
20937929,233.07286,-2.2458634,7.8804
188292146,237.7339,-3.2156599,9.3652
187420697,237.09804,-2.957758,8.2823
188291924,237.73434,-3.8843625,8.7618
20812089,231.83441,-3.038814,7.88638
187420812,237.0956,-2.6869268,9.9347
46361255,235.31447,-3.9946413,6.9857
187316586,235.85587,-3.939086,8.3538
20811984,231.92766,-2.755167,9.85169
187385108,236.53038,-2.1841784,8.88745
188289600,237.61601,-2.790313,9.5477
46148437,233.7595,-3.1709914,8.3948
188297311,237.97652,-2.946721,8.4623
187423359,237.17058,-3.1789489,9.8097
188289434,237.62364,-2.349597,9.3342
187423544,237.21518,-3.5805578,9.1486
187423167,237.1626,-2.7652705,9.9145
187423116,237.23514,-2.6544728,9.0059
187422921,237.12404,-2.1674578,8.0603
187423650,237.23665,-3.818511,5.4613
46303944,235.05847,-2.3286066,7.75037
176002066,235.60667,-2.140584,9.0743
46304014,235.08305,-2.5273428,9.12696
180349353,231.22978,-2.235191,4.64
20982383,233.41196,-3.3045745,6.78663
180349333,231.11871,-2.1886082,8.41464
187408113,236.68298,-3.4144964,9.7688
188251412,237.31697,-3.6373827,8.85063
180351871,231.25604,-3.3999236,9.0641
46148719,233.74721,-2.305944,9.3133
187379132,236.41824,-2.3629093,8.9555
187345443,236.0084,-2.3081102,7.86413
187348372,236.0866,-3.0123067,7.80118
20809934,231.76228,-3.5617592,8.3291
187345329,235.9316,-2.0394,9.66376
187345427,236.03735,-2.277283,9.85063
187317033,235.80995,-2.795771,9.90759
187408308,236.6694,-3.8221052,8.83539
188251407,237.33423,-3.653945,9.6488
188267607,237.27277,-2.376149,9.9645
188272172,237.54427,-3.5311484,9.3258
46202214,234.22423,-2.697201,8.77801
187348039,236.10956,-3.8384624,8.07341
188272356,237.59836,-3.0553188,7.93825
188272443,237.51361,-2.8664598,9.7798
188272639,237.53079,-2.369867,9.0429
46202326,234.13399,-2.5308626,9.29679
187353079,236.36888,-3.7475898,9.54659
46358734,235.12032,-2.0066922,8.1043
176004410,235.80089,-3.2949328,8.7558
20809845,231.75462,-3.8056424,9.7802
20810355,231.7525,-2.2945042,7.942
46358193,235.15529,-3.202042,8.6133
20811746,231.9146,-2.0374959,9.5997
180352410,231.31845,-2.1874037,9.6745
176002110,235.57706,-2.0459862,9.15785
46358044,235.16043,-3.4792023,8.93864
46264904,234.81929,-3.2332187,9.8303
20867544,232.16013,-2.5684996,8.7853
20867748,232.0783,-3.158903,8.8107
20887952,232.30157,-2.3349352,8.9116
20867716,232.075,-3.0536108,9.6468
187412693,236.9681,-2.0935588,8.5332
187412790,236.95805,-2.320115,6.4447
187412915,236.96414,-2.6042287,9.1177
20867873,232.09023,-3.5116055,9.16586
46265196,234.75752,-3.9392488,9.25
20980545,233.30183,-3.8475652,9.9659
175967538,232.46425,-2.2968864,9.91694
175967756,232.45354,-2.8256025,9.34723
20901612,232.79335,-3.6509278,9.9712
180421789,231.60042,-2.899471,9.2594
46174351,233.94046,-2.302594,8.33
187351046,236.22206,-3.4793456,9.5548
187350663,236.22083,-2.5355535,9.9882
20865983,231.96317,-2.2528691,9.5807
46206466,234.35635,-2.8895292,9.41788
180330815,230.84714,-2.9018345,7.3254
20940220,233.17372,-3.464105,8.2229
180333344,230.9378,-3.7989151,8.3789
20867360,232.1184,-2.0156777,8.43893
46301947,234.85216,-2.2052085,9.9853
180326397,230.51845,-2.5845013,9.5933
180333316,230.97244,-3.6706328,9.23006
180325943,230.54959,-3.7599683,9.81141
176004490,235.71823,-3.4553103,9.9515
20865821,231.96402,-2.7844896,9.4459
46150464,233.79152,-2.5674841,9.73717
46301722,234.87222,-2.794407,9.74018
20865481,232.00395,-3.770924,9.05719
180291308,230.39752,-3.8146365,9.72625
46176713,234.10068,-3.4536822,9.8902
188294886,237.84422,-3.5613725,9.0442
46173804,233.92436,-3.4875443,7.78421
180284554,230.21054,-2.7741847,9.9074
20929662,232.97987,-2.1740706,9.9612
20929695,232.95384,-2.0664437,7.8783
175965125,230.00911,-3.8094184,8.3332
46374617,235.43515,-3.245961,9.1895
175965172,229.9748,-3.704082,8.2881
46374887,235.3525,-2.6349077,7.2596
46374953,235.36272,-2.4888213,8.4916
180290756,230.39296,-2.2828233,9.4411
20929563,232.96138,-2.5154433,7.94675
20929340,232.9752,-3.1337497,9.91205
20929613,232.99863,-2.3580463,9.11351
20929507,232.97159,-2.6597111,9.6864
46262408,234.70714,-2.8287756,8.15117
20996858,233.5705,-2.7240708,8.0967
180290646,230.43794,-2.0140276,8.20997
46150738,233.76994,-3.3224723,7.9021
180282526,230.06302,-3.2684045,9.6115
46201379,234.1432,-3.777038,9.5601
38902748,228.8549,-2.3261726,9.5228
46202116,234.18115,-2.82629,6.4657
46176317,234.05336,-2.5166245,7.128
46176428,234.03983,-2.7826824,8.485
180284425,230.19592,-2.4133348,5.4306
180282536,230.03716,-3.2356927,9.781
46201674,234.12512,-3.3897958,8.52118
38945477,229.19444,-3.1837344,9.9607
38945158,229.24821,-3.9814987,9.6575
38841493,228.4979,-2.4168491,8.1081
38945535,229.2318,-3.0071177,9.66256
20900038,232.6522,-3.9413075,9.9934
20901974,232.69188,-2.5166423,9.8518
20899854,232.61726,-3.4134538,9.91416
157882993,225.18997,-2.9574888,8.63098
38988870,229.69809,-3.8253586,9.7506
20900043,232.64284,-3.9513712,9.96066
46252560,234.38954,-3.0509026,8.4497
175965696,229.9776,-2.333928,9.4452
46252947,234.4316,-2.1044507,9.3732
38839125,228.35402,-3.660531,9.8841
46252324,234.43983,-3.6052456,7.4734
157884863,225.25996,-2.8696873,7.7697
38873091,228.61931,-3.364425,7.12594
38945208,229.23802,-3.8900836,9.61351
38962345,229.66212,-2.800677,7.94555
157884646,225.3253,-3.6095548,9.95004
38947818,229.3053,-2.8073401,9.9366
38948225,229.30939,-3.86132,9.20067
175965088,230.00867,-3.9152203,9.22016
175965342,229.97867,-3.2608173,8.3924
157885104,225.29851,-2.086543,9.8688
38841390,228.46466,-2.6591225,9.2565
38841484,228.52266,-2.446964,9.22979
38947668,229.40968,-2.3724103,9.68993
38932923,229.07797,-3.4443464,9.8576
175965509,230.0284,-2.822497,9.6654
180330613,230.75833,-3.4411964,9.5466
180330689,230.79488,-3.267603,7.46209
180330855,230.82718,-2.7791429,9.2466
38818612,227.99628,-3.240048,9.7185
180330678,230.81474,-3.295161,8.69522
38875163,228.8219,-3.443112,9.7581
38731373,227.472,-2.6225,8.3582
175771971,223.84344,-3.7763543,9.1075
175772168,223.88002,-3.1738977,9.0777
157883205,225.18472,-3.6643403,9.4267
175772471,223.8745,-2.1000383,9.9423
175772491,223.85092,-2.0365827,9.1967
38731310,227.47223,-2.421894,7.3943
38900940,228.74036,-2.4147658,4.34123
20982375,233.41077,-3.3212874,8.5
20982764,233.40535,-2.2947772,7.6305
20926963,232.85742,-2.245745,9.772
20927123,232.87856,-2.7212703,8.7936
38816738,227.97098,-3.6815279,9.5625
175772285,223.7967,-2.7441971,9.56035
175772465,223.8174,-2.1140854,8.4031
38947548,229.34886,-2.003914,9.90216
157885035,225.25897,-2.3145292,8.6621
180356672,231.5323,-2.9708056,8.2938
175961672,223.54604,-2.414215,8.311
157976407,226.2555,-2.5279708,8.5963
38930693,229.03943,-2.2235692,9.86459
175795233,223.91507,-3.9272664,9.1333
38960384,229.42656,-2.536463,9.1475
157986206,226.39369,-2.4101648,8.5078
38930639,228.99907,-2.3559527,7.9094
180284818,230.16206,-3.519602,8.1417
39053039,229.90886,-3.347751,9.2505
180288887,230.32991,-3.079543,8.6473
38945562,229.22797,-2.9317331,9.2015
38733923,227.53328,-2.438468,9.96607
38996331,229.81117,-2.1672704,8.53244
39053235,229.85548,-3.817599,8.3406
38818469,228.02481,-3.6376922,8.5142
189765983,222.26917,-3.2728498,9.1855
189766093,222.30212,-3.704823,9.6433
38818342,227.99347,-3.9576163,8.7175
189769446,222.54675,-3.322724,9.2016
180289227,230.29965,-2.1642332,9.20744
38900802,228.81834,-2.737597,8.6998
101515409,221.3731,-3.5590017,9.3008
38816380,227.8871,-2.7781677,9.6104
38816404,227.92351,-2.8741412,9.69934
101515343,221.45297,-3.7528477,9.7372
20789638,227.03333,-2.99175,8.4055
38875288,228.73088,-3.1165519,9.4825
101437222,220.93272,-2.8726542,9.7329
157908660,225.48332,-3.0380793,7.8212
157908948,225.53142,-2.0116026,7.93147
189792407,222.69821,-3.284261,9.94537
189803937,222.85835,-2.4573765,7.8345
157945159,225.83582,-2.0424185,9.2482
157943406,225.73816,-3.8293557,9.9702
157943523,225.81023,-3.4153914,9.8336
157943694,225.70944,-2.8546772,8.105
46262074,234.66782,-3.6956098,9.7422
180328592,230.64262,-3.4764256,8.9344
175963545,223.73886,-3.6304743,7.031
38818668,228.02066,-3.0888646,9.77421
272292370,220.53505,-2.379087,8.4943
111101958,219.73268,-3.6596618,8.794
189792115,222.75447,-2.2991562,4.0491
111101532,219.70016,-2.286531,7.2632
189792435,222.78671,-3.3719375,9.9244
189792196,222.72289,-2.5696802,9.79726
189792370,222.70413,-3.15081,9.7581
101503525,221.00708,-3.4594684,8.81775
175837778,224.66997,-2.6302483,9.5096
175837855,224.67801,-2.8823934,8.122
157972707,225.94304,-2.3833523,9.5411
38764725,227.71875,-2.3497448,9.85121
175836211,224.60826,-2.296192,8.121
157972552,226.00215,-2.8514178,8.537
157972791,225.97464,-2.1245413,8.0747
111101608,219.68056,-2.5576468,9.52199
101503418,221.06139,-3.1401942,9.49361
101437361,220.94351,-2.505551,7.03787
175838094,224.68602,-3.5443847,8.7353
175838165,224.65123,-3.827533,8.9602
175798848,224.24007,-3.3847792,9.7831
185284806,220.78764,-3.4892128,9.8042
185284726,220.81656,-3.7755506,9.6721
157943384,225.76349,-3.908881,9.58796
20787675,226.9071,-3.4362495,9.49376
175961451,223.60826,-3.0706263,9.27806
175961519,223.54332,-2.8438377,9.87162
38766983,227.77097,-3.5673192,8.00995
175798996,224.2078,-3.9231098,9.5312
189840600,223.46162,-2.492503,8.63144
38731799,227.40877,-3.849027,7.6958
38816199,227.89615,-2.2600212,6.8487
38816141,227.8743,-2.0543437,9.83959
189790882,222.58331,-2.245377,9.3578
272290442,220.49467,-3.523624,5.7866
157874523,224.8752,-3.1409209,7.7763
189790392,222.57181,-3.874125,8.8962
38960054,229.51292,-3.4361823,8.5727
20798713,227.22842,-2.261861,9.7245
157860679,224.74478,-2.2045488,9.9267
185284678,220.873,-3.9497104,8.94831
185284944,220.80745,-2.958858,8.81076
185285088,220.77345,-2.3709903,9.90271
189693375,221.9489,-3.3800433,6.1716
189693324,221.92378,-3.535506,9.3841
287976128,216.97284,-2.2716882,9.2515
288028877,216.95001,-3.079757,7.3739
189744931,222.12138,-2.4862986,7.7831
20800497,227.36778,-3.7808697,9.1555
38840951,228.4985,-3.7979987,8.6672
175835919,224.51738,-3.2921252,9.86228
157947196,225.93535,-3.5995233,9.44277
20800160,227.29564,-2.5772362,7.1094
157886505,225.33261,-2.7549212,3.81679
157886640,225.39726,-3.1642535,5.6547
157910604,225.6622,-3.686064,8.944
157886406,225.34831,-2.3987613,8.484
157886662,225.35487,-3.2119114,8.6032
157943659,225.76022,-2.9564667,7.79033
157943773,225.70795,-2.59968,7.36046
157945579,225.92587,-3.4495556,9.9536
101517724,221.5378,-3.7039008,9.83143
20798293,227.2243,-3.783516,9.8289
157910223,225.66113,-2.337819,9.7254
157910326,225.58185,-2.6530578,9.7112
189767904,222.35706,-2.0102923,9.02076
181949853,217.31688,-2.208142,9.84305
189809189,223.20892,-3.3255305,8.8536
175835720,224.52731,-3.798231,9.983
181949511,217.27823,-3.6250062,9.97726
189744826,222.11086,-2.8932467,9.722
272240122,219.99702,-2.4466646,6.8598
38960113,229.43373,-3.2394187,9.7017
189811031,223.34122,-2.7011483,9.97851
101536511,221.60239,-3.6241848,9.2432
101536747,221.67604,-2.935775,8.39882
101506994,221.26137,-2.2277915,9.9451
101536889,221.70587,-2.4620454,9.96994
111099818,219.62068,-3.6110804,5.148
111099960,219.62888,-3.143449,6.5611
111099796,219.58562,-3.6853335,9.5531
287972628,216.66797,-2.3011034,9.3723
101505321,221.21481,-3.0621042,7.16554
175487585,218.74506,-2.1430995,8.6184
175493378,218.91728,-2.0723798,8.9776
101538352,221.77652,-2.0845752,8.9767
101538655,221.82439,-3.0342982,9.3877
181958761,218.12288,-2.7853894,9.6498
101505562,221.2266,-2.285512,8.0314
101538645,221.8213,-3.0126777,9.2939
157876456,225.06084,-2.218557,9.32703
287849930,215.22447,-2.1156757,8.7378
181955936,217.92038,-3.5369532,8.7791
38832110,228.25108,-3.6927495,7.3619
272266092,220.24672,-2.8446937,7.0262
272266251,220.20418,-3.3136992,9.0854
272266299,220.21176,-3.493598,9.74514
185283005,220.73811,-2.0614922,9.8751
157945661,225.90213,-3.6938167,9.73083
157945503,225.86859,-3.168298,8.37592
157886639,225.4045,-3.1611736,9.4743
175800378,224.33229,-3.7959788,8.6996
189840859,223.43604,-3.3350732,8.6729
175796652,224.01622,-3.7276065,9.2753
272290451,220.39767,-3.547403,9.92088
111098305,219.46289,-2.8873017,9.76759
111100016,219.6034,-2.8699868,8.84218
189693180,221.91028,-3.9737191,7.7115
272266164,220.14948,-3.0138226,9.8796
272268203,220.32933,-2.11572,9.904
157910432,225.68695,-3.031385,6.4157
272240401,220.01544,-3.4338813,9.4621
189807143,223.08646,-3.761095,9.223
189807213,223.07195,-3.5184023,7.06664
189807271,223.13974,-3.3362825,9.804
272240222,220.01405,-2.7923398,8.5047
272242329,220.12341,-2.1889215,9.0967
181961866,218.36136,-3.0750632,9.9253
181962031,218.34856,-3.760886,8.1361
181962046,218.39342,-3.858315,9.2951
181961728,218.41039,-2.5308537,9.8488
181954028,217.82991,-3.7090058,9.1296
181954065,217.7478,-3.585142,8.79064
287876642,215.91434,-2.4274101,8.3924
111062780,219.4209,-3.1026766,9.239
111062592,219.36287,-3.782202,9.92293
460851009,214.04463,-3.8693948,7.8897
175495615,219.03676,-2.3992183,9.9259
175495603,219.04095,-2.4537377,9.9072
402146193,217.38461,-2.5321531,9.41775
287865112,215.63257,-3.727047,9.1921
181961763,218.44475,-2.640464,8.48815
181961921,218.33946,-3.2999003,9.43231
287852022,215.39568,-2.3856108,5.2509
111061426,219.28612,-3.8922012,6.26435
287866909,215.77785,-2.8678505,8.2831
287929217,216.14934,-2.342871,5.33635
287928962,216.0693,-3.322051,9.9409
287878007,215.99754,-2.4592938,9.9158
287851787,215.44211,-3.2767637,9.1342
287863625,215.51222,-3.3352814,8.9843
287960478,216.60147,-3.705395,9.4428
181950952,217.5369,-3.5488284,7.9262
402144148,214.60728,-2.1449418,9.0242
203231257,215.07285,-3.5562768,9.9834
101505124,221.15059,-3.634806,8.3609
181958654,218.12527,-2.3661723,9.7333
175493459,218.94797,-2.3127797,9.46633
101505218,221.12747,-3.3633163,7.1963
1002373914,217.05193,-2.2284646,8.154
287876744,215.83968,-2.0633557,8.74556
111061329,219.29842,-3.5242484,9.8597
175495184,219.04375,-3.7810204,7.5526
175495191,219.00957,-3.7561808,9.6875
175495281,218.98045,-3.4574938,9.0534
111150006,219.83783,-3.112929,9.6389
287973078,216.71155,-3.9006798,8.92659
287851768,215.41469,-3.341964,9.25692
287852008,215.34264,-2.4357529,9.79622
181948111,217.24344,-2.5668283,8.98712
287929309,216.08806,-2.0011027,9.8552
287959034,216.43486,-3.002717,9.50835
181946515,217.08047,-3.9875002,9.7215
272290559,220.45712,-3.8872635,9.91461
272267838,220.27654,-3.4058967,9.35442
272268214,220.37592,-2.0410523,7.76736
272268204,220.32771,-2.1099565,9.84713
181946967,217.05058,-2.227958,4.1987
111098453,219.44547,-3.3708746,7.50483
287865272,215.6589,-3.1816154,8.27568
111064277,219.44006,-2.178789,9.8199
181949841,217.36922,-2.2560532,8.11392
287878384,216.04271,-3.9046035,8.0521
272265973,220.26013,-2.4235928,7.8389
287850018,215.27435,-2.4974403,7.85369
287960777,216.53268,-2.660547,9.6791
181946755,217.01971,-3.0039382,7.71641
421700246,214.31207,-2.6544602,8.82179
287850152,215.28091,-3.0111907,9.93886
287863617,215.47447,-3.2890763,9.8575
287930751,216.23975,-3.0244203,9.6266
181949862,217.36658,-2.1697724,9.13682
272240271,220.00018,-2.9715934,9.63491
451376049,214.78098,-2.7584517,8.8677
287974597,216.89113,-2.7607439,9.7096
181963374,218.5383,-3.0122073,8.4912
287974419,216.80383,-3.4048905,7.7207
451374394,214.53444,-2.8431165,9.73436
287865513,215.63312,-2.2914758,9.2632
451375845,214.77559,-3.5470448,9.36232
182001181,218.61058,-2.6191232,9.50094
182001352,218.6372,-3.1714127,8.20568
287974614,216.8079,-2.6908467,8.54911
182001132,218.6728,-2.4815662,9.07794
181952751,217.67679,-3.109513,6.75662
203229774,214.85156,-2.7594595,9.3796
181952688,217.70657,-2.8988535,9.6918
181952923,217.72285,-3.7974343,8.6112
203229647,214.88533,-2.265518,4.2519
181952849,217.61998,-3.5227075,9.1844
287959218,216.4909,-3.713052,7.79737
451376152,214.83783,-2.3920968,9.9411
203229615,214.8516,-2.0983846,7.5527
20796925,227.02408,-3.7566895,6.58467
157907178,225.41748,-3.9595695,9.6502
1002266770,217.50215,-3.7208228,9.2718
1002266771,217.5018,-3.7203465,9.33405
1180101318,222.43385,-4.0118313,9.93605
1103075970,233.88074,-5.9795856,9.6226
1102995182,235.3349,-5.9777803,6.3412
1103109907,231.6595,-5.655452,8.1268
1103041054,236.97687,-5.321229,9.0357
1102994588,235.91849,-5.6989584,9.7764
1102994589,235.91867,-5.6993704,9.6431
32490172,235.3349,-5.9777803,6.3412
32285930,233.88074,-5.9795856,9.6226
38904639,229.0065,-4.897988,6.753
188290308,237.61546,-4.493277,9.64
189767294,222.43385,-4.0118313,9.93605
180355431,231.46712,-5.819534,8.3
187346925,235.91867,-5.6993704,9.6431
180422924,231.6595,-5.655452,8.1268
187419104,236.97687,-5.321229,9.0357
287931573,216.32407,-5.77033,9.444
176010168,235.78294,-5.4102726,8.72168
38987773,229.74054,-4.545573,7.8053
38985577,229.59471,-5.6059422,9.81274
38985120,229.56036,-5.2428517,8.6275
188334591,238.41553,-4.4886384,8.1876
188334525,238.35526,-4.347317,8.9831
54692670,237.9191,-5.9843144,7.8094
188335892,238.5183,-4.2136087,9.7084
188339694,238.62547,-4.9004793,9.7282
188295334,237.92146,-4.6415663,9.6565
188295542,237.91953,-5.068792,9.3305
188295656,237.90471,-5.2865505,9.6978
188339634,238.61435,-4.7058153,8.3133
188316234,238.15154,-4.3544536,9.7734
188316417,238.09279,-4.7141476,9.0268
188316882,238.18867,-5.691092,9.2324
188335498,238.54504,-5.221725,9.41494
188296782,238.0719,-4.324751,6.0486
188295958,237.89493,-5.935633,8.6171
54612466,237.52191,-5.9323344,8.7952
187383626,236.62848,-4.0599923,6.40692
187409658,236.84332,-5.118877,8.0312
188271039,237.43935,-5.8111963,9.66237
20981068,233.29475,-5.1841993,9.7593
20938739,233.03636,-4.5113616,9.4436
20981472,233.41098,-5.6571794,9.7892
187419428,237.11383,-5.82652,9.51186
272348748,233.62889,-4.149886,9.5275
272348886,233.67032,-4.6366234,8.6535
188290149,237.63846,-4.051298,8.5283
46201157,234.14627,-4.0625973,8.3299
46200673,234.20964,-4.6380906,7.8451
188341201,238.7328,-4.026672,9.4462
188340969,238.74533,-4.4225636,9.58419
188250989,237.32709,-4.593393,9.705
187408982,236.7116,-5.2565317,9.3169
187381001,236.50072,-4.5946665,9.84879
46299819,234.80246,-4.8184657,9.5504
187351703,236.24854,-5.0357475,9.9313
187352441,236.32922,-5.240888,9.2946
187352727,236.31908,-4.632315,8.4815
32285954,233.87544,-5.9064727,8.944
187316389,235.80554,-4.373008,9.6412
187316003,235.90431,-5.290804,8.6243
187316133,235.91708,-4.9991765,7.98735
188250442,237.2878,-5.9283485,9.7525
188250506,237.25685,-5.757673,9.1637
188291634,237.72733,-4.5317173,9.0387
187316023,235.82399,-5.2536554,8.8035
188250819,237.32433,-4.96148,8.4518
20981656,233.41064,-5.2224927,8.9275
187381730,236.50888,-5.4474177,9.1169
20886972,232.2221,-5.1063232,8.373
46356873,235.06543,-5.7790236,8.4648
20997324,233.5652,-4.3598304,7.2775
20997240,233.56908,-4.064507,9.97016
20997444,233.5541,-4.7422194,8.5946
20997570,233.5147,-5.1822324,9.45651
188250570,237.25162,-5.602494,9.8638
46199971,234.24315,-5.5855927,8.1833
187408880,236.69504,-5.0453396,6.7115
188271970,237.53505,-4.034556,9.7149
20812731,231.88327,-4.9346232,9.43954
37310043,233.11758,-5.910229,9.8303
46200441,234.23972,-4.950919,7.24666
20812627,231.9204,-4.6241646,9.1611
46200237,234.21504,-5.2610707,9.87
46200711,234.21034,-4.5980363,9.0251
46200810,234.15034,-4.478679,8.14716
46356324,234.9762,-4.5571184,9.7514
46356467,235.01337,-4.8644814,8.5927
46357190,235.08986,-5.387467,9.3594
20901411,232.7388,-4.187223,6.9578
180422939,231.69017,-5.717598,8.2403
180422699,231.67036,-5.1914954,9.8368
20901193,232.74968,-4.7898235,8.1323
20901341,232.78004,-4.362561,7.8177
180422588,231.66197,-4.938575,9.80448
46412659,235.46463,-4.2191944,9.3225
46172943,233.9102,-5.5680256,9.79075
46373690,235.4452,-5.280461,8.1083
180350251,231.11406,-4.484335,9.0785
180350579,231.12126,-5.24995,7.7102
180350706,231.21747,-5.566746,9.239
180350595,231.15797,-5.2919292,9.4374
187351744,236.23788,-5.1300483,9.37816
46300741,234.92705,-5.0308523,9.39808
46300462,234.86865,-5.619752,9.69942
46147714,233.68138,-5.29923,8.8453
46151603,233.8825,-5.386363,8.6006
20928707,232.9551,-4.89398,9.0683
187346667,236.03607,-5.164151,8.3582
187347143,236.10095,-5.7007604,9.2607
187347683,236.10439,-4.609652,8.9615
46251767,234.48361,-4.9035745,9.6434
46252134,234.45148,-4.0858564,8.9625
176000409,235.57176,-5.6199036,8.7809
176000577,235.58209,-5.333563,9.5334
176000663,235.63173,-5.1422367,7.38908
180350877,231.27856,-5.919011,5.4151
180351422,231.27509,-4.5697403,9.5097
20887171,232.28876,-4.602483,8.66761
180350944,231.35118,-5.7398705,8.54272
46172812,233.93648,-5.845944,9.97645
187347082,236.08801,-5.8306856,9.82611
46172747,233.81708,-5.9342957,9.4514
46251834,234.47531,-4.738662,9.4809
46173117,233.93268,-5.2287664,9.64602
32259557,233.75557,-5.986803,9.9183
46260825,234.4945,-5.42193,6.5035
46151502,233.77924,-5.125819,8.2189
175968646,232.48949,-5.0067005,9.9169
180329524,230.69533,-5.78179,8.6939
46251334,234.2714,-5.9281,7.1641
46251375,234.45984,-5.855278,8.3364
46207554,234.2734,-4.3637104,9.40872
46251419,234.4354,-5.7352753,8.96421
180329506,230.66345,-5.748512,9.08507
187419105,236.97586,-5.321454,8.955
188271122,237.56975,-5.859159,8.85603
188271296,237.5052,-5.5065665,8.32639
187419910,237.04904,-4.786022,7.5108
188271497,237.50398,-5.087749,9.67719
20939806,233.27429,-4.6243243,9.0109
20980771,233.30936,-4.4330564,9.7584
20980851,233.35066,-4.627628,8.7472
20980906,233.32196,-4.782257,8.97554
20997739,233.55788,-5.7659507,9.34786
20980934,233.32939,-4.8611603,8.08903
20997718,233.5867,-5.6950936,5.969
180287420,230.15205,-5.1197734,5.70486
180422516,231.65265,-4.736018,8.78601
46199574,234.05426,-5.7862763,9.24888
180330327,230.7784,-4.1557994,9.6386
20809125,231.7852,-5.8176546,6.0084
46199631,234.10806,-5.8404207,7.5902
38959072,229.53468,-5.9743886,9.9596
180291490,230.43219,-4.2770867,9.7937
180292183,230.56644,-5.8643436,9.6503
180292279,230.54848,-5.6051736,7.22069
180325669,230.60957,-4.5202804,9.65
187346702,236.01065,-5.249799,9.85195
180325572,230.51709,-4.7774525,8.1072
180291423,230.47537,-4.086399,9.1216
46373204,235.2104,-5.6329513,7.46246
46357537,235.12889,-4.646754,9.993
46357562,235.10872,-4.5706577,8.7369
46357616,235.15805,-4.440772,9.9176
46357649,235.1111,-4.353336,8.7543
46374121,235.3615,-4.3540525,9.931
180354893,231.44019,-4.504251,8.47938
180354897,231.38474,-4.517406,9.2381
180354837,231.43878,-4.35718,8.6239
20928100,232.80093,-5.4488215,9.6642
20928156,232.88515,-5.5827575,9.6022
20928803,232.92145,-4.688861,9.788
20928107,232.81042,-5.4660707,9.3248
20928126,232.8378,-5.5179386,9.82258
46357707,235.11426,-4.238853,9.74472
46373482,235.34402,-5.707008,9.8392
46373251,235.32057,-5.714368,9.49138
46373856,235.37976,-4.9008217,9.98539
20868640,232.1319,-5.6408505,9.28013
20927566,232.9077,-4.035537,9.6805
20981879,233.4006,-4.6457834,7.7577
180355783,231.52657,-5.2096806,9.7967
180356093,231.52342,-4.4849463,9.165
20927593,232.85263,-4.1231203,8.7611
180291776,230.40138,-5.017311,8.6226
46200430,234.2198,-4.978757,9.27349
46300007,234.75743,-5.2229395,9.9871
180281862,230.13408,-5.145568,8.9786
180329700,230.80661,-5.7080355,8.26093
180334507,231.0875,-5.098766,7.81536
46300148,234.82365,-5.5426497,9.4561
180334315,231.0709,-5.6065955,9.2554
180334811,231.06764,-4.346428,8.77185
180282038,230.09856,-4.6612883,9.9676
38817555,227.89725,-5.7999744,9.6866
180333942,230.95544,-5.3384924,9.9988
180333623,230.9501,-4.5405774,9.7527
38904266,229.0517,-5.8517723,9.6618
38904386,228.97937,-5.61223,7.9307
38904784,229.04355,-4.5208225,8.0658
180355429,231.46709,-5.8181973,9.4461
157883967,225.2991,-5.6507735,9.1471
189766811,222.3392,-5.7912903,6.2401
189767018,222.32489,-5.002087,8.3219
189767293,222.34856,-4.0134525,9.9049
175964793,229.95546,-4.708424,8.9866
157884364,225.3245,-4.5214076,8.57781
175968886,232.44022,-5.5472,9.1999
37124742,231.68654,-5.9074173,8.63496
157884520,225.29318,-4.0972023,8.1423
157884395,225.22137,-4.4555454,8.50252
38840378,228.56319,-5.1710024,9.81904
38986453,229.68369,-5.5202665,8.9125
38944843,229.27357,-4.7919946,9.49503
189766454,222.29062,-4.973488,9.5401
189766696,222.27438,-5.751578,7.86996
79306218,228.73541,-5.9210553,8.24002
38933588,229.06956,-5.095996,9.4357
38817572,227.92767,-5.838573,7.8768
38933631,229.13733,-5.2232747,9.55153
79306196,228.618,-5.9497395,7.90597
38933541,229.16487,-4.978701,8.94061
20717945,226.4961,-5.6394267,9.8541
20718047,226.41786,-5.2472663,9.99747
189743462,222.06044,-4.313834,9.8058
189743742,222.06624,-5.3747606,9.561
38817437,227.93227,-5.4748397,9.27676
38817440,227.93596,-5.482638,8.04474
38904582,228.95316,-5.0474954,9.15954
46255511,234.57022,-4.0643864,8.03047
46261372,234.68608,-5.2736053,9.9229
46260589,234.52327,-4.910395,9.52394
46261279,234.70924,-5.4923196,9.0332
46261489,234.64615,-5.0072603,9.0462
46261555,234.6495,-4.850696,9.53304
38874679,228.71252,-4.6037593,7.1401
180287786,230.28171,-5.8248506,4.6765
180288021,230.38568,-5.242867,8.7641
157859691,224.82513,-5.4946947,9.2889
157859712,224.74525,-5.410994,9.1933
157859786,224.74216,-5.201741,9.7181
38839847,228.41724,-5.4692836,9.0008
39053468,229.84543,-4.3259735,8.6706
180288440,230.3631,-4.236366,9.6045
39053785,229.8466,-5.030338,9.9417
39054116,229.88725,-5.7695203,9.93307
180287791,230.3225,-5.803325,9.69991
157943154,225.79855,-4.6253576,9.7742
157943223,225.79733,-4.4123373,9.8358
175960780,223.65341,-5.0505834,7.5059
20787169,226.91235,-5.161175,9.2489
20787197,226.96246,-5.0403624,8.8899
38766290,227.79036,-5.3765345,9.2538
180329070,230.6909,-4.6968193,9.568
20901045,232.7868,-5.2074656,6.8004
180328953,230.74055,-4.3935328,9.55497
20901231,232.74986,-4.6872783,8.2817
20900832,232.70686,-5.805584,9.42939
38766137,227.81413,-5.7092505,9.7644
175942543,223.59663,-5.6218305,9.29399
20787200,227.0014,-5.0309424,8.84787
38933917,229.23296,-5.8433795,9.23488
175964172,223.74223,-5.647975,7.6987
38840817,228.52924,-4.130639,7.2336
38765430,227.68071,-4.35563,9.62447
38765632,227.69385,-4.8676066,8.8522
38840412,228.46838,-5.0783644,8.4897
38840855,228.55432,-4.0317874,8.7559
38840128,228.48149,-5.7543774,9.56554
180282233,230.04509,-4.0995536,8.7637
46199563,234.11287,-5.7815924,9.96998
175800228,224.29582,-4.346459,4.1645
20798240,227.24043,-4.013386,7.95498
38874291,228.71082,-5.5025516,4.93242
157883363,225.13373,-4.1856523,9.1041
38948719,229.4217,-5.2024136,6.4631
38948832,229.40347,-5.430614,9.7215
38948347,229.31235,-4.1937013,9.3092
38959053,229.4004,-5.9088798,9.4311
38959424,229.52466,-5.122024,8.8027
38732974,227.54991,-4.9952254,9.2816
38874323,228.75943,-5.421892,9.76035
38874541,228.74565,-4.943299,9.9275
38733027,227.61398,-4.850164,8.9066
38733333,227.57391,-4.0578227,8.2738
38948342,229.3156,-4.184438,8.08953
38959660,229.426,-4.49446,7.62129
157907690,225.35838,-5.7740483,9.6126
20740464,226.59723,-5.2646046,9.8621
20740498,226.59265,-5.38838,9.8208
20797719,227.2543,-5.669046,9.4655
20798025,227.15973,-4.770562,9.8089
20740317,226.6097,-4.859035,9.64808
38831732,228.29384,-4.665613,8.24362
38831776,228.25946,-4.5631247,9.73913
157907348,225.38852,-4.612183,9.9757
175795379,223.99667,-4.3745914,8.1536
175795548,223.98068,-4.937872,9.9808
38831183,228.18668,-5.8887024,9.58602
175795327,223.94357,-4.2150245,9.3615
189803098,222.8321,-4.894545,9.5451
189792671,222.71562,-4.133525,6.98494
189793313,222.8054,-5.733743,9.8285
38873399,228.61159,-4.1168513,8.7944
38873572,228.6997,-4.565412,8.85447
38873976,228.69373,-5.5550003,9.58682
192745799,226.52197,-5.96551,9.7557
189766306,222.28835,-4.5019712,8.81358
189806092,223.02162,-4.7505746,8.89434
175964015,223.75948,-5.1314316,9.557
189792862,222.73578,-4.811907,9.7318
20740689,226.73726,-5.832489,8.1883
175835662,224.548,-4.002596,9.6431
38874645,228.82285,-4.660838,9.1425
157874872,224.86629,-4.3991218,9.78098
38873600,228.69472,-4.6520543,8.7942
20786529,226.89743,-4.5667324,9.32951
20797164,227.02701,-4.537257,8.943
20797736,227.23189,-5.62499,8.2322
157874968,224.92242,-4.717561,9.9512
101436794,220.89532,-4.3405066,9.6284
175961095,223.59734,-4.183189,8.2181
157875039,224.92393,-4.9483266,9.8613
157875329,224.93054,-5.9185023,9.59802
157910720,225.66452,-4.062706,9.4441
157910915,225.63995,-4.709113,9.7458
20787476,226.99109,-4.167212,8.5744
79102403,227.0626,-5.9499807,8.3296
175796488,224.01112,-4.191722,7.6052
157910713,225.63457,-4.025957,9.6597
157910861,225.66632,-4.56449,8.85715
189792863,222.72365,-4.812504,9.7473
189792950,222.77525,-5.066544,9.8012
189809901,223.19505,-5.668786,9.99454
189810142,223.30786,-5.4825273,9.52232
189810167,223.35974,-5.410067,9.9212
38732538,227.42487,-5.678147,9.9724
272267149,220.27956,-5.642073,8.0625
189841292,223.49632,-4.78304,9.4917
189841345,223.47227,-4.981166,8.22
175796115,224.07068,-5.4265985,9.5082
175796309,224.12404,-4.7828994,9.5623
175796356,224.09384,-4.6088123,6.8879
175796472,224.07367,-4.2406974,9.6606
272267364,220.31743,-4.94487,7.605
272290614,220.47896,-4.050197,9.62653
272267318,220.28842,-5.095556,9.34567
175796365,224.09036,-4.5704265,7.97767
157883885,225.287,-5.946171,8.90736
185283985,220.7384,-5.4873376,8.8838
185284115,220.66655,-5.964425,7.9571
185284117,220.67198,-5.969173,8.9207
192657417,224.97484,-5.8769593,8.2589
185284267,220.77618,-5.4724545,9.89353
181946131,217.08553,-5.728757,6.8406
185284522,220.84952,-4.5822973,8.5223
185284345,220.8495,-5.207035,9.3475
185284289,220.823,-5.4004292,9.7272
181962808,218.50697,-5.1194897,9.9016
287864336,215.51457,-5.669647,9.8149
287864575,215.61737,-5.406576,8.9927
287865006,215.5687,-4.0353155,8.5151
287864194,215.54295,-5.2105618,9.8599
287864197,215.53568,-5.222579,9.14265
23744575,217.82028,-5.9286404,9.72447
287931123,216.26051,-4.404177,8.8449
111062508,219.32954,-4.0486507,9.9732
287864605,215.572,-5.311251,9.55756
287864377,215.51875,-5.826771,9.94117
185284200,220.76508,-5.6582203,3.4818
181959495,218.11708,-5.88452,9.7785
287959915,216.54187,-5.777391,9.8993
287959985,216.6409,-5.5257325,8.9942
287959994,216.63318,-5.489897,7.7288
181959706,218.32173,-5.3155265,9.9525
181956295,217.8635,-4.947794,9.7846
181956245,217.96611,-4.7643967,8.3378
181959304,218.11699,-5.096836,9.87863
421698993,214.19772,-4.4955606,9.5401
175494335,218.93207,-5.2660604,6.42753
111099231,219.63925,-5.6967177,7.2725
111058954,219.08852,-5.096277,7.68296
111058837,219.17757,-5.4308586,8.8689
175494551,218.98618,-5.964575,9.442
111099328,219.58055,-5.399002,9.6346
101539502,221.73311,-5.4972205,8.9739
175493949,218.9087,-4.0133753,9.2841
189789576,222.47745,-5.263739,9.1928
175771339,223.8424,-5.8238544,9.8763
175771732,223.8714,-4.568688,9.7089
181948755,217.20064,-5.2186913,5.64674
181949007,217.25793,-5.6806965,8.6114
189743775,222.00948,-5.5066195,6.86018
23888762,219.75252,-5.983918,9.462
175771786,223.82304,-4.372256,9.0807
175838533,224.71992,-4.989253,5.6087
175771472,223.87538,-5.417672,9.8804
189769731,222.44113,-4.276509,9.83252
175838558,224.61589,-5.045794,9.73452
175838812,224.66402,-5.801233,9.8264
111061522,219.23792,-4.323607,9.6271
111062175,219.3567,-5.170327,9.895
1002243678,218.50708,-5.1192455,9.4964
181956947,217.99185,-4.408892,9.6631
272291501,220.60649,-5.0854664,6.9547
272291583,220.53656,-4.852446,7.9247
287850674,215.21582,-4.9680977,9.44485
111061556,219.21617,-4.474538,8.76243
189807085,223.0656,-4.0164876,8.0212
272241691,220.09659,-4.3176923,9.7978
189806703,223.12973,-5.1671634,9.7613
272241755,220.08936,-4.109193,9.3124
181946142,217.09624,-5.678347,9.74988
189743866,221.96848,-5.791372,9.79911
181949188,217.29039,-4.936252,7.90301
101539109,221.80377,-4.2342334,7.9051
181946375,217.12993,-4.68186,9.44591
111098859,219.54015,-4.857374,9.5378
111099549,219.5993,-4.5407763,9.74223
175494515,218.86327,-5.832936,7.3158
175494826,219.0514,-4.9997683,8.79888
111099055,219.47057,-5.548663,7.48141
287867417,215.7037,-4.6981244,9.39827
111061754,219.26085,-5.2222853,9.64751
287867339,215.74278,-4.423689,8.6464
111062052,219.33203,-5.598435,9.81776
111059185,219.1078,-4.1676097,8.89074
189806987,223.08295,-4.2887235,9.53401
175834400,224.42952,-4.0316753,7.0207
38732418,227.39423,-5.394986,6.2003
189805876,222.947,-4.091656,7.697
189841545,223.50325,-5.571552,6.85023
189805947,222.96199,-4.3111286,9.9094
175799627,224.2289,-5.759752,8.4504
101504081,221.11464,-5.1821904,8.1128
175799718,224.26028,-5.824393,8.7861
38731944,227.39037,-4.1870837,9.31519
175799412,224.18355,-5.130037,8.46773
111061513,219.22371,-4.278985,7.1428
460851130,214.08401,-4.2852035,8.2923
181962816,218.46104,-5.0919213,9.01023
402145793,217.49004,-4.026753,7.0609
6122126,215.28369,-5.983143,8.79467
23751315,218.01306,-5.980931,9.1871
272267046,220.16357,-5.890675,8.69035
272266581,220.21582,-4.386169,9.8096
101503781,221.06151,-4.3200874,9.22908
101504228,221.10191,-5.56383,8.61092
101504475,221.11693,-5.6251984,9.12084
181959549,218.29951,-5.791797,8.3622
181959645,218.28217,-5.478934,8.66299
287879111,216.06795,-5.320955,9.05566
147757395,213.65388,-5.3268437,6.80094
111149189,219.75034,-5.787088,6.88646
147757266,213.7002,-5.853397,9.9241
175495038,218.9838,-4.2754397,8.5671
23866223,219.42542,-5.9241686,9.88999
23676818,217.42647,-5.982972,6.6504
181950783,217.50058,-4.2472095,6.6821
451375606,214.78098,-4.4971366,9.9613
23833447,218.79736,-5.9691896,9.7386
111149744,219.88332,-4.0577745,9.56578
181953504,217.75262,-5.8022957,6.9943
181962315,218.45334,-4.9353943,8.9452
181962381,218.33992,-5.160952,9.4969
147764851,213.77715,-5.6575212,9.56536
181962433,218.34085,-5.4039464,9.5666
101517983,221.5176,-4.498844,9.9346
189693107,221.92282,-4.1802883,9.9332
101517946,221.4796,-4.4022975,8.7918
181952974,217.62723,-4.065197,6.96635
288029608,216.95886,-5.703121,7.6392
147757234,213.58879,-5.9477205,5.8289
460851558,214.01332,-5.6319923,8.75779
288029236,217.00975,-4.3881965,8.672
181948635,217.17421,-4.7122507,7.6712
421729640,214.46417,-5.133684,8.46077
446408696,213.93542,-5.8687587,9.0951
287851201,215.3307,-5.215553,6.87057
287851365,215.329,-4.659052,7.2961
287850860,215.29102,-5.5370326,9.6278
287960336,216.59354,-4.19623,9.4237
287851164,215.3367,-5.336056,9.0329
287850943,215.32161,-5.831638,8.20524
287960116,216.62709,-4.982875,9.73717
287851174,215.3757,-5.294783,9.9483
287973335,216.65396,-4.730922,8.9227
287974141,216.80801,-4.3419905,9.4206
175486415,218.72063,-5.985641,9.0759
203231052,215.0455,-4.2553587,9.0363
175486481,218.7606,-5.693473,9.2353
287974098,216.84868,-4.5073314,9.7036
287864001,215.48898,-4.645295,9.80158
402145457,217.46881,-5.248415,9.08618
203230108,214.86526,-4.105565,8.388
203230329,214.85463,-4.953571,9.6968
203230363,214.95424,-5.1363454,9.4616
421699201,214.12404,-5.419655,8.4113
203230367,214.89526,-5.1511917,6.7984
421699277,214.20602,-5.6440377,6.5296
451375193,214.48778,-5.9714594,6.4929
421699090,214.18742,-4.9214544,8.83123
287973820,216.81328,-5.5148654,8.6569
287973242,216.7627,-4.425978,8.9539
287973673,216.72107,-5.844109,9.06317
287864050,215.54932,-4.7990303,9.9358
287931468,216.2757,-5.7001467,9.9583
287863853,215.55658,-4.1897097,9.43043
147764806,213.85387,-5.4627542,9.3141
6033255,214.40784,-5.9768667,9.53689
451374970,214.49075,-5.145016,7.9211
287931021,216.19507,-4.025934,8.57451
182001734,218.70515,-4.6516805,7.82861
147754080,213.4951,-5.869735,8.40825
287973473,216.70117,-5.177781,8.1264
203230937,215.05312,-4.6782513,9.9689
203230885,215.03859,-4.8690605,9.12514
147764718,213.83656,-5.1812096,9.08202
460851551,213.99896,-5.610088,9.17914
460851491,214.07773,-5.4344854,8.185
460851511,214.10443,-5.507106,8.76737
460851601,214.10419,-5.7972546,9.89249
460851490,214.04178,-5.433791,9.4601
402144810,214.64613,-4.45958,8.7566
287959585,216.50943,-5.06415,9.09708
287867307,215.72583,-4.3333573,9.3396
287931031,216.1694,-4.0731196,8.83321
287959423,216.5287,-4.454984,7.41124
421699570,214.27373,-5.1499944,7.8698
421699653,214.26733,-4.8295617,8.22148
421699408,214.27304,-5.7392807,6.39645
421699793,214.29794,-4.341594,7.8544
421699794,214.26167,-4.328779,5.9264
421699808,214.33632,-4.26606,7.91024
421699877,214.30673,-4.0499377,9.3072
287959491,216.45013,-4.722412,9.08121
421699692,214.31477,-4.677296,9.72536
421699434,214.25455,-5.673325,8.7481
187380687,236.49829,-4.2124186,8.9483
187382895,236.52393,-4.956166,9.1137
1179965478,226.3782,-7.0135045,8.096
1179965481,226.37881,-7.0135837,7.4946
1179786895,232.70886,-7.7602024,9.3375
1179786897,232.70872,-7.7599554,9.8106
1057712491,219.84132,-7.5477996,9.1275
1057712492,219.84123,-7.547876,9.2953
1179925677,221.58998,-7.3801374,7.9108
1179925679,221.59035,-7.3802543,8.0427
26117186,221.58998,-7.3801374,7.9108
37233419,232.70886,-7.7602024,9.3375
79109804,227.20792,-6.159193,7.766
6121739,215.23524,-7.442629,9.493
26356826,223.7802,-7.732132,9.822
6029617,214.00189,-7.062001,8.258
23929366,219.84132,-7.5477996,9.1275
79189100,227.92209,-6.01153,6.151
471016051,213.3798,-6.9668,8.542
192741446,226.37881,-7.0135837,7.4946
290637172,235.93909,-7.0819097,9.4657
37014343,231.10774,-6.2130494,8.2982
23934435,220.01274,-7.966747,9.60177
23928911,219.9173,-6.5891767,9.1368
54653813,237.7386,-6.3258758,9.9734
54653783,237.74634,-6.2760344,8.9771
54653816,237.73866,-6.3283067,8.0011
54654331,237.70172,-7.2625175,8.34609
54588512,237.25688,-7.9330945,9.09595
54536547,236.99815,-7.6919813,9.7152
54612238,237.34232,-6.3719344,9.99803
54770838,238.08333,-6.6269054,9.0433
32310107,234.2311,-7.7798076,7.17448
54611448,237.45032,-7.9879203,9.5685
290563245,235.76076,-7.9077387,9.81144
32309591,234.21695,-6.5537643,9.12531
54587910,237.25174,-6.748001,9.9758
54588150,237.25868,-7.1996226,9.5051
54653474,237.68478,-6.1590033,9.7983
54653482,237.62056,-6.14464,8.6682
54505343,236.68927,-6.1203566,5.21861
54504897,236.62987,-7.120838,9.6076
54504829,236.6367,-7.268363,9.83712
54612978,237.47089,-6.905869,9.3251
54613219,237.55354,-7.3778768,9.6201
54613467,237.55847,-7.830342,9.69234
54613507,237.52156,-7.892737,9.32097
54612770,237.5473,-6.5373797,9.4037
32202099,233.51564,-6.521455,7.4231
37309645,233.16978,-6.907061,9.3541
37309917,233.14682,-6.214372,9.7509
54588526,237.22859,-7.964577,9.53848
54586961,237.10083,-7.096307,9.5761
36984075,230.84187,-7.8754244,8.8952
32581824,236.0009,-6.6863246,8.3282
32582020,236.07182,-6.256355,8.6618
54442726,236.29845,-7.201021,8.0906
54443033,236.29947,-7.810208,6.9669
54586646,237.16832,-7.6985517,8.05267
290563004,235.75182,-7.4711404,8.148
54586657,237.10785,-7.6833797,9.42058
290562994,235.77312,-7.457406,9.72592
32285865,233.87915,-6.130637,9.53374
290636297,235.93318,-7.856825,9.82629
54505736,236.80371,-6.507877,9.619
36983541,230.85857,-6.610485,6.35491
36983602,230.8404,-6.777551,9.6401
37125206,231.74681,-7.057657,8.7059
37125229,231.75728,-7.119486,8.6151
37125611,231.81621,-7.9521084,9.3432
37232328,232.6969,-6.6528735,9.4454
37125469,231.75415,-7.6283374,9.4459
37232342,232.61986,-6.6167054,8.09987
32473108,235.07399,-7.9555364,9.3571
32473546,235.10635,-6.892388,9.8874
32473392,235.12517,-7.30115,8.9005
32368553,234.35704,-6.3172426,8.91974
37147737,231.87999,-7.342883,8.6607
32368590,234.39162,-6.2323675,8.3732
32367967,234.3653,-7.583105,9.27785
32427051,234.89679,-7.027849,8.5261
32490444,235.38942,-6.4484873,8.7137
32201625,233.36263,-6.5145283,9.2224
32201332,233.41357,-7.199983,7.92755
32201350,233.40054,-7.1738796,9.2533
290562396,235.83351,-6.3796315,9.9009
32202373,233.5348,-7.1457477,9.29568
32412415,234.5684,-6.131501,8.00489
37278689,232.98268,-6.8642335,9.7389
37148747,232.0001,-7.0059314,9.6916
37148866,232.02478,-7.32798,9.0273
37148338,232.09598,-6.002946,6.4837
37148579,232.06975,-6.6625423,8.6779
37148945,232.03175,-7.495378,8.4656
37278461,232.98952,-6.351794,8.8976
37278840,233.01634,-7.272482,7.6179
37148487,232.05685,-6.43785,7.338
37278119,232.8817,-6.35944,8.8341
32308597,234.0646,-7.7172756,8.56811
32490438,235.43915,-6.444399,6.37467
32373642,234.56737,-7.8613906,9.6781
32411711,234.64796,-7.7600703,7.9638
32490506,235.48775,-6.656756,9.7397
32490763,235.47417,-7.2067175,9.8582
37096173,231.53018,-7.4358387,8.3577
37174852,232.29097,-6.979147,7.63412
37175155,232.29776,-7.743325,7.8124
32259223,233.64186,-6.688366,9.9858
32490003,235.2873,-6.4386845,9.5437
36940031,230.21548,-6.8120894,9.6222
32412350,234.60796,-6.2947516,9.0821
32413134,234.73276,-7.230445,9.0537
36939762,230.15852,-7.393189,8.4899
36939873,230.17163,-7.176726,9.45934
32286674,234.01575,-7.6321135,6.98981
54485567,236.36525,-6.1453166,6.33276
32412319,234.58559,-6.3674006,9.5515
32412824,234.6638,-6.620098,9.357
32427588,234.91109,-6.1707845,9.2756
32259743,233.72441,-6.416102,9.5661
290637363,235.8908,-6.7665615,8.995
54447510,236.43828,-7.592966,9.13563
32309405,234.21996,-6.0266604,5.71194
290637375,235.96329,-6.7413898,9.6603
290637594,235.97066,-6.314428,9.3556
54534739,236.9335,-7.8785334,8.4299
32309619,234.25322,-6.6101236,9.90387
32413081,234.71231,-7.1382003,9.48706
32412547,234.75827,-6.0229936,8.0796
36939832,230.26617,-7.2502875,9.7703
37069469,231.21432,-6.280036,7.66017
37069531,231.13849,-6.1160927,9.95823
32427261,234.8956,-6.4676456,9.748
37069130,231.14806,-7.0549006,8.8608
37174554,232.24191,-6.2693243,7.82598
37174705,232.22612,-6.6389346,8.61413
54485586,236.41667,-6.0773726,9.42524
54506198,236.72636,-7.477544,9.6577
37227418,232.52046,-6.8449907,6.13825
37227826,232.53409,-7.6435566,9.3093
32308831,234.0676,-7.2118244,8.6496
54486046,236.49573,-6.727238,9.4354
32538615,235.6439,-7.0149674,9.961
32309937,234.19551,-7.42092,9.9062
32539094,235.66237,-7.8394136,9.97169
32309171,234.05331,-6.3884377,7.2851
54506189,236.76395,-7.459679,8.70423
54506152,236.83171,-7.3838983,9.42928
32538673,235.64201,-7.1515927,9.91659
37124239,231.67783,-7.148616,8.9196
36887297,230.04427,-6.264965,8.6093
36887462,230.1175,-6.683157,7.789
32412681,234.69109,-6.3174214,7.92742
37231965,232.6422,-7.4811664,8.0181
37231979,232.6255,-7.429724,9.7779
192730028,226.17143,-6.7030487,9.7379
192730002,226.15778,-6.7656527,9.3711
192729906,226.18144,-7.063272,9.9618
192730231,226.18594,-6.1756687,8.75485
37232858,232.76758,-6.384965,8.0333
32537658,235.62483,-7.0890574,9.8775
32538136,235.57742,-6.0319824,8.5008
32538319,235.63696,-6.273115,9.68674
32538485,235.6696,-6.6851497,9.2911
32538336,235.72911,-6.311233,9.46607
36853511,229.86179,-7.7222753,8.20238
37094973,231.45537,-7.252484,8.2073
37095385,231.37224,-6.3183203,9.94339
36950881,230.52803,-7.023116,9.8528
36951002,230.61092,-7.3068104,8.1967
32258963,233.61896,-7.297523,9.4656
32259138,233.61563,-6.8878813,9.4304
32473902,235.13434,-6.092351,9.5918
36951203,230.59535,-7.8105407,9.41549
203293233,233.31677,-6.677609,9.753
37095104,231.47256,-6.9710064,9.62156
37095168,231.47417,-6.8135,9.73552
37277516,232.8885,-7.7697597,8.9923
203293505,233.20604,-7.263175,9.53
32308528,234.09668,-7.895287,7.16864
32537310,235.59995,-7.947161,8.0639
32537323,235.56276,-7.914142,6.021
32537337,235.54756,-7.8847594,9.09432
79398238,229.38617,-7.5094867,7.9884
32537430,235.57896,-7.6610055,7.73318
37069037,231.13394,-7.2820935,9.6511
32474569,235.25406,-7.3193173,7.0687
32428193,234.93454,-7.4996176,9.5703
37148055,231.95752,-6.541303,9.61
79288254,228.6259,-7.9103823,9.5694
79288478,228.62729,-7.37016,9.4823
79439870,229.6377,-7.5098166,9.3589
79439912,229.62723,-7.4195414,8.495
36982455,230.68889,-7.7937956,9.21887
79288427,228.67656,-7.4737763,8.2597
37278852,232.9811,-7.295665,9.90454
37278798,232.96341,-7.1531734,8.2597
32428144,234.93042,-7.418425,9.43589
192766960,226.5231,-7.714497,9.7597
32369494,234.52362,-7.6761117,6.8284
36886955,229.95786,-6.483503,8.4521
79399113,229.50912,-6.5185423,9.56133
79440499,229.5511,-6.0321994,9.8132
36950131,230.41533,-6.5790677,8.60307
36950484,230.54846,-6.093927,7.8448
79278779,228.36606,-7.9963784,9.0653
79279000,228.33057,-7.53309,9.6589
79284434,228.48161,-7.0404253,9.954
79394114,229.30687,-7.856639,6.6106
79394093,229.35776,-7.886804,9.9284
36941155,230.33655,-7.7610364,8.7818
36940673,230.28912,-6.61263,6.33143
36940771,230.38641,-6.826603,7.0005
26223770,222.5166,-7.1646357,8.163
36939971,230.27267,-6.949514,9.80266
36941006,230.36102,-7.438057,9.35102
36949882,230.45389,-7.1820583,9.4762
36949836,230.43669,-7.306873,9.5951
26231395,222.66193,-7.2749624,8.6581
79188306,227.9526,-7.849732,9.3434
192720645,225.74954,-7.9364724,9.84
37069765,231.26875,-6.245766,6.37447
37070098,231.28575,-6.9648857,9.9411
79390552,229.2782,-7.8843164,9.59426
37070060,231.36516,-6.905862,9.8888
79306410,228.69238,-6.478619,9.6944
26223630,222.53046,-6.6635513,8.0066
26224009,222.56522,-7.8646884,6.4912
79349087,228.99907,-6.0474367,9.3062
26185745,222.36005,-7.7218084,9.9534
26223852,222.54445,-7.392925,9.6094
26223692,222.51051,-6.9022365,8.42332
26223771,222.51562,-7.164639,7.92649
79226902,228.05629,-6.7871795,8.81173
79349218,228.93553,-6.398709,9.1834
79349364,229.01709,-6.7363324,8.34973
79227034,228.04532,-7.07791,9.9979
79440494,229.6397,-6.0515504,9.861
79441411,229.74496,-7.904293,7.7127
79441183,229.76328,-7.425471,9.5647
79441068,229.75084,-7.2109084,9.11478
79441067,229.75249,-7.2105827,9.74672
26184572,222.22395,-7.5739527,9.3329
26168378,221.90427,-6.1099086,9.7648
26269231,223.01266,-6.935127,9.2458
26269372,223.01653,-7.40061,7.1312
192586555,224.19666,-6.2452216,8.8942
192681387,225.36986,-6.138173,9.0554
79279398,228.33432,-6.607056,9.0755
79310594,228.85388,-7.8299694,8.6724
26185038,222.15129,-6.250395,8.9163
192725873,226.02542,-6.3757806,9.2617
79389207,229.13048,-7.2360296,8.26737
79353659,229.1381,-7.2914867,9.6715
26168006,221.93536,-7.2928634,8.824
192586950,224.42915,-6.741087,8.21592
79310892,228.89839,-7.156889,8.77844
26184744,222.16933,-7.107024,7.7365
192586810,224.38863,-6.3302493,9.81481
79279141,228.35292,-7.2405095,9.34666
26117146,221.5767,-7.2638664,9.8168
79306614,228.75912,-7.0011506,9.12013
79306880,228.7568,-7.6506104,9.8706
79105432,227.05237,-7.913204,7.4053
79105172,227.08199,-7.3623776,9.82356
79389357,229.06961,-6.922146,9.72736
192771363,226.75655,-7.584458,9.0604
192745373,226.47496,-7.0725656,8.2599
192771014,226.76941,-6.6033406,7.6442
192771226,226.79652,-7.1805553,9.8932
192771248,226.8058,-7.2295694,9.991
192745539,226.41408,-6.590624,9.71471
192745689,226.48193,-6.163349,9.83162
192745451,226.4271,-6.8432326,9.09246
192726036,226.02895,-6.887364,7.0595
26102272,221.1708,-7.1935654,9.5225
192586270,224.2717,-7.1606083,8.6173
79274384,228.19974,-6.0864935,9.4853
26346276,223.43674,-7.7162566,9.5952
79174847,227.48907,-7.9643054,8.6003
26043235,220.8396,-7.168095,9.6877
192746116,226.60806,-6.9513927,9.9164
79174270,227.48358,-6.717742,7.67776
26359926,223.89647,-6.6224866,9.74164
192624200,224.72589,-7.3065944,9.32084
26356308,223.79085,-6.0554214,9.8956
192729964,226.20865,-6.8967934,9.9051
26356558,223.7964,-6.88078,9.8296
26356569,223.82124,-6.9261694,9.885
26356870,223.77432,-7.88881,9.9818
192730153,226.23795,-6.380154,8.55049
26117317,221.55626,-7.7969584,6.25241
192624599,224.76585,-6.190347,9.1735
26116906,221.57341,-6.439927,9.5883
26116938,221.51985,-6.5435667,9.2387
26169123,222.02994,-7.845977,8.3158
192624560,224.78838,-6.2959924,9.4079
192657300,224.99464,-6.247267,9.8868
26346313,223.4398,-7.5493937,8.8857
26289240,223.29816,-7.237504,8.4964
192741575,226.34499,-7.3339086,9.93195
192725177,225.90378,-7.571363,5.5171
79149901,227.40065,-7.8711553,7.768
203284711,223.97943,-6.425638,9.1119
192725549,225.99643,-6.4892373,8.80653
79109622,227.23026,-6.577337,8.7011
26232008,222.76236,-6.376218,9.64073
26116635,221.49406,-6.308535,9.66321
23935018,220.01865,-6.941215,7.16857
26289235,223.30411,-7.216303,7.33594
79101555,226.92798,-7.8860126,8.5854
79150805,227.55182,-6.2323265,9.85549
23852533,218.97083,-6.2830396,9.8012
23852123,218.97284,-7.680694,9.7752
192657153,224.97827,-6.714891,9.3441
192657502,225.1041,-6.227102,9.1522
79102076,226.94325,-6.73245,9.0912
192657358,225.02475,-6.087317,8.8016
26042612,220.74059,-6.8054028,8.3612
26289018,223.23933,-6.4786706,9.7704
26347303,223.57843,-7.5342536,9.96
26102193,221.16954,-7.4910283,9.4317
23948151,220.20877,-7.8985014,8.67875
26102597,221.21132,-6.1273155,9.2467
23888378,219.80093,-7.267409,9.1508
79275020,228.30576,-7.289734,9.6322
23833321,218.81552,-6.4440327,8.8677
23833078,218.80594,-7.381055,8.91779
23833768,218.85936,-7.019421,9.6702
23833829,218.8824,-7.199623,8.71
23968838,220.51044,-7.3518105,9.4505
23968853,220.41418,-7.261522,9.86596
79109309,227.17517,-7.324877,9.1935
79109521,227.20384,-6.8030605,9.8879
79110016,227.34825,-6.236526,7.8204
26156333,221.79414,-6.269845,9.2168
79110218,227.34227,-6.716812,9.4037
79145772,227.26141,-6.900339,9.585
23680128,217.53468,-7.071573,7.26113
23741318,217.62543,-7.506131,8.3749
23680382,217.60338,-6.244439,8.68158
23680597,217.66394,-6.3330097,9.23666
23741310,217.73395,-7.4891553,9.46794
6131606,215.62709,-7.6089163,8.8533
6131638,215.64883,-7.7075505,8.2536
6234979,216.38411,-7.609985,8.955
6131661,215.66109,-7.768177,7.0097
6131663,215.66125,-7.7697887,7.0198
6234963,216.2892,-7.585587,9.3623
6130815,215.5081,-7.513524,9.98401
26288581,223.13855,-6.799811,9.8543
26288735,223.12227,-6.2761564,9.3913
26268709,222.96092,-6.6246266,8.24419
26269446,223.05966,-7.5879617,8.7888
23935499,220.06676,-6.548726,9.534
23945287,220.10744,-7.637646,9.6601
23948201,220.27167,-7.74464,9.60394
23948283,220.2705,-7.510059,9.645
26155040,221.6375,-7.558507,9.4898
23935422,220.14754,-6.2435,9.5494
23833965,218.93173,-7.7118077,8.39857
192601946,224.65381,-6.4277043,7.0464
23948180,220.26271,-7.8102746,9.7542
192601888,224.60728,-6.2571898,8.6124
23948660,220.21333,-6.3352504,9.3578
23680774,217.64719,-6.979905,9.2741
26103294,221.32916,-7.755322,8.9248
79178953,227.67204,-7.122648,9.5569
79178955,227.68073,-7.119486,8.5724
79179336,227.65527,-6.2486787,9.0153
203292303,224.18057,-7.4147673,9.64964
192717599,225.6249,-7.840429,6.4334
79146002,227.26692,-7.4081216,9.22895
23948293,220.18742,-7.4916263,9.01053
192601911,224.55356,-6.322453,9.162
6161463,215.9089,-7.453904,9.9289
6161588,215.8166,-7.9239078,9.9363
6249616,216.57976,-6.4838266,8.9973
6249960,216.61427,-7.639064,9.1375
6160898,215.79874,-6.5231304,8.19384
6249864,216.58748,-7.327559,8.0891
26103200,221.27397,-7.4777675,9.73111
26102953,221.33443,-6.734481,7.5035
79178764,227.67212,-7.5447135,7.8051
26103010,221.29472,-6.893633,8.40703
26103114,221.32175,-7.1909146,7.93149
26288533,223.17924,-6.927333,9.52644
203284695,224.06425,-6.3820863,7.1822
192586629,224.25522,-6.0183506,9.4997
203285205,223.98727,-7.670785,9.436
79275244,228.28368,-7.882032,9.2633
203285335,224.0304,-7.9970126,9.1044
192586335,224.19923,-6.939922,9.2322
79231699,228.09898,-6.6600432,9.0035
26059863,221.09982,-6.388884,6.57841
26268636,222.85283,-6.862976,9.80606
23945240,220.05362,-7.514713,8.4669
26355813,223.6384,-7.399693,7.4634
26356681,223.80762,-7.292913,7.03961
23948612,220.24706,-6.4582934,7.81836
23948224,220.27594,-7.664497,9.96015
26268836,222.92838,-6.258438,9.62658
23885379,219.57794,-6.7260656,9.19994
23885443,219.62198,-6.9593587,8.59857
23885500,219.64864,-7.1628337,7.20502
23885583,219.6477,-7.4438453,9.432
23888533,219.71756,-6.76521,9.48
23885212,219.65239,-6.0433125,9.39728
23885418,219.62363,-6.8644996,9.97262
23968977,220.48709,-6.867648,8.71094
26059493,220.9623,-6.6882486,8.22001
26059961,221.0755,-6.693648,9.90574
6234154,216.19212,-7.169611,7.12899
192586474,224.2913,-6.5121846,7.83864
6160966,215.79237,-6.2323866,7.4062
23866602,219.32013,-7.354676,9.637
26116112,221.44344,-7.915542,9.8936
26116314,221.4058,-7.310378,9.9089
26116379,221.42813,-7.078985,8.58262
23750885,218.08144,-7.5392747,7.0533
6237474,216.509,-7.4574475,9.8026
6249511,216.55083,-6.078299,8.8834
192625220,224.84305,-7.5367455,8.69666
23852250,219.0237,-7.242805,9.02187
23750848,218.09138,-7.692298,9.77945
23869546,219.53412,-6.9851303,9.7648
23796789,218.5158,-7.7863503,9.9019
23948928,220.35173,-6.4350514,9.0408
23948811,220.29384,-6.0095325,8.9866
23948939,220.34886,-6.4718695,9.42358
6113407,214.97168,-6.746165,5.62359
23744242,217.80835,-7.0772233,8.6127
23744773,217.90013,-6.6068516,8.8802
6113376,214.98383,-6.8488,9.6419
6026854,213.8881,-6.5796475,9.55
23949280,220.34836,-7.6594543,8.77808
23767303,218.33846,-6.9358473,6.3686
6121667,215.28862,-7.673014,9.9738
6121869,215.28827,-6.9743414,8.9268
6122082,215.2655,-6.196155,9.3194
6121688,215.19788,-7.6093073,9.3574
23853038,219.12912,-7.4412403,8.92548
23669778,217.27008,-7.8532486,9.0989
23669783,217.2849,-7.8323298,8.71763
23751705,218.20566,-7.211731,7.76482
23751702,218.12953,-7.2051325,8.49054
23767434,218.2624,-6.5183997,9.5601
23767459,218.29933,-6.4434114,9.8488
23767933,218.43991,-7.1011696,9.60835
23767142,218.24721,-7.5491157,9.77038
6041501,214.4699,-7.382159,9.5913
6130745,215.46863,-7.7659507,8.4882
6130991,215.45232,-6.7539473,9.00067
6225359,216.12776,-6.7253957,8.33805
6224840,216.03183,-7.073899,7.8275
23667103,217.17384,-6.9005265,4.03098
23666973,217.1596,-6.4043326,9.70508
23667188,217.22368,-7.274876,9.5278
23642035,217.08545,-7.8156734,9.2858
6095994,214.81259,-6.5767193,9.72257
6038555,214.4612,-6.2813964,9.3336
6038520,214.42213,-6.167748,9.783
23796929,218.52534,-7.2901106,8.2174
6113468,215.01765,-6.5360394,8.6002
6113586,214.9514,-6.106012,9.5095
6113699,215.07205,-6.2022924,9.61227
6114048,215.16258,-7.4438276,9.08498
6029735,214.0891,-6.6215363,6.1632
6029884,214.00362,-6.000559,3.5998
6096490,214.84753,-7.2001247,8.2069
6030194,214.11188,-6.8920975,9.30436
6234267,216.17194,-6.8114505,9.4544
23670244,217.30795,-6.0960536,9.3754
6095985,214.74283,-6.6036468,7.7659
23677229,217.3844,-7.1882477,8.5187
23767869,218.42151,-6.870487,7.76143
5979109,213.47372,-6.8538055,9.5206
5979003,213.42427,-6.45322,8.9731
6026547,213.78146,-6.433144,9.6569
6026806,213.9239,-6.4038835,9.50313
23676952,217.42043,-6.271634,9.69937
23676872,217.37564,-6.030231,9.7647
5979133,213.37997,-6.958983,8.6117
6026726,213.91751,-6.1085925,9.61464
23638943,216.83826,-6.5713124,8.4668
6042188,214.6716,-7.0136967,7.29233
5993343,213.55653,-6.367019,9.5768
5993194,213.5691,-7.0560746,7.25613
6252452,216.76889,-7.704077,9.643
6252671,216.66263,-6.865962,9.0747
23888660,219.75412,-6.3148403,9.5737
26232201,222.80211,-6.930371,8.818
26232346,222.83228,-7.4264846,8.8443
23888814,219.85538,-6.0236044,8.236
23639066,216.85161,-6.120337,6.1085
23638787,216.82439,-7.1386824,9.66425
5993379,213.53412,-6.245156,9.4552
6224799,215.98343,-7.2085743,9.92709
26156190,221.76588,-6.0347176,8.58682
26156877,221.86942,-7.121368,9.6737
26157146,221.80736,-7.4965286,9.8001
1179945036,224.5725,-8.694717,9.3492
1179882683,224.27701,-9.1776705,9.7743
1179729698,227.1581,-9.8847065,9.5823
1179649572,232.58116,-9.551094,9.05871
1179640299,234.77448,-8.564497,8.92109
1179640300,234.77383,-8.56417,9.06835
1179639715,234.66692,-8.791446,5.9946
79146368,227.31866,-8.249335,9.497
79108153,227.1581,-9.8847065,9.5823
32413885,234.66692,-8.791446,5.9946
32413766,234.77448,-8.564497,8.92109
37228672,232.58116,-9.551094,9.05871
79391147,229.25179,-9.38292,2.663
192602737,224.5725,-8.694717,9.3492
192585589,224.27701,-9.1776705,9.7743
290635275,235.9675,-8.794302,9.5527
37016070,231.11035,-8.277103,9.90756
37010592,230.90985,-9.829293,8.7013
37017000,231.07994,-9.234004,9.55992
37017391,231.11086,-9.636696,9.4796
37016302,231.0626,-8.483518,7.5782
23934370,220.0308,-8.06918,9.6742
54654804,237.70317,-8.092666,9.97976
54588818,237.2748,-8.5501,9.5067
54589168,237.2251,-9.21674,9.90658
32261281,233.79482,-9.990482,8.3603
32583753,236.12706,-9.237126,8.667
32431781,235.02228,-8.819,9.3892
32431727,235.04031,-8.945393,8.4748
37173397,232.11192,-8.2348585,9.9463
32584063,236.18178,-9.84463,9.6877
54444065,236.30226,-9.757779,9.6416
32475364,235.14987,-9.10886,6.6772
290563390,235.84448,-8.14142,8.2661
290563644,235.82045,-8.552697,8.5296
32583596,236.12146,-8.898573,8.8487
54446811,236.442,-9.047086,9.5307
54446819,236.47139,-9.035877,8.74028
32475310,235.23067,-8.998566,7.4236
54611338,237.38861,-8.195115,9.24186
32583751,236.12843,-9.23194,8.09405
54613786,237.46582,-8.470007,8.03684
37225950,232.4114,-8.441486,9.6593
37225435,232.45917,-9.560314,8.969
37225737,232.36983,-8.917637,9.1664
37225746,232.4533,-8.881016,9.9311
37225862,232.46397,-8.641107,8.9869
32310364,234.21829,-8.335015,9.9204
32310468,234.22017,-8.564947,7.0148
32310540,234.22523,-8.745223,9.0466
32310820,234.18988,-9.338565,9.9751
32313358,234.40407,-9.22677,8.7568
32313432,234.40831,-9.044969,7.70151
32310294,234.24796,-8.182944,8.5541
32313350,234.34917,-9.251781,9.2763
54490102,236.66171,-9.417787,9.7138
54490568,236.71692,-8.547997,9.7637
54490639,236.66508,-8.422153,9.3894
54490760,236.6266,-8.208032,6.9635
54486859,236.51292,-8.399442,8.3736
54537047,236.97987,-8.619528,9.683
54490502,236.63788,-8.678292,8.65146
54487507,236.53712,-9.629212,8.7559
54487678,236.57726,-9.9611635,8.08359
54490444,236.6145,-8.792505,8.6877
32491104,235.44003,-8.060094,8.9238
37176022,232.2319,-9.604275,7.9079
32372936,234.55084,-9.292416,9.90026
32373215,234.58269,-8.75313,7.4167
37175525,232.33163,-8.530855,9.42472
32372802,234.5681,-9.574299,9.28145
32583182,236.13106,-8.0535965,9.3634
54589188,237.27579,-9.251156,7.49673
37126240,231.785,-9.455949,9.7929
37125687,231.83102,-8.143111,8.72608
37125694,231.74442,-8.162794,9.16479
37126142,231.81865,-9.182819,9.721
37126187,231.74278,-9.338149,9.85435
37125870,231.75935,-8.601495,9.54016
37233904,232.73936,-8.852393,9.84342
54443574,236.35248,-8.809328,9.7717
37146658,231.9004,-9.852901,9.993
37147071,231.90971,-8.948058,6.61926
37147193,231.91196,-8.668143,9.74761
37146603,231.93198,-9.98696,8.1447
290567129,235.99083,-9.702229,9.48173
290567022,235.90271,-9.879439,9.5666
37147364,231.91432,-8.293487,9.0205
37228272,232.56856,-8.680558,9.8146
37172996,232.11699,-9.160099,6.99327
37173178,232.16118,-8.74728,6.293
37173222,232.14352,-8.654254,9.4105
203294470,233.2551,-9.156909,8.1706
54540086,237.1633,-9.749975,9.74777
37146820,231.8708,-9.495974,8.38319
37228007,232.56258,-8.054015,8.49008
54506911,236.83495,-8.917259,8.93259
290567299,235.90903,-9.385606,8.725
32287102,233.94191,-8.5470915,9.8131
54537572,237.0553,-9.528762,9.8139
54537667,236.98425,-9.690914,9.571
32310279,234.23729,-8.139769,9.3594
32310474,234.19318,-8.572214,9.1083
32428510,234.90312,-8.219146,9.88531
290563999,235.7962,-9.13205,8.0417
32205938,233.61047,-9.183435,5.24592
32183845,233.39339,-9.9157715,9.3913
32184063,233.44014,-9.434413,6.82191
37125638,231.76347,-8.019385,8.5731
32491228,235.42096,-8.320454,9.919
37068019,231.16847,-9.675272,9.3955
37068611,231.24532,-8.342523,8.7244
32494171,235.52544,-9.200331,8.935
37068523,231.23198,-8.574141,9.3322
32494305,235.556,-8.927127,8.8648
203294180,233.23706,-8.645933,9.64275
203293890,233.27634,-8.081608,7.7241
37067913,231.18633,-9.91451,9.1518
203294062,233.24701,-8.398708,9.72958
37068506,231.1688,-8.613335,9.81877
54446483,236.37329,-9.616495,9.1963
54446443,236.45079,-9.705153,7.43714
54446632,236.47577,-9.355974,9.96703
54446630,236.48106,-9.357177,9.87631
37096857,231.58624,-9.103578,9.4214
32205739,233.65558,-9.562358,9.9773
32206052,233.59125,-8.963135,9.1158
32206287,233.56996,-8.450128,9.0623
32287326,233.96039,-8.972294,7.2709
36951305,230.59244,-8.041027,9.5502
32258655,233.6805,-8.115742,8.03236
36951406,230.5324,-8.247384,8.746
1179719919,229.2513,-9.382999,7.0912
37123390,231.73334,-9.16351,8.36687
37123405,231.68515,-9.125908,9.4561
32260451,233.743,-8.114728,7.1692
32260997,233.72318,-9.360926,7.3182
290564402,235.78691,-9.839874,8.3158
54509753,236.85527,-9.704343,7.5525
36981953,230.67577,-8.962176,8.4127
37123040,231.63156,-9.972296,9.32033
54509879,236.90875,-9.48044,6.5753
54510196,236.86632,-8.874507,9.9676
37230989,232.68822,-9.598071,9.9836
36853629,229.85474,-8.032582,9.72229
36853647,229.86049,-8.0806265,9.2311
37231308,232.6873,-8.931431,9.65502
36854106,229.84085,-9.146522,4.18169
37012066,230.9737,-8.134201,8.9325
37011662,230.98232,-8.6168375,9.9849
32416653,234.88222,-9.58537,8.3381
32416793,234.85239,-9.282761,9.2625
32416945,234.89131,-8.978981,7.77257
32417073,234.876,-8.699545,9.2116
32491349,235.44656,-8.58778,8.7588
32545303,236.08844,-9.609972,8.7879
32491379,235.44821,-8.645547,7.77691
32545457,236.00742,-9.457996,9.0244
32416605,234.82742,-9.664,9.78118
36885626,230.02277,-9.766229,8.1354
203294393,233.27542,-9.036116,8.2437
203294544,233.26866,-9.316264,8.9232
203294365,233.2682,-9.0038595,9.5503
32478015,235.26488,-9.505526,9.9072
32475196,235.25134,-8.741926,6.91821
290567340,235.93745,-9.315433,7.303
32200959,233.4135,-8.062231,9.26
32475397,235.17773,-9.17697,9.6361
32200898,233.43436,-8.187384,9.71815
32184460,233.42026,-8.584171,9.2319
32200826,233.40247,-8.361665,9.7406
32200957,233.37012,-8.064909,9.7898
192767639,226.51988,-9.538151,7.59994
79149401,227.39285,-9.043158,7.8088
79149740,227.41508,-8.239664,9.38396
79442167,229.74352,-9.604965,9.0582
32369686,234.47826,-8.1028185,9.8516
32369982,234.41418,-8.702845,9.84058
37149737,232.04005,-9.348071,6.1357
192767662,226.56395,-9.591204,8.53442
79390921,229.25806,-8.800516,9.7968
79393247,229.36038,-9.840861,9.3185
36948933,230.44998,-9.263823,9.0966
37071161,231.25711,-9.376678,7.7195
37070613,231.2611,-8.1171875,9.7838
79390706,229.22089,-8.285563,7.4392
36948898,230.46974,-9.338366,8.5525
36948755,230.47348,-9.641932,9.60799
36888719,230.14049,-9.71795,8.9233
26289673,223.21774,-8.619746,9.9685
79108457,227.13527,-9.183133,9.8002
79108677,227.13211,-8.66803,9.0345
79399731,229.49777,-8.022974,9.3188
79108316,227.18105,-9.505743,9.74007
36854345,229.82927,-9.673521,9.915
36885566,229.91336,-9.9146,9.557
36854285,229.82288,-9.524331,8.5114
36886308,229.94754,-8.112392,9.9825
36886088,229.99869,-8.634547,8.0985
32202940,233.45248,-8.490793,8.0453
32290112,234.1347,-9.100117,9.438
36888032,230.13016,-8.078267,9.36757
36886075,230.00035,-8.661706,7.007
79108671,227.13808,-8.682698,9.3882
36885557,229.93434,-9.934102,9.71045
79390703,229.22137,-8.283943,8.7354
79393500,229.41708,-9.240736,9.81872
79393992,229.32378,-8.137066,8.9642
36949209,230.41676,-8.656558,7.66632
79393626,229.34128,-8.94045,9.1998
79284810,228.51646,-8.056761,9.1663
79284993,228.5298,-8.562913,9.33578
79285068,228.5178,-8.766785,9.0622
79393770,229.31905,-8.62529,8.93698
26289692,223.2235,-8.695638,7.3481
79285378,228.48898,-9.493643,7.5051
37096948,231.57805,-9.325154,9.49877
37279580,233.02946,-9.029377,7.90136
54507160,236.73064,-9.434175,8.6182
37279330,232.98521,-8.436011,8.44927
54506706,236.8141,-8.452957,6.6374
37149185,232.03804,-8.018905,8.3807
36938876,230.17618,-9.490606,9.7794
37308861,233.09671,-8.533592,8.03201
32414407,234.66006,-9.799416,8.8321
32413983,234.7007,-8.997365,9.1325
32414016,234.72293,-9.063704,8.6222
32414040,234.67838,-9.119288,9.4968
37308374,233.0745,-9.586444,7.66695
32413887,234.66649,-8.794721,6.0899
79288128,228.63954,-8.212491,7.71227
79287853,228.58934,-8.844208,8.3319
79350567,228.95534,-9.483157,9.141
79402965,229.62935,-8.654552,9.5378
79403092,229.64723,-8.39727,6.3662
79403216,229.65102,-8.090467,7.7392
36982000,230.75577,-8.86862,7.6512
36982183,230.73152,-8.429859,7.3193
36941611,230.3157,-8.808599,6.5162
192769881,226.68541,-8.646657,9.9522
192770032,226.64722,-8.251893,9.16719
36941560,230.3176,-8.686614,9.93224
192771805,226.77298,-8.729195,8.8924
37149745,232.09334,-9.364542,9.7867
32429185,234.93246,-9.61939,7.41431
37149234,232.06282,-8.146679,8.3761
32428732,234.93697,-8.676722,9.7485
36981864,230.72462,-9.125746,8.3757
79284985,228.56961,-8.543426,9.9369
32260746,233.78172,-8.830421,9.63126
32260892,233.72,-9.122886,9.1591
32263773,233.88594,-8.675945,9.1113
79175722,227.59044,-9.886224,9.59537
79284983,228.45396,-8.542033,9.12748
79287909,228.63182,-8.712878,9.48083
36981524,230.6684,-9.967707,9.44245
37094162,231.42003,-9.272713,9.6048
192771822,226.7474,-8.771727,8.58635
37096553,231.6015,-8.341416,9.1373
79287464,228.6307,-9.734542,9.9974
26231118,222.67279,-8.092808,8.8577
203291826,224.07242,-8.665598,8.0011
192715775,225.4223,-9.029302,9.5418
192715966,225.42097,-8.5267935,9.9715
192716049,225.51764,-8.344721,5.50746
32261212,233.74902,-9.80174,8.758
192724588,225.94254,-9.170097,9.9622
37149743,232.05087,-9.357862,6.75
192715994,225.41057,-8.462795,8.89171
79287511,228.69046,-9.597382,9.90111
26230837,222.7149,-8.918883,8.314
26231076,222.6756,-8.224298,7.7427
203291303,224.18909,-9.886083,8.4662
203291709,224.14053,-8.930962,7.9775
192724487,225.99718,-9.41696,9.6817
192729553,226.20538,-8.023238,5.6808
79227818,227.96498,-8.839916,6.87305
79228315,227.97064,-9.881812,7.328
79230761,228.19173,-8.835695,9.3294
79227450,227.99858,-8.043198,7.5393
79230584,228.10648,-9.260987,9.1823
79230972,228.11186,-8.345224,9.3648
79231083,228.18257,-8.107807,8.1692
32290240,234.0987,-8.809727,8.7515
26270215,223.08029,-9.953139,8.4985
79278527,228.43637,-8.619995,8.95968
79402467,229.63168,-9.784055,7.9688
79402691,229.62576,-9.248599,9.8791
192726592,226.04019,-8.551117,9.4456
192724911,225.94875,-8.31854,9.2454
192726421,226.11679,-8.0469265,5.9049
192726832,226.0704,-9.141636,9.5829
192726503,226.10983,-8.301619,8.9032
79350760,228.93933,-9.933472,9.06824
79400620,229.47717,-9.975815,9.7916
79187323,227.942,-9.851467,9.95113
192725025,226.00679,-8.027305,8.7802
192726493,226.07793,-8.267799,8.95264
192726764,226.10786,-9.004867,9.0044
79350154,229.00777,-8.59732,9.71143
192724328,225.91011,-9.832964,9.12254
79349934,228.93828,-8.129693,9.99279
1179753727,227.31859,-8.249597,9.46882
192720182,225.6914,-9.129572,8.6907
192720298,225.72702,-8.806581,9.8471
79309728,228.87405,-9.811977,9.0332
26269703,223.07712,-8.357331,9.8497
79442024,229.72534,-9.296222,9.968
79391239,229.21748,-9.597601,7.8718
26291696,223.36148,-9.545252,9.7216
79400011,229.42662,-8.648941,9.9073
79400078,229.45653,-8.780641,9.5692
26356968,223.80026,-8.237236,9.9434
79442061,229.78357,-9.380683,8.95594
26359034,223.85631,-9.474259,6.9528
26357255,223.77948,-9.09731,8.8242
79391385,229.1902,-9.943185,9.7971
192724536,225.95601,-9.303542,8.53346
26357464,223.82256,-9.678699,9.67916
79353279,229.1384,-8.207365,9.66069
79352833,229.15338,-9.20483,8.23528
79146387,227.35013,-8.2836685,9.7407
79184815,227.73474,-8.696275,9.368
192722581,225.8523,-9.370042,9.9394
26291834,223.44327,-9.163425,7.98597
192717991,225.53947,-8.915104,9.4948
26184025,222.13397,-9.155562,7.26347
192718272,225.60359,-9.620663,8.4815
26292041,223.33722,-8.643366,9.8183
79175269,227.48265,-8.849437,9.9463
79175406,227.49164,-9.19363,9.7732
79106269,227.07878,-9.823441,9.72255
26042097,220.75735,-8.373557,9.43129
192718014,225.5656,-8.970225,9.68098
203285748,223.94646,-9.044734,8.8076
79174889,227.56145,-8.027766,9.28898
26348082,223.53172,-9.890845,9.314
26357031,223.7456,-8.391872,9.5327
26185983,222.32103,-8.37469,8.80473
26186218,222.34451,-9.003582,9.43208
26347872,223.51338,-9.310603,9.7554
26186040,222.35571,-8.504349,6.64325
26356943,223.81305,-8.121359,8.62793
26347989,223.48663,-9.663227,9.88022
26357138,223.79187,-8.720551,9.82434
26186587,222.25401,-9.989601,8.90431
192744625,226.42372,-9.1260195,9.72743
192744804,226.49362,-8.6561985,9.69705
192744903,226.41211,-8.360258,9.45338
79276093,228.26917,-9.828084,8.3374
192744633,226.42091,-9.11393,9.3336
192742383,226.36877,-9.347827,9.6072
26041795,220.71268,-9.263745,7.9701
26350048,223.62006,-8.388461,6.22362
26158238,221.8129,-9.059467,8.8144
26349671,223.67122,-9.471687,9.3911
26350039,223.59877,-8.427331,9.9407
23834152,218.85603,-8.358978,7.81676
23768362,218.34795,-8.608364,9.9589
23832660,218.75175,-8.817374,8.699
23832731,218.76573,-8.573316,9.9995
23834066,218.89763,-8.064637,9.82688
23834216,218.95135,-8.57528,7.14869
23768210,218.41307,-8.060764,9.7783
23834319,218.83505,-8.91129,9.0512
26167512,221.9888,-8.654141,9.7724
26349567,223.69911,-9.772375,9.77552
26350131,223.69907,-8.143664,8.4077
192602692,224.60077,-8.564417,8.8341
23851906,219.04265,-8.490544,9.973
192771871,226.79053,-8.92863,5.9006
79105547,227.06544,-8.198671,9.86328
23638470,216.80882,-8.266263,9.9203
26222409,222.37894,-8.645943,9.4311
26232893,222.84201,-9.0040865,9.5992
26233241,222.8108,-9.914845,9.6102
26222215,222.37318,-9.220756,8.5055
26232885,222.81532,-8.983835,7.782
26233263,222.81245,-9.996374,7.9702
192741944,226.32063,-8.309701,9.9737
192729249,226.21347,-8.815694,8.552
26347945,223.50992,-9.535139,9.5828
192600832,224.55278,-8.679385,8.5654
192728829,226.23428,-9.893656,7.6624
26222220,222.44212,-9.2025385,7.1669
26347790,223.46422,-9.085947,7.23603
26103565,221.33989,-8.462017,8.3589
26103594,221.3581,-8.552054,9.7611
26103788,221.28264,-9.011409,9.84236
26103751,221.34605,-8.905017,9.675
26103865,221.33406,-9.214229,7.961
26103766,221.27626,-8.92999,8.73351
26224514,222.54216,-9.435352,8.26253
26224357,222.51747,-8.951096,7.78545
26224372,222.53088,-9.025855,9.10655
23853488,219.14645,-8.972668,8.3144
23888088,219.7102,-8.311974,9.8071
23945439,220.15538,-8.165843,9.182
26271659,223.15059,-9.830611,9.2474
26287811,223.1575,-9.055146,9.37467
192682344,225.33089,-8.734226,8.7065
26288099,223.1673,-8.289468,9.79327
26288103,223.21344,-8.284333,8.12174
26115530,221.47441,-9.622241,9.8875
23968472,220.48856,-8.556978,9.5422
79101376,226.89235,-8.28631,9.2483
23968294,220.43164,-9.182536,9.55341
23867084,219.32124,-9.015361,8.9353
23669638,217.34492,-8.353368,9.588
26060603,221.12068,-8.5918,7.1565
26043877,220.84782,-9.128228,8.9496
23868945,219.447,-9.015569,9.6435
192600983,224.48264,-8.216804,9.5841
79100795,226.86725,-9.635514,9.60653
79100699,226.94531,-9.83751,9.47195
26117518,221.55305,-8.349678,9.6703
26291622,223.44382,-9.719609,8.3497
26117684,221.52173,-8.810137,9.85949
26291614,223.36511,-9.74419,9.50042
26060565,221.08546,-8.468156,9.8641
26043944,220.79053,-9.344258,8.58062
26060626,221.03253,-8.665165,9.17028
26060816,221.05238,-9.239012,9.28939
26060505,221.05698,-8.251928,6.2149
26060885,221.08885,-9.4896345,7.268
23745207,217.94011,-8.173452,9.66224
23968564,220.44588,-8.213801,9.024
23743895,217.7722,-8.201393,9.778
23750706,217.99702,-8.178025,9.3397
23851816,218.98654,-8.814142,9.8792
23750633,218.06659,-8.438338,9.87205
23750728,218.0384,-8.105833,9.8523
23750747,218.06906,-8.040691,9.50115
23853307,219.15533,-8.403519,8.7216
23750621,218.09361,-8.467169,8.49344
23869051,219.52763,-8.675459,8.20488
23869151,219.54929,-8.308393,9.23413
26154601,221.69429,-8.154726,9.2614
23855361,219.23714,-8.947346,7.85218
23855528,219.30533,-8.3663845,7.9125
23966473,220.3459,-8.784219,9.86296
26101584,221.25192,-9.134634,8.70299
23766889,218.33957,-8.476807,9.57399
32545052,236.07176,-9.897443,8.69127
32546357,236.11517,-8.485271,8.436
32539771,235.67857,-8.602901,9.95397
26267605,222.97067,-9.914275,8.89606
26153469,221.6899,-9.538577,9.96
26158734,221.77518,-9.765995,9.38925
1179616374,234.84131,-10.273296,9.0625
1179609368,233.74048,-10.525123,9.42025
32416304,234.84131,-10.273296,9.0625
32261527,233.74048,-10.525123,9.42025
32542038,235.75822,-10.933423,6.554
37009982,230.93169,-10.465634,9.7242
37009454,230.96498,-11.030374,9.89541
37019585,231.0613,-11.871288,9.5946
54489712,236.65335,-10.132164,7.08773
54489688,236.68747,-10.175613,9.6989
32475893,235.18137,-10.173487,10.0
32476203,235.20012,-10.780865,9.9387
54445813,236.44652,-10.9711075,9.3517
37127406,231.93968,-11.815352,8.3288
71802515,235.98026,-11.920108,8.5619
37146178,231.87616,-10.962546,7.61678
37127579,231.86014,-11.423224,9.34622
32262342,233.84499,-11.682259,9.18333
54446051,236.4244,-10.505349,9.66829
32203661,233.5446,-10.064534,3.7162
54446102,236.41016,-10.41114,9.51971
37146177,231.87817,-10.964263,8.64096
32544220,236.00328,-10.846751,8.4164
290565106,235.76291,-10.933498,6.6145
37229523,232.5468,-11.233895,9.9189
290566468,235.87485,-10.757923,9.5398
290566499,235.98586,-10.70014,9.9906
32429829,234.90195,-11.013509,9.29584
32429512,234.93654,-10.291184,9.8343
54446269,236.46921,-10.069847,9.94919
32262530,233.90541,-11.320189,9.2603
32262443,233.89464,-11.499893,9.409
54489419,236.68001,-10.687946,8.8443
37176531,232.27255,-10.673073,9.5851
32289016,234.08347,-11.374641,9.9834
32372090,234.58987,-11.044105,9.8677
32371671,234.5749,-11.84687,9.61432
32371702,234.55096,-11.797278,9.5352
32371798,234.64021,-11.632218,9.9748
37176666,232.31772,-10.969473,9.93858
32371677,234.58821,-11.839818,9.33842
32372199,234.6204,-10.794265,9.58294
37280764,233.05333,-11.570723,9.31
32183005,233.3663,-11.723524,6.8014
54488686,236.5047,-11.7504015,8.4077
54489230,236.67224,-11.053069,9.7419
32584821,236.13046,-11.414261,9.73397
37280156,233.04613,-10.347997,9.19927
54507813,236.79192,-10.621536,9.4851
54488642,236.5833,-11.675585,9.81975
54489081,236.65016,-11.323106,9.758
71862397,236.0665,-11.964197,9.10822
32183305,233.3918,-11.065224,8.2933
32311176,234.21367,-10.080225,8.5735
32183731,233.34962,-10.159471,9.5903
290566855,235.88643,-10.123595,7.299
54507625,236.79997,-10.306695,9.9528
54507617,236.843,-10.295569,5.7382
37151249,232.15059,-11.33003,9.4872
37150702,232.05739,-11.44887,7.47549
37228903,232.49312,-10.055451,8.55447
54509521,236.89363,-10.088638,9.0176
36980989,230.69551,-11.204784,7.79957
36985769,230.77458,-11.454696,6.956
36985830,230.80171,-11.606845,9.5985
32492095,235.38995,-10.184105,7.9525
37097779,231.5747,-11.270634,9.8033
37097721,231.4983,-11.151454,9.2566
36985301,230.79616,-10.48713,7.8155
36985678,230.79927,-11.262349,9.77211
36885245,229.91856,-10.63464,6.1747
32370746,234.42087,-10.250837,8.9561
32370827,234.44463,-10.428896,9.2045
32371109,234.46643,-10.958293,9.983
32541458,235.68694,-10.319582,8.9746
346248438,231.73436,-11.975937,8.69812
32542543,235.73962,-11.431208,9.59783
37071740,231.36475,-10.561293,9.355
32543694,236.07025,-11.378104,9.3177
37071985,231.31622,-11.126427,8.1286
37126575,231.83292,-10.180013,9.5227
37126803,231.82796,-10.730967,9.8269
37067470,231.1351,-10.859047,8.63736
37067394,231.13466,-11.038634,9.36508
37067509,231.20653,-10.74568,9.65548
37229964,232.70198,-11.722549,9.8739
37071934,231.30562,-10.9900875,7.6536
37093441,231.47342,-10.777103,9.20272
37235282,232.76639,-11.854114,9.25963
37071621,231.27573,-10.330236,9.0455
386964933,234.11589,-11.9956255,9.0191
37234558,232.708,-10.311513,8.65078
37072220,231.26852,-11.646656,9.525
32543834,236.0109,-11.238511,9.2842
32429486,234.94966,-10.240841,9.0059
32429530,234.98186,-10.333138,8.7626
290566049,235.92165,-11.3887005,9.6494
32492546,235.50508,-11.137038,8.79711
32492627,235.4982,-11.304942,9.10223
32430793,235.13329,-10.884045,8.77779
32431015,235.03482,-10.512462,9.22044
203302176,233.2869,-10.109801,7.1514
37230404,232.65073,-10.861187,9.69231
37230434,232.6425,-10.805126,9.95493
37230663,232.614,-10.323091,9.08471
37230703,232.60223,-10.243792,9.70586
37230790,232.63753,-10.044431,9.51396
36889332,230.04793,-11.152278,7.3145
36889599,230.09473,-11.763427,9.4243
32416238,234.8256,-10.412168,8.2713
36889289,230.1246,-11.052537,9.88386
36889284,230.12999,-11.032496,8.1485
32415270,234.76419,-11.497338,9.9553
32312308,234.33948,-11.377354,9.7733
36885003,229.96378,-11.179818,8.7552
32312656,234.37038,-10.642026,9.6638
32311638,234.26083,-11.05755,9.4972
32204602,233.65411,-11.85094,7.2929
36888884,230.09697,-10.131485,9.81066
32493102,235.61914,-11.537933,9.86414
32311360,234.25183,-10.47493,8.88603
32311809,234.17108,-11.434943,9.52757
32492548,235.49992,-11.140988,8.67418
79177192,227.68535,-10.919302,7.7443
32312667,234.32884,-10.613266,9.0579
37307979,233.07446,-10.438754,5.72449
37280863,232.96315,-11.77764,9.3593
37281142,233.17725,-11.462224,9.391
37307626,233.16315,-11.182804,8.2993
37308133,233.08545,-10.09157,8.3244
36937924,230.2135,-11.528497,9.33847
79176945,227.69193,-11.462724,9.374
37018039,231.04953,-10.322276,4.4802
37308000,233.11351,-10.395981,9.95062
36947936,230.43155,-11.373522,9.7873
79309183,228.92805,-10.971219,9.7353
37234449,232.75447,-10.054898,9.0976
79392161,229.19145,-11.607865,9.7961
36947876,230.40082,-11.487535,7.12683
37177072,232.28777,-11.783269,9.173
37177151,232.40707,-11.9641485,9.3048
37177244,232.3558,-11.7303705,7.2804
32262972,233.83643,-10.359735,9.0168
79391824,229.19057,-10.962922,9.70524
79308971,228.84978,-11.446997,7.94643
79392957,229.38367,-10.500599,6.9925
36942509,230.32216,-10.734541,9.15841
79309326,228.9281,-10.677575,9.14572
79391858,229.18407,-11.021284,9.0261
79392604,229.3415,-11.23429,8.9565
79442466,229.66588,-10.250709,8.15865
79229859,228.09833,-10.864434,8.3672
36943225,230.40938,-11.567303,7.08807
79276345,228.3094,-10.324976,8.55708
79351478,228.96443,-11.640791,9.5368
79352287,229.1634,-10.486414,9.7826
192683061,225.29283,-10.566599,9.7912
79228747,228.04195,-10.8093605,9.3399
79230008,228.11795,-10.555214,9.3307
79352324,229.14253,-10.420212,7.5584
79352400,229.12459,-10.246059,7.65136
36952291,230.60992,-10.183285,9.9036
36952361,230.60844,-10.344361,9.4478
36952679,230.5889,-10.965995,9.9589
36953255,230.72363,-11.692188,9.376
36981104,230.72571,-10.913123,8.699
79351024,229.02415,-10.597806,7.88504
192769278,226.69621,-10.214002,9.7082
79106879,227.00658,-11.128352,8.7126
79352411,229.1671,-10.228046,9.4384
79402305,229.55145,-10.137622,6.4041
79402354,229.66243,-10.022195,7.7879
79187032,227.92375,-10.507658,7.5773
79351161,228.98894,-10.906106,9.9838
79401261,229.49309,-11.374684,9.43412
79392290,229.21082,-11.956592,9.9357
79401325,229.52037,-11.523519,8.9825
79392132,229.2235,-11.542792,8.7038
79401106,229.5113,-11.033592,8.4768
79401719,229.6565,-11.473194,9.85754
36938377,230.19403,-10.503902,9.3849
36981205,230.6529,-10.661126,7.0845
79286658,228.5928,-11.489386,9.7717
36981000,230.67181,-11.17883,9.91791
79309618,228.88524,-10.074244,9.67196
79442453,229.68427,-10.229477,9.6803
79442819,229.74167,-11.084457,9.9818
79307883,228.785,-10.064808,9.42953
79308071,228.79846,-10.457707,9.48093
79308119,228.81195,-10.569173,9.39351
79352078,229.17711,-10.937636,9.5525
192719717,225.71469,-10.392356,6.64453
79185846,227.83891,-11.055932,7.6313
192719602,225.6951,-10.693798,9.318
79185437,227.8257,-10.098095,8.626
79185648,227.77966,-10.619951,9.1874
79276586,228.24329,-10.869478,9.7537
192722863,225.85593,-10.101984,9.1427
79276974,228.23561,-11.732594,9.78862
32288431,233.9433,-11.347903,8.2726
32477738,235.3001,-10.053545,9.1718
32288473,234.04648,-11.42841,9.4572
32476824,235.2919,-11.868957,6.1492
192626192,224.89108,-10.241986,9.2609
192654762,224.84538,-10.577823,8.4735
192724244,226.01228,-10.062128,8.8661
79391849,229.22395,-11.013109,8.4756
192728430,226.14624,-10.852709,9.3195
192728590,226.19168,-10.501721,9.73195
79391613,229.20207,-10.506324,8.60351
79391526,229.28302,-10.272622,9.93817
192724130,225.93646,-10.430475,9.97435
192654766,224.87166,-10.588032,9.75257
192654777,224.90619,-10.609193,9.42729
192654789,224.91495,-10.632731,9.19799
32477695,235.37991,-10.135611,9.38817
192722953,225.87051,-10.341592,9.92574
79185803,227.76003,-10.983921,9.99749
79276648,228.31146,-11.00708,6.4466
79228539,227.96881,-10.350383,9.49411
79106798,227.09825,-10.974451,9.4907
36986028,230.89616,-11.821723,9.4463
26358764,223.87944,-10.281515,7.81131
26358777,223.8639,-10.241451,9.76556
192768891,226.64326,-11.199266,9.3124
79277296,228.34138,-11.459463,9.9201
79277299,228.34502,-11.45289,9.2677
79277334,228.35449,-11.3522005,9.5184
79277418,228.37498,-11.180667,8.7329
192768879,226.67822,-11.22853,8.96614
192768862,226.64548,-11.266484,9.92027
37097962,231.52464,-11.698802,8.04784
192727223,226.1281,-10.189867,8.1715
192727571,226.07205,-11.024761,6.5877
79277910,228.34048,-10.156566,8.3295
192655733,224.97945,-10.700412,9.4664
192723909,225.97357,-11.001985,7.15721
192718611,225.53143,-10.545009,9.7848
192743077,226.31444,-10.92779,8.9265
192728375,226.23636,-10.98649,9.7542
192742916,226.35558,-10.595764,8.97562
192655922,224.9294,-10.187592,9.7606
192659064,225.15625,-10.672984,9.29825
192679608,225.23314,-10.837439,9.15425
37276010,232.93748,-11.173098,8.7356
36855222,229.85115,-11.622602,8.2091
37235333,232.87488,-11.941645,8.2113
79100208,226.95056,-11.063914,9.489
79100217,226.91212,-11.040853,9.9144
36884676,229.91728,-11.987662,9.20536
37275975,232.90878,-11.2437725,7.89231
36855046,229.83467,-11.1819105,8.68606
37176520,232.31721,-10.654529,9.8244
37235099,232.7293,-11.490353,9.58256
79100493,226.89629,-10.337696,9.44
79100224,226.92458,-11.029015,9.83847
79176357,227.49261,-11.263687,7.36345
192768318,226.57329,-11.276825,9.9906
192768286,226.61569,-11.182226,9.48012
192768295,226.52618,-11.196555,8.2064
192658992,225.09082,-10.509146,9.0412
192679846,225.28308,-10.120047,9.135
192768122,226.55276,-10.727408,9.4574
26349386,223.66826,-10.337914,9.81821
79186053,227.83609,-11.471463,6.24937
32542522,235.72035,-11.406726,9.6845
32544461,236.11415,-10.573278,9.86728
32544231,236.0496,-10.830584,9.7921
335180126,232.01111,-12.21404,9.4333
297441179,233.60533,-13.077775,8.3286
71861764,236.03647,-12.991966,9.4756
71802845,235.93274,-12.512022,9.4166
71862548,236.13478,-12.1024,9.0212
335326285,232.53839,-12.207485,9.285
335257927,232.17914,-12.741211,9.5036
335257919,232.22519,-12.726106,9.09777
335326617,232.65884,-12.288094,9.5173
71802972,235.92986,-12.706561,9.46237
335326036,232.64642,-12.740533,8.41383
335326305,232.5809,-12.179346,9.17811
386964389,234.01949,-12.975495,9.7808
386965220,234.19537,-12.286007,9.6073
71861883,236.10672,-12.802994,9.7621
71862108,236.00421,-12.431024,9.7933
297277616,232.90344,-12.652756,9.9952
297375433,233.32275,-12.183848,9.7249
71802169,235.8717,-12.478625,9.4852
71767101,235.72441,-13.047726,9.67123
71802162,235.77057,-12.492607,9.27658
297375059,233.31335,-13.012754,6.3844
297375146,233.37161,-12.794719,7.6135
297277362,232.94194,-12.154167,9.9362
297277693,232.9807,-12.796823,8.9347
297307844,233.22473,-12.675949,9.8171
71862330,236.07884,-12.07638,9.5317
297307317,233.06497,-12.300379,9.8517
71862342,236.03168,-12.061881,8.76909
348067494,234.87234,-12.97044,9.5241
348068280,234.98991,-12.1989355,8.78864
348067947,234.8401,-12.160395,9.606
348067898,234.77998,-12.2424555,9.79841
347980847,234.71394,-13.007734,8.81601
347979766,234.59177,-12.737774,9.9216
348162039,235.28268,-12.265835,6.8951
348162270,235.39424,-12.006389,9.5881
348161788,235.35504,-12.700142,9.5225
386889142,233.75226,-12.839719,9.53608
297277659,232.9065,-12.723562,8.2643
71801816,235.7864,-13.056311,6.1134
71801765,235.86873,-13.125848,7.3315
348068701,234.92638,-12.893345,9.5515
348162911,235.42105,-13.176273,9.1431
348162686,235.47322,-12.759914,7.6594
348162764,235.41985,-12.880891,9.0987
294620222,230.71959,-12.175628,7.9809
297307705,233.15579,-12.365231,9.11014
297307765,233.22711,-12.512214,9.8265
387043887,234.44212,-13.098384,8.148
294583705,230.60127,-12.213506,9.3714
386937548,233.91568,-12.372619,9.5463
346214813,231.47311,-12.041794,9.1047
346214844,231.47418,-12.100851,9.3902
346248139,231.58946,-12.488234,8.924
297441350,233.61635,-12.751171,9.034
297441620,233.59262,-12.190086,9.00393
346248219,231.57916,-12.310141,8.3649
71766173,235.55763,-12.364713,9.7547
346248639,231.6869,-12.3297205,8.89274
346248286,231.60524,-12.174283,9.95018
294620297,230.76254,-12.047643,9.4627
386937234,233.83913,-12.015321,9.56411
386936987,233.82915,-12.5074,7.36784
297375798,233.48329,-12.523375,9.8936
71801498,235.79002,-13.554538,7.11944
294620596,230.89052,-12.295355,9.07506
335307443,232.49979,-12.776535,6.82649
386937820,233.94754,-12.859148,8.4935
348162393,235.42203,-12.195827,9.65273
386889134,233.76161,-12.8255005,8.7282
386889251,233.7564,-13.023348,9.26058
294649449,230.96767,-12.3695,4.81815
346313319,231.89952,-12.302639,8.902
308432249,230.09177,-12.1902,8.41679
308431954,229.9914,-12.189148,8.9109
308431967,230.01158,-12.17196,9.8491
308432240,230.04752,-12.170345,8.8779
346214695,231.40062,-12.0345955,9.9337
335326858,232.73691,-12.788539,9.7234
346215036,231.5224,-12.497456,9.9275
335326564,232.69986,-12.169613,9.4047
335326611,232.65819,-12.277209,8.8334
347979599,234.55766,-13.02215,9.1135
348085091,235.09995,-13.197737,9.5073
348085781,235.10973,-12.028615,8.9388
347979625,234.54521,-12.980471,9.52545
348086024,235.1886,-12.260158,8.6791
348085275,235.11508,-12.8837385,9.98282
308459373,230.38242,-12.091357,8.09241
