ID,ra,dec,Tmag
63308672,158.26962,15.698521,8.6813
335790375,158.69655,15.802593,9.71646
155580317,158.77986,15.978392,9.39672
63309582,158.48581,15.7578535,9.2359
63279828,158.05305,15.791479,9.99903
63239324,157.72668,15.906067,9.3334
95340106,153.64067,17.890018,9.2581
61101374,154.06685,17.740347,6.8366
840170634,154.06685,17.740347,6.8366
840170635,154.06686,17.739946,7.2876
840170796,153.64067,17.890018,9.2581
70655733,155.08119,17.885204,9.967
63189338,156.72092,17.219374,7.375
63189570,156.66823,16.274923,6.6523
61048382,153.49916,17.430334,7.6815
61082061,153.73352,17.637783,8.3594
61106707,154.34787,17.510098,9.7931
70681541,156.04128,17.46328,7.0381
70634363,154.93979,17.026106,9.1909
70676993,155.7093,17.663439,9.2454
70681646,156.14816,17.917316,7.6626
63219815,157.37479,16.216446,9.5357
70676700,155.53352,16.641077,9.0821
63189442,156.67442,16.765167,9.0633
70679261,155.80139,17.737194,8.8736
70679488,155.92354,16.979399,8.9979
70679428,155.95493,17.280258,9.83527
70679061,155.791,16.574953,9.5096
61109004,154.49966,17.186646,6.6615
155558225,159.15909,16.837288,8.8241
155558498,159.27058,16.942316,8.7785
63217904,157.18115,17.133495,6.29184
63217399,157.02747,16.456215,9.8277
63217826,157.14496,17.45907,9.5752
63217384,157.08328,16.417048,9.9465
70677123,155.67172,16.931223,8.5315
70681527,156.12022,17.378494,9.64188
63308922,158.34702,16.783386,9.89834
70676790,155.56601,17.119743,8.8918
70676872,155.61908,17.51396,7.3876
70677155,155.64525,16.741302,8.05282
70634234,154.9233,17.720528,9.59061
70634335,154.9565,17.113663,9.56902
63219866,157.36578,16.50633,9.5776
63220061,157.27538,17.4694,9.8025
63215408,156.92047,17.135683,9.731
355218062,152.46263,17.815565,7.8699
70722164,156.60103,17.224693,7.7281
70711697,156.2928,17.527699,7.1213
61283559,152.2255,17.938726,9.4036
63215520,156.92165,16.654097,9.8844
63215570,156.93138,16.351557,9.4284
155558458,159.24402,17.255297,8.52178
155580443,158.85696,16.855738,9.7224
70679336,156.00862,17.693232,9.9249
63238629,157.57936,16.501614,8.8718
63238652,157.58305,16.608732,9.7175
307647967,152.83388,17.761585,9.7608
70711549,156.34734,16.92024,8.0992
63220353,157.43507,16.979984,7.3157
70722212,156.5969,17.438765,8.8058
70722297,156.55188,17.933233,8.75179
233168031,159.40685,17.476362,9.995
63309193,158.37886,17.69371,8.2313
335789799,158.58423,16.890615,9.6438
63238727,157.59122,16.933647,9.5979
357395702,158.94513,17.441412,9.30871
63306978,158.1451,16.910471,8.9137
70712085,156.39523,16.448711,9.2749
63307066,158.18674,16.45969,9.7809
70655601,155.10378,17.211628,9.02957
70655619,155.10693,17.323645,9.7319
70655868,155.2335,17.206135,9.2061
61127005,154.83644,17.695784,9.2356
61127193,154.87225,16.953955,7.2424
171602500,158.02292,17.989737,7.2461
63309085,158.35745,17.574287,8.90857
233168007,159.44188,17.278625,7.1747
63309426,158.47688,16.497818,8.7944
70711610,156.2698,17.152218,9.4227
70711508,156.33916,16.687933,9.3962
386909155,159.05136,17.040253,9.18159
63277925,157.92798,17.719791,9.35312
61109200,154.57729,17.676813,9.65503
61109252,154.57504,17.396397,8.0152
61109239,154.56575,17.45356,9.1933
335789718,158.51486,16.456276,9.64951
61126912,154.73946,17.70589,6.83418
61126873,154.70854,17.496107,9.79527
95432851,154.99942,19.841543,8.74
95432852,155.00119,19.841497,9.253
95435403,155.26706,18.142645,9.6784
840194138,149.45273,19.476582,7.917
840191224,150.72247,18.728403,9.5765
840178508,153.78543,19.124168,8.825
840178509,153.7861,19.12431,8.7299
840165582,152.7435,18.566294,9.7508
840165583,152.7439,18.56627,9.7844
95342278,153.7861,19.12431,8.7299
840170091,155.26706,18.142645,9.6784
26925724,149.45273,19.476582,7.917
27108834,152.7435,18.566294,9.7508
26988056,150.72247,18.728403,9.5765
471011652,154.9931,19.84149,2.01
95431294,154.99338,19.841307,0.817
95765254,160.25064,18.858614,7.1417
95361769,154.3831,18.793108,8.5036
27037286,151.49507,18.101288,5.7009
239207628,157.24428,19.57788,9.0763
171600507,156.99408,18.591768,7.352
171600599,156.93677,19.078217,9.6016
95339936,153.48775,18.88021,9.2873
95342284,153.74625,19.098185,8.2765
95342090,153.78603,19.97978,9.9623
95361462,154.31644,18.623466,9.4374
95342187,153.73814,19.574713,9.3748
95361265,154.27782,19.558455,9.2956
95471860,155.92451,19.306528,9.4329
26988603,150.88354,19.849974,8.8442
239207358,157.23611,18.086731,7.0483
26988496,150.82143,19.295925,9.7996
27072924,152.54645,19.483536,9.2627
239207202,157.09036,18.859797,9.4231
95361427,154.28505,18.80321,9.5617
95471914,155.94066,19.633862,8.8885
26988601,150.80115,19.840822,9.8836
95471682,156.01111,18.33056,9.541
95311089,153.00186,19.378202,9.746
26988307,150.8538,18.375671,9.9921
27109206,152.9634,19.297415,9.9175
349889960,157.60881,18.53086,9.7889
26972205,150.02429,19.8455,9.1323
27106953,152.69698,18.715158,9.8029
27107001,152.66325,18.887262,9.9055
349889805,157.62013,19.459845,9.3782
27073153,152.52792,18.481089,8.8825
95437793,155.7468,19.130949,6.25176
171648677,158.98001,18.04554,7.6144
88049674,147.85652,19.772999,9.9947
27070824,152.28516,18.530588,6.00015
27107006,152.63329,18.904427,8.53
27073220,152.53198,18.18687,7.3119
349889988,157.57118,18.343134,9.7562
349887992,157.31949,19.564949,7.3819
171602474,157.93945,18.148954,9.7074
95437440,155.5847,18.534615,9.8462
27070841,152.21536,18.460627,9.6297
95745234,160.01335,19.240347,8.0013
171648616,159.00468,18.41275,8.985
27001442,150.94083,19.33349,8.8885
171598429,156.75203,19.364534,5.18109
95311195,152.99257,18.938576,7.4947
95359298,154.23611,19.402773,9.2556
171598459,156.72592,19.51237,7.1591
171598336,156.7211,18.854696,9.8305
171598394,156.7429,19.162794,9.8396
87957418,146.29956,19.842539,9.2111
95311605,153.14252,18.899294,7.5915
95358715,153.98929,19.129522,9.9633
95358730,154.07027,19.069443,9.0846
95359428,154.18695,19.891392,8.4752
95311284,153.00122,18.496279,8.879
95337444,153.28287,18.170134,8.4888
171648433,159.02757,19.519955,8.1967
171600490,156.9718,18.479914,9.58312
171600711,156.99113,19.684578,9.82631
95340179,153.63858,18.329916,9.7119
95745233,160.01318,19.24213,9.97287
27109020,152.90492,18.317385,8.14838
26985721,150.41855,19.226057,8.5693
27108641,152.7877,19.64979,9.6607
27108656,152.81111,19.539244,9.8519
171578503,156.50569,18.399336,9.7139
27066428,151.80794,18.612198,7.8141
27066380,151.72107,18.892605,8.457
239207521,157.2801,18.93879,8.79836
171650901,159.40332,18.349525,7.7887
171650842,159.35698,18.050196,9.69162
239207192,157.0758,18.912434,7.77797
239207526,157.19498,18.979177,9.9495
171650934,159.3726,18.516182,9.94567
171651185,159.45198,19.976358,8.2153
95311556,153.09549,18.671642,9.46489
171598367,156.71686,19.012657,9.2153
95311815,153.11035,19.892094,9.30013
171600738,156.98816,19.82911,9.85859
95743485,159.87552,19.634613,9.3104
171602774,158.13304,19.314592,9.8781
27068683,152.06113,18.765066,7.9175
95745475,159.99486,18.062584,7.489
171557156,156.04971,18.538927,8.8564
239205113,149.18001,19.592106,8.6365
239205703,149.34756,19.289385,7.0116
95435313,155.34756,18.69946,8.6128
95743290,159.86366,18.728498,9.6297
95742888,159.79913,19.034422,9.3016
239205079,149.2592,19.762396,7.0485
239205080,149.25993,19.753935,7.7478
239205761,149.3413,19.603931,8.7411
171628563,158.21524,19.988438,8.85496
239205645,149.35918,19.020927,9.80837
27001535,150.9707,18.951075,7.1716
26986189,150.60216,19.141567,7.5414
171578202,156.38768,19.104643,9.3313
171630971,158.53918,18.278105,9.4531
171648585,159.05005,18.65307,8.3328
95435790,155.47404,19.79317,8.4147
171648530,159.0837,18.919044,9.29891
171648776,159.11935,18.285666,9.9937
171628960,158.41527,18.007984,9.5353
95364202,154.64888,18.355434,9.6865
27066495,151.7371,18.271658,9.3399
27034727,151.29031,19.915783,7.5538
27034835,151.29846,19.439222,7.3118
171644975,158.62494,19.927914,9.5357
27066958,151.87383,19.770775,8.8646
95471324,155.83641,19.698,8.5771
27034756,151.24544,19.777113,9.913
88097609,148.32097,19.937828,6.51811
95471883,155.9255,19.45593,9.2684
26956940,149.5248,19.345709,9.6688
95471926,156.0035,19.69406,9.8083
26983240,150.2476,19.883266,8.6103
26985636,150.53438,19.58579,8.6229
27068740,151.95856,18.513374,6.8819
95430638,154.8059,18.837748,9.5993
95431313,154.9014,19.895,9.387
26925692,149.40982,19.578081,6.7811
88064338,147.996,19.321667,8.7333
171646671,158.79553,18.01229,9.3108
171646961,158.8716,19.497179,8.2382
171647038,158.93631,19.869514,8.4317
27001558,151.0249,18.795877,9.992
26958806,149.7245,19.365723,9.5272
26958864,149.76378,19.012081,9.122
95435809,155.4765,19.869886,9.7737
95435598,155.51326,18.787985,9.8235
95435746,155.50163,19.575283,9.8601
26985807,150.46767,18.874298,9.425
171578492,156.51282,18.349632,9.14969
95342829,153.90105,19.23908,9.10775
95342953,153.94,19.848816,9.27365
88097520,148.36612,19.593754,9.7515
171580268,156.5532,19.440186,9.1
171580523,156.62852,18.205095,9.9318
171580370,156.64062,18.86721,9.91748
171653185,159.63678,19.615158,8.28768
88114968,148.51501,19.723001,9.43653
26957063,149.57808,19.94383,8.95854
26983230,150.22417,19.948343,9.0532
95471903,155.97755,19.58516,8.52233
26956864,149.63297,19.017246,9.87342
26956972,149.62704,19.51256,9.78748
95432943,155.0226,19.417574,9.8
171628646,158.27242,19.566486,7.84104
95363736,154.55176,19.71748,9.20059
95363895,154.56906,18.975368,8.81658
88096667,148.12599,19.979832,9.73541
88096831,148.1644,19.313974,9.0888
26983875,150.4017,19.00402,9.1008
27066969,151.92154,19.802843,9.09803
171600004,156.79434,19.81339,7.824
26983941,150.35455,19.350935,9.2599
27066925,151.86633,19.596804,9.1519
171600242,156.849,18.574535,9.81474
95431305,154.90117,19.870005,7.036
27037006,151.51013,19.453308,9.2237
27037204,151.53728,18.468027,8.853
27064468,151.66003,18.63411,9.56225
88114177,148.47212,19.594393,8.5727
95433566,155.1991,19.538994,7.7119
26985656,150.42674,19.494564,9.03562
386953414,157.69296,18.65063,8.52561
95431211,154.93404,19.470917,4.3628
239202887,148.95511,19.55755,9.12571
171578259,156.3817,18.752388,9.1649
171578696,156.51672,19.401457,8.7912
26985852,150.41615,18.615957,9.7635
171598173,156.78503,18.0624,8.665
171598174,156.78319,18.062735,8.6997
171598162,156.76869,18.00111,9.802
171628419,158.26878,20.869377,9.7287
349888690,157.52663,20.8012,7.589
87974017,146.45662,21.828068,9.589
95430283,154.79362,20.563322,8.283
10005000048,143.04213,21.50083,8.792
95310671,153.0207,21.298143,8.2156
95339414,153.57985,21.07495,8.314
27034315,151.29715,21.970684,7.52967
840216300,151.29715,21.970684,7.52967
840420544,157.52704,20.801266,7.9738
840420545,157.52663,20.8012,7.589
840211001,153.0207,21.298143,8.2156
840419248,158.26878,20.869377,9.7287
840182832,154.79362,20.563322,8.283
840290639,145.56358,21.729298,8.7435
87950702,145.56476,21.730675,8.662
171654378,159.6686,21.040386,9.8827
95768632,160.5175,21.898602,9.363
95764634,160.33972,20.35397,8.25569
88006275,147.06406,20.800703,9.8081
95779881,161.1661,20.70614,9.0853
95779998,161.22737,21.278152,9.4936
26987416,150.70395,21.949259,5.8484
95362384,154.49376,21.69377,9.4592
95362023,154.44026,20.003426,6.5009
95781038,161.30937,21.204609,7.6793
95362277,154.44566,21.294607,9.5148
95362448,154.49556,21.968561,6.8167
26973193,150.08853,20.855263,9.5925
87973670,146.51294,20.551094,9.63474
87952251,145.81111,20.912712,8.0596
349888673,157.48987,20.678043,7.7943
95836873,161.8638,21.908457,7.74996
95343002,153.87471,20.126621,8.8873
95343240,153.91252,21.365534,9.9101
414964533,140.744,21.949123,8.8739
414964567,140.82399,21.80119,9.0225
91901562,142.45624,21.426908,9.9857
88006390,147.05795,21.263153,9.8433
95836951,161.83003,21.49751,8.9276
26987618,150.78435,20.748608,9.624
26988859,150.87358,21.325226,8.9952
27071736,152.37875,21.802492,8.2948
95310608,153.07559,21.59949,9.3
95310935,153.01236,20.118551,6.3534
171558013,156.21829,21.895798,8.922
88063474,147.95576,20.16465,6.3678
171651431,159.35997,21.58055,9.8863
95778953,161.08806,20.116108,8.5386
95310916,153.03111,20.216345,9.1643
171651453,159.42192,21.681852,9.4564
88099236,148.46626,21.1893,9.5166
27109662,152.86035,21.73433,8.51
95436062,155.45837,21.34699,8.6675
171630634,158.55498,20.105335,9.6262
414988177,141.41072,21.817207,9.7301
27109541,152.8951,21.043861,9.6638
87954753,146.03116,20.219082,9.9161
87954950,146.045,21.091145,9.7988
87955121,145.95735,21.83236,9.9742
95434987,155.30475,20.26058,9.2949
95779966,161.2517,21.16324,9.5872
95779978,161.23154,21.200026,9.9849
26959653,149.80022,20.414505,8.9951
239207974,157.1891,21.591722,8.9341
87953721,145.84363,20.19319,5.73852
239207888,157.27266,21.176044,9.4135
95360886,154.26096,21.291796,8.9072
27071443,152.33174,20.332355,6.103
95436972,155.55405,21.133919,9.0737
95436960,155.59053,21.181572,9.66544
95776243,160.75557,21.8817,9.16654
95776249,160.83723,21.86754,7.8043
171556786,156.10074,20.745356,9.5497
27071433,152.39513,20.302383,8.9744
171600812,156.9519,20.319426,8.97513
171650254,159.24265,20.947903,8.2906
171600790,156.92932,20.129667,7.5058
239203846,149.07732,21.24821,8.6846
286689901,142.58537,21.581923,7.933
286689970,142.55606,21.24858,8.3875
27000999,150.97037,21.50544,8.4743
27002471,151.14894,21.53158,7.874
92006844,145.19803,21.024355,7.64863
171652171,159.55621,21.834087,9.5213
92022892,145.55405,20.338148,8.6982
92023139,145.5212,21.573086,7.9352
171646022,158.7165,21.709723,8.1603
349889494,157.57875,21.568253,7.4953
27001291,150.98074,20.143072,8.7536
171652237,159.55798,21.50042,9.541
171652345,159.54646,20.852278,9.8125
26972149,149.99638,20.124432,9.3734
26973354,150.12985,21.660772,9.308
27107219,152.6126,20.132183,9.5673
88024537,147.45872,21.17942,5.8658
26971901,150.00798,21.262327,6.0759
95362186,154.43324,20.859896,9.929
27072758,152.537,20.363533,9.8414
26986433,150.65297,20.413355,9.5288
171556557,156.11885,21.891233,9.9222
171556787,156.04433,20.740274,9.0626
171650083,159.21973,21.92912,9.4805
171600886,157.00299,20.69578,9.264
171646087,158.82225,21.378817,7.3435
26973309,150.14043,21.4583,8.661
349887661,157.35979,21.812634,9.8813
349887692,157.3282,21.553894,9.8984
349887892,157.38696,20.235418,9.9558
349889569,157.56769,21.08089,8.1819
26973345,150.03557,21.604504,9.32513
95339553,153.5878,20.435795,9.05749
349888635,157.53006,20.461836,8.85695
95340650,153.69998,20.345758,9.7949
95429206,154.6753,21.766394,9.9231
87950691,145.61522,21.78861,8.95673
87952426,145.74777,21.778454,9.8113
27036547,151.47519,21.865448,9.3375
171598633,156.74352,20.433653,7.0684
95312110,153.1678,21.318432,8.3235
91967863,144.26062,21.36358,9.9035
95359509,154.14362,20.186531,9.9764
88021798,147.19052,20.75457,9.9773
95340781,153.62396,21.168049,5.5081
95764544,160.35487,20.553158,8.0187
95360749,154.25165,21.913044,7.1892
95747150,160.30576,21.247114,9.224
171648347,159.0307,20.156557,9.7485
27035832,151.36302,21.854504,9.51298
95472085,155.96243,20.635292,9.63125
27035758,151.41402,21.472853,9.4957
26987570,150.6951,20.9671,9.85392
95310775,153.0873,20.905035,9.7792
87953383,145.9421,21.768913,9.8175
87953682,145.89915,20.357533,9.9441
239207978,157.20065,21.633858,9.70073
27064783,151.66599,20.136972,9.05515
171602131,158.06532,20.088472,9.9744
414966330,140.93971,21.969656,9.87778
171649358,159.17104,21.60326,8.0334
95343276,153.93219,21.529526,7.8005
171649333,159.10953,21.450802,9.50701
171578851,156.49355,20.349035,9.2255
95343217,153.85966,21.236717,9.516
91987033,144.4312,20.643797,9.24479
171557720,156.22621,20.280502,9.9654
171557790,156.24709,20.72595,8.4625
95744713,160.09058,21.952509,9.6766
95744730,160.07785,21.819138,7.1653
27069262,152.0832,20.003733,7.6194
27070341,152.24329,20.957565,9.1097
171630603,158.46019,20.3041,6.8079
88024389,147.39825,21.73468,9.5859
95779880,161.16647,20.705141,9.0516
91916343,143.71996,21.201845,9.42533
95339436,153.48799,20.970827,9.77485
91845166,141.56216,21.868635,8.5959
91896905,142.02827,21.45464,8.6194
87976570,146.82883,20.85071,8.6673
87976676,146.73454,21.319405,9.8567
171630328,158.54884,21.754374,9.748
95363322,154.51112,21.741749,9.4739
91895651,141.98569,21.448183,9.6949
91991058,144.87419,20.297472,9.7341
91989504,144.78859,20.459791,7.9985
91989737,144.67195,21.53955,6.3739
91990852,144.8043,21.197414,6.8163
95363268,154.6017,21.914228,8.6983
26982875,150.26723,21.578777,8.6294
91989670,144.76244,21.193237,9.0617
239200425,148.68642,20.697235,9.8662
91917387,143.80539,21.930206,9.1513
91917622,143.7808,20.769857,9.9905
27108472,152.78568,20.696146,6.2528
171629575,158.42802,21.568195,8.626
239200286,148.69676,21.408602,8.5947
95777770,160.93483,21.488556,8.3271
414969048,141.21777,21.713127,8.2613
26959838,149.86722,21.321486,6.5682
26959767,149.84624,21.033594,9.4401
91988288,144.66347,21.152248,8.48014
95845490,162.1303,21.839256,8.69405
91967987,144.28651,21.940172,8.78022
91967872,144.28307,21.39545,9.12633
95311933,153.15445,20.482767,8.8061
95359732,154.2207,21.176561,9.61449
27065991,151.69179,21.033659,8.95789
95778599,161.12022,21.80813,9.44357
95778799,161.02809,20.90317,9.62118
171645234,158.60002,21.594027,6.4687
27034339,151.27345,21.824152,8.0824
27067259,151.83385,21.163343,7.955
171599652,156.8407,21.615435,6.8742
87973656,146.55516,20.489197,6.587
87973745,146.53937,20.811928,7.4625
171645107,158.6328,20.763594,8.9817
171645216,158.59636,21.485975,9.9888
286713054,142.74855,21.291628,8.1825
27107460,152.62547,21.358465,8.5847
27034442,151.2548,21.309904,8.9456
87975064,146.66771,21.664934,8.3434
87975167,146.7084,21.257017,9.9047
171579848,156.56178,21.817585,8.1819
171580098,156.63327,20.312962,9.1325
286713028,142.78133,21.156845,8.3283
239204818,149.15572,21.067583,9.114
95742465,159.78217,21.149097,9.159
239202625,148.93279,20.971762,8.8644
26957094,149.53644,20.110786,9.86245
26982826,150.23839,21.84837,8.9933
27002462,151.12996,21.458982,8.179
27002565,151.12794,21.99481,9.6689
27070163,152.2475,21.968828,9.82963
91845231,141.56126,21.635485,9.8969
88024494,147.45912,21.319271,9.93251
26986611,150.62047,21.318594,9.13172
26986644,150.62749,21.504808,8.83114
286689852,142.59813,21.812689,6.71336
27001259,150.92192,20.27433,8.99685
27002492,151.16179,21.636005,9.35586
95743867,159.93465,21.415087,8.4387
88024328,147.47496,21.951534,8.6227
171602972,158.16924,20.356005,8.782
91847266,141.65506,21.498978,9.5954
27070196,152.29341,21.790344,7.78829
27070286,152.28957,21.25831,9.23733
88004994,146.92847,20.604755,6.94186
92005695,145.17007,20.627504,9.71491
239204744,149.19225,21.49127,9.9983
95470173,155.65233,21.890049,9.92885
239204862,149.2332,20.777166,8.13463
95742357,159.82289,21.599413,7.776
95431431,154.97476,20.404245,6.5556
27036617,151.5447,21.51455,5.9525
26925450,149.50323,20.612818,8.9044
95430203,154.82693,20.959183,8.463
286727768,142.9277,21.751352,9.8311
95433870,155.17749,21.13455,9.5864
26957332,149.62831,21.269623,9.1194
95431419,154.91592,20.368706,9.661
91918997,143.92546,20.989876,9.9324
26985235,150.52417,21.691137,7.4896
286728740,143.0551,21.856398,6.6687
286728787,143.14922,21.641201,8.9226
95433673,155.18996,20.044537,9.7764
91968976,144.33792,21.226912,8.7484
386940107,157.7663,21.197363,9.723
88006518,147.0083,21.83177,9.98918
414988111,141.44664,21.56039,9.3389
88115155,148.60754,20.453842,8.9959
95435841,155.48132,20.053602,7.8302
95313240,153.29958,21.419888,7.37972
95777844,160.99774,21.874424,9.3251
171629424,158.41466,20.748709,8.2122
95777743,160.96582,21.325785,9.94505
87957938,146.239,21.933472,9.98562
87959153,146.44237,20.826672,9.7009
171580104,156.54918,20.276161,8.63634
430245277,142.48167,21.13172,9.80068
86119442,140.42441,21.849318,9.5167
88115381,148.61061,21.452587,9.0707
86119420,140.43356,21.960592,9.16686
239205876,149.33174,20.235031,9.38853
239205895,149.33693,20.341652,9.9548
239205932,149.28816,20.606207,8.5928
95436068,155.42834,21.393742,8.38
95436086,155.4366,21.499325,9.316
95768667,160.58925,21.771456,9.79566
171645232,158.5968,21.59347,9.3751
26984298,150.33594,20.997484,9.25869
26984364,150.39813,21.39931,9.3297
27107372,152.59445,20.945572,7.04601
87973890,146.50194,21.343369,9.04017
87973885,146.5679,21.322002,9.12568
87975182,146.58765,21.186575,9.51201
26984489,150.33432,21.990322,8.6987
286713008,142.69452,21.037449,8.45609
95364604,154.6413,20.233776,9.8998
95776575,160.78029,20.348656,9.96235
95471106,155.84831,20.834518,9.7679
26925183,149.45186,21.878456,9.2722
26925374,149.51465,20.982502,7.4221
26925532,149.4288,20.170809,7.5196
27036776,151.50508,20.570503,8.44654
27068169,152.02481,21.584171,9.8807
26958551,149.71771,20.594227,9.074
386940097,157.7808,21.26075,8.8899
239201449,148.77881,20.35464,9.08111
239201459,148.86148,20.385197,9.26291
239201573,148.8333,21.005198,9.5932
26958591,149.69505,20.438717,9.50238
903618629,162.46222,23.16233,7.521
414966867,141.07777,23.579205,6.27027
414964484,140.82915,22.179104,9.6698
95857825,162.46222,23.16233,7.521
92007769,145.3939,22.578106,9.877
95360263,154.13318,23.502113,8.395
95360047,154.23099,22.520689,9.1271
91902076,142.3868,23.760723,9.11773
95339128,153.50793,22.456013,9.2171
27036232,151.4321,23.752178,8.629
840293644,145.3939,22.578106,9.877
840278240,141.07777,23.579205,6.27027
840330589,142.3868,23.760723,9.11773
840273357,140.82915,22.179104,9.6698
840273358,140.82922,22.179462,9.8488
840213773,153.50793,22.456013,9.2171
840213774,153.508,22.455887,9.5686
840441477,154.23099,22.520689,9.1271
87974462,146.4628,23.77425,2.1232
95338633,153.46992,22.946806,7.0934
504580492,146.46245,23.774303,8.9352
92007514,145.39172,23.842703,6.526
95846893,162.16394,22.131622,9.2837
88006675,147.0254,22.497307,8.8158
88047771,147.6768,23.889322,8.1687
88047818,147.65135,23.655376,8.29146
87974505,146.48878,23.9211,9.3917
349854816,157.3401,23.062101,6.1132
95857767,162.40907,22.84004,8.827
95338532,153.41098,22.527834,9.6769
88023726,147.29156,23.221796,9.925
85979461,138.05861,22.80256,9.1293
27002591,151.10246,22.154303,8.0244
92007206,145.20299,22.512558,9.9991
95746585,160.15216,23.56866,9.4422
86102593,139.72745,22.911804,7.7485
86102798,139.76387,23.742176,8.981
286689732,142.58685,22.310966,9.5896
27002679,151.15297,22.569578,6.981
171599106,156.79118,23.229986,7.3287
95746472,160.19571,23.011135,9.4008
92007271,145.1912,22.776964,9.8718
86103232,139.93652,22.392488,9.6892
27002604,151.12936,22.206928,9.1324
171652083,159.54836,22.350876,9.8237
26973645,150.03218,23.03663,8.7505
171558505,156.38338,23.214655,8.937
88048166,147.71587,22.199118,8.8114
91893522,141.84615,22.869114,9.4674
171652013,159.53049,22.780123,9.9018
91893034,141.68507,22.792995,9.6701
171558561,156.3388,22.901714,9.9921
95293412,153.0815,23.55845,8.2087
95838525,161.98138,23.335276,7.9903
95310480,153.08302,22.211273,8.0331
95838574,161.99066,23.59204,9.6485
171579369,156.41771,23.102694,8.1945
88006907,147.085,23.592304,9.3084
88006931,147.0519,23.671486,9.18321
88021385,147.21935,22.609364,6.63545
88021514,147.20497,22.044016,8.2684
414963933,140.68594,23.311954,9.0109
26984987,150.4581,23.029474,9.7238
171649681,159.09201,23.641247,9.7502
95847072,162.19801,23.277357,9.9834
241189521,152.73386,23.995508,8.2234
171651785,159.38438,23.675703,9.89917
171652125,159.50081,22.074093,9.043
95858053,162.65236,23.406288,6.284
95857766,162.41019,22.840025,8.6549
26973853,150.16461,23.555984,9.2872
171558482,156.37144,23.360725,9.1826
26973750,150.15067,23.6562,9.8585
26973526,150.14763,22.453262,9.5724
95429272,154.69386,22.11592,7.7262
95429411,154.66559,22.761951,9.4569
27036215,151.53238,23.834652,6.9263
92007778,145.40753,22.556215,8.8878
87952805,145.70651,23.60195,7.8069
87952922,145.83551,23.783184,7.7244
27036167,151.43181,23.751516,9.9956
92023391,145.46161,22.902323,8.5497
92023464,145.49437,23.316008,9.6731
87952607,145.81883,22.604183,9.6513
86105425,140.00366,22.115461,9.6664
86105653,139.96828,23.020817,9.947
95767217,160.4713,22.204384,8.6903
414964447,140.77571,22.307888,9.69103
95360236,154.17256,23.417309,3.0952
95341439,153.81467,23.118425,9.1057
95360267,154.20619,23.51547,9.5334
95360466,154.3543,23.233274,6.4416
95360659,154.35727,22.38572,8.6324
95746972,160.25932,22.114126,8.7687
86016347,138.81117,23.379835,9.0385
86016416,138.80945,23.096748,9.65873
95860188,162.80524,23.52837,8.5669
239206568,157.12796,23.3642,8.7406
171556398,156.04466,22.83239,9.9295
171556364,156.12354,23.028078,8.8426
126349553,135.66664,23.91602,7.2298
95860208,162.86594,23.399923,8.0628
95338547,153.40846,22.617373,9.66457
88023519,147.27216,22.174032,9.40688
88023744,147.27365,23.303137,9.1064
88023544,147.22115,22.321404,9.813
238608845,137.49193,22.677458,6.2432
27000631,151.02856,23.59386,8.8069
238608829,137.4477,22.727512,8.8254
95838398,161.9204,22.59467,9.044
95859992,162.76617,23.112936,9.6806
95436666,155.61906,22.836102,9.012
95780588,161.3603,23.579378,8.3123
386939915,157.79178,22.518759,9.3842
414988252,141.47044,22.154263,9.9673
415007403,141.42923,23.822529,9.0958
286730911,143.2159,23.36022,8.3173
91902268,143.555,23.111221,9.9037
27109902,152.92615,23.093872,9.6779
86106161,140.16849,22.647896,7.5389
87955173,145.97919,22.067343,8.0848
87955240,146.04726,22.403658,9.2827
86105460,140.07709,22.260763,8.988
171601343,157.01202,23.327675,9.10745
171601198,157.0243,22.508785,9.95328
86016254,138.84543,23.769978,9.0046
91896134,141.93983,23.336193,5.9066
285009985,146.29413,23.985434,9.9479
95429605,154.68813,23.84492,9.94729
87952511,145.80351,22.212093,9.1022
91919464,144.01894,23.19134,6.6728
91968060,144.21854,22.244078,6.7
87955767,146.1013,23.09925,9.3909
91965908,144.04292,23.670492,9.734
91966095,144.09114,22.774168,9.7541
95360511,154.30853,23.107275,9.80288
95360514,154.31058,23.106218,5.32
95360348,154.16649,23.954025,9.334
95341230,153.60808,23.503944,9.62653
95360400,154.25673,23.64716,9.6538
95360265,154.13455,23.503113,5.3601
95341130,153.6878,23.000969,9.64393
95341296,153.69995,23.887928,8.9604
95341367,153.76297,23.555677,9.3419
95341586,153.84506,22.479824,9.70471
95359965,154.22664,22.124262,9.60138
95360006,154.2192,22.321144,9.6438
95360141,154.16524,22.94389,9.2153
95360588,154.25136,22.749655,9.4146
26987295,150.71463,22.68596,9.08618
95472548,156.0231,23.715715,8.67174
95838445,161.9546,22.865757,9.2595
27071844,152.35843,22.433207,9.64688
95310318,153.00685,22.979729,9.55599
95310409,152.99565,22.45958,9.92224
88062671,147.74263,23.859829,8.2935
87950393,145.64172,23.389202,9.2597
88062735,147.85953,23.657372,9.7277
91987997,144.66237,22.514576,8.2743
26971116,149.89694,22.675673,8.2324
26971222,149.84799,23.289284,7.2149
286752363,143.49641,23.45392,4.88702
286752192,143.4666,22.61054,9.1792
26971218,149.90205,23.269342,9.9873
95778130,160.92252,23.341713,9.3897
286752222,143.53645,22.746798,8.2811
203236088,135.39629,23.6279,9.6348
91987746,144.58589,23.617903,9.9238
91987394,144.49306,22.523098,8.7066
243245964,136.82533,22.872652,7.1595
95818521,161.60416,22.896778,8.6166
414964448,140.77638,22.30568,8.5982
95776007,160.85399,23.188406,5.0534
171649652,159.21304,23.45896,9.2708
414963768,140.64436,22.591864,9.40637
414963852,140.68475,22.966343,9.5201
171645707,158.8058,23.544249,9.08704
286752207,143.52878,22.659508,9.4015
171649815,159.31714,23.449871,7.82119
171579692,156.54456,22.728975,9.24669
95343543,153.88734,22.845837,9.6436
386883683,136.66118,23.081825,9.95203
88006672,146.98055,22.493486,9.6949
27065443,151.65448,23.736715,9.9439
27065530,151.79074,23.605145,8.0894
95778349,161.11513,23.218704,9.7845
27065490,151.7816,23.918682,8.2894
95778437,161.0626,22.676327,9.6042
86102657,139.78862,23.135448,9.77953
286689725,142.6152,22.331959,9.37691
289704722,145.4314,23.880852,9.3689
95746541,160.17673,23.373226,9.12014
86103178,139.91953,22.611618,9.4045
92023470,145.51054,23.329185,7.712
239204158,149.13503,23.137154,8.66661
26986790,150.6067,22.26702,9.1292
171599258,156.83107,23.70025,9.16032
92007246,145.29822,22.694021,8.95891
95746529,160.15019,23.330053,9.57927
95357816,154.09657,23.301071,9.4169
92007386,145.25896,23.348545,9.6589
171651927,159.51166,23.340044,9.8601
154966096,142.0514,23.996372,9.9845
91987762,144.5556,23.546925,7.4098
91987864,144.6476,23.048428,7.6733
95362836,154.43065,23.809614,9.04081
95362840,154.45981,23.83184,8.3834
203235915,135.36263,23.4523,9.5989
149361797,138.69858,23.922266,9.7596
95431846,154.88191,22.61719,9.4558
149397965,139.63419,23.964573,9.8609
86131498,140.52011,22.359642,8.9453
95436267,155.43304,22.802809,8.4249
414986121,141.25505,22.799343,7.27348
239208291,157.25166,23.84912,8.7981
239208097,157.22034,22.445324,9.88108
95845453,162.08269,22.091654,8.49267
91965971,144.07259,23.354326,9.9975
386954534,157.89323,23.295261,9.30968
85997992,138.71976,22.711767,7.1061
386892469,137.11438,22.91756,8.278
386892571,137.10172,23.376642,8.2719
349888880,157.4696,22.067186,8.6755
172516928,142.4556,23.989786,9.2451
330796067,144.44415,23.926899,9.7922
86070043,139.66295,22.410086,9.4129
27067909,152.02115,23.140867,8.8346
149369113,139.20958,23.916843,9.6404
85911074,137.61209,22.965466,9.6224
95836204,161.76105,22.174736,9.8377
85910879,137.5808,23.744478,9.4392
91844996,141.53354,22.644842,7.6395
95744039,159.88148,22.37564,9.5047
88003924,146.8185,22.813026,9.6749
27107886,152.65303,23.881527,6.8903
91899286,142.18251,23.73985,8.988
27002963,151.20737,23.630672,9.8364
171599403,156.91608,22.952484,8.6136
171599440,156.79393,22.766232,8.0294
171599296,156.83572,23.455605,9.7327
171599415,156.81178,22.871483,8.7767
87974517,146.60309,23.944408,7.8905
414966572,140.92137,22.826515,9.14689
95742233,159.83916,22.19677,8.4621
171601801,157.9956,22.039436,7.89916
95836741,161.82051,22.575539,7.6206
165426252,161.85037,23.973942,9.3082
88004283,146.84248,23.647682,5.58859
88047314,147.59023,22.131037,8.6916
95744154,159.8775,22.943787,9.4017
88024068,147.45691,23.12817,8.6345
414966715,140.9362,23.530529,9.8589
26984656,150.3542,22.737648,8.7843
171630146,158.4815,22.822056,7.6782
87958303,146.2321,23.607298,9.0808
92005130,145.13951,23.573309,9.4015
95312539,153.20119,23.197718,9.9313
87958268,146.31137,23.474564,5.63535
86038419,139.4402,23.07882,5.9875
414969123,141.11917,22.091373,8.8703
87958851,146.37752,22.155146,8.9522
91990103,144.7387,23.21376,9.4707
86038343,139.38234,23.353388,9.80058
171603739,158.32086,22.839834,8.1304
95768419,160.50117,22.472227,8.842
95470698,155.87686,23.061523,9.2221
95470266,155.65169,22.395695,9.9411
91990476,144.91322,22.870953,8.7157
286728252,143.0206,23.784185,8.7576
171603620,158.21162,23.536554,9.5009
286714184,142.79805,22.053972,9.7372
27000622,151.02206,23.64327,9.7198
95431827,154.91202,22.506613,7.42
95432458,155.06424,22.011425,6.5253
91896037,141.94511,22.986435,7.7578
27000569,150.95677,23.931248,9.7581
91895987,141.90788,22.787363,9.991
82223467,150.85295,23.996761,9.9887
243245620,136.53343,23.458612,7.9559
203279636,135.96031,23.23125,8.5534
95818464,161.60619,23.175865,9.9285
95818262,161.40158,23.61556,9.9429
243245570,136.55559,23.222475,9.9651
203286394,136.08987,23.789898,9.9664
243245859,136.76146,23.326551,8.13326
243245932,136.8621,22.980875,6.5625
243245935,136.86136,22.97887,6.9128
243245504,136.538,22.973068,9.63493
95818418,161.60994,23.413975,9.4816
95470426,155.77167,23.21875,9.15111
27109999,152.95029,23.755196,7.8031
171601691,158.04816,22.661436,9.0421
171601730,158.04672,22.452702,9.4428
95338845,153.51834,23.814636,9.49702
286728047,142.93015,22.967989,2.8593
243243085,136.38452,23.055208,7.616
95429991,154.7918,22.043882,8.0208
26957513,149.62674,22.3138,7.201
26957794,149.5922,23.635426,8.7921
26984835,150.41165,23.849249,8.8521
26984852,150.47095,23.98124,6.0186
286728244,142.94037,23.72401,9.0762
386939960,157.78563,22.22401,7.9898
85991349,138.28981,23.266981,8.1451
171601803,157.9972,22.036072,8.13942
414988379,141.40909,22.632256,8.6336
286750366,143.31287,22.17502,9.00353
91968279,144.19954,23.298895,7.8531
91968520,144.3317,23.406769,9.708
414988369,141.35896,22.597313,8.96983
27109927,152.83571,23.276901,9.35287
95338753,153.36658,23.546394,9.6272
95339054,153.54295,22.784061,8.94737
238608607,137.43823,23.696009,9.8576
286728431,143.14981,23.293736,9.8153
243242972,136.4864,23.56313,9.8869
203279234,135.76012,23.078981,8.5327
86016628,138.86316,22.270983,8.7318
126351989,135.8918,23.881971,9.0082
86016650,138.90134,22.216166,8.4393
95778401,161.06026,22.90563,9.5377
239206250,149.35132,22.341417,9.2114
171603454,158.09045,23.319143,7.5419
86131557,140.58195,22.537426,9.2949
86131563,140.4771,22.554913,9.1374
414969753,141.28561,23.0012,9.34215
239206449,149.27808,23.62837,9.9977
85914193,137.85095,23.10975,8.0133
85914183,137.80618,23.149963,9.8353
85994982,138.56598,23.77385,9.52244
171579728,156.59174,22.478823,9.83539
86019057,139.03674,23.126348,9.5584
86119368,140.37735,22.157791,9.2274
85991955,138.32353,22.395868,9.4843
86019133,139.0468,23.402729,6.48514
86119191,140.33873,22.89068,7.5299
86119217,140.42552,22.80946,8.8871
86119221,140.40947,22.766516,7.0734
149365827,138.84831,23.974024,8.8631
86019412,139.10954,23.426603,9.3144
85998162,138.78917,23.37555,7.4502
243245686,136.5195,23.741081,7.78265
386892694,137.04082,23.87859,9.58828
386892695,137.0391,23.880188,9.98233
88065220,148.00621,23.002901,7.99002
286713822,142.79256,23.20049,9.07271
27002986,151.20796,23.503687,9.51159
27067454,151.90067,22.137115,9.8608
171599306,156.81306,23.399828,8.7057
165300282,157.39993,23.970728,7.67977
91899310,142.17883,23.805676,8.7195
91992468,144.98212,22.361372,9.3272
27067451,151.87146,22.110798,9.26288
171599510,156.83078,22.333973,9.72567
87974891,146.5898,22.301256,9.979
239202327,148.94467,22.631649,8.73024
91896002,141.94385,22.834625,9.37502
26924835,149.48717,23.780901,8.706
171629836,158.4481,23.349972,8.79974
171629837,158.44704,23.35067,7.33217
91896462,142.01233,23.284891,8.06982
82223473,150.76033,23.93204,9.6164
91990056,144.68053,22.976103,8.9467
91990637,144.89616,22.168533,8.5748
386892897,137.16258,23.247828,9.4413
86016501,138.86154,22.808058,7.6614
126351993,135.8796,23.897501,9.98382
203279277,135.83167,23.24498,9.9341
171654940,159.62558,22.769348,9.7239
386908722,137.38445,22.827183,9.91743
85910914,137.64032,23.573063,9.5379
85911185,137.63895,22.550964,9.37318
91844998,141.5814,22.643797,9.2037
91896516,142.11842,23.1096,8.9701
27070028,152.31377,22.826023,9.39746
27069801,152.18488,23.480532,7.4255
386908875,137.30968,23.50491,9.1806
95836813,161.79695,22.238268,8.68484
88003893,146.75502,22.63965,9.5061
85244049,160.33693,23.960443,8.8318
91968683,144.29726,22.694143,8.1434
95818249,161.47403,23.53367,9.6849
26957587,149.53004,22.664324,8.07373
286728437,143.06784,23.255789,8.71164
91968220,144.23782,23.031069,7.09457
91968604,144.36891,23.027334,9.5643
91968626,144.3655,22.958973,9.1547
91987487,144.52815,22.955278,8.81022
26984838,150.34468,23.85516,9.9016
27067753,151.90366,23.735498,9.4475
27067557,151.89021,22.716492,9.8511
85994482,138.46465,22.350359,9.1754
85994610,138.51901,22.870987,9.7537
86037993,139.25949,23.107061,9.4482
86038285,139.3309,23.654167,7.7762
86038287,139.33005,23.65272,7.4972
95312926,153.2716,22.868832,8.52432
3960336,152.06412,23.93856,9.28273
87958113,146.25465,22.80731,9.05213
87958218,146.2298,23.296743,8.93249
95312368,153.09492,22.36905,9.3923
95312394,153.21317,22.490402,9.2531
95312935,153.34724,22.815742,9.97478
86019535,139.1657,22.910683,8.18173
85979054,137.96861,23.630873,8.7561
86119273,140.43745,22.556145,9.44342
330795748,144.35522,25.360256,9.6473
349853922,156.25748,24.611471,8.3351
355184778,147.49126,24.77728,8.6108
98369754,147.13689,25.219381,8.775
3960275,152.1165,24.310263,9.535
840329794,144.35522,25.360256,9.6473
10005000225,160.87979,24.92222,9.168
840311751,147.49126,24.77728,8.6108
840480926,152.26991,25.517298,8.5777
840446582,156.25758,24.611263,8.5128
840446584,156.25748,24.611471,8.3351
82249036,152.26991,25.517298,8.5777
82225023,150.97893,25.792196,8.11
82225103,151.00945,25.358007,9.722
330755009,144.17697,24.305038,9.0284
149362052,138.77045,24.577698,9.1705
149361849,138.76126,24.1266,9.26972
149362404,138.65648,25.566986,8.82235
149365500,138.78891,25.020237,9.35677
138728717,162.99776,25.796865,9.79915
330707895,141.95064,25.246616,8.9959
165329485,158.17528,24.759043,9.72355
165329005,158.07216,24.442251,6.9452
138757171,163.94968,25.14487,9.715
172531694,143.12932,25.280632,7.488
3908723,151.65219,25.56632,9.1
3908536,151.70908,24.606918,7.9144
165286330,156.58914,25.743252,8.3223
138733471,163.28925,24.358635,7.9377
241195556,153.54457,24.183578,8.7116
233432697,147.63954,25.279016,8.3028
368435513,162.76926,24.451336,8.50841
165282565,156.6252,25.064196,9.23685
165282568,156.68327,25.074802,9.1011
165282308,156.46098,24.140154,9.67004
138762721,164.14345,25.500246,5.369
165224199,155.95631,25.568176,5.74002
241197660,160.80684,24.859602,9.15953
149345219,138.53789,25.29228,7.5394
172531689,143.0862,25.27196,9.2449
172531748,143.11917,25.475246,8.7721
172531444,143.15108,24.183914,9.2809
172531738,143.04024,25.432062,8.1338
149345193,138.59666,25.429193,9.951
1027928,154.04257,24.33865,8.6301
308073466,152.70607,24.877241,9.9231
241195534,153.52264,24.009245,9.7528
229651567,161.57532,25.612932,7.3765
85243892,152.36577,24.958828,7.2374
82221652,150.59346,24.990852,8.0304
172533700,143.2773,25.062721,9.4004
233432812,147.58067,25.959711,8.8814
355184865,147.42874,25.365873,9.1913
1027649,153.90428,25.07082,8.8859
1043359,154.174,25.370716,4.7998
165367121,158.41074,25.19933,9.1062
1097033,154.94281,24.340696,9.16
172531040,142.94595,25.704403,9.6791
172531178,142.9651,24.963442,7.7884
241193455,153.24504,24.021137,9.0638
1043727,154.19464,24.445656,7.2202
149469345,141.62221,24.87324,9.6332
149469471,141.61382,25.512335,9.8801
149469539,141.6184,25.854816,9.3476
241189564,152.71886,24.206491,8.8404
241193314,153.11961,24.894186,7.2416
239198524,146.76692,25.804268,9.8207
355184883,147.42906,25.476929,9.861
355184871,147.49255,25.40895,7.7722
330708033,141.92448,25.664799,8.4996
308052969,150.49112,24.040133,9.393
165315650,157.88171,25.122942,9.4299
165315857,157.8101,24.005222,6.957
165316024,157.9903,24.72309,6.8656
149398337,139.76826,25.708654,9.4727
165315928,157.89822,24.220898,9.0362
308053196,150.59012,25.292107,8.21942
149400218,139.90396,24.257118,9.4357
241197702,160.71658,25.150635,8.7786
241197732,160.77399,25.35111,9.4443
165408686,159.34396,24.59345,8.6888
361977604,144.0506,25.677464,9.986
125530724,144.95746,24.923334,9.0924
125530806,145.00545,25.32466,9.9802
165282015,156.54355,25.598495,9.4957
126349591,135.63823,24.129517,9.6366
165369774,158.6979,25.563938,8.7506
368435285,162.7735,25.965445,8.826
149441313,140.66931,25.75819,7.0956
149441771,140.89182,24.318459,8.0011
149441868,140.77881,24.76388,8.8276
149441973,140.8824,25.18284,5.60154
165413158,159.54596,25.914774,8.6993
233431036,145.58841,25.590162,6.3359
241195354,153.5012,24.831697,9.5143
165413159,159.61848,25.915028,7.4022
3942122,152.02509,24.812262,9.7761
349823762,143.7281,25.792706,9.3369
149441542,140.66666,24.56294,9.6196
165288154,156.73552,24.947504,6.6289
82263261,160.20815,25.700157,6.4854
149441738,140.86374,24.195557,8.9211
233430999,145.59335,25.414122,9.5493
165288121,156.73048,25.088205,8.4604
82262787,160.1148,25.592592,9.9377
82263027,160.18465,24.08552,9.377
285004409,137.46922,25.248278,6.634
125553052,145.41035,25.912876,5.17769
349793704,143.49136,24.873383,8.95998
233431029,145.59991,25.559437,9.6986
126349649,135.68445,24.452894,5.50334
349793830,143.45587,24.262846,9.0875
307990017,149.73108,24.399166,8.7719
1095347,154.80911,24.909967,9.55788
165369670,158.73817,25.048075,9.6912
1115220,155.5979,25.499582,5.1121
3960276,152.11633,24.308779,7.4858
241199096,160.9084,24.91881,9.3932
1095312,154.75294,24.712137,5.17811
1095254,154.80455,24.36386,6.59564
165282172,156.56451,24.715347,6.1928
308073410,152.64098,24.549974,9.29525
165412639,159.3645,24.917015,9.63097
308073387,152.64165,24.463375,9.6812
82202718,147.83997,24.958721,8.1689
82203114,148.06102,25.108206,6.7031
82202744,147.87723,24.829754,9.7996
82202657,147.90273,25.281574,9.9002
82202696,147.81357,25.109932,8.4078
82202771,147.90947,24.710032,8.789
82202850,147.86049,24.32942,9.7169
82202888,147.87056,24.152359,9.9011
233635280,146.04741,25.353184,8.60894
165414450,159.74837,25.767263,8.288
233635093,145.94496,24.065172,9.92046
307931337,148.47179,25.153692,9.4779
82221113,148.40398,25.667376,6.00854
165367130,158.32031,25.124798,6.73037
1101529,155.12549,25.67826,7.6115
1101997,155.28098,24.659893,9.3136
154998601,142.26268,25.211678,9.3372
125528204,144.5887,25.366617,7.5965
125528507,144.73145,24.350464,8.4019
125528796,144.74759,25.938921,8.0107
172516664,142.37074,25.081718,9.9876
82221233,148.42313,25.035177,9.8988
1101631,155.18227,25.083023,9.9064
1101590,155.22884,25.349371,9.255
1119911,155.77412,25.94603,9.7636
82221255,148.4236,24.92245,9.3393
3906393,151.36151,24.822638,7.3962
400726194,161.1978,25.068476,8.91096
349824284,143.93518,24.567112,9.9055
349824492,143.88113,25.602861,9.8601
149415566,140.08926,25.71206,7.2524
1097372,155.06204,25.414227,9.6073
125551393,145.17459,24.104252,8.0961
125551177,145.0997,25.021868,8.1051
233636632,146.09378,25.240795,9.44024
241200127,161.26813,24.286072,8.71232
307954002,148.92381,25.21587,8.7443
138730592,163.18288,25.561363,8.69493
172531198,142.92993,24.806562,8.9199
165298246,157.17125,25.73061,9.6933
233634968,145.85168,24.587029,8.17007
307959539,149.02376,25.999363,6.8013
285005017,138.44624,25.09999,9.5128
233635021,145.81711,24.257147,9.4887
233635264,146.01967,25.299313,8.1898
239196409,146.50832,25.705423,9.1682
126369498,136.10458,24.122238,9.4935
308027667,150.21739,24.672445,9.9195
1115050,155.55357,24.48371,9.3445
1028186,153.96947,25.833672,8.93205
355184906,147.44893,25.606903,9.87142
233432588,147.54309,24.56205,6.4183
355184905,147.41399,25.602764,9.3172
1027918,153.99881,24.291687,9.9137
349793842,143.50008,24.209578,9.1229
349793598,143.4434,25.389238,9.56525
349794296,143.62764,25.841307,9.21443
165288038,156.80286,25.540865,9.6244
82263046,160.28064,24.191856,9.5468
82263286,160.26184,25.850746,9.6117
1066142,154.3282,25.21333,9.78378
149398323,139.7257,25.655949,9.69169
165408776,159.33546,25.080193,7.95737
149400010,139.87509,25.182516,7.8912
165408683,159.34216,24.575298,8.8656
1066319,154.34828,24.280529,9.6849
149400175,139.9564,24.416508,7.41935
361977960,143.98503,24.0345,9.1532
165315825,157.85559,24.178793,9.5377
307951854,148.61237,25.292015,9.8925
165408888,159.27107,25.69217,9.67004
98413772,147.17757,24.54701,7.6032
138708756,136.9348,24.812605,6.6808
149417943,140.3635,25.358984,7.8389
165224268,155.90874,25.245564,9.8062
165224357,156.00665,24.728891,9.3339
165432020,162.30525,25.690456,8.3056
98414018,147.37369,24.40039,7.4733
98414039,147.29991,24.444033,6.6107
85243933,152.42966,24.746235,9.6976
165302641,157.62732,24.093077,9.5129
98413849,147.18466,24.20229,9.1649
138708571,137.01277,25.613695,9.7211
1068087,154.59203,25.056564,9.7245
125553332,145.32697,24.376823,9.8195
368435298,162.78441,25.874802,9.3562
126351677,135.82909,25.45747,7.5498
126351727,135.83464,25.141949,8.6642
138708917,136.91629,24.155273,8.4225
138709216,137.15791,24.855942,8.2784
308016172,149.98413,24.04345,8.7805
165299889,157.27623,25.898062,7.7601
149439179,140.44734,24.33885,9.9016
165367502,158.45836,24.647873,9.5197
165410380,159.42586,25.061853,9.7873
285009967,146.27914,24.05899,9.5291
241197447,153.75009,24.399858,9.6051
117419209,137.738,25.677094,8.7785
165367598,158.54497,25.185436,9.8729
241197488,153.75986,24.08142,9.9597
138708823,136.94849,24.496479,9.602
138709211,137.086,24.841034,9.9975
241199426,161.05516,25.08144,9.2157
241191863,153.0049,25.93003,9.1294
165412761,159.36124,24.2944,9.4218
285009615,146.26778,25.76094,9.7461
233634898,145.83594,25.006248,9.91406
233634965,145.84503,24.604801,7.96754
239197028,146.6264,25.66657,9.7269
233634860,145.83263,25.184364,9.872
241191544,153.06985,24.164616,9.70686
117419234,137.82347,25.52726,9.33138
85266131,160.65334,24.734724,9.5268
117419188,137.79636,25.783226,9.7914
85245515,160.44147,25.398314,9.7889
149362340,138.68118,25.374855,9.4774
165430217,162.06195,25.998444,9.5489
285004800,138.46779,24.252424,9.5297
241189754,152.82404,25.356428,9.70664
1043900,154.18552,25.390232,9.3888
1043986,154.23604,25.860716,6.9973
1043379,154.12624,25.289404,9.8709
172531019,142.90843,25.791632,8.841
241193147,153.19815,25.823074,9.7
1043374,154.14214,25.296608,7.94392
1043581,154.14801,24.267288,9.4454
1043853,154.2816,25.129753,8.65034
165297570,157.06255,25.573189,9.6022
239198517,146.80574,25.814503,9.94044
241189737,152.84058,25.25914,9.98308
149345278,138.61604,25.011496,5.87253
138660249,136.21451,24.605145,6.709
285004816,138.38792,24.29325,6.6474
149451157,141.06055,24.456377,7.6028
149451450,141.03325,25.918343,5.74498
149345314,138.5509,24.704819,8.4498
149451097,141.0792,24.203007,9.8845
149451311,141.1155,25.174713,9.4016
154965713,142.0222,25.927685,8.1833
138660274,136.16756,24.522848,9.3448
149395766,139.4611,24.4953,9.8715
149451030,140.93152,24.043713,9.7624
154965722,142.00874,25.891296,8.9175
154966450,142.1212,25.841286,8.6356
154998480,142.25813,25.978294,9.9332
149395354,139.41829,25.61633,9.67006
82202587,147.84874,25.662426,9.44761
165432289,162.33769,24.123524,9.5585
82202854,147.86731,24.317455,9.7462
82203007,147.97086,24.395308,5.0736
138738145,163.6757,25.490725,5.90495
138738055,163.62317,24.957548,9.85125
1102106,155.32722,25.299164,8.6961
138665466,136.52495,24.760141,9.178
82223668,150.87444,25.156797,9.0898
138665498,136.59575,24.907257,9.0285
284993347,137.29762,24.72208,9.7045
117506752,138.21135,24.341558,9.7825
172517246,142.60829,25.391516,9.4606
117506753,138.21274,24.341568,8.0012
117419751,137.96854,25.067184,8.5451
117419818,137.84111,25.419943,7.096
284993556,137.36711,24.005465,8.2157
284994013,137.34236,25.835325,7.408
172517088,142.5244,24.680573,7.5443
117419821,137.89981,25.421669,7.9611
165426523,161.99538,25.461561,8.171
349853894,156.22302,24.411665,9.4052
125530488,144.76538,24.436043,9.5632
85245475,160.4763,25.6723,7.9561
85245662,160.42706,24.371435,8.5455
149361922,138.68471,24.278467,8.1017
172533621,143.21811,25.375883,9.797
172533652,143.21223,25.247686,9.4478
149439447,140.62662,24.843792,9.8197
98414393,147.38763,25.88246,8.9328
149453091,141.27727,25.824707,9.9703
138687977,136.842,24.848633,9.1659
1116474,155.71388,25.913506,8.8144
1067929,154.61053,25.877214,9.7713
149453441,141.22281,24.233679,9.4771
149453464,141.24985,24.087152,9.0673
308052912,150.33095,24.014715,9.5836
172529086,142.87473,24.414143,7.5856
337299577,161.40746,24.299307,9.7103
337299647,161.44023,24.768696,9.8211
3906416,151.34862,24.718136,8.80442
349823921,143.75816,24.90425,9.33998
149415515,140.08292,25.472271,9.30409
400726209,161.16464,24.963343,9.37489
138729254,162.97429,24.745518,9.88793
125551571,145.21725,25.173647,9.90828
149400471,140.02686,24.856012,9.8629
1097360,155.06558,25.351408,9.77863
138687923,136.87083,24.639473,9.7123
172529247,142.77563,25.047174,5.4312
138687962,136.8432,24.796066,8.7727
149362490,138.66232,25.787949,8.0259
126369236,136.10454,25.371035,7.9935
126369306,135.99786,25.04139,8.4941
229652637,161.62987,24.671213,8.53492
229652697,161.6932,24.157387,8.6855
229652699,161.69554,24.14661,8.2561
1116573,155.65643,25.212454,7.6939
1116576,155.66226,25.198347,8.6852
1116935,155.82062,25.009008,8.4612
172519123,142.72656,24.871866,8.54983
172529120,142.80309,24.601557,9.7737
172529265,142.86427,25.12188,8.92
82225122,151.06114,25.223862,8.5091
82247701,151.12311,25.230234,7.1666
125528227,144.5495,25.170986,9.33565
125528336,144.54556,24.487873,9.69501
125528410,144.48451,24.067434,8.37309
308016265,150.00713,24.552805,7.0749
82221734,150.63806,25.38663,9.4419
330795902,144.45789,24.670279,6.0919
330795961,144.39505,24.397259,8.5115
1101946,155.35121,24.41483,9.78524
172516624,142.39714,25.266539,9.6029
82221524,150.60666,24.20619,9.78927
172516840,142.38675,24.346312,9.8666
117417387,137.66881,25.519354,9.7005
117417345,137.57964,25.338093,9.9434
285005105,138.40614,25.433628,8.6576
138665030,136.39563,25.022902,7.9315
229651448,161.61392,24.576466,8.0899
117417445,137.60773,25.81628,9.5372
229651558,161.5146,25.567596,7.4735
3906826,151.4918,25.865837,9.1612
165413006,159.52223,24.986238,9.02267
149453648,141.3079,24.734169,8.43277
165297708,157.0837,24.887281,8.6324
368435330,162.77715,25.641165,8.6259
149453594,141.3573,24.500092,9.4868
149453731,141.38748,25.126108,8.96
149468796,141.54413,25.57575,7.82687
149468823,141.56088,25.437223,9.33934
165280289,156.42378,25.212946,8.9568
165413087,159.50714,25.48029,9.02771
233430847,145.56847,24.500801,9.264
241195887,153.58893,25.945786,9.42909
3906786,151.50325,25.620895,9.80402
149398070,139.83467,24.402317,8.361
1115139,155.61728,25.106867,8.3545
117419404,137.73492,24.59778,9.7284
82247375,151.04648,24.79775,9.5795
138687456,136.7032,25.133305,9.4222
138687627,136.68074,24.38913,6.609
138687435,136.71436,25.193302,9.27329
149395927,139.53441,25.277153,9.6121
285004743,138.39575,24.057049,9.72449
82205219,148.3204,24.760048,9.668
154965742,142.0819,25.784046,9.68249
172517178,142.5905,25.111767,9.5259
98369628,147.0473,24.642834,9.9416
98369493,147.07278,24.003899,9.75272
117507035,138.13216,25.76385,9.9023
98369753,147.1368,25.218096,9.83423
98369737,147.12851,25.174934,9.59212
125530326,144.8034,25.367378,6.9427
284993424,137.2917,24.465994,9.5635
165426336,161.94128,24.264166,9.1186
126367263,135.85529,24.71371,8.3689
82204644,148.08543,25.94263,9.7768
149368957,139.04195,24.74937,9.274
149369249,139.1887,24.637968,7.7724
126367498,135.89697,25.871641,6.4198
138660766,136.35919,25.171556,9.1543
138660880,136.32101,25.627548,9.1139
149368841,139.10034,25.363243,8.9641
138665517,136.6276,24.98317,9.6027
117506425,138.00632,25.239897,9.13448
149366050,138.96457,24.522404,8.95628
82223753,150.86328,25.688414,9.4401
82223761,150.8837,25.748037,9.39496
117506647,138.06808,24.002502,9.5209
1102194,155.32292,25.88232,9.673
138660656,136.27278,24.739222,9.7539
1066699,154.56784,25.785633,9.9919
138660798,136.32687,25.297935,9.1962
138708566,136.97168,25.626299,6.8679
307953584,148.83678,24.752428,9.543
149417907,140.29417,25.163223,6.6918
85243963,152.33386,24.544144,7.8384
307953612,148.77473,24.63711,6.52687
241191474,152.92305,24.117418,8.52092
241191832,153.04124,25.741053,9.76783
98413789,147.13718,24.479448,9.489
149417730,140.32166,24.333754,9.8065
98414108,147.40257,24.701159,9.7939
149417705,140.34605,24.268595,9.8623
1116643,155.66628,24.778402,8.43597
165426399,161.94714,24.673578,9.53571
1116595,155.70317,25.0608,9.4791
165452006,162.6612,25.166052,9.947
165452062,162.63542,24.84039,9.7942
165315906,157.94002,24.082207,7.2961
149453227,141.2497,25.224867,8.4882
1116672,155.66039,24.596346,7.36521
172529457,142.80818,25.995121,9.4796
165451942,162.62323,25.63989,7.0552
3960259,152.15755,24.449535,8.62177
172519036,142.69435,25.304087,9.6419
172529398,142.78595,25.775211,9.9247
165451958,162.55266,25.54254,8.77169
337299601,161.41945,24.482975,9.12144
285005062,138.42477,25.254377,8.41539
229651583,161.53847,25.761024,7.4557
165425947,161.77771,25.945257,8.8954
149397725,139.62445,25.209036,9.7343
149398188,139.7134,25.085283,9.8541
117508752,138.3595,25.439928,6.7162
126367228,135.89595,24.514534,9.71399
126367184,135.88863,24.280703,9.81272
138660824,136.3828,25.411245,9.5447
82204677,148.09671,25.74831,9.8944
172533606,143.22853,25.439516,9.2534
172533774,143.2479,24.675722,9.00586
98414238,147.33746,25.209925,9.10772
82200884,147.67635,24.315529,9.36512
241198976,160.8525,25.766748,8.2859
82200888,147.78555,24.320745,9.9448
165300213,157.29305,24.265385,9.29251
149443322,140.97726,27.898478,7.9564
165413268,159.54626,26.606869,8.0433
840348449,148.10855,26.98179,8.6598
840348450,148.10927,26.981525,8.3299
840487061,153.98212,27.77231,9.7575
840499664,154.52238,27.525534,8.9405
840466192,155.89536,26.290747,9.2556
840466193,155.8953,26.290339,9.4431
840466610,155.85823,26.49402,9.0491
840466611,155.85783,26.494162,9.0553
840375083,140.97708,27.898169,8.8961
840375084,140.97726,27.898478,7.9564
840462257,159.54626,26.606869,8.0433
1066978,154.52238,27.525534,8.9405
1119961,155.89536,26.290747,9.2556
1119991,155.85823,26.49402,9.0491
1042340,153.98212,27.77231,9.7575
840366431,141.16313,26.181643,8.6507
82204408,148.10927,26.981525,8.3299
82202308,147.811,27.203457,9.665
840317207,148.18999,26.00649,7.9719
330753718,144.16888,27.660847,9.9032
330753584,144.20834,27.972889,8.4211
330753663,144.19249,27.815086,9.9269
330754178,144.17493,26.592999,9.3493
330753946,144.17485,27.13039,9.276
330753601,144.14992,27.965086,8.4529
330756098,144.21585,26.23268,9.8315
149364553,138.88618,27.914774,8.34837
149366757,139.03738,26.46784,8.1031
149365161,138.81941,26.00999,9.96052
138727481,163.02408,27.984922,9.37029
138731509,163.18861,27.289467,9.5931
330705899,141.69731,27.649174,8.1537
330706082,141.7684,27.133694,8.1069
330708456,141.94627,26.70794,9.7533
330708652,141.8986,27.309097,9.6805
165332689,158.30989,26.348455,9.9345
165332173,158.32074,27.775137,8.0018
165327650,158.10722,27.845991,9.68433
165330047,158.18141,26.288439,8.41113
172535581,165.0742,27.526712,9.5637
172570829,165.53557,27.87313,6.5597
3941429,151.7871,27.646006,9.5939
1044265,154.21179,27.618448,8.8957
3941544,151.83894,26.898247,8.62404
85244406,160.37956,26.39913,8.51012
3941562,151.86546,26.783703,7.74353
3940529,151.6591,27.116323,9.46517
3940647,151.74995,27.779665,9.45686
138738354,163.69255,26.666441,9.33991
138755449,163.65848,27.756308,9.4931
349793294,143.50482,26.805647,7.3794
349793388,143.44795,26.357603,9.4719
165281690,156.54245,27.30449,9.0176
165281668,156.51665,27.426287,9.9803
368435058,162.70746,27.51606,8.5338
368435014,162.6762,27.849485,9.4852
117418768,137.73404,27.87479,8.889
85266380,160.67271,26.423197,9.2268
165402711,158.81142,27.234827,9.4752
82249632,159.92007,26.636145,7.3757
1027272,153.79344,27.396914,8.6344
233432949,147.57275,27.019989,9.9127
1042290,153.93631,27.417326,9.7189
355185123,147.53139,26.837,8.0955
82221963,150.67102,26.69361,8.7954
349793453,143.50081,26.053194,9.5571
233635471,146.05519,26.754385,9.4166
138766140,164.78424,27.985739,9.3936
307958314,148.96602,26.85114,6.95333
3942381,151.97894,26.485632,8.1759
3942410,151.96413,26.668495,7.9658
3942429,152.03967,26.7988,7.429
165298455,157.18661,26.923237,6.8963
172532078,143.15092,27.085688,8.1562
117418771,137.73344,27.85621,8.7844
1028412,153.93915,27.222229,9.6326
165286708,156.60695,27.699026,8.6167
165286500,156.66353,26.525696,8.15659
149441234,140.65869,26.23162,9.8849
149468669,141.45012,26.20462,7.40028
349823324,143.78615,27.933624,7.3078
349823666,143.7976,26.256374,9.1619
349793396,143.4386,26.325533,8.4971
349794664,143.58847,27.522152,9.9516
349794728,143.57552,27.845354,9.3307
165287760,156.74756,26.987562,9.3076
82262688,160.03732,26.273548,8.9592
349793326,143.51898,26.61974,9.4529
165287590,156.81996,27.871067,8.2782
149398459,139.81401,26.251842,5.3522
149399727,139.92258,26.595884,9.832
85243463,152.35796,27.98271,8.2306
149399573,139.93352,27.422155,8.09135
307931149,148.5571,26.20818,9.1934
307952227,148.6826,27.353113,8.0498
165409042,159.31535,26.593813,9.4063
138763955,164.27423,26.509815,9.2522
307931131,148.46776,26.292374,8.4664
307952289,148.714,27.659426,8.8317
165316516,157.94382,27.432646,9.3267
138763917,164.30444,26.756054,9.0163
1043105,154.17041,27.107092,8.1154
1096740,154.85222,26.153265,7.0719
1097723,154.98265,27.67577,8.2377
165369074,158.58727,26.174421,8.8759
172530838,143.01672,26.827875,7.1049
138764994,164.56892,26.386713,7.87287
241194061,153.287,27.419594,7.9135
241200673,161.21652,27.905722,9.2865
1044193,154.21666,27.200085,9.5203
241194947,153.4571,27.135826,5.30762
233635564,145.94647,27.34594,8.9825
165369072,158.67787,26.185707,9.7815
241194163,153.35681,27.992119,9.9295
289705305,145.53802,26.998665,8.7298
239196185,146.47627,27.046007,6.8129
239197275,146.72554,27.158821,7.6202
289705472,145.4212,27.913765,8.4204
239196353,146.54088,26.053837,8.6084
117506070,138.09818,26.879145,9.0858
307959324,149.05504,27.214367,9.5924
117506108,138.03656,26.776085,9.6155
117506133,138.10205,26.670042,8.9247
233635612,145.9678,27.712887,8.5524
239197159,146.70905,26.378475,9.9715
149452916,141.18347,26.683163,8.3247
233635503,145.98172,26.969002,9.61711
239198426,146.84334,26.303486,9.30354
82202238,147.87671,27.573227,7.9966
82203437,148.03494,26.906277,6.8392
82202313,147.90282,27.170158,9.2516
165450972,162.42287,27.715252,9.6754
125551003,145.1419,26.00388,6.8083
125551848,145.25731,26.630835,8.0038
400726061,161.16151,26.036495,9.8689
149415756,140.0532,26.663933,9.087
349824640,143.8796,26.353975,8.4225
138728050,163.0116,26.958786,9.4071
165223964,156.00143,26.759289,8.5827
165289088,156.84785,27.508257,9.3402
165289135,156.95377,27.736778,8.8889
149418348,140.3029,27.466585,9.488
149418445,140.29501,27.936274,8.302
149438640,140.4301,26.84667,7.5475
165289057,156.85571,27.38928,8.67556
241190842,152.89677,27.842667,7.1622
165288969,156.93567,26.970766,9.4894
165431694,162.35036,27.976501,9.9726
241191093,152.86757,26.408201,9.3913
149415823,140.06895,26.927206,8.3124
349824800,143.8852,27.116217,8.6068
125552051,145.23238,27.807474,8.4393
149439862,140.54846,26.994421,8.6145
165408241,159.199,26.174551,7.8056
117507481,138.17203,27.802204,8.8233
149439771,140.60098,26.523817,9.0451
307953157,148.83435,27.101074,9.3322
241191920,153.0707,26.329268,9.2241
307953015,148.73775,27.863771,9.6276
149418305,140.26471,27.193293,9.892
330706410,141.81476,26.19485,9.7223
165223921,155.93636,26.99831,9.814
165289185,156.92503,27.927528,9.8114
165431797,162.39897,27.256535,9.6993
82249656,159.98607,26.766062,9.5174
1042350,153.97061,27.819159,9.8097
1043047,154.04907,27.466301,9.18953
149439737,140.56532,26.339218,9.8463
172533432,143.19777,26.264992,9.4281
149396119,139.43878,26.174517,9.5813
149396307,139.51732,27.150852,8.8955
149397263,139.58856,27.567436,8.9069
330753733,144.18506,27.63347,9.8623
125529890,144.88132,27.743265,9.7624
165301951,157.53226,27.622026,9.762
98369999,147.05789,26.317759,9.5231
125531026,144.99753,26.559778,9.5011
98370120,147.02327,26.935045,8.9536
239197244,146.68631,26.924446,8.4748
229652982,164.4863,26.159954,8.9328
239196062,146.55713,27.765802,8.41099
149469656,141.67989,26.350685,7.7611
289705241,145.52672,26.726196,9.6324
239197330,146.63478,27.517174,9.4788
239197391,146.705,27.881523,9.10266
307960254,149.18306,26.031977,9.537
154965411,141.98102,27.802988,9.9141
239197165,146.68886,26.425713,9.9537
165403868,158.91608,26.07659,9.9414
149397282,139.61806,27.493032,8.74415
307930967,148.50374,27.290907,8.3064
149344935,138.51953,26.677258,8.6674
330753685,144.20403,27.758507,5.9617
165302020,157.58975,27.335772,7.1381
125530088,144.7661,26.669027,8.4975
125531011,144.944,26.468002,9.2734
172517513,142.513,26.704626,8.95
149397312,139.58968,27.311565,8.1573
149397420,139.69261,26.753063,9.70445
349793180,143.49898,27.353218,7.1962
349823678,143.78671,26.192596,7.64074
165287825,156.74792,26.641424,7.4803
1065931,154.41212,26.391035,9.66362
349823408,143.71277,27.522928,9.86189
165287872,156.70836,26.35469,9.9971
1065959,154.42142,26.270412,9.87531
165403561,158.83607,27.731936,9.14063
1120094,155.80981,27.230095,9.287
125527977,144.54652,26.66249,9.5373
307988321,149.40395,26.97454,7.417
1120047,155.83191,26.929798,8.2314
125527758,144.51555,27.915003,9.9638
125528930,144.724,26.726707,9.6698
1101285,155.11334,27.494043,9.1184
82221959,150.72153,26.66944,9.3452
82222003,150.70972,26.826984,9.4142
125529054,144.65121,27.370361,9.6
165414325,159.73103,26.681978,8.224
233634539,145.81096,27.19747,7.848
233634677,145.93896,26.346832,9.6236
165299857,157.27635,26.059837,9.7126
241192050,153.08429,27.103626,7.8864
85245282,160.49774,27.022593,9.1386
165414236,159.71666,27.198809,9.7682
285009324,146.2414,27.311071,8.4647
285009393,146.29507,26.908937,9.8537
241197145,153.77739,26.105122,8.7806
117419052,137.78691,26.419746,9.571
138709483,137.11743,26.015396,9.4592
165316432,157.91255,26.992733,9.5963
165368092,158.53186,27.950428,9.6765
165414219,159.66426,27.316051,9.062
165299440,157.34106,27.8649,8.5782
285009360,146.27411,27.089243,9.9371
241197081,153.75574,26.498817,9.7282
307958169,148.91396,26.094633,9.3684
165451014,162.47386,27.973948,5.6597
172531928,143.08932,26.38771,9.35745
172531946,143.02614,26.44544,9.75036
172531894,143.02707,26.217173,9.8339
172531977,143.13658,26.611986,9.4081
165414211,159.64972,27.40508,9.65336
233634591,145.93637,26.873259,9.68577
117418911,137.74567,27.198177,9.8016
149438774,140.4292,26.265387,9.72558
285009231,146.29366,27.74144,7.3899
165299527,157.30331,27.499006,8.2014
241199653,160.98071,26.686207,8.9852
138731735,163.20354,27.865206,7.03342
82202250,147.86961,27.502983,9.39336
82202467,147.93077,26.3132,8.75107
138737125,163.54213,27.516592,9.9334
82202309,147.8098,27.203453,9.23079
149398786,139.76155,27.933989,9.70349
330708494,141.90498,26.823843,8.91861
361977189,144.0412,27.644032,9.5815
308073844,152.61406,27.349325,9.5606
239199224,146.89142,26.229713,9.02672
138762995,164.25133,27.154158,9.3696
241197867,160.75784,26.325563,5.393
241197912,160.72469,26.556894,9.89152
165316410,157.99472,26.854792,9.9816
138763109,164.14548,27.925226,9.68126
138764006,164.28047,26.27661,9.8669
1102228,155.2928,26.113777,9.6113
308054380,152.56683,27.121332,9.7315
330756451,144.28618,27.13192,9.2665
138665788,136.55128,26.130857,7.4659
1102466,155.26515,27.730175,7.1656
1095746,154.70905,27.383339,7.8816
450302399,149.28976,27.575632,8.0221
330795572,144.35564,26.12676,9.9728
138664813,136.51332,26.169147,9.7803
172517589,142.58353,27.136433,9.6562
165330608,158.20848,27.834558,9.7488
241200394,161.27432,26.250465,9.61503
233636312,146.17819,27.283155,8.82925
149344972,138.62656,26.485563,9.4525
149396076,139.46147,26.01253,8.35505
149397543,139.62576,26.203606,8.8075
149451504,141.16357,26.182323,3.4074
149394867,139.31667,27.911816,8.3594
149395176,139.3692,26.448212,6.706
154998436,142.23004,26.213629,6.8768
82219810,148.28592,26.179087,9.3251
154965554,142.07547,26.92231,8.5503
154998205,142.26553,27.573387,8.1621
3907827,151.6267,27.764708,8.551
117420140,137.96979,27.00013,9.2597
149363013,138.64612,27.148619,9.0871
149363045,138.71814,27.25293,8.8018
284994346,137.35184,27.263845,9.9179
154998340,142.34668,26.74022,9.5682
1097546,154.98665,26.56706,8.4151
3906145,151.3605,26.487799,8.1385
125552083,145.22684,27.986624,9.7268
125552693,145.40146,27.955893,7.8899
125552848,145.29105,27.103268,8.8146
125552951,145.29771,26.479237,9.75369
165301052,157.46512,27.737432,9.45061
165301060,157.49405,27.825642,7.33775
149415872,140.01648,27.16549,8.32691
138736206,163.35782,27.263443,9.75338
138664574,136.45053,27.307924,9.4864
117417532,137.59412,26.226631,9.3114
138664569,136.4461,27.340555,8.2759
117417579,137.60355,26.408388,8.24839
117505857,138.10422,27.884472,8.89733
138664590,136.42526,27.206064,8.6903
117417512,137.67566,26.142353,9.1561
117505846,138.01118,27.90651,9.95491
165297171,156.98889,27.68629,8.9228
138761740,164.06822,27.739597,7.7822
149442280,140.82327,26.697172,9.69512
165297259,156.97986,27.211176,8.24778
241195097,153.42586,26.150587,7.51577
165223914,155.99077,27.05638,9.08025
165297446,157.094,26.28179,8.92257
1116183,155.66978,27.873743,8.7179
172518679,142.64114,26.943724,9.4675
172529528,142.78519,26.307201,8.9163
289705262,145.42068,26.828728,9.1447
138688389,136.90675,26.598755,7.8052
138711106,162.88873,27.580929,9.7027
165425918,161.79068,26.086803,9.6642
149453015,141.28445,26.262959,8.5859
172518510,142.69083,27.929531,9.2616
82247894,151.21207,26.461523,9.5876
138711017,162.8988,27.069529,9.46139
138711058,162.92775,27.296635,7.9359
82249579,160.01175,26.206572,7.5767
138688459,136.80392,26.828495,9.9785
172518675,142.73079,26.964764,9.6813
82247984,151.14348,27.023493,9.9678
172529577,142.76791,26.543695,9.6393
165368950,158.58614,26.875597,9.48136
172530847,142.92628,26.754059,8.63635
241192869,153.20819,27.517166,9.4692
165369079,158.68228,26.158918,7.3765
239199375,146.98987,27.11289,8.9726
1096635,154.95999,26.80227,9.7403
172530781,143.01802,27.160744,9.93309
165297276,156.9828,27.107626,9.90026
1096623,154.97179,26.862904,9.5488
165368767,158.55954,27.93544,9.9382
138689655,136.92743,27.958035,9.54916
165224040,156.0246,26.351038,8.93456
337319844,161.4258,27.965048,8.7313
138689744,137.01143,27.559021,7.5894
149418073,140.3127,26.013098,8.13037
85243592,152.37616,27.0544,7.84864
307953137,148.82826,27.225786,9.7482
85243510,152.3658,27.680126,9.85341
138689713,136.96059,27.706228,9.69175
138665904,136.54402,26.665037,8.9914
450302505,149.26776,26.97724,9.5031
1102350,155.2927,26.886024,8.17385
117506254,138.02122,26.05085,7.9693
307989264,149.60849,27.758999,6.1195
450302631,149.36609,26.288645,9.31939
1102315,155.29189,26.696558,8.11628
307988349,149.42838,27.109545,9.79849
165280633,156.36288,26.873844,9.7444
165404876,159.03209,27.28643,9.3415
330756588,144.24525,27.452044,9.9296
307959342,149.07469,27.127768,8.618
285005290,138.50182,26.176338,8.33681
138659820,136.23865,26.36337,9.1453
138666152,136.5441,27.661566,9.59411
138666226,136.62944,27.98599,9.9663
308015445,149.84718,27.72299,9.75015
241198687,160.93144,27.78243,9.5954
172533237,143.24808,27.197058,8.14576
165300732,157.40172,26.227602,9.63387
308015479,149.8161,27.523026,7.2227
117507448,138.12971,27.675177,8.9913
172533278,143.18233,26.98853,6.3208
165300726,157.40457,26.182936,9.3919
165408132,159.16998,26.741167,9.942
165408194,159.18802,26.44236,9.7181
172534611,143.32213,26.870394,9.97131
149394950,139.42596,27.48062,8.89388
149396367,139.48341,27.526041,9.22243
154966712,142.10036,27.071104,9.38426
149394965,139.39957,27.422184,6.3556
154998136,142.27956,27.933441,9.44903
154998359,142.25873,26.64724,9.6847
3907798,151.58081,27.951395,9.85018
307988229,149.40047,26.533426,9.44964
125528859,144.74748,26.271982,9.523
125528903,144.63844,26.544281,8.74216
125529144,144.63864,27.922602,9.78582
165403832,158.85355,26.26934,9.1201
82221051,148.4291,26.092716,9.1673
307930890,148.49646,27.695457,7.43804
307988215,149.5093,26.439386,9.07386
172516225,142.397,27.39385,8.31886
172516274,142.47986,27.163853,9.1408
1101386,155.23433,26.679525,9.8465
165403820,158.92984,26.31544,9.73635
138687224,136.67366,26.056656,9.92161
125529078,144.71431,27.509882,9.999
82204610,148.1909,26.00695,2.8345
149363223,138.64949,27.783869,7.6317
138663199,136.26967,26.164759,6.3199
82204267,148.11955,27.774057,7.04001
138663357,136.34146,26.742062,8.4933
149369679,139.25227,26.76904,9.2407
229652491,161.6279,26.024761,8.3823
138663266,136.36255,26.442581,9.143
149364773,138.88814,27.265293,9.8695
229652313,161.71185,27.411057,9.9233
285003976,137.48024,27.044905,9.8174
285005394,138.38635,26.549953,9.6378
149368676,139.08064,26.260975,9.5743
229652442,161.73404,26.436779,9.3531
284992719,137.26361,27.432041,8.9955
284992904,137.2233,26.661053,9.45605
1066927,154.46033,27.201464,9.9721
229651614,161.57362,26.000345,8.8419
138709820,137.11314,27.54313,7.7398
1067732,154.69568,27.214146,8.86965
138710991,162.83305,26.940157,9.48519
138709816,137.09946,27.53544,7.7191
126369027,136.02972,26.406021,9.7471
172518755,142.74344,26.540165,9.1824
82248114,151.13943,27.847221,7.91757
138688613,136.9096,27.475388,9.71064
149451816,141.10616,27.655611,9.95133
172529744,142.82245,27.38724,6.56371
165425718,161.79788,27.445194,9.3432
172518716,142.74796,26.759352,9.5874
149367534,138.96986,27.884983,8.2747
284992911,137.19722,26.629112,5.3497
149344678,138.5646,27.898567,9.52073
284992724,137.23721,27.41704,8.73037
285003796,137.56433,27.90527,9.72292
285005362,138.40166,26.448622,8.9692
149364549,138.88742,27.915976,9.90519
1066957,154.54381,27.41548,6.57886
1066976,154.52307,27.524424,7.698
149364546,138.8888,27.922174,9.8439
1103206,155.4037,27.038319,9.75686
900047500,161.58589,29.924902,9.7593
239195848,146.49408,28.85039,9.859
172517970,142.62827,29.114052,8.863
356668299,161.58589,29.924902,9.7593
149396867,139.64575,29.74046,8.5181
149438085,140.45744,29.642553,9.8447
840528395,148.02896,29.264215,8.7711
840528396,148.0291,29.264294,9.4979
149468225,141.50914,28.649885,7.9675
801340217,139.64575,29.74046,8.5181
840379207,140.45744,29.642553,9.8447
840376678,141.50914,28.649885,7.9675
117507742,138.1624,29.034842,9.902
82203806,148.02896,29.264215,8.7711
149396581,139.47269,28.560568,6.264
330753356,144.2071,28.665192,9.6898
330753430,144.11365,28.458435,9.65034
330756932,144.24086,28.264832,8.8273
330756858,144.22462,28.107183,9.07984
330757092,144.231,28.673155,9.1166
330753086,144.18448,29.480482,8.77134
330753376,144.16461,28.585066,9.5989
330752920,141.90106,29.987822,9.9962
172503935,142.4169,29.938877,8.9868
138732339,163.17981,29.52935,8.2571
138731860,163.19232,28.1877,9.0539
330709448,141.844,29.23401,7.4671
330705650,141.7249,28.301115,8.8513
165331479,158.3122,29.615278,9.3356
165331776,158.37857,28.874157,8.96908
138727428,163.03955,28.0481,9.6854
307987475,149.24017,28.444092,8.9619
172536871,165.20276,29.218592,7.9416
149468092,141.54878,29.469875,9.9158
82220490,148.34605,29.632084,8.9383
172571333,165.69089,28.343483,8.9669
165316923,157.93425,29.562311,9.6357
3940846,151.73566,28.920195,8.7064
85244648,160.3228,28.25532,9.6043
241196326,153.54623,28.701183,8.3114
101592916,159.49074,29.946291,9.3478
3943049,152.15521,29.111156,9.972
241196486,153.57584,29.528784,9.7507
149467716,141.34381,28.315573,9.1103
138758215,164.119,28.833492,8.6667
149442602,140.79459,28.283873,9.7149
82264028,164.9066,28.153214,9.2374
82220451,148.38167,29.844118,9.6419
82220558,148.41249,29.19361,8.3987
149468106,141.50017,29.391655,8.4609
241194203,153.28357,28.280247,7.3899
172570919,165.4945,28.515715,8.1748
173009597,165.11261,29.98212,9.3386
165451593,162.60876,28.1249,7.3457
241190267,152.73828,28.577566,9.8449
5011437,161.20996,29.914385,9.7401
233433116,147.55864,28.185371,9.112
82220307,148.20346,29.169127,8.8855
82220530,148.41354,29.327412,9.7769
172530211,142.8383,29.673838,8.9036
4838725,146.45747,29.902756,9.924
3941126,151.79266,29.45631,8.7007
3941357,151.89035,28.048752,8.9166
3941110,151.78474,29.512545,6.9375
3941168,151.81161,29.23774,7.3735
3940774,151.74551,28.493343,9.0478
1042735,154.05264,29.56566,9.4633
233635836,146.02596,29.21694,8.6615
172535027,143.3738,28.881113,7.8454
233635768,146.06613,28.800465,7.9738
241199987,160.9651,29.182314,9.9942
172535203,143.32214,29.802294,9.5398
349825251,143.95052,29.437166,8.0561
172571100,165.56442,29.773,8.38672
349792802,143.53401,29.295431,9.923
229653332,164.52513,29.709036,9.4735
165409451,159.35626,28.928335,9.8743
165314729,157.7445,29.895123,9.6081
165314715,157.649,29.819572,9.1241
165315121,157.8922,28.041437,9.4184
117505305,137.8621,29.401577,9.52154
165403114,158.82057,29.514643,9.92255
85266713,160.57877,28.999935,8.1227
85266792,160.62384,29.61218,9.18877
165314832,157.76855,29.443834,9.29543
1120491,155.87077,29.849024,6.2777
85266720,160.65211,29.038952,9.8911
155208728,145.07193,29.990238,8.5782
1042949,154.14026,28.172575,9.5944
1042868,154.117,28.682482,5.8706
308054196,152.52487,28.217737,9.84657
1042770,154.06012,29.310474,5.521
117418619,137.71764,28.591658,9.3786
117505507,138.04898,29.51355,9.9505
458691097,157.13914,29.992357,9.9735
172532411,143.13069,28.67866,9.345
138736699,163.51602,29.845797,7.8478
165425133,159.87721,28.751461,7.3502
165298725,157.16629,28.408188,9.3925
138737023,163.5708,28.130878,9.7903
82262438,160.02502,28.366655,9.4635
138766404,164.6777,29.764458,9.1601
138756164,163.83856,28.62073,9.8129
138756218,163.83107,28.256485,8.7846
172532520,143.04625,29.157139,9.81847
172536921,165.31816,29.590965,8.8385
233433348,147.5713,29.614227,9.84033
368434925,162.80357,28.493437,9.0636
85221208,152.40666,29.883512,9.6952
172600726,165.85352,29.927696,7.213
172572772,165.79784,28.930128,6.1465
173043950,165.45537,29.871325,6.11164
239195345,146.43988,28.25,9.34321
172534921,143.32622,28.367949,6.3848
241194724,153.38295,28.264605,9.6582
233636122,146.14183,28.559742,9.5011
1044740,154.3527,29.482874,8.30931
349823253,143.79631,28.336617,8.1701
172600734,165.9659,29.907688,9.006
349823036,143.74991,29.464596,9.2094
1065645,154.41048,28.274433,9.4746
1065652,154.3114,28.224243,9.522
172572786,165.79155,28.990494,9.4535
172572811,165.74794,29.149855,9.7571
149363967,138.8882,29.792492,8.6602
166655258,166.45692,29.998356,6.6934
165451103,162.46706,28.64539,9.6706
172517910,142.49226,28.818617,8.5735
125529800,144.83862,28.247763,9.3362
125529783,144.88141,28.342056,9.6405
229652176,161.62646,28.631931,9.4276
165287194,156.74803,29.675274,7.45655
165451316,162.62064,29.941025,8.9517
165286840,156.69403,28.374344,8.5145
165287196,156.75586,29.671131,9.82529
330753460,144.13069,28.339802,8.7245
172517891,142.51334,28.717205,7.3209
165431310,162.23845,29.416058,5.17709
165431292,162.21945,29.271578,8.9947
82263691,160.18767,28.978231,7.0599
125529538,144.76482,29.831911,9.828
82202017,147.81148,28.951113,9.3451
149416101,139.9913,28.292494,6.7461
900035980,165.45515,29.871574,8.6732
289705640,145.4317,28.870586,7.4323
125552302,145.2616,29.329166,9.5084
138688729,136.9142,28.005856,7.08903
332172978,138.5979,29.944782,7.2349
138688839,136.7995,28.375463,9.0214
149470061,141.62251,28.661528,9.8905
165298916,157.18013,29.524374,9.3254
1101045,155.1623,28.9426,6.7427
149416083,140.07149,28.207623,9.855
149416464,140.11513,29.721973,8.8211
1100675,155.02344,28.836248,9.3663
3902886,151.36754,28.219505,9.6631
125550564,145.02129,28.3907,9.208
125550607,145.14626,28.185692,9.9621
165301404,157.44965,29.493011,9.0345
165301455,157.37898,29.77918,9.1727
165413730,159.57655,29.499197,7.8385
233431832,145.72984,28.776688,9.5072
165299051,157.35304,29.682194,7.7727
285009029,146.30833,28.707865,8.5575
241192746,153.17723,28.242016,6.0409
241196775,153.71667,28.436932,9.0067
285008850,146.33897,29.581095,9.0518
241192303,153.11046,28.739353,8.933
138711730,163.07166,29.021872,9.53178
165299038,157.25664,29.727514,5.57894
165327214,158.1511,29.721119,9.9627
165327193,158.1054,29.838058,8.0656
165413778,159.61816,29.79802,9.9624
241262674,158.38206,29.984735,9.8622
149467811,141.37505,28.853453,8.6737
3942815,152.02222,29.25154,9.1825
165297038,157.05795,28.387884,8.89611
241196275,153.55031,28.368786,8.50048
82264031,164.87253,28.125782,8.49274
3907247,151.42567,28.637472,8.6514
3942922,151.95537,29.878725,9.29603
241196334,153.58002,28.760431,9.7242
241196395,153.54985,29.08557,9.61433
3907325,151.49704,29.012163,9.57095
165280051,156.12073,29.880733,9.757
165279717,156.0599,28.008583,9.8694
285008943,146.22034,29.108824,9.8362
233634355,145.81969,28.37205,9.92847
308026332,149.99928,28.772785,9.3487
308026423,149.95345,29.318157,9.05703
308026805,150.17108,28.239882,8.90706
289705770,145.53864,29.644875,9.29064
241192329,153.04126,28.897322,9.70117
241192757,153.15685,28.164368,9.23933
165316951,158.00592,29.732632,7.2951
308026817,150.16621,28.173637,7.4368
239195849,146.49408,28.850399,9.69532
285009028,146.22057,28.708504,7.60054
149399133,139.70638,29.820517,7.46033
125531348,145.01753,28.670002,8.1421
308073967,152.6059,28.191938,7.9397
308074007,152.58818,28.394218,8.5767
239199810,146.9213,29.591732,6.6808
308073971,152.62004,28.224112,9.9614
241198234,160.72781,28.816738,6.9504
149398850,139.72986,28.27264,8.3055
149399248,139.85335,29.315971,8.6485
308074221,152.63913,29.683683,9.9732
138763492,164.33014,29.579916,8.2569
149399354,139.86337,28.722769,9.9573
125531411,144.92332,29.109423,9.9702
138763503,164.40045,29.536217,9.7988
138763630,164.28922,28.633444,9.4578
368434761,162.78026,29.803118,9.28929
149452311,141.26079,29.78554,9.5618
139401904,139.57472,29.883545,9.6313
82262218,159.99298,29.835714,9.5607
1067596,154.61066,28.23428,9.1179
149452407,141.27405,29.253538,8.0872
149451912,141.06805,28.11608,8.4719
149452347,141.20638,29.610258,9.752
172530139,142.7863,29.288668,7.9958
165425581,161.82997,28.320396,8.0306
307988887,149.57988,29.926367,8.4562
1120338,155.77538,28.937698,9.1056
125527748,144.61508,28.00603,7.25007
393789705,166.15094,29.17213,6.8479
307987591,149.23944,29.06451,8.3733
1120305,155.7705,28.693264,9.4611
307960661,149.17079,28.209463,9.6157
125527579,144.55534,29.089596,8.8541
125529346,144.70369,28.954718,8.1028
302653506,152.08209,29.950525,9.6313
4843546,147.02046,29.907084,9.1533
307987585,149.17451,29.014318,9.9574
165409782,159.41074,29.115746,8.201
149396753,139.5414,29.5642,8.4047
307930825,148.55537,28.058908,8.8051
138732667,163.31126,28.941269,9.6514
308028729,150.33676,29.3193,9.8024
1116002,155.65381,29.045893,7.5456
307930738,148.52322,28.477867,8.5733
407617704,161.84422,29.981361,7.7527
308028675,150.34235,29.584589,9.5711
308052017,150.32637,28.78441,5.8198
1101161,155.17189,28.296568,9.61388
241190669,152.95471,28.836683,9.7053
138689271,137.00021,29.654236,4.6452
285003401,137.52275,29.558058,6.4109
149438217,140.45912,28.897594,7.051
138711433,162.89536,29.247026,7.2157
98412631,147.24796,29.480778,7.8117
98370488,147.02643,28.648851,9.5884
98370565,147.07932,28.93403,9.75011
8768994,140.36691,29.899536,9.2381
149418537,140.33304,28.458254,8.7108
165289228,156.85649,28.103647,8.6211
307952587,148.71548,29.402138,9.429
241194279,153.35533,28.734426,8.42816
239197484,146.62169,28.43674,8.9621
138764475,164.66397,29.536247,9.82426
82220613,148.39627,28.796824,9.7775
165451393,162.58946,29.43911,9.899
1044606,154.28058,29.554329,8.4946
1065668,154.34608,28.065168,8.9968
1044748,154.42052,29.454418,8.14093
172600760,165.87704,29.642063,9.95599
1044900,154.34285,28.441923,9.37766
307958929,149.1212,29.307404,9.9922
289705644,145.51279,28.877396,9.9011
85244917,160.47025,29.796707,9.6841
138688761,136.84767,28.120546,8.84764
289705608,145.52863,28.691679,8.03509
239195845,146.494,28.860884,9.26189
138689035,136.81514,29.081963,9.338
307959035,149.06166,28.688644,9.4605
307958966,149.01547,29.098562,9.2711
165431383,162.19385,29.886663,9.5166
82263777,160.23846,29.640484,9.06884
4821921,145.88858,29.974478,5.5799
172518073,142.61665,29.573448,8.76514
125529502,144.6859,29.861603,8.9164
165431466,162.40103,29.516293,9.2114
165425572,161.84651,28.398869,9.7005
149452034,141.07661,28.825415,9.46129
149452402,141.29344,29.271826,9.5442
149451947,141.12553,28.323011,9.5066
149452032,141.11104,28.80954,9.8848
149452430,141.2948,29.130161,9.9129
1067524,154.6247,28.6522,9.857
172530012,142.80238,28.728456,9.9981
149452362,141.28323,29.54696,8.8073
172518297,142.62643,29.114086,9.1053
356673222,162.17499,29.91993,9.642
82261993,159.93015,28.348543,9.95676
172532606,143.12442,29.586563,9.07015
165425199,159.76959,29.200188,8.78589
165425062,159.8408,28.311628,9.2916
249666678,162.38483,29.970697,8.9486
3942753,152.00847,28.769491,9.3861
172532762,143.20235,29.355707,9.8319
117505645,137.98926,28.871574,6.8737
117418028,137.67624,28.489813,8.3346
117418090,137.67175,28.749899,9.1778
117417952,137.61966,28.18753,9.3926
117418088,137.58559,28.742231,9.2371
138664398,136.47195,28.128077,9.77425
149399420,139.91617,28.277674,8.804
138763579,164.29755,28.938034,7.9513
241198308,160.79747,29.38471,7.4422
241198554,160.87585,28.685858,7.79762
125531294,145.0152,28.302122,9.534
3907273,151.41339,28.7231,7.5901
117418155,137.6054,29.037148,9.3279
1102512,155.36005,28.00344,8.4499
1102897,155.40701,29.183886,9.7343
307988803,149.44563,29.490406,8.0353
1095937,154.76805,28.59338,9.9434
307988967,149.60141,29.443401,9.0408
307989133,149.6106,28.489923,7.9002
149416090,140.02663,28.24888,8.9959
149416359,139.9794,29.572283,9.635
1097851,155.00954,28.439445,8.4287
1100743,155.02846,29.260225,8.6805
138736371,163.36186,28.174028,9.09725
125550598,145.08043,28.237024,8.77434
125552147,145.15604,28.378899,9.9036
165301411,157.4396,29.512392,8.91587
285008763,138.39638,29.975077,8.9133
149396561,139.51706,28.499485,9.2295
82262228,159.94353,29.887486,9.7088
8866428,143.1345,29.902805,9.51682
1100754,155.02713,29.348192,9.59941
450302195,149.31133,28.561285,6.42781
1102993,155.37262,28.53655,6.6546
307988950,149.6243,29.534437,7.139
154965348,142.04391,28.189392,8.0826
149367597,138.99258,28.237883,8.143
450302098,149.35016,29.104546,8.3022
307989113,149.58833,28.582382,8.256
165281185,156.43117,29.73356,9.6708
308054180,152.47383,28.327408,9.4365
117420343,137.87378,28.020746,9.7319
117420341,137.8712,28.019924,9.7336
450302084,149.36589,29.172035,8.11175
308015109,149.9009,29.645231,4.86206
308014937,149.74918,29.160954,8.0455
308015076,149.81566,29.879704,8.2329
98414874,147.35867,28.081573,8.76
98415103,147.35411,29.002207,8.8207
98415217,147.3437,29.452797,9.6133
85244689,160.30812,28.576162,7.828
149440227,140.59123,28.698107,9.3932
308014871,149.67088,28.749195,9.052
308014898,149.75055,28.955282,9.9932
85245039,160.4241,28.836998,8.746
284992519,137.2542,28.310816,9.6157
165403334,158.93027,29.104124,8.2086
125529239,144.71088,28.40238,9.985
241200916,161.22774,29.51524,8.6053
307960641,149.23088,28.096321,7.24868
307960685,149.24576,28.28686,9.959
307952524,148.72809,29.021425,9.1394
149438319,140.4299,28.50021,7.3562
307952461,148.65327,28.687605,7.88598
149418554,140.2944,28.530014,9.2496
229652004,161.51697,29.747278,9.59821
241190564,152.96368,29.474974,9.053
98370466,147.08401,28.522356,7.6566
138757689,164.0038,28.181211,9.7314
138757901,163.99445,29.32044,9.96279
285003119,137.39322,29.080843,9.7996
165289291,156.91275,28.422527,9.647
241190455,152.79536,29.735512,9.87699
138689149,136.90746,29.60114,8.2314
138755667,163.62436,28.90878,8.35005
138755826,163.64732,29.630077,6.0323
241192470,153.00446,29.781988,8.9515
285003745,137.57248,28.094137,9.73838
307930596,148.51048,29.212793,8.7448
308028569,150.2139,29.684368,9.30363
308052061,150.39299,28.56669,8.2628
308052074,150.41396,28.521917,7.7725
117508077,138.26895,28.965128,9.8408
138710391,137.08896,29.74336,9.7849
307958851,149.03583,29.788568,8.21905
284992160,137.20204,29.710108,9.14639
149394777,139.40599,28.29868,9.90098
149396498,139.51031,28.148243,8.53977
154997667,142.18109,29.388714,9.6706
149370386,139.34421,29.452099,9.78951
138731848,163.14972,28.169607,8.99119
149344619,138.58308,28.209398,8.8368
1067242,154.4631,29.317198,9.0122
1096241,154.93591,29.371983,8.83181
154965254,142.07529,28.799086,9.92384
330795189,144.38733,28.025225,9.69038
117418168,137.63524,29.070242,7.62118
154965084,141.95969,29.761517,9.46192
165405201,158.96132,29.029243,9.9348
165405187,159.00143,28.931053,9.8717
82204063,148.17896,29.004204,8.80807
82204149,148.09215,28.566248,8.92956
1067416,154.67749,29.353958,9.15236
308015218,149.91623,28.960566,9.02151
98415169,147.29019,29.252285,9.60112
149440387,140.5958,29.528234,9.6266
149440291,140.60547,29.02714,9.366
98415301,147.2707,29.855072,9.71705
85245105,160.48474,28.244728,9.93502
900039091,165.57297,30.82325,9.4268
900039093,165.573,30.823639,9.1808
4991474,149.64009,30.285215,8.634
458690743,157.13524,31.966429,9.2391
8795349,141.97623,31.464722,8.3155
173043816,165.573,30.823639,9.1808
165716480,164.16135,31.097944,9.846
139399797,139.46468,31.267178,8.89
840560990,157.13524,31.966429,9.2391
840406088,141.97623,31.464722,8.3155
155180099,144.70924,30.27725,8.957
159990870,158.96907,31.777855,8.83
368413880,157.2135,31.861572,8.147
8766424,140.0019,30.8777,9.567
241259860,158.12442,31.421902,7.8875
357152592,160.06836,30.815252,8.77412
241260060,158.13231,31.00233,8.8481
8743934,138.43407,31.578346,9.4591
8743938,138.50867,31.584934,9.9186
139382313,139.36325,31.301027,6.8984
355172357,137.27931,30.51259,8.2632
355172451,137.40918,30.7128,7.7304
471012685,160.06839,30.815285,8.8173
166648649,166.12213,31.988161,9.9955
166649178,166.1627,31.436708,6.4207
165692433,164.02342,30.332876,9.7287
165716414,164.12468,30.65052,9.0755
165716465,164.04034,31.01787,8.9746
165716542,164.06013,31.568989,9.4481
4843299,147.02324,31.271065,8.0649
331945095,151.70517,31.641401,8.8938
165716470,164.07765,31.039595,7.8734
165716479,164.16023,31.097878,9.45141
139416627,154.00452,31.747126,9.9728
139417214,154.09848,31.616817,7.498
139417016,154.10052,30.441273,8.6201
139416661,153.98839,31.558453,9.7123
8885230,143.27696,31.08763,8.2536
241264484,158.62778,31.68053,6.9913
4840962,146.6972,31.13089,7.9936
101592520,144.6199,31.848724,9.1056
368414136,157.20003,30.109276,9.143
4891448,147.41331,30.359203,9.8301
165718231,164.44202,30.532303,9.3218
307929553,141.57266,31.147444,8.6003
241253756,157.9107,31.041601,7.3081
5011609,161.1,31.243017,9.7102
101576621,144.36139,30.957275,6.8755
173009743,165.11566,30.857641,8.5084
165684327,162.84477,31.792217,8.9415
4841311,146.8214,30.280312,8.8292
173009453,164.99232,30.998547,8.5345
101576644,144.31442,31.084076,9.3799
139418667,154.3363,31.192238,9.9422
139418613,154.26608,31.493933,9.3377
4843424,146.99039,30.476698,9.459
101615050,160.36557,30.523706,9.6825
155180065,144.7037,30.153076,7.1087
8866797,143.07587,31.877869,7.4841
4824207,146.14093,31.391615,9.7475
166655536,166.44164,31.825077,9.2544
8853713,142.54259,31.012701,9.807
8853799,142.50996,31.47243,8.8862
155180098,144.74721,30.27543,7.7144
4824120,146.15796,31.783524,9.2256
4836038,146.1122,30.04944,9.0448
307913387,141.15602,30.122442,8.8859
8866277,142.90884,30.674168,8.8319
349853769,156.94841,30.232706,9.8799
8866534,143.03342,30.448608,9.42014
8866752,143.04826,31.644167,9.91928
307913242,141.1248,30.730362,9.3868
307913490,141.2519,30.134094,9.2656
166655421,166.44347,31.08878,8.81427
67363402,154.39775,30.887215,5.7293
407583231,145.39632,31.277817,4.294
368414336,157.53067,30.848137,8.91907
368414372,157.5648,31.054058,8.3811
407581642,145.17148,31.594713,7.4514
407583274,145.27586,31.055756,7.9005
407583363,145.33519,30.503271,9.0182
9002308,167.90477,31.902334,9.4178
8885307,143.25774,30.56933,6.7165
8885734,143.32588,31.622765,8.2263
4896282,148.01968,31.302855,9.9524
165654956,162.71303,30.2307,9.4356
173043716,165.48378,31.432035,9.9095
173043848,165.48943,30.54722,9.902
165718263,164.39378,30.699547,9.4893
165718252,164.3993,30.65269,7.78559
8746430,139.71863,30.528831,9.0648
8746711,139.86526,30.652466,9.2467
160333747,156.00996,30.203808,8.64161
4838846,146.53712,30.480734,9.10075
4956248,148.44305,30.980026,9.55565
139414655,153.69409,31.450706,9.81
4838912,146.54095,30.865387,9.3601
4894035,147.68886,31.630678,9.42745
165690891,163.82986,31.337683,9.27612
139414586,153.74933,31.789204,7.2909
139414741,153.72342,30.99137,6.9513
4893978,147.736,31.385864,6.8259
139414652,153.77641,31.468067,5.7089
4893987,147.68758,31.392748,5.1398
8743890,138.42519,31.450712,9.5488
101592764,144.6488,30.761473,8.21301
4891611,147.44447,31.077015,6.6162
159992014,159.07347,31.90155,9.66423
4841142,146.7042,30.32304,9.15917
101592555,144.61319,31.638332,9.7851
368414424,157.56711,31.424486,9.4817
101624385,163.5859,30.482664,9.29178
368414195,157.49323,30.114553,9.8377
407583111,145.34634,31.916027,9.88305
101624378,163.60645,30.531979,7.0457
4845464,147.29128,31.8476,9.3735
241253758,157.94208,31.043919,8.56586
101576475,144.30014,30.082985,9.644
101576559,144.38138,30.586294,9.91179
5011538,161.10765,30.704649,9.6291
101576670,144.30577,31.249596,9.2289
357152563,159.97977,30.952433,9.359
8746544,139.71423,30.060415,9.6686
4973078,149.06854,30.161703,9.6291
4838561,146.40363,30.685259,9.9164
4838887,146.54643,30.717491,9.2222
4893585,147.61646,30.4665,9.1394
165690830,163.76813,30.893702,9.1926
85292753,156.7716,31.722935,9.9018
155208355,144.8512,31.754719,9.8405
8677956,137.66164,30.963129,1.9282
101616821,160.54695,31.696997,3.84494
101616630,160.65166,30.172768,9.5806
155208745,144.99245,30.108416,9.2174
155208660,144.91985,30.193134,9.7381
101614934,160.23193,30.201267,7.7773
8853744,142.49486,31.202171,8.8788
165655086,162.68245,30.980356,9.91984
85320476,159.36288,31.640606,7.2159
8900188,143.67519,31.89119,9.064
330797205,161.47343,30.628021,6.5771
8966067,166.91685,30.075768,9.4289
307929195,141.37238,30.493198,6.84448
8900012,143.60986,30.90801,8.6028
4822116,146.06795,30.771532,9.6706
172955821,150.31406,30.834152,8.3482
4822334,146.03726,31.630533,9.4588
4838962,146.55385,31.167604,8.90449
4972777,148.93262,31.189825,7.4486
139414729,153.74359,31.067617,9.7399
85320459,159.35184,31.547832,9.2833
289715040,145.50127,31.594883,9.6615
368435788,159.63248,31.228512,9.4295
173044029,165.60715,30.42297,8.58444
173044112,165.68747,31.129934,9.71411
85285040,153.48174,31.305758,8.9983
4843280,146.95412,31.397966,9.576
4843495,147.00388,30.1784,9.67055
4993521,149.91608,30.771435,8.2307
8885299,143.24864,30.602999,9.7578
165684836,163.02234,30.850815,9.9166
4896091,147.95801,30.329313,8.68492
165684919,162.99448,31.368326,7.62733
407590377,152.124,30.145306,8.6374
67439792,155.29172,30.439228,6.7686
67439742,155.21326,30.663908,6.18741
307907527,140.86963,30.224548,9.9028
8767062,140.13972,31.957218,9.3283
8921249,152.81903,31.059692,8.5165
8921344,152.77434,31.734865,9.6274
252963891,151.50522,31.624575,9.7464
458690920,157.16425,30.923191,9.0916
165731112,164.4917,31.823034,9.0606
173007377,164.63681,31.912882,9.4244
139415135,153.93724,31.032095,9.7053
173007574,164.59323,30.726686,7.4895
458691019,157.0718,30.441456,8.2147
8817969,142.23497,31.006119,9.2107
8864344,142.74742,30.837822,9.0318
173007785,164.746,30.441587,8.847
173001595,150.45506,30.009846,9.2685
101549779,144.0594,30.682402,9.2643
159990666,158.98576,30.40053,7.5738
101576233,144.17856,31.161758,3.905
165690420,163.62277,31.730635,7.5977
4917319,148.1212,31.54261,6.8825
332172809,138.54085,30.740143,7.8091
5011332,161.08658,30.691431,8.0544
14900236,159.87471,31.103064,9.3843
14900265,159.9137,30.912304,8.4107
4917955,148.33014,31.499676,9.7993
4917961,148.21292,31.547846,9.5669
368435904,159.68005,31.976238,3.97754
4917704,148.32637,30.276733,9.233
160331697,155.75548,30.837214,6.6927
173032262,165.36407,31.246271,7.5242
101549689,144.10648,30.119755,8.8531
357152853,162.31104,30.619438,9.145
173009564,164.90833,30.039192,9.5429
67391323,154.50069,30.428722,7.8659
139366732,138.697,31.532682,9.8254
241260871,158.17288,30.687548,9.6241
67391694,154.6441,31.558836,9.7009
241260847,158.22166,30.548723,9.8276
67391475,154.58331,30.275736,8.924
85286241,155.5172,31.636768,9.7729
85286255,155.58202,31.544502,7.9
355128279,137.14046,30.625198,8.0883
4821899,145.89874,30.084833,7.6388
4895711,147.91718,31.436527,7.795
249666798,162.44392,30.862171,9.6419
165685008,163.02306,31.939308,9.7339
139399893,139.4938,31.675238,9.3074
139399896,139.39018,31.682098,9.4427
4959071,148.78668,31.39715,7.437
307762086,159.74629,30.63778,9.4959
249666894,162.41444,31.629856,9.8513
139399884,139.51634,31.62374,9.9034
4753562,145.79999,30.692219,9.1222
4753720,145.82275,31.473288,8.471
8677850,137.627,30.361101,7.7004
349853543,157.0136,31.616428,8.9723
8686432,137.58374,31.364702,8.9134
8743238,138.35089,30.097538,9.7547
173003754,150.83519,30.45514,9.9977
8792754,140.7505,30.197119,6.9973
241265082,158.76578,31.606167,9.4325
330797118,161.42796,30.012497,8.6216
85292639,156.81058,30.888937,8.5118
139399295,139.32787,31.055943,9.1981
139399604,139.41238,30.320536,9.4501
85292407,156.6739,30.768175,9.0916
139399798,139.46466,31.268526,9.7588
355126126,137.05446,30.223526,7.7127
85286198,155.5178,31.876692,9.643
173003734,150.78787,30.33626,9.5636
241265066,158.84344,31.505442,9.2933
241264843,158.82607,30.198826,9.99075
355126147,137.098,30.31658,8.31695
173005458,150.98761,31.48577,7.1747
85292547,156.79613,30.176277,8.9219
4991327,149.57625,30.517242,7.1774
4991306,149.50012,30.606663,9.878
8942186,153.10638,31.455872,8.7845
241262393,158.4082,31.495298,9.763
241262457,158.3694,31.137535,8.8581
241262514,158.33762,30.871828,9.8734
4991475,149.64012,30.286545,9.5503
160346442,156.14096,30.272455,8.7941
85286503,156.55685,30.477936,9.6883
289715071,145.48288,31.460224,8.906
368435592,159.66922,30.01591,9.879
241262860,158.51187,30.865625,8.8892
85286602,156.59479,31.343956,9.6891
85286624,156.57358,31.555216,9.3958
241262928,158.475,31.251493,9.5365
8942161,153.10606,31.561895,9.9921
8940782,152.98244,31.51239,9.59377
8942233,153.1667,31.245667,9.7125
85286454,156.57968,30.11627,9.92812
368435734,159.6528,30.881647,9.69299
289715034,145.53917,31.646524,9.67129
160346553,156.22981,30.186623,9.3588
241262535,158.29048,30.754597,7.673
160346590,156.257,30.37125,7.3684
356668428,161.60326,30.674833,7.8963
8942220,153.1218,31.328978,8.06817
307907614,141.03064,30.060154,9.56067
307907802,140.9223,31.043594,9.4235
307913065,141.13847,31.484344,9.55532
8817515,142.09157,31.387497,8.99872
8864516,142.8286,31.741894,8.90428
233638249,156.42517,31.149885,9.2184
233638251,156.4159,31.127863,9.41426
233638327,156.41815,30.576046,9.11368
165731192,164.49634,31.082521,8.2351
8864397,142.81392,31.144735,9.12025
8864375,142.87012,31.021866,9.8893
8817930,142.2398,30.798622,9.78933
407611805,157.67963,31.559021,9.7321
173007593,164.69202,30.64219,9.85743
307913048,141.1047,31.554924,9.16167
159992196,158.9984,30.647789,8.44228
155208523,144.89766,30.878996,9.9295
139380225,139.10109,30.03904,8.72855
172953791,150.10127,30.430967,9.4419
4891158,147.24109,30.999655,9.7063
4891266,147.24405,30.380655,8.5757
101594334,160.11511,31.764406,9.9877
139380446,139.15979,31.101448,9.7697
139380603,139.1149,31.84969,8.7035
407613375,157.79282,30.072506,9.1433
139380048,139.08415,30.654963,9.9148
355172351,137.39653,30.485893,8.80642
307928924,141.47115,31.894003,9.265
172955627,150.38875,31.863615,8.87733
172955865,150.35323,30.587313,7.68202
8899945,143.67194,30.561033,8.65919
172955610,150.41075,31.931135,8.84861
8853766,142.54904,31.327106,7.8258
85293884,159.22343,31.098068,8.95969
330797213,161.46623,30.68231,5.42051
241253715,157.99481,30.76972,8.15613
85294135,159.30728,30.58098,9.3792
85293951,159.22816,30.652065,9.51602
85320427,159.28732,31.267967,9.7645
355128305,137.23026,30.480137,9.98333
8900037,143.71655,31.027397,8.8569
8743783,138.5151,31.082905,9.12484
8770833,140.56023,31.89845,8.323
241265128,158.79254,31.89853,9.65885
8770921,140.5398,31.480707,9.9849
159990911,158.94914,31.989664,9.99113
85321534,163.21613,31.421717,9.9089
165690377,163.68303,31.957487,9.7697
101576116,144.26859,31.941235,9.75106
159990872,158.86989,31.778513,7.44401
160331605,155.71602,30.33129,8.5118
8942684,153.31299,31.377922,7.92961
159990797,158.97046,31.164654,9.76791
357152859,162.32608,30.644148,9.6351
159990694,158.9619,30.532099,8.72783
14900164,159.86269,31.700958,8.7195
173043810,165.49327,30.849922,8.6659
14900161,159.8662,31.704996,8.731
8942710,153.35464,31.512968,8.49562
4917356,148.07831,31.34673,9.61922
4917542,148.08127,30.385878,8.8423
8942594,153.35524,30.887718,9.91814
4917762,148.31198,30.561827,9.80652
307929697,141.5247,31.85329,9.9031
407617545,161.87279,31.130821,8.7955
241186254,141.62735,30.776318,8.4804
241186030,141.63118,31.890083,9.0136
4956592,148.59999,30.68829,8.1951
241186166,141.64095,31.18289,7.61115
241186358,141.73698,30.296335,8.2283
307929437,141.50792,30.57441,9.0754
307929545,141.51689,31.102976,9.81211
241259593,158.1217,31.957659,9.368
321318387,162.00183,31.28656,9.79839
67398842,154.94456,30.454933,9.5884
139399412,139.25436,30.374636,8.1752
67399181,155.17017,31.428362,9.1804
85292600,156.74841,30.59231,9.9783
85292615,156.74994,30.700628,9.92937
407578922,145.24652,31.18439,9.56745
4895700,147.92229,31.466179,9.77347
407578840,145.21259,30.742329,8.8967
407578914,145.22607,31.13693,9.9766
4895958,147.81816,30.200138,8.78
4896057,147.95425,30.1104,9.75487
67399228,155.11346,31.68308,10.0
173001954,150.44421,31.969448,9.82633
8766412,139.991,30.956646,9.2004
67439865,155.28256,30.164547,8.96508
407590399,152.25096,30.27549,9.51774
166646896,165.8277,31.287731,9.35225
166646980,165.81029,30.592028,8.1261
166647300,165.94707,31.222088,8.5847
166647000,165.7163,30.415201,7.68491
173006045,151.05222,31.845758,9.15853
4753429,145.68567,30.111452,6.46083
8677665,137.43044,30.450745,9.27313
4753081,145.54997,31.180555,9.8013
4753265,145.55678,30.388266,9.7292
4753773,145.74487,31.767159,9.83337
4753745,145.7706,31.620682,8.89117
4959020,148.8881,31.166767,9.9307
4753057,145.60548,31.280144,9.5621
4753660,145.78261,31.214054,9.9617
356673205,162.17496,30.012306,9.11423
8688281,137.7449,30.39387,9.4183
8688331,137.69887,30.105007,8.8108
8716840,138.0863,30.299917,8.33172
8688429,137.90405,30.241743,9.6899
8718888,138.26225,31.223276,9.857
4993293,149.77971,30.42193,7.0923
139402211,153.52705,31.562899,8.1452
85321653,163.20123,30.384235,7.6843
166650410,166.32034,31.934336,7.7365
166655337,166.43886,30.595867,6.4521
85321769,163.41017,30.286978,8.9629
4994934,160.75266,31.898886,8.8654
252961877,151.20552,31.491455,9.8246
8901645,143.73195,31.607187,9.254
8901671,143.73027,31.449137,9.6636
8901686,143.7824,31.315426,8.928
139402129,153.56784,31.1806,7.4378
252962478,151.40427,31.944988,9.5338
8901893,143.74834,30.211485,8.6479
139402246,153.65544,31.746168,9.9766
166655334,166.41855,30.590425,9.27229
307762438,161.66626,31.22819,8.93751
172954294,150.25273,31.923672,4.7727
4843822,147.15483,31.251461,9.41581
407613334,157.7401,30.31289,8.8027
172953960,150.21782,30.20459,8.9624
307762367,161.72137,30.85284,9.53432
101594312,160.22444,31.925045,9.444
67393587,154.83803,31.199121,9.86147
4958604,148.686,31.0044,7.6788
241260993,158.16907,31.464022,9.4656
241260933,158.15652,31.13116,9.39099
307762301,161.78323,30.507105,9.71997
307929597,141.49559,31.31589,8.79971
407617673,161.80971,30.242176,9.39892
241261005,158.27817,31.557041,9.11356
4958955,148.78871,30.812605,9.9309
67391690,154.58258,31.543407,9.84336
85286334,155.59808,30.822252,9.8529
4821593,145.95251,31.402485,9.61954
67391539,154.64471,30.61775,8.9315
139366858,138.77289,30.89778,8.61531
252962375,151.35036,31.313192,9.3899
85321782,163.426,30.356888,8.72851
166656852,166.6739,30.931717,8.8992
8902176,143.86969,31.081808,7.5896
139402175,153.54565,31.424767,7.3147
85321770,163.43756,30.291187,7.4757
4993361,149.83287,30.007627,9.3701
166655495,166.53566,31.508614,9.8032
4993328,149.81369,30.256714,9.72679
166657203,166.70549,31.462078,9.45534
840551066,149.95215,33.091965,9.3643
840517467,154.733,32.38916,8.081
4993887,149.95215,33.091965,9.3643
67392954,154.733,32.38916,8.081
307912660,141.18764,33.380684,9.958
241259151,158.06676,32.842045,9.7531
241258991,158.08311,33.243275,8.6585
8744239,138.46744,32.512543,8.4012
8744810,138.49884,33.98807,9.35549
165716918,164.12071,33.84675,8.0157
307906863,140.84758,33.464012,8.0124
139416540,154.04076,32.266212,8.5837
165716908,164.09468,33.77965,7.9258
165716854,164.08595,33.381252,6.8596
252963551,151.46362,33.583786,9.645
165690117,163.6384,33.8957,8.4365
155207214,144.83884,33.93185,8.0796
166648429,166.09436,33.409233,8.3477
166648416,166.04738,33.481743,9.55587
166650138,166.34615,33.797016,8.4747
101592190,144.58002,33.900192,8.2464
4839339,146.56738,33.083588,8.3762
85335531,168.33212,33.44374,5.70501
173044529,165.58176,33.82207,9.9204
139424663,168.57472,33.492878,8.9281
85334770,168.11711,32.08685,8.3609
139416287,154.03946,33.79396,8.35902
139416393,154.08324,33.155163,8.0384
139423726,168.40517,32.537056,9.9223
101593283,159.43442,32.518158,8.7471
8854033,142.46484,32.54176,9.5787
4841822,146.835,32.782284,5.4139
5011802,161.12115,32.544086,9.2581
173030841,165.0724,33.118923,9.3479
8855431,142.723,32.203392,9.8866
101615476,160.29973,33.802338,9.5149
8767289,140.21494,33.151043,8.4241
67439487,155.31775,32.15196,9.4508
307906932,140.8101,33.086708,7.1345
165716892,164.13252,33.645885,9.42423
165716763,164.03137,32.822353,9.28148
165716706,164.12184,32.50125,9.6826
307908061,140.979,32.19737,7.6666
173006168,151.06699,32.452446,6.37314
166647457,165.92426,32.304256,6.4085
85321355,163.19652,32.990246,9.0355
67393817,154.90923,32.570538,8.7072
407590933,152.25812,33.41285,8.7831
173009031,164.9689,33.61786,8.8745
166647550,165.92065,32.88746,9.5837
4919238,148.34528,33.932735,7.5216
165691280,163.80501,33.901363,9.0251
4839140,146.57324,32.078655,8.46696
4919509,148.43672,32.444103,9.90509
67392843,154.77472,33.029343,8.9594
4973675,149.07646,33.459927,8.43386
67440603,155.45322,33.843117,8.9463
165691068,163.78159,32.43446,9.9301
4973475,149.13057,32.38463,6.1247
101616168,160.51857,33.14992,9.0478
4919401,148.35136,33.033955,9.3331
4972332,148.95723,33.64542,9.38007
4972490,148.91321,32.669796,8.9903
407589970,151.85106,32.207832,9.23404
8746086,139.7255,32.317574,9.37827
307913923,141.24368,32.14467,9.3905
307913954,141.26125,32.31553,8.615
307915201,141.43759,32.762142,6.58521
307928849,141.40784,32.33104,9.5907
8865864,142.9386,33.096565,7.0653
165691047,163.80873,32.32352,8.7802
8867017,143.0521,33.06252,9.8684
166656428,166.5657,33.707886,9.6073
166656582,166.61336,32.720585,9.6572
8866851,143.1033,32.076267,9.6856
307928852,141.35696,32.301487,9.3027
4823806,146.18988,33.293663,9.8659
4973454,149.04903,32.258366,7.7359
165691909,163.93494,33.506927,4.0826
307913920,141.23686,32.12147,9.05888
4823732,146.21332,33.637768,9.75352
307915187,141.35295,32.858295,8.98057
4823739,146.1872,33.61537,9.56737
4973669,149.11157,33.43122,9.93788
67440335,155.36137,32.249794,9.9125
101616854,160.56696,32.006866,9.6548
307761525,159.82756,33.854584,9.00938
307912827,141.1345,32.500866,9.9454
165655273,162.67506,32.066544,9.4572
307908156,140.99437,32.81121,8.0935
155209108,144.98875,32.096638,9.1185
8746032,139.78821,32.562157,8.4403
139414531,153.66959,32.11859,9.4629
166649385,166.25974,32.852356,9.01455
166648495,166.12843,32.995518,8.3714
166648465,166.00113,33.145756,8.7188
85334031,167.98662,33.56917,8.3958
85334172,168.03078,32.402485,9.8684
241253994,157.96407,32.37956,5.7945
165685096,162.95506,32.432083,8.766
139418391,154.35747,32.773052,8.9194
139418436,154.31932,32.529175,9.2768
5011812,161.10564,32.619843,7.43947
8884713,143.29729,33.917065,8.6796
4896717,147.98834,33.787567,8.9621
368413708,157.29033,32.966946,8.3248
4840392,146.7306,33.786983,8.56724
173044399,165.7118,32.9313,9.9065
101592434,144.69357,32.26211,9.7677
173044355,165.70619,32.668465,9.8979
160334055,155.97914,32.025948,9.06035
4840536,146.77562,33.153805,8.9649
4892140,147.50246,33.601627,7.4704
8966478,166.99106,32.34959,9.48311
85292953,156.76733,33.53543,9.9993
85292989,156.76723,33.833107,9.5707
8853019,142.36852,32.451233,9.9065
356668765,161.60976,32.71319,9.1596
172955534,150.34068,32.31512,9.5554
356668836,161.63943,33.13678,9.1561
173005244,150.99615,32.646885,7.4746
8853936,142.5117,32.041214,7.3526
8855311,142.69757,32.700275,9.4813
101593310,159.4494,32.68729,7.87959
101593317,159.4312,32.73379,9.35052
85334035,167.96559,33.536453,9.88223
9001503,167.73952,33.43014,8.2416
407581929,145.13165,33.310562,9.0284
67363150,154.4924,32.425476,9.43374
8993278,167.48155,32.531124,6.252
67363139,154.40015,32.519558,9.8369
85321988,163.42516,32.07179,9.8514
356669680,162.16737,33.769886,9.05223
356669799,162.08185,32.889183,8.29397
307761800,159.78604,32.301735,9.24953
85334146,168.03741,32.614754,8.40547
165655262,162.64131,32.02753,7.123
307761706,159.7826,32.833214,8.0034
241253962,157.99498,32.185284,9.3456
332172225,138.64836,33.559986,8.8474
101574880,144.03474,32.464367,8.0686
4918314,148.26967,33.307087,8.2011
173002143,150.52327,33.036655,8.0695
357153129,162.23651,32.407623,7.49078
4918441,148.29167,33.897987,9.0912
332172178,138.60353,33.82507,8.2881
101574850,144.09506,32.265263,9.6193
332172536,138.61606,32.084663,8.1131
155209437,145.11923,33.999687,9.3156
321318080,162.05977,33.062218,9.5378
4918336,148.27814,33.397205,8.4524
356471944,157.33508,32.00852,8.9266
8967301,167.17061,33.871952,8.33167
8993235,167.46213,32.8519,9.35712
233637972,156.39285,33.308155,7.5308
233638056,156.42548,32.760532,6.5074
85284310,144.54384,33.5973,7.9901
249667150,162.35321,33.35436,9.7046
173006404,151.11278,33.955826,9.7386
8915215,143.88347,32.41257,9.798
85284271,144.45859,33.87088,9.3046
249667227,162.4137,33.88668,9.8103
166655583,166.45714,32.154823,8.2421
139382028,139.35687,32.72229,9.3282
139382082,139.28146,32.498077,9.6082
85322180,163.41438,33.87309,9.9704
139381860,139.32469,33.50078,5.97028
321317994,161.93245,33.589592,7.7555
160345149,156.03586,33.71853,4.48605
302652923,152.01917,33.5165,8.7725
233637988,156.41328,33.19692,9.583
8794376,141.81769,33.253,9.1238
172954452,150.1892,32.850945,9.4534
160345883,156.10014,33.659904,9.0642
139382069,139.32964,32.562122,8.5865
407612784,157.79759,33.89251,9.9221
172954615,150.1939,33.827274,9.61834
241259471,158.00969,32.23515,9.7929
241263141,158.4942,32.513012,8.7358
4916899,148.12018,33.78615,9.2257
8885920,143.43803,32.53416,8.9953
8885035,143.18425,32.146408,9.15187
407590949,152.1244,33.514603,6.8747
357152261,159.98381,32.739975,9.23852
8767417,140.14478,33.76053,7.9998
307906962,140.79356,32.92101,7.1372
101623998,163.47313,33.68438,9.66527
166646579,165.83665,33.41438,9.90258
356668758,161.54118,32.67752,9.4978
8901265,143.73544,33.678688,9.1482
330797438,161.4419,32.078457,8.5115
330797473,161.5094,32.332348,9.5512
160333047,155.77637,33.908142,5.7706
8854092,142.49628,32.896282,9.39313
330797449,161.37083,32.160854,8.53585
8852962,142.43367,32.74799,9.62244
8901550,143.81413,32.092228,9.4432
356668671,161.51225,32.267998,9.9727
9002393,167.94861,32.41698,9.26848
160333101,155.85376,33.559628,9.9001
8900360,143.67656,32.83615,9.8504
407581932,145.20052,33.32969,9.8629
252962706,151.31532,33.229088,7.6572
407612002,157.62407,32.942997,8.7893
173007118,164.72472,33.316948,6.9861
173008159,164.86543,32.96091,9.0995
8818194,142.27766,32.298405,8.8943
8864780,142.77628,33.15657,9.8461
139415635,153.8463,33.95291,9.8994
139415643,153.92197,33.97817,9.9636
173007360,164.67567,32.009785,8.8442
160332134,155.70482,33.016457,8.4877
8818213,142.23666,32.409695,9.8802
139415371,153.85437,32.32393,8.4732
173007080,164.59409,33.543705,9.7922
165731043,164.56465,32.150345,9.72
165655432,162.68777,33.029896,9.5323
307762670,161.69147,32.376083,7.8726
307762894,161.70427,33.55969,7.3383
4994720,160.79695,33.363487,7.5119
8718706,138.32114,32.172672,9.7965
67391972,154.59767,33.244408,9.6097
8744441,138.52707,33.076473,9.9256
4822669,146.09138,33.40845,8.7276
101594086,160.21846,33.647766,9.95262
172953147,150.10527,33.967632,9.51435
172953177,150.15875,33.745464,9.3853
4754212,145.82007,33.782345,9.5255
4990885,149.54378,33.02881,7.80909
165686159,163.17125,32.988758,6.69509
85286855,156.57256,33.309124,8.3358
85286844,156.50764,33.208305,9.9933
8916237,152.30591,33.340046,9.2544
8744313,138.44391,32.723873,9.2967
139401282,139.62714,33.013824,9.6042
165685121,163.01732,32.628635,6.2882
8916274,152.28838,33.20012,8.1468
349853336,156.88809,33.04152,7.0797
85286708,156.57924,32.13742,9.9642
4990883,149.59137,33.02931,9.28932
160346000,156.1393,32.96472,9.7132
85286908,156.47841,33.79612,4.4737
4956893,148.59486,32.256893,8.2696
4956963,148.53984,32.612118,8.77836
8770693,140.54913,32.650467,8.0281
8793230,140.74352,32.559216,9.7141
241265312,158.7714,32.995678,9.6198
241265202,158.72841,32.37493,9.5568
8817307,142.14894,32.390903,9.4874
159990928,158.9868,32.085056,9.8053
159991065,158.96765,33.09971,8.9237
8817156,142.11455,33.238323,9.9401
8793203,140.6788,32.472008,8.5991
8793379,140.70137,33.38239,9.8821
159991081,158.85223,33.213326,9.6109
165686325,163.1827,32.25383,9.5581
139379358,139.02217,33.907776,8.9465
8768331,140.29716,33.254036,8.9579
8768410,140.30847,32.83749,7.8532
67398572,154.92657,32.01539,8.331
8769568,140.36325,32.902157,5.2334
4894471,147.7104,33.871323,9.6829
8768547,140.2196,32.161488,7.9858
4895357,147.78839,33.26364,9.6422
8768475,140.23404,32.47794,9.5521
8768490,140.23848,32.38882,9.6961
67398550,154.95572,32.124268,9.89531
67439213,155.33124,33.4723,6.99473
8687801,137.81522,32.922905,7.9545
241261073,158.1664,32.067043,9.5894
241261152,158.18695,32.654716,9.4642
4958203,148.75606,32.964966,8.9525
67439158,155.29478,33.828403,9.8954
4958268,148.64095,32.682686,8.6749
241261343,158.1592,33.802982,9.5855
173002073,150.55202,32.64364,9.8404
332172181,138.56067,33.816917,7.7363
101576089,144.18216,32.12272,8.3617
368435919,159.59198,32.008743,8.33731
368435991,159.5564,32.577858,9.55223
321317991,162.0535,33.59576,9.99621
5011056,161.03342,32.503986,9.6677
155209343,145.05576,33.42341,9.6401
332172237,138.5794,33.48911,8.01113
4918205,148.22708,32.7647,9.4251
8942887,153.31258,32.75419,9.9316
173032581,165.37798,33.373272,9.84346
4994906,160.68921,32.068203,9.2861
4993978,149.96187,33.74226,9.20024
139402409,153.56175,32.824837,9.4202
233638129,156.37006,32.262016,9.92612
166657329,166.75021,32.58284,9.93839
8915245,143.94356,32.607697,9.4247
356491111,157.34506,33.835743,9.9669
101594118,160.21344,33.376118,9.7656
85286165,155.61089,32.166435,9.73129
4822736,146.00659,33.716503,9.62805
67391773,154.52498,32.1331,8.1221
85284459,144.53348,32.401318,9.28347
165654220,162.62871,33.788574,9.30328
4822667,145.97586,33.394283,7.90375
4993761,150.01883,32.274296,8.8394
8795693,141.9457,33.27872,9.1728
173004271,150.80447,33.245373,9.89617
331945406,151.75189,33.58807,9.1326
331945470,151.7653,33.998615,9.99046
407587423,151.6277,33.531715,9.11202
8795646,141.90913,32.995426,9.6449
160332085,155.66048,32.815567,9.8864
331945434,151.78873,33.744473,9.9114
8793424,140.77643,33.653694,9.67896
67398302,155.02599,33.499237,8.2214
8865882,142.94371,33.04931,9.3717
407611996,157.70471,32.923218,8.1779
160332187,155.71101,33.282448,8.38293
407612001,157.64632,32.942513,9.118
8688909,137.84782,32.753536,9.3742
8688950,137.83923,32.943726,8.5993
139415376,153.9046,32.357357,9.50497
8865724,142.88853,33.97176,9.6771
8688981,137.96565,33.08468,7.1078
8688825,137.89166,32.35312,8.8136
8688784,137.84387,32.146236,9.0953
139380669,139.15027,32.177013,8.3317
302652930,152.06874,33.486526,9.79322
321318045,162.04305,33.26237,9.58202
8794459,141.87286,32.916473,9.82586
8794353,141.87645,33.351307,9.9074
8716321,138.01144,33.0068,8.8981
4844283,147.153,33.73176,9.9645
67399351,155.19136,32.39842,8.4833
165685226,163.0096,33.04392,8.2026
330797503,161.44394,32.59733,7.00062
85292042,156.71701,33.8912,9.02224
85292212,156.72296,32.26849,9.9391
4992019,149.6091,33.619343,9.3256
4988860,149.2025,32.599937,9.9231
407617333,161.90134,32.589973,9.5056
4991978,149.7327,33.386494,8.2726
4992053,149.68112,33.83331,9.3071
4992932,149.79575,32.43895,9.1113
4988800,149.28705,32.9689,7.5855
4991862,149.68866,32.585415,8.8925
4992808,149.77354,33.291336,8.1246
4991970,149.6619,33.33407,9.0964
241264193,158.62947,33.460068,8.4318
241264235,158.69391,33.135452,8.818
241261380,158.21579,33.959774,9.9779
139367704,138.88823,33.101753,8.9135
349853415,156.9253,32.503983,9.9942
4971545,148.88098,33.963665,9.73528
4753884,145.72935,32.26476,6.8581
172953235,150.12943,33.437637,9.6979
160346953,156.25494,32.445637,9.3624
8916239,152.30058,33.33351,9.35426
139366354,138.69583,33.394382,7.8001
67398293,155.01028,33.554817,7.5406
8769443,140.41422,32.26424,6.67655
249667011,162.46307,32.507225,9.4311
8718407,138.29169,33.894512,9.26012
139366477,138.70055,32.74764,9.69287
8717619,138.15628,33.600227,7.528
241185786,141.71289,33.058662,7.81538
4991831,149.66371,32.385956,9.36666
4992698,149.75507,33.99892,9.97538
4992980,149.79573,32.090355,9.8885
801534180,139.60797,35.36408,6.37402
801534181,139.60846,35.364403,6.56798
840577045,159.39122,34.75882,8.9093
4995807,160.92566,34.04556,8.184
349853088,156.9664,34.635616,9.274
139400807,139.60797,35.36408,6.37402
85320853,159.39122,34.75882,8.9093
471011174,165.83423,35.97053,7.49
289714543,145.52269,34.265137,9.941
166646191,165.8341,35.9699,5.697
241258109,158.04776,34.982323,8.47398
840670569,143.91283,35.810024,9.9753
353969903,165.8343,35.96975,5.652
4820917,145.8394,34.93499,8.8129
252963435,151.46974,34.20101,7.6843
166649851,166.22206,35.81467,8.583
166648215,166.0033,34.881123,9.5165
166648293,166.10225,34.353252,8.4091
166648317,166.00983,34.223545,8.5344
166649935,166.39015,35.408558,9.7924
8992976,167.42067,34.377052,8.8013
8243800,157.3043,35.87055,7.803
368413438,157.24394,34.86326,8.0981
252963356,151.5613,34.686687,9.4146
165691710,163.94638,35.071392,8.5232
165717028,164.13428,34.65981,8.7696
165717201,164.21312,35.922283,9.8862
302652641,152.06935,35.335743,8.8117
252963306,151.4544,35.002365,6.3635
252963431,151.46602,34.25205,7.7695
165717298,164.26942,35.198307,7.6304
4842452,146.92831,35.970776,8.2419
139416182,154.05258,34.400837,8.4369
8992563,167.3223,34.68401,9.415
8992825,167.49678,35.191563,9.8786
8992668,167.26639,35.513737,9.8299
368434613,157.51439,35.03469,9.9656
166648304,166.12607,34.304203,9.9452
166649819,166.22565,35.584312,8.83627
4842699,147.03322,34.426605,9.31611
165730489,164.36423,35.838837,8.58895
139425856,168.8284,35.418877,8.9005
139452295,168.90408,35.845737,7.4536
165717367,164.17784,34.73008,9.57915
39126438,152.14201,35.923805,9.59282
165716967,164.12733,34.20513,9.95604
21536182,164.82423,35.95817,9.86567
85321185,163.32785,34.214905,2.8936
8816484,141.90163,34.80347,7.9067
4752403,145.58232,34.32512,7.3421
166646282,165.73027,35.389244,8.7347
9002783,167.92085,35.14241,9.4821
307908543,141.04903,34.818127,9.0303
356644591,161.2863,35.27595,9.2735
8921857,152.71057,34.472847,9.1424
8921933,152.772,34.84568,9.0202
67397824,154.83002,35.476055,9.9315
356674393,168.74425,34.61306,8.71033
144294964,169.70172,35.489365,5.7128
4892654,147.5433,35.575348,9.95
8765229,139.89798,34.497597,8.65469
4892229,147.4114,34.108257,9.33464
4892306,147.38284,34.556664,9.57406
4995862,160.88477,34.509865,9.63535
407589461,151.85735,35.244698,4.3201
4995808,160.92555,34.0469,9.07214
4837545,146.3899,34.937183,9.14879
165691307,163.84436,34.04363,9.6701
4840255,146.7559,34.38443,7.7332
8770172,140.55731,35.577446,7.0632
160345243,156.02534,34.19322,5.5606
101593512,159.46777,34.078625,5.2577
85335219,168.1845,35.83013,6.32198
8770294,140.56863,34.829685,8.3482
16850175,158.73419,35.953663,9.3253
4839876,146.61354,35.91074,9.4115
4839679,146.54854,34.9094,9.3362
173044741,165.69266,35.409122,9.96984
4840178,146.77466,34.663998,9.8869
173044603,165.63521,34.342438,9.6312
8770235,140.53044,35.17575,9.9935
4837686,146.39285,34.511898,6.8549
101577342,144.41974,35.207985,9.4034
173031041,165.11789,34.46541,8.7294
8965316,166.94388,35.080166,9.9144
144296498,169.89685,34.798763,8.7874
85335035,168.09659,34.275574,7.7001
85335092,168.0947,34.78466,5.93732
4842196,146.94054,34.627613,9.3825
85333879,168.01094,35.006752,7.7272
4842387,146.91794,35.572422,9.92
4892595,147.59036,35.873505,6.0914
8794064,141.89668,34.886284,9.232
8768124,140.26378,34.392567,1.725
173032998,165.48328,35.30184,9.998
5012300,161.1829,35.620636,9.297
165691404,163.83675,34.751747,9.6321
8884093,143.10406,34.52324,8.6601
4896785,148.0386,34.083145,8.0966
4896846,148.03738,34.391434,8.1547
4897192,148.12553,35.524624,5.2328
4916754,148.1649,34.553234,9.652
8884391,143.22221,35.628353,9.7368
4836905,146.37798,34.054787,9.7052
4897155,148.08414,35.759525,8.8361
357130974,160.02188,35.49251,7.491
407582270,145.19003,35.11519,9.9001
67362836,154.39839,34.417145,9.4261
8865471,142.88504,35.10327,3.8601
8865707,142.93254,34.086422,9.4491
252962955,151.40237,34.690067,7.0817
8818734,142.3015,35.14983,9.9884
8818844,142.18503,35.74622,9.5956
8865614,142.97833,34.507496,8.8157
16246342,153.66779,35.900284,8.6433
173008489,164.75414,35.13367,8.3288
8818911,142.45009,35.61951,9.258
252963146,151.36786,35.867996,9.4686
14899840,159.87468,34.478195,9.6114
407612365,157.7045,35.31934,9.1714
8920160,152.60638,35.651928,9.2696
458690359,157.05159,34.55606,8.4925
173006846,164.70267,35.0542,9.9159
252962873,151.3098,34.167618,9.7982
4972011,148.98633,35.494595,9.1412
4837448,146.4521,35.421486,9.0774
8855039,142.71234,34.210934,6.0177
8854965,142.61902,34.582203,8.5957
101615620,160.29272,34.688313,6.1878
8854991,142.64528,34.458717,9.8454
101615820,160.46065,35.74272,9.41252
139452459,168.96373,34.607315,7.9403
307914512,141.3168,35.409973,8.6247
307914931,141.36975,34.23479,9.1713
8865593,142.88417,34.56545,8.6248
166656346,166.67169,34.349285,9.8846
349827584,156.9133,35.28272,9.7348
349853089,156.96652,34.634293,9.9046
356668996,161.60924,34.132732,7.4966
4990288,149.45654,35.124523,5.5496
159991619,159.09654,34.895832,7.6188
8900587,143.6071,34.299866,9.6394
4990394,149.35445,35.7941,9.648
4996038,160.82744,35.6769,9.8447
172955008,150.32568,35.580162,9.4487
8900935,143.77821,35.60707,9.9499
8901108,143.81784,34.613983,8.9763
159991502,159.11267,35.612324,9.4727
307914733,141.43903,35.268635,7.9621
4823446,146.1881,34.971127,8.42508
307914753,141.40372,35.15226,7.4161
166656385,166.60768,34.075676,9.9713
166656011,166.45671,35.201656,8.502
4823398,146.17818,35.244465,9.37653
8992874,167.43565,34.908005,8.8465
101615972,160.51558,34.51227,9.8869
307908498,140.96013,34.54817,6.1882
307908841,141.1252,35.474632,9.4924
307908856,141.06416,35.315414,8.381
307912464,141.08784,34.342957,6.8241
307908784,141.16934,35.76792,9.7259
165730618,164.498,35.15992,9.4094
356669419,162.19208,35.14825,9.6802
356669434,162.17477,35.066814,9.4915
407617855,169.33344,34.84397,8.063
8965356,166.85817,34.842987,8.8999
85287304,156.66054,35.074112,9.7512
8886706,143.56137,34.81116,7.0791
101575128,144.06477,34.01717,7.7536
4919027,148.4042,34.983814,5.6705
85320771,159.34315,34.177483,8.7657
173031531,165.17967,34.082714,9.6505
173032721,165.41205,34.479404,9.7452
407612526,157.83385,35.43673,8.687
139381342,139.1501,35.654118,8.3737
4994517,160.7953,34.765163,7.619
160345646,156.16052,35.006565,7.7436
160345788,156.09247,34.176403,4.5237
4844620,147.22144,35.639835,9.5092
139381410,139.35307,35.880783,7.2354
139381457,139.2812,35.65714,9.5078
8794021,141.88818,35.119076,9.893
8917686,152.51476,35.809753,8.0003
4844773,147.34134,35.521526,8.0824
165686992,163.74242,34.0348,4.84007
85320926,159.33144,35.57235,8.1056
4918591,148.21237,34.520218,9.5621
101575737,144.21985,34.106842,9.7458
173008574,164.81673,35.712917,9.6885
302652792,151.98459,34.40685,9.9311
356684852,169.10854,34.58935,9.2218
407582131,145.2352,34.375313,8.80274
67362770,154.39835,34.80968,9.95988
165655947,162.78358,35.838573,9.08
101623953,163.54384,34.131336,7.881
9001027,167.55357,35.33512,7.8589
407582533,145.34924,35.113495,8.76629
407582479,145.2623,35.5007,9.4627
241265501,158.7432,34.212208,9.4539
4837293,146.31921,35.73578,9.0863
4897275,148.16054,35.111656,7.6474
8884105,143.14322,34.608112,9.9635
321317577,162.03963,35.83074,9.61251
407612178,157.71814,34.142906,8.82543
160332823,155.77208,35.217613,6.9203
165730685,164.45,34.626495,8.7597
8865143,142.7949,35.10989,9.2542
8865332,142.97743,35.7872,9.3361
8865387,143.01854,35.5237,9.52657
8865637,142.94836,34.40633,9.0863
252963115,151.30392,35.644173,9.73419
252963369,151.53233,34.610413,9.40109
8818508,142.28079,34.01684,9.63587
8917655,152.53157,35.62421,9.4232
8920135,152.62582,35.85337,9.9294
407612309,157.71732,34.96895,9.93143
14899710,159.95282,35.579605,9.70771
233637693,156.43718,35.425426,5.57409
8915600,143.93826,34.780743,6.83069
8915782,143.90324,35.73032,9.255
85284178,144.49794,34.59851,9.6569
144294897,169.71634,35.93684,7.9725
4994189,150.01485,35.089954,8.8307
144294781,169.53899,35.16978,9.9677
144294994,169.75067,35.216427,9.9894
8915744,143.92085,35.516464,9.369
144294898,169.73712,35.899136,8.6631
4754779,145.92784,35.234207,9.9894
67392110,154.64424,34.133556,9.526
67392275,154.62154,35.078415,9.7455
8278022,162.60031,35.945328,9.844
4754561,145.69101,35.505882,9.2239
368413434,157.21413,34.885674,7.2762
85335198,168.2,35.72886,9.30523
85335212,168.1348,35.81408,5.8327
85293053,156.8379,34.391033,9.3523
85293245,156.85898,35.943413,8.87023
9375587,150.89561,35.954365,8.64452
101593628,159.54771,34.86555,9.14424
4840019,146.74466,35.36418,8.8083
4840058,146.7598,35.219337,9.4417
8967175,167.14075,34.717216,8.56431
8967242,167.23296,34.303192,8.3662
101593706,159.4568,35.494087,9.1972
8770267,140.57433,34.996765,9.08856
307763092,161.68439,34.731236,5.8943
356669254,161.515,35.69273,8.9099
165654178,162.51643,34.008507,8.133
4821063,145.9282,34.097176,6.2095
4822976,146.0648,34.72074,5.9206
356491263,157.43906,34.8275,7.0411
101593802,160.14539,35.723305,7.13179
307908665,141.03455,35.522964,8.35118
307908713,141.01012,35.740326,8.7833
407591082,152.17975,34.242264,6.6898
407591120,152.19511,34.47707,9.16427
8921849,152.8007,34.414616,9.30381
4752246,145.67809,35.093372,5.7533
4752264,145.63042,35.00833,7.7322
8920392,152.59421,34.130356,8.21604
8765533,140.06055,35.631218,8.95319
8765649,139.99954,34.940372,9.4298
173005025,150.89485,34.024315,8.67685
8262528,162.32013,35.905983,9.47916
8922076,152.78445,35.8634,9.35884
4752394,145.55937,34.35461,9.9409
166646236,165.73486,35.67702,8.4844
172955028,150.34793,35.497322,9.4109
8189472,156.14247,35.942688,9.74627
160332871,155.79254,34.92625,9.5229
160332940,155.82571,34.473843,9.49186
4990296,149.35596,35.16488,8.7849
4996259,160.99529,34.755867,9.0974
172955172,150.31523,34.640053,8.71521
159991577,159.09401,35.122234,8.24328
165685619,162.98982,35.535282,9.262
159991518,159.0795,35.541203,9.7796
159991557,159.05098,35.250744,9.7875
307908535,141.01047,34.796944,8.205
101615999,160.49149,34.282528,8.72407
307908761,141.19629,35.835476,9.4228
307761357,159.75558,34.90351,9.8519
8901028,143.82196,35.04864,9.7532
173004603,150.75337,35.23884,9.5459
173004994,150.91402,34.179104,8.9659
173004645,150.74222,35.449886,9.0757
165685405,162.95319,34.17741,8.5291
165685536,162.93394,35.040047,9.8902
165685709,163.17816,35.710682,9.8115
165685795,163.17648,35.191696,9.8604
139400672,139.45741,35.84537,9.931
139365886,138.76074,35.77304,8.9924
8745431,139.749,35.682465,5.6936
8745536,139.70944,35.11871,9.0478
407591301,152.15143,35.567726,9.72922
8854809,142.6475,35.33043,9.3074
155207590,144.92062,35.91517,8.69277
155207713,144.86688,35.24308,6.6062
101623671,160.63571,35.377686,8.4864
165685931,163.18767,34.321487,8.428
4957392,148.61598,34.771996,7.1016
85287165,156.4794,35.80151,8.903
4957756,148.70667,35.262512,9.9574
85287087,156.56778,35.143486,9.4288
139379197,139.06067,34.69854,8.945
241265643,158.75983,35.132042,9.2371
241265549,158.84612,34.465694,8.5669
407589162,151.58481,34.946556,8.9433
17303925,160.95781,35.879963,8.2564
331945610,151.82362,34.943382,9.4971
241265677,158.80884,35.352962,8.6449
8816391,141.97485,34.227547,9.3593
8816731,142.09343,35.576565,9.8714
173004377,150.8367,34.01937,9.92333
173004425,150.795,34.24756,9.71253
4957376,148.50456,34.67192,9.71119
101623715,160.59183,35.71085,9.44433
85287197,156.65443,35.894924,9.35297
4957901,148.65309,34.601093,9.3123
8770025,140.47043,35.447998,9.214
289705918,145.50839,35.46871,8.95053
289714470,145.46867,34.575966,9.6524
289714471,145.47066,34.574795,8.3535
8941621,153.14214,35.220665,9.38671
4973800,149.11855,34.13222,9.768
172953064,150.12723,34.468094,9.7425
368434546,157.57414,34.651382,9.625
4971733,148.8799,34.983788,9.0581
8765527,139.99854,35.672764,9.8955
8915850,152.36127,35.845932,9.4169
4973889,149.07431,34.63365,8.826
4973980,149.08762,35.326843,7.20016
139400954,139.63255,34.729607,9.9774
160347202,156.19081,34.030743,8.5309
241185537,141.71353,34.46224,8.3138
8717727,138.20706,34.210846,9.53084
4971851,148.84949,35.5702,9.3808
307930240,141.5646,34.57694,9.1305
172952836,150.15189,35.81132,9.347
307930463,141.57483,35.70505,7.5451
8915851,152.31573,35.84025,9.0591
8794099,141.858,34.73113,9.98942
4844648,147.20259,35.742775,8.83114
4845057,147.26186,34.085396,6.992
4994461,160.77878,35.165234,7.84979
139381224,139.22754,35.14912,8.3829
321317802,161.93651,34.63489,9.1439
8794106,141.88132,34.703777,9.21905
4844750,147.26816,35.633553,9.65544
407612752,157.77348,34.07125,9.32224
160345289,156.04341,34.519936,9.9248
160345436,156.0432,35.481148,9.8942
4844726,147.25766,35.723896,9.75432
4918651,148.29306,34.87654,9.7947
101575611,144.15831,34.815212,9.91152
101575264,144.01585,34.82203,9.51913
101575472,144.1597,35.696484,7.6315
101575488,144.22336,35.599354,7.0047
155230105,144.99086,35.335957,6.4084
357153520,162.34892,34.638832,9.5838
321317898,161.93665,34.141697,9.3578
155230171,145.0306,35.765114,8.80716
85320895,159.28636,35.154224,9.60171
8965068,153.3138,35.18551,9.9781
85283994,144.55482,35.814648,9.2137
307763129,161.7129,34.91484,9.9405
356669238,161.64914,35.601486,9.8973
307763102,161.74066,34.791367,9.54116
356669124,161.63396,34.912132,9.2881
356669242,161.56258,35.639904,8.52219
39064914,138.90001,35.98129,7.1144
241261618,158.23906,35.382397,7.9277
67399961,155.27522,35.710537,9.7141
67399990,155.31194,35.55002,8.7722
165685786,163.16742,35.221405,9.64292
241263518,158.48276,34.791203,9.52601
139365965,138.81621,35.385395,9.6858
160347291,156.23285,34.541733,8.6829
8767674,140.13976,35.118618,7.7364
144310776,170.37347,35.645496,6.9907
85293407,159.19244,34.85325,8.0751
144310793,170.45836,35.782066,9.8412
241265750,158.76509,35.9378,8.80973
173006588,151.14166,35.103374,8.58881
139413914,153.61278,35.90522,9.03865
173006499,151.07773,34.497906,8.4055
144294818,169.50201,35.44495,7.5446
241265725,158.78175,35.749336,8.63892
233637763,156.33095,34.887527,9.76915
233637769,156.40518,34.84777,9.74665
8915752,143.95235,35.56189,9.90716
144295030,169.70392,34.99336,9.92327
4894611,147.70502,34.62098,9.4539
4895029,147.88097,34.973602,8.8098
4894899,147.89285,35.621033,9.9585
8915802,143.9146,35.810135,4.7133
241265642,158.77324,35.129215,9.11752
331945639,151.75098,35.120842,8.531
139368229,138.81967,35.872646,9.04218
4994249,149.97765,35.476074,9.58811
407589068,151.6934,34.35399,8.45026
8793663,140.72884,34.870564,9.7839
241263967,158.65202,34.684566,8.8228
4973830,149.0433,34.282364,9.73481
407617899,169.35046,34.5022,9.54261
241261390,158.21385,34.055744,9.3966
241261477,158.24724,34.5137,9.25931
241261831,158.3788,34.988697,5.54531
330797970,161.4933,35.563927,9.30216
4754328,145.70949,34.360523,8.1885
307930330,141.48125,35.02203,8.5084
368436399,159.67383,35.426083,9.8149
4971740,148.86578,35.002483,9.8666
8768120,140.31345,34.438484,8.64517
85293276,159.19327,35.75761,8.26533
8768025,140.29918,34.947704,6.9736
8767865,140.33623,35.75372,9.28602
8768086,140.27261,34.610615,9.16171
85293265,159.18428,35.826748,9.44655
368413282,157.2456,35.967213,9.32
900123318,165.44058,36.67833,7.0327
450298422,143.03685,37.103973,8.17
840781626,140.24368,36.71944,9.4824
840781627,140.24323,36.719276,8.8992
840678774,143.44978,36.566994,9.3053
840782169,141.18387,36.71328,9.8238
840782170,141.18442,36.713196,9.5565
840591199,156.38531,36.782944,9.9383
840591201,156.38591,36.783092,8.7213
840688044,147.41997,37.56399,9.6711
67646689,147.66423,37.524864,8.758
188510941,143.44978,36.566994,9.3053
372681398,141.18442,36.713196,9.5565
156805536,140.24323,36.719276,8.8992
8191654,156.38591,36.783092,8.7213
17258857,147.41997,37.56399,9.6711
21547761,165.44058,36.67833,7.0327
840602618,157.81036,37.124138,9.3384
67647085,147.7889,36.48908,7.304
840599827,154.58919,37.50835,9.6564
8244128,157.28816,37.184452,8.81638
8247104,161.56053,37.68279,9.9649
8244452,157.32971,37.93976,9.6838
8244010,157.36255,36.73115,9.2073
8244455,157.39711,37.958317,9.76377
8244459,157.40143,37.95957,9.96146
8243959,157.35715,36.529057,9.5732
502170540,168.76276,37.57855,7.6581
355176431,139.8436,36.97793,9.9485
355176716,139.8737,36.29321,9.7022
355176628,139.79521,36.47686,9.6611
302633526,147.9269,36.595932,9.5274
302633442,147.86159,36.327164,9.40932
8200881,156.9709,36.707275,3.382
39143349,168.76294,37.57864,7.2099
450325659,159.6668,37.102173,8.4786
353933528,157.71056,36.479366,7.9297
353968239,157.84598,36.59399,8.0304
353968339,157.81013,37.124332,9.2424
353933461,157.6464,37.03501,7.1992
321441912,164.60454,37.031254,9.4945
17933910,170.53053,37.081165,8.989
16813319,142.14078,36.160725,4.9422
99271064,169.68214,37.946217,9.309
8262242,162.09796,37.5703,7.2467
8262455,162.14227,36.29286,6.0179
17299955,160.37611,37.853443,9.5333
353968109,157.66273,36.119137,9.08576
450325635,159.54811,37.241703,9.94625
353933310,157.66573,37.96009,9.9123
321442046,164.5025,37.865765,9.8045
88661126,157.91307,36.21219,8.5105
8200825,156.87057,37.093224,9.1488
39126638,152.11868,37.277977,8.8839
17300087,160.38377,37.071507,8.259
21536081,164.87445,36.516674,8.3887
21536151,164.88661,36.0931,4.09035
353968091,157.6502,36.273483,6.544
8243541,157.17532,36.771362,9.2331
321441911,164.60637,37.02871,8.086
67665381,148.66103,36.089985,7.0242
39143373,168.7397,37.362087,9.6034
450303460,143.78223,37.850403,9.6889
99271385,169.61888,36.053017,8.3286
321440865,164.162,36.8548,9.0081
21547944,165.65948,36.336807,7.5538
9428596,168.0617,36.892704,6.6072
39140095,168.17448,36.875576,9.1461
39126499,152.0965,36.275513,8.88871
21535902,164.89339,37.65064,8.90798
17300219,160.32637,36.171318,9.81655
9375596,150.95065,36.05032,8.51432
88659496,152.51122,36.42801,9.8383
16808156,142.169,37.397808,8.5789
16813182,142.20163,36.879734,9.3318
16850117,158.53326,36.282433,8.9965
16813482,142.38043,36.501747,9.9649
9375496,150.8014,36.48876,8.3192
88659426,152.6161,36.00702,9.2881
17238981,147.15355,36.183746,9.1886
17970566,170.76216,37.945538,8.9593
16808140,142.16356,37.4825,9.6207
16813290,142.17387,36.26587,9.5878
16813567,142.39261,37.075798,9.5705
16813598,142.41553,37.175957,9.8067
450333130,169.0174,36.929005,8.2475
450329698,163.85582,36.144764,9.7769
17235210,146.55573,37.0303,9.5757
21450912,148.7407,37.840397,9.7322
8153514,155.43117,36.531506,9.1003
21499194,148.75182,36.668034,9.7624
17141556,144.42938,36.341187,8.5837
450323939,159.52106,36.457745,8.0973
450324122,159.52402,37.588345,9.521
99255314,169.33415,37.387936,8.9117
88648913,141.41231,37.88893,7.7567
372681556,141.16461,37.46217,8.8143
372711513,141.33772,37.253593,7.7994
21450897,148.83208,37.944046,8.9715
372711665,141.3569,36.469753,6.6175
39124790,151.75436,37.548946,7.6163
8116551,154.50287,37.634953,9.7565
21542977,165.31577,36.066013,8.0914
21543070,165.25903,36.651,9.055
17933591,170.39958,36.786705,9.10614
17933482,170.41835,37.5229,8.4726
21549405,165.80278,37.787373,8.9558
17304162,161.06845,37.497746,8.1103
188510791,143.44989,37.334465,8.9021
188510861,143.47849,36.95686,9.0311
188510956,143.37651,36.48695,5.1116
188510725,143.36653,37.750954,7.9817
188510806,143.39087,37.22716,9.8938
450331345,164.69588,36.718998,9.9529
8262680,162.26387,36.81848,9.9177
17301861,160.60255,37.335167,9.3489
188532642,159.27296,37.228405,7.0277
9391214,167.551,37.17288,9.7113
9428242,167.85468,37.69831,7.6332
18016636,171.66623,37.725033,7.2959
21499217,148.85834,36.53723,9.8782
16779926,141.60704,36.08475,9.8794
8262827,162.37093,37.667362,9.3506
309588391,166.52094,36.489555,9.6488
18017180,171.74763,37.431293,9.1742
17144117,144.82321,37.986046,9.2787
415759712,163.92502,37.330044,8.9184
17143482,144.57648,37.10483,9.869
16780067,141.8266,36.486073,9.9173
18017198,171.70787,37.492954,9.6376
8191318,156.28845,36.83574,8.9216
8191276,156.35008,37.028564,7.9193
8191418,156.37737,36.20455,5.82071
353931779,157.5023,36.020733,8.9009
353931858,157.5663,36.60173,8.4663
372681649,141.23134,37.9431,9.9239
188532525,159.28929,36.561604,9.88159
353931785,157.57161,36.059986,9.6262
8153770,155.52164,36.923542,9.1831
450325860,159.71722,36.015533,6.9928
17992510,171.03806,37.71818,7.4412
67665225,148.45856,36.488323,9.7517
67665461,148.6259,36.618946,9.6777
372681076,141.00662,36.697083,9.5685
17302153,160.76077,36.181034,9.3755
17302185,160.79115,36.4705,9.6295
372711742,141.3543,36.14778,9.4686
450303305,143.77486,36.9615,9.3224
450300565,143.28159,36.060356,8.8521
8197107,156.51068,37.885166,8.95376
8191424,156.28963,36.173817,9.85236
9377142,166.90303,36.78501,6.75543
9377161,166.97804,36.669754,9.8518
9378570,167.22443,36.94179,9.3446
9378824,167.3295,36.309383,3.28413
372715094,152.20206,37.748207,9.5051
9378532,167.24323,37.316425,9.4207
9378624,167.27171,36.471554,9.6649
9378791,167.39944,36.225243,9.7148
9378888,167.39006,36.7052,8.9157
9379027,167.38431,37.936714,9.558
17258500,147.36855,36.747387,5.02948
450331528,168.94403,36.38195,9.1033
17929763,169.86275,37.881264,9.4431
801604587,139.71036,36.802074,5.6243
8191660,156.50151,36.812473,9.6945
17189644,144.90193,36.76397,8.9011
361978239,164.31648,37.380375,9.5547
17931858,170.08289,36.066235,9.5451
8173113,155.77524,36.368855,9.5076
67647141,147.68109,36.847416,9.3789
17931926,170.27435,36.172085,9.0142
17258907,147.4217,37.863575,9.3569
16246586,153.74265,37.143997,9.8293
21548078,165.66664,37.159344,9.97318
21548045,165.53467,36.981632,8.12294
16815550,142.71587,36.197987,7.8244
8198783,156.6184,36.22768,6.1412
8198948,156.75598,36.431854,6.229
8293280,163.26604,36.653698,8.0914
9377261,167.14899,36.010834,6.4824
17992993,171.17122,37.056126,8.0934
156888959,140.72865,36.5988,9.7726
156889342,140.79655,37.388046,7.808
8198488,156.59482,37.753586,8.75864
17993130,171.18317,37.97498,9.8869
8308484,163.51982,37.711205,9.64227
99255335,169.38611,37.24862,9.9998
9361610,150.59201,37.205585,9.7563
17141600,144.45084,36.594173,8.27675
99269623,169.49889,36.890846,8.5514
156888901,140.69147,36.86376,9.7411
156889184,140.80702,36.46956,9.406
8198494,156.6053,37.734592,9.4762
99255305,169.3382,37.445538,9.7118
16815126,142.48807,37.960464,9.2316
39124353,151.61162,37.034584,9.7569
353970046,166.02733,37.05077,9.5367
450333023,168.98491,37.64314,9.38783
8293052,162.98557,36.5575,9.0006
67652931,148.30328,37.25038,9.8142
17235290,146.50204,37.486073,9.75433
17194103,145.51488,36.767952,9.7599
8073258,153.87892,37.38175,9.6481
8113339,153.91554,36.122208,9.2239
188510980,143.47356,36.328934,9.4917
17300474,160.45987,37.226803,9.59058
188534153,160.09833,37.470364,9.8675
17236713,146.74765,37.660732,9.3795
17932134,170.23631,37.544983,9.8796
9361297,150.42671,36.729206,9.5719
9375829,150.95056,37.504475,9.32947
17141735,144.46323,37.422882,9.697
16220855,153.40013,36.33275,8.2595
21543046,165.24725,36.538605,8.1757
17933846,170.47897,36.720776,9.37976
17194105,145.52605,36.74879,9.7832
450297919,142.98448,37.159843,8.2106
188511164,143.50507,36.422115,7.2037
188512321,143.89853,36.880173,8.1954
188512323,143.85838,36.881165,8.3277
16876897,158.93678,36.26498,8.8787
188512226,143.87827,36.291546,7.2864
188511154,143.55576,36.39756,3.7551
450327464,159.96072,37.839073,6.74918
188511088,143.62207,36.063538,8.7783
188511130,143.5708,36.24948,9.6453
188511411,143.48303,37.840755,9.8317
188512301,143.93138,36.786274,9.6753
16246367,153.71492,36.052128,9.6056
17189826,145.06314,36.105183,7.3631
9377318,167.06096,36.454647,7.6738
9377492,167.09497,37.98869,8.27614
17933911,170.52946,37.087543,8.7396
16849880,158.5771,37.832237,9.5389
88659428,152.50134,36.02987,9.98066
9375296,150.73363,37.89342,7.83573
9375442,150.77422,36.851234,8.54764
17238703,147.03748,37.39795,9.42773
450329988,164.36656,37.648457,8.60445
16813222,142.23698,36.672626,8.62629
88659640,152.62209,37.523422,9.18024
415759752,163.95161,36.910324,9.33478
8293020,163.01161,36.73947,9.6514
8199167,156.80608,37.66557,9.22694
67653023,148.41013,37.773205,9.9728
16779855,141.67168,36.457455,6.56
8262832,162.30289,37.69729,9.025
17301908,160.63292,37.070488,9.7361
17302011,160.60571,36.519413,8.2103
16780202,141.79897,37.259777,9.21984
8262299,162.12694,37.23374,9.35941
8262736,162.24844,37.17098,8.75772
9391596,167.69069,37.930386,8.68781
16780066,141.82184,36.477257,9.4854
8262193,162.1035,37.935017,9.7277
9391433,167.70364,36.484127,9.9102
8262602,162.22987,36.418655,9.73172
8262645,162.36166,36.61475,9.8276
450300200,143.32074,37.984486,9.53688
17237210,146.91576,37.303944,8.48827
18018478,171.93652,37.938194,6.7581
450298068,142.92665,36.429092,5.5714
450298423,143.03552,37.104095,9.5263
39084211,151.52315,37.19365,9.0786
18018574,171.85367,37.245304,9.6001
450300492,143.30042,36.37011,8.5481
21535147,149.75719,36.514072,9.826
21499553,148.97993,36.922382,9.4168
39084208,151.44315,37.17738,9.2
8258995,161.69876,37.529312,9.6082
450300331,143.18842,37.30704,9.8501
21535038,149.74037,37.13976,8.3004
21535187,149.7154,36.304348,8.9693
8278256,162.60765,37.469765,9.1928
450300240,143.21912,37.796944,9.8699
372681285,141.08615,36.21228,8.1781
17201020,145.71182,36.873642,9.40477
450326064,159.75677,37.215183,9.44972
450326072,159.7246,37.26864,8.2153
67665620,148.61432,37.478184,8.986
16877002,158.98349,36.930767,7.8162
17194018,145.44443,37.265163,7.3625
450326170,159.7818,37.91,5.3188
67665276,148.52058,36.243774,9.4708
67665605,148.71446,37.415085,8.76421
450325743,159.66902,36.566505,9.73533
39141786,168.38531,37.119743,8.90022
17970688,170.70229,37.343273,8.4052
18015224,171.38315,36.863087,8.74501
16876618,158.90663,37.361374,9.8195
17970775,170.64743,36.814423,9.99393
21510993,149.58102,37.673916,9.97057
16246726,153.68674,37.947945,8.08866
361978202,164.24602,37.175335,9.2162
361978305,164.21375,37.71803,9.49618
17122367,144.01782,37.552876,7.5839
67647278,147.82907,37.604416,8.9642
67648169,148.06784,36.300236,7.2397
450298091,142.98473,36.32023,8.40754
17300481,160.525,37.254524,8.9107
17258580,147.30888,36.32048,9.35821
17258548,147.28764,36.529842,7.5203
8308405,163.49852,37.208004,8.56509
17930008,169.78534,36.39414,9.00967
371490379,139.94144,37.127804,8.8526
371490249,140.03027,37.755642,6.63344
321415997,163.72128,36.154552,8.3705
309590041,166.63715,36.689365,7.8548
371490418,139.90096,36.972076,7.4788
156804933,140.05013,37.9382,9.6351
156805602,140.21112,36.958412,8.1082
17124562,144.26268,37.797417,7.616
353932026,157.56317,37.728195,6.6956
353931962,157.51996,37.36171,9.9053
353932046,157.55952,37.830254,9.4778
39072622,139.2964,36.660664,9.8175
156805081,140.09193,37.270702,9.616
17204888,146.07205,37.635567,9.8874
321415744,163.70227,37.65071,9.8524
39072594,139.32822,36.552193,9.5461
21501584,149.32213,36.236298,8.7538
17234715,146.43544,37.905083,8.1564
21501686,149.19772,36.77799,8.1543
16163820,152.7328,36.468124,6.26432
16164191,152.80324,37.4019,4.7649
17202843,145.76723,37.128624,6.2657
16182912,152.95369,37.515987,8.4583
16183129,152.99985,36.2513,6.6703
16183307,153.13708,36.674366,7.6675
16183095,152.94542,36.447063,8.4317
365931332,166.82297,37.30403,9.2195
17192074,145.39964,36.350445,9.9715
17234848,146.3726,37.107628,9.3731
188511144,143.54887,36.354153,8.31119
17238679,146.99226,37.595203,8.80055
450327671,159.90562,36.52011,9.18324
39143771,169.18465,37.39384,8.5793
188512369,143.81357,37.165043,9.95991
372730027,152.43546,37.382946,8.2629
39074815,139.73247,36.03817,9.9962
372729672,152.30486,36.634403,9.3767
372729911,152.42911,36.69244,9.6911
372729706,152.29811,36.3566,8.2674
372730001,152.4336,37.22731,9.5896
155560732,158.4266,37.891846,9.90045
155560932,158.44608,36.595325,9.6743
16221123,153.40143,37.809708,9.856
17328166,161.26198,36.827785,9.88707
8113215,153.83987,36.974426,8.7887
9361326,150.38704,36.51091,7.5861
8117032,154.5888,37.50826,7.99647
8278038,162.53366,36.098072,7.80484
39083933,151.43156,36.45436,9.5769
17190114,145.08963,37.62976,9.4827
156889114,140.86644,36.07319,8.5863
8115401,154.35623,37.881596,9.52281
21499609,148.94026,37.1951,8.43493
16806569,142.00864,37.50777,9.32077
9361165,150.4827,37.743374,8.49639
9361438,150.6035,36.073845,9.93029
9361585,150.61765,37.005894,8.44093
16815204,142.52815,37.553932,9.48656
39085668,151.66364,37.717083,8.82019
17992601,170.97221,37.23483,6.6935
9361535,150.59567,36.65168,9.4982
16815326,142.57692,36.905697,9.6697
39085706,151.62408,37.43055,9.57151
39083818,151.4071,37.09373,9.52854
9359793,150.33344,37.123062,9.46184
39083777,151.37268,37.368103,9.86779
21510395,149.48175,37.40644,9.6294
21510407,149.45732,37.331,9.34726
39083742,151.32599,37.644955,8.70608
9346565,149.91505,36.636063,9.7624
9346876,149.983,37.1086,8.1651
8189593,156.20364,36.81328,9.59145
9346382,149.82614,37.772766,9.1326
88661024,157.98518,37.123318,8.4365
88661229,158.03331,36.244396,8.452
88661444,158.05974,37.919895,9.7898
17303917,160.89783,36.00763,9.5568
17303869,160.90857,36.21002,9.4113
21534967,149.63693,37.556946,9.5258
372681376,141.0937,36.587082,6.48008
8280078,162.8749,36.783543,8.53606
8260739,161.95099,36.912277,9.13141
450298557,143.15793,37.736164,9.88063
450300207,143.25032,37.946774,9.4986
17203175,145.91864,36.41636,9.8189
450298461,143.10765,37.261265,8.3287
450300445,143.31136,36.646797,7.4503
67648436,148.09012,37.91447,6.46492
39074957,139.71103,36.802578,3.9064
155560724,158.46967,37.939495,9.12782
39074475,139.47293,37.492874,9.7762
372729710,152.28838,36.290203,9.9507
372730111,152.33899,37.87616,9.92412
155560929,158.38216,36.59951,9.18177
39074509,139.52989,37.336166,9.4817
39075054,139.6907,37.22735,9.52296
156816640,140.36508,36.54642,9.8664
156816678,140.33942,36.346893,9.95847
156816498,140.34836,37.23813,8.75302
17192225,145.2943,37.14923,9.7328
8260536,161.87955,36.329407,9.58055
365931220,166.84235,36.595715,8.39648
21501380,149.1035,36.60516,9.28367
309588529,166.46928,37.44648,9.80247
365931241,166.75668,36.736546,7.9369
16163967,152.862,36.06596,9.47739
17202716,145.84404,37.756382,9.9125
155559537,158.3218,37.672245,9.48812
17124541,144.33507,37.912224,8.38818
17204923,146.13852,37.451977,9.5977
39072261,139.21303,37.038406,8.2878
321415900,163.68657,36.7588,7.02099
39072287,139.2702,36.915737,9.89726
155559539,158.32115,37.673595,9.41643
39076833,151.00621,36.016197,9.27904
353932012,157.56073,37.678276,9.04129
309589955,166.6641,37.17399,9.12498
155559351,158.18106,36.39576,9.4841
156805394,140.32858,36.106945,9.98537
450323783,159.08925,36.326927,5.8694
17122372,144.06631,37.52931,9.3893
450323508,159.07945,37.87687,9.84011
450323612,159.17952,37.347015,9.2254
9346593,149.79106,36.44208,9.2793
8189752,156.15765,37.71154,9.01888
450323509,159.13646,37.874653,9.1968
17122439,143.99191,37.206512,9.9771
9346576,149.90161,36.565277,9.3687
9346424,149.83417,37.49887,9.9951
900216153,163.60825,38.659557,9.1526
900221222,162.00319,39.74233,5.6813
840784931,140.2474,38.188255,6.2535
840722737,154.63878,39.110497,8.4812
840722738,154.63828,39.11097,9.7594
840791441,140.86954,39.134495,9.1018
840661910,148.98654,38.081726,7.5544
840784932,140.24683,38.188335,6.3844
840716038,149.675,38.887802,9.0977
321415550,163.60825,38.659557,9.1526
21534735,149.675,38.887802,9.0977
8117245,154.63878,39.110497,8.4812
8261239,162.00319,39.74233,5.6813
21499757,148.98654,38.081726,7.5544
156805835,140.2474,38.188255,6.2535
156889749,140.86954,39.134495,9.1018
8244699,157.41243,38.631794,9.1359
8245060,157.31456,39.750122,9.4052
8245065,157.36156,39.768993,8.2342
8245026,157.42535,39.666954,8.5083
17327368,161.29033,39.576797,8.8017
504023465,148.27527,39.33321,9.9827
18027823,172.68459,38.688477,9.2364
355175768,139.80818,38.698734,9.2504
355175802,139.76724,38.59862,8.69191
302634231,147.8958,38.438103,8.7936
18066453,173.05882,39.09601,8.7048
18066347,173.04843,39.638172,9.9487
8261279,161.98203,39.989933,9.9643
302634418,147.92265,38.924175,8.7483
99270773,169.70424,39.925503,9.0405
17934207,170.56876,39.207954,8.939
450333811,173.25247,39.59879,9.2176
450333808,173.30492,39.56342,9.3925
10111078,173.87846,39.89618,8.9259
450325532,159.63379,38.001354,9.9311
450333782,173.2672,39.32167,7.11681
353968655,157.76198,39.020714,6.405
353968699,157.87819,39.309814,9.1805
18066482,173.05367,38.92583,7.66606
18066460,173.13696,39.071747,8.7031
188533872,160.00046,39.253445,9.8006
18031680,172.87506,39.50218,9.0006
450331889,168.93828,38.809616,9.0354
450332049,168.93376,39.71316,7.3985
9390949,167.53369,39.40401,9.9831
17301564,160.62737,39.481525,8.8659
21547578,165.42209,38.008354,6.93865
321442219,164.59705,39.120403,9.9399
8243025,157.17867,38.159756,9.10934
8242775,157.21313,38.956276,9.8782
450333701,173.30588,38.85736,7.2125
450333702,173.20964,38.864456,7.77043
353968667,157.79277,39.113037,9.8732
9376758,166.94382,39.769897,9.5608
155559761,158.28711,39.22156,6.31451
17193821,145.58354,38.35145,8.8468
39141395,168.47824,39.977764,7.20032
155559705,158.25777,38.86828,8.391
67665880,148.68,39.11917,7.9037
21511379,149.55893,39.99034,8.8691
8201577,156.98929,39.002155,8.3252
17302477,160.76164,38.39558,9.1361
155559772,158.27275,39.286522,8.7633
21511271,149.54422,39.28746,9.7355
8201651,157.0152,39.336246,8.8242
39125979,151.90446,38.647987,8.1169
39126848,152.0736,38.764507,9.1258
21535729,164.90154,38.855133,9.743
88660728,157.8957,39.006233,9.316
17259932,160.36137,39.599632,9.36777
21535843,164.8761,38.0012,9.03535
900136419,166.23824,38.410397,8.3616
17971544,170.88081,39.60556,9.1942
17201544,145.69121,39.67191,9.3087
17259176,147.42825,39.55852,9.7354
99255075,169.31119,38.843307,8.4509
450327125,159.95801,39.84834,9.4054
88648614,141.40253,39.69092,8.0078
39124888,151.7521,38.02418,7.54589
39124944,151.84001,38.293205,7.5506
8293606,163.14641,38.334377,7.1806
8263811,162.4119,39.803574,9.31236
8277629,162.41212,38.041233,8.864
9391044,167.58078,38.6664,9.72036
8293611,163.14607,38.398743,9.5259
372711154,141.31917,38.80641,9.98723
8200483,156.92447,39.195198,9.7072
21450650,148.7637,39.2468,8.7175
372710073,141.22557,39.68861,8.8196
372711165,141.27274,38.754665,8.7847
39077460,151.19832,39.66239,9.2992
39125214,151.77914,39.952457,8.2175
450327167,159.89014,39.59192,9.1851
9390399,167.40506,39.956905,9.6744
88648737,141.49594,38.979782,7.7847
88648849,141.41882,38.28164,8.7822
450327203,159.95557,39.40467,6.9099
188534006,160.05193,38.403164,7.0493
17933126,170.37517,39.831707,8.2741
188534007,160.05281,38.401836,7.7789
67652146,148.27524,39.333355,9.0337
21543445,165.33827,39.15862,9.07
21549247,165.79462,38.83712,9.2556
21549345,165.82498,38.14045,9.3678
17934131,170.60896,38.623207,9.4297
17932372,170.2429,39.12337,9.4428
9376923,166.93698,38.487762,7.3299
188510422,143.36343,39.283897,9.2601
188510526,143.44063,38.79399,8.6324
450331147,164.75677,38.262333,8.5323
372681865,141.11417,38.84915,9.3773
372710924,141.27382,39.92932,9.943
39077295,151.18726,38.655766,8.9322
354011231,166.36995,39.427185,9.3848
416858098,142.74066,38.244408,8.2881
416857818,142.82611,39.736115,8.9743
188511574,143.55354,38.58417,9.49938
39139729,168.19136,39.354534,9.47261
9428919,168.0513,39.65486,9.40592
21548274,165.56918,38.41867,9.6403
21548208,165.55927,38.022015,9.92958
39139760,168.16649,39.1502,9.4689
353971065,166.18036,38.95225,8.1151
361978639,164.19058,39.811985,7.5084
353969483,165.97072,38.96095,6.8764
353971126,166.16644,38.538628,9.2415
450332728,169.10257,39.874664,9.4387
353971139,166.23854,38.410553,7.7134
353971094,166.16942,38.732254,9.9113
21534717,149.64885,38.983364,7.3455
88659912,152.60971,39.49637,8.7113
16220354,153.28378,38.41915,8.4206
450297644,142.91031,38.494564,8.7179
39084496,151.47197,39.03388,9.643
39084640,151.43983,39.870342,7.9992
361978670,164.20325,39.97228,9.5248
450298754,143.17043,38.591503,9.8488
450303834,143.76596,39.621494,3.9371
8191118,156.2541,38.021603,7.5778
8291846,162.88654,39.67117,9.82
16807900,142.19853,38.650043,7.685
450329153,163.77548,39.748024,9.8867
17934322,170.49333,39.92652,8.9592
16849669,158.49883,39.317352,9.5426
8152180,155.29274,39.51535,9.689
88659920,152.49425,39.553074,9.9078
17970468,170.71289,38.540154,7.7528
450303905,143.71579,39.91255,9.4685
16849859,158.55603,38.023735,8.9931
16813965,142.34776,39.098232,8.505
17304492,161.1731,39.44388,9.5112
17238573,146.97002,38.2791,9.3755
17934172,170.52266,38.920044,9.8291
16813756,142.36905,38.049442,9.0316
450330065,164.44972,38.206818,9.6666
16808022,142.23796,38.065987,9.1575
10150339,174.56956,39.95174,9.89811
8308754,163.48041,39.462227,9.9826
17143208,144.55338,38.452568,7.9706
17141898,144.46152,38.221992,9.4468
17143140,144.61995,38.80635,9.79426
17933322,170.32343,38.532463,8.7121
17932290,170.20161,38.5024,9.19156
8200453,156.88937,39.33232,7.3245
21542444,165.21007,39.21208,4.82027
21542598,165.13869,38.270466,7.3005
309588677,166.45148,38.394356,5.7581
16779334,141.66713,39.084126,9.544
16780392,141.8002,38.20741,9.0121
16780689,141.77711,39.676945,9.8849
309588824,166.45215,39.326416,9.7995
9391038,167.51753,38.738266,9.6313
21542560,165.15579,38.539776,9.7851
17189152,144.88362,39.266518,9.879
18016577,171.57428,38.220882,9.8127
9428200,167.83185,38.059467,9.91443
8278366,162.56761,38.025562,9.4882
372680421,141.07224,39.82367,9.6165
372680480,141.00586,39.56478,9.2802
8278470,162.65013,38.66893,9.80448
450331050,164.67436,38.982246,9.04486
8189062,156.06752,38.125782,8.311
17258065,147.3645,39.161934,8.5852
17258260,147.36328,38.158604,9.2515
17259080,147.42818,38.89608,8.9695
18018391,171.96663,38.564365,9.28851
18018287,171.9158,39.165703,9.8545
67665846,148.58762,38.912308,8.7173
8201626,157.05371,39.22391,9.69225
8201743,157.08853,39.895443,9.9863
21511215,149.53458,38.936226,7.78649
17971393,170.90524,38.693703,8.48715
17201310,145.59525,38.414608,9.4423
17202563,145.75111,38.554882,9.67104
17142997,144.55843,39.55417,8.7412
450324325,159.47427,38.758686,9.0436
99254978,169.38339,39.489784,9.0452
8308760,163.51485,39.516956,9.78069
9377660,167.02951,39.522873,8.5295
372714991,152.23686,38.497337,8.1483
8073163,153.9382,38.11441,8.8055
9377703,167.10965,39.885483,9.8968
8116392,154.55025,38.81465,8.0602
16163444,152.77086,38.538322,9.9256
8307591,163.37,39.677307,9.3499
8073161,153.84105,38.120438,9.1781
17193644,145.52827,39.24726,8.5258
8117285,154.69354,39.311527,6.1702
8261909,162.11096,39.610508,7.8852
17193531,145.50143,39.75785,4.82167
9375982,150.96843,38.552193,7.6635
16163262,152.67549,39.56907,9.8557
450297627,142.8933,38.58886,7.6419
188511681,143.56798,39.15367,7.4949
17327806,161.26866,38.121243,7.8887
17237562,146.87071,39.102406,7.7358
17238356,147.03041,39.57671,8.7617
16222288,153.6577,39.629566,9.8323
8113760,154.01358,38.470833,9.5704
8113944,154.08536,39.755222,9.0761
67652246,148.25117,38.732624,9.9178
8172539,155.68646,39.925808,7.6692
302634557,147.84357,39.325512,9.9297
302652206,147.91423,39.855274,9.7248
8246445,161.5798,39.947475,9.4852
8199277,156.7796,38.28112,9.5378
16805617,141.86821,39.504974,8.5046
16182588,153.01585,39.42419,9.65325
39084420,151.44064,38.47725,9.5448
450297318,142.96892,39.987865,9.3383
450300025,143.2318,38.880634,9.6422
39084578,151.48277,39.58208,7.13962
321442206,164.5512,39.052246,9.21293
17203713,145.98096,39.42472,9.23431
16814966,142.5269,38.92184,7.22981
39085349,151.63457,39.503777,6.72926
8114671,154.26674,39.147053,8.9304
9376853,166.87679,38.951138,8.4973
16807012,142.09657,39.915756,9.6385
16816022,142.6512,38.965446,8.6665
8114684,154.2493,39.07301,9.7675
21500850,149.07918,39.727375,9.2328
21501004,149.06467,38.746094,8.82
16877269,158.96545,38.53128,7.4068
17994154,171.2673,39.25139,9.9347
10075423,173.67554,39.435547,9.8277
17329260,161.39307,39.123585,9.6317
16183692,153.0844,39.08767,9.6089
8260046,161.90146,39.462975,9.7601
365936566,166.80217,39.893703,9.5465
18022030,172.43462,38.53251,9.2259
17234418,146.4186,39.744995,9.4102
16815896,142.63455,38.22545,9.8023
156805999,140.2175,39.12731,9.207
353932214,157.52687,38.925133,5.7201
156816237,140.4222,38.62219,8.8768
371489859,140.02208,39.54262,7.6624
39083580,151.3579,38.771694,9.8054
17204754,146.06949,38.458317,7.78446
309589621,166.7018,39.23823,8.1729
156804562,140.12285,39.749725,9.8128
17204528,146.11249,39.925396,7.6879
18020108,172.14941,39.30803,6.77907
450326411,159.78961,39.28932,9.6035
17931292,170.0816,39.802784,9.2756
18020081,172.14798,39.49298,8.6586
67647674,147.79755,39.60052,9.6253
17930688,169.88013,39.611057,9.8484
156806096,140.31448,39.666477,5.83328
156806118,140.28781,39.81295,8.1975
16246879,153.81404,38.81616,9.3694
17931459,170.06917,38.64838,8.7873
17204729,146.18062,38.704597,9.6887
371489944,140.01839,39.16814,9.7798
16247017,153.7767,39.516926,8.8834
16814858,142.50697,39.623276,9.94205
16247025,153.79951,39.537533,9.02605
17235689,146.52266,39.838043,6.8601
17235696,146.52092,39.870953,8.1812
17236330,146.67897,39.777035,8.86674
10074350,173.56407,38.94671,9.32923
17237345,146.79085,38.062157,9.8405
8149322,154.84007,38.756668,9.6425
16850725,158.74055,39.89527,9.1862
372680666,141.0589,38.714592,8.8005
88648675,141.4425,39.34734,7.8536
156852655,140.76831,39.75892,8.7662
156852694,140.78174,39.5666,9.3183
9360143,150.23618,39.417133,8.8844
88648788,141.4157,38.615406,8.7827
353969580,165.89742,38.233356,8.3278
450332770,169.0759,39.606434,9.48638
39084390,151.57547,38.294807,9.3509
353971163,166.18286,38.246613,7.0565
353971167,166.1301,38.241367,5.8869
8154293,155.6109,39.91546,9.5006
372680413,140.99074,39.885582,8.4898
67652092,148.2272,39.662346,9.35437
302652171,147.94354,39.622437,7.69452
8246561,161.5234,39.4946,8.01345
67653114,148.41263,38.241028,9.76
8154220,155.53085,39.448494,9.8289
361978467,164.29565,38.791122,9.10787
361978624,164.22966,39.739307,8.2079
353970251,166.0628,38.531364,9.84497
353970306,166.07582,38.868248,6.94823
353970340,166.06348,39.100517,9.7867
9377536,167.0584,38.426632,7.4445
9378433,167.19603,38.29768,8.7784
372714771,152.19174,39.93883,9.4028
156817598,140.5248,39.966858,9.9122
21510074,149.40128,39.302704,9.88411
9360136,150.23096,39.378326,9.7791
17303363,160.92752,39.259773,9.84613
21510065,149.38785,39.351826,9.53015
156852666,140.75757,39.703484,8.28391
372730450,152.46532,39.96702,9.8482
372730264,152.4339,38.809258,8.9229
372730210,152.33064,38.430676,6.0013
67646283,147.55779,39.631706,4.9192
67646495,147.56607,38.550972,9.9348
17329110,161.33952,38.51175,7.56872
9347136,149.93198,38.611126,8.5408
88691394,158.1335,39.603607,7.6751
188512684,143.79123,39.006374,9.3089
9347036,150.04451,38.04581,9.9226
88660841,157.95197,38.350018,7.6128
188512830,143.8043,39.753033,9.9948
99269896,169.44177,38.545815,8.95492
17929712,169.78288,38.18557,4.6513
9347168,149.94014,38.81838,9.1148
450297416,142.90665,39.53154,9.7361
188511664,143.5012,39.07922,8.631
17237687,146.91122,39.8357,9.3976
16222323,153.63124,39.418655,9.37072
39173386,169.2252,39.870487,9.17808
17934116,170.58745,38.509426,8.7112
16849798,158.55261,38.51049,9.5647
16807906,142.2024,38.621532,9.9615
9375080,150.76701,39.314926,7.93052
9375088,150.72328,39.261753,8.05352
9375200,150.7443,38.612534,7.9257
17304577,161.05081,39.919277,7.7563
88659764,152.57831,38.41347,8.2216
16807689,142.14438,39.97069,8.8838
9375128,150.69763,39.035927,8.8982
17304300,161.1242,38.356693,8.923
450329146,163.7426,39.790573,8.0286
16814103,142.42685,39.865658,9.6995
67664722,148.47025,39.195423,9.8435
16813813,142.33888,38.26237,9.8649
9376051,150.92407,39.00529,9.97062
9375900,150.97289,38.020435,6.2667
16163196,152.67151,39.91107,8.7686
8116383,154.55586,38.864136,8.98671
16163293,152.70583,39.371864,8.4476
16221427,153.43188,39.338856,8.771
18016377,171.6722,39.546383,9.66079
18017353,171.75003,38.578636,8.6691
840695467,145.34056,38.95069,7.8408
21542484,165.16328,38.997044,9.9662
17301762,160.57755,38.044685,8.46819
17301598,160.57768,39.318573,9.5443
16779362,141.6659,38.910736,8.90484
16780706,141.82726,39.733425,9.52694
18016402,171.60521,39.40282,9.26676
8150041,154.90872,38.177444,9.85431
8262923,162.27892,38.17761,9.71988
8292643,163.07256,39.34741,9.7533
188532895,159.28491,38.650997,9.98456
17144431,144.8031,39.76185,9.9685
21542602,165.10437,38.263092,9.64925
9391765,167.64507,39.384857,9.81508
17144271,144.72942,38.81055,9.6127
9390986,167.61163,39.050117,9.9696
156816124,140.38728,39.15607,9.4618
156816095,140.3543,39.257164,9.4206
21501864,149.26761,38.053753,9.03724
16183629,153.20921,38.76764,9.0061
21509210,149.19293,38.976505,8.7932
17192581,145.34138,38.950207,6.5643
17234392,146.39734,39.98597,9.4352
309588911,166.52802,39.79522,7.92696
21501108,149.04573,38.264748,9.31749
16183754,153.2213,39.37384,9.40606
8202505,157.24583,39.79514,9.68445
8116476,154.57863,38.164825,9.9129
17234665,146.33804,38.188965,9.9821
21509284,149.32083,39.478344,9.9693
16183757,153.18654,39.383884,9.69613
67648761,148.08733,39.565556,9.1797
67646313,147.59981,39.51314,9.5618
353933052,157.64557,39.516285,8.99081
372730291,152.3872,38.938522,9.97973
39075220,139.63776,38.090374,8.8423
17329221,161.34209,38.938564,9.17488
372730323,152.35323,39.13882,9.4058
67646415,147.59245,39.00556,9.4795
372730154,152.4031,38.155575,8.28484
39074306,139.57814,38.436108,9.4723
188512650,143.82425,38.797382,8.75375
17122186,143.9588,38.266865,9.5427
188512864,143.8484,39.957325,7.6436
188512866,143.8438,39.963272,6.4027
188512873,143.8181,39.989067,7.9302
450328353,160.26915,39.420654,9.5106
17930455,169.92293,38.100876,6.8093
18020102,172.26701,39.33849,8.2396
18020103,172.26718,39.33697,5.4009
17190241,145.07114,38.1931,9.64406
16246833,153.82448,38.558235,9.54803
16876440,158.79407,38.53764,9.7968
17123428,144.13013,39.828304,9.73844
353932288,157.4316,39.368034,9.3984
354011086,166.38295,38.276043,8.0531
371490095,140.03247,38.490154,9.7086
353932362,157.56168,39.95762,8.699
353932123,157.43617,38.297146,9.68195
8114779,154.25948,38.51581,8.3995
156889545,140.82982,38.344315,8.2671
156889750,140.86818,39.13474,8.5953
17992451,171.02782,38.09118,9.4609
17994102,171.30383,39.615086,9.8318
18021197,172.38306,39.6102,9.8936
9360945,150.52524,39.189457,9.4405
8308707,163.46619,39.187195,9.73116
18022069,172.53188,38.25456,9.98927
900179327,172.90176,40.500298,8.5414
900158020,174.73843,41.14302,7.5822
900158021,174.73778,41.14279,8.5776
900157680,174.28302,40.671722,9.4662
900157681,174.28291,40.671185,9.34586
840722073,151.4312,41.045315,8.3446
840722074,151.43153,41.04519,7.6277
840802828,144.94696,41.58175,9.6323
10005000125,154.57077,41.42438,9.645
39083188,151.43153,41.04519,7.6277
10150706,174.73843,41.14302,7.5822
17188722,144.94696,41.58175,9.6323
18065818,172.90176,40.500298,8.5414
10148673,174.28291,40.671185,9.34586
18028547,172.70796,41.28683,6.474
17329905,161.34747,41.30768,6.82783
56999337,173.15831,41.88927,9.9325
8172111,155.58223,41.49951,1.4384
9339985,149.82867,41.695515,9.263
9340106,149.91612,41.1315,8.1387
9340209,149.84146,40.572018,7.385
18031854,172.88316,40.096645,6.6954
18028991,172.80173,41.159607,9.6433
10148734,174.30617,41.104015,8.8096
10075804,173.70381,41.965424,8.1268
18066032,173.05203,41.81006,9.7562
18066036,173.14676,41.77527,7.7252
10112512,174.05157,40.65422,8.9972
10112685,174.05432,41.661953,9.3232
450332292,168.91214,41.179756,9.9311
188533624,160.04535,40.6036,8.3855
188533695,160.05045,40.278362,7.9993
450329005,163.81801,40.53879,9.5957
393884691,174.80925,41.90244,8.3356
450333992,173.22255,40.7042,9.5068
450324940,159.61305,41.743614,8.956
10075614,173.69704,40.618,9.2119
10075858,173.79047,41.63717,7.96055
8200046,156.96153,41.5161,9.9176
9392094,167.8488,41.826736,8.8713
17259831,160.38928,40.15463,9.9989
10112623,174.01517,41.298923,9.8017
88660365,157.9242,41.160862,9.6411
18065952,172.97466,41.439396,6.7646
10112736,174.19308,41.946777,8.9285
9429173,167.93588,41.10621,7.6339
188533720,160.05925,40.11931,8.6493
450332259,168.87958,40.980827,9.38779
450332351,168.86055,41.502556,9.59708
450330801,164.70482,40.727093,9.8691
39142705,168.64804,41.53465,9.8525
39142656,168.58388,41.1628,9.4801
10152348,175.0824,41.661263,9.5417
8113986,154.10207,40.043907,9.4704
8307395,163.28322,40.968636,9.083
10167479,175.90485,41.72245,5.86753
10182355,176.2416,41.570496,9.7779
21549003,165.77322,40.50457,7.3434
8294233,163.21368,41.955994,9.9473
21548627,165.63942,40.81981,9.2032
21548788,165.71243,41.934933,8.0171
39139549,168.16643,40.515213,9.2543
99254604,169.36089,41.77334,7.4323
10167513,175.93726,41.47008,8.44174
17204348,146.10495,40.784595,8.4841
9390651,167.40775,41.913715,7.6997
372710515,141.20244,41.808155,9.7693
372710744,141.25397,40.848076,8.2073
372710676,141.25438,41.15485,8.044
8293948,163.1771,40.17115,6.19671
17192877,145.3474,40.496567,7.0396
10148637,174.29823,40.4555,8.9032
450325085,159.65024,40.757874,9.77613
10075710,173.72066,41.226322,9.49051
450334044,173.22072,41.120636,9.9639
450325128,159.5313,40.437244,7.6878
450325149,159.65335,40.322117,7.8583
105485403,144.05322,41.924297,9.9951
10148822,174.31369,41.687572,9.9741
10148679,174.35106,40.756203,9.96437
21450456,148.74934,40.385357,9.86375
353969320,165.8465,40.36958,8.4997
155560127,158.31131,41.73365,7.7935
353970471,166.07715,40.112164,9.2866
353970695,166.01651,41.86714,7.693
17302734,160.83191,40.19876,8.0697
17303020,161.01312,41.625984,8.3025
21511505,149.60652,40.742947,6.8965
21511662,149.53186,41.59524,7.403
373633778,160.75569,41.911568,7.5047
17971913,171.00478,41.842175,8.2288
8261456,162.0106,41.109974,7.3002
17971870,170.83704,41.819874,7.6281
18015749,171.50427,40.24995,9.2575
450334304,175.61446,41.05104,8.209
353969127,165.89642,41.85948,8.6613
353970667,166.08551,41.59182,9.1145
450334217,175.58092,41.631382,8.5113
17202171,145.79724,40.56615,8.5915
155560126,158.22498,41.729176,9.5894
372710729,141.29915,40.91948,9.8265
9390822,167.5414,40.536663,9.6805
17971735,170.91832,40.857307,9.98226
450299030,143.0505,40.019367,7.0887
16184099,153.1198,41.43267,8.80009
16219835,153.29164,41.430923,8.28019
17259472,147.47272,41.54573,8.60138
21543686,165.32408,40.585735,7.771
21549063,165.81613,40.075596,9.6799
17969818,170.50774,41.02746,7.11996
21549064,165.69238,40.07088,8.44929
17204185,146.11131,41.74556,8.1812
16220071,153.2781,40.12602,8.939
321442389,164.61745,40.148685,9.8806
321442402,164.61559,40.194336,9.8394
17932967,170.36632,40.81135,9.1164
353970454,166.06633,40.00466,9.20425
21450363,148.7783,40.920902,8.7541
39125306,151.80804,40.638367,9.8638
16779046,141.61833,40.560097,9.8003
415735474,163.9313,41.630592,9.8815
39141222,168.41705,41.088837,5.3853
18015844,171.44815,40.937393,6.5011
39139312,152.1106,41.767445,8.8638
39139334,152.07535,41.89351,8.819
8245972,161.55188,41.62781,9.5284
21542005,165.00183,41.602196,9.0452
21542223,165.2023,40.702934,9.1806
840752025,148.06403,40.970585,9.6938
21536946,165.04639,41.123726,9.70333
17188802,144.83948,41.129513,9.9981
450330632,164.71945,41.947086,9.0179
18016290,171.58601,40.087223,9.7522
16779100,141.64252,40.3071,9.2009
21542054,165.15225,41.90165,9.4386
8245891,161.60072,41.861816,9.5688
8308931,163.51677,40.631424,9.0612
10150714,174.71881,41.06955,8.3989
10152455,175.09355,40.84922,9.83021
450304242,143.68454,41.456867,8.9648
8152447,155.27742,41.21142,7.9744
8292043,162.96434,40.68831,8.3891
17969902,170.59071,41.538902,8.5544
9374791,150.71397,41.346848,8.3172
450330606,164.33487,41.77715,9.3868
450328868,163.83192,41.572834,9.9778
16814210,142.34857,40.4297,7.5491
450329052,163.77649,40.371117,9.815
21536830,164.97975,40.267372,9.6486
10154108,175.31773,41.304092,9.8667
8152664,155.46013,41.388622,9.2131
16807472,142.15186,41.361145,9.5214
8263648,162.38878,40.89899,8.5719
10150603,174.70464,41.908577,9.95129
10148911,174.39276,41.534954,9.6991
10150444,174.52472,40.776173,9.8826
10148950,174.44827,41.307503,8.77195
10150817,174.73557,40.251816,7.2791
10150705,174.74158,41.17999,8.5715
10150765,174.77307,40.69298,9.336
10150435,174.62042,40.713573,9.28807
10148873,174.46165,41.825542,9.1035
450304226,143.65784,41.39067,8.7601
357132999,144.24397,41.8966,9.37814
450304123,143.66568,40.89777,9.9735
10150481,174.54048,41.079468,9.7327
8309078,163.52403,41.54322,9.7724
17142829,144.54074,40.358994,9.9642
21543859,165.35616,41.53791,9.48284
17259433,147.46524,41.185158,9.3174
17932797,170.18153,41.830338,9.00665
17933037,170.39934,40.430984,6.72251
17933070,170.41016,40.280804,7.69821
17932725,170.22784,41.335075,9.7505
156890299,140.84605,41.870823,8.1933
39084759,151.53084,40.712715,8.2767
9376636,167.00433,40.81331,9.258
18021360,172.39803,40.671368,9.2197
21500544,149.16919,41.354687,9.6492
156890121,140.8266,41.013275,9.4904
8279048,162.82094,41.564766,9.3725
8279173,162.75845,40.515083,9.586
9360596,150.38669,41.496475,9.463
39084850,151.5471,41.21425,9.5386
10166588,175.46843,41.506435,9.2491
16849097,142.59154,41.086086,9.7404
8279199,162.82448,40.40568,9.7135
16807125,142.06342,40.581783,9.0437
16849003,142.72643,40.569374,9.243
372714635,152.28423,40.70634,9.7561
10166595,175.51845,41.53843,8.7778
365936829,166.81447,41.789047,9.5487
21535479,164.86656,40.430256,4.4698
10112501,174.06165,40.57859,9.4851
10112755,174.08257,41.818523,9.16395
21535395,164.77606,40.98361,7.6586
21535383,164.81696,41.0551,9.74706
10112454,174.03014,40.284283,9.10597
9376710,166.98003,40.204594,9.4349
21500223,148.8918,40.641033,9.9044
16780917,141.70454,41.02418,6.152
16221847,153.46925,41.814606,7.785
8114185,154.12177,41.410175,8.3334
39173628,169.22284,41.725647,6.6003
8174445,156.063,40.635395,6.7119
16780995,141.72374,41.46057,9.8514
17257812,147.26549,41.05809,7.2641
8292463,163.08873,40.392044,9.6981
17237851,146.8348,41.003345,9.1962
16805448,141.88661,40.499027,9.1293
450297308,143.02599,40.039658,9.4951
10152427,175.06917,41.131165,9.1886
16805477,141.9583,40.322784,9.69892
17237815,146.9082,40.784016,9.5299
39084991,151.68253,41.71463,9.51026
17236155,146.6533,41.08385,8.9434
353968892,157.78156,40.43519,8.167
18017912,171.90266,41.559185,9.0398
8259848,161.82741,40.738304,7.14673
18019619,171.98863,41.456112,9.8493
8259524,161.76514,41.07368,9.9784
18018079,171.9527,40.510498,9.3977
321441576,164.09972,41.127304,9.38557
21543943,165.4129,41.860455,7.86066
21544102,165.41475,40.77105,8.06246
9429099,167.97546,40.752407,8.92857
39139546,168.14287,40.534286,8.424
8199933,156.73897,41.819984,9.01886
8200086,156.87097,41.31582,9.3005
8072655,153.85854,41.87508,7.93207
8200029,156.86685,41.600994,5.893
17206073,146.24442,40.997387,8.8073
39077613,151.13666,40.66527,7.77827
309589087,166.53308,40.927032,6.789
39077781,151.25137,41.697803,8.851
39077635,151.19333,40.737476,9.44
8197629,156.42119,40.91094,7.2212
18019826,172.24461,41.178024,6.68867
17104187,143.98167,41.679363,8.3454
67647844,147.74648,40.396946,9.1562
18019518,172.01329,40.83772,8.1073
17931198,170.02824,40.429413,9.4446
18019704,172.02074,41.925724,9.4787
309589336,166.5867,41.140354,9.4037
39077729,151.2507,41.31408,9.9703
39077874,151.42413,41.634735,8.847
17123717,144.1901,41.479267,9.89104
16247168,153.73242,40.268166,9.1266
67647868,147.73692,40.575817,9.6791
18019947,172.1987,40.393955,9.8342
8263411,162.35776,41.390034,7.2365
88660137,152.55061,41.06275,9.49565
17203968,145.88895,40.858303,9.6864
353969195,165.86649,41.40975,9.19404
353970631,166.08179,41.325012,8.61229
353970732,166.13644,41.677887,9.9237
353969169,165.9019,41.600513,9.96329
17104287,144.06949,41.06046,9.619
16247270,153.73444,40.87063,9.3202
361978931,164.2779,41.350822,6.9547
450334240,175.57251,41.45501,8.47566
361978782,164.22386,40.510925,9.92549
353969328,165.85452,40.306236,8.78372
353970839,166.24467,40.8944,9.8884
450332648,169.03519,40.529907,8.51049
17930736,169.96577,40.047295,9.23533
361979032,164.25032,41.884438,8.9215
302652375,147.92653,40.922844,8.6528
16182444,153.00943,40.18418,8.57811
67651987,148.19482,40.175182,9.2275
302652426,147.9772,41.195187,9.02851
8154412,155.58412,40.713524,9.2766
17201662,145.6784,40.29191,9.3165
17201756,145.6408,40.852676,9.249
155559947,158.30789,40.42554,4.5256
17201780,145.62144,40.97351,7.3277
17971627,170.7972,40.193264,8.995
17971755,170.80771,40.96687,9.70145
8261404,162.05815,40.77142,9.4449
17302767,160.76048,40.512474,9.9691
21511746,149.74275,41.778572,9.7873
17142792,144.54549,40.554596,9.882
17142356,144.44908,40.792027,8.57848
17142859,144.59073,40.23979,5.096
99254744,169.33865,40.963062,9.601
99254756,169.28734,40.906326,9.4483
9378085,167.24318,41.175694,8.3748
8190295,156.2012,41.168995,9.4215
8190279,156.15462,41.051872,7.6664
8190099,156.17508,40.074047,9.4105
8190105,156.1255,40.13229,8.6894
8190265,156.12569,40.994453,7.6943
8190621,156.23328,40.94264,9.9946
18018129,171.9084,40.203754,8.9279
17236062,146.66257,41.725727,9.1135
8259485,161.6902,40.83604,9.6033
8259771,161.91412,41.223034,9.37293
17235828,146.52802,40.696083,9.5999
105577976,153.3496,41.910778,9.91514
105577978,153.36693,41.8836,8.22081
8172192,155.73581,41.976837,9.421
16182455,153.06645,40.100258,9.2206
302652475,147.84584,41.51523,8.618
8154501,155.544,41.22953,5.2403
8172211,155.74194,41.854977,9.72136
17257450,147.0824,40.525013,8.34628
99270298,169.47981,40.837337,8.9743
8174354,155.93205,41.19575,7.626
8174457,156.02075,40.563305,8.38324
17257646,147.16057,41.74332,9.05059
17930901,169.9999,41.311024,8.73507
99270285,169.43622,40.716152,8.99928
17257665,147.1079,41.854195,9.46583
10152094,174.96693,40.40914,9.18482
8114335,154.16306,41.30545,8.1151
8114342,154.1589,41.275856,6.9063
16805273,141.86024,41.600063,8.09073
16805336,141.92328,41.197155,7.1079
8114246,154.1313,41.803856,8.98773
8114338,154.2164,41.281002,9.7079
67651767,148.20177,41.462532,7.7648
67651955,148.1474,40.376865,6.5447
67651719,148.18452,41.822746,9.73111
17191242,145.20364,40.068638,8.2827
8115859,154.3458,41.274437,9.436
21509455,149.2238,40.535934,8.7517
17192858,145.39403,40.416492,8.9268
16182090,152.88591,41.731697,6.43697
8115880,154.32343,41.46743,4.7297
16877646,158.97556,41.158123,9.2548
365936710,166.83434,40.907265,9.1329
18021583,172.48877,41.540398,9.9868
8174022,155.93094,40.79456,9.378
21500339,148.99846,41.278004,8.0854
67653797,148.53487,41.309277,9.6491
321415083,163.5913,41.451256,8.2524
17193371,145.54892,40.72078,9.4208
321415173,163.64983,40.83038,9.3531
8263639,162.43233,40.981125,9.8463
105485380,143.97432,41.9949,9.0878
16163001,152.72673,40.87437,9.2657
150269518,161.02715,41.909718,8.9905
17191257,145.1894,40.021652,9.4308
253036236,158.78583,41.908928,5.5069
8292183,162.84059,41.567207,7.4359
372680216,140.97583,40.783215,9.1324
9376406,150.86516,41.304737,5.2494
8261686,162.10135,41.15771,7.0691
17326692,161.18271,41.714615,6.0505
17327115,161.23865,40.381744,7.14153
16163047,152.74571,40.661606,5.227
321415104,163.6405,41.33859,6.74939
8263564,162.47908,41.51006,8.8795
321415028,163.68414,41.778564,9.6433
8150405,155.01357,40.479008,8.85379
17188535,144.8025,41.190445,9.52861
8292514,162.98526,40.109497,9.0835
21536978,165.02072,41.336395,9.47298
18016266,171.53333,40.181816,9.37385
16778785,141.60103,41.804195,9.5478
8150750,155.1049,41.133884,7.88269
415735493,163.96289,41.44245,9.41882
450330692,164.7023,41.382103,8.9581
21542134,165.09216,41.388725,9.6219
21542252,165.07635,40.458504,9.96497
21536951,164.94518,41.15931,9.89733
8152515,155.26123,41.61396,8.4956
16807680,142.18121,40.048,9.4096
17969786,170.55676,40.829872,9.5848
450328883,163.84578,41.459663,8.1904
16849446,158.50041,40.561024,9.5005
10154148,175.30093,41.029335,9.19495
16814255,142.30312,40.64193,9.55465
8152561,155.26529,41.849396,6.76376
16849421,158.56383,40.732098,9.18883
17238255,146.9624,40.259926,9.25821
17970246,170.6739,40.17547,6.134
10166545,175.44308,41.23758,6.4692
16814334,142.28998,41.12785,8.2127
9374670,150.54198,41.74655,9.58889
450330562,164.37244,41.39985,9.8375
39077655,151.19441,40.833996,9.1704
353932455,157.51842,40.469883,6.4117
17206108,146.30441,41.155098,9.4445
309589184,166.52948,41.62573,9.92909
17204373,146.14795,40.680897,9.8379
16807450,142.27515,41.500034,8.95095
21500595,149.1518,41.086426,9.4075
39084831,151.53891,41.09041,7.7745
17994042,171.24908,40.00352,8.7534
39084798,151.56297,40.92508,7.75716
39084815,151.56999,41.02402,9.20173
8263558,162.52515,41.549183,9.12874
16807316,142.07043,41.537666,9.7302
9360666,150.5143,41.069748,9.7002
156815824,140.35971,40.512474,9.4614
67666227,148.58649,41.248642,8.9725
9347495,150.0662,41.045486,9.6253
188532298,143.91779,41.073723,9.1929
9347830,150.17934,40.625366,9.8969
156852288,140.76137,41.61455,9.5578
156852576,140.74348,40.166386,9.1966
39084843,151.55922,41.163113,9.2209
21509776,149.37537,41.19391,8.4768
17190699,145.1303,40.848263,9.5831
16876168,158.7839,40.325172,9.939
450328737,160.19218,41.526722,7.0732
16851215,158.80121,40.876278,6.9148
8117528,154.70467,41.0131,9.7219
8117798,154.8663,40.88274,9.676
16851061,158.76451,41.869953,8.3013
8190178,156.12494,40.53196,9.1422
8190208,156.13873,40.674644,9.69604
8190428,156.2625,41.971268,9.7544
8190311,156.18306,41.2505,9.17035
21509804,149.42107,41.05563,4.6592
156817668,140.6081,40.201057,6.6568
9360577,150.38635,41.594234,8.8469
8154447,155.5134,40.930035,9.13966
88648362,141.45738,41.206696,9.0969
39084962,151.66924,41.918568,8.89459
17301402,160.5842,40.5649,8.6357
8150517,154.97461,41.069588,8.506
17301350,160.70193,40.98158,9.0617
9347398,149.94492,40.26406,8.8293
67651534,148.0647,40.970413,7.75722
18019932,172.12282,40.479004,9.47204
372730692,152.37645,41.44053,8.7829
450326544,159.78786,40.21685,9.66766
9347458,149.93593,40.704914,9.5292
188512900,143.87323,40.103767,9.94103
67647804,147.82805,40.19827,9.0079
8292181,162.92761,41.565437,9.6057
450326528,159.7413,40.059364,9.9317
17104356,143.95042,40.67182,9.81173
67666096,148.64328,40.38805,9.43351
156815870,140.35579,40.283913,6.822
67666207,148.61302,41.08788,9.5177
156815854,140.34032,40.384674,8.6514
67666269,148.71881,41.495235,9.794
156806190,140.304,40.271698,9.88549
16851076,158.87804,41.90979,8.8423
17191060,145.13622,41.07546,8.8629
17192826,145.41786,40.22983,8.64921
10149100,174.43745,40.14517,8.87956
17206368,146.43175,41.071472,8.5337
253034108,158.47786,41.97272,9.32676
8174477,156.0776,40.47295,9.3194
150265570,159.88596,41.990128,9.2577
16181826,152.90901,40.20676,9.2474
365936587,166.7667,40.07921,8.85696
17203888,145.90775,40.403046,9.44881
17191176,145.22011,40.3757,9.9906
115855836,157.26971,41.996716,9.8879
16182034,152.79514,41.407192,9.7221
16182038,152.902,41.41683,9.6414
17206351,146.37148,41.197903,9.5404
18021615,172.43382,41.269703,9.8297
17301096,160.49478,41.1874,9.79811
8261808,162.17702,40.284817,9.757
17193065,145.39214,41.588074,9.6142
17193333,145.52962,40.934532,8.78382
9376312,150.91522,40.640457,8.7592
9360602,150.4162,41.46828,8.909
321415294,163.66554,40.11669,9.50692
372680351,140.96408,40.15532,9.5508
372680369,141.05353,40.070786,9.4263
99784331,141.4967,41.941883,8.571
416857647,142.74312,40.642803,8.82361
900195147,175.86885,43.56052,9.638
900271394,168.95638,42.44944,7.5227
900239221,167.83115,43.417336,9.4867
900239222,167.8326,43.417507,9.5456
900237635,165.17522,42.731426,5.7524
252795984,165.17522,42.731426,5.7524
840841836,148.11906,43.466274,7.02255
43215455,168.95638,42.44944,7.5227
67948728,142.50807,42.26365,8.1783
840809735,142.50807,42.26365,8.1783
840809736,142.50832,42.264034,8.2576
156372121,167.83115,43.417336,9.4867
115891756,175.86885,43.56052,9.638
10005000105,171.53577,43.58592,9.36
471011175,166.36992,43.52664,8.82
23992434,148.11906,43.466274,7.02255
88692088,149.14072,43.982334,8.337
252803603,166.3691,43.5268,6.905
392347258,155.64282,42.616528,7.16202
150279308,161.7867,43.687405,9.6805
150279087,161.72621,43.026802,6.0362
150279381,161.70668,43.861305,8.84757
150279420,161.65149,43.925114,9.9647
56939850,172.72787,43.751347,9.8668
56939663,172.73338,42.28928,8.3099
56939404,172.61853,43.578487,5.8204
56939611,172.58296,42.032776,8.582
56939377,172.65935,43.790257,9.8886
20176282,145.89688,43.03563,9.3625
415760054,161.98328,42.92611,9.4837
20174924,145.68217,43.06421,8.4558
415759961,162.10101,42.369038,9.4151
406757958,156.70305,43.60009,8.9083
150278179,161.26077,43.56953,9.9643
252794305,165.00229,42.26276,9.9307
253046350,176.83049,43.249992,9.9944
156315334,167.8319,42.50971,9.7949
252794572,164.8962,43.814465,6.9896
252796304,165.34145,43.1832,8.0313
157847399,167.41042,43.207733,3.9796
406756368,156.52084,42.767937,8.8411
252795806,165.20134,43.911972,6.132
252794465,164.97379,43.16763,9.5429
252795928,165.12242,43.13389,9.5628
393860066,174.37468,43.930542,8.3038
293615449,173.57895,42.26017,9.3262
393884489,174.71326,43.21367,9.21
900240536,166.34296,43.530846,6.9139
373656051,169.61969,42.316357,6.05304
157956585,162.11365,42.349327,7.0546
373655803,169.51138,43.62403,9.9339
29235509,152.46613,43.34415,8.9145
20175041,145.74368,43.834724,9.05615
20176336,145.85692,42.69156,7.0618
415760021,162.04942,42.73164,9.7902
253054232,178.29166,43.606915,9.7315
20174916,145.69943,43.054245,8.4273
392401851,174.09914,42.310253,8.31689
23992390,148.14552,43.733086,9.0831
393858597,173.96964,42.470745,8.9554
252795957,165.08618,42.9117,5.4619
156372015,167.90689,42.817593,7.6599
156372021,167.95395,42.83207,6.6797
406756186,156.28845,42.224934,8.68621
406756363,156.47363,42.743004,9.30479
56938096,172.5063,42.661507,8.04016
56939730,172.72217,42.838596,8.4377
56939464,172.62971,43.17324,5.4393
253044950,176.80751,43.47109,5.4274
29189480,151.38164,42.840176,6.8805
393835206,146.18214,43.318974,9.0572
29205995,151.9344,43.01922,8.05
393835225,146.25461,43.227737,8.4722
253053664,178.22649,43.601063,9.5773
24053079,164.06049,42.008156,5.0585
253049992,177.58199,43.466396,8.1447
253053666,178.19038,43.600155,8.2049
29205956,151.91283,43.285877,8.8438
88693287,149.35909,43.215527,7.985
105439248,142.24252,42.82343,9.9967
105439264,142.22667,42.880493,8.0703
67950548,142.70943,43.015465,9.962
24052893,164.03932,43.408566,9.1327
253049954,177.5163,43.710026,9.4511
393835314,146.24226,42.703354,9.8948
105438724,142.06494,43.681812,9.6846
24052983,163.92609,42.76746,9.8472
20161140,145.2963,42.582203,7.2931
406758123,156.69524,42.77521,9.0662
20161526,145.45486,43.63723,6.14514
20161327,145.35165,42.42147,9.6434
20161070,145.27596,42.94322,9.764
105512557,152.52573,42.198803,9.8007
105505891,148.7053,43.44974,9.1479
393884636,174.74881,42.328808,7.2204
393860634,174.58571,43.62543,5.2198
293615337,173.6735,43.091503,9.605
393884535,174.74867,42.990814,9.5036
23970115,147.14574,42.22086,8.5962
393858329,173.70485,43.28588,9.2813
23969922,147.14758,43.53655,6.9788
393858286,173.75137,43.62628,7.6906
23969891,147.1296,43.731285,9.6414
23970086,147.24013,42.44372,9.8774
253046508,176.81544,42.370575,6.4902
115891805,175.86386,43.13186,9.9809
252797809,165.4943,43.3709,8.3497
39734089,154.27419,42.914383,3.4112
157839851,149.98373,42.73264,9.3541
115827054,156.9241,42.960888,9.2402
409275610,146.54263,43.475506,9.1503
409275641,146.59767,43.624416,9.76559
157840099,150.15555,42.440914,9.9643
105510589,151.11713,42.37514,7.9081
160006992,162.88293,42.886616,9.4784
409275554,146.49167,43.245556,9.5947
39734028,154.19841,43.38411,9.73757
39734078,154.14983,42.978706,9.6991
105487363,144.40324,43.703247,9.42601
148678296,172.0498,42.05637,8.3776
148678366,171.95955,42.528046,8.5296
252797755,165.53575,43.721107,7.4786
415760111,162.10356,43.315468,8.2052
148678225,171.83951,42.06193,9.0956
105487317,144.38614,43.89388,9.65925
105487479,144.37071,43.087875,8.89922
393835224,146.25308,43.228714,8.48112
29206416,152.01434,43.65683,9.9769
393835260,146.22647,43.04173,9.5299
252798144,165.63203,42.51107,9.1893
393858394,173.86438,42.895725,9.6177
23969903,147.18602,43.665447,7.70675
253042473,176.31789,43.210373,7.84363
393858518,173.84216,42.009388,9.82322
157835049,149.74637,43.451885,7.6358
115827050,156.99615,42.981293,6.9502
105577642,153.44255,43.62657,9.8225
393860362,174.38899,42.12604,9.90169
157839919,150.01382,42.316658,6.499
160007110,162.86581,42.250492,7.9396
29235379,152.459,42.331757,8.7543
409286860,146.99423,42.43091,8.3589
39732504,153.8747,42.38633,9.9128
67937434,142.46878,43.989025,9.9325
23973779,147.94714,42.885147,9.60844
39777017,154.74686,43.18195,8.1681
157835042,149.74992,43.427982,9.799
67948597,142.38657,43.031414,8.59858
39732674,154.0595,42.796562,7.8641
157834555,149.67993,43.425705,9.2962
157834848,149.81157,42.10941,9.9989
392365110,155.97968,43.765877,9.9872
160007084,162.8313,42.36461,7.6791
253046365,176.88744,43.16929,8.02282
24005765,163.41911,42.470203,8.5473
29191111,151.71349,42.288586,7.2889
24005872,163.52032,43.378727,8.0739
24024162,163.65823,43.582993,7.5964
24024268,163.71051,42.859207,7.6896
24024256,163.67043,42.9142,9.9675
24024294,163.72784,42.594048,8.9227
24024565,163.87434,43.57264,9.444
157834493,149.57137,43.759277,8.5414
23973780,148.03772,42.885925,9.8578
43215476,168.90073,42.33937,7.3628
43215737,168.98329,43.24098,7.4167
43215824,169.0756,43.782726,9.0417
43216956,169.202,43.27771,8.1681
29174050,151.19975,43.41822,9.272
253044294,176.54686,43.955322,8.9163
105575621,153.10173,42.802998,9.9871
253044867,176.7085,43.068665,9.2255
373633946,168.31497,42.841637,9.94442
392401778,174.10419,42.70863,8.89154
392401934,174.24773,42.03636,8.35888
392401837,174.10216,42.40784,9.5116
20160982,145.28294,43.46505,9.6265
67958232,143.25745,43.310627,7.13759
148674216,171.27689,43.215973,7.9874
67958147,143.20412,42.809734,9.7231
148672223,169.65092,43.83914,9.113
252793891,164.82475,43.87339,7.63261
406782236,170.70657,43.4827,4.15946
67958253,143.18137,43.450504,8.868
88704187,167.57312,43.503296,8.7758
88704251,167.59685,43.91898,7.6523
252793991,164.8323,43.340534,8.3191
88704185,167.5125,43.451523,9.4673
252794133,164.75328,42.528046,9.3434
148674022,171.31042,42.091602,9.8818
406758434,161.45213,43.033478,9.3937
24005419,163.30324,43.977726,8.5549
253051932,177.8706,42.930923,8.1201
392349266,155.77647,42.669926,8.999
253050086,177.59444,42.86761,9.8302
105534447,152.9382,42.3669,9.7516
24052978,163.91461,42.814777,9.293
24052888,164.03983,43.431465,8.92072
67949000,142.5356,43.01987,8.6298
105439337,142.25858,43.21478,8.13205
105439356,142.30042,43.294434,9.87673
24053025,163.94118,42.478928,8.89497
24052998,164.05737,42.676147,9.8163
105378221,142.00143,42.5768,9.9875
105508773,150.86295,43.592815,8.4376
23971998,147.71954,42.272194,8.1246
406759441,170.13847,43.39768,7.6639
148680491,172.21269,42.793312,6.12186
392347640,155.58371,43.93433,9.3034
23971888,147.49757,42.227573,8.833
406759364,170.21571,42.936775,9.9105
392368533,170.89096,42.63444,9.6777
23994102,162.94397,43.18356,8.7027
23971680,147.53415,43.567974,8.4456
23971851,147.47054,42.44611,9.5788
253050516,177.65105,43.65894,7.182
115869523,175.38556,42.884842,8.47997
148671561,169.34355,43.437737,9.8116
148671768,169.40695,42.322323,8.839
373635586,169.50542,43.80399,9.2693
148671765,169.29657,42.333374,9.097
105534499,152.89558,42.646973,8.8966
23994148,163.05173,42.88071,7.8152
157839805,149.87447,42.97159,9.6896
253038616,159.08005,43.08791,9.2107
406758092,156.71674,42.93336,9.914
150252753,159.61307,43.30732,9.4487
29189647,151.4296,43.98005,9.8903
24004288,163.09299,43.140484,9.7192
157839888,150.01991,42.51643,9.15118
253038650,159.16286,43.360817,9.5636
243247407,146.6316,43.60104,9.6692
39731112,153.64557,43.92282,9.7876
39777090,154.74165,43.69973,8.8934
39730983,153.62526,42.902798,9.8716
23973803,147.98906,43.015553,9.8327
39777045,154.60794,43.381466,9.3293
157841938,150.32881,42.466763,9.7816
392365033,155.97928,43.144615,9.5233
105489758,144.68187,43.008774,9.7341
39730574,153.61845,43.7163,9.4988
39730563,153.59802,43.776722,9.9909
39730828,153.6016,42.093884,8.1422
115857952,157.81836,43.22028,8.3335
39776583,154.59825,43.759212,7.9268
157841724,150.30612,43.667072,7.3652
105489732,144.79478,43.144173,5.7495
243247158,146.76067,42.38562,8.42576
39776997,154.63673,43.048443,5.6985
279825961,143.44781,42.86883,8.9589
39730599,153.49545,43.570843,8.3164
115858004,157.8403,43.602127,9.8474
105489715,144.67438,43.19627,8.7533
23973582,147.8851,42.33636,9.51948
115858003,157.82825,43.59238,9.5544
105485041,143.9545,43.86906,8.9168
406756116,156.31165,42.719788,7.1785
115827373,157.09721,43.007286,9.1608
115870751,175.6441,43.789436,7.55544
252798130,165.55783,42.43132,8.52146
252798273,165.6155,43.302006,9.72094
39734338,154.31087,42.636074,8.3733
148678213,171.82031,42.110447,9.7248
252798304,165.57593,43.483223,7.9871
39776627,154.52727,43.469994,9.8161
406758387,161.30411,42.79509,9.9239
253051912,177.8738,43.099216,9.7729
252793902,164.81783,43.81773,9.39287
88704042,167.65831,42.42629,7.0515
148674137,171.38243,42.632904,7.3097
56937778,172.38812,43.62645,8.4101
56937804,172.35487,43.449753,8.6794
392366755,161.47688,42.483395,8.81125
105534104,152.80362,43.338547,9.55929
406758261,161.40192,42.039684,9.35693
56937971,172.34438,42.09179,8.65663
56937758,172.3597,43.80095,9.22351
67958313,143.30038,43.75054,9.9361
105534344,152.76704,42.04635,9.5868
148672070,169.70386,43.019802,9.6682
148672146,169.69238,43.394787,9.939
253046678,177.0757,42.475636,8.7987
253046669,177.09558,42.4151,8.4053
252805732,166.89291,42.390766,9.1521
155176021,168.80048,42.75469,9.0722
43217096,169.16231,42.24327,8.4866
415761726,162.38976,42.21654,9.2256
155174749,168.53708,43.850273,8.5664
252805445,166.7011,43.191383,7.9941
252805914,166.95256,43.596443,8.9358
155175850,168.78293,43.877895,9.0348
415761576,162.37679,43.06765,6.9899
67957935,143.05975,42.46731,9.8122
105577932,153.38802,42.175114,9.9184
115809618,150.36006,43.096954,8.448
252792429,164.64255,42.379196,9.9235
252792471,164.6662,42.643753,9.6718
252801660,166.09566,43.79028,8.4021
115809547,150.39133,42.610287,9.396
115809591,150.35791,42.93397,9.555
252792381,164.6727,42.12123,8.838
252802071,166.20642,42.58302,9.0124
105577896,153.32019,42.355404,9.8363
252801841,166.10416,42.740105,9.4741
150279160,161.6902,43.248844,8.606
150265605,159.92528,42.20199,9.4736
148680230,172.12589,43.96658,6.79147
150229800,155.31209,42.841694,8.7448
150269416,160.95009,42.37431,6.94
150269614,161.01613,42.47711,7.7942
105378101,141.93181,42.015392,9.8456
105378497,141.87563,43.75973,8.8479
148673930,169.88445,42.31035,8.7306
148678490,171.92351,43.094425,8.2041
148678645,172.0099,43.891766,8.6781
115861311,175.02034,42.02569,5.9327
253040591,159.25917,42.130676,8.6331
105490282,148.44762,43.484646,8.9374
376489269,149.53366,43.20706,7.6928
157956550,162.1954,42.04929,9.0406
157964611,162.22504,42.44778,9.6103
20162885,145.59341,42.596092,8.977
115855784,157.31416,42.358936,8.6342
39732619,154.09454,42.37295,8.73
148673653,169.84727,43.77004,9.4593
148678598,172.02814,43.69559,7.7749
148680273,172.14992,43.763454,9.5266
148680299,172.14159,43.656376,9.1657
115861138,175.00496,42.937225,9.9229
105378230,141.89534,42.608646,9.3484
150292941,161.82185,43.68745,8.9735
105506097,148.6264,42.336502,9.3914
150265471,159.72896,42.49775,9.8207
105506274,148.78116,42.39325,9.2705
20162846,145.60399,42.90163,9.9687
23992765,148.37439,42.648212,9.9252
23992610,148.10602,42.33187,9.6839
23992871,148.37975,43.341194,7.8259
39732626,153.99358,42.48226,9.3444
23992698,148.37369,42.08521,9.9913
157840174,150.03738,42.823296,8.5859
105485590,144.03708,42.966698,8.3732
24024305,163.6164,42.544983,8.84708
29190825,151.55324,43.57404,9.4216
29191093,151.68826,42.187237,9.6403
24024345,163.67448,42.195465,9.44449
29191025,151.54889,42.24154,9.32571
24005851,163.49477,43.189957,4.7172
105485782,144.02641,43.890594,9.8792
29190831,151.62666,43.551895,9.5908
115869504,175.43599,42.751972,9.29573
376489381,149.50601,43.95478,9.514
253042928,176.36484,43.299892,9.45
105575519,153.0091,43.53832,8.68775
253044723,176.68689,42.343567,8.88642
43215605,169.13197,42.354374,8.00398
43215664,168.97437,42.764755,9.27213
43215815,168.9896,43.74726,9.45764
105575691,152.98816,42.385742,9.7658
43215490,168.86807,42.212692,9.3809
376489378,149.5341,43.937317,9.7916
29174221,151.19557,42.335464,9.69653
253044778,176.64711,42.61766,9.96488
56999432,173.1906,42.344246,9.8704
357132769,144.22229,43.215237,9.7582
105508054,148.93475,43.93682,9.1508
105489829,144.75488,42.70915,8.63271
23973927,147.99617,43.814564,8.8521
279825890,143.47473,42.50766,9.41869
105489634,144.74454,43.63414,9.69965
243247284,146.69977,43.067364,9.9068
39730692,153.52454,43.0282,9.916
23973462,147.8329,43.327362,9.47829
39730657,153.50766,43.217472,9.20128
105489590,144.70943,43.89323,9.25833
99784584,141.38655,43.149918,9.2522
24005857,163.49805,43.245316,9.3981
88699084,164.35838,42.22315,8.8285
105482852,143.54251,43.321472,7.7251
148675930,171.5383,42.732502,7.0447
148676460,171.7091,43.871235,8.8654
376491049,154.9242,42.009136,8.7036
392366353,156.15958,43.807632,9.7276
148675785,171.42496,43.424374,9.5538
115859742,158.1157,43.377007,9.9276
88691836,149.17905,42.192314,9.3293
150293035,161.81142,43.099617,9.7688
150293167,161.8479,42.315666,9.9004
105510363,151.06175,43.727367,9.67384
115861199,174.91766,42.52918,9.8974
253050110,177.51497,42.720127,7.918
253050436,177.68507,43.229748,9.1122
148671665,169.33498,42.80679,8.55947
373655859,169.59328,43.274456,9.5144
115861026,174.99419,43.79299,9.7809
157840360,150.13094,43.995365,9.196
99786413,141.66846,43.012596,8.0267
115809601,150.37999,42.999096,7.2732
99815652,141.77502,43.597324,8.9064
115825388,150.83809,42.218323,8.1854
20139613,144.92517,42.72713,7.0968
20139727,144.92757,42.064957,7.2848
252800112,166.00348,42.334244,8.9058
252800277,165.98993,43.4848,8.3153
157847555,167.34651,43.94138,8.8815
99786476,141.5441,42.624397,9.4229
99815614,141.86118,43.41817,8.8632
115811082,150.6217,42.86943,9.9391
115825594,150.774,43.70765,9.5221
252800192,165.90501,42.901237,9.339
252804152,166.58064,43.778423,9.461
20139971,144.98393,43.513702,9.4091
157847521,167.36415,43.70172,9.991
29206340,152.06718,43.17542,9.30265
23972073,147.59146,42.757732,9.5881
115859332,157.89497,43.26474,7.6858
105508476,150.85225,42.009346,6.632
88705491,167.80823,42.322445,8.5515
392368410,170.91978,43.120766,8.2912
105378268,141.88222,42.764324,7.15162
105378532,141.93831,43.87313,9.73581
88705480,167.69072,42.391464,9.0648
406759300,170.13661,42.540718,9.7231
148680484,172.12114,42.81336,8.49025
23971793,147.41808,42.76516,9.78266
23972118,147.68106,43.040535,9.3629
20160931,145.20595,43.817825,9.915
115827015,156.95293,43.27573,9.8781
115827488,157.2081,43.633083,9.8111
376490838,154.83165,43.22032,9.89393
415761663,162.43335,42.574436,9.5909
155175854,168.65411,43.84201,9.0984
357188239,160.32254,43.678062,9.70643
252805681,166.84787,42.036304,9.6047
157842136,167.08354,42.66321,8.8665
155175928,168.68872,43.329296,7.4089
253046839,177.05843,43.439774,9.55145
20140014,144.97365,43.867847,8.8544
105485736,144.0302,43.67489,9.23767
393853903,156.73521,42.316353,9.4904
393853840,156.80132,42.0294,9.9605
20160902,145.23206,43.992477,7.67365
150267525,160.14597,42.153248,8.29652
150267527,160.1464,42.15226,8.40166
105577807,153.3284,42.752613,9.8056
115892063,176.07571,42.720516,9.82362
150252221,155.42702,43.58749,9.72697
67957956,143.04495,42.332485,9.1884
115892055,176.15135,42.615498,9.5771
150252160,155.5022,43.905357,7.70964
150252161,155.50018,43.90321,8.1204
67957721,143.06018,43.73856,7.1686
115809571,150.47105,42.800667,8.9986
115809621,150.40103,43.1524,9.50579
252794284,164.9178,42.156662,8.7135
415761464,162.3338,43.85678,9.7273
252802173,166.30954,43.141735,8.97733
67958047,143.24098,42.13694,9.67952
115892089,176.01787,42.96581,9.56397
252802256,166.24756,43.654766,9.8979
115809634,150.49855,43.208244,9.91488
105490106,148.54796,42.650387,9.1693
105508119,148.92766,43.645855,8.96986
105508422,148.95518,42.155315,9.2862
99784166,141.2817,42.727913,9.23098
105483462,143.68326,43.38873,9.6512
24005449,163.29944,43.75349,8.47
105483519,143.78552,43.6733,8.2207
88698857,164.33105,43.936237,8.2487
148676476,171.67929,43.986267,9.55877
24005559,163.37526,43.024323,9.5775
24005566,163.33142,42.954735,9.9024
148675936,171.50438,42.720165,9.941
253040785,159.39589,42.745113,9.57563
409275232,146.02866,42.05087,6.48803
253052381,177.97462,43.591084,9.65608
115869472,175.45824,42.450737,9.18421
105506140,148.67418,42.164513,8.0152
105505931,148.61543,43.27968,8.5884
157964792,162.23857,43.92733,7.34127
148680256,172.09097,43.864822,7.95415
105505826,148.64485,43.80162,8.44976
253040593,159.25279,42.12892,9.89751
115855756,157.32816,42.54995,8.9974
115856077,157.41814,43.339817,9.23084
148673828,169.90321,42.807648,9.65175
148673985,169.90512,42.003056,9.3351
150229553,155.23569,42.188004,9.9326
105506243,148.81017,42.26724,9.95734
150265716,159.83409,42.842865,9.7423
157847280,167.45836,42.508347,9.29654
393857495,171.20122,43.148983,9.47105
20139572,144.8482,42.964245,7.7557
376503586,162.5814,43.0168,8.6955
20139674,144.8643,42.285873,8.2609
252799839,165.70518,43.16716,9.779
252803600,166.4105,43.543056,9.72231
157847466,167.42047,43.383373,9.80496
115857895,157.82617,42.879955,9.6326
253036297,158.7986,42.28257,9.1251
253036372,158.72864,42.679485,9.8964
900343829,160.80577,44.62881,8.8286
900343830,160.80562,44.62822,8.4789
900199517,179.02646,45.54527,9.958
900199518,179.0263,45.54594,9.22335
900174911,178.58797,44.112297,9.8962
141150348,179.0263,45.54594,9.22335
253055595,178.58797,44.112297,9.8962
840825420,142.73668,44.677353,8.94065
373633255,160.80562,44.62822,8.4789
10005000300,178.20605,44.12073,9.903
39732077,153.86166,45.35129,8.142
471011613,142.73668,44.677353,8.94065
56998453,172.90527,44.817924,8.4689
56998689,173.01768,44.2171,9.1226
56999999,173.20341,44.541283,9.69643
157847644,167.41586,44.498486,1.8062
406757573,156.58107,45.90886,9.7203
141159104,179.32011,45.010456,6.8655
141159064,179.32814,44.77015,8.6558
150251791,155.54536,45.926437,8.5378
67950277,142.73573,44.683914,5.0973
393884161,174.77191,45.201916,9.8788
393884178,174.75095,45.10869,8.6206
56938379,172.4182,44.732616,8.0979
56940095,172.80484,45.87357,9.0122
56939139,172.5928,45.63214,8.1761
56939925,172.73514,44.42184,9.95227
56938456,172.43034,45.351295,9.8261
253054450,178.32771,44.880688,9.8755
253054517,178.3079,45.308086,8.9322
393884179,174.68709,45.108418,5.9127
150251960,155.53612,44.958458,9.66849
393883284,174.68373,45.107475,7.4595
393884317,174.77591,44.305637,7.8082
293567944,173.60034,44.018414,9.5331
393860705,174.63684,44.089447,9.275
393884306,174.78955,44.35285,9.4004
393859937,174.40312,44.716316,6.83993
141151149,179.17464,45.39861,9.04678
900275773,171.98206,44.56576,9.1215
252795642,165.20427,44.906178,8.9526
252795501,165.08707,45.91245,9.5634
252794718,164.9895,44.778812,9.7715
393853321,146.8331,44.40793,9.1929
252794719,164.9053,44.779495,9.5309
252795551,165.06126,45.526276,4.1333
252796626,165.2672,45.31042,7.936
253045259,176.6871,45.23283,8.8201
253045948,176.96628,45.684933,7.8503
43214999,168.93182,45.855118,6.5612
43215002,168.89954,45.849724,7.4395
252799415,165.86234,45.58867,9.1536
39775613,154.3761,45.018784,7.37173
252798626,165.5434,45.61175,7.4331
252799488,165.84569,45.123512,9.9215
253043149,176.36772,44.68366,9.758
253051693,177.92503,44.384964,9.9282
253049661,177.62094,45.77292,8.9559
39775514,154.4271,44.358795,9.7743
39775726,154.34377,45.8846,9.4376
252797698,165.51373,44.106976,9.4142
252798550,165.57259,45.149837,9.7925
392369294,171.02133,45.822796,9.9335
20175288,145.69714,45.51724,8.4114
392348806,155.79617,45.30273,9.9276
253049861,177.51622,44.33908,9.5603
20176047,145.93697,44.7013,7.2975
20175227,145.77327,45.03916,9.978
148679900,172.19846,45.574593,7.7197
56938368,172.49673,44.65886,9.2571
56939961,172.7719,44.73511,9.82563
150276417,161.047,44.678925,9.1397
157836390,149.93048,44.295567,9.59328
23992344,148.1881,44.03444,8.27322
39733882,154.17068,44.558834,9.6281
115855525,157.30107,44.012222,9.3344
39733806,154.13011,45.0435,6.76487
157834406,149.65652,44.327435,9.8927
39733857,154.25714,44.76313,9.6969
409276100,146.48311,45.744347,8.9804
148678896,171.95992,45.185207,3.76206
105506596,148.83289,44.008175,6.9275
253052686,178.02066,45.64701,8.3876
24025301,164.06322,45.770454,7.41031
253052480,178.07549,44.228237,8.1836
105439663,142.35327,44.773438,9.1504
105439681,142.30946,44.882805,9.2563
392365181,155.97952,44.114872,9.9538
160005786,162.71385,44.579483,9.2476
67949420,142.60065,45.628796,9.7509
150268000,160.239,44.753098,9.5044
24025449,164.03494,44.515083,8.627
105577436,153.3315,44.74858,9.95967
409276119,146.50262,45.870293,6.532
39732018,153.79674,45.83246,8.8482
39732076,153.86046,45.351715,9.5107
252803484,166.44145,44.30156,6.0759
29207460,152.17458,44.531265,9.8854
409275889,146.46866,44.716866,9.173
39733785,154.27202,45.211166,9.2667
29207499,152.24821,44.22657,8.6822
24004552,163.13438,45.287006,7.5272
24023952,163.65295,45.465923,9.1129
24023978,163.70479,45.288666,8.6335
29190701,151.50671,44.403145,9.3765
373635189,169.61024,45.866066,8.4726
20161609,145.3922,44.207043,7.8501
253048840,177.35124,44.74032,8.2317
253048816,177.43886,44.53758,8.6041
29207280,152.29242,45.85102,9.21736
39732245,153.8093,44.02261,9.34389
392401356,174.14017,45.673336,9.47204
115854656,157.18274,45.964176,8.2872
39733849,154.26788,44.80523,9.9272
23992326,148.07468,44.126663,8.7203
115891608,175.86172,44.54616,8.7209
252802392,166.34288,44.464638,7.9072
115891564,175.9022,45.00623,9.3819
393835028,146.22096,44.418747,7.7271
105487083,144.3909,45.080685,8.4988
105487210,144.42113,44.439484,6.9344
105487258,144.48328,44.219074,6.9457
29205605,151.84384,45.73396,8.2151
115891548,175.98915,45.197224,9.3647
393834794,146.14418,45.82816,9.2766
160006556,162.9057,45.850918,9.7546
253051738,177.80925,44.0805,8.9595
392348951,155.77814,44.508636,9.9662
392348973,155.81786,44.38658,8.1875
392348996,155.7742,44.259796,9.03276
253051649,177.92958,44.79812,8.54522
253051650,177.93079,44.79813,9.30282
105512923,152.58917,44.131706,9.71183
415760351,162.03175,44.8019,6.7782
148671342,169.33543,44.686596,7.454
417541839,170.00233,45.578262,8.0914
115860893,174.93484,44.518993,7.4826
115869697,175.41716,44.19504,6.0701
29189893,151.46953,45.642563,7.9509
29189702,151.41412,44.274334,9.015
141176934,179.76541,44.81194,9.36516
115860712,174.92253,45.681763,9.9736
148656922,169.34421,45.757206,9.0449
252796680,165.34901,45.67075,8.5312
393853356,146.84048,44.237213,9.08982
252795690,165.12506,44.603348,9.68109
23970649,147.2821,45.217667,8.09
23970703,147.38895,45.620342,9.6449
417541803,170.08008,45.327366,9.4216
67958582,143.29686,45.51376,5.56514
252793686,164.75235,45.19781,5.85394
252791907,164.48122,44.7447,8.82133
148672349,169.64662,44.55172,8.22548
148672522,169.78198,45.54962,8.6448
88704400,167.51811,44.998314,9.1239
88705021,167.66536,45.645565,9.2523
88704406,167.55905,45.037056,8.9464
43215056,168.92146,45.451504,8.2297
43215083,168.82181,45.25091,9.1777
105505670,148.71802,44.6934,7.725
148678837,171.98708,44.87849,5.97555
148679038,171.91603,45.738544,9.8334
148678692,171.91821,44.16353,8.8714
39776285,154.55864,45.958637,9.759
141149155,178.80853,45.08193,9.5448
141149327,178.81339,44.022884,8.7462
115861818,175.03137,45.55877,8.6561
105506682,148.84987,44.37697,8.6759
105506779,148.74487,44.915405,9.9368
20162453,145.51202,45.37282,9.4587
39732954,154.0085,44.813843,9.9255
39775701,154.44055,45.7326,9.4385
252798491,165.68217,44.767044,9.6752
252797645,165.47916,44.363842,8.1705
115870711,175.55548,44.141655,8.59934
148678773,171.9834,44.56583,6.5858
20162395,145.53825,45.858555,8.8195
253047790,177.29002,45.883034,9.9538
406781069,170.58136,44.851715,9.65384
148678867,171.9834,45.01175,9.6083
409273460,142.9204,45.06954,9.97276
115870678,175.53188,44.395107,9.9874
20162579,145.53494,44.54919,9.84313
20161673,145.35298,44.721542,9.35328
105513085,152.58655,44.99944,9.60084
105513158,152.55804,45.49126,9.7618
157845558,167.0282,44.178516,8.78566
253055412,178.5923,45.22213,9.6688
279826340,143.3824,45.184814,9.7398
279826459,143.38129,45.937244,9.9308
253056496,178.67091,45.335606,9.9242
253056544,178.65233,45.56879,9.3764
357188293,160.34001,44.01332,9.8027
253055514,178.50562,44.630474,9.84605
23971369,147.53656,45.816643,9.3184
23972546,147.66292,45.984585,9.4211
105378643,142.02425,44.47966,9.551
406758714,161.315,44.969788,7.595
150268923,160.83098,45.18524,8.7808
392347935,155.6784,45.367146,9.3581
29206545,152.0665,44.570724,8.9275
88705233,167.77698,44.172714,9.2027
253053490,178.15344,44.695538,9.7625
67949277,142.65964,44.769405,7.1983
253052541,177.97672,44.634815,9.10026
160005726,162.764,44.1987,9.60342
24025372,164.00189,45.163578,9.616
105509171,150.93085,45.60054,9.80989
67949317,142.67705,45.031708,9.3484
67950362,142.8376,44.180614,9.9612
150253202,159.55458,45.96,9.4069
105575272,153.07751,44.9088,9.1701
23970494,147.27954,44.18847,8.35535
406781145,170.46156,45.33238,7.8563
67957507,143.0384,45.07659,7.8509
67957637,143.11922,44.24249,7.59969
392367192,161.52779,45.070484,8.882
67951026,143.04645,45.943428,9.6149
252801429,166.1683,45.29037,9.9974
157840448,150.17368,44.45781,8.7877
157840458,150.07803,44.509228,8.1953
157836221,149.93523,45.196964,8.9573
157836276,149.91898,44.910236,9.576
23993190,148.36409,45.670647,7.6826
115809828,150.51825,44.484356,8.5163
252801375,166.09245,45.617043,8.4004
415761340,162.31622,44.61342,8.9544
393834936,146.26204,44.943108,9.47029
29205693,151.93768,45.13747,7.99975
105486907,144.46523,45.903473,7.81111
29205659,151.8301,45.373806,9.5907
393834776,146.15529,45.93517,9.5167
393835025,146.16226,44.426586,9.7457
29173761,151.21754,45.341454,6.31
409274431,145.96774,45.852043,8.5338
409274559,146.01956,45.210712,9.744
43216769,169.25357,44.7688,8.9916
56999944,173.1949,44.294285,8.7773
57001552,173.36633,45.711525,8.6955
357132585,144.29622,44.28374,9.7146
105575413,153.06268,44.16492,9.8856
368293936,155.03665,45.247383,9.6457
393835920,146.40445,44.27337,9.8412
141178813,180.20348,44.97154,9.4979
393835902,146.4066,44.19872,9.8606
392367234,161.47612,45.38463,9.72447
406782066,170.7487,44.37869,9.01
406782071,170.69029,44.317482,9.02863
148674494,171.32318,44.680363,9.64674
252794871,164.91753,45.788578,8.9124
156374107,168.17542,45.101143,9.5154
148672345,169.70213,44.545147,7.72564
406782000,170.71657,44.82448,7.71461
56937489,172.25504,45.727726,8.92058
56937686,172.35658,44.355167,8.79813
105533705,152.74539,45.71611,9.712
67937221,142.50381,45.466698,9.31531
67958445,143.19429,44.672016,9.52048
393854256,156.76622,44.496506,9.88099
39730425,153.60992,44.77635,9.5589
392365365,155.9181,45.325115,8.9935
23973195,147.84976,45.219063,8.9543
392365387,156.06088,45.403828,8.5798
115858200,157.83498,45.022614,9.5001
243247690,146.67702,45.114395,5.9819
376503155,162.4711,45.805847,9.58335
23973257,147.83286,44.803898,9.5972
23973263,147.76942,44.782116,9.0215
39777182,154.74924,44.29942,8.0272
105507828,148.94145,45.181362,7.344
157841487,150.31705,45.070488,8.5827
105489336,144.67998,45.300076,8.3442
243247823,146.63289,45.857452,8.4394
39730375,153.55238,45.08716,6.9315
23973188,147.82175,45.231956,7.9026
115858251,157.8509,45.52605,7.492
148656972,169.30414,45.47204,9.0174
115870642,175.65244,44.634632,9.3706
253050765,177.73167,45.106247,8.46298
115869674,175.33565,44.00758,7.85922
115860788,174.95778,45.15662,7.1173
373635353,169.47054,44.988216,9.29116
115869698,175.46617,44.206722,9.86739
29191596,151.7208,45.88354,8.676
141160046,179.57465,44.72787,8.41587
24024066,163.63791,44.509453,9.778
24024689,163.83583,44.738594,9.2645
24004619,163.13646,45.77784,7.4235
150267205,160.06282,44.042664,9.4708
29191483,151.78326,45.05996,7.2367
105485910,144.03952,44.567238,9.3532
105485988,144.13768,44.913303,9.845
105486028,144.09041,45.11041,9.6716
141159963,179.45206,45.29235,9.13585
252800418,165.91313,44.329586,6.5392
253034785,158.4024,45.914524,7.1819
141179938,180.36267,45.841213,8.7719
115825773,150.81932,44.829002,9.4259
252803218,166.5,45.951485,9.3067
115857177,157.55878,45.538914,9.6521
115857346,157.54294,44.31324,9.9567
392369250,171.07191,45.569374,9.7696
252805039,166.73874,45.634308,9.96692
252805031,166.77068,45.690884,9.1327
155175596,168.68193,45.800602,9.0251
252805275,166.69151,44.115414,7.36088
157846616,167.25029,44.916267,9.314
155175699,168.77966,45.061413,7.02
253055494,178.48918,44.73489,9.06136
157846700,167.17915,44.49846,9.7237
253035572,158.55988,45.4299,8.9382
115810709,150.65788,45.332436,9.3777
115825704,150.79607,44.363583,9.5723
252803407,166.40636,44.79239,9.7035
392369225,170.98392,45.450443,9.9488
392369260,171.04083,45.624115,9.5047
23993910,162.96127,44.808292,8.8295
150228972,155.21442,45.614796,9.9272
406756864,156.48997,45.943405,9.2371
252803366,166.39035,45.00869,9.36474
105507780,149.0227,45.44766,8.4497
376489477,149.47224,44.576683,9.8584
376489689,149.51219,45.77565,9.0024
373634372,168.39426,45.267715,9.9071
148676613,171.6337,44.71635,8.6933
376489625,149.48686,45.414303,5.4328
105440788,143.5769,45.251747,9.0454
376489489,149.3928,44.669003,9.385
148675634,171.49406,44.166397,9.7261
373634434,168.31885,45.68783,9.4773
20160788,145.176,44.755764,9.7105
20160728,145.29062,45.178417,9.93
115827539,157.16995,44.03626,9.4405
406755712,156.38832,45.139835,9.5931
115826755,156.95854,44.983704,9.2158
115856402,157.39691,45.434425,9.5035
253037775,158.88025,45.653694,6.32962
253037831,158.9353,45.256706,7.4131
115827705,157.15216,45.21221,5.2432
115825895,150.83408,45.555084,7.7569
105484803,143.97253,45.193226,8.753
392367035,161.62502,44.103264,7.4107
115892301,176.0694,44.490707,7.3071
252791966,164.40897,44.36359,9.11763
252791974,164.52829,44.31812,9.6462
392367299,161.50787,45.752213,9.6317
252801346,166.04758,45.777363,9.12287
252801447,166.12924,45.157074,8.6058
115809821,150.36348,44.43498,9.94248
415761412,162.31447,44.1922,9.99855
150230104,155.32048,44.660103,7.8265
150230275,155.27155,45.68596,8.0313
105490407,148.51949,44.126232,8.7182
253033684,158.2526,44.09095,9.7025
253033700,158.32184,44.041588,9.89318
39733041,154.04399,45.42106,9.55687
39733108,153.98375,45.97484,9.02715
39732838,154.03984,44.045197,8.315
115856460,157.4858,45.852226,7.33274
39733042,154.10902,45.433323,7.277
105505760,148.61,44.2326,9.04083
115856352,157.47438,45.12941,9.29878
148678682,171.95297,44.11051,9.6393
148680002,172.20676,45.165077,8.53957
150292632,161.85825,45.451656,9.90083
148673495,169.90114,44.67867,9.7367
20162458,145.55588,45.344944,9.5415
409274496,146.05225,45.53943,9.95885
39776373,154.56474,45.303223,9.54509
406758845,161.38011,45.718678,9.53781
23972495,147.63954,45.647877,8.80954
392367949,170.81917,45.834953,9.11089
406759701,170.13327,44.998287,6.3982
406758816,161.33543,45.566307,6.873
23972248,147.5812,44.000587,8.03085
23972414,147.62398,45.083683,7.06196
23972482,147.73985,45.548347,7.63169
23972359,147.61264,44.645473,9.2772
39777146,154.71645,44.04832,6.033
243247566,146.63217,44.375797,9.3019
157964928,162.21318,45.024548,9.5084
39730295,153.48592,45.57564,8.95795
23973168,147.84926,45.335693,9.22217
39777449,154.63806,45.98789,9.81537
392365191,155.97006,44.202553,9.9415
376503150,162.4442,45.82947,9.89659
243247509,146.69115,44.073288,9.7564
279826362,143.49155,45.286484,7.5195
105488516,144.59625,45.943222,8.87923
157965001,162.20654,45.78525,9.31477
105488317,144.54272,44.969696,8.9349
392365317,155.92552,45.038616,9.8012
243247779,146.68608,45.59318,8.54776
115858103,157.8475,44.28756,9.4027
115858111,157.8329,44.333534,9.5465
243247679,146.70743,45.070133,9.41753
393836157,146.41754,45.55448,9.0125
409274703,146.10484,44.485603,9.3942
409274791,146.09872,44.050465,9.82791
43215861,168.98701,44.01144,8.77484
253043284,176.38396,45.603634,8.44538
253043285,176.38722,45.605625,9.12825
293567717,173.68375,45.53906,9.8215
293567866,173.61322,44.41774,9.01025
43215885,168.97655,44.138233,9.42451
43215923,169.09274,44.445427,9.80495
57001919,173.37445,44.45579,9.64316
293567850,173.5491,44.534702,9.94876
105490744,148.4541,45.95199,9.63937
150268967,160.85637,44.950516,8.8291
392366322,156.1054,44.021484,9.51996
105440997,143.52628,44.036453,9.83379
105507991,148.99382,44.292286,9.8276
150230255,155.4146,45.56989,9.96309
88698576,164.36389,45.86482,9.93388
148676588,171.63734,44.600613,9.9535
252800438,165.92963,44.484734,9.45513
115810824,150.61812,44.57851,8.0439
253034757,158.38185,45.749233,9.78039
115825745,150.84602,44.627457,8.4844
252799594,165.7907,44.596832,9.71275
252800507,166.00641,44.928417,8.99245
393857227,171.23703,44.95688,9.77745
393859075,174.00874,45.61293,9.67885
115825787,150.80107,44.92966,9.8832
252800420,165.89893,44.333748,9.3739
393857333,171.20644,44.250725,9.8792
253034730,158.39203,45.540333,9.4755
150228924,155.23099,45.962738,8.8241
150228952,155.14993,45.71274,9.1477
253036752,158.83867,44.81449,9.3423
88692872,149.30467,45.993626,9.0424
88692367,149.19038,45.961338,8.9093
88692937,149.3747,45.557186,9.5816
88692982,149.31097,45.179707,9.2602
88693006,149.25835,45.011364,9.6958
376490486,154.83232,45.398514,9.2393
376490682,154.77211,44.04428,8.77051
406755887,156.33398,44.115433,8.623
20160819,145.14888,44.541306,8.5649
88692888,149.31067,45.90279,8.3089
88692889,149.309,45.902355,9.0386
115859856,158.11932,44.181747,7.17718
900297864,174.35242,47.46251,9.163
900297865,174.35297,47.46235,9.5499
900352392,163.62886,47.493393,8.8366
900352391,163.62796,47.49308,8.7548
900354750,164.44196,47.55006,9.8715
900310337,169.87233,47.470474,9.3928
900310338,169.87244,47.469852,9.5038
115860321,158.03694,47.388435,9.5638
252791438,164.44196,47.55006,9.8715
840940418,158.03694,47.388435,9.5638
148673000,169.87233,47.470474,9.3928
840829590,142.66318,46.067825,8.7491
67949480,142.66318,46.067825,8.7491
39733162,153.9721,46.334343,9.966
24023727,163.62796,47.49308,8.7548
392402786,174.35242,47.46251,9.163
368294325,155.03395,47.71781,9.972
43214778,168.86954,47.4795,7.262
56997370,172.741,47.10582,9.8412
57001289,173.35204,46.60978,8.3762
56998080,172.97426,46.00613,9.3377
57001456,173.24985,46.06439,9.3852
57000578,173.07042,46.796463,9.8752
57000611,173.1503,46.870445,8.6003
406757433,156.66798,46.710728,9.423
150280074,161.74585,46.05405,9.8759
150251156,155.39223,46.15211,9.5181
252803065,166.48442,46.93011,8.9551
287298135,168.81332,47.950294,9.889
252803037,166.49687,47.131924,9.5497
150251466,155.36229,47.870743,8.68627
148684116,181.68506,46.43362,9.208
57008973,173.4714,47.81985,8.4366
57008927,173.39854,47.486492,9.4988
148684148,181.58104,46.284092,6.048
150251513,155.57854,47.76995,9.3786
150251662,155.43922,46.84873,9.72251
406757304,156.61694,47.522198,9.7304
406757435,156.71605,46.689724,9.3929
406757162,156.40407,47.567394,7.0988
20175659,145.8403,47.46238,9.8525
20175598,145.62581,47.85916,8.8148
20175505,145.69125,47.131123,9.7876
20175549,145.6457,47.49067,7.1822
148683738,181.38446,47.07564,9.807
253054851,178.41692,47.395683,9.3149
354033903,169.03072,47.93035,9.7893
29236112,152.35287,47.518997,9.5924
393852947,146.8998,46.578438,9.3514
406756944,156.46722,46.463913,8.8647
252796844,165.33646,46.563633,6.21993
252796925,165.28032,47.13518,9.1045
252797008,165.26418,47.682297,6.53822
252797037,165.26884,47.85081,6.9557
156372582,167.93788,46.54701,7.2626
56938702,172.47676,47.28459,8.0323
56938683,172.51604,47.11842,9.5895
56938911,172.58177,47.244606,6.5914
56938983,172.60344,46.65753,5.1945
39775869,154.35576,46.839664,8.1452
115870264,175.55238,47.60466,9.08448
115870426,175.63174,46.506603,8.1936
392381181,171.03868,47.194046,8.2657
409276841,147.01083,46.29306,8.7604
406781465,170.4466,47.305492,8.9744
252797115,165.43819,47.536705,9.6261
39776063,154.50238,47.550766,9.488
406781410,170.52397,46.908382,8.4919
150253566,159.70308,47.731518,8.8332
29205197,151.77113,47.363014,9.9422
141159507,179.3717,47.78862,7.3817
20175822,145.86607,46.364864,9.77944
150266726,160.13846,47.00251,9.2779
105486315,144.03882,46.6755,9.7653
148683768,181.51965,47.26978,9.20192
393883517,174.58015,46.480087,9.408
393883592,174.58318,46.95603,8.2642
253052986,177.9625,47.746513,9.2667
253049303,177.31978,47.801716,8.1337
253049370,177.56903,47.682163,9.8287
453426299,146.14752,47.987965,9.3525
252798989,165.60066,47.84991,9.4223
406781491,170.49065,47.46152,9.74926
39776007,154.39006,47.783295,9.7932
376504404,182.03949,46.77224,9.8387
376504816,182.35048,46.379345,8.80165
252798756,165.62625,46.214233,9.023
252798868,165.57178,47.030243,9.3015
406781349,170.5418,46.59159,8.69753
376504745,182.3332,46.936573,9.5182
39731816,153.91386,47.3139,7.8823
409276593,146.99805,47.544205,9.9865
253041478,159.37187,46.60496,9.8075
29207226,152.30911,46.283974,8.2584
39731804,153.8878,47.369434,7.1446
393852848,146.80643,47.290066,9.37179
393852948,146.88188,46.576588,8.99019
156372563,167.85455,46.393642,9.6145
56940171,172.83276,46.489407,9.56061
409287661,164.12955,46.32038,9.9799
393852879,146.78697,47.04021,9.6906
53568964,182.81157,47.957615,8.886
252796875,165.3385,46.789936,9.50569
252795325,165.1681,47.067425,9.6347
406757520,156.59015,46.170002,8.9998
406757546,156.63535,46.044125,9.03273
141150933,179.12381,46.6973,6.91529
141159344,179.30908,46.56864,7.4911
141159476,179.28548,47.548134,9.0737
393859296,173.90225,47.113716,9.0121
88698404,164.25952,47.200417,8.6006
148656703,169.43594,47.062763,8.7521
88698369,164.30188,47.497826,9.656
105509504,151.00592,47.379505,9.5889
141176087,179.595,46.24003,8.2045
141176543,179.88933,47.14204,9.6152
105509640,151.05745,47.750793,9.9612
105509830,151.0811,46.59793,9.8045
253051244,177.8803,47.497726,9.1331
393834693,146.11525,46.364426,9.0966
393834478,146.25517,47.694077,7.6457
105488745,144.49483,47.23803,9.7074
279826711,143.44243,47.523945,9.9554
279826726,143.3498,47.63313,9.7921
29205572,151.95148,46.030766,9.1922
160006147,162.63239,46.9923,9.7482
105576545,153.25908,46.330647,9.5991
900287541,173.39828,47.486454,9.626
105576711,153.24678,47.175682,9.47411
105576496,153.20717,46.021187,9.928
23974649,148.20961,46.95572,9.96801
157835774,149.73744,47.75977,9.1991
157835801,149.91585,47.94201,8.0025
115854683,157.06526,46.177567,7.05555
39733489,154.2537,47.30845,6.815
39733567,154.24829,46.78939,7.9033
157835921,149.87616,47.168182,9.78781
24004730,163.19408,46.59994,8.8257
115854861,157.08986,47.59667,8.9404
105576630,153.17836,46.740017,7.6448
39733251,154.08151,46.954075,6.504
115826460,156.90889,46.808865,8.3269
115810555,150.64876,46.361835,7.6765
115854851,157.12805,47.55053,9.89454
150266750,160.03148,46.840767,7.10293
24023630,163.48128,47.671215,7.434
29191624,151.80704,46.114975,8.737
105486461,144.02698,47.523495,7.8775
157835620,149.76846,46.91807,9.3872
115855055,157.24203,47.024326,9.6553
105576807,153.16003,47.725708,9.8402
39733187,153.9568,46.516144,9.3488
105440418,143.5911,47.068462,9.7416
56938588,172.4893,46.25803,8.23793
56938884,172.58382,47.414726,9.3074
56939016,172.65843,46.46645,9.9358
23974469,148.03107,47.685604,9.5907
56938808,172.70064,47.835133,9.5097
88698439,164.32187,46.919334,8.5728
88698380,164.24376,47.404507,9.38124
393883549,174.57065,46.67377,9.24794
393883579,174.63965,46.834213,5.72379
67958892,143.25902,47.608055,6.7863
252793490,164.88579,46.620678,9.2351
88704554,167.50964,46.292984,7.174
20161924,145.3567,46.561127,9.8897
253043888,176.53976,46.416336,9.4136
20140484,145.0745,47.230137,9.772
20140483,145.03871,47.222942,9.7784
392348444,155.8571,47.59969,8.8417
24025155,163.99976,46.899254,8.8286
141178207,179.96909,47.29559,9.84554
253053084,178.18977,47.546406,7.9672
67949535,142.63568,46.399483,9.10212
24024889,163.88025,46.4894,9.93545
253053053,178.20497,47.701817,9.99412
115825999,150.7729,46.19709,6.70551
20140386,145.05235,46.476288,7.2942
297964323,169.32959,47.93634,6.9087
459191727,180.79938,47.171417,7.6551
105533639,152.78688,46.113873,9.5957
88704820,167.75127,47.096367,9.1212
20140655,145.17696,47.55985,8.7805
115906564,176.1203,46.601276,9.0545
56937435,172.37126,46.095337,9.2327
20160550,145.2469,46.25948,9.78712
115906544,176.00209,46.445297,9.0588
459191811,180.81187,47.842598,9.0334
115854850,157.1282,47.549416,9.9483
105509943,151.12846,46.00408,9.5938
115870166,175.39699,47.52139,9.99948
141176359,179.63266,47.7654,6.5369
141176596,179.90341,46.851418,8.7843
141176637,179.8934,46.599255,8.83278
148681862,181.27757,47.40252,7.9626
150253329,159.50421,46.724915,9.96277
417542007,170.10269,46.834595,9.3063
253041876,176.15785,46.915092,9.8551
138172510,182.8749,47.713654,8.5085
115858787,157.88326,46.8742,5.9318
393854597,156.81145,46.689327,9.3309
141150759,179.25719,47.79625,8.1172
458425650,182.5201,46.592834,9.80063
409273930,142.92377,47.460503,9.8898
160006503,162.89801,46.29204,8.8148
88721394,182.00606,46.83963,9.0017
160006422,162.81091,46.796276,7.4187
53553525,182.05399,47.925537,8.68929
115860338,158.12231,47.53884,7.4559
88692569,149.20667,47.48057,7.8446
88692689,149.2692,47.30359,7.7096
115860303,158.07237,47.223473,8.179
115826205,150.71304,47.45779,9.5619
115826304,156.9679,47.88426,9.72793
105484242,143.6988,47.585075,9.81881
376490177,154.8548,47.062553,9.50213
115860207,158.10358,46.526245,8.68129
406756932,156.40434,46.370266,9.4203
23969522,147.14738,46.021008,4.5291
23970903,147.35162,46.97793,9.902
393857768,173.72925,47.32625,9.80008
23970853,147.31776,46.621803,8.9689
23969382,147.13017,46.898453,9.54134
253039409,159.14972,47.5217,8.1048
88769787,151.98523,47.947716,9.1387
376503050,162.45935,46.640987,7.845
39733163,153.97185,46.335625,9.2256
105507104,148.74648,46.69957,8.7374
105507119,148.74562,46.748222,9.1447
311657559,160.62585,47.99916,7.34011
148679360,172.04507,47.4277,9.6323
115856777,157.50458,47.730526,9.4552
279826638,143.4127,47.04596,9.8466
150292427,161.79207,46.6776,9.9566
279826758,143.45479,47.791084,9.9701
20162162,145.4673,47.422913,8.6814
20162170,145.52159,47.367638,9.3332
148679620,172.07442,46.98606,8.7887
148679145,171.9159,46.29454,9.4527
56937444,172.32716,46.04788,8.2425
141202469,180.69138,46.415096,8.99756
88704711,167.61409,47.79801,6.7874
156374255,168.27095,46.22306,7.7781
156374314,168.19093,46.674538,8.6073
56937308,172.33325,47.136017,8.274
105533619,152.79398,46.241608,9.0356
56937343,172.28523,46.8247,9.6169
56937379,172.30942,46.572937,9.6535
105535080,152.90013,46.271717,9.67694
105535153,152.82545,46.666225,9.85089
392402556,174.3149,46.142044,7.8372
392401153,174.13405,47.075256,9.616
157846115,167.1022,47.672928,9.4358
279826528,143.46205,46.357727,8.1121
253047252,177.1002,46.202576,8.7965
157846326,167.24133,46.570763,7.8245
155175033,168.60413,46.06778,9.909
20161875,145.40715,46.201134,9.10387
20161903,145.32938,46.42056,9.60797
253047751,177.14497,46.130203,7.92464
840859658,150.64824,46.361763,8.2092
253039462,159.03792,47.753647,7.033
253039563,159.32805,47.534023,8.5431
253039724,159.29456,46.54807,6.27014
115856560,157.3784,46.448357,8.1992
141178249,179.99298,47.51451,9.6242
293567578,173.69449,46.59667,7.8888
88720078,181.73209,47.87474,7.2323
88720162,181.78351,47.298275,7.1437
376490005,149.40265,47.628475,8.9071
393852659,146.42259,47.391155,9.086
105574997,153.00604,46.3321,9.3758
393854605,156.80968,46.714767,8.7084
393854649,156.75987,46.93705,8.1963
252791409,164.41649,47.75808,7.545
458427186,182.74397,47.615086,9.30503
23971008,147.28366,47.65189,8.4525
23971251,147.48137,46.546097,8.401
23972676,147.73663,46.970913,8.9163
392367868,170.88524,46.378986,8.3257
23971271,147.4206,46.411373,7.23341
23971314,147.45052,46.157673,9.6756
406760215,170.33624,47.78677,7.7496
406760410,170.34515,46.444267,7.624
393852542,146.3127,46.72266,9.5146
253039714,159.27982,46.646763,9.2385
43216584,169.2772,46.19433,8.6909
293567412,173.54819,47.550095,9.3534
409274189,146.06725,47.084843,9.3143
253037054,158.81172,46.40516,8.41
29206973,152.05542,47.738853,8.5507
23971224,147.51935,46.723827,9.6301
160006019,162.75674,46.22846,9.8889
105507634,148.9078,46.235466,9.4367
157965061,162.24591,46.327335,9.8237
105489119,144.67636,46.417538,7.4942
243248029,146.74141,47.07995,9.5081
157841187,150.34006,46.91066,8.3615
157841190,150.35307,46.894447,9.206
243248145,146.60838,47.803684,9.2258
39777462,154.66676,46.10685,8.1153
39777559,154.74469,46.760777,5.39992
105488889,144.70477,47.797737,9.1082
150251178,155.31752,46.245834,6.7418
105505339,148.64505,46.42314,9.7922
39776059,154.60414,47.57191,8.4543
39776047,154.55603,47.61929,9.1439
115868701,175.19315,46.625446,9.39631
148679144,171.91443,46.29261,7.4308
148679362,172.05215,47.456467,8.03663
141148818,178.9085,47.2574,8.3965
115868771,175.19606,46.13746,8.84717
115856730,157.3836,47.371838,9.1949
150292438,161.94199,46.614502,9.9505
105507269,148.85123,47.591625,9.9754
157840750,150.10501,46.22756,9.5388
157840903,150.19527,47.19867,9.6134
155175481,168.68617,46.58703,9.508
253055030,178.49803,47.48926,8.4421
155175212,168.63866,47.319347,9.6508
253047526,177.28687,47.641285,9.93722
150251271,155.3641,46.831425,9.8959
376502711,160.5188,46.82214,9.8946
105490936,148.45557,46.96153,9.925
115810407,150.53377,47.371437,9.3753
253034976,158.49725,47.078754,9.0891
253035327,158.63313,46.660404,9.6063
115810089,150.49773,46.219482,8.0017
39730105,153.53964,47.0502,9.9063
141180137,180.38924,47.007595,9.3721
141200925,180.43353,47.464096,9.074
150266549,159.91112,47.94943,9.3216
252804773,166.70222,47.421196,8.5751
20138884,144.96037,47.79112,9.073
252804692,166.67336,47.79305,9.9128
252800944,165.96866,47.63533,8.9456
252803099,166.47495,46.741116,9.3824
20139133,144.92023,46.074978,9.947
332250988,184.00047,47.562103,9.5213
373634586,168.47545,46.58138,8.9019
148675017,171.43394,47.91609,9.5884
136947179,172.72063,47.928905,5.6008
105440623,143.57614,46.038803,7.1849
105440595,143.53,46.204468,9.7909
148677077,171.72449,47.618237,9.612
157841319,150.31999,46.148144,8.3842
157841256,150.21965,46.524563,9.9588
157841329,150.24069,46.07358,9.92395
23972975,147.7537,46.74535,9.9669
23973007,147.87982,46.466305,9.99209
297929409,148.67511,47.99221,9.459
279826509,143.36974,46.228683,7.8162
105488812,144.51277,47.561222,7.91317
29173615,151.25032,46.570904,8.5711
105535364,153.01581,47.84658,8.9873
157834036,149.67537,46.468445,8.91109
29173683,151.2233,46.030697,9.61751
253039526,159.19933,47.72013,7.57
141178611,180.18272,46.0757,9.15292
88720187,181.74815,47.14237,8.02513
253043433,176.32098,46.500156,9.42764
57000805,173.12389,47.65453,8.99555
24004999,163.40688,47.2307,9.4944
57000504,173.09381,46.417183,9.8806
157834013,149.69566,46.62507,9.9241
23993328,148.38153,46.56554,9.1901
157841128,150.23189,47.348083,9.9431
253037205,158.83916,47.221096,9.6346
105509455,150.85046,47.128265,8.3887
23971274,147.50192,46.410713,9.9076
392367766,170.88998,47.218807,9.62601
253037504,158.95938,47.02486,8.86183
253037674,158.87325,46.164356,9.38827
406760182,170.18414,47.95384,9.2937
23971021,147.31282,47.719215,9.24307
373634651,168.34059,46.9708,8.83734
148675141,171.44032,47.07921,9.47135
376489909,149.4865,46.95248,8.3158
105440452,143.58151,46.902077,6.3265
24006231,163.46028,46.155743,8.31971
150280199,161.72571,46.479507,9.2689
148674840,171.33504,46.741035,8.15278
148675020,171.5091,47.907303,9.65604
136947184,172.66571,47.906273,9.2258
357132132,144.29442,46.9316,9.97744
150266522,159.89638,47.77511,7.72635
157848159,167.41858,47.7858,9.33704
150266482,159.93355,47.544945,9.4413
253034832,158.49202,46.20528,9.12444
115810515,150.60126,46.672806,8.9837
20139000,144.9431,46.952,8.73935
393856946,171.09763,46.903378,8.6524
115810065,150.51529,46.084564,9.6515
900320232,171.47386,49.140095,9.28
840896882,145.22913,49.26179,8.4046
136947356,172.82877,48.938496,7.409
141209661,186.59575,49.4883,9.816
357154769,145.22913,49.26179,8.4046
252483071,156.23698,49.18823,7.606
458422641,170.9748,48.29803,8.876
445811849,171.47386,49.140095,9.28
53523694,181.25235,49.522675,8.6815
53523744,181.43065,49.68222,8.7071
289680611,144.8057,48.76565,9.4056
202293153,174.4665,49.809177,7.4472
318362625,166.89983,49.177002,5.4002
289679528,144.59784,49.867836,8.8287
287253893,144.37549,49.059223,9.9626
88731011,151.61398,49.889584,9.0509
453445501,148.05093,49.635307,9.5033
53551783,181.75713,48.542767,7.2633
136949814,173.87204,48.3222,9.9293
136949700,173.80649,48.396282,9.4966
136949671,173.64372,48.52541,7.7509
136949996,173.93352,49.453693,9.7413
141208469,186.40518,49.887745,7.6892
11940050,179.2773,49.16173,9.2889
53451383,161.57898,49.16382,9.3728
11907392,178.66641,48.93313,6.509
287224642,143.98268,48.303623,7.6858
459794345,175.70299,49.959023,7.4211
287226902,144.39995,48.50668,8.3692
88728993,151.2529,49.03812,7.9255
88729020,151.2013,48.930447,9.1913
287226527,144.13696,49.41459,9.7928
459799913,176.81705,48.56381,9.0833
459799982,176.82588,49.137825,9.2715
318355279,165.58907,49.78456,9.2774
459799975,176.75844,49.094288,8.4103
318354739,165.42027,49.609444,8.0054
318354980,165.39949,48.056583,8.0677
459799673,176.56314,49.001354,9.88124
318292007,164.47363,48.929585,9.3238
136944727,172.09343,49.1582,8.5407
318253116,163.82394,48.048626,9.4609
318253195,163.82025,48.490772,9.6739
354031481,168.55923,49.542866,9.076
354032935,168.67996,48.384975,8.9265
354031519,168.44908,49.85621,6.3708
354031215,168.3728,48.071556,9.8635
354031259,168.44035,48.076847,8.4945
136944707,172.03877,48.993797,9.5553
318291705,164.25693,48.61231,9.73368
318291866,164.51,48.219078,9.72225
318339631,164.82144,49.771458,9.8772
453414847,146.05734,48.789463,9.2427
11894615,177.9913,48.088676,8.661
318339427,164.78418,48.51707,9.0343
318341157,164.98938,48.777023,9.0406
311578472,159.66006,49.208183,7.2854
11894306,178.05989,49.93169,5.9439
11894590,178.06232,48.221428,8.2618
453430477,147.01031,49.048836,6.4769
453430541,147.11311,49.361443,8.845
453430418,146.99512,48.764675,8.4935
154205629,180.10915,49.17194,8.8287
453443470,147.66628,49.91334,9.5388
453443957,147.78441,48.84025,9.9699
318275920,164.05145,48.791996,9.998
453430312,147.09654,48.303356,9.9638
318276006,164.11322,49.29136,9.9622
154205635,180.15057,49.15238,9.0721
318275585,163.90385,48.922108,9.98994
318339281,164.59886,48.288094,9.018
318362684,166.80374,48.85183,9.95549
53551449,181.52464,49.158424,7.2278
53551632,181.47946,48.156254,9.6012
53551730,181.63327,48.238804,9.92534
900295270,177.99086,48.088852,8.8326
136949831,173.83215,48.458183,8.5101
136950032,173.90881,49.706047,8.65385
289704537,144.9309,48.89937,9.5922
289704623,144.88942,48.468822,9.9904
311556219,158.41074,49.714508,9.6683
311556707,158.58722,49.107307,5.7746
311556590,158.54425,48.41561,8.6903
289704535,144.93776,48.91339,9.9595
11894893,178.22578,49.3959,8.446
900304784,176.95833,49.82339,9.9642
202293183,174.52138,49.627495,8.2981
318354923,165.35689,48.431095,9.23834
459800061,176.87607,49.78982,9.48803
318354754,165.31047,49.478207,9.64963
459799994,176.86638,49.208096,9.2902
53579472,183.37611,49.502796,9.47068
297983589,169.56015,48.22353,9.0164
320321806,169.90971,49.506165,8.0364
154218637,184.63782,49.59564,8.837
311578073,159.4288,48.826847,9.5259
320321873,169.89343,49.95622,9.5447
289680672,144.73358,49.01225,9.9968
289680753,144.71513,49.46668,9.9253
11890802,176.37312,48.327034,9.5383
53498125,180.79413,49.39413,9.0858
88729273,151.4353,48.353615,9.7931
287226643,144.24974,48.830402,8.9588
287224673,143.96135,48.491604,6.6083
287253941,144.36093,49.306084,8.32788
88729352,151.37582,48.76289,9.47455
287253989,144.32114,49.595276,9.8707
53478998,162.10515,49.094776,9.7005
53568859,182.55214,48.531334,7.509
202295700,175.16284,49.47149,8.8243
445809598,169.24663,49.955753,7.7927
445809684,169.17438,49.47625,4.95006
287297930,168.75574,49.464928,9.9133
11906962,178.49632,49.213287,9.2882
354032958,168.65591,48.24981,9.431
297964570,169.39555,49.566235,9.2864
354032869,168.56358,48.758747,8.1852
354033786,169.04103,48.848793,8.45593
297964487,169.39128,49.076782,8.29183
354033630,169.09338,49.897106,9.7671
252467570,150.17726,49.073826,9.2151
252476881,155.17201,49.10071,6.5173
311568365,158.6413,48.27878,9.7824
371521350,153.13777,49.023075,9.4126
311629718,160.26047,48.98813,8.5189
371521110,152.821,48.057014,9.5335
11906983,178.37338,49.145367,9.08485
367585962,148.92917,49.819843,5.251
367586235,148.89848,48.47102,8.35
311629652,160.2645,48.572803,8.56775
311568694,158.7748,49.501434,9.5334
302666059,158.96436,48.53159,8.8408
371521074,152.86882,48.24774,9.7324
453426175,146.22116,48.61613,7.0553
371520845,152.88063,49.419975,7.5734
371564308,167.49452,48.272827,9.7562
371494368,152.50581,48.50287,9.9191
453426202,146.13274,48.49195,9.4023
320323241,170.08829,48.576168,9.415
320323266,170.1786,48.455414,9.962
11906889,178.40503,49.6003,9.7707
318291689,164.27847,48.69747,9.08588
53496793,180.65414,49.976433,9.62368
136944696,172.13965,48.95427,8.44916
311568291,158.66692,48.69123,9.8797
311568556,158.83606,48.650845,8.5648
357167258,145.8689,49.853756,9.5536
311701784,161.0032,49.42422,8.794
11892619,177.0612,48.52378,6.2879
11939562,179.20909,49.489677,8.74236
357167196,145.84671,49.518826,9.9958
11939686,179.21483,48.645462,9.0517
445811870,171.58423,48.967587,9.4205
311629211,160.17513,49.870373,9.615
311629313,160.20786,49.23693,9.7133
311629667,160.3205,48.653126,9.0187
11907159,178.47748,48.304924,9.923
445807990,167.79834,49.091686,9.3777
252479039,155.64859,48.968475,9.9003
252478898,155.51373,48.29203,8.248
371546489,167.20216,48.24655,8.7614
53566953,182.2235,49.18535,6.5313
252487700,157.01366,48.963966,5.93532
252487828,157.10489,49.672333,9.3706
11942140,179.78206,49.715885,9.6718
154220793,184.95296,48.984142,3.58549
311627362,159.83914,49.16856,9.8514
311627378,159.70277,49.06048,9.8119
53498384,181.04776,48.127865,9.9075
11937858,178.929,48.22564,9.6309
11942070,179.7767,49.275898,9.2167
154220651,184.95638,49.734882,9.5045
287298114,168.907,48.101055,8.516
141208408,186.45673,49.43334,9.5042
287298034,168.78712,48.590916,9.1956
445809819,169.1163,48.616978,9.3977
202295763,175.24644,49.066868,9.2216
453445590,148.06987,49.190792,7.0991
318275785,164.04904,48.017765,9.0203
150225128,143.16025,48.166817,7.75734
453443842,147.8579,48.194405,9.22295
453445444,148.03967,49.97637,8.57238
318275789,164.0404,48.02837,8.39434
154205524,180.11035,49.58496,8.22352
154205685,180.01628,48.884354,9.32
154205690,180.04536,48.8788,9.40845
148626606,157.7295,49.679905,7.0571
458422546,170.99641,48.98867,7.9495
458422819,171.1438,48.605774,5.2177
458422642,171.02315,48.290493,8.4584
136945527,172.39868,48.869022,9.6478
458423023,171.22925,49.598167,9.1443
459790834,174.14073,49.48839,9.9993
53430566,161.39871,49.474083,8.933
445810293,170.4668,49.671604,9.0441
311577897,159.32965,49.90747,9.51678
53430553,161.47093,49.417297,7.9327
311577954,159.39514,49.557133,9.82401
53430093,161.1364,49.43906,6.76083
53430222,161.2268,48.545956,7.1074
289679897,144.48355,49.003017,8.44143
289680824,144.76227,49.80378,9.24217
11891052,176.44731,49.864246,9.05072
289680717,144.80157,49.25771,9.9066
371491588,149.09398,49.22612,9.2132
53569024,182.8066,48.2972,9.04722
53569064,182.82414,48.494694,9.6603
53498334,180.85289,48.076252,9.0106
289680131,144.57007,48.442238,9.8893
53498474,181.05809,48.81238,9.98223
311556725,158.46065,49.186176,6.9448
11938005,179.03995,48.999454,9.61
311556318,158.28453,49.168888,9.0935
302665974,159.09673,49.050747,9.3283
453430216,146.81754,48.034943,8.4472
371491754,149.11908,48.42614,9.8021
318355036,165.6464,48.143726,8.2898
354009280,167.98505,48.63479,7.9606
354010865,168.29285,49.46034,8.0759
136950941,174.19589,49.98999,9.9191
136950918,174.31277,49.860157,9.74
318341030,165.0316,49.572395,9.9844
53578020,183.1607,48.597237,8.203
318362654,166.91,48.99536,8.15971
318362691,166.91519,48.82273,8.4273
311578543,159.55356,49.641357,9.2858
318339571,164.75458,49.397408,9.8685
53451286,161.672,49.639492,9.5027
318341210,165.08353,48.488625,8.09223
53567426,182.43022,49.536755,8.7931
53482470,180.37025,48.460323,9.1393
311701846,160.9852,49.80091,6.05039
357133245,145.01506,49.130295,7.5408
252469742,150.56331,49.65928,9.0248
453414888,146.04892,49.03399,8.1499
318231051,162.85864,48.197445,9.4533
318353379,165.24718,49.560287,9.53949
318353408,165.24309,49.734474,9.8467
445829593,173.01886,48.821762,8.1738
53523437,181.29944,48.59233,7.8121
53581420,184.00185,48.116203,8.4377
445833139,173.23251,48.572388,9.2685
453429977,146.97218,49.454372,9.5829
53478704,161.9209,48.59629,9.76108
53580528,183.62688,48.31469,9.7401
53478554,161.96318,49.686825,9.9943
311659492,160.89095,48.21412,7.3056
357166699,145.60428,48.776073,6.4005
311569482,159.23682,48.29591,8.3681
311569503,159.23982,48.41209,8.4421
357166582,145.54247,49.356915,8.9407
357166789,145.67955,48.43102,6.3529
11892418,176.95844,49.822968,7.11524
445809986,170.42447,48.0799,9.8501
141209660,186.5944,49.488342,9.5657
445832946,173.19612,49.76578,9.9665
53580461,183.78676,48.732567,8.83787
445833546,173.44011,49.83029,8.74671
311701613,161.02646,48.569054,9.4263
453428363,146.74146,48.388577,9.8684
53523236,181.36414,48.117363,9.07265
453430095,146.82494,48.76615,9.4021
453428046,146.59172,49.338867,9.6661
445833114,173.25395,48.749332,9.6491
53478663,161.94221,48.887455,9.9975
252485632,156.65599,49.015965,9.3356
252485046,156.45033,49.999393,8.6736
252487672,157.01617,48.784904,5.8504
11892675,176.90604,48.172802,9.4393
53567462,182.49872,49.768074,9.27578
141204301,185.5475,49.479153,9.2748
252487736,157.09467,49.17625,9.77779
53577670,182.88419,49.65378,9.92999
11941767,179.50034,48.203457,7.55072
11941835,179.7986,48.009743,8.8537
53577863,183.0309,48.2191,9.9149
53581555,184.26395,48.432823,7.0025
53577659,182.9464,49.73604,8.8607
11941465,179.49953,49.911594,8.339
53451777,161.76358,49.001503,9.5009
417116816,177.49702,48.163315,9.7769
141207877,186.1899,49.92428,9.9333
453428250,146.56009,48.09249,9.87413
371520835,152.84225,49.454235,5.487
371564194,167.60416,48.962536,8.74339
371494552,152.57036,49.507336,6.7609
453426040,146.08835,49.42582,8.7958
156409052,154.03932,48.741344,8.20081
453426323,146.4222,48.054836,8.82396
453426502,146.4313,49.113384,9.9349
154219167,184.80307,48.974636,9.633
453426148,146.19716,48.809624,10.0
252479050,155.67336,49.02189,9.285
289680299,144.45157,48.002872,8.23376
252479115,155.5551,49.429073,9.5767
289679746,144.50124,49.327145,9.10197
371546078,153.59404,49.76851,8.57857
311657277,160.54382,49.57554,9.2389
453445471,147.99043,49.76222,6.2414
354008428,149.50899,48.21989,6.6599
252483556,156.36946,49.410797,8.4793
252470070,150.59064,48.088802,8.25157
318232983,163.16678,48.59631,9.9575
53567267,182.43954,48.550358,9.95327
202294948,174.83102,49.20827,9.7863
202294916,174.73753,49.435623,9.5239
202294955,174.8063,49.158947,9.1099
53565498,182.10866,48.9685,7.4579
311627439,159.85004,48.804955,8.6833
453432460,147.51874,48.962215,9.8144
311657578,160.67288,48.17584,8.9851
318362979,167.0812,48.86961,8.8515
88723194,151.10904,49.571777,8.2801
334296545,143.6325,48.75467,6.698
357155322,145.36163,49.361145,8.1442
459796405,176.1218,48.51641,5.8263
318358901,166.1962,48.265343,8.27319
141204734,185.7688,48.854862,7.4715
318359064,166.29282,48.578987,9.3394
88723200,151.04782,49.599094,9.9812
357155168,145.51468,48.651287,9.4313
141204774,185.71982,49.111145,9.2879
334296685,143.63347,49.539116,9.2203
459796340,176.01501,48.967896,9.7581
357154888,145.3002,48.60243,9.8801
88767857,151.77899,48.420425,8.4531
88767945,151.70627,48.919758,8.6037
88722948,151.09396,48.30919,9.8317
88722951,151.0582,48.323586,8.8665
444043823,143.76776,48.762486,9.549
88767821,151.7039,48.21317,9.3604
297929099,148.59164,49.541534,9.1799
297929443,148.62088,48.14435,9.4504
297929481,148.62006,48.353504,7.4829
88767928,151.8838,48.833466,7.9201
252487417,156.8573,48.37488,7.804
88767882,151.74037,48.534855,8.9031
88768006,151.81033,49.235138,8.1877
297929093,148.55907,49.554955,8.9525
297929578,148.64145,48.786934,8.5841
88768024,151.71458,49.345222,7.3309
252485461,156.67323,48.081776,7.7398
252470475,150.70679,49.878372,6.68292
252478486,155.37404,49.882942,9.64
252478564,155.43944,49.455917,9.041
252463112,149.56378,48.563553,9.9529
252463368,149.67645,49.77915,9.2786
252485796,156.69548,49.877422,9.51835
252470313,150.7212,49.10863,8.8047
371493935,152.30066,49.46146,9.1857
371543781,153.28139,49.913307,9.8364
252485698,156.65869,49.415363,9.949
252470194,150.75386,48.507526,8.6533
371544040,153.17293,48.52777,9.0994
252463097,149.62962,48.49135,9.7895
385452798,170.295,48.205143,8.3842
252476873,155.20053,49.06378,9.4987
252467716,150.15092,48.25618,8.0514
320321481,157.40906,48.584064,9.36
252472111,154.41185,49.159603,9.6681
252472280,154.38358,48.164288,9.9534
417117169,177.81415,49.930595,9.6451
136945433,172.45691,48.331295,9.2854
453432365,147.516,48.42439,9.96652
453432481,147.52449,49.075485,7.83475
453432518,147.4256,49.253284,9.7518
458422501,171.02777,49.375015,8.49557
458424407,171.32216,49.375343,7.72444
458423032,171.25667,49.65641,9.91833
453432439,147.41907,48.85884,9.7184
136945383,172.54181,48.003372,9.98792
252472039,154.37415,49.465878,9.7755
252478770,155.36081,48.255775,9.9561
371544061,153.15802,48.405727,9.44195
371544295,153.51456,48.81436,8.8438
371494399,152.4516,48.631386,8.5259
371544024,153.23466,48.589054,9.47038
88722662,150.92305,49.5007,9.9044
88722701,150.80391,49.205032,8.25525
318356852,165.82224,48.813454,7.97152
287224658,143.9969,48.411873,9.2683
318356890,165.80031,48.60766,9.39798
318356706,165.82086,49.62075,9.7073
136950661,174.3262,48.364487,9.666
141246785,187.16278,49.635483,6.96782
148626630,157.74072,49.783413,9.6524
318355093,165.56422,48.446697,9.99611
141246830,187.19832,49.901207,9.30164
136950879,174.2445,49.59767,9.1705
148655671,158.18022,49.341087,8.8346
252474415,154.73488,48.61816,7.9828
252474644,154.86162,48.396763,5.1462
252476536,155.1364,48.612392,8.5455
252465830,149.95905,49.979572,7.6585
354008283,149.42564,49.063076,9.9355
453445503,147.98106,49.62198,7.2694
453445852,148.13875,48.195232,8.87827
252483502,156.23697,49.189426,8.885
453445518,148.01509,49.538963,9.9605
453446072,148.14847,49.42329,9.9362
252481433,155.94415,49.59109,7.6696
311569639,159.2099,49.14102,7.9609
354009302,167.91869,48.52782,8.97578
417115357,177.35403,49.806046,9.4063
284526811,169.81657,48.48618,9.7942
53565543,182.0615,49.19922,8.9499
252481115,156.04498,48.05213,9.4665
284526750,169.82294,48.90886,9.3924
202293234,174.38983,49.265186,9.0482
202293754,174.60115,49.806004,9.9736
297944913,152.72234,49.711147,9.77193
136947332,172.79274,48.789574,5.73993
445829377,172.218,48.230858,7.175
318360903,166.44817,48.056858,8.7915
318361205,166.7281,49.57745,8.5992
11893688,177.75873,48.063114,8.717
445829165,172.30356,49.301285,9.6902
445829274,172.22552,48.773727,9.2885
373658137,171.65076,49.216698,9.978
417116661,177.61145,49.253613,9.72743
88723006,151.03685,48.591225,7.19813
252487356,156.95851,48.715626,9.3378
88767866,151.74985,48.467167,9.8417
318291978,164.451,48.800583,8.74486
11941801,179.50952,48.0415,9.4292
154206001,180.19148,48.61322,9.79317
88768087,151.8467,49.656094,9.6928
53577690,182.96945,49.50063,8.5404
416538435,183.95105,49.798855,9.11289
373658297,171.80414,48.324123,9.2441
53577882,183.04143,48.14578,8.90962
88769471,151.89642,49.868168,9.55922
459796187,176.17047,49.94188,9.26003
357155157,145.4857,48.586334,9.3437
136948162,173.53003,48.568123,7.45406
459796195,176.16345,49.90326,8.89687
458421177,170.73386,49.851784,9.5507
311657720,160.60101,49.207222,9.9774
357155165,145.36186,48.644768,9.951
417116636,177.50258,49.389183,9.07472
252472545,154.42607,49.06657,8.4464
252472645,154.47734,49.57607,7.1995
417116668,177.45418,49.232193,7.8743
311556507,158.39807,48.078472,9.7561
417116788,177.55022,48.388927,9.90428
453447635,148.42528,48.469257,8.66018
453447622,148.27892,48.535038,9.6806
252476436,155.05698,49.26495,9.1631
252474292,154.70978,49.229626,9.22243
252480936,155.82455,48.710934,9.94527
311569562,159.26466,48.681236,9.3937
297944967,152.75655,49.397015,9.8386
416540930,186.8029,49.86249,8.88956
284526599,169.77779,49.97378,8.02985
252478806,155.42441,48.041992,7.0164
252481313,155.97513,49.09703,8.0819
354009376,167.91467,48.034748,9.0098
371564050,167.62074,49.9548,9.63051
141206108,185.84631,49.57725,8.93313
453447648,148.29622,48.37967,9.32803
453447583,148.33482,48.777943,9.9451
453447681,148.33803,48.221973,9.2365
445807827,167.82014,48.195583,9.55361
445808030,167.65999,49.37618,8.363
445829179,172.33302,49.241425,8.74677
136949489,173.70135,49.60456,9.36719
136947000,172.62433,48.93571,7.4559
136947355,172.82683,48.938602,8.56259
354033876,168.9633,48.113914,9.7032
136949500,173.68753,49.52796,9.6431
318360723,166.55713,49.086987,9.7787
11893413,177.76663,49.68286,9.7645
900379291,162.66795,51.799477,7.4663
21179665,275.9378,51.649136,8.5236
950387538,186.70763,51.205772,6.11522
900363003,166.44234,50.172462,6.5535
950385295,184.61633,50.621822,9.98076
950385296,184.6171,50.62131,9.94571
840899740,143.91504,50.073006,9.7407
840912811,146.90013,50.95477,8.8057
840912812,146.90106,50.95494,9.0028
840899739,143.9151,50.073547,9.9276
1551121272,275.9373,51.648487,8.6092
1551121271,275.9378,51.649136,8.5236
840951659,159.22748,50.69814,9.8449
840951658,159.22784,50.697872,9.662
148836013,162.66795,51.799477,7.4663
154218457,184.6171,50.62131,9.94571
10005000192,181.39246,50.53903,9.792
373656712,157.27454,50.863148,8.337
311576727,159.22784,50.697872,9.662
318360556,166.44234,50.172462,6.5535
416541146,186.70763,51.205772,6.11522
287224990,143.91504,50.073006,9.7407
453429704,146.90013,50.95477,8.8057
318358422,166.14943,50.97447,9.273
53524238,181.25388,51.24489,8.69563
53522519,181.12888,50.237232,8.8201
53524497,181.39693,51.931095,8.15849
53524499,181.39342,51.931183,6.76681
53614340,184.18608,51.98753,9.86106
21149185,275.091,51.59848,9.36879
21149574,274.97464,51.872738,9.9766
284190068,275.5945,51.49985,9.4787
284190094,275.54916,51.541904,6.70551
420899154,273.35928,51.636417,9.6206
284169295,275.45172,51.40574,9.5156
298646999,272.3999,51.87252,8.07296
21003437,272.68005,51.741764,9.3632
21003476,272.71524,51.662613,9.687
21015581,272.7763,50.792336,8.9099
366122863,274.01373,50.53267,7.4823
420887907,272.89743,51.947495,9.7277
262970406,271.53253,51.281723,8.6036
262970319,271.54605,51.470764,9.9048
420888018,272.8932,51.710693,9.5282
362215951,275.18372,51.218864,9.59674
298646738,272.28348,51.363674,7.9497
298646916,272.36157,51.72282,8.7461
233508876,270.5698,51.638783,7.1158
21003440,272.75558,51.73993,6.41338
21015225,272.70633,51.509014,8.2907
420902058,273.67648,50.2437,7.2782
366119793,273.83334,50.97126,7.1253
21020386,273.1476,50.915478,9.72453
21027962,273.1432,50.46243,8.98305
420902022,273.6491,50.32613,9.84387
420898572,273.4923,50.35517,9.9711
420898665,273.39212,50.573135,8.3148
420898865,273.3536,51.012882,8.4616
420901519,273.68665,51.25888,7.7806
21122981,274.62784,51.547855,7.6551
420901397,273.5511,51.495155,9.0043
233508968,270.56952,51.45848,7.6807
284192535,275.7224,51.9821,9.7773
284169357,275.37283,51.30109,5.42002
21015661,272.7472,50.63257,8.6348
298649476,272.5124,51.2439,9.8979
233520256,271.18655,51.88214,8.1922
233518230,271.07947,51.587887,8.6128
284169190,275.436,51.62765,9.25945
21122783,274.7656,51.230183,9.43788
366123495,273.91684,51.629517,7.6608
329345270,269.79224,51.91368,7.88385
298649470,272.42722,51.24667,7.1344
420898647,273.38065,50.52734,8.82595
420898860,273.40387,50.996555,9.76899
289721682,274.11588,50.61656,7.2742
21149124,275.13336,51.55765,9.1389
420898471,273.42496,50.175007,9.8514
420901846,273.5134,50.631,9.5149
420899009,273.39404,51.323097,9.029
420901243,273.56335,51.80765,9.1631
420901328,273.514,51.64091,9.88
420901947,273.64462,50.46701,8.4894
420901582,273.59805,51.126385,9.9435
329343346,269.5219,51.98515,9.1758
21102884,274.56595,50.840847,9.60781
366123318,274.0549,51.32952,8.74519
21123065,274.7547,51.727898,8.522
289721649,274.0994,50.549713,9.6412
329440752,270.1805,51.83056,9.64
289721975,274.20575,51.22907,6.4939
289721816,274.11063,50.867535,8.1856
289722297,274.18582,51.871502,9.4767
21102519,274.43915,51.445217,8.5511
21020128,272.99365,51.169254,9.06832
289724476,274.2893,51.46102,8.1567
21125385,274.88596,51.744324,9.575
289724678,274.3063,51.045525,9.68044
289724676,274.30243,51.047337,9.72655
298554253,271.7712,50.913452,9.9616
298601605,272.23486,51.202805,7.9769
298554256,271.86838,50.903214,9.1074
329345309,269.86554,51.84301,5.8727
21148816,274.98358,51.34782,5.36665
21031572,273.20587,51.96218,9.2854
298598672,271.94574,50.88868,8.11571
420888087,272.94208,51.550564,8.0837
420888449,272.89984,50.83124,9.4619
21122961,274.70892,51.52399,9.10483
233520224,271.24307,51.942142,9.5427
298553942,271.83548,51.488815,9.5655
21031073,273.20416,51.006485,9.3592
21020116,272.98535,51.17302,9.54739
21125690,274.84686,51.22294,9.7462
21125739,274.8669,51.124554,8.6136
21125793,274.9589,51.022434,9.0546
298649072,272.55756,51.89867,8.02447
298649122,272.46732,51.830444,9.8987
21125485,274.8862,51.538914,9.5941
298601434,272.12326,51.547104,9.639
424387147,271.37814,51.947083,5.83963
298601727,272.2332,50.97479,8.9506
366119685,273.83563,51.18637,8.5895
329290649,269.47043,51.93606,8.5324
21030641,273.28613,50.134686,9.4486
21031484,273.30032,51.80367,8.5635
141206783,185.98573,50.541615,8.9075
53551257,181.48447,50.291588,7.7765
53552303,181.72021,51.735275,7.7819
354067525,189.87347,51.451077,9.9582
416541816,188.68427,51.737503,8.913
311578833,159.60562,51.178764,9.9548
453424724,145.93718,50.604336,9.2741
318362309,166.81857,51.11032,9.5864
311578957,159.60939,51.981926,9.3729
453424671,145.9633,50.314903,7.8205
318340012,164.82445,51.882374,5.06463
53578256,183.12672,50.13503,7.8116
53578501,183.19011,51.939964,6.49318
318362290,166.75479,51.26393,7.5177
416541865,188.72627,51.360447,6.5598
311578952,159.58902,51.951015,9.9286
318362393,166.92732,50.53274,9.84635
136948554,173.4944,51.196266,9.1973
141208677,186.35503,51.241817,9.4157
202293038,174.47084,50.618187,5.298
318253662,163.81213,50.915943,7.7276
53569601,182.71295,51.79623,6.76131
445807130,167.31976,51.378986,4.6494
318252482,163.56673,51.331097,8.2096
53496995,180.57585,50.99637,9.865
459799321,176.66661,51.160725,9.1014
297982937,169.55333,51.986324,9.7268
141246128,186.95398,50.651634,9.41201
459799210,176.60454,51.932865,6.7971
141248738,187.51178,51.535633,5.7002
165312373,185.1561,50.192486,8.8727
297964678,169.39151,50.257282,8.2161
165312407,185.1554,50.519966,9.3432
148626746,157.77585,50.414017,7.893
354035131,189.56967,51.307743,9.41994
354035165,189.52252,50.99911,9.61167
445829882,173.04102,50.355038,9.2282
354068549,189.98477,51.587215,9.06512
154205135,179.99608,51.771557,8.0032
154219537,184.73996,51.163895,8.0877
88729930,151.4801,51.90711,9.0533
453430987,147.05254,51.846798,9.6196
154205105,180.14087,51.921345,9.0918
154205211,180.13373,51.367752,9.9206
453444338,147.81491,51.144947,8.0457
453444436,147.87419,51.71538,9.9414
371544609,153.46066,50.29631,7.6435
357167413,145.725,50.58837,7.3583
453425727,146.15796,51.375935,7.65946
453425728,146.12152,51.361206,8.0648
453426879,146.333,51.505444,8.6904
453426968,146.42516,51.908035,8.2729
311630125,160.33363,51.419598,9.364
371520493,152.9679,51.079575,8.8644
453425912,146.11288,50.24855,8.5815
453426751,146.32713,50.79874,9.8405
156407728,153.76141,51.054905,9.1773
156408768,153.98973,50.32967,7.022
311631039,160.41008,50.906315,8.7595
318340898,165.04959,50.40093,9.7997
53578298,183.1364,50.402523,9.99133
202293103,174.38666,50.15429,9.7362
53578280,183.16759,50.2796,8.43248
311578644,159.66594,50.13114,9.5391
311578882,159.6189,51.434235,9.65728
371520412,152.82999,51.463303,9.2019
371543464,153.20757,51.72192,9.3438
453426688,146.43442,50.235638,9.9821
156408694,153.98283,50.77899,8.5977
11894202,178.04688,50.618774,9.24302
136951148,174.32748,51.6283,8.8024
354036070,189.65938,51.087284,8.27127
202295392,175.19313,51.998173,9.4557
53565861,182.0863,51.271435,7.63
202295630,175.2015,50.0254,9.6373
53566593,182.21886,51.41983,9.0105
287297801,168.86343,50.557774,9.9842
53566645,182.22612,51.091183,9.824
53577482,182.92189,50.834946,9.4358
202295593,175.22844,50.325466,9.6767
148626864,157.74527,51.0999,9.3378
354009837,168.04259,51.10209,7.6129
136951090,174.28462,51.1545,7.0862
141205927,185.80629,50.89044,9.1485
354009046,167.915,50.307117,9.6695
354009766,168.05415,50.673985,9.8963
354010681,168.26628,50.64555,8.515
141246966,187.0906,50.891563,9.92834
141206921,186.00623,51.562256,4.00059
311555964,158.39082,51.26137,9.8939
318232653,163.30247,50.38656,8.7604
318360435,166.46411,50.820244,7.9905
53579992,183.63484,51.98124,7.4973
311555941,158.2605,51.372112,8.6926
11891230,176.40121,51.039223,9.1094
141206736,186.07796,50.140167,9.252
11895114,178.2703,50.885414,9.9741
289704239,144.865,50.59089,9.6219
11891326,176.49359,51.638557,9.2365
141246104,186.92563,50.925785,9.7469
53567662,182.35953,51.027912,9.84156
371544638,153.43266,50.496574,6.36058
53566752,182.21706,50.418438,8.93385
53579206,183.3225,51.312267,8.9649
459799405,176.62196,50.59331,9.0573
459799364,176.64648,50.881855,9.3051
318354493,165.42085,50.989357,9.74423
53451126,161.56416,50.7493,9.6512
371544793,153.49026,51.308067,9.3387
371491414,148.98996,50.015484,9.1
311556956,158.51631,50.37636,8.8963
252482681,156.20053,51.17805,7.5221
318252418,163.53781,51.66202,9.54841
53569409,182.71248,50.54704,7.58496
53577379,183.00893,51.516438,9.10172
445807109,167.36517,51.530876,9.4837
53497053,180.57355,51.345108,8.5904
53577444,183.00073,51.042637,9.12867
445807112,167.40758,51.494713,9.6736
53497000,180.64119,51.019268,9.9572
165312419,185.07372,50.596874,9.37875
252478369,155.4946,50.469482,9.8955
311630914,160.47173,51.633247,6.6249
357133518,145.13898,50.54521,6.6785
289681011,144.71887,50.78918,9.6268
53479225,162.20683,50.60766,8.3975
289680899,144.67856,50.24915,7.84869
11891160,176.53569,50.563564,7.4266
318231658,163.05151,51.133755,9.49464
53568587,182.6794,50.458824,9.80239
459794070,175.75946,51.9267,8.6024
445828892,172.35474,50.81917,9.9128
445833697,173.34055,50.741318,8.8526
53522510,181.24928,50.28373,6.2706
357133721,145.00334,51.52472,8.345
453429708,146.81874,50.93467,8.8718
445833788,173.43823,51.386147,9.3898
53522469,181.15515,50.374542,8.2592
53522041,181.08192,51.677166,9.5714
453429813,146.85736,50.4747,9.9159
224305606,188.9637,51.221478,7.6464
202295422,175.24876,51.761364,9.4084
459792287,175.38206,51.981995,8.21741
311577797,159.3395,50.55118,8.56953
311577644,159.40675,51.53215,9.36244
53478195,161.98222,51.803482,9.4997
141204138,185.57358,50.493916,9.6291
141204183,185.56964,50.204437,9.548
445832640,173.22993,51.751995,8.85686
453432852,147.52296,51.410908,6.607
453431808,147.26567,50.756016,9.0378
136945723,172.38257,50.177338,9.8963
136945727,172.41681,50.20153,8.4968
136945849,172.44348,50.912,9.6597
354007946,149.51077,50.949963,8.7009
357166196,145.68283,51.268547,5.3301
357167428,145.83469,50.643078,9.2241
357167525,145.77472,51.138077,9.2384
11939362,179.1839,50.611137,8.3135
357155621,145.41394,50.91962,6.7733
458420282,170.5722,51.532192,9.375
252483758,156.37468,50.226997,9.6467
357155604,145.37567,50.861843,9.76086
141209490,186.61557,50.69962,9.3618
354009823,168.13243,51.04567,9.1627
459800183,176.79538,50.78553,8.7712
148626992,157.77458,51.808956,8.34093
53452190,161.69063,51.7841,9.00527
354009667,168.14467,50.005226,9.09425
53452008,161.78273,50.621056,9.0592
459800214,176.76457,50.971806,8.2479
53567697,182.51994,51.30973,7.53498
148836037,162.75166,51.650517,8.7296
318251485,163.40628,50.374313,9.9639
252484759,156.45297,51.358738,9.5722
252469317,150.49614,51.82782,6.9671
88722545,150.80704,50.109226,5.5754
88722433,150.96928,50.786957,9.0463
252473753,154.61783,51.9603,9.5247
53479347,162.07133,51.366486,9.9171
252468459,150.37688,51.333714,9.314
252473059,154.52977,51.808617,7.3964
287254188,144.40729,50.709827,8.5088
367585620,148.8891,51.46705,9.8432
252473809,154.67514,51.684586,9.3846
371545700,153.65659,51.49893,8.8414
320322091,169.88707,51.436676,9.54572
371520350,152.81229,51.7661,9.9686
320322151,169.84958,51.86359,9.60254
156407822,153.78352,51.58918,9.99662
371543499,153.23346,51.47598,7.0163
371520607,152.86406,50.551758,9.8664
453444149,147.84232,50.031727,9.2569
318276411,164.0519,51.755886,9.82142
318291208,164.27809,51.589607,9.4356
302654029,157.59898,51.43353,9.5843
385453301,170.23648,51.761192,6.9292
252481851,156.00839,51.916965,8.46478
88729843,151.39874,51.391113,7.7015
318231570,163.01968,50.624485,9.50371
302653912,157.56361,50.569122,6.34329
302653974,157.54768,50.993324,7.36191
302654026,157.67346,51.40117,8.65495
453444322,147.78087,51.02361,8.803
11835789,176.25969,51.150723,9.98695
453430807,147.01166,50.778698,9.73167
453445350,147.97144,50.480995,9.9776
88769242,151.94965,50.92668,9.3231
289704165,144.82602,51.05193,9.4017
318360304,166.55475,51.690422,9.23453
53580264,183.73396,50.17495,9.16525
11894983,178.26894,50.00491,9.4103
11908786,178.87198,51.00248,8.35425
302665617,158.99788,51.31195,9.25827
11891205,176.435,50.81811,9.27938
88769417,152.03885,50.15372,9.94307
318360322,166.44708,51.47955,9.95613
11937369,178.85103,50.34658,9.89311
311556166,158.36809,50.06448,9.89028
252467127,150.0869,51.238552,7.0485
252467292,150.08328,50.616932,7.8128
320321218,157.41476,50.631645,9.8741
318231504,163.04218,50.265457,5.3591
417117218,177.98094,50.241207,8.4076
444045137,189.07071,51.514523,7.6182
311556937,158.57143,50.27259,9.9761
252477152,155.27765,50.52721,8.6999
252481817,155.90558,51.66567,9.7275
417116347,177.61914,51.433266,8.4964
417117261,177.85971,50.538574,9.0681
311568033,158.64865,50.334473,9.2425
252486035,156.71559,51.325733,9.6899
417117467,177.94061,51.991497,8.013
252471585,154.26344,51.929848,9.7275
252466968,150.0982,51.903454,8.696
252467376,150.21802,50.12819,9.7935
252485986,156.62671,51.05027,8.6846
297928713,148.57745,51.780552,9.299
311567822,158.6649,51.65572,9.999
417117382,177.96347,51.419292,9.605
141206870,186.01636,51.143444,9.89712
371543713,153.26088,50.300293,8.5605
252463532,149.54843,50.56924,9.5101
252479435,155.5456,50.947243,9.4178
252470597,150.77472,50.42102,9.7459
371543563,153.28065,51.078705,9.1777
252470669,150.73863,50.80292,8.8845
371494776,152.59657,50.613773,9.6609
453427824,146.46072,50.864513,8.6377
373657753,171.80106,51.39907,9.4903
373657659,171.78206,51.897877,9.3338
159158410,179.95308,51.063946,8.8851
453427746,146.5237,51.31895,9.1889
88728576,151.22565,51.26256,9.8027
88728719,151.30562,50.55125,6.4472
88728763,151.21228,50.242016,9.291
287226427,144.25266,50.02964,9.5435
459795068,175.82713,50.61048,8.5556
459795288,175.96022,51.961433,8.0018
311657943,160.74722,50.622948,9.99
287225090,143.94664,50.50518,8.8734
88730956,151.62628,50.221455,7.1874
252486811,156.94028,51.962917,9.5055
252487098,156.9425,50.12512,9.2021
159158298,179.91373,50.419537,9.75084
53480126,162.26654,51.383575,9.932
154206359,180.30644,50.72052,8.7661
252463716,149.65912,51.459286,9.8437
11908624,178.75905,51.95602,7.4067
417114653,177.08046,50.93763,9.0741
416540996,186.72423,50.24633,8.8549
53498773,180.93863,50.640728,9.003
53552931,181.89267,51.99058,8.7531
252470746,150.62643,51.225506,9.41036
88770440,152.2202,51.76461,9.46717
371494852,152.47356,51.013657,9.10828
371494854,152.42413,51.044052,9.4356
252479524,155.54008,51.4236,8.3683
252469504,150.50949,50.91847,9.2062
416541037,186.78615,50.486656,9.506
252463437,149.68513,50.125156,6.7462
252463479,149.61444,50.33923,9.00559
88770293,152.12726,50.866646,9.6442
371493646,152.2845,50.8213,7.63576
371543618,153.33278,50.815285,9.04951
371543757,153.31784,50.038166,9.06316
202293068,174.51068,50.380005,9.9241
11907976,178.65295,51.88148,9.8872
88768435,151.80873,51.599895,8.7431
88768486,151.75351,51.95349,9.5254
297930005,148.6215,50.97489,9.8162
88768286,151.79813,50.671734,9.6061
297928908,148.47801,50.69421,7.3085
297929869,148.77083,50.17419,9.8523
297929894,148.74258,50.30958,7.674
311658924,160.80121,51.690746,9.2784
53481155,162.54698,51.25827,7.669
444044096,143.78984,50.272408,8.1623
373656711,157.27475,50.86199,9.8168
252476238,155.08727,50.33171,9.5658
453431789,147.21655,50.87441,8.98366
458423408,171.12929,51.997177,9.2852
453431882,147.31143,50.190254,9.1386
154220380,184.92744,51.4765,9.95718
453432805,147.52245,51.126293,9.4041
458424030,171.43091,51.72898,9.9626
354008007,149.49814,50.640923,9.6174
445808138,167.82617,50.062935,9.0104
11893110,177.71057,51.412743,5.4212
136946758,172.70749,50.51501,8.9546
136949158,173.68108,51.96821,6.91471
136949197,173.65602,51.736164,7.8855
224303177,188.28899,51.108067,7.6636
318361292,166.58711,50.09889,8.4537
445828907,172.25941,50.727417,9.4267
136947608,172.74704,50.445736,9.1952
311627045,159.7564,51.073555,9.2954
453432742,147.35762,50.63421,9.48052
453432784,147.5265,50.95082,8.9006
453432824,147.39677,51.261227,9.30157
318360280,166.46169,51.854923,8.674
459793201,175.50175,50.04432,9.5557
445828777,172.20294,51.50185,9.8335
311556917,158.5448,50.156693,9.7487
287254233,144.3558,50.995586,9.7504
252473864,154.74915,51.405487,6.2348
252479260,155.68164,50.12835,9.007
287254251,144.35268,51.145126,9.4766
311557025,158.47641,50.750717,9.06307
252478389,155.33241,50.375786,8.9274
252479351,155.61964,50.494,8.04007
453445162,148.0014,51.58965,8.2816
318230704,162.89297,50.254707,8.42479
371545650,153.64912,51.83472,9.21821
252468519,150.37558,51.64338,9.3139
88722540,150.91591,50.136375,9.7287
252468583,150.25436,51.92683,7.83142
252469590,150.46625,50.480778,7.55637
53429984,161.13199,50.155186,9.7963
371491194,148.9884,51.19087,8.77922
371491261,149.08522,50.81841,9.1952
252484744,156.5347,51.493988,9.7653
318356590,165.73409,50.235672,9.51091
311567789,158.75478,51.86,9.68291
311567915,158.63403,51.054768,9.6859
311568062,158.74414,50.108948,9.1049
88728541,151.2305,51.51898,8.0807
252488217,156.98192,51.934566,9.8429
459796023,176.08742,51.09448,8.7134
458421437,170.89638,51.48667,7.731
311569114,158.88414,51.935543,9.4048
311630909,160.58176,51.68596,9.0477
318363295,166.93243,50.781853,9.5756
141204915,185.71286,50.045982,7.227
88723527,151.09093,51.459126,9.5674
224304722,188.67967,50.60441,9.6503
88723334,151.08943,50.38705,9.47983
357155544,145.46144,50.590023,9.22944
458420277,170.56271,51.55616,9.4287
311628140,159.994,51.12793,9.2832
141209394,186.56546,51.320827,9.5937
357155790,145.38486,51.70487,9.9301
252464751,149.79916,50.983128,8.61986
354008064,149.39944,50.30286,9.6788
148656028,158.0519,51.291714,9.80358
148656114,158.14864,51.845272,8.5283
297930194,148.61868,51.974392,9.293
252476104,155.08673,51.12818,8.9745
252464836,149.7321,50.649532,8.7477
252467386,150.15167,50.071156,8.71477
318231477,162.98651,50.156277,8.89968
252481706,155.96834,51.109257,9.9408
252471687,154.36319,51.435734,9.80566
444044060,143.82326,50.002415,9.33332
88768414,151.79701,51.453407,9.71096
297928927,148.52315,50.53111,7.8968
453447333,148.3218,50.621204,6.4267
159158536,179.9835,51.876682,9.0068
373657895,171.80867,50.687984,9.4956
416538555,183.82912,50.646053,9.49069
318232567,163.29953,51.01453,8.99284
53577479,182.9239,50.83776,7.64617
159158491,179.9611,51.61682,8.74773
141207839,186.2225,50.101624,9.6856
311576718,159.23524,50.662766,9.43029
311576927,159.31303,51.899624,9.7868
318219066,162.8918,51.994606,9.31211
11907749,178.57521,50.566235,9.7976
318219254,162.85786,50.958565,9.0682
252463731,149.56544,51.568924,7.3607
252464572,149.77765,51.87859,8.57374
417115508,177.31425,50.863686,9.9498
311576685,159.31638,50.50819,9.82362
416541087,186.80849,50.81434,9.66136
141249488,187.64075,51.242733,8.8872
141249539,187.67453,50.974537,7.3308
445828995,172.2851,50.262535,8.35377
141247931,187.23854,50.311523,9.3108
354033512,168.99164,50.64087,8.81908
136947743,172.76137,51.325096,8.9693
318361486,166.6008,51.371387,8.4519
354033580,168.98965,50.21186,9.73397
136948617,173.52994,51.68117,9.9926
453446399,148.08012,51.582855,9.7876
453447097,148.42023,51.988438,8.6599
354068527,190.13133,51.481873,8.45062
287225137,144.01648,50.783318,9.801
287226313,144.16953,50.627926,9.791
311657975,160.71759,50.79925,7.15946
88729740,151.44655,50.91962,7.36883
459794284,175.77174,50.409657,9.2473
53569311,182.70966,50.16158,8.72526
354068571,189.96205,51.725025,7.61926
141248743,187.46754,51.58822,8.2558
311657973,160.71793,50.797,9.78213
459794993,175.947,50.056896,9.18214
459795083,175.87953,50.71664,9.44246
224303915,188.43031,51.243797,9.3179
88728666,151.26044,50.807312,9.7301
88723302,151.09999,50.163536,8.87122
357154431,145.32729,50.920994,8.6421
357154570,145.1954,50.277596,9.62951
357155491,145.3799,50.29651,9.5922
318358579,166.11166,50.067852,9.935
357154346,145.19852,51.350437,9.0237
459796060,176.00642,50.9131,9.67553
224303917,188.38293,51.242027,8.6744
88769135,151.92598,51.554394,9.9183
459796032,176.16713,51.042316,9.8617
21019241,273.14032,51.98237,8.2631
840990864,151.00458,53.94822,9.5673
840969278,156.49542,52.621735,7.5269
840982997,153.64911,53.770878,7.3611
1551168743,270.0782,52.854443,7.5398
1551168745,270.07666,52.85441,8.3178
900426910,169.84999,53.66167,8.7451
1551131696,274.1978,52.014343,9.7442
950396830,183.2532,52.37843,9.7636
900432068,166.47496,53.850807,5.6975
21100418,274.5565,53.61619,8.8886
1551277244,274.5565,53.61619,8.8886
1551226310,279.58276,53.885338,8.0195
53579042,183.2532,52.37843,9.7636
47727516,279.58276,53.885338,8.0195
165527865,266.22418,53.991234,8.518
10005000082,178.45428,52.32654,9.618
154219987,185.05496,53.879494,9.356
137887591,151.00458,53.94822,9.5673
10005000071,179.39993,53.37452,9.683
141207254,186.06003,53.87479,9.845
371545301,153.64911,53.770878,7.3611
371832659,194.3088,53.8872,8.768
356228296,267.22836,53.578262,9.92
320322416,169.84999,53.66167,8.7451
329351474,270.07666,52.85441,8.3178
329351473,270.0782,52.854443,7.5398
262881372,271.56476,53.752235,8.722
289722373,274.1978,52.014343,9.7442
356340969,268.57657,53.955338,9.507
329350412,269.9583,53.06403,8.892
471011685,166.47496,53.850807,5.6975
252484552,156.49542,52.621735,7.5269
88770684,152.06708,53.4551,9.871
840920880,149.77248,53.263546,8.5953
21031950,273.31656,52.703434,8.952
445828341,171.95444,53.556973,9.5682
356199531,267.06284,53.54872,7.571
297907044,148.45847,53.33198,8.7503
297906946,148.59131,53.587856,9.3893
297907016,148.44585,53.401512,9.39182
21150385,275.02344,52.474854,9.9706
21150555,274.9827,52.574726,8.3628
21150704,275.06808,52.675,8.3585
21150978,275.01535,52.906567,9.075
21283086,277.2338,53.23461,9.9715
21227811,276.94934,52.72751,9.9886
237157532,278.03494,53.790173,8.932
420887637,272.87457,52.54863,8.4215
21283271,277.1414,53.542355,9.6834
284191740,275.76614,53.432632,9.1121
237130078,277.75107,53.16446,8.5375
284190868,275.57928,52.926266,9.8029
284191285,275.51126,53.602505,9.5285
362216686,275.27026,52.40837,9.7887
362217326,275.20667,53.49735,9.04943
362217377,275.26123,53.594402,9.8445
284191936,275.8567,53.06539,9.83318
237122662,277.4778,53.03691,9.1674
237130149,277.7548,53.05038,9.2115
237129856,277.7577,53.571804,9.52757
237130117,277.86105,53.092342,9.03044
329351195,270.24158,53.34803,7.6718
420900308,273.57608,53.681194,9.5065
284295186,276.08313,52.396873,9.7259
420900319,273.67877,53.65661,9.0458
21282988,277.19238,53.06855,9.3636
424387356,271.5103,52.351204,9.45222
420900837,273.66223,52.55748,8.17746
47624553,278.75488,53.359562,9.07444
237129412,277.60397,53.55763,9.8723
21228320,276.77582,53.625446,9.82868
21229078,277.04343,52.930954,9.9473
284190734,275.60248,52.672554,9.2517
237122654,277.42935,53.05112,9.1674
237122563,277.44955,53.227936,9.6578
356194731,266.6263,53.57891,7.4971
237122162,277.35556,53.94996,9.5857
47624584,278.69382,53.428738,9.9581
21228288,276.8039,53.564526,9.65568
420900090,273.50714,53.67074,9.9841
233513060,270.7224,52.93689,9.8626
329350232,270.00815,52.6679,7.6267
298647906,272.35333,53.718277,9.9264
420899614,273.4304,52.613537,9.1956
420900094,273.4465,53.686134,7.4705
21151678,274.9698,53.358643,9.6735
284357606,276.34576,53.975754,9.9052
21190190,276.53235,53.803127,9.3192
298647246,272.3314,52.30616,9.8836
284300575,276.34567,52.329704,9.4927
298647682,272.26462,53.217632,8.6628
233513016,270.78738,52.861286,8.34896
353781453,276.91754,53.951015,6.45785
21123470,274.6108,52.48775,9.9361
21124546,274.9532,53.301823,8.8298
284168189,275.334,53.522087,9.8078
284168889,275.34662,52.191536,9.1773
21190015,276.48218,53.458214,8.5417
389967201,277.10568,53.91929,9.5385
284168498,275.40143,52.893097,9.5543
362217268,275.31287,53.408184,8.1808
284168496,275.38934,52.90217,7.8083
284168606,275.46173,52.720425,9.64979
21190018,276.53836,53.471924,8.78544
237122187,277.35156,53.89854,9.6102
420899549,273.35995,52.494114,8.56735
289724022,274.27368,52.337643,9.8271
329343467,269.5224,52.21828,7.30773
289722909,274.22345,53.1478,9.90112
289724151,274.24362,52.083904,8.72486
357526042,270.0444,53.893402,8.67497
21282848,277.2664,52.80437,9.1478
262881500,271.62863,53.42865,9.5846
356194849,266.74792,53.25095,9.0763
21124634,274.90265,53.121773,9.8979
263930687,276.7377,53.308147,8.7925
237157213,277.93088,53.141827,9.6777
47669918,278.98026,53.797024,9.9724
329350518,269.99554,53.27121,8.9463
21002977,272.68198,52.67953,9.589
366124442,273.9441,53.462517,9.6976
366124641,273.97223,53.90635,8.9723
21229347,277.13232,52.44718,7.7003
237157070,277.93088,52.858013,8.2607
233507109,270.2509,52.175014,9.7444
329288938,269.23383,52.332253,9.96356
21003058,272.6945,52.496975,9.6855
366124213,273.9237,53.015755,9.82361
21018518,273.06247,52.71907,6.7027
356194864,266.71094,53.20918,9.765
356194845,266.74133,53.25937,9.3621
21161995,275.9876,53.826004,9.16068
329290486,269.3769,52.2475,9.5362
233507825,270.43036,53.788734,9.351
21032366,273.255,53.560253,9.1211
284190466,275.53943,52.22274,8.2552
21189919,276.53024,53.265453,9.5672
263930991,276.6029,52.737694,8.2655
263931085,276.5924,52.56848,9.1598
263930801,276.61328,53.04141,8.816
356241967,267.80725,53.676483,9.2657
420899570,273.47272,52.52954,9.0973
420900787,273.51645,52.677505,7.5833
21032363,273.18112,53.5576,8.1605
420899566,273.45972,52.52015,8.80661
420900041,273.4496,53.537304,9.77556
284190546,275.52335,52.34655,9.66441
284190560,275.5207,52.366665,9.753
284191344,275.60892,53.744713,9.9553
21032234,273.28796,53.25296,9.99012
284190815,275.6268,52.815285,9.48577
329351044,270.20758,53.62882,6.9753
21162665,275.8948,52.55004,8.7849
284191544,275.8541,53.774254,8.5717
356340717,268.26868,53.2761,8.2942
21002695,272.6882,53.290295,7.9342
21002796,272.62524,53.091614,9.8114
298599354,271.9693,52.171535,9.6166
47624788,278.61215,53.836945,9.9364
284971444,266.0079,53.479397,9.57462
233513124,270.6843,53.09407,9.74938
284168079,275.48413,53.712887,9.8473
389967259,277.24802,53.998035,8.9986
420887196,272.8889,53.485943,8.9384
21229416,277.0349,52.33194,9.7652
21002598,272.68826,53.500385,8.2535
329351753,270.13318,52.306797,9.5452
237122889,277.47223,52.622585,9.61407
329290500,269.51813,52.217896,9.38318
329344140,269.59995,53.622932,9.5406
233514028,270.90237,52.595436,8.2125
21189253,276.46317,52.05343,9.8418
356199243,266.81836,53.627544,9.5044
329344672,269.75693,53.142242,9.49052
329345211,269.82196,52.021976,9.63107
233513471,270.95422,53.858913,9.6578
335951698,265.36963,53.533176,9.2703
356228117,267.33685,53.01508,8.1577
356310798,268.05664,52.692493,9.66907
329290438,269.41766,52.346634,9.88627
21189878,276.4353,53.17166,9.9723
21283227,277.25964,53.471966,9.5073
21162252,275.94992,53.300835,6.2358
21162389,276.0228,53.048595,8.5045
263930781,276.7,53.081924,8.9947
21017833,272.99664,53.330612,9.0006
329289440,269.24493,53.443798,7.59534
21017651,273.0001,53.528107,8.7525
21018915,273.0575,52.3588,9.5581
356349559,268.79395,53.756718,9.08672
356349622,268.68878,53.93858,9.5701
356146630,266.31436,53.172253,9.6668
356344502,268.61063,53.278046,8.8997
298600974,272.13815,52.42988,9.79479
289722757,274.1487,52.820065,9.1223
289722781,274.0618,52.868908,8.4333
21189379,276.53983,52.259254,9.2709
298552835,271.79517,53.71462,9.6818
298553073,271.86038,53.18332,7.6213
298600026,271.93097,53.637695,8.9751
233519426,271.20667,53.72947,8.6458
335951920,265.5606,53.756767,8.7903
21124848,274.82568,52.651917,6.31294
21124894,274.90164,52.58001,9.0527
366124350,274.0036,53.296703,6.35884
298600588,272.0878,53.113667,9.20901
21124756,274.94727,52.82999,8.75355
298599272,271.93958,52.02768,7.116
289723373,274.4115,53.745033,8.15576
353934132,272.09973,53.939953,9.64643
21018029,272.99887,53.166523,9.44231
298599710,271.93686,52.911263,9.25626
21031802,273.32092,52.417595,9.4394
21124574,274.9067,53.243553,9.63531
21124803,274.85852,52.73956,9.63576
357046352,274.34683,53.981796,9.7008
424387182,271.40512,52.01129,8.085
424387689,271.4584,53.114616,8.6569
21101371,274.52655,52.740955,9.6381
21101957,274.562,52.224194,8.4604
424388043,271.44528,53.927235,9.781
233508020,270.48798,53.625656,8.1157
233508332,270.53775,52.861946,9.5761
233508695,270.583,52.00488,8.2324
233520091,271.20236,52.21028,9.9067
298553351,271.71332,52.62519,9.1316
298648229,272.42172,53.49208,8.8638
298648597,272.44827,52.76702,9.4563
298552841,271.74625,53.703434,9.33477
21032446,273.28088,53.70086,8.75681
11895653,178.45757,53.694748,7.7443
233514261,270.9336,52.090157,9.9527
424387565,271.3982,52.847744,8.2169
298600185,272.208,53.921173,9.9735
298600493,272.14178,53.27261,9.5579
262881373,271.563,53.752396,9.52272
21124220,274.89536,53.934986,9.70422
366118826,273.84753,52.855404,8.663
356150954,266.54364,53.949764,8.0379
356310973,268.07083,53.1382,9.7872
233512902,270.77292,52.603287,7.9378
233518884,271.15488,53.043957,8.6714
233518968,271.07468,53.240116,8.1812
298648798,272.44717,52.41085,9.4864
233519583,271.27393,53.36656,8.116
356150790,266.4461,53.43242,9.18544
316491685,266.22235,53.28557,9.38297
356340346,268.3646,52.385464,8.1517
424388050,271.42938,53.95576,9.38155
366119193,273.78928,52.156925,8.4521
356241506,267.58612,53.035366,9.74366
356199238,266.89532,53.614002,9.04991
329268257,269.06155,53.81323,9.8064
356310722,268.02118,52.538776,9.3418
356336107,268.15945,52.97562,9.7125
356199246,266.91364,53.640934,8.9247
356199228,266.93356,53.595978,9.0485
329289671,269.24158,53.875668,9.6439
356341022,268.58798,53.790516,8.3811
329288972,269.1768,52.40817,8.5634
233518691,271.0733,52.62261,9.9402
329344158,269.60873,53.657475,9.0559
233518798,271.1261,52.859936,9.78582
356150806,266.5456,53.483616,8.3745
53578595,183.21603,52.50185,9.8433
297930691,152.64577,53.041344,8.4777
373657095,157.28186,52.618595,8.0274
53578705,183.1925,53.247364,9.6236
311626655,159.77356,53.6683,4.46353
11893837,177.99054,53.25076,8.9573
311626399,159.56729,52.65807,7.71568
53578643,183.10245,52.79413,8.0697
11893747,178.09343,53.784798,7.723
53614701,184.37334,53.191334,4.64447
53614662,184.39896,53.37623,9.6841
356311487,268.2301,53.41387,8.3906
356340502,268.3595,52.771847,9.4546
202292712,174.53549,52.98303,9.8895
284971587,265.99655,53.801712,5.74117
165527864,266.22192,53.991318,9.4536
159158728,179.95288,53.397717,8.482
66696110,156.34871,53.95767,8.7846
297982851,169.6066,52.563854,9.7148
459799145,176.55981,52.348866,7.5467
53578918,183.38263,53.229904,8.0292
297982828,169.63992,52.68185,8.718
53497192,180.63399,52.194572,8.455
141207134,185.98224,53.083797,9.954
136950550,173.8556,53.574112,7.4363
136950598,173.90964,53.889656,8.7514
417115968,177.51521,53.8104,7.65517
446165215,183.4393,53.237904,9.899
141208888,186.39156,52.876522,8.7202
11940810,179.38011,53.55418,8.61525
11940773,179.28688,53.3247,9.1432
329350837,269.96533,53.843143,9.2604
53450870,161.575,52.301624,9.8409
53525262,181.43898,53.483715,7.2365
53570020,182.90445,53.343212,8.948
354031934,168.3967,52.850487,6.75344
150362387,192.44492,53.90124,8.4555
318252221,163.49966,52.82281,8.2702
53569916,182.8215,53.882362,8.0362
53569840,182.86566,53.421528,7.1368
354031822,168.53406,52.114376,8.9835
318252070,163.59074,53.80503,9.9921
354032240,168.63914,52.946854,6.66874
165312744,185.08388,53.280373,9.3647
354031896,168.52051,52.568333,9.4711
297982368,169.3573,52.269115,9.6783
453433109,147.4403,52.890972,6.2672
297982389,169.32957,52.397743,9.6238
453433218,147.3876,53.55642,6.2634
356228295,267.2266,53.578236,9.49957
453425267,146.03279,53.76676,6.2998
53497236,180.53459,52.475376,9.66488
373657145,157.19362,52.89127,9.1475
11893760,178.04955,53.688896,9.36356
297930642,152.76764,53.29867,9.8847
53497226,180.5972,52.402855,9.83117
311626487,159.49998,53.211067,8.672
53614659,184.35858,53.40864,9.5565
53614697,184.45056,53.201565,9.27775
311626645,159.83298,53.749146,9.9197
318340472,165.1154,53.234955,8.8103
141205402,185.67628,53.350533,6.6928
136951458,174.20058,53.96912,9.761
53566324,182.3358,53.3945,7.1351
320499054,264.4919,53.90549,9.2659
233507691,270.26572,53.476646,9.9055
311702499,161.05112,53.716415,9.4834
302665491,159.07617,52.109493,7.3355
371545002,153.48909,52.506725,8.3847
357165774,145.58115,53.47393,8.6255
311569405,158.8801,53.77262,7.033
311569430,158.84088,53.95325,7.3021
311658443,160.63148,53.377552,8.6223
252486515,156.93095,53.678276,7.1944
51268829,192.21965,52.817352,9.4357
88730223,151.47682,53.579502,9.1133
141209255,186.6295,52.476738,9.0132
371545347,153.62077,53.56093,7.6209
318232331,163.13358,52.503605,5.51134
252471248,150.79355,53.86318,7.8107
453425616,146.21823,52.03472,8.0583
371542978,153.11989,53.486115,7.4486
371543154,153.23892,53.484127,7.8888
318232318,163.1287,52.56535,5.87203
311630494,160.28018,53.62742,7.0154
198100412,195.3642,53.851006,9.7437
371543071,153.29001,53.940548,8.4797
371520149,152.93266,52.812054,9.7798
53524773,181.39668,52.875477,7.59251
53524568,181.41008,52.264694,9.8692
252478011,155.45412,52.427166,9.78164
252477760,155.4301,53.854263,9.5663
11941057,179.52278,52.59475,6.5441
371545031,153.51561,52.70375,9.624
157861179,190.71306,53.230694,9.811
354031859,168.49806,52.316944,9.6866
354031814,168.399,52.048603,9.5779
297982430,169.40683,52.701256,9.7562
445813054,171.82208,53.5178,9.0604
53569838,182.86162,53.418724,7.4514
141247510,187.27531,53.261257,8.6483
141247578,187.38187,52.79402,9.4802
53570114,183.00955,52.670723,9.47296
445806967,167.37393,52.462784,9.57726
141247550,187.31224,53.016815,9.6027
53579777,183.68088,53.434628,5.2802
53579791,183.75833,53.321262,8.8325
165312905,185.25227,53.317707,7.52945
141207226,186.09007,53.69124,8.8645
165312843,185.38753,53.8364,9.2704
11895552,178.25366,53.634613,7.7361
252482035,156.00114,52.891636,9.1441
371547205,167.1261,52.62717,8.61703
11891826,176.97035,53.015152,8.12857
357134090,145.16983,53.364925,6.2901
357153739,144.99622,53.496964,6.62517
357153828,145.26874,53.915733,7.3567
459795622,176.16591,53.663654,8.05571
453429034,146.62772,52.78727,8.8995
453429297,146.8204,53.338657,9.7481
453429327,146.81673,53.157234,9.4554
453429389,146.86859,52.762405,9.8778
318354149,165.40894,53.30767,9.6258
224305145,188.66072,53.689705,9.2155
318355888,165.62077,53.208614,7.1614
354010316,168.27037,53.371532,7.3368
141205725,185.93123,52.236996,9.1161
148627120,157.71147,52.462162,9.6534
224305160,188.53383,53.82145,8.8783
459795643,176.03532,53.522152,9.7662
224305127,188.5341,53.556633,9.9
900340652,179.95297,53.398033,9.4095
357153761,145.0469,53.610607,9.94714
53478035,162.01764,52.78292,9.99299
318340624,164.95493,52.25457,8.32329
445832471,173.15988,52.785755,9.61837
445832517,173.23773,52.52371,8.161
445834088,173.37358,53.3576,9.65392
318354070,165.30101,53.87475,8.9676
156422163,154.13731,52.99523,9.1605
459791743,175.07309,52.246777,7.6203
53566277,182.264,53.67234,7.1856
459792167,175.37236,52.86512,9.1191
318231886,163.04448,52.54239,9.55735
137797904,176.39082,53.929882,9.50335
159158698,179.97472,53.193745,9.10289
141203856,185.53076,52.287663,9.3615
53566006,182.05746,52.32349,9.5548
354080011,190.16168,53.186375,9.7226
445809232,169.21555,52.020332,9.2861
53566298,182.21527,53.545616,9.9148
136951248,174.2558,52.33759,9.2792
371490963,149.02507,52.268982,5.77475
446135224,147.22446,53.94052,7.0217
459800496,176.90045,53.046444,9.6867
11995096,179.64879,52.58436,9.0086
141248963,187.43443,53.000706,9.0961
302665097,157.52914,53.092865,9.9649
157872984,191.37775,53.3899,8.69556
318276743,164.18483,53.695614,8.2185
154219731,184.77919,52.438858,7.4528
154219747,184.7991,52.53575,7.88612
157871240,190.97072,53.80835,8.42661
453431056,147.16196,52.284397,9.6565
302665048,157.5384,52.768654,9.809
453444580,147.77231,52.623734,8.5304
318291086,164.25235,52.374466,8.10038
458423833,171.43921,53.033504,9.8037
154204877,180.1662,53.215805,9.8974
157871171,190.89943,53.256794,9.7352
154220180,184.95026,52.779167,9.49214
137887609,151.15135,53.891716,5.247
252486696,156.90387,52.61466,8.7487
141248805,187.5416,52.031185,9.3433
459795339,175.94867,52.395123,7.26063
224297564,185.05496,53.87818,8.4692
354079765,190.02556,53.02692,9.78991
311658672,160.93785,53.142982,9.6182
311702261,161.10414,52.40896,7.216
311702287,161.00607,52.55936,9.6711
320283915,157.37718,52.924614,8.3014
157879431,191.83286,52.861828,6.8883
252477434,155.31621,52.099262,9.3258
320284012,157.47324,52.268375,9.2785
444044903,189.07997,53.109226,9.3574
53568148,182.68355,53.456657,9.5979
252482064,155.9628,53.03785,8.5124
252471423,154.4135,53.068092,9.4541
252482297,156.12775,53.303974,9.1981
417116178,177.45815,52.52168,9.4602
417117508,177.98375,52.322716,9.1937
458422041,171.00517,52.20449,9.7537
252469125,150.51025,52.87751,8.4426
311567573,158.6486,53.14143,7.942
252469109,150.54906,52.98197,9.5506
311567739,158.68707,52.15689,8.06393
252488321,156.99435,52.794956,9.1321
311658849,160.93117,52.220444,9.5963
252473502,154.68326,53.495834,7.6538
459178321,156.69914,53.993816,7.4575
318274440,163.66876,52.37687,8.8316
148656474,158.21092,53.58683,7.0195
371545454,153.66289,52.884346,9.8099
318274379,163.7687,52.12016,9.2879
318274382,163.75475,52.12172,6.4586
252473460,154.7441,53.762245,7.1611
357238904,155.72005,53.99626,8.8434
453425318,146.22462,53.870438,9.21676
453425499,146.16765,52.7936,7.8081
453427026,146.3789,52.2044,9.68276
311630377,160.32413,52.970608,7.03632
446165160,183.54253,53.59119,9.0686
55754320,181.44833,53.91561,8.3672
371542977,153.00589,53.482586,9.5106
311630783,160.49481,52.372204,9.7141
318232411,163.16411,52.071198,6.66789
157880926,192.05566,52.45316,6.06131
416538847,183.86159,52.71719,6.7095
416539026,183.94313,53.85339,8.2641
154217748,180.30937,52.804993,8.3461
11938576,179.05771,52.42643,9.663
354034565,189.36224,52.349182,9.1362
357168150,145.75597,53.503254,9.4602
311628747,160.12117,52.955425,9.9541
11938973,179.21034,53.09309,7.7732
11939123,179.22116,52.271805,7.2639
373657375,171.67464,53.716103,9.283
357155862,145.36084,52.113255,7.33122
311628372,159.96867,52.47703,9.6622
297930341,148.67822,52.77821,9.0129
11938650,179.0467,52.830334,9.017
445810816,170.4607,52.558098,8.7078
252484297,156.27757,53.474873,9.38209
445811136,171.54805,53.54407,9.86366
371493242,152.2882,53.04574,6.96065
252479860,155.60593,53.1786,9.2576
88770570,152.06894,52.627647,9.2381
371493142,152.28708,53.654434,9.6315
371493276,152.33083,52.85129,9.3982
252469236,150.48965,52.26012,9.8421
53566058,181.99727,52.72113,9.2928
53566442,182.33846,52.57057,8.7439
148654441,158.00162,53.14553,9.85589
156408479,153.9324,52.0995,9.29497
136951255,174.2071,52.397545,9.37119
252468899,150.41489,53.637722,6.8224
88721975,150.87555,53.335266,6.6089
55754318,181.44391,53.93054,9.91362
88721991,150.92566,53.23549,8.7769
252468809,150.39027,53.086933,9.455
453445064,147.92151,52.199753,9.5492
252469261,150.45996,52.119434,8.64237
252470923,150.67741,52.059925,9.07086
141249230,187.7089,53.076607,5.6806
252475665,155.06169,53.77941,5.9155
252484551,156.49673,52.621765,7.8852
88770633,152.06921,53.075798,8.4538
154220041,185.0479,53.58573,8.5338
141249135,187.70444,53.858265,9.7025
88770645,152.13712,53.138733,9.11849
453433476,147.66145,52.818085,8.8348
453433582,147.7037,52.123386,9.88097
459800526,176.7531,53.28525,8.89072
136946435,172.61038,52.623642,8.82898
453433409,147.67516,53.117004,8.56528
453433573,147.5458,52.19304,9.02313
459800357,176.75996,52.00929,9.5514
459800469,176.81691,52.821976,9.83016
289681284,144.78722,52.32606,7.99925
357168012,145.8079,53.11416,8.26453
141209169,186.54698,53.0717,9.6715
141209232,186.5319,52.67662,7.82962
341650647,171.1554,53.967945,8.84454
141207253,186.0598,53.87382,9.48105
53579724,183.76453,53.83628,9.9772
53567968,182.42068,53.24498,9.57744
318356034,165.67258,53.75025,9.97543
141205596,185.81209,53.188725,8.4185
141205736,185.85272,52.153652,9.0304
141247277,187.2221,53.05313,9.82576
141205395,185.63356,53.3209,9.5199
354008644,167.84315,53.060883,7.94716
284526146,169.78752,53.309284,7.9798
53479576,162.17181,52.7903,9.2765
354008678,167.85779,52.792385,8.1229
354008721,167.97318,52.522472,8.7204
252464327,149.77289,53.263744,8.0026
311577139,159.25128,53.176258,9.5246
311577260,159.26385,53.926933,9.6705
53479457,162.11362,52.054497,9.896
318218933,162.82793,52.76707,9.1998
11908233,178.70726,53.595764,9.9801
202294321,174.90097,53.766033,8.7176
416542387,192.52354,53.66609,9.7386
252464349,149.7232,53.17099,9.1269
53552916,181.8386,52.052017,9.8337
252464305,149.874,53.385654,9.1485
354008618,167.98344,53.21039,8.937
284526222,169.7296,52.756298,9.8954
202294533,174.85056,52.184086,9.8867
252464156,149.67316,53.776554,9.74572
202294181,174.65419,53.05713,9.99954
252466276,149.98462,52.22628,8.7912
357154087,145.2601,52.618767,7.53917
357156114,145.37473,53.417927,8.8491
311569234,158.92586,52.71749,9.6799
311630776,160.49696,52.416508,8.3623
311577542,159.33124,52.230995,9.6328
458421853,171.03336,53.55259,8.8003
88769041,151.94223,52.191616,9.8081
252473207,154.47647,52.62929,9.44293
357167965,145.89972,52.992844,8.19039
148835950,162.60213,52.267548,8.14309
148835908,162.69695,52.51156,9.20541
53568150,182.55486,53.427402,9.35425
318359993,166.43114,53.79283,8.5029
136947887,172.81496,52.394524,9.2786
311555609,158.404,53.21681,7.6229
311555713,158.37129,52.722775,8.1007
311567469,158.70195,53.717445,8.9223
136948771,173.50797,52.746666,9.295
136948909,173.53362,53.77605,7.3442
297907294,148.5428,52.591858,7.8137
311555574,158.37048,53.40555,9.328
459793720,175.61244,53.622807,9.1048
224303514,188.21095,53.767044,9.9393
137776869,175.95145,53.936565,8.7847
445828567,172.27744,52.760113,9.1775
459793859,175.63152,53.31181,9.3847
252466747,150.23071,53.124428,7.0417
252466767,150.17438,53.068295,8.33167
318251821,163.43985,52.71147,9.46564
51270415,192.37276,53.968857,8.65858
252471534,154.38393,52.27042,8.17916
445812904,171.95282,52.566456,9.29486
157879238,191.61177,53.800713,8.46987
320283959,157.49202,52.64964,9.34061
320283975,157.35638,52.50787,9.12447
445811336,171.47969,52.132042,6.8879
55748468,180.48294,53.909122,9.549
444044955,189.09871,52.742416,9.8304
88768521,151.77246,52.155098,7.9886
88768623,151.76967,52.721012,9.3468
252469050,150.55518,53.368355,8.7046
453444979,147.95476,52.679188,9.3128
252469212,150.50624,52.381615,8.01833
88768665,151.71045,52.975765,9.9065
311658828,160.79472,52.318665,9.11497
453446574,148.22656,52.586494,6.9927
453446623,148.08047,52.94058,8.5532
453446555,148.11168,52.487305,9.9816
318291071,164.3724,52.463013,9.49229
318291080,164.25562,52.418465,9.3608
11835615,176.20692,52.115063,8.91485
453444486,147.74489,52.019238,8.2525
302654155,157.52272,52.257515,7.77396
302665201,157.58769,53.702324,9.1062
453444669,147.77252,53.181988,8.8678
453444908,148.0304,53.145695,8.42313
318276493,164.19911,52.1836,7.95384
157872848,191.26508,52.36928,9.3552
157872942,191.3497,53.09583,9.6836
252484115,156.33034,52.17137,9.03437
11891656,176.40442,53.786148,8.6043
11939150,179.25279,52.077908,9.8342
445810846,170.40248,52.811172,9.9283
357156220,145.49458,53.98337,9.82725
354034764,189.38513,53.753174,8.8421
416538979,183.82747,53.535473,9.24735
318292572,164.52478,52.434734,8.3502
53429680,161.29846,52.133648,9.44933
453427585,146.56935,52.20267,9.8034
157881065,192.10765,53.445824,9.82328
11835330,176.30446,53.948,8.3981
354033189,169.01523,52.776478,7.4567
354033190,169.01682,52.773163,6.0435
311567350,158.43239,53.49739,6.53222
365968814,182.741,53.90325,8.32634
311555529,158.25508,53.68527,9.7494
311567263,158.4916,53.131985,9.857
136949007,173.69252,53.344906,9.69335
371492696,149.2129,52.011196,9.177
88723655,151.05771,52.267796,9.85276
252475565,154.8926,53.534863,8.106
318358029,166.02982,53.382076,9.0824
11892780,177.67801,53.474678,8.9905
88724198,151.29326,52.37131,6.20831
458422065,170.9493,52.040337,7.56784
311569183,158.77484,52.404007,9.2589
311569256,158.89227,52.82452,9.514
88768892,151.93393,53.19595,7.70307
357156064,145.437,53.183407,8.27885
357156075,145.51688,53.230537,8.7588
357156142,145.44731,53.53594,9.1458
458421575,170.79999,52.417145,9.4896
252466329,150.03448,52.55126,9.6405
252466496,149.97299,53.35274,9.96613
311569137,158.84895,52.10786,9.8292
252463829,149.55624,52.10175,9.0451
252464534,149.71141,52.072147,7.9346
311577343,159.37343,53.530888,9.8228
318219047,162.93512,52.089725,9.40798
202292825,174.51015,52.040627,8.80814
202294532,174.84816,52.187622,8.01715
354008788,167.96524,52.097656,7.9483
11908422,178.88658,53.185825,9.5497
202294427,174.81743,52.999737,9.44018
11908204,178.56569,53.36962,9.9035
21018963,272.98154,52.316425,6.64057
21019105,273.07993,52.144085,8.98816
21019163,273.06036,52.061886,6.5284
21018571,273.07715,52.66232,9.4121
1717745463,280.8387,55.006275,8.923
1551348815,276.2369,55.858498,8.7808
1551247029,278.02792,55.86506,6.4713
1551249174,279.7621,55.99023,9.8279
950459424,196.19417,55.90281,9.5202
900434307,165.86604,54.526134,8.7008
900434309,165.86635,54.525757,8.1246
1400714115,269.36505,55.221527,9.4494
1400769907,264.6603,55.759884,7.9839
1400769906,264.65945,55.75961,7.48271
165549272,266.51752,55.65103,8.3753
1400741088,266.51752,55.65103,8.3753
297964178,164.42047,54.690643,8.588
422989803,263.57074,54.70173,9.956
137802101,176.48918,54.30638,8.52
399789241,278.02792,55.86506,6.4713
159183171,200.46729,55.901196,7.457
155873175,196.19417,55.90281,9.5202
10005000034,167.87903,55.67412,9.556
141130888,165.86635,54.525757,8.1246
331940358,147.84941,55.449753,9.738
320523530,264.65945,55.75961,7.48271
359586229,279.7621,55.99023,9.8279
359634277,280.8387,55.006275,8.923
229690264,263.177,54.52355,8.358
232634632,269.36505,55.221527,9.4494
302695022,164.00163,55.64366,9.61
353731322,275.64987,55.811584,9.023
353737369,276.2369,55.858498,8.7808
331940649,148.02666,54.06437,4.796
446126992,146.02756,54.645546,8.69
137732249,174.16649,54.35235,9.738
137797201,176.25613,55.77357,9.9252
137801572,176.46437,55.96191,9.8381
137729481,174.00941,54.547676,9.9922
137809374,177.4948,55.205456,9.899
471011800,193.50711,55.95982,1.76
392567476,280.34305,55.81333,9.3993
446135502,147.22896,55.12783,7.0082
310934113,172.38225,54.802036,7.3632
310933892,172.4495,54.149456,8.4441
310933995,172.47061,54.47865,8.8911
232635891,281.23083,54.897182,5.55163
359679943,280.98257,54.73067,8.6883
236780281,282.91367,55.850258,8.1358
359679737,280.9672,55.023136,9.31
359680028,281.10522,54.62212,9.7762
232680178,282.38687,55.998035,9.8777
359496072,279.0696,54.93979,8.30057
392569361,280.66315,54.949593,8.8815
359634092,280.72003,54.720264,9.86749
359496463,279.12234,55.550613,9.612
359679558,281.06912,55.259045,8.81839
232635950,281.1749,54.992115,8.75313
232635986,281.25464,55.030476,9.95138
359495076,279.01877,54.433212,8.5241
359679515,280.99124,55.322678,9.0612
232672072,282.1412,55.859997,9.9213
236817690,283.62097,55.967144,9.09554
359553757,279.2754,55.42202,9.5385
359674683,280.77615,55.982166,9.8227
359494546,278.89838,55.314827,9.6686
236774869,282.6337,55.482513,8.86166
359495992,279.22067,54.813705,7.2189
232636307,281.2766,55.49779,9.017
359632631,280.27512,55.524216,8.3162
359679682,280.9916,55.067635,9.8855
232677316,282.29007,55.661415,9.1431
359632996,280.25104,54.92615,7.7946
359632791,280.13773,55.278168,9.9821
359633398,280.15158,54.29895,9.3721
359495052,278.86923,54.471813,9.361
232644524,281.7183,55.863235,9.4517
359494832,278.97015,54.840206,8.4287
359586492,279.814,55.593925,9.47824
236774876,282.67938,55.490692,9.6431
359496308,279.08502,55.29971,6.6631
353782336,276.79224,55.54795,9.0508
359679279,280.94153,55.708996,9.0116
353778788,276.4699,54.447193,9.7778
359494447,278.88162,55.445885,9.91682
298662457,277.90665,54.316177,9.3289
353730918,275.7316,55.059345,8.796
353778837,276.49994,54.542995,9.4061
390019891,277.53812,54.4459,8.8356
353781784,276.96252,54.61732,9.6467
359556016,279.55444,55.712986,7.9572
232649873,281.75626,55.592823,8.7377
232649745,281.83768,55.784668,8.3767
390021357,277.69043,55.81524,9.2095
399789630,278.0844,55.088898,9.7028
232644481,281.7356,55.79631,9.945
359634548,280.73456,55.451298,6.60644
232636287,281.2057,55.466003,9.8914
357101517,275.33588,54.02267,7.74
359632679,280.15234,55.450348,8.3613
389959779,276.09363,54.67074,9.1652
357101648,275.4587,54.221756,9.44303
357102127,275.452,55.129856,5.6507
357102067,275.41846,55.01713,7.5744
399789598,278.10706,55.149986,8.4643
357127533,275.37436,55.781616,9.20845
341815576,267.606,54.235992,9.9919
362213253,270.9858,54.71105,9.0925
353782300,276.89572,55.48246,9.15846
390019727,277.55496,54.718716,8.8048
392569538,280.6001,55.201466,9.9088
392569301,280.68832,54.857117,9.7176
357688022,275.2619,54.847843,8.5666
389966797,277.11804,54.539883,9.9843
359554914,279.58124,54.0335,8.9241
298783668,278.7481,54.209152,7.0068
389966427,277.1361,55.06382,9.92478
353993785,272.6782,54.559628,7.30229
389968177,277.34357,55.488758,9.8812
359494521,278.84872,55.34585,9.5781
359555843,279.60266,55.444984,6.5943
353782280,276.9332,55.449856,9.62846
389968212,277.23422,55.55709,9.2521
232641657,281.468,55.919346,8.67941
389914027,275.74127,55.12144,8.9421
392569822,280.60336,55.62615,7.25379
389960580,276.61502,54.571457,8.6544
359555874,279.6613,55.484474,9.6859
392567622,280.4056,55.57914,8.071
353779185,276.3971,55.207737,9.9991
232641916,281.41632,55.544846,9.5583
236788683,283.24664,55.677097,9.9059
232634867,269.38037,54.665512,5.9793
359495900,279.11884,54.671185,9.1824
383621642,270.7755,54.248875,9.8005
359554612,279.28873,54.199215,9.5575
357098664,274.99628,54.56914,7.7454
357099140,275.04504,55.412556,7.52593
389959200,275.97626,55.612423,9.956
389959131,276.07446,55.73132,8.7367
165549235,266.52505,55.534855,8.2815
357098608,275.06424,54.469746,8.7812
357099213,274.97733,55.547657,9.77719
232672106,282.02005,55.90325,9.9375
357031640,273.9186,55.68622,9.2879
357031848,273.9803,55.33377,9.7994
357032252,273.9253,54.64991,9.9527
359587258,279.8537,54.528664,9.4737
359555315,279.54584,54.626934,9.6408
359587610,279.84702,54.006668,9.931
357032575,274.03058,54.13003,9.4468
357031675,274.07025,55.63111,9.75861
357031816,273.93887,55.39314,9.21234
357032364,273.97665,54.48163,9.6894
357046804,274.6708,54.600174,8.4934
353988582,272.34558,54.002583,8.0208
357716793,275.12756,54.020844,9.2405
389959967,276.15015,54.355804,8.5619
392569932,280.68933,55.796535,9.8163
359555345,279.5034,54.682438,9.8934
353988053,272.42032,55.032955,8.98284
389913624,275.78967,54.42367,7.4346
298662769,277.90048,54.792007,9.3313
390020519,277.675,54.392914,9.5185
298662272,277.94907,54.041157,8.8908
359587775,279.97943,54.079185,9.6343
353893725,271.44754,54.168304,9.9887
357687932,275.23645,54.992516,9.71
229687159,263.05786,55.80804,9.4908
357688152,275.26627,54.632374,9.5451
232619896,268.42935,54.40014,9.9036
389968119,277.38318,55.3826,9.03637
357099320,275.0044,55.74748,9.03105
353782445,276.938,55.755634,9.17708
392569763,280.65817,55.539448,5.12189
353934435,272.08948,54.66957,9.0971
356976693,273.8782,54.296165,9.9498
389959728,275.9692,54.734848,8.7156
165552588,266.8208,55.45928,9.1819
353778000,276.21902,54.867058,9.04088
353778270,276.3397,54.337,9.8646
353778053,276.29227,54.767467,9.8818
359496389,279.11618,55.427723,9.9985
359587880,279.97913,54.246223,9.4734
392569187,280.67026,54.684196,9.1942
392567967,280.38895,55.04424,7.9792
165552714,266.7425,55.147476,8.87769
353779445,276.3931,55.721203,8.7123
389966066,277.0804,55.67406,7.3993
353808427,270.20782,55.44825,8.8763
353808368,270.2848,55.618397,9.19776
237117591,269.90274,55.038086,9.3262
357097766,274.83902,54.812794,9.9866
237117553,269.80524,55.131306,9.8046
353781544,276.80704,54.124584,8.9728
298731151,278.41348,55.19371,9.9566
298731285,278.25165,54.973236,7.33884
359495643,279.08212,54.330215,9.4333
353988093,272.43054,54.96664,9.3979
389960782,276.74597,54.885296,6.76074
353988778,272.63184,54.286552,5.1576
165548296,266.4061,54.576427,8.5187
357526603,270.0531,55.060966,9.1351
359555709,279.63345,55.245277,7.18004
353988894,272.51144,54.478226,9.1581
389967983,277.3149,55.187363,8.7479
389968155,277.29742,55.45368,9.1991
390021245,277.74576,55.60006,9.8253
232629681,269.1317,54.729996,9.95883
341815080,267.4567,54.6731,8.8824
341815637,267.48706,54.36158,9.6706
298782588,278.63623,55.933453,7.47067
237113759,269.5904,55.113625,8.03362
353894131,271.7811,54.4995,9.74903
353879357,271.52945,54.970745,9.1942
302695175,163.92668,55.187286,9.6563
353870041,271.08783,54.171745,9.1908
353730905,275.60385,55.03287,9.7745
298732243,278.43228,54.331184,9.7674
353878658,271.59082,55.83283,9.8168
356891386,272.9913,54.725254,9.98011
389966007,276.99118,55.788292,8.78331
390018893,277.51376,55.97157,9.2584
302696324,164.21916,55.86655,9.3266
298732428,278.51413,54.608406,9.68459
353855735,271.07886,54.529514,8.083
357033769,274.23572,55.73811,9.4956
353779457,276.43427,55.755276,9.4596
353870593,271.4057,54.318974,9.3569
332475358,265.37085,55.56868,9.0534
353870373,271.26245,54.093815,8.38975
353871989,271.33823,55.891144,9.7569
389960820,276.5877,54.9472,9.3066
298733260,278.53995,55.96169,9.9304
232625561,268.92355,55.683807,8.5513
232634636,269.52475,55.215115,9.50073
320524216,264.68826,54.10219,9.41988
356976616,273.8158,54.14069,5.96886
229686605,262.9547,54.36633,7.16924
353898391,271.94965,55.50307,9.2856
353933947,271.87033,54.307476,9.9951
356976847,273.85538,54.5706,8.1674
357097863,274.7434,54.682175,9.7605
389959806,276.02557,54.635727,9.5553
362212713,270.8661,55.740276,9.7923
353818302,270.4066,55.1869,8.7106
353817853,270.50443,54.228447,8.6757
353818571,270.38797,55.7724,9.6743
392568064,280.32504,54.905876,9.2313
353818407,270.48407,55.42401,9.1567
390019439,277.40643,55.149357,8.9147
232624547,268.69452,54.319836,9.3148
356975627,273.5995,55.446175,9.6252
353934379,272.06958,54.544624,9.9887
356976307,273.573,54.192173,8.8829
357031590,273.95898,55.759712,8.0576
357031745,274.0371,55.519238,9.71
357032357,273.9051,54.488407,9.2405
353782112,276.80405,55.17462,8.6257
298662941,277.9595,55.07873,9.9424
357032546,274.0699,54.17267,9.95622
329248925,264.12622,54.97404,9.25505
329249115,264.17645,55.384045,9.45154
320497588,264.30927,55.741062,6.03962
357097890,274.86697,54.627563,7.5792
389968368,277.37677,55.89014,7.4205
320498138,264.194,55.0066,9.95413
390019903,277.43805,54.433666,9.8145
389966422,277.16293,55.0723,9.8416
389966443,277.00595,55.043266,9.38305
302695894,164.22636,54.551243,8.99448
341815767,267.52005,54.636177,8.98018
353933706,272.0289,54.808376,9.68602
353933809,271.83267,54.591976,9.58116
357097902,274.7782,54.602818,9.863
229686929,263.04404,55.184242,4.6589
390019162,277.47687,55.55161,9.3179
284901060,260.96573,55.13433,9.7606
353855431,271.11246,55.163754,8.9644
284900998,260.9909,55.279213,6.9553
353778087,276.35602,54.69361,7.9466
298731532,278.27026,54.58883,9.0328
353855388,271.00192,55.27318,7.2897
341841100,267.80457,54.05299,9.52954
357033202,274.2569,54.75857,9.1977
357033493,274.2394,55.242947,8.7165
357033739,274.17798,55.689976,8.41287
298730971,278.2488,55.52399,8.76372
359312744,268.042,54.49408,9.02
341840453,267.8163,55.394436,9.7406
229684208,262.3643,54.654064,8.4074
165499205,265.1609,54.766094,8.979
356976107,273.48297,54.56946,9.7134
353777699,276.21298,55.480576,9.2796
390021469,277.6014,55.9973,9.8205
198480040,262.15286,55.600006,9.99232
462619778,260.02368,55.935444,7.9047
353987913,272.24942,55.366173,8.55597
341815129,267.35654,54.57179,9.955
232635149,269.5325,54.104607,9.1294
165553171,266.7169,54.178272,7.5296
357047278,274.59058,55.446865,9.8235
232629989,269.1033,54.05346,8.238
389966744,277.14688,54.622623,9.6267
298662396,277.8164,54.231415,9.949
298663072,277.89102,55.312565,9.6638
320524408,264.88632,54.23721,9.4332
320524463,264.97784,54.37553,8.64239
389913384,275.9214,54.08494,9.2335
389913826,275.90036,54.79724,9.9256
357046661,274.5547,54.361794,9.24953
359312913,268.11118,54.85165,9.8697
165548693,266.6553,54.18582,8.4295
165549312,266.6309,55.735363,9.5586
357526404,270.02264,54.68772,9.7437
353871944,271.3478,55.85839,9.5419
357097460,274.81134,55.412857,9.6828
357045419,274.42313,55.69805,9.61922
357097621,274.91876,55.1013,9.55231
341840536,267.8913,55.241688,8.82182
383622424,270.7274,55.697193,9.5825
357045348,274.3698,55.811535,9.6772
357045691,274.42545,55.167408,9.1612
389967766,277.35712,54.840893,9.9517
356896561,273.1706,54.768585,9.1494
357045538,274.37286,55.45646,8.0368
232625498,268.7446,55.562202,9.9079
237113422,269.58768,54.350533,9.7241
237113635,269.561,54.871643,8.8168
229684146,262.34665,54.82299,9.626
329248868,264.1683,54.860733,8.4717
237117314,269.86032,55.68762,8.9991
422989953,263.54382,55.158836,9.7956
229689988,263.33762,55.26532,8.75963
353989620,272.47928,55.923153,9.86241
359313015,268.01602,55.05089,8.3025
356915110,273.1172,54.584156,9.2314
356915382,273.20386,54.062263,9.6057
357046334,274.31744,54.011925,9.4363
389913394,275.77817,54.10005,7.352
356896058,273.2205,55.696426,9.99504
389913525,275.82196,54.28167,8.2686
356895890,273.15414,55.96383,8.894
357046177,274.48856,54.293972,8.94767
357046213,274.37756,54.217957,9.79159
353934620,272.1114,55.12343,9.79397
320524593,264.99597,54.644417,9.237
362212894,270.9274,55.42221,9.4021
362213553,270.96442,54.163193,9.0149
353934272,272.16635,54.32013,9.948
353898340,271.95523,55.616253,9.89924
232624463,268.56982,54.50533,8.0523
329248092,263.8583,54.77894,8.9245
329247591,263.86893,55.948483,8.8571
353737590,276.30692,55.638577,9.3309
332502573,267.25952,54.19438,6.40396
332503097,267.07816,55.312412,9.7945
362213004,270.89444,55.18233,8.9745
353730782,275.60748,54.79699,8.56525
329248002,263.81784,55.003395,8.79769
165500081,265.81763,55.164665,9.0748
353870764,271.38486,54.51402,6.8629
329248297,263.8566,54.298897,9.7708
356916118,273.36722,55.038425,9.9533
356916207,273.3772,55.206985,9.97967
229686693,263.125,54.602818,9.3566
320498307,264.36108,54.80248,9.8049
332474929,265.33044,54.46269,9.9626
320523516,264.7,55.785805,9.8081
320523622,264.72696,55.5577,8.6927
356915129,273.1543,54.544407,8.8323
356916273,273.41644,55.315777,9.3525
332501870,265.60178,55.150887,9.9771
341815681,267.55994,54.439583,9.18776
165553746,267.0717,54.99176,8.0012
356896550,273.11987,54.78137,9.8832
356916128,273.3354,55.05208,9.49579
357099156,275.07257,55.443153,9.89667
320524778,264.82474,55.09506,9.8086
341840217,267.7673,55.874496,9.8015
383622249,270.6917,55.38873,9.0127
383622507,270.67792,55.867638,9.9927
165528308,266.17682,55.04781,9.9064
332503053,267.19363,55.215603,9.1743
353993248,272.80927,55.61048,9.03806
229690306,263.22772,54.407276,9.6873
320523887,264.69058,54.90059,9.5527
165552561,266.71683,55.522675,9.4892
232619345,268.24518,54.633537,9.5403
359312553,268.08624,54.109238,8.4804
229689854,263.24246,55.565765,9.5535
229690265,263.17706,54.522243,9.5486
232619014,268.27115,55.413242,9.6783
329248217,263.87735,54.502876,9.7717
329248278,263.89038,54.351967,9.0987
332502856,267.18753,54.800293,9.8443
353898194,271.8626,55.931053,9.8465
357047236,274.58603,55.379135,8.9581
357097250,274.8634,55.78605,9.9288
357097357,274.805,55.593067,7.5012
353934026,271.8376,54.130806,8.883
165527358,265.9924,55.15997,8.5209
165528608,266.08316,55.7527,8.68279
353933847,271.90585,54.502014,9.6402
198458010,261.81766,54.848103,9.76711
332502985,267.11987,55.080235,9.89413
353934007,271.98816,54.16893,9.4903
329247619,263.93488,55.89039,9.7056
232624241,268.53354,55.037823,9.8545
462618497,259.827,55.45064,9.7133
356110475,262.72083,54.658443,9.7209
198480110,262.17523,55.358932,9.1211
165553428,267.0502,54.275356,8.7169
165553930,267.03156,55.40617,9.3998
356109595,261.50198,55.73296,7.3813
284889888,260.41312,55.97385,9.9919
165500287,265.6855,55.628757,7.56992
359312795,267.99088,54.61308,9.6973
232620511,268.48947,55.73202,9.66156
353808669,270.1786,54.877274,9.1479
232623880,268.609,55.905273,9.99599
229685723,262.748,55.94114,8.3527
229686206,262.81888,54.593533,9.8158
232629633,269.14148,54.849113,9.9428
353855077,271.1778,55.942287,8.4027
353855151,271.14932,55.80762,9.7917
353808306,270.35522,55.79081,7.8206
353808444,270.17374,55.402523,9.1726
198413562,259.25333,55.832344,9.6232
329248962,264.03278,55.056355,9.7292
356109662,261.32938,55.546967,9.99062
55752596,181.27559,54.599422,8.2963
316386710,188.62473,54.527668,9.4485
198457804,261.78815,55.378784,7.9952
353808567,270.3394,55.094837,9.3538
284891349,260.4998,55.956676,9.90891
150364056,192.74388,54.914925,9.9304
137751560,174.81557,55.815678,9.24422
159167051,200.04855,55.659122,9.9728
422989921,263.4546,55.0376,9.904
137713929,173.41333,55.615555,9.0684
316384957,188.35509,55.005962,8.6636
353855166,271.08868,55.778904,8.7719
341815814,267.57193,54.728077,8.0123
353817578,270.22284,54.280506,8.42785
417933599,193.66748,54.961124,7.8399
165531689,266.43045,55.751793,8.6583
141147995,166.53017,55.757217,9.9182
150386082,193.01137,54.489067,9.4919
150386283,193.21169,54.739155,9.921
141147830,166.39444,54.807987,7.8007
141130813,165.75758,54.93726,8.9047
233164438,186.89627,55.712723,3.97609
165528121,266.1964,54.62141,8.7485
141130912,165.80586,54.32984,9.84272
150318318,191.26143,55.873642,9.5612
137803591,177.13046,54.97266,8.0501
198419850,261.70703,55.075764,9.977
137803678,177.14667,55.540024,6.9408
157263760,197.66103,54.656586,8.5373
157264122,197.91724,55.926582,8.1703
232625701,268.84857,55.97139,5.7861
229684219,262.49072,54.63147,9.94421
198386057,257.98737,55.982506,9.586
459215372,197.19247,55.61161,9.5821
150326126,191.37866,54.59672,9.0273
224292860,184.09256,55.58846,9.7425
99320472,189.60294,54.267216,9.1978
302728828,169.64497,54.61745,9.37
137732594,174.2091,55.21893,8.6656
159165424,199.93518,55.94763,8.6633
224292761,184.08553,54.813347,7.9723
224292920,184.04056,55.920204,7.56789
137732621,174.28932,55.439644,7.5096
99320388,189.4853,54.853123,6.0478
137732250,174.16663,54.351433,9.695
137732616,174.20682,55.41385,9.344
198410853,259.15506,55.813145,7.8533
302350090,168.39436,55.415844,7.1755
446129911,146.51106,55.750004,8.1159
198479994,262.28738,55.748474,8.3987
232624871,268.79993,54.22336,9.7331
331940357,147.84663,55.44976,9.5519
331940934,148.17279,55.600216,9.4238
297983686,173.7842,54.345985,8.7216
137713918,173.39801,55.582138,6.9007
232624381,268.65646,54.66745,9.82149
159167022,200.0042,55.821907,8.68809
159167028,200.1008,55.795513,9.3433
232629479,269.00974,55.202045,8.75311
55752435,181.16388,54.096745,7.2463
150362481,192.50316,54.755966,5.9763
137830209,177.98033,55.276527,8.3652
284597227,178.22179,55.812645,9.67
229515267,194.25586,54.084732,9.56528
508195481,193.50797,55.959625,8.9444
55752718,181.32549,55.427692,9.78556
157317603,198.8354,55.31291,9.59521
224300919,185.92361,54.730316,8.9095
316384997,188.33603,55.29234,8.60519
316385047,188.33075,55.553627,9.8554
150362159,192.27953,55.256855,9.52885
150362338,192.23135,54.248188,8.3028
224294215,184.16937,54.38488,9.8261
302756804,170.23636,54.832855,6.4237
137808986,177.46107,54.77555,8.8484
150387644,193.5074,55.959797,1.791
341687308,171.44304,55.440105,9.2712
900429245,169.0328,54.23955,9.6239
141131312,166.11081,55.688873,9.63291
233164366,186.95653,55.22299,9.7933
137771403,175.62485,55.503036,9.28854
141129026,165.66899,55.240818,8.381
99331330,190.08867,55.846558,3.647
224301106,186.07787,54.547035,9.7858
302307779,167.54662,54.80008,9.0663
341543976,196.75778,54.760445,9.42087
302331084,167.7083,55.217228,9.5954
302670535,163.72665,55.875553,7.7771
148621322,153.8321,54.70211,6.9758
137957322,153.08212,54.21321,8.0503
302750867,169.76454,54.650726,8.4285
137734523,174.59679,54.33787,9.8584
137752181,175.07849,55.30267,7.3812
137713816,173.50586,54.955284,9.71268
137797926,176.26575,54.025196,9.043
137957642,153.22316,55.219105,9.0724
137734378,174.44467,55.145218,9.9428
137732694,174.26712,55.80606,9.4066
233164187,186.81828,54.069107,8.9384
233164072,186.58415,54.588676,5.8985
150387725,193.5169,55.462635,8.8316
289728349,159.64351,55.088676,9.709
55779490,182.476,55.579075,9.4692
233163985,186.77899,55.306118,9.9339
224301051,185.96169,54.158485,7.0005
274242398,160.95047,54.808712,9.0773
341543541,167.31941,55.71957,7.6226
297945332,156.59506,54.407482,6.20254
446126993,146.0258,54.645695,9.9467
284626704,178.78394,55.701668,8.9891
284627137,179.01767,54.562977,9.1928
148621721,154.1519,55.213203,9.6259
224297735,185.20053,55.18624,9.4492
446129116,146.14723,55.36508,9.9173
302349658,168.01605,55.16959,7.8497
99390340,190.8873,54.09294,8.91584
150343181,192.07837,54.46048,8.3695
284625011,178.66435,54.233875,8.1461
137803372,177.00742,54.05669,9.5559
55750642,180.85634,54.81471,9.80108
356110448,262.5583,54.578896,9.32617
329171987,263.71915,54.728954,9.8757
229686919,263.06683,55.17291,4.6123
137803226,176.9846,54.71032,9.1677
157263587,197.60564,55.96093,8.75105
137771290,175.43124,55.172012,4.9076
416535645,164.48953,55.429993,7.2146
137937749,152.60464,55.591194,9.43862
99330867,189.94537,55.38911,9.6081
155871552,195.69656,54.30282,9.1289
137829826,177.86879,54.53917,8.3831
99330791,189.95934,55.777634,8.6915
137938421,152.78477,55.15039,9.4578
155871392,195.76201,55.340843,9.5178
137829872,177.86534,54.29528,7.3914
155871763,196.05574,54.947372,9.4585
367600256,164.7436,54.983486,9.1691
367600394,164.77573,55.694016,9.4271
341650544,170.98137,54.465324,9.9565
297960553,157.34,55.880257,9.0782
224289611,183.07408,55.70588,6.17478
233162966,186.52718,55.910805,8.3944
233162947,186.41913,55.768147,9.6834
302331459,167.82224,54.87376,9.992
284890035,260.41934,55.5289,9.53601
332501882,265.6303,55.13444,9.98077
328629722,145.84067,54.986553,9.55899
416536169,167.0418,55.14503,8.8993
284597177,178.19566,55.56543,9.77834
328629608,145.77895,54.3637,6.4019
416536313,167.01288,55.900215,9.22331
137830034,178.02182,54.327217,9.47148
416536262,167.15166,55.62355,9.8611
55752202,181.04716,55.435383,9.9639
367600261,164.7516,55.011627,7.0565
297960569,157.27267,55.786186,9.8812
224289449,183.08691,54.485756,8.08547
309763525,145.41174,54.452168,9.7347
137887688,151.17992,54.345394,8.2424
137905875,151.99347,54.004623,8.1859
137728273,173.77036,54.78542,4.75086
316333037,188.06924,54.799297,9.0975
302756890,170.15509,54.316628,9.703
137732227,174.1637,54.456814,9.9869
446132447,146.89552,54.341873,9.7548
137935332,152.12318,55.134144,7.7159
331946620,162.17735,54.342648,9.112
137801846,176.60297,55.341553,7.2405
147624458,197.48267,54.735638,9.2549
155878748,196.90677,55.42233,9.2971
137734799,174.70053,55.11353,9.2278
137957739,153.19098,55.69737,9.59296
316333111,188.1314,54.38651,9.3557
137734622,174.77695,54.11016,9.37827
159159419,166.69977,55.711853,8.8218
309862671,164.92703,55.890144,9.325
159159515,166.72974,55.07976,9.39248
155878712,197.07846,55.6534,9.44066
147624413,197.326,54.9843,9.33173
137881331,150.55951,55.637917,8.8308
99330918,190.04594,55.057182,9.47722
55752800,181.32608,55.98028,8.8959
55762408,182.02946,55.464073,7.3219
55762851,182.0403,55.464848,7.7969
302307924,167.5603,55.692116,8.60372
310933758,172.31909,54.011463,9.92695
99381773,190.43552,55.724674,7.3797
55779303,182.56923,54.325897,9.3286
55779469,182.5508,55.48016,9.12993
233164080,186.62436,54.555965,9.286
233164000,186.63588,55.15945,6.95828
289728482,159.53813,55.80942,9.21668
416537915,173.22069,55.41853,8.54058
416538070,173.25761,54.44196,8.94864
148626270,154.64844,54.13945,9.051
137903844,151.61975,55.76949,6.2075
99331350,190.13152,55.934307,8.7958
55726121,179.99478,55.73506,8.651
284567245,171.80682,55.21967,6.8892
284567292,171.8072,54.96303,7.4994
229533585,194.92628,54.2993,8.2104
284567137,171.90215,55.784706,8.5939
357170578,173.00371,54.357006,9.6998
229515949,194.62944,54.738228,8.9988
229533705,194.90099,55.305435,9.3154
55748551,180.44662,54.494457,9.7229
357170355,172.94669,55.562798,9.9198
137887926,151.23505,55.45131,8.758
377367922,149.1093,54.243767,4.8663
137887937,151.22887,55.4879,6.0621
137887847,151.25677,55.105118,8.4165
137888017,151.17212,55.83157,8.6914
377390306,161.5888,55.17248,7.0309
293630735,149.69429,55.069252,7.8806
233162542,186.34491,55.51043,7.3135
302670003,163.53384,54.80086,6.8338
66682841,155.09079,55.16671,9.7647
293630793,149.66393,55.314137,8.8243
302668105,163.06898,54.142666,8.933
233162497,186.32666,55.900238,9.21055
302670391,163.76297,55.06969,8.7684
302670477,163.79735,55.55074,9.5589
302670548,163.80756,55.97885,9.8855
137776946,175.89348,54.472733,7.9357
316386574,188.57129,55.351143,9.52726
66682720,155.03711,54.304317,9.13056
302668272,163.39355,54.585133,3.95079
459186567,176.73177,55.628193,4.2034
377390286,161.5247,55.274643,9.9916
377387562,149.56743,54.21721,9.4935
459186259,176.86276,54.04484,9.325
284626874,178.86867,54.77934,8.1264
285020609,158.5357,55.961105,9.1785
341543529,167.23308,55.779972,9.24933
157272476,198.40851,54.854286,8.93473
316413311,188.6709,55.28881,8.0316
66696257,156.33646,54.90761,7.7921
341687229,171.48796,55.850456,4.8793
446134766,147.04907,55.713474,9.9802
446153027,147.51378,55.08991,8.758
446151086,147.16563,55.80178,8.992
416519074,157.60545,55.999126,7.308
416519065,157.65659,55.980537,4.3256
416518513,156.96785,54.761272,9.8772
416518822,157.59863,54.64466,9.9181
55779340,182.4706,54.522057,9.7771
55748603,180.45753,54.870956,8.2235
55779390,182.59125,54.91007,8.1619
446153042,147.38188,55.03764,9.3523
55725923,180.16267,54.720715,9.8585
224289538,183.20352,55.23399,9.84477
224289631,183.23077,55.808693,9.7452
157318084,199.06738,55.838192,8.81179
224289116,183.04501,55.880596,8.78753
224289645,183.09215,55.93101,9.53834
224299599,185.66956,55.835144,7.6987
148623993,154.56537,54.509003,8.0053
284556371,170.68033,55.72973,9.9807
331957830,162.60982,54.8722,8.6335
297964045,164.3787,55.325146,9.5335
285002469,162.71623,54.745644,7.5392
297964037,164.42108,55.373207,9.5857
297964154,164.44394,54.810123,7.7485
302666168,162.90668,54.049812,7.9097
297963962,164.34117,55.813107,9.1496
289748694,159.74603,54.09244,9.21855
459178476,156.75868,54.86177,9.5053
331942996,148.4131,55.769268,7.15921
365968748,182.77803,54.358906,7.1929
55684574,179.67235,54.485645,7.24162
150317943,191.06155,54.40081,8.9852
150318158,191.27974,54.883266,8.9183
99329395,189.68259,55.08604,7.3651
229535082,195.07182,54.238083,7.5789
148623636,154.27414,54.929153,8.32
316331315,187.95917,55.129032,8.6531
331940861,148.14415,55.214592,9.8696
148623559,154.20811,55.39003,9.48572
66682512,154.81752,54.725513,6.9902
55684259,179.39337,55.531406,8.8376
137777168,175.8869,55.5728,9.9613
365968754,182.83032,54.316765,9.0025
285019926,158.3122,55.853584,9.7064
331942706,148.39272,54.105194,9.1998
55754095,181.54193,55.228745,8.8911
446132495,146.93701,54.495304,8.75855
137728416,173.65851,54.053303,9.9584
316418409,189.38605,55.946037,8.52576
316333039,188.2285,54.79525,7.99003
302756874,170.134,54.38149,9.2293
137887652,151.1926,54.18212,9.7807
99329312,189.8222,54.45771,9.817
285019937,158.31107,55.76709,9.63249
148623702,154.25873,54.627182,9.87015
367599866,161.62227,54.8128,7.9126
66682702,155.12979,54.21684,5.03167
289772532,160.72597,55.89082,5.805
137905680,151.72331,54.815094,7.0531
137935891,152.4099,55.28839,6.669
367599823,161.63463,55.03557,8.6325
289772614,160.6439,55.327763,9.5635
284542670,148.95296,55.39412,8.3271
284542680,148.87473,55.352604,9.1479
284542791,148.86617,54.682434,9.6437
137935984,152.50635,55.731293,9.7385
148623948,154.55264,54.368465,9.33426
331899567,147.70557,54.49665,9.6639
331899591,147.6615,54.617287,9.4893
377368086,149.37653,54.482487,9.20323
377367959,149.11714,54.0538,8.4463
137887936,151.24408,55.485607,8.43732
137906197,152.10295,55.540077,9.91008
137935906,152.32924,55.369423,9.145
289772641,160.68643,55.17361,8.9671
137905485,151.71004,55.657604,7.6728
148624083,154.53741,54.956768,9.9365
377388682,150.39075,54.401222,9.9134
377388864,150.40924,55.585087,7.2804
99390145,190.81728,55.408344,9.4905
377388779,150.28186,55.096054,8.64235
368437202,172.89542,54.737507,8.2786
137938286,152.88258,54.57711,9.9692
137967160,153.53978,54.102165,9.7849
224291216,183.59079,55.576565,6.5608
55748761,180.45416,55.827,8.3488
284596799,172.55362,54.36224,5.71203
224291038,183.57094,54.17959,8.6706
285002613,162.68985,55.459675,9.5025
137967482,153.65521,55.426987,8.9997
55748647,180.43752,55.13228,9.1211
334298351,150.02876,55.542393,9.4013
334298419,149.91599,55.168556,7.6891
66692381,155.3154,54.510075,8.3047
55748444,180.33661,54.024025,9.02217
141128993,165.62788,55.028576,7.0608
341687488,171.39583,54.408527,8.3686
309851273,161.99596,54.45505,9.7318
284567283,171.72571,54.989594,9.57477
357170407,172.97626,55.35399,9.17698
309851378,161.8655,55.160587,9.73904
55750378,180.65906,54.641155,9.8352
229515896,194.76878,55.155525,9.6877
229515929,194.64317,54.821053,9.4266
446135487,147.23611,55.065044,9.4481
446150999,147.26633,55.459827,9.1872
446152931,147.43587,55.59768,9.494
446135128,147.14372,54.264915,7.15039
341687511,171.4598,54.33396,9.3524
416518585,156.93842,54.427223,9.22746
446151038,147.3144,55.619465,9.1682
224292452,183.80885,55.51067,7.84647
309764011,155.51945,55.996628,9.1539
141118826,165.11371,55.774902,9.1493
233165743,187.10426,54.088406,8.5189
302726749,169.03238,54.23978,9.4203
309763679,155.58006,54.229424,8.9026
141118684,165.12733,55.007896,9.6122
137802077,176.59221,54.44994,7.3263
224292441,183.84085,55.608402,9.2037
224292506,183.74591,55.10155,9.7659
285002388,162.69452,54.35051,9.7812
137959522,153.46408,55.14923,9.70195
137959567,153.4776,55.013577,9.4409
285002418,162.69493,54.491096,8.675
302666414,163.005,55.355145,7.8461
297963957,164.43869,55.839977,8.0362
137802100,176.48888,54.307514,9.6817
224296150,184.79929,55.65211,9.47353
137809189,177.55878,54.252586,5.8313
224295819,184.66325,54.61368,7.0838
224296126,184.82155,55.515465,9.3375
446132767,146.80367,55.812702,8.9504
446132801,146.82547,55.968746,9.6386
137809290,177.65448,54.799786,8.9339
289729800,159.77441,55.51249,8.0353
137935848,152.46222,55.10601,8.88056
274270363,161.07628,54.72064,9.95387
137881341,150.59616,55.57524,9.09412
137935940,152.44135,55.541874,7.7747
459178663,156.64624,55.823208,9.5075
137881916,150.80133,54.97161,9.81843
289729742,159.93756,55.88688,9.9491
302666382,162.91571,55.225464,8.5844
302666489,162.9072,55.608486,9.9096
224295866,184.54219,54.20201,9.9881
377387602,149.62466,54.010468,9.001
302668245,163.43355,54.452312,8.62911
302668335,163.44438,54.92224,8.69603
233162910,186.50441,55.475643,8.58754
302669962,163.64777,54.946953,9.38596
302670317,163.71135,54.75096,9.8361
459186433,176.84705,54.966805,9.3197
159183172,200.46523,55.90116,8.85728
293630795,149.81956,55.31598,9.5757
55725684,179.86092,54.56973,7.94564
55779336,182.56615,54.488144,8.0261
155873416,196.20021,54.293015,9.1542
289752535,160.15253,55.649647,9.44514
55725586,179.8673,55.13023,9.69623
155871895,196.04588,55.723713,9.7311
309851033,155.84511,54.918377,9.5157
331944737,148.74745,54.553528,9.8568
334298489,149.85713,54.798065,8.6046
66692317,155.26729,55.01384,8.8845
66692428,155.38673,54.109417,9.19391
148623604,154.30602,55.149002,9.2927
316331312,187.82883,55.11897,7.1706
229533634,194.91656,54.676517,9.0841
137776620,175.71706,55.292965,8.3228
224299106,185.47093,55.412357,9.2613
297961028,157.90427,54.55291,8.2283
148623679,154.20038,54.74613,8.29392
224299006,185.42601,55.927216,9.5916
150388638,193.80025,55.58951,8.96385
150388753,193.91261,54.961246,6.75363
224291160,183.59297,55.104916,9.677
331944646,148.70906,55.110077,9.81839
297961045,157.89545,54.652023,9.7266
55750124,180.61235,55.91654,8.8388
285002633,162.77338,55.592594,9.57505
55684460,179.5119,54.18544,8.11464
367599681,161.66837,55.772743,9.5639
446126879,145.95665,54.13871,9.5974
99382119,190.55638,54.203945,8.8955
316417834,189.15172,55.079525,9.05711
137967241,153.57045,54.14901,9.7415
284627384,179.01025,55.839493,9.7638
55754497,181.62587,55.06461,9.74048
141147618,166.19629,54.16146,9.78345
55754305,181.44633,54.038322,9.613
224295717,184.64084,55.15733,9.4645
224295942,184.9106,54.240704,8.8191
55754041,181.5726,55.609253,9.5762
331946878,162.3505,55.28085,8.1631
141147938,166.4097,55.438225,9.21169
137809385,177.54729,55.28459,9.9082
357168182,170.50722,54.65001,8.8873
233165916,187.39667,55.238102,9.001
310922962,172.04784,55.668156,7.52885
141118534,165.20328,54.33609,8.685
150388948,194.07318,54.09949,5.8882
150388950,194.07143,54.099693,7.4933
137802026,176.6628,54.66549,9.4428
137810939,177.86174,55.580173,9.28699
224292916,183.96124,55.879845,9.42
141118638,165.152,54.76816,9.89779
353870641,271.4037,54.384163,9.1045
353870884,271.3475,54.666122,9.458
353871537,271.36353,55.41139,9.6778
353871287,271.33722,55.105396,7.42654
353879016,271.51752,55.396847,9.54949
950505851,190.15678,56.48652,9.85324
1551389770,272.46457,57.780357,7.8044
900444914,175.42928,56.45352,8.82157
1551252921,278.41306,56.636364,9.9836
1551247813,278.41888,56.099762,9.831
1001239799,201.99802,57.180923,8.57007
1551387123,273.84076,57.335186,7.6819
1400770435,264.96158,56.078915,8.88797
320525204,264.96158,56.078915,8.88797
1717801466,284.23978,57.386726,9.92798
1271091574,252.00383,57.48927,6.25931
900418742,179.67891,56.362885,9.4822
950532036,184.72441,56.367817,9.58381
950532037,184.72418,56.368507,8.97417
1271092063,253.36098,57.89287,9.6279
840997118,155.29922,56.39861,9.7049
1717801469,284.23996,57.38623,9.53199
1717792996,285.59302,57.01229,9.0836
950507045,189.80305,56.004,7.61975
199665425,252.00383,57.48927,6.25931
99380577,190.15678,56.48652,9.85324
99329527,189.80305,56.004,7.61975
137771608,175.42928,56.45352,8.82157
298730341,278.41306,56.636364,9.9836
298730657,278.41888,56.099762,9.831
236788130,283.21387,56.3962,9.411
199714014,254.14592,57.18808,8.209
66684036,155.29922,56.39861,9.7049
55724255,179.67891,56.362885,9.4822
224296244,184.72418,56.368507,8.97417
355835672,201.99802,57.180923,8.57007
353990436,272.46457,57.780357,7.8044
356978367,273.84076,57.335186,7.6819
353897927,271.91403,56.538475,9.734
353736310,276.33334,56.990105,9.18
377159823,285.59302,57.01229,9.0836
376978283,284.23996,57.38623,9.53199
471011677,165.46019,56.382427,2.34
55751968,181.19156,56.80182,8.663
137801420,176.66281,56.30866,9.539
137799321,176.26727,57.801758,9.2599
137801529,176.64412,56.055637,8.50462
334798358,253.36098,57.89287,9.6279
289751723,160.2521,57.97444,9.0962
289752184,160.19646,56.52532,6.5991
289752340,160.1535,56.1356,9.6404
289749614,160.09552,56.14067,9.13775
376997683,284.7739,57.12243,9.7715
376998756,284.69153,56.512463,8.4683
502667505,182.33762,57.97259,9.6356
141812068,204.30157,56.818382,9.9626
353736316,276.29913,56.985622,8.3769
353735760,276.254,57.6213,7.7646
334798742,253.42426,57.079403,9.3108
160039946,187.81369,57.295643,9.3893
160039846,187.67636,57.049732,9.1153
341529498,167.2845,57.61788,7.451
377192737,285.9077,57.342243,9.88
376998123,284.64905,56.859898,9.9524
377294908,286.7017,57.491814,8.4988
377159829,285.5193,57.011124,8.574
353941072,272.3092,56.05178,7.6645
353939521,272.25223,57.768177,9.9533
377159273,285.4981,57.70563,9.50224
377306067,286.96783,57.333725,9.20594
377052490,285.00827,56.96171,8.0494
377099481,285.13837,56.809166,7.6199
377099523,285.13638,56.760395,9.5572
377165129,285.8578,57.392128,8.4743
377165243,285.8389,57.546856,7.5982
377098752,285.20132,57.813076,7.64903
377165065,285.83456,57.311367,9.4958
232640500,281.4593,57.62859,7.6727
377052852,284.88873,57.429077,9.7799
236791893,283.5523,56.220264,6.3299
236813735,283.46082,57.82249,9.4366
377052066,284.87335,56.422955,9.8367
377052387,284.96277,56.846592,9.1924
377052447,285.00653,56.91285,9.1023
416195749,287.1528,57.49983,9.3532
236775984,282.72733,57.226536,9.04532
416195643,287.17612,57.62314,9.67037
377052836,284.9185,57.417923,9.76
236791733,283.56042,56.00367,9.68142
236776311,282.65756,57.780567,9.3723
236779934,282.8063,56.31761,8.0564
236779995,282.87305,56.24659,8.8432
377251897,286.20413,57.245773,8.8827
236784418,283.0538,57.595676,9.3656
236783644,283.06302,56.492085,6.6368
236779786,282.8405,56.51509,9.1736
232680691,282.46432,56.74903,9.0728
236816540,283.61493,57.569828,8.9014
236816523,283.62726,57.59269,9.88992
359631862,280.27335,56.791496,5.6931
416195760,287.16144,57.48521,8.9273
232645214,281.6077,56.95001,9.546
377104137,285.30508,56.770805,9.3334
377104681,285.29224,57.494434,8.82981
377104893,285.40067,57.81795,8.7549
236779956,282.76984,56.298145,6.4533
232637510,281.12927,57.28514,7.1739
376975340,284.18765,57.81482,4.6901
236817455,283.7129,56.297085,9.4154
236778806,282.83847,57.994892,9.71918
236779349,282.85437,57.140656,8.4629
236816404,283.63284,57.786602,9.58607
236817427,283.79425,56.33426,9.15336
359678549,280.9552,56.90031,8.0392
376974814,284.16864,57.047787,9.1239
376974966,284.02057,57.267006,9.5334
376975266,284.17596,57.701202,7.6927
359678383,281.0501,57.211468,8.4044
376978543,284.29495,57.0625,9.5043
376974849,284.1673,57.095722,9.4868
406930062,287.5262,57.568176,9.3995
377104904,285.39584,57.829994,5.7794
406929971,287.6439,57.708202,9.5284
359678669,281.02847,56.67755,7.9006
236776067,282.6055,57.353912,8.2133
377099704,285.1146,56.525307,8.9664
376978152,284.3566,57.555416,9.4539
232680344,282.5237,56.24519,9.9343
236780127,282.78262,56.054337,9.5969
377306389,287.0391,57.75574,8.3239
232681456,282.48224,57.946198,9.095
232681433,282.5603,57.905773,8.804
232680387,282.5446,56.31755,9.58417
376993892,284.42316,57.525814,9.00686
359589590,279.9208,56.85592,9.4347
232672291,282.13943,56.22199,9.2136
232672303,282.03558,56.242615,9.8268
232672438,282.0939,56.435513,9.6828
232676980,282.31976,56.093346,9.4915
377251735,286.18777,57.03438,8.89992
377251803,286.26407,57.12566,9.04855
359589748,279.95523,57.099396,9.41785
232672408,281.95786,56.38275,8.48588
232676547,282.2433,56.767338,9.40858
359678852,281.03296,56.373833,8.01
377291489,286.55258,57.52477,7.74878
236787933,283.26852,56.67532,9.3885
377104174,285.26746,56.81164,8.3002
359556587,279.47208,56.59002,9.8724
359677968,280.9402,57.948147,7.01405
359678171,280.9496,57.587822,8.60997
359632122,280.1413,56.32978,8.9409
236783913,283.16724,56.872215,9.9049
236783927,283.1208,56.89226,8.8819
236784353,283.17926,57.493004,9.98459
236784470,282.98843,57.66058,8.9592
377192642,285.96527,57.478413,9.199
236788144,283.26242,56.375423,7.62905
232637102,281.1295,56.692196,8.31351
232637164,281.12274,56.77874,7.89303
236784225,283.15555,57.28325,9.7141
236792190,283.5637,56.627205,9.40399
376974575,284.02136,56.661606,6.4564
236775592,282.6243,56.606537,7.4025
236775962,282.58212,57.187572,9.87121
298782505,278.7021,56.0565,7.9977
232636913,281.3034,56.42662,9.8197
232676481,282.29498,56.865116,9.9937
376927756,283.97232,57.64359,7.50724
376928523,283.9769,56.541817,9.7905
377165084,285.72055,57.339237,9.4033
359628826,279.8819,57.542473,9.837
377192658,285.91934,57.458782,9.1254
377192659,285.91476,57.457184,8.3602
359675849,280.70605,57.86521,7.3529
359589189,279.98163,56.191048,9.48163
359674730,280.74628,56.05092,8.0998
377098994,285.14563,57.489677,7.5165
376996854,284.69833,57.7866,8.86454
232637376,281.22137,57.088097,7.77574
232637961,281.1377,57.95184,8.8596
232645216,281.57227,56.95084,9.8392
377255243,286.40796,57.752373,9.8177
377255322,286.3754,57.63578,8.7594
377099374,285.21445,56.959965,9.7078
232681393,282.36523,57.839935,7.83068
353936156,272.16187,57.979683,6.04776
232681328,282.42105,57.747425,9.3961
377099603,285.16956,56.655106,9.8892
232637590,281.13513,57.390583,9.72212
232681382,282.36325,57.819885,9.9239
392570129,280.5805,56.12761,9.9175
232673130,281.99942,57.528473,6.08073
359493892,278.8492,56.273994,9.8861
232673207,282.1055,57.640156,9.1486
392537450,280.33804,56.953827,9.102
376993033,284.50806,56.40825,8.1164
359585329,279.8574,57.491318,9.19885
359675242,280.78607,56.83299,8.36517
359497684,279.1013,57.490948,8.6312
392570272,280.6203,56.365437,9.9562
232649590,281.80063,56.004204,8.5336
390021526,277.7058,56.09752,9.4356
376927620,283.86884,57.84302,8.1555
399788598,278.02017,57.23518,9.69653
236792571,283.5023,57.16689,9.9405
389968669,277.20294,56.42956,8.6932
298782072,278.83203,56.76399,9.4057
356917682,273.28882,57.817722,8.9574
232640311,281.52173,57.9223,9.94857
357128544,275.43152,57.670048,9.3799
390018662,277.4059,56.421295,8.7487
232648516,281.91565,57.551826,8.8975
359556659,279.58698,56.699856,9.07384
232648817,281.91418,57.136173,9.7078
232645170,281.72382,56.8827,9.5834
232648307,281.77872,57.893864,9.44785
359556958,279.5569,57.24809,7.16129
298781333,278.63995,57.924305,8.119
236813492,283.44296,57.486557,5.16915
359497851,279.2191,57.773808,9.7414
392571044,280.62393,57.554886,9.8215
359675085,280.8132,56.60328,8.28
353783319,276.84238,57.29709,8.1775
232637392,281.28726,57.115715,6.8327
236779722,282.80963,56.60985,8.9666
359675280,280.80664,56.896156,9.14424
399788684,278.14383,57.045593,4.2113
298729810,278.38095,57.600533,8.9559
376978329,284.25854,57.32249,8.2499
359675817,280.8251,57.818455,7.1072
359631482,280.15768,57.494865,8.6621
390018424,277.58923,56.818707,8.9946
298730627,278.2734,56.156643,9.6656
399788681,278.0626,57.04747,9.16248
390018812,277.54688,56.15752,8.85215
362212095,270.8386,56.933598,6.42961
357687021,275.18295,56.711105,8.1592
357097032,274.84445,56.199505,8.4923
353783180,276.86078,57.039898,7.7878
392538059,280.2847,56.04027,9.0271
359313431,267.9914,56.040775,9.57333
359313470,267.93646,56.120197,6.82467
357527522,270.02673,56.951096,7.8998
357595868,270.10727,57.348164,7.1584
359556922,279.65167,57.19297,9.4953
359497229,279.05283,56.745625,9.495
353989864,272.45444,56.493427,9.1171
359497418,279.1688,57.05588,9.58467
359556610,279.60196,56.622932,9.9152
399788404,278.0257,57.651653,9.5208
298782303,278.698,56.384323,8.8807
353939624,272.3295,57.617947,9.8775
356895428,273.0714,56.772976,7.1606
356895847,273.0691,56.02502,9.6261
353780118,276.55173,57.04487,8.3872
298733302,278.47894,56.040077,8.5279
298733809,278.56445,56.96699,9.3209
298781775,278.76477,57.20551,8.113
356895671,273.1821,56.347164,9.7683
298733630,278.59085,56.630543,9.6289
359557055,279.60092,57.39194,9.72206
359493881,279.00995,56.28764,9.5799
389958958,275.95682,56.046177,9.5972
353731747,275.5592,56.645855,9.1593
353732134,275.64178,57.47655,8.3615
389962223,276.7366,57.195587,9.5885
298729901,278.39365,57.435352,9.3114
359586060,279.73047,56.239033,9.9437
232640406,281.4534,57.78202,9.5016
399788371,278.0436,57.724712,8.6649
237114876,269.62234,57.92554,9.6116
362132713,270.93268,57.344753,9.7446
362212275,270.81192,56.57815,9.7802
353779919,276.553,56.641487,8.2568
359552899,279.3552,56.814762,9.08823
390018832,277.51666,56.10754,9.4857
357527401,270.05325,56.69798,9.28616
165550022,266.59967,57.601585,9.16206
353992466,272.71912,57.25846,6.6155
356917739,273.36798,57.92611,8.274
359553003,279.4325,56.61679,9.2607
165531443,266.43973,56.384933,8.8278
353992171,272.8042,57.97612,9.8199
353731631,275.71628,56.4187,9.3476
298734296,278.44058,57.790787,8.9705
359493330,278.91803,57.22887,9.3828
359497915,279.1751,57.864494,8.4954
359552522,279.31253,57.458237,9.8901
359493591,278.87234,56.747814,8.7978
353780307,276.3806,57.472687,9.96
165549436,266.48926,56.019817,9.04941
165554574,266.98947,57.111107,8.53372
298730712,278.3885,56.006363,9.9766
359483383,278.96475,57.62111,7.7057
232637036,281.25174,56.595825,8.3557
232641225,281.52155,56.535732,9.7667
236787397,283.20428,57.429184,8.4083
236787831,283.3872,56.817783,8.7352
236788300,283.20706,56.160507,9.9148
376979188,284.32315,56.211876,9.0605
356920276,273.4754,56.75653,7.3396
353782833,276.948,56.409687,9.8148
399788819,278.15152,56.753304,9.1591
356920361,273.67084,56.58824,6.30716
356919787,273.5244,57.73828,9.98424
356920080,273.63162,57.19572,9.34944
389965072,277.0,57.39837,7.90568
389968494,277.31668,56.111935,9.48689
356895717,273.05716,56.279816,9.18
389969040,277.25153,57.072605,9.6111
359497607,279.23627,57.33874,9.3756
232636685,281.20178,56.061478,9.9549
389969478,277.18915,57.882034,9.55808
359674840,280.7413,56.2091,9.8377
236813812,283.58813,57.951244,8.71081
359585210,279.69,57.702038,7.6968
390022066,277.7646,56.99776,8.188
232636773,281.3036,56.205143,9.65057
298663873,277.94373,56.650852,8.56854
298781653,278.6451,57.404373,9.80518
390018514,277.53116,56.69061,9.6469
165554288,266.97415,56.312496,7.9352
165554545,266.98087,57.023365,9.6722
232618043,268.2169,57.61676,9.88028
165552301,266.67728,56.139446,8.7511
357099943,274.94034,56.884888,9.54653
359483351,278.87302,57.67448,9.93249
353935054,272.10757,56.125813,9.4722
232621086,268.43732,57.05595,5.8681
356920292,273.52448,56.70577,7.2457
320474241,264.30905,57.366627,8.8995
232621005,268.3822,56.872646,2.6552
353895073,271.778,56.629234,8.8857
357527284,270.13724,56.455338,7.6274
353894841,271.78726,56.10446,8.4757
232634196,269.4385,56.195957,9.9227
165526988,266.03125,56.193512,7.91501
165526955,265.9119,56.293842,9.6176
198392281,258.5284,56.13382,7.3767
298729948,278.41833,57.371696,9.9811
298734307,278.6096,57.80182,7.20993
165498137,265.2026,57.435146,8.07088
165498199,265.15067,57.310314,5.9817
390018092,277.42245,57.404247,9.1266
389964757,277.01807,57.922226,7.4097
389915338,275.89386,57.284363,7.1108
165498393,265.1651,56.786797,9.46279
232631424,269.17407,56.881916,7.9065
357596107,270.1667,57.887318,9.8434
353782825,276.8741,56.39748,9.1076
353782884,276.95258,56.5113,8.7267
390022397,277.63266,57.66374,9.8633
357686750,275.13342,57.251667,8.74767
383622901,270.6888,56.662197,8.6194
383623135,270.75482,57.0986,7.9957
232641526,281.4905,56.103374,8.8213
376978767,284.23007,56.74941,6.77075
376979172,284.30142,56.232594,7.94949
376978768,284.2332,56.74828,9.9074
232626510,268.75745,57.763546,9.3678
357034454,274.30063,56.913857,9.5943
357096501,274.76706,57.151485,9.8807
232623504,268.58783,56.794598,9.899
390018111,277.54214,57.379364,9.608
356981123,273.9431,56.98459,9.70879
383622752,270.7048,56.37346,9.70894
383623314,270.62634,57.484375,8.97996
390018170,277.54068,57.255066,8.73289
357128388,275.36917,57.33577,9.9709
383622786,270.72885,56.436802,8.12386
356892019,272.96484,56.05121,9.1496
356892192,273.00775,56.43833,9.6706
320506588,264.70123,56.64362,9.9212
229689448,263.18445,56.778404,7.9112
356892348,272.93655,56.73891,8.85177
356978181,273.87833,56.995132,9.311
198356414,256.26593,56.53735,6.90702
198356680,256.1547,57.271915,8.2809
232620952,268.52612,56.76257,8.7163
356892729,272.91232,57.526325,9.4606
357044740,274.32434,56.855003,7.7535
198393843,258.63763,56.495373,9.76532
198413432,259.2582,56.205193,9.3957
357045197,274.34097,56.06458,9.4234
198356533,256.13867,56.842636,8.69378
353894953,271.77148,56.361492,9.26904
320523391,264.59564,56.100464,9.9409
356920516,273.62442,56.326157,9.5871
198479552,262.1302,57.11027,7.14712
237116870,269.79962,56.748165,7.9254
298730486,278.35098,56.398018,9.1985
237116476,269.96185,57.69443,9.8959
357527364,270.06842,56.60816,9.2485
357034323,274.2798,56.695568,9.455
356892699,272.95203,57.4357,8.8674
353783589,276.94043,57.814045,9.9531
298734336,278.4737,57.851532,8.5539
320523366,264.61273,56.170883,9.92653
357099935,275.02423,56.864986,9.4375
389961674,276.7611,56.28805,9.30052
356919944,273.56433,57.47238,9.4874
357099563,274.95685,56.200043,8.8625
357100350,274.9664,57.61091,9.402
353736303,276.33466,56.99056,9.6703
389968746,277.2411,56.566574,9.90956
232620788,268.41873,56.391956,7.3311
341839461,267.8376,57.661045,8.4579
353935151,272.171,56.362644,9.6345
356978137,273.8816,56.88687,7.81812
229687337,262.95612,56.294674,9.2928
353897394,271.96274,57.670815,9.91634
356978440,273.67825,57.49476,9.3073
357099972,275.05246,56.941837,9.379
357100398,275.01144,57.712734,9.76613
390021867,277.6424,56.62738,9.92244
356978132,273.78162,56.878273,9.90051
229687709,263.02454,57.462505,9.1599
353897928,271.91412,56.53844,9.9329
353897791,271.8726,56.801903,7.03074
232620850,268.3338,56.52618,9.1265
357048431,274.6382,57.527206,8.6264
165531573,266.32,56.080242,9.2737
198420372,261.63394,56.646008,9.4407
357047999,274.57355,56.73886,9.9003
165551870,266.86496,57.25247,9.7136
165554755,267.0525,57.533546,9.1475
357045061,274.46338,56.298843,9.8053
389968727,277.2739,56.529438,9.6497
232617995,268.31815,57.74303,9.5304
198392197,258.59082,56.414013,8.8403
198392232,258.45087,56.288944,9.5966
198392081,258.5472,56.72957,9.8452
198392180,258.51837,56.45575,9.02905
165498318,265.1895,56.934364,9.8067
298664066,277.8217,57.040825,9.39734
165551785,266.71393,57.466225,9.46015
232623343,268.65488,57.22083,9.1087
341813787,267.335,57.84753,9.1052
1400760369,261.66672,56.353104,9.9341
341816742,267.58847,56.91981,7.9254
462617902,259.8037,57.190136,8.6974
165550014,266.585,57.58546,7.7672
357036840,274.48218,57.890846,6.81123
357036834,274.33633,57.900246,9.5481
462617863,259.82425,57.286053,9.66984
353818863,270.47754,56.477325,9.69007
356111025,262.59778,56.120705,9.88869
165549513,266.5362,56.21951,9.76618
357096450,274.78314,57.22502,9.37932
353895641,271.79315,57.946598,8.8495
198360438,256.57178,56.803185,9.2778
199709428,253.60957,57.84359,9.326
165529165,266.10635,57.10834,8.04664
353895571,271.7147,57.758358,8.0382
357100232,274.9368,57.381477,9.08814
229689487,263.35013,56.669487,8.327
341813935,267.27954,57.425667,9.0129
229689152,263.22418,57.696026,9.9131
229689153,263.32715,57.684635,8.8005
423024785,263.3817,57.558716,5.55085
357099586,274.95258,56.26358,9.46474
165551979,266.7623,57.016037,9.84669
332478467,265.48294,56.06606,7.30033
353989770,272.514,56.266754,6.27522
199666719,252.0693,57.813705,4.154
341839687,267.70053,57.174656,9.6205
357527099,270.0332,56.04997,8.894
320525533,264.98682,56.87029,6.3645
320525657,264.92456,57.173237,9.7384
353872814,271.2051,56.814907,8.1888
237114804,269.5924,57.728,9.97556
224607716,255.8918,57.499783,8.1834
224597987,254.73857,56.93165,9.63671
320525755,265.0017,57.40392,7.72767
224607505,255.74423,56.74627,9.85663
320525210,264.8193,56.09241,9.849
329172913,263.69153,56.880814,9.9602
329249969,264.0665,57.469677,9.5517
232623464,268.5867,56.91805,8.6374
198358588,256.4805,56.411472,9.3489
329172983,263.68732,57.03231,8.1462
232623473,268.6681,56.899635,9.3724
353807987,270.18378,56.547653,8.9178
284900269,260.93372,57.54197,9.1243
284900518,260.99304,56.75395,9.8462
462618233,259.68155,56.221897,9.7886
356086615,261.26602,56.46906,9.13364
329247110,263.94034,57.036613,9.81023
329246973,263.79034,57.37642,9.72567
356895061,273.08475,57.40039,9.99635
199666763,252.13127,57.657,9.3446
229683264,262.4388,57.483757,7.9365
353897799,272.0298,56.78666,9.7609
357096848,274.7671,56.55657,8.7777
332504057,267.23956,57.802498,9.50385
199660422,250.98212,57.635406,8.73506
198457170,261.74567,57.29178,9.31538
232625760,268.8358,56.085968,8.59051
341816845,267.53168,57.17285,8.91549
357097047,274.79517,56.17326,8.52074
341814324,267.34042,56.47216,9.8357
320474338,264.2891,57.07422,8.329
359313776,267.99664,56.771355,8.9329
320474096,264.25046,57.74036,5.0337
341839795,267.6989,56.875042,8.9244
198415364,259.5568,57.34547,8.3661
332478347,265.5806,56.38129,8.9109
341816645,267.6803,56.67521,9.4588
229689338,263.24664,57.114548,9.6454
229689472,263.2184,56.716454,9.525
198358233,256.4711,57.671875,8.084
462636941,259.86218,57.98914,8.7646
232626072,268.8312,56.752064,9.1018
165551898,266.6799,57.191605,9.8124
165529029,266.1192,56.76632,9.9984
232620728,268.36975,56.25083,9.1128
950553243,195.18344,56.36623,6.7851
353992349,272.68683,57.49691,8.7572
353854310,271.01422,57.759804,9.5178
357595904,270.0962,57.41803,8.92544
199712572,253.89226,57.22757,8.79318
284889688,260.38568,56.521854,9.622
55778584,182.33778,57.972538,9.6431
462618034,259.72803,56.805573,9.9523
165549803,266.65256,56.960163,9.6718
284891999,260.49295,57.822815,9.9963
341839336,267.78906,57.966503,8.972
329247550,263.77142,56.046852,9.6496
332478393,265.59705,56.24986,9.0879
329249739,264.16162,56.93831,9.1047
165502961,265.85135,57.08075,9.3879
359313673,268.09225,56.55717,9.2497
198392003,258.59836,57.02375,9.4539
356109485,261.29782,56.105896,9.3763
232623692,268.58823,56.362144,9.1837
198362112,256.80087,57.57275,9.7745
198362154,256.89566,57.442833,9.1413
198354179,256.12042,57.943733,9.6292
165554331,266.9403,56.402515,9.5387
165498001,265.0439,57.790424,9.7343
165497968,265.12848,57.857594,6.71696
329249647,264.0588,56.694756,7.7222
137752707,175.11429,57.970406,6.44775
229685302,262.7952,57.186066,9.9749
232626013,268.87628,56.630466,9.974
199715973,254.45807,57.668808,9.4431
341814168,267.3913,56.827106,6.1805
353854771,271.09546,56.669106,8.7745
198360637,256.56586,57.46452,7.7294
199715812,254.46542,57.11375,9.7231
198356573,256.24887,56.94266,8.36097
150362821,192.39201,56.79647,9.9139
198408854,258.92603,57.55969,8.7827
355835562,201.85483,57.887833,8.0782
224599990,254.92549,56.829647,9.4146
353807829,270.3107,56.967644,6.55727
232625819,268.8449,56.235104,9.6162
224601836,255.27505,57.114075,7.64644
232633718,269.53262,57.271557,9.7557
224604048,255.46996,57.380234,9.725
359313560,267.95367,56.2907,9.3875
165500884,265.78784,57.04734,9.9733
198420284,261.66718,56.353275,8.7173
232628219,269.0127,57.96164,9.86506
353807438,270.35638,57.9424,9.9858
353807883,270.34476,56.849773,9.82926
232620739,268.3667,56.278324,9.28858
198457034,261.75125,57.81673,7.82722
356108881,261.43314,57.803326,8.96408
198457457,261.8344,56.374977,9.40105
198457222,261.74747,57.11902,9.34414
199685322,252.83507,57.82791,9.97246
165498352,265.19717,56.860535,9.8642
353818925,270.42056,56.709442,9.9434
353818791,270.46417,56.34085,9.28539
165529451,266.05365,57.76762,8.0293
341840037,267.69604,56.292294,8.7174
198420511,261.58502,57.12291,9.7683
302349397,168.00688,56.589226,9.8905
224297879,185.33867,56.129494,9.7722
224297167,185.07199,56.808807,8.7449
284900355,260.95285,57.26926,9.6773
284900628,260.88788,56.405018,9.0423
229687773,263.00754,57.658405,9.0159
148622009,153.97388,56.517918,9.1721
198410938,259.19675,56.047432,8.7228
224293948,184.20854,56.281467,6.2264
141861849,206.85805,57.25712,8.4364
150386615,193.27481,57.107582,9.8591
233164610,186.96545,57.182514,9.6366
233164667,186.78392,57.58333,9.426
141146023,166.02376,57.1552,8.8336
137770520,175.40227,56.711906,7.2901
224600171,255.04514,57.43161,9.94
150385760,193.10739,56.634174,7.9598
233164606,186.98291,57.154797,8.7006
99382526,190.63174,56.99879,5.7488
285008352,157.19463,56.80771,9.8568
302349490,168.16434,56.16029,9.4995
148622012,154.05467,56.526363,7.4815
160012046,203.57068,57.51144,7.6835
160033841,203.58894,56.79891,8.2467
199661616,251.31676,57.868114,8.8021
298289988,251.705,57.802704,9.7584
334798691,253.32034,57.179317,9.224
199710486,253.81026,57.961452,9.299
284900199,261.0682,57.791676,7.5707
224297258,185.06389,56.20115,9.99454
55778805,182.42484,56.680614,9.4535
199713999,254.14801,57.21574,9.8482
150363786,192.66252,56.861416,7.9306
150384768,192.86205,57.373425,7.0191
150384819,192.83159,57.731644,5.4132
198362364,256.75635,56.784286,9.9568
199713797,254.26183,57.94447,7.9627
150363818,192.56628,56.624924,9.9294
199715780,254.4095,56.933914,9.3483
284679938,195.63594,56.257378,9.7561
199716041,254.2826,57.9236,9.0623
198459125,262.0297,56.416733,8.4365
224601703,255.31885,57.50384,9.5904
141875398,208.31561,57.913567,8.1168
224600346,255.1035,57.968952,9.2355
137750368,174.70387,57.631737,8.6937
229514836,194.35614,57.928047,9.6064
137750315,174.71367,57.274593,9.7867
141875392,208.28378,57.965458,8.6322
417933920,193.66461,57.423306,9.6044
141813322,204.43324,57.8268,9.5724
229514904,194.24411,57.342003,9.2343
159204123,201.80777,56.842167,9.1199
159190829,201.3132,56.06111,9.323
137750378,174.76295,57.695168,9.8711
353855033,271.15753,56.079624,9.9015
446173036,203.19768,56.486275,8.1509
416536361,167.00964,56.16453,9.9194
284597338,178.2542,56.38403,9.4074
141146029,165.98003,57.18292,8.7067
199688388,253.05882,57.604805,9.41521
284891601,260.50848,56.62842,8.55411
198457103,261.92114,57.510498,8.07023
199657025,250.76723,57.851482,9.21
198418712,260.84445,57.011723,6.2523
157273038,198.69478,57.017834,8.9489
157273020,198.57092,56.881283,9.6541
157317242,198.77176,57.813995,9.7664
157318291,199.13596,57.384228,9.94505
284891650,260.56058,56.750317,9.67982
198413001,259.36465,57.404236,9.5406
359313699,267.9281,56.60418,7.88314
383622780,270.72025,56.427956,7.58052
383622784,270.73053,56.435406,8.36955
462620448,259.86185,57.799362,9.4906
198412824,259.43634,57.923122,8.96285
237116880,269.85406,56.72812,9.31901
462619803,259.89468,56.01717,9.9579
462619861,259.87238,56.179325,7.4968
198479620,262.18192,56.925213,9.91848
157265153,198.00629,56.38013,6.1963
198356694,256.17477,57.315887,9.48069
232629077,268.9806,56.03532,8.0406
302668828,163.2544,57.70222,8.7499
284598447,178.35562,57.07885,9.7067
141815075,205.00002,57.34145,9.4435
137804022,177.2215,57.30626,9.8944
157263383,197.71565,57.560444,7.2725
356111584,262.68155,57.876823,4.96041
229687540,262.96735,56.918858,7.61603
332478380,265.52264,56.299473,9.76118
150385538,193.1149,57.711426,8.94567
233164572,186.80008,56.861046,9.162
141148277,166.38942,57.319904,9.5801
141821186,206.24815,57.884922,8.66348
99382625,190.55421,57.590614,9.99932
150387378,193.58588,57.641346,9.7476
150387548,193.42717,56.429058,9.4046
199688471,253.17793,57.97059,9.5169
302308152,167.38687,57.21827,9.9608
302330863,167.61977,56.49746,8.1434
297984122,173.94191,56.698055,9.38428
284679911,195.65843,56.41978,8.6955
137752326,175.0169,56.03252,9.5606
137714056,173.48755,56.308773,9.7388
198459239,262.11362,56.7596,9.9122
199714030,254.23413,57.14229,9.0479
198409372,258.95172,56.077568,8.6364
198459038,261.97345,56.161118,8.97164
150384655,192.84113,56.65281,9.6882
159209980,202.9499,56.912064,8.8037
229514857,194.21669,57.73187,8.1654
137750332,174.64874,57.391132,9.5248
229514863,194.3171,57.691727,7.46818
356108811,261.47885,57.99196,8.8058
459186984,176.82182,57.854538,9.1062
284678815,195.33565,57.048676,8.6417
316332568,188.0328,57.457912,8.5605
159165698,199.86105,57.296524,9.04778
302749614,169.48676,57.497353,9.0582
137732912,174.24846,56.99566,7.763
284678786,195.4089,56.949547,6.82416
141817070,205.4868,57.87411,8.5921
159161254,199.38237,57.821716,6.3817
224300711,185.94595,56.182983,9.8691
99320202,189.48192,56.043076,9.64902
459215450,197.15302,56.018044,9.9774
160034659,203.7639,56.35798,9.74223
148622058,154.1023,56.7611,8.01486
302350245,168.20651,56.402744,7.30785
198416591,260.0912,57.974182,8.3041
198411502,259.11246,57.725735,9.34063
229687624,262.98853,57.178432,8.9801
224293813,184.2341,57.420826,9.0805
316331471,187.94641,56.07491,9.19193
198362148,256.8649,57.45683,9.89843
199709235,253.56557,57.090546,9.76147
341529419,167.31422,57.87641,6.2119
284626663,178.82686,56.01038,7.277
159208922,202.88722,57.416496,9.3761
157272185,198.50319,56.829796,6.3948
157272204,198.36836,56.680885,6.9755
157271511,198.21672,57.844448,9.547
157271332,198.3395,56.673767,9.5429
150396012,194.11037,57.600246,8.2934
302756363,170.088,57.477383,9.90098
157265030,197.96164,57.244625,9.9732
150317406,190.93903,57.97576,8.7886
368436847,172.86392,57.134876,6.1026
150342503,191.9318,57.471157,8.0877
150342580,191.89595,56.994164,7.9925
224295418,184.67636,57.11912,8.9648
309851594,161.93687,56.436428,9.2691
316386220,188.58156,57.41015,9.9379
316417301,189.22334,57.968826,8.7176
316417426,189.13072,57.316742,7.5502
224288961,182.9371,57.054405,4.947
157318249,199.03146,57.090923,7.1575
224288919,183.05565,57.37064,9.6307
302331897,167.96368,57.281837,8.5665
157318377,198.96387,57.93451,8.4217
159159788,199.23865,57.897884,7.8384
159160149,199.232,56.139847,8.5733
137729018,174.04582,56.83824,7.7086
224288877,182.9678,57.680008,9.571
137728916,174.13089,57.324432,9.3528
233163055,186.57207,56.660645,9.99005
355835654,201.89055,57.267315,8.8486
289718524,159.416,57.865063,8.2484
159190692,201.43971,56.970493,6.5548
417933742,193.71078,56.10289,8.1273
141819111,205.9454,57.867756,9.86279
284626424,178.86055,57.45249,9.905
416520386,157.74704,56.83463,8.4988
416520434,157.67389,56.569115,6.6716
137933834,152.01727,57.56872,8.6579
416520224,157.78528,57.689552,9.1515
284627777,179.12595,57.87157,4.5758
159189482,200.84708,57.906147,8.3345
55753793,181.51,57.270985,9.4314
137933829,152.07306,57.547115,9.8194
441640904,209.51476,57.72701,9.75808
141146054,166.11429,57.334812,7.98318
284597409,178.16954,56.782158,8.6843
467179123,208.93327,57.741264,9.52841
137882493,150.85925,57.535786,7.2005
137882473,150.69965,57.448265,9.5077
224288833,183.01147,57.990627,9.5778
224288953,183.00441,57.106174,9.28803
224289097,182.93625,56.012188,9.6135
137883462,151.02214,57.474136,8.01338
367600737,164.89397,57.284462,9.6384
297946676,157.2587,57.744778,9.5746
137882486,150.80786,57.490902,9.88347
297946636,157.29922,57.96823,8.4206
417933036,188.95265,56.578426,6.77923
377389961,161.59367,57.365913,4.6604
137882559,150.73264,57.86877,7.9277
462620035,259.94757,56.620872,9.55219
224603921,255.3363,56.988472,8.86873
284889660,260.4099,56.622215,9.0831
232617923,268.1939,57.895794,9.45559
341816971,267.6306,57.44352,8.01272
137777429,175.86658,56.945194,8.3528
309862566,165.08678,56.45203,6.5759
159159365,166.67076,56.091606,6.0066
137904114,151.54854,57.08927,9.0815
159159131,166.5942,57.667015,8.9701
147623986,197.47281,57.633587,9.9108
355835748,201.96867,56.654102,9.8557
199688472,253.1403,57.974003,9.84566
310934741,172.43152,56.737576,6.1588
199688420,253.21397,57.768356,8.85097
147623972,197.33052,57.71464,9.4995
147623998,197.48065,57.567776,8.6142
302668818,163.40144,57.63344,9.8764
150395933,194.19385,57.125633,8.8686
141859885,206.4037,57.980446,8.0626
137934799,152.25604,57.812084,8.7669
416519155,157.56989,56.429367,9.5662
159159241,166.66269,57.05135,7.92406
147624120,197.3884,56.83337,6.5012
137800845,176.56248,57.97911,9.3608
159159156,166.65927,57.527946,9.39137
137801499,176.6003,56.103477,9.58312
309862469,165.05008,56.99711,8.99122
159188626,200.7636,57.28006,9.564
159190604,201.42944,57.49388,9.8907
137889262,151.48132,57.52001,9.1942
150388403,193.90474,57.10668,8.5592
416519142,157.59023,56.354748,9.84666
137958119,153.30122,57.516655,8.4411
137778521,176.19345,57.110283,9.3443
159205256,202.45386,57.494587,9.9422
297946650,157.36156,57.86241,8.733
367600829,164.75435,57.777626,9.2337
367600636,164.84767,56.86068,8.92717
371833120,194.60335,57.07903,9.1702
99330538,189.93611,57.171436,8.67048
155871982,196.0387,56.244144,9.5746
99329806,189.86346,57.77794,9.5084
55762942,182.06914,56.048607,9.9635
371833195,194.41983,56.56644,7.8172
155872195,196.00505,57.783848,8.3348
55779858,182.52116,57.67755,7.02973
416517994,157.04008,57.653145,8.1698
150387485,193.46603,56.819965,6.6971
441638686,209.20267,57.96364,9.4008
416537527,173.32118,57.25825,9.7125
441660848,210.54643,57.936024,9.8521
416518249,156.90176,56.25224,9.9176
416537443,173.33093,57.803436,9.97116
150343757,192.08374,57.91931,9.7777
199661658,251.36923,57.707718,9.46063
150343499,192.0514,56.314644,8.85434
55762242,181.86806,56.488567,9.73282
285020646,158.63762,56.164032,7.55471
141120071,165.40636,57.49083,9.49661
157272202,198.4042,56.708267,6.2269
302667756,163.11949,56.165558,8.348
285020829,158.51657,57.16235,9.3835
357238481,155.62134,56.184246,9.60422
99389882,190.86728,57.129597,8.15539
289772179,160.7711,57.955822,7.4596
141129303,165.64029,56.65151,9.0885
141130374,165.82477,57.419598,6.6604
99380740,190.19135,57.62761,9.2886
99380768,190.21481,57.782196,7.928
55726440,180.07326,57.47472,7.77035
289772332,160.65599,57.052372,9.1442
141120168,165.49826,56.969894,9.7279
141130524,165.87576,56.568474,8.891
229515698,194.66098,56.64711,9.3649
309850790,155.88446,56.521275,7.38094
302696882,164.11163,57.50296,5.95501
309850611,156.00804,57.73229,9.8633
157263399,197.5905,57.426,8.4052
157264349,197.78725,57.511784,9.53195
137802911,177.01424,56.10711,9.901
159205041,202.26367,56.233227,6.62699
141120277,165.46031,56.382427,1.8638
141130478,165.78477,56.83355,9.8758
302669466,163.48137,57.95995,9.7776
155876869,196.42418,57.249947,9.5547
55751065,180.93721,57.316048,9.9958
357170014,173.14156,57.249016,9.1329
357268544,202.18794,56.48923,8.815
284625481,178.61702,56.915855,9.64605
157264232,197.78792,56.617073,9.10677
224596075,254.50552,57.047707,9.9415
224596156,254.53667,57.317696,9.5828
55748145,180.18805,56.079746,9.7703
99380618,190.16417,56.79766,9.9832
141813207,204.37732,57.111053,9.6785
159160036,199.2646,56.6149,9.97889
137729151,174.14873,56.135353,7.1169
137729154,174.14954,56.133747,7.4926
224298867,185.46053,56.869446,9.20873
159159904,199.25479,57.283188,8.71483
159160986,199.42628,56.4006,8.38917
357170231,173.0836,56.098488,9.5788
459186997,176.83487,57.933846,8.02999
224293125,183.90895,57.60728,7.82086
284678780,195.42918,56.932053,9.1022
284679958,195.6152,56.074093,9.2714
284678911,195.42068,57.628555,8.19045
284679838,195.50899,56.89547,9.4926
141816239,205.30585,56.727173,7.0071
137888095,151.18188,56.13457,7.9291
377368616,149.30672,57.41821,5.18302
285005902,162.79587,56.582256,4.70034
66696651,156.32658,57.91841,9.6143
137888304,151.24504,57.31184,9.9099
289717804,159.2179,57.30638,7.9028
365968225,182.70935,57.85514,8.797
159210001,202.99916,56.795788,8.1399
199660430,251.0928,57.681236,9.4031
446152790,147.42998,56.179947,9.3587
341687148,171.33298,56.30035,8.3736
297961544,157.96928,57.72859,9.6961
159206090,202.80782,56.246365,9.8324
446152451,147.38377,57.87864,8.513
297961481,158.02248,57.294292,9.8542
365968240,182.8556,57.7675,9.94796
55752948,181.39781,56.978832,8.60184
155856774,195.66566,56.357254,8.0025
155856633,195.8196,57.315243,8.599
302351416,168.61584,56.20059,9.42199
55752857,181.30144,56.393333,9.68302
55762220,182.0001,56.572193,8.77454
150395842,194.08934,56.60785,9.24516
316332648,188.12721,56.97634,7.5743
224293077,183.94531,57.047176,9.6551
137933745,152.05638,57.06333,9.6125
284660452,179.28905,56.251568,8.7556
331957648,162.4835,56.044033,8.8705
302757439,170.45537,57.074856,6.2881
159182905,200.51152,57.156933,9.23715
148623100,154.2958,57.513744,8.2693
284660568,179.31961,56.91954,9.8679
137771658,175.48904,56.762714,9.42754
284567015,171.88896,56.575512,7.69671
137937368,152.52939,57.20137,8.83685
99390020,190.81589,56.22515,9.80451
99390039,190.83713,56.109127,9.45851
289716670,158.92737,57.49301,9.9448
367599423,161.71225,56.979755,9.7966
137958028,153.14491,57.063606,9.28184
417932868,188.94722,57.565105,9.52674
159189491,200.94727,57.852695,9.39288
417933039,188.9441,56.57582,9.68729
357156901,156.03012,57.15033,9.1126
302750274,169.6987,57.918034,9.7084
341649947,170.97244,57.66301,9.37117
417933046,188.8815,56.52336,9.35186
137733905,174.56718,57.821262,9.50473
355835851,201.87622,56.02254,7.71915
416518139,156.89114,56.87883,8.45137
416537441,173.32838,57.806007,9.10172
459221051,201.17862,57.334347,8.47762
289728688,159.61247,57.103897,7.203
289728765,159.61446,57.527596,8.1629
233162401,186.26337,56.77783,3.8587
150326709,191.56653,56.718662,8.08381
150326863,191.55927,57.678413,7.2216
66683134,155.14275,57.219376,9.8212
293631166,149.6772,57.18172,6.9336
377387005,149.48949,57.38317,9.4583
309863555,168.80441,57.366302,9.6588
377390121,161.54457,56.47119,9.5431
367601663,166.836,57.454437,9.4204
367601749,166.78085,56.978397,9.8496
159181757,200.21457,56.967213,8.9402
224298021,185.3326,56.97887,8.5515
284627497,178.99341,56.598557,4.8963
224298157,185.212,57.864117,4.2083
224301589,185.99457,57.78417,7.0907
137959165,153.42787,56.902565,9.9685
224298176,185.2003,57.940914,8.237
55684055,179.36064,56.927414,8.0881
159208914,202.88174,57.34941,9.429
289718729,159.38219,56.654213,8.9914
289718762,159.33563,56.431343,5.58624
446134487,147.02065,56.84216,8.0877
155877661,196.60379,57.025246,6.77696
159209020,202.76707,57.84696,7.8638
155878445,197.0565,57.632652,7.7228
141815046,204.96182,57.519646,9.3326
141147258,166.1713,56.100388,8.3732
55761259,181.68747,57.10669,9.5785
55749049,180.59299,57.49825,9.5643
224291496,183.58168,57.524654,9.8071
224298184,185.24605,57.97897,9.932
224296399,184.9213,57.54967,8.6139
224296316,184.7838,56.936283,8.284
137809671,177.68617,56.854126,9.89994
331956681,162.3726,57.715855,9.6938
137880961,150.48772,57.037983,9.4428
289729518,159.82129,57.366837,7.84
137938904,152.77039,57.564976,9.8695
274242924,160.92116,57.857708,8.9043
137888406,151.16154,57.832253,9.7259
377368679,149.26605,57.917316,9.01458
377368363,149.41417,56.075703,9.98633
150388495,193.98363,56.496437,9.3433
285019819,158.46982,56.43647,7.888
331944466,148.64885,56.088055,7.8276
137776447,175.79358,56.01975,6.0028
365968417,182.79959,56.661972,7.403
150388548,193.8971,56.19657,6.3922
309851770,161.90382,57.475986,9.8079
289749826,160.06123,56.708237,9.936
309850597,155.97768,57.807384,8.98898
302669648,163.57909,56.729187,9.0037
289751893,160.3414,57.414253,9.3995
224294575,184.48871,56.0845,9.46062
55749129,180.52112,57.927544,9.50121
224290666,183.47916,56.561684,9.859
357169945,173.12566,57.56132,8.3787
416519144,157.59525,56.35553,8.32
141130318,165.88782,57.70089,9.355
331941067,148.13766,56.426582,9.2005
331943099,148.47601,56.336002,9.6415
229515664,194.65213,56.943947,9.07668
141130515,165.84827,56.648426,8.6906
357170234,173.08473,56.095367,7.0276
289772181,160.70674,57.955498,8.4902
141119986,165.37418,57.949505,8.96487
99380622,190.09418,56.814186,8.96291
99380640,190.13403,56.976624,9.4895
357170047,173.01328,57.0501,8.8817
284542225,148.89035,57.88631,9.4697
284567033,171.73172,56.47216,9.82927
297961458,157.9301,57.115864,8.1689
331941344,148.16118,57.916283,9.1774
289715696,158.85062,56.053253,8.1406
148625461,154.73776,57.95371,8.877
289772412,160.69635,56.624344,9.156
137905172,151.83804,57.23888,9.1499
289772420,160.68326,56.54927,9.9252
137905171,151.8918,57.249546,8.29433
289716586,159.00339,57.93625,9.21533
289717600,159.12804,56.156517,9.6495
365968277,182.78238,57.51905,9.48365
316413475,188.75826,56.364864,9.34698
99319894,189.4724,57.958744,9.779
137889539,151.34756,56.150536,9.33306
66682174,154.94809,56.61778,9.8194
66682095,154.92917,57.220066,8.6131
66682212,154.89034,56.366184,9.9336
66682199,154.9637,56.466274,9.9162
331957644,162.43678,56.056034,9.65427
297963870,164.46678,56.41963,9.7944
297963684,164.35434,57.42122,9.12699
302696624,164.22179,56.630768,9.25501
55753802,181.58246,57.17644,9.686
155877570,196.6271,57.728085,9.7095
446132812,146.87143,56.033283,9.45485
141147050,166.19418,56.99216,7.83841
55761328,181.68488,57.60056,6.8973
141815106,205.0891,57.207603,6.2482
155878440,196.93541,57.65738,9.9077
289718528,159.38011,57.854412,9.5877
289718538,159.3886,57.791447,9.65675
289718679,159.44545,56.919758,9.05924
289718694,159.40218,56.81899,9.5585
155877668,196.60771,56.992966,9.67338
155877813,196.5409,56.119076,9.8718
331956480,162.38849,56.526093,9.5808
274242788,160.93053,57.199196,5.85413
137880901,150.61485,57.283737,7.22667
459178761,156.73692,56.50739,8.1995
137936479,152.31415,57.990303,9.6705
137880829,150.62384,57.63717,9.98098
137881179,150.59804,56.077217,8.8782
459178942,156.78387,57.508316,9.3199
289729511,159.81476,57.40111,8.7195
66682004,154.9435,57.861015,9.7227
331943360,148.49149,57.683704,6.7309
137810576,177.8438,57.640736,7.03923
309764092,155.47571,56.580894,9.6823
302727134,169.09666,56.322624,9.543
66684052,155.30078,56.315117,9.7975
334298251,149.83537,56.10901,8.432
331943125,148.56166,56.44694,8.1098
302666586,162.84209,56.191082,8.6081
302666680,162.85019,56.68332,9.9194
137802903,176.9946,56.17179,9.0785
66683886,155.35588,57.41507,8.392
55749878,180.74466,57.4266,8.7481
159206068,202.88652,56.10083,9.45049
285002735,162.7948,56.06777,8.8659
285002765,162.67784,56.207916,9.48416
285002773,162.77463,56.23772,7.44954
331957558,162.5149,56.545418,8.7296
137958972,153.37003,57.993763,6.8889
316417549,189.23573,56.674526,8.33502
55749131,180.4754,57.943443,8.53388
284596352,172.59097,56.908127,8.34997
284596378,172.67825,56.746384,6.79075
357268665,202.18103,57.342773,8.84701
137967773,153.55447,57.026672,9.766
302308156,167.44334,57.238102,9.5449
289715844,158.79039,57.082638,4.8277
233162340,186.19121,57.352383,8.22284
302698481,169.01656,57.682552,9.46849
66683055,155.02426,56.609367,8.5682
302669477,163.62172,57.86745,8.3416
233166061,187.38771,56.331947,7.1587
66683218,155.04895,57.897823,9.2627
293631317,149.64891,57.99136,9.1768
274271048,161.32677,56.96543,9.81406
274271235,161.24358,57.95468,8.85936
302666576,162.84323,56.129852,8.61262
331946193,162.15092,57.31226,7.46993
233162363,186.25069,57.166393,9.15218
302670702,163.70288,57.0089,9.8239
141820548,206.02333,57.90583,9.5425
148620863,153.86284,56.89367,9.9185
233162299,186.35959,57.68519,9.65765
293631211,149.75009,57.41675,9.9607
274271037,161.35997,56.912357,9.4542
289728589,159.66742,56.477524,9.9488
148623240,154.20076,56.90801,8.5002
284660621,179.3399,57.116783,7.95787
148622233,154.16606,57.612556,9.15367
148622234,154.16296,57.61442,9.19766
99319905,189.61479,57.92293,9.9208
334298200,149.84042,56.4023,9.45019
148624469,154.41637,56.806614,8.9901
365968327,182.8534,57.16608,9.1814
302728280,169.25687,56.508698,9.6966
55724460,179.73741,57.4443,9.5885
316331451,187.91846,56.00494,9.30696
316331706,187.92276,57.33623,9.3179
229534764,195.182,56.36635,4.6075
377390037,161.49947,56.920837,6.84407
284598578,178.38945,56.29962,7.66378
365968489,182.75201,56.107723,8.7569
150388413,193.81087,57.011692,8.89662
229534807,195.16035,56.16811,9.042
224290545,183.391,57.55146,9.8621
137810570,177.71042,57.65485,9.1285
224292240,183.8565,57.03261,3.2458
353877355,271.49973,57.35936,5.87784
320506401,264.6544,56.875443,8.12745
900528615,168.90213,59.77883,9.353
900528616,168.90288,59.778698,8.5375
1001379863,203.85289,59.91631,9.5404
1551412534,271.82336,59.285347,9.1877
1400844051,263.1974,59.39958,9.1817
1551455780,275.0333,59.540585,9.5067
1717842912,280.6954,59.62687,7.4088
1400848243,266.52008,59.42,7.4567
1271137717,259.88315,58.529358,9.1299
1271137719,259.88235,58.529152,8.9038
224608313,255.83238,59.58779,8.8561
1717838374,281.73666,59.331123,8.3646
1717838388,281.73575,59.331097,8.0448
1717808428,284.3688,58.22546,7.33
1717808423,284.36868,58.225025,7.0053
1551415635,271.0967,59.928528,9.649
359676790,280.6946,59.630394,6.724
165550674,266.52008,59.42,7.4567
841129815,147.72594,58.201317,9.297
841129816,147.72655,58.201794,9.1826
841096797,154.88507,58.039467,9.6035
841109669,153.16406,59.978893,9.0882
376994912,284.60284,58.953773,9.543
284566357,171.62856,59.395824,9.015
302697716,168.90288,59.778698,8.5375
471012023,280.6982,59.626846,9.7
66681975,154.88507,58.039467,9.6035
392572237,280.6954,59.62687,7.321
229688637,263.1974,59.39958,9.1817
233613766,283.4137,59.98142,9.936
232646673,281.73575,59.331097,8.0448
356539037,153.16406,59.978893,9.0882
353896182,271.82336,59.285347,9.1877
357101276,275.0333,59.540585,9.5067
353853521,271.0967,59.928528,9.649
376977674,284.36868,58.225025,7.0053
331900228,147.72655,58.201794,9.1826
137800383,176.64455,59.209087,7.8969
137800226,176.61293,59.64474,9.88774
141862083,206.92023,58.63332,9.801
359388701,268.05746,59.212215,9.507
459225770,203.85289,59.91631,9.5404
471012022,280.69717,59.630398,8.94
462637142,259.88235,58.529152,8.9038
289750727,160.03508,59.170826,8.9262
289750977,160.03134,59.950005,8.5363
289751219,160.23712,59.342503,7.7738
289750928,160.10884,59.788425,9.9259
289751534,160.24121,58.410233,9.07741
341763011,267.4036,59.36781,9.8838
267812451,293.39444,59.917973,9.5355
275578080,293.8897,59.85273,9.4687
467180593,291.7615,59.948997,9.8771
352239982,292.16016,59.764046,6.9888
287380452,292.88507,59.749496,9.23427
394171488,292.40195,59.37182,9.5504
287195989,292.48047,59.97585,9.21551
287195778,292.64362,59.616486,6.6965
243354868,290.36716,59.50566,8.69511
284456294,290.83777,59.393375,9.6382
467181145,291.68195,59.181637,9.7692
287195806,292.55652,59.65495,9.5085
284479531,291.14584,59.57709,9.1354
243297496,289.25516,59.735287,9.4639
243297665,289.31647,59.476784,6.8966
243297833,289.30093,59.24283,8.9198
243297900,289.25388,59.15711,9.48976
284479470,291.18994,59.486942,9.9152
267882317,293.5723,59.762306,9.6926
287196041,292.72128,59.893234,9.199
287196131,292.7973,59.77926,9.9954
421307216,288.85675,59.424004,6.7909
421306975,288.88907,59.826252,9.4438
421308067,288.8677,58.185673,9.3791
421307045,288.83237,59.7018,8.65472
284564981,291.58823,59.428257,7.2296
229402092,292.64322,59.954617,9.67059
352239594,292.15253,59.27795,9.5628
352239719,292.2186,59.419994,9.89536
287196300,292.69022,59.561947,9.56632
421335445,288.99826,59.473305,9.1564
421335690,289.0502,59.885227,8.6331
243355131,290.32303,59.90043,9.4113
352239777,292.10474,59.495697,9.1405
284479591,291.16418,59.658073,8.167
243354429,290.23242,58.901646,9.0194
243336444,290.12592,59.151333,9.6376
243354996,290.35596,59.707424,8.9815
284358370,288.02594,58.813503,9.6795
229950752,288.77945,59.89694,9.6662
284479750,291.0519,59.864166,8.82578
284479937,291.2722,59.769535,6.8333
406928878,287.6489,59.19336,9.8665
416400676,287.84048,59.530457,9.845
284480526,291.31244,59.000248,8.6387
243355778,290.56635,59.124443,9.1769
243356009,290.5249,58.855328,9.9665
406928015,287.4061,59.320045,8.5757
284357919,287.92035,59.47382,8.7356
243335464,289.9675,59.348267,9.5099
243335760,289.8196,59.729702,8.2261
243277031,288.27353,58.428226,9.8208
243286745,288.54263,58.908005,9.9412
243277644,288.315,59.313934,9.5185
243279065,288.4826,58.40991,9.464
406928106,287.4801,59.468685,9.2934
416194128,287.15857,59.877403,9.4984
243296988,288.61255,59.406704,9.6164
243297242,288.62546,59.81208,9.3338
229958602,289.0069,59.975838,8.9175
284358423,288.04044,58.745678,9.7888
243315273,289.43768,58.744396,8.5344
243286637,288.6315,58.804108,9.4192
421307009,288.78723,59.77506,8.6852
243315719,289.37253,59.365105,8.36779
243316031,289.45526,59.836384,7.63054
243315412,289.57083,58.91926,9.7771
243315819,289.3853,59.530922,9.58502
376976018,284.08792,58.907265,9.3974
376976038,284.05582,58.93709,9.2292
376976437,284.03308,59.629257,9.7287
377253879,286.36508,59.762657,9.9785
377254696,286.30396,58.54864,9.715
243316194,289.71506,59.807575,9.4301
421334672,289.0103,58.21387,9.8487
421335599,289.1364,59.73402,9.0937
243315864,289.53186,59.597057,9.4624
243334944,289.88037,58.70175,9.8477
243336385,290.04532,59.242546,9.8648
243278290,288.49164,59.603306,9.09175
376996494,284.64258,58.35826,9.6777
376996651,284.7574,58.101265,9.8812
376996664,284.76303,58.078323,9.68032
377293428,286.77905,59.582516,9.82003
377105020,285.31454,58.009773,7.53027
376995304,284.5579,59.61155,9.1942
376995369,284.4266,59.72933,8.0241
377055531,285.1908,58.424038,9.5062
377165689,285.8555,58.230465,9.5004
353936521,272.1234,58.450047,9.92194
376994737,284.48676,58.69846,9.0695
376994726,284.55713,58.67643,9.946
377055637,285.16702,58.25938,9.28206
158495882,220.16362,59.878803,9.70104
232647016,281.55606,59.93798,9.2542
243278327,288.5061,59.551823,7.4113
243286947,288.72147,59.191788,9.198
243297220,288.67252,59.767807,9.15008
236815668,283.68027,58.943497,7.681
243277918,288.19373,59.73175,9.72984
236777782,282.86066,59.690968,9.82004
243336701,290.05972,58.847206,8.2432
284565172,291.60812,59.6733,7.5957
236815891,283.71182,58.573124,9.8629
377294492,286.8323,58.074738,6.91741
243297167,288.57153,59.68928,7.53978
377053911,284.93472,58.962837,9.55837
377053852,284.89398,58.88188,8.8002
232640057,281.50073,58.346558,9.1348
236786136,283.28262,59.409336,8.5743
284358049,288.0795,59.28953,7.8971
377053424,284.93997,58.23706,8.4593
377158640,285.54428,58.63297,8.721
377159027,285.59457,58.062504,9.5796
243315153,289.36694,58.568092,8.7552
236786043,283.26984,59.553013,9.6532
236815239,283.6274,59.64422,9.4374
243315669,289.5295,59.30117,9.8221
236777961,282.80038,59.388348,3.6016
236778734,282.77924,58.100067,7.51945
406928774,287.6086,59.34361,9.9518
236777955,282.78732,59.396084,7.1147
236776901,282.57605,58.69489,9.8634
236776985,282.70178,58.830757,9.4933
236778126,282.93674,59.11918,9.59547
377054253,284.82373,59.479313,9.00256
406928424,287.62506,59.893547,9.99413
416400846,287.90292,59.29655,9.4826
243316446,289.63776,59.41091,9.6081
243317182,289.64133,58.426094,9.3028
243316903,289.65433,58.805973,8.8866
243317033,289.63318,58.625084,9.624
376977177,284.22528,58.997723,9.7941
232639453,281.46475,59.383003,8.4565
232681657,282.38004,58.278393,8.342
376975597,284.06396,58.207314,8.9012
232681904,282.38025,58.702583,8.653
236815924,283.65823,58.525986,7.8567
236815701,283.64474,58.873898,9.6952
236815784,283.62674,58.735603,7.302
229950766,288.74075,59.9261,9.0899
232674335,282.0148,59.508022,9.7717
236785544,283.17526,59.45071,9.7349
232647621,281.88162,58.954437,8.4562
230397539,286.48328,59.87898,8.39714
236785287,283.06012,58.994083,9.38778
377292963,286.6454,59.597645,9.8592
236785122,283.17853,58.703335,9.03157
377191869,286.03073,58.62841,9.5844
377191919,285.9129,58.53944,9.7773
376976135,284.15198,59.0998,8.9834
376976166,284.01654,59.163807,9.9289
359676816,280.80862,59.67277,8.5551
233572897,282.16223,59.935204,9.8637
236786371,283.1985,59.035805,9.6227
236785265,283.16345,58.949024,7.5829
359676213,280.75833,58.53569,9.57865
377306672,286.99963,58.144478,7.04161
232682178,282.39276,59.12486,9.2449
232682114,282.45938,59.02008,9.91132
359551900,279.30807,58.5398,8.6883
236785664,283.0092,59.667038,6.97708
232681757,282.46393,58.44232,8.57873
353937856,272.3282,59.750813,8.95761
377252843,286.09262,58.566414,9.4379
359558085,279.58423,59.25386,7.8841
232681667,282.40555,58.288467,9.84387
359557642,279.52597,58.418667,8.2864
232674668,282.29385,59.819817,9.2602
359677192,280.9536,59.430878,9.1509
359677506,281.07022,58.73714,9.6017
232675205,282.27634,58.90377,8.5852
359584960,279.72763,58.16329,8.5046
233579508,282.68216,59.95267,9.9837
236786762,283.2944,58.443886,7.546
298734901,278.52426,58.932446,8.9377
353783935,276.8922,58.479332,6.1021
359677358,280.9704,59.04236,9.6935
236786675,283.34982,58.587032,9.0512
377105113,285.31628,58.155056,8.8026
377105281,285.40765,58.39285,9.8277
359498099,279.06107,58.1824,9.9719
359584313,279.7272,59.2955,9.05781
359629232,279.97327,58.24882,7.7633
377105049,285.33667,58.045223,9.24
232638856,281.2728,59.43264,7.55653
232646250,281.64737,58.58862,8.0197
359676881,280.79395,59.80741,9.7049
359630365,280.27127,59.561375,9.39341
236776750,282.75128,58.434258,9.87813
389915980,275.74072,58.490498,9.0123
389916508,275.8845,59.45334,8.2287
389917425,276.08536,58.61044,9.5549
389962798,276.76788,58.282166,7.826
298664645,277.95926,58.073086,9.7726
359551917,279.38254,58.498238,9.787
389917311,275.99347,58.82404,7.3832
236786881,283.30258,58.257042,8.63377
377053663,284.87915,58.611763,8.5297
232682595,282.4065,59.8004,8.2472
390023111,277.67502,59.117638,8.2569
359482562,279.03433,59.044476,9.9371
232646133,281.70392,58.395565,8.8855
232646759,281.5645,59.464443,9.80635
233579491,282.38626,59.89269,9.9817
357128937,275.46036,58.39211,9.57882
359584173,279.83066,59.528034,5.6318
376926590,283.8741,59.498745,9.3014
390022746,277.79483,58.33033,9.4896
376927142,283.82587,58.59263,8.6745
298665129,277.96265,59.029472,9.78031
390022843,277.7096,58.559498,9.45762
232674868,282.22406,59.44568,9.5732
232639348,281.4666,59.559162,6.1903
232674654,282.22797,59.83009,9.1648
232675523,282.34726,58.34695,8.7719
359676246,280.72525,58.619236,9.5294
232675532,282.303,58.33645,9.4742
232675427,282.26874,58.51645,9.6188
298665327,277.9767,59.419968,7.44445
392572073,280.6642,59.320587,8.5041
399787737,278.19785,59.295097,8.77389
233613764,283.41376,59.982563,9.39947
399787953,278.10446,58.779163,9.5376
359630756,280.2596,58.855522,9.9029
357685730,275.2935,59.28171,9.49438
357685774,275.26727,59.180298,9.70467
353732740,275.5986,58.790287,9.6585
353732844,275.55997,59.003044,8.6571
353733282,275.60938,59.57514,9.1948
298665610,278.25134,59.88856,8.1988
359552214,279.4142,58.01521,9.2524
359584239,279.80145,59.415726,9.4562
399788180,278.07947,58.131542,8.5786
298780860,278.71765,58.69053,9.3532
232640007,281.38065,58.4444,9.99045
232640070,281.48007,58.326942,9.4586
377158294,285.56543,59.150253,9.38853
357685999,275.17532,58.660526,7.60054
236814663,283.4412,59.27567,9.15487
390023364,277.68448,59.617664,9.223
359482728,278.99908,58.744236,9.9905
232633087,269.41003,58.81985,9.9853
353734834,276.22427,58.55896,8.22921
353807236,270.22183,58.54626,9.61532
357049896,274.72455,59.47518,7.6861
353853645,271.13956,59.557148,9.7913
353853673,271.14856,59.474888,8.3845
356919424,273.66544,58.505325,9.4142
357049807,274.7281,59.659794,9.9857
353853600,271.17145,59.66114,9.50176
232632776,269.51938,59.606735,7.5872
376926404,283.9776,59.821785,9.2297
376926482,283.87018,59.680412,8.7067
165555423,267.0303,59.509266,8.9129
357100929,275.1129,58.821304,8.6617
165554927,266.9849,58.00516,9.42186
165551136,266.682,59.232594,9.77457
353734774,276.16718,58.61838,9.37136
359676268,280.80212,58.674076,9.485
389970487,277.26776,59.746773,9.6349
359557736,279.62195,58.57984,9.1671
359584893,279.83716,58.277924,9.9893
389969870,277.381,58.59123,9.89678
353939279,272.31512,58.0174,9.3649
232617286,268.14496,59.37791,9.6607
353991757,272.7516,58.990215,9.6729
359499158,279.43204,59.758495,6.291
357596203,270.00735,58.098576,9.5858
362132242,270.98303,58.336723,7.8499
298735231,278.518,59.596897,9.5615
320473367,264.2777,59.797356,9.97414
332504156,267.23987,58.09615,9.32507
341817584,267.5212,58.98446,9.93171
383674953,279.2272,59.914494,9.6836
353937626,272.1871,59.840004,9.61349
353991685,272.66043,59.16658,9.0124
356918676,273.31445,59.85217,9.97462
356919631,273.5251,58.04978,9.47729
392571769,280.62546,58.78579,9.8924
341813507,267.3387,58.564434,8.8662
356980164,274.04837,58.92833,9.7479
298735550,278.68848,59.694016,9.3366
353853880,271.07132,58.88249,8.7218
353819995,270.49777,59.45477,9.698
356980362,273.91544,58.545753,9.8822
359498640,279.21234,59.16916,9.978
356918880,273.62292,59.649944,9.36399
353854078,271.14117,58.39842,9.8329
298665392,277.84952,59.56699,8.598
392536805,280.31982,58.06376,9.00653
359630204,280.14478,59.87103,9.57049
237116035,269.80264,58.761383,6.7215
359552206,279.46027,58.026535,9.6922
232627256,268.84232,59.56819,9.83098
298666271,278.3515,58.706486,8.7742
232617217,268.19165,59.60017,9.3359
237115395,269.55905,59.291473,9.61
237116146,269.94058,58.44076,9.5801
356979625,273.82816,59.838436,9.18
356979621,273.81357,59.826725,8.2366
320526399,264.92755,59.136307,9.84
320526252,264.95334,58.70827,8.74952
284899751,260.93488,59.08825,7.7071
357101112,275.0842,59.16927,9.9491
389970300,277.18854,59.412346,9.7173
232639272,281.5072,59.686947,6.35274
237115153,269.62448,58.633213,9.8191
359629396,279.89008,58.533447,9.5734
389917628,276.12927,58.234493,9.263
298666038,278.33737,59.141636,9.3754
298735113,278.56146,59.340446,8.5142
232626905,268.7677,58.746086,8.74132
359676320,280.72815,58.761097,9.4057
356894414,273.25238,58.704346,9.35499
359630869,280.11206,58.630577,9.8523
357049858,274.83688,59.5397,9.7728
165551252,266.82928,58.85942,9.6349
165551380,266.7453,58.559696,8.4777
198478986,262.16434,59.035347,7.00766
357596454,270.14044,58.68224,9.4398
341817328,267.60233,58.325867,7.641
389963548,276.66147,59.705643,6.23122
332477180,265.4505,59.256596,8.9406
356893496,272.91898,59.129578,9.8211
389964126,277.0056,59.084934,9.3505
298734432,278.51355,58.035053,9.7764
298734515,278.476,58.18871,8.5537
219780871,263.93216,59.99479,9.06332
198478755,262.32385,59.845776,8.93754
353819752,270.5363,58.84536,9.4712
165530450,266.38132,59.293842,8.0641
389970762,277.41138,59.567802,8.2138
357100746,274.93082,58.46028,8.8692
232622305,268.60464,59.892525,7.917
356919005,273.59778,59.3629,9.7589
356919002,273.5264,59.366932,9.9173
356919475,273.59164,58.3997,9.0699
423025039,263.51685,58.481213,9.57419
341818238,267.84756,59.352364,8.73644
357596859,270.0857,59.65733,9.89443
357100819,274.94983,58.60558,9.6055
353784443,276.9256,59.54911,5.57221
390017653,277.55164,58.213154,8.03703
423024940,263.47028,58.151768,9.8773
389970227,277.21207,59.290253,9.1374
357596800,270.03162,59.525333,8.35951
302697184,164.17056,58.432785,9.2614
302698001,168.8478,58.879154,9.0685
341813674,267.28162,58.138004,7.4765
356978704,273.70462,58.00259,7.87432
165555225,266.88724,58.91192,9.3078
232617075,268.26385,59.95475,8.0456
389964418,277.04108,58.550392,7.4569
298666592,278.38123,58.09169,9.9329
353735203,276.27875,58.149906,9.6964
389916793,275.9879,59.85443,8.8138
298780530,278.75302,59.26705,6.7217
389917323,275.97754,58.800735,5.034
237115885,269.9398,59.168526,8.30826
298666243,278.34637,58.767696,9.33554
389917444,276.0916,58.569458,9.37963
389917321,275.97714,58.80177,7.4496
362131841,270.89957,59.22545,9.8644
362132072,270.98212,58.724133,8.1008
362132283,270.81198,58.262856,9.0079
356893283,272.8645,58.626076,9.3667
356893324,273.04773,58.72218,9.6632
341817609,267.54044,59.04019,7.41929
165501771,265.6929,59.44244,9.83318
356893643,272.9951,59.492466,9.32281
357048700,274.64096,58.008186,7.05105
389963322,276.69513,59.291756,8.4624
357048740,274.52893,58.080704,9.6086
356980226,273.8872,58.804558,8.5152
341818091,267.84677,59.641636,9.92822
165551126,266.7541,59.253582,6.85872
165551345,266.7153,58.6387,7.60761
353896835,271.9981,59.045242,9.6164
198357383,256.2024,59.437435,8.1377
229688517,263.2497,59.826794,7.96144
165550383,266.65704,58.58005,9.8947
356894735,273.1237,58.013985,9.9154
357050342,274.89166,58.558876,9.5734
320526395,264.94016,59.124874,9.35
165550663,266.52072,59.40338,9.96939
353937655,272.05673,59.859528,9.69119
329174377,263.90067,59.24883,9.5409
356894118,273.12488,59.31166,9.7009
356979237,273.76013,59.01256,8.2631
329173402,263.657,58.080048,9.63268
237115590,269.5652,59.876038,9.65115
356979645,273.86603,59.90909,8.89658
329173590,263.65643,58.581154,8.76683
232621616,268.34897,58.29074,9.6202
232622056,268.49167,59.36661,8.4668
359630113,280.0326,59.86745,8.6841
353876284,271.55872,58.686466,8.3221
224596596,254.51404,58.649662,9.4262
357049175,274.588,58.921745,9.9773
357049640,274.64966,59.92578,9.4023
357129409,275.53168,59.415882,9.4273
165471211,265.10147,58.880848,9.9077
199682270,252.42226,59.060123,8.2437
165497854,265.01633,58.167362,8.0318
165550514,266.46506,58.985325,9.5968
357036318,274.31186,59.000168,8.90695
357050472,274.72665,58.287178,9.9016
198383035,257.45694,59.05954,9.23292
329173835,263.57333,59.21388,9.387
383623835,270.62808,58.627266,6.7652
199682253,252.34396,58.999214,8.61399
165502288,266.01755,58.87382,9.4899
357050334,274.89673,58.57134,8.9172
232617198,268.13568,59.646976,9.6161
198456442,261.75424,59.904446,9.6214
198391051,258.2654,59.801716,9.8412
165470849,265.14658,59.968506,7.8365
198478865,262.2641,59.449406,9.8607
165471287,265.1868,58.633926,9.6878
229688234,263.1306,59.162178,9.193
229688343,263.0262,59.508797,9.6876
341817570,267.5208,58.93743,9.4585
198459959,262.1083,59.216095,9.3466
357129171,275.36475,58.855953,8.0735
357129208,275.48642,58.93071,9.69658
357129628,275.42517,59.89329,9.1083
332504864,267.22202,59.89001,8.17851
198412329,259.2472,59.53239,9.728
229684780,262.94464,58.84621,9.1993
198361395,256.78427,59.884365,9.8984
199712893,253.87247,58.548744,9.0413
165550173,266.57462,58.038795,9.3441
232633215,269.5473,58.474384,8.771
207502194,247.95699,58.52436,9.43813
359389007,268.0416,59.888508,9.76249
332504605,267.22998,59.213314,9.7802
389916913,275.97928,59.617523,9.8413
353991354,272.5142,59.875965,9.5776
198383483,257.7047,59.449257,9.8582
423025131,263.45117,58.779396,8.877
423025387,263.45078,59.743587,9.63857
233061448,269.7446,59.984608,9.44217
199709890,253.604,59.55737,9.5545
199709982,253.46541,59.93481,9.3644
357101138,275.00974,59.239624,9.49
353895896,271.79962,58.573112,9.9574
353895752,271.67273,58.20234,9.33355
357035978,274.49948,59.718616,9.92427
357686186,275.30716,58.2704,9.74368
298266453,248.39923,58.42276,9.133
199666243,252.2188,59.50335,6.76614
353807129,270.21268,58.900932,7.9323
353896806,271.9844,59.11063,8.959
353897208,271.96793,58.10551,9.1052
357035841,274.20367,59.89597,8.6347
219759595,262.30447,59.92228,9.38423
353896872,271.90268,58.975685,7.9103
341818047,267.8374,59.749676,9.6874
232627780,269.12546,59.083405,9.48689
353896754,271.96255,59.236908,9.36344
353896849,271.99112,59.02077,8.2672
198456464,261.84317,59.786827,9.7844
423024897,263.5157,58.030796,9.3755
232628114,269.0972,58.218563,7.8886
329174536,263.91028,58.78642,9.9768
199661054,251.08589,59.96361,7.74892
232617338,268.25848,59.27435,9.0865
232617161,268.1715,59.732834,9.6745
320526586,264.86157,59.652916,7.1206
165551273,266.80685,58.81515,8.722
137842750,226.57617,59.825115,7.3327
198407860,258.80283,59.200924,7.667
165502071,265.99384,59.518894,8.5265
165502075,265.94122,59.511112,9.3886
229684707,262.89346,59.130913,9.0005
233077606,271.2182,59.92261,8.91882
298265902,247.68414,59.06077,9.6158
224596976,254.66116,59.79763,7.8453
224597395,254.86131,58.769783,8.3554
320526092,264.86313,58.242474,8.84978
320526285,264.8917,58.803417,7.1363
332504341,267.09726,58.536068,7.61205
232617802,268.1364,58.16449,9.1643
232632293,269.31064,59.02566,8.07732
353874773,271.22058,59.294823,8.5636
356979682,274.08698,59.95997,9.5204
224608312,255.82776,59.585354,7.6813
341818093,267.84277,59.640163,9.31092
207490389,246.05083,59.082485,9.53425
207504899,248.23418,59.785522,8.76547
198390747,258.318,58.668247,9.8685
198390685,258.33145,58.495186,8.9281
198382838,257.53177,58.407818,9.94752
198382712,257.4126,58.096027,9.1157
356111753,262.6429,58.461983,8.7194
329250723,264.11108,59.483177,9.4023
165550641,266.62616,59.34892,9.5486
150385393,192.97688,58.66342,7.8885
198456386,261.6737,59.74877,9.8585
165529642,266.18356,58.271442,8.5405
198365901,257.2057,58.10072,9.0784
329173420,263.71735,58.124813,9.3453
355929219,218.50418,59.2251,9.252
198456844,261.74927,58.465202,9.8937
207496970,247.04185,59.369392,9.7866
198365654,257.26926,58.952442,9.8617
198391324,258.515,59.145546,9.4454
165628499,228.44566,59.97767,9.9243
199608168,248.746,58.35793,8.1285
207463892,245.49309,58.961605,9.4265
207497136,246.90532,59.972443,8.6694
207500374,247.62749,59.48293,9.1525
199632510,250.32164,58.174713,9.9833
199666092,251.87167,59.843475,8.8371
362131641,270.81754,59.685364,9.8695
207496971,246.90265,59.369907,9.79031
207497114,246.88469,59.8871,9.52408
157977386,206.53764,59.988182,8.2481
207396564,241.77725,59.922268,9.4261
219751932,261.31033,59.92367,9.2348
332504575,267.12595,59.14219,8.8767
341813609,267.39624,58.308796,9.1556
198181623,244.94383,59.999863,8.973
207438386,244.76024,59.836468,7.823
199657492,250.68314,59.284313,9.0889
199665926,251.9751,59.261047,9.3431
199729166,254.33992,59.795815,7.6525
353807314,270.19135,58.271317,8.241
232628118,269.09232,58.21461,9.9438
207435093,244.23463,59.506313,9.0827
165470950,265.10312,59.654102,8.4198
165555303,266.9708,59.19073,9.79488
198383718,257.69296,58.712387,9.9847
1001377626,206.05197,59.357883,9.7803
199685396,252.74142,58.12094,9.897
198361902,256.7929,58.26879,6.26153
459187051,176.75629,58.238262,6.4593
138632504,177.60883,59.9848,9.9355
160035063,203.86261,59.057983,9.9172
331957060,162.46452,59.79467,9.3148
302332363,168.16516,59.60204,9.8866
441659088,210.42404,59.760365,9.7458
158617420,223.77197,59.62723,9.7743
284892833,260.94354,59.575603,9.1771
284899662,261.05023,59.352787,8.7212
229688011,263.13153,58.437042,8.7282
160011888,203.52798,58.651566,9.3004
158617252,223.52719,59.514786,6.3316
284899664,260.97495,59.346603,8.8495
302350592,168.35999,58.64565,9.0194
313422570,240.07143,59.33295,8.4248
199661152,251.32295,59.6198,9.8063
199661442,251.39136,58.56262,9.8986
199664017,251.40404,58.655396,6.79292
199664159,251.47954,59.210827,9.4713
199617759,250.12184,58.06334,7.9153
199710296,253.77429,58.77721,9.3767
207438516,244.73555,59.276005,7.6134
198357417,256.33942,59.554695,9.9332
198357729,256.36014,59.267593,9.714
141873350,208.0074,58.267315,9.1157
207493942,246.75258,59.530308,9.796
298265922,247.83066,59.158695,9.3013
298265997,247.74873,59.503983,9.5597
198357890,256.35434,58.711597,7.6921
198456158,261.61755,59.038334,7.1238
229676545,262.50665,59.688457,7.01699
353806943,270.23346,59.509,9.6342
150344272,192.19743,58.748302,7.563
150363317,192.55765,59.819984,9.9378
165651453,229.2593,59.82115,8.3874
198383695,257.71445,58.76888,9.3835
150344281,192.15202,58.690563,8.4276
289511230,200.19118,59.926884,9.8978
99319677,189.55316,59.25138,9.7588
284892448,260.6578,59.186024,9.9998
99319629,189.61974,59.6962,9.1356
157273200,198.75237,58.344448,8.8711
157317181,198.9421,58.21872,9.7802
445863422,215.3874,58.97889,9.9635
198418972,260.75528,58.090496,8.8981
198456476,261.87695,59.74709,9.1774
198408228,258.9825,59.50677,9.0884
199685982,252.86316,59.591755,9.458
224600537,254.92789,58.597652,7.23248
284892093,260.6776,58.091473,7.6446
157273292,198.605,59.071957,9.7557
298183287,219.43025,59.85961,9.893
232632371,269.3326,59.197834,9.77428
341813613,267.37433,58.29663,9.9231
198361896,256.90298,58.28534,9.5643
207402722,242.69688,59.675407,7.478
284892123,260.55847,58.195126,8.7358
207438428,244.65547,59.69365,8.35292
199665853,251.94508,58.97204,9.1932
199666111,251.90414,59.909008,9.45395
199666114,251.91827,59.924053,8.98806
284892384,260.552,59.01512,8.9932
219763589,262.7855,59.898296,9.6444
55778556,182.2617,58.14256,9.6209
141873321,208.0149,58.40703,8.1306
154385432,217.83636,59.724323,8.9685
320473481,264.20883,59.473724,9.6208
55778515,182.39597,58.383747,6.6938
198383789,257.70822,58.50486,8.89627
150363433,192.61888,59.057777,7.2031
141873132,207.84833,59.549934,7.7995
161825753,240.55377,59.305523,9.7225
207466621,245.71628,59.410427,8.5045
298289697,251.69011,58.87127,9.3349
199617008,249.88396,58.98733,8.2907
229683102,262.41397,58.11585,8.8965
198387764,258.16943,58.526386,9.1105
458483074,235.31837,59.988113,8.4437
207490245,246.21089,58.5663,9.6404
207399779,242.20691,59.188488,9.8367
207466671,245.81595,59.61368,9.2302
224601357,255.15794,58.66966,8.0688
232622323,268.64914,59.845844,8.4197
232627782,268.96362,59.076813,7.9568
150385159,192.94804,59.807987,9.4825
198387576,258.18643,59.066513,8.8336
441663240,211.10423,59.23002,8.453
356111855,262.58948,58.793858,9.0396
199633141,250.38489,59.085423,9.3629
207504792,248.20706,59.356327,9.4978
224597194,254.8812,59.45967,8.6215
224597333,254.80014,58.994766,9.2597
224597513,254.85655,58.38573,9.2535
198390699,258.36124,58.52485,7.5168
198415649,259.6255,58.358624,8.9711
199666234,252.21342,59.516186,8.4934
298289469,251.71736,59.66871,9.09769
198354086,256.11127,58.281624,9.69566
232631955,269.3045,58.104298,9.56087
207497007,246.85889,59.473465,9.7729
232632979,269.49615,59.123993,9.75984
198456933,261.83704,58.21404,8.9072
165555520,266.92456,59.824345,8.1212
207425445,242.8408,59.44817,7.72018
329250735,264.17648,59.502243,7.758
207500399,247.57365,59.345707,9.4845
329250464,264.13654,58.79069,9.50672
165470983,265.1925,59.56684,9.71672
147641869,184.64072,59.990364,9.4778
147641889,184.92735,59.95215,9.8985
441665244,211.3943,58.952805,8.5671
298000361,173.8943,58.20301,6.3532
141813828,204.67729,58.981133,8.5955
161826726,240.9743,59.94534,9.9135
199610976,249.1888,59.473564,8.6605
199686050,252.95297,59.31038,7.21571
199686300,252.87369,58.3343,8.9782
198419052,260.68634,58.436893,8.7684
99382786,190.66452,58.592533,7.9241
202351925,234.91234,59.9584,9.9336
141146530,166.08214,59.843548,7.3009
99382685,190.63739,58.00869,7.9087
99382695,190.59178,58.052544,7.881
150387017,193.29773,59.952183,6.2398
141821119,206.33519,58.314697,8.5577
199716516,254.34904,59.61713,9.6666
284597881,178.14757,59.38397,8.77869
207441871,245.17735,59.059566,8.6121
416536965,166.99854,59.43514,8.6322
416537021,167.05652,59.76575,9.8729
55751611,181.20924,59.214504,9.7307
55751697,181.12071,58.565044,9.5647
99330181,190.08487,59.668667,7.9488
199716492,254.31606,59.50832,8.08977
198357756,256.46664,59.159206,9.3925
198357824,256.46732,58.928047,7.941
207441651,245.01405,59.81281,8.5184
207441662,245.08195,59.77081,6.67548
207441976,245.09686,58.67754,9.5405
199682232,252.42253,58.95479,9.6287
142302634,192.74312,59.975765,8.5065
137830829,178.09244,58.37932,8.1384
207428780,243.38985,59.554195,7.5584
142382903,196.852,59.937447,9.5228
150363304,192.43536,59.703697,9.81671
161822341,239.16104,59.977516,9.9503
150344177,192.32924,59.351944,8.30517
165651464,229.11894,59.769962,9.1509
198383073,257.39417,59.17319,9.09976
289716282,159.07222,59.935986,8.8738
137958325,153.31464,58.447052,8.1976
154358404,214.25323,59.01414,9.6452
154358387,214.3482,59.071606,9.1987
198386781,257.92062,58.124027,9.95767
159182396,200.518,59.81215,8.84857
154358306,214.27988,59.631992,9.54854
224604368,255.3263,58.56792,9.03739
198361369,256.6831,59.905476,9.41051
198387099,257.92734,59.06276,9.19713
441695630,213.48978,59.016747,8.5248
282924117,224.96083,59.943718,9.1344
311068877,218.62454,59.857834,6.4835
311068915,218.73051,59.65671,9.2906
165626021,227.75473,59.849884,9.6264
207504645,248.20447,58.790703,9.7572
207497467,247.24976,58.76046,9.5525
224293683,184.22179,58.423855,8.1342
161819984,238.94034,59.906235,9.7944
199613565,249.50543,58.20482,7.8147
165550475,266.4857,58.82112,9.9935
202506983,231.32324,59.9759,8.1421
224604981,255.5799,59.281296,9.1788
232627400,268.9802,59.987568,9.3033
441642791,210.01144,58.55782,9.7702
199610530,249.0587,58.672043,9.1043
55778521,182.2509,58.365772,8.18978
199661560,251.3205,58.085125,6.7621
224601257,255.17723,59.011192,9.2454
159166260,200.03229,59.86197,7.3913
459220755,201.13132,58.972126,9.3526
224600749,254.92593,59.289433,8.9451
150384999,192.94572,58.74001,7.98653
159209448,203.00912,59.844482,8.51281
141872930,207.7246,59.12341,9.43618
202506973,230.99922,59.915543,9.2078
198382783,257.57846,58.250145,9.6417
198387091,257.8234,59.030766,8.5659
141873211,207.9604,58.991295,8.6745
150385406,193.09398,58.577095,9.8906
154385438,217.90451,59.754276,9.785
224608226,255.91638,59.2369,9.8015
284206415,217.28932,59.886894,6.1316
284244676,217.28357,58.889435,9.5277
313425357,240.77112,59.915604,8.4586
198365311,257.01935,59.733253,9.8686
198416567,260.157,58.036602,9.48
199682037,252.41794,58.269104,8.8801
198416363,260.12146,58.803463,9.8518
199614307,249.61456,58.650146,8.269
199617431,249.984,59.38166,9.0357
165530095,266.0819,59.50631,9.137
165530220,266.23245,59.849236,7.3448
1400807589,265.71542,58.685116,7.6389
207467034,245.83716,58.713966,8.3868
293687297,216.5169,59.347908,9.4989
198387714,258.11728,58.651825,9.4397
224601191,255.30986,59.225697,9.97877
293687315,216.52399,59.44425,9.823
302350673,168.3777,59.139214,8.63628
302350773,168.40512,59.74839,9.4068
298289830,251.60773,58.376488,9.10033
199664165,251.45045,59.247913,9.34612
332476541,265.3152,58.88939,9.74224
199710478,253.70694,58.00201,9.54355
224608361,255.89099,59.730408,9.7992
284899881,261.0554,58.698677,8.61465
284625921,178.60843,59.34666,8.25307
141818856,205.94122,59.509254,9.7174
284712252,201.533,58.898792,8.3212
199614172,249.64293,59.1835,8.5322
199657783,250.81526,59.483116,9.0427
224604811,255.6627,59.868797,8.4166
224605278,255.65155,58.12956,9.977
224608210,255.87225,59.201183,8.4507
199685988,252.89658,59.577354,9.8747
284625700,178.592,58.104942,7.6591
158461677,219.6992,59.155193,9.9533
137904783,151.82463,59.125484,9.162
157273321,198.72687,59.295666,7.8863
198456524,261.8107,59.560696,9.6552
157273362,198.62152,59.619625,7.92577
157318416,199.03983,58.206726,8.3269
141864533,207.6156,58.53946,6.3847
198419306,260.7884,59.31812,9.51852
157273289,198.55632,59.047115,9.9889
157317072,198.92319,58.94302,9.7487
198383550,257.7686,59.228863,9.8269
224600668,255.0723,59.0392,9.92878
284598052,178.36058,59.355736,8.7319
138545107,174.25157,59.984776,9.3858
316417053,189.09778,59.48694,7.1301
229684971,262.81094,58.1702,9.9426
441658977,210.24654,59.461605,8.9213
441659293,210.47163,58.557274,8.737
313338137,217.32709,59.294437,8.3447
198357647,256.53754,59.53045,9.2063
356107997,261.11987,59.153755,9.1182
356111938,262.69354,59.183865,9.59959
229684950,262.91153,58.22954,9.1412
229688146,262.984,58.836674,9.2231
229688150,263.06592,58.84472,9.9451
229688306,262.99106,59.418266,9.4423
199713535,254.2185,58.903786,8.7206
441642375,209.82935,58.3794,9.9981
157263306,197.52829,58.04499,6.4582
199611108,249.24655,58.957363,7.0968
298266150,248.45161,59.677174,6.8333
199709966,253.63345,59.86545,8.2583
229684473,262.90085,59.92772,7.478
441659243,210.43825,58.86823,9.4373
157263200,197.60162,58.78423,9.23964
441642548,209.89119,59.50416,9.45262
141148492,166.36758,58.47516,9.5405
150386874,193.28058,58.92071,7.89346
150386985,193.21994,59.740936,8.8585
141820912,206.25606,59.69092,9.17051
224604943,255.59521,59.434338,9.2241
224604999,255.63017,59.217793,9.36045
99329913,189.73978,58.483387,8.3856
302749993,169.70439,59.873,9.9239
302750038,169.72015,59.68276,8.8319
284679127,195.41968,58.811214,9.39
284679169,195.27466,58.998318,8.9432
141816721,205.37766,59.967384,8.7166
159161504,199.4855,59.107777,9.1821
141816585,205.29214,59.06756,7.9194
137727268,173.39738,59.241943,9.6586
150325048,191.23088,58.36745,7.5864
159161415,199.50072,58.612293,8.147
159161443,199.43463,58.750557,7.167
141816675,205.18573,59.71486,8.6878
137883085,150.87752,59.473614,9.3162
137933983,152.10478,58.26078,7.948
137934091,152.02776,58.70169,8.9469
224293266,184.08627,58.556244,8.2648
199607997,248.85318,59.148197,8.9013
207467071,246.00563,58.59688,9.2147
159188879,200.6857,58.426796,9.9147
224293204,184.07886,58.149204,9.3122
405504412,224.56532,59.583454,8.7014
137934066,151.97522,58.61598,9.9902
159182632,200.51,58.453568,9.5609
137958347,153.16402,58.56451,7.8236
148622550,153.96397,59.358044,7.27532
302750166,169.78622,58.88687,6.7557
141789913,204.20644,59.702656,7.3544
289569625,251.5853,59.954266,8.466
289569626,251.65475,59.952652,7.9241
137750487,174.76701,58.339386,9.487
142394177,198.30553,59.963226,8.7059
229514639,194.2268,59.703575,9.76128
207441317,244.86296,58.821323,9.564
207463863,245.58226,59.061768,9.4711
199660910,250.99414,59.453613,8.7064
199661002,251.181,59.809998,8.9547
199661006,251.08885,59.813892,9.7416
141862415,207.09059,59.212643,9.2192
137958300,153.30663,58.32858,8.623
137958329,153.26553,58.487076,9.705
341649800,171.03221,58.349064,8.9741
441665384,211.36682,59.716568,8.78076
161826828,241.05756,59.375744,8.1401
298000368,173.96936,58.24223,9.6658
199661553,251.35023,58.117073,9.5111
229514668,194.26465,59.438084,9.75332
207463697,245.50096,59.72067,8.8325
207490817,246.39066,59.100704,8.6851
157271584,198.16724,58.44476,9.6418
313425217,240.78894,59.410736,4.5287
302330479,167.66411,58.8935,8.2025
341544694,196.87495,59.14877,7.919
207441481,244.84943,59.443775,9.3398
341544667,196.7135,58.92798,9.9168
341544773,196.85638,59.73851,9.529
159166126,199.94673,59.380524,9.7044
165736416,231.4827,59.898758,9.7239
198361127,256.7255,59.075386,7.4991
302330622,167.6189,58.13932,9.76095
441640374,209.37334,59.18399,9.669
141818815,205.92514,59.824318,7.6128
377386873,149.44968,58.24429,7.2614
331945936,162.01709,58.950485,9.4174
467179271,209.0444,58.57962,9.09816
141119539,165.24928,59.5376,9.4537
141119761,165.3442,59.198307,8.9536
99389639,190.87262,58.887188,8.787
99389643,190.90485,58.869667,6.89719
99389657,190.82689,58.78951,8.80299
302755991,170.08508,59.80351,9.8709
55761670,181.75374,59.765102,8.1136
141119382,165.3112,58.60878,9.5578
148836571,162.58719,59.90341,7.8089
141119807,165.45459,58.86366,9.6183
233162061,186.33922,59.565147,8.21919
207402795,242.52931,59.28651,8.1887
207402706,242.57954,59.752728,9.5835
199665801,251.87822,58.769794,9.6642
233163601,186.65376,58.503784,9.68
224298489,185.48164,59.786263,8.7455
445859383,204.91049,59.205963,8.259
158534820,221.41533,59.985687,6.9755
445859161,204.75436,58.02732,7.6255
316385810,188.53838,59.73632,7.9881
233163522,186.60992,59.271008,9.9036
224288826,182.9167,58.009727,7.6285
316417220,189.23773,58.396626,8.9071
159146373,199.23705,58.636677,9.8396
355835421,201.8807,58.804375,9.4069
158588257,223.39528,59.715687,9.638
207435026,244.31396,59.755016,2.9865
157318501,199.05765,58.974396,9.0226
160035501,204.04596,58.34216,9.3401
148624727,154.5143,58.25437,9.9343
441693876,213.2668,59.02873,9.8038
150385199,193.14528,59.877384,7.6906
405504357,224.56186,59.858364,9.1958
207438580,244.66434,59.023994,9.7231
148622489,154.16795,58.95185,9.6126
284661154,179.30124,59.581512,9.63774
284660899,179.2203,58.15572,9.9013
137750980,174.87656,58.803593,9.1537
137751110,174.81123,58.164337,9.0528
137770092,175.35753,58.92389,8.3273
357302246,202.15616,59.054733,9.4905
137770089,175.35536,58.932274,8.7856
441642729,210.1027,59.066296,9.4768
199610706,249.05316,59.330494,7.911
159205628,202.31448,59.915234,9.66247
159190431,201.34804,58.344826,9.7306
1102405473,235.31862,59.988304,8.7272
316331902,187.89233,58.36324,9.79252
199574692,248.6138,59.051456,9.2545
198456033,261.52014,58.651897,6.3767
224600500,254.95866,58.462585,6.76754
161819979,238.89099,59.942513,9.7386
199709479,253.59923,58.038578,9.86977
441640494,209.31342,59.955547,8.6729
441640498,209.32301,59.969284,9.7537
141860114,206.52315,59.409042,9.4631
141860204,206.62318,59.9448,8.17852
165623475,227.36348,59.91109,8.3986
137934521,152.26242,59.050022,8.9914
441640452,209.30405,59.644238,8.3781
459243332,215.8119,59.2898,9.7655
160040758,187.63358,59.225597,9.9997
309764577,155.6092,59.55307,8.3269
137936692,152.50731,59.112724,8.2504
284203999,216.77458,59.41676,9.4347
377389331,150.40038,58.4086,8.8468
309764476,155.46541,59.01247,9.9542
302669252,163.4891,59.494446,9.8302
293631758,160.51558,59.76857,9.6249
157264816,198.06612,58.90704,8.8659
316418814,189.44545,58.188423,9.4567
55724798,179.64598,59.556164,9.5218
900508794,176.69014,59.830982,9.956
331900366,147.74731,59.038734,3.4979
284244555,217.22466,59.40839,9.4768
405526082,225.2767,59.822533,9.65608
313425349,240.83115,59.88489,9.85749
165501560,265.8101,58.87497,9.03815
165501913,265.84262,59.849655,9.10503
199617352,250.09666,59.663673,9.9618
165501404,265.64484,58.430428,9.8081
359388503,267.9946,58.79088,9.54846
199617744,250.03166,58.120193,7.82925
199614387,249.60794,58.326416,8.86071
357157147,156.07289,58.51369,9.4919
207490896,246.40202,58.797005,9.1351
207493775,246.58032,59.73979,9.6423
377387663,150.20517,59.660694,8.5978
367588793,161.66306,59.249977,8.2461
367588974,161.80092,58.32238,9.1458
377387839,150.23724,58.4379,9.3489
137937062,152.65677,58.618324,7.0773
302669054,163.3463,59.049576,7.6705
137772134,175.45277,59.283722,9.6289
224294960,184.36656,59.251938,8.3686
341686410,171.18661,59.663754,7.0123
284566449,171.82758,59.917984,9.4598
441663202,211.0411,59.00721,7.2175
316420389,221.48495,59.987476,8.7989
199610589,249.02988,58.858547,7.1419
154381987,214.69394,59.572132,9.4639
157271585,198.15628,58.449135,8.1545
441695766,213.46585,59.87608,8.6141
377387899,150.18613,58.095974,9.2877
441695665,213.54646,59.24008,9.4069
441695667,213.54944,59.242817,9.0585
199632490,250.28543,58.089134,8.9666
157271940,198.40378,58.686337,9.69569
224299924,185.5522,58.08293,8.9326
55778419,182.26134,59.018093,7.9061
55763343,182.07594,58.556797,6.584
55753439,181.48587,59.555866,9.9839
224300054,185.586,58.940865,8.686
341649788,171.01767,58.42655,9.8531
341651538,171.12761,58.89567,9.0354
341686376,171.10909,59.468933,9.65
341686676,171.46149,58.76236,8.1657
284566358,171.6292,59.39622,9.8321
441663441,211.1709,59.356323,8.811
154382004,214.76361,59.41952,9.9918
55761906,181.93602,58.557045,9.7988
160035211,203.73763,59.938507,9.2881
441693594,213.19482,59.242405,9.9867
441693808,213.25168,59.381355,9.0657
207428799,243.46393,59.452034,8.8916
459225771,203.85168,59.915474,9.7905
165597000,226.9555,59.910522,8.3494
161825707,240.4655,59.630722,7.2836
199657838,250.86655,59.2665,9.1624
199658044,250.80826,58.523884,8.6677
284625704,178.65009,58.14058,9.44135
99319802,189.6454,58.396942,8.54324
417934034,193.74832,58.160316,8.1972
417934035,193.73851,58.16076,9.36895
141818622,205.63644,58.849064,8.60651
441658990,210.31947,59.549072,7.91991
199607786,248.58086,59.857197,8.73621
199685781,252.8416,59.54145,8.16012
417934222,193.62282,59.38216,9.922
199614100,249.56912,59.442284,9.5936
199657919,250.88394,58.937737,9.86217
341651428,171.15057,58.341793,9.4176
137904657,151.84485,59.746548,7.5154
302668885,163.2844,58.05243,9.2959
137800817,176.47069,58.02747,6.93292
302767887,170.37112,58.484364,7.0717
99330098,189.8138,59.750195,7.2084
137904342,151.61803,58.31753,9.8704
166179479,217.97812,59.94713,8.4432
302767872,170.42807,58.421898,9.4131
141816826,205.54109,59.249733,9.8981
355918578,217.99324,59.34167,9.9516
302767924,170.38339,58.693188,9.7615
137733223,174.38138,58.444477,9.23179
141915537,208.56635,58.633175,9.72174
165628502,228.4305,59.94645,9.2359
199607936,248.85294,59.366932,9.17923
224293315,184.08849,58.969788,9.85572
159188907,200.71501,58.599575,9.8818
137777876,176.03937,59.251568,9.9504
137809960,177.64511,58.535454,9.5982
147623810,197.31734,58.57516,8.7953
137882612,150.7995,58.0978,6.9388
137883014,150.94994,59.87007,7.8103
137883261,150.87056,58.60369,9.26829
417848855,152.10107,59.971577,9.1067
459187353,176.80104,59.997368,8.54192
302749719,169.58398,58.113968,9.5024
302749848,169.46495,59.023685,9.3293
150325074,191.11923,58.519463,8.79296
284679244,195.27293,59.393112,9.685
141816525,205.17648,58.658676,9.7716
141816678,205.18294,59.72856,8.6325
141816834,205.53354,59.20129,9.33111
207431584,243.64915,59.07064,9.3442
207431956,243.76389,59.25588,9.4426
207497078,247.05127,59.780895,9.4261
459187327,176.69196,59.83092,9.3694
150325112,191.12077,58.69093,7.4149
207431602,243.67043,59.152554,8.8206
302668909,163.324,58.158043,9.76746
150317386,191.03917,58.095238,9.67833
155878322,197.07639,58.420784,9.61296
137883109,150.89862,59.390644,8.8936
224288689,182.95517,58.940865,8.5445
377389717,161.53212,59.060875,6.8592
377367045,149.09511,59.43927,7.0932
137777697,175.96216,58.41105,7.7413
154381790,214.44821,59.06039,8.7679
137904782,151.82495,59.126495,9.15601
147623813,197.38065,58.566525,9.06242
207425552,242.74924,59.93218,8.5958
284186834,208.46364,59.90266,8.9172
150387112,193.54375,59.34169,8.94
356541698,153.78195,59.985542,4.5206
416537081,173.14598,59.85282,9.3116
441638600,209.11208,58.498383,8.211
441660868,210.65184,58.010437,8.245
416500775,156.95789,59.64107,9.6176
142318259,193.59439,59.96367,9.4033
150388082,193.92526,59.07119,8.9704
441638417,209.20987,59.492527,6.8657
441661190,210.74013,59.963566,8.4217
459220634,201.20116,59.688736,7.5679
150387303,193.4113,58.138294,8.85
150388218,193.81671,58.163948,8.4598
224288693,183.02177,58.92639,8.6931
441638377,209.20654,59.736332,9.4905
229688241,263.0455,59.179523,9.97105
441642457,209.88301,58.933014,9.45253
199709773,253.492,59.038254,9.72565
356107893,261.24567,58.791264,9.32465
356111717,262.71793,58.35346,9.41914
141814745,205.15564,59.333096,9.78233
224604423,255.38945,58.783318,9.76555
356087112,261.1106,58.089222,9.88598
157330212,181.5349,59.955147,9.9974
199632719,250.20674,59.03602,7.8502
224604365,255.37955,58.556316,6.8137
137804318,177.19772,59.012085,8.86254
441642477,209.81917,59.077724,8.1213
445859773,214.0727,58.389416,8.11983
377389625,161.39615,59.713997,9.6336
416519879,157.6958,59.751095,7.6608
311068911,218.75159,59.69108,9.288
416519555,157.66058,58.37189,9.80964
141860119,206.39326,59.427677,9.8245
137834559,226.10728,59.880783,9.0371
150396376,194.06583,59.761253,9.7733
377389650,161.57924,59.58897,9.5356
302332166,167.93141,58.899845,6.7952
355835517,202.02263,58.20929,7.61334
224298509,185.52818,59.606663,8.94258
159146354,199.29062,58.749165,8.56674
158534889,221.38176,59.60809,9.7759
161822367,239.41127,59.800217,9.9843
334297689,149.88148,59.0536,7.8195
147623659,197.42639,59.50225,9.86099
199688577,253.1097,58.40256,9.87132
99381250,190.31815,58.96202,7.6059
161745797,238.45348,59.805645,9.2748
141915957,208.7294,58.46886,9.29312
158563172,222.14456,59.64931,7.73306
416500785,156.9412,59.597225,5.97555
284555713,170.78479,59.80919,8.7397
284555887,170.78615,58.629116,9.9022
284555893,170.79639,58.58813,8.0718
137904397,151.6043,58.611073,9.6241
416500956,156.99634,58.558846,9.8091
365968021,182.77065,59.100662,9.14163
316413911,188.75177,59.06934,9.1351
202439797,227.23167,59.924755,8.6851
316413758,188.82219,58.17027,9.4994
66696840,156.33481,59.283413,8.4502
285006173,162.76466,58.217606,9.5864
137888661,151.0919,59.203583,7.795
137844047,150.56427,59.485336,9.7498
66696775,156.37578,58.77347,9.7093
137888501,151.07686,58.298096,9.7627
137889078,151.48325,58.470764,8.5834
285006158,162.71602,58.171577,9.4348
331941765,148.28323,59.504303,9.6949
284660915,179.34402,58.299812,7.8533
284661016,179.1607,58.818527,9.3386
302667075,162.84885,59.32012,4.6054
137888560,151.1255,58.58518,9.4374
148622555,154.16667,59.379112,8.43375
441663519,211.21492,58.867504,7.0357
441663375,211.3104,59.808487,9.42878
441663475,211.17603,59.13846,9.4282
161826777,241.05466,59.618084,9.51116
309764343,155.60202,58.109406,7.5242
309862162,164.96704,58.91407,7.9976
309862166,164.95613,58.906475,6.1188
141129657,165.57346,58.666405,5.1292
310932445,171.92287,58.702206,7.9341
357302348,202.15237,59.606575,8.7934
309764455,155.44374,58.882706,8.4956
309764572,155.52055,59.533077,8.415
289772146,160.74474,58.111435,9.0353
309861922,161.8643,59.443336,9.3677
416519698,157.64746,59.145878,9.6036
141129959,165.89786,59.720173,9.5253
141130016,165.76147,59.433563,8.5729
137888805,151.3381,59.941986,8.8553
55747721,180.18022,58.359932,9.5417
55747201,180.1064,58.231377,9.257
137799851,176.29472,59.29519,8.6922
341529049,167.23979,59.2153,6.27055
284627864,179.04892,58.169876,7.27652
302308472,167.41275,59.329678,9.3595
224301738,186.15488,58.792637,9.8034
55780004,182.46709,58.437042,9.09626
159203866,201.74474,58.11943,9.8612
309764576,155.48053,59.5519,8.4041
155872701,196.13728,58.881203,8.861
309764533,155.43536,59.33546,9.18118
309850507,155.91031,58.410297,8.18565
302697376,164.15593,59.076267,9.91765
302667418,163.0824,58.377113,9.3169
316418974,189.33499,59.216686,8.69479
55724984,179.96185,59.091652,8.45938
157264895,197.95462,58.23656,9.63819
284203947,216.90154,59.722816,7.22597
284627859,179.03784,58.124966,9.4884
55725079,179.80994,58.40455,9.8667
55747288,179.986,58.72599,9.83315
155877053,196.36697,58.48334,9.9571
141119696,165.51671,59.529644,9.1726
302756150,170.11333,58.77588,8.0633
293687460,221.76051,59.710274,7.076
224296705,184.82468,59.66911,9.0252
357157315,156.06718,59.51392,9.50801
302755704,169.97427,58.163414,9.51934
55761734,181.86751,59.727905,9.2554
207428487,243.1613,59.065563,9.5266
141119430,165.221,58.846848,9.7211
302755985,170.08809,59.822365,9.9996
137831022,178.10532,59.55679,9.5384
99330416,190.0868,58.04602,8.54
55753112,181.2125,58.115208,8.6084
459223649,202.11287,59.945786,5.4936
141875240,208.38022,58.90191,8.1467
155856272,195.66843,59.716305,6.4449
141864055,207.24756,58.25419,9.42918
99330313,190.02605,58.768475,9.4914
224299927,185.57916,58.086212,9.65462
99329870,189.81511,58.153557,9.42036
441686919,211.83443,58.687805,9.3211
141820771,206.05135,59.357975,7.1256
66683635,155.25574,59.045258,7.7532
293631466,149.78049,58.756603,6.8579
293631500,149.64236,58.951855,5.5765
274271400,161.20433,58.71745,7.829
148620352,153.81468,59.55155,8.8808
302670942,163.74028,58.664196,8.3123
367601415,166.90245,58.813667,8.9032
233166655,187.51775,58.767776,5.21889
302698290,168.93718,58.12987,9.5034
309863849,168.70544,59.20845,9.1007
155877326,196.62962,59.41598,9.2776
441661334,210.87817,59.06941,7.9538
405526038,225.35545,59.572136,8.5596
377386871,149.46562,58.248177,9.7706
274271382,161.27348,58.62013,9.1643
289728894,159.55135,58.521973,8.9578
289729053,159.58446,59.614017,9.9301
233166338,187.28514,58.52284,8.3798
155877097,196.43338,58.800644,7.9709
155877206,196.35785,59.675465,9.7623
141820653,206.01047,58.5416,9.7679
441661319,210.86296,59.14062,8.9608
289728914,159.70592,58.71846,9.8045
367601548,166.88197,58.105076,9.8219
331945828,162.01636,59.740177,9.74922
233166440,187.3678,59.415234,9.9783
155877236,196.37746,59.851532,9.98948
289729026,159.70149,59.41002,9.99917
297946127,156.51057,58.95819,7.4802
297946166,156.62599,59.15334,6.9656
297946191,156.54672,59.305424,7.2107
138504671,157.20206,59.989574,8.7989
141146362,166.14044,58.903873,8.3977
99380912,190.26689,58.742043,8.7435
155877340,196.62175,59.249207,8.6277
154382922,215.65778,59.779594,6.81844
289718487,159.4161,58.123585,8.891
141146571,166.14299,59.80203,7.6466
141146767,166.25812,58.638718,9.0199
441691525,212.94247,59.571556,8.7428
371832742,194.51393,59.484753,9.5583
371832908,194.61934,58.381424,9.5502
155877259,196.61029,59.871323,9.4077
141814804,205.15408,59.021492,9.0326
141874805,208.20006,58.276726,8.9914
233166567,187.47078,59.47253,9.86249
302671309,164.01959,58.66423,9.7556
297963278,164.30002,59.85233,9.6782
441638616,209.18599,58.394836,9.7968
150387080,193.40906,59.526035,7.515
224288574,182.98125,59.697243,8.2729
441638365,209.14453,59.769268,8.5416
150387186,193.42314,58.82006,8.8845
297963435,164.35933,58.838737,9.704
284598262,178.37259,58.126694,9.3457
224290172,183.25775,59.72016,7.3833
224290236,183.29924,59.811367,8.9865
284597999,178.49649,59.68046,7.0713
224298558,185.37427,59.12277,8.97664
331943789,148.62221,59.767155,8.7223
331944028,148.74048,58.374733,9.903
274269476,161.16832,59.825542,9.4734
289750464,160.11076,58.459522,9.9918
224290130,183.1278,59.408493,9.5344
55724712,179.58046,58.981155,9.8818
284597937,178.24516,59.80676,9.4009
331943626,148.43596,59.102245,9.9094
331943858,148.64044,59.387733,9.3211
224290262,183.357,59.627575,9.9162
55724734,179.60847,59.115402,9.43497
137939021,152.74812,58.170326,9.6141
287144148,148.5733,59.920364,5.5705
148625389,154.78026,58.32365,9.6279
138542871,158.95865,59.987354,9.2379
137936777,152.4043,59.63978,9.2949
137936816,152.48433,59.860424,9.745
148624729,154.43602,58.268272,9.6002
138542865,158.9377,59.95111,9.45058
137936501,152.31921,58.145317,8.6454
159209261,202.89055,58.95286,7.5315
316413753,188.83472,58.144684,9.64172
365968146,182.80101,58.380947,8.9465
316413777,188.64862,58.237648,7.9166
316413778,188.74464,58.23786,9.45004
207402633,242.48477,59.87176,6.7196
365967992,182.81099,59.287205,9.2895
316413839,188.7708,58.646828,9.8297
331941626,148.05634,59.481895,9.38685
331941912,148.32748,58.56395,8.1768
289716577,158.97751,58.020813,8.8281
284555771,170.76741,59.434616,9.7286
284555892,170.83522,58.59579,9.3295
161724548,236.83672,59.896896,9.6338
137880715,150.52734,58.164738,9.9691
137888754,151.1593,59.676365,8.2725
309861965,161.85011,59.665466,7.4272
137889165,151.42235,58.03226,9.62393
293631884,160.50865,58.9376,9.9131
377386758,149.47359,58.987328,8.8188
284541896,148.89618,59.60186,9.49762
55747377,180.17195,59.35312,7.5626
309862133,164.92224,59.074467,8.85326
229534227,194.93895,59.410225,9.26522
284542192,148.88426,58.032608,9.7686
289772012,160.58748,58.937534,9.8549
141129854,165.69843,59.58159,9.76413
284628104,178.96643,59.673813,8.0866
284627915,179.09384,58.476475,8.15144
55749558,180.69441,59.520275,8.72366
224301853,186.1215,59.517483,8.5492
137936583,152.47446,58.553444,9.0513
356539020,152.68117,59.898716,9.42769
331956842,162.21767,58.755573,9.769
334297559,149.94867,59.661182,9.8551
334297744,149.92262,58.767902,8.9219
334297563,149.96696,59.65064,9.1876
297963543,164.43382,58.166965,9.10223
441696067,213.81671,58.360916,9.6719
371832909,194.61188,58.373707,7.97683
141148703,166.48515,59.83567,8.7674
99381029,190.09953,59.525726,7.7824
154382028,214.78827,59.302143,8.14403
141874882,208.20255,58.69258,9.0359
155877359,196.59341,59.158016,9.0669
289718003,159.21971,58.575905,9.93511
289718218,159.34666,59.800964,9.0444
141146618,166.29294,59.556316,9.14288
141146798,166.27193,58.453045,9.05073
233166622,187.49452,58.952976,9.6298
141814738,205.06299,59.367577,9.97058
154383028,215.66264,59.083656,9.5526
202510467,232.7239,59.997383,9.27788
441663010,211.07883,58.015335,9.1895
416534903,164.58974,59.281517,7.5244
284679467,195.60042,59.246037,7.3746
441697648,213.90057,58.751472,9.08315
367588904,161.77745,58.70904,9.09097
341649650,171.07567,59.1049,9.06925
341686792,171.47328,58.182182,9.81827
284557327,171.58727,58.3022,9.3158
368436508,172.82736,59.700912,7.1099
368436509,172.83412,59.70089,8.1367
154382064,214.69267,58.997433,8.1776
161823484,239.65639,59.751034,8.26008
284566688,171.86916,58.53383,9.7945
284456812,290.91895,58.98998,7.507
331941425,148.12347,58.335136,9.7975
137775985,175.63791,58.47756,9.32746
284598157,178.37729,58.762283,8.86976
55724563,179.73805,58.15507,8.83148
229534083,194.93004,58.40133,9.3659
331943547,148.5103,58.622757,9.3858
229534226,194.97847,59.4073,8.17275
297961744,157.99281,58.917274,9.7791
285019444,158.4771,58.643757,9.84494
309851912,161.8182,58.274258,9.6796
229534382,195.05698,59.325535,9.858
293631628,149.7486,59.509514,9.89864
331945944,162.12036,58.866787,9.9863
233166726,187.48877,58.40573,5.1872
66683322,155.19098,58.5991,9.8434
66683324,155.19432,58.60648,9.067
293631552,149.80502,59.1869,7.99927
367601289,166.91267,59.563553,9.87746
302697903,168.98361,59.120995,7.7793
137778067,176.05971,59.625767,9.9695
289728931,159.64037,58.77591,9.8654
66683714,155.39255,58.61057,9.9667
331943560,148.41125,58.686275,9.06212
353874739,271.3614,59.245018,9.6237
284456204,290.92545,59.461864,8.8696
284456027,290.93167,59.588802,8.7722
331943439,148.40211,58.02849,7.7092
137968191,153.60272,59.399708,5.0918
302698268,168.89854,58.214905,7.0409
309764425,155.50934,58.699562,8.6252
297946402,157.28877,59.393414,7.6555
137810479,177.7248,58.14086,8.3189
302727570,169.16232,58.94507,7.392
55753590,181.4623,58.579014,8.6611
159209350,202.80984,59.529392,8.9431
357302392,202.20755,59.928253,7.5922
302666902,162.99309,58.162457,9.5382
297946425,157.28784,59.25364,9.6519
224291986,183.78076,58.947796,7.2368
302727927,169.25642,58.369858,9.8044
55753437,181.52145,59.564377,9.2243
55753623,181.46323,58.358517,9.9849
309764390,155.53491,58.372345,9.9818
302698189,168.84535,58.40169,9.7147
353875811,271.5879,59.31322,9.9014
353876144,271.46436,58.881844,9.5436
357237600,155.70743,58.991272,9.97536
137968271,153.56374,59.878708,8.6495
224291941,183.82927,59.191883,9.65099
233165060,187.0273,58.943096,9.49069
302727511,169.14813,58.68472,8.65867
302727695,169.07915,59.94327,6.73
159209488,203.08965,59.63203,8.69713
150387990,193.8701,59.62253,8.42805
302666930,163.0177,58.369846,8.4716
138590375,176.69841,59.95719,9.7346
137810339,177.87682,58.92357,9.3919
310932794,172.30615,58.73595,9.2878
357268811,202.11647,58.32922,9.789
309764405,155.41388,58.4789,9.9049
267811946,293.21024,59.709236,8.6316
267812561,293.4716,59.827267,9.1173
320503390,264.4231,59.135944,8.4087
320503392,264.57214,59.139935,9.91372
1001412200,215.9323,61.056763,9.505
1001360022,213.28252,61.011696,9.4583
1102325400,230.78737,60.993557,8.07148
1102352744,220.51186,61.262753,8.5317
1884151242,294.13132,61.777233,9.1641
1201208375,245.71274,61.435482,6.374
1201202979,247.04916,60.68029,8.8513
1201202981,247.04996,60.6803,9.3623
198181264,244.78453,61.438194,8.719
166128094,215.9323,61.056763,9.505
1201228157,245.07649,61.496067,8.33529
1201228154,245.07639,61.495438,9.5687
198182051,245.07649,61.496067,8.33529
166065443,213.28252,61.011696,9.4583
202504859,230.78737,60.993557,8.07148
166177271,217.24484,60.386375,9.991
1201228103,244.78453,61.438194,8.719
1201228104,244.78569,61.438602,9.9369
198205953,247.04916,60.68029,8.8513
900514093,173.21481,60.067436,9.6829
900514094,173.2136,60.066963,9.4741
1717952012,289.43225,61.341034,6.8263
138542767,158.8204,60.33584,9.822
202427305,226.75552,61.7284,9.764
198187116,245.71274,61.435482,6.374
316450120,221.91829,61.563866,6.193
10005000199,207.31334,60.19041,9.768
10005000336,178.30719,60.67556,9.936
100011564,173.2136,60.066963,9.4741
159630980,220.51186,61.262753,8.5317
232603105,257.66946,61.30728,9.499
99843265,165.93184,61.750946,0.595
233092813,272.86697,61.531124,8.844
159570333,207.53485,60.520397,6.325
229476157,295.58316,60.364338,9.032
229975901,290.30695,60.23767,9.444
287139829,253.56393,60.564182,9.69
229965790,289.43225,61.341034,6.8263
358767233,209.07474,60.827103,9.951
229448884,294.13132,61.777233,9.1641
417851131,159.58217,60.125546,6.422
233711148,275.7978,61.65637,8.447
471011681,165.93227,61.751034,1.81
198538099,237.31491,60.527386,7.44
99970224,171.18723,60.896873,8.61491
138590945,176.67603,61.51894,9.5445
138590943,176.65755,61.514957,8.5623
138590902,176.78252,61.401867,6.36316
202444594,228.16914,60.134808,8.496
199525359,240.56194,60.071285,9.825
256369527,298.39462,61.196514,9.65086
256370509,298.5489,61.68616,7.0141
157335029,182.58926,60.10938,9.4612
335719242,223.01436,60.513203,7.9626
256866560,301.56345,61.935173,9.658
256510116,299.15717,61.368534,9.66577
256509900,299.18375,61.572945,8.8885
256509518,299.1502,61.92883,9.3111
256561864,299.9774,61.93785,9.5713
256385279,298.61212,61.561813,8.09114
256801656,301.387,61.99542,4.3683
256513217,299.3525,61.411045,9.9192
256561460,300.0301,61.551083,9.1783
256561896,299.96762,61.97741,8.70754
256561759,299.8739,61.839363,8.5788
256666333,300.55038,61.94341,7.5469
229506689,297.10016,61.886513,9.6251
268052973,297.86703,61.807514,8.5802
256370334,298.51837,61.594025,8.9547
268052926,298.02975,61.764053,9.6728
229506523,297.09818,61.69954,9.9254
256454884,299.03488,61.48914,9.8674
258394101,297.42715,61.389435,9.379
229503419,296.69272,61.283882,9.5422
229503286,296.88074,61.41137,9.03615
229506079,296.9726,61.215237,8.88593
229506283,297.03757,61.411247,5.6473
258393909,297.44568,61.586254,8.9721
256324877,297.68347,61.764244,8.69628
256325468,297.83682,61.122948,8.7014
256385524,298.63403,61.42055,9.6817
268052435,297.9665,61.311256,8.06806
268053147,298.06772,61.97573,8.66175
268052937,298.05026,61.76927,8.6706
268052960,297.96344,61.79624,9.1373
229487154,296.04718,61.879734,8.57826
229483825,295.76816,61.60751,8.6254
229483625,295.80777,61.826717,9.6192
229476454,295.53363,60.657387,7.957
229474225,295.38995,61.5212,9.5973
229474911,295.3688,60.722538,9.4937
229474276,295.3281,61.46034,9.3418
229483978,295.87387,61.44492,9.9139
229484564,295.722,60.77837,9.416
229495909,296.40533,60.827236,9.70535
229486321,295.95303,60.962585,8.7909
229461527,295.05615,61.29241,9.5412
229475223,295.31656,60.390587,9.1016
229486062,296.07382,60.684155,9.0022
229493284,296.3735,61.775097,9.616
229493405,296.35504,61.6471,9.5804
258394051,297.5132,61.441772,9.237
229494062,296.37112,60.8857,9.8597
256324844,297.6393,61.794094,9.4139
256325076,297.79602,61.56106,9.519
256325477,297.80237,61.1119,9.7528
229502781,296.6522,61.981464,8.3689
229476671,295.5934,60.895992,8.9722
229473905,295.2315,61.92327,8.90514
229512750,297.3524,61.9131,9.8427
229513129,297.24356,61.49087,9.6935
258393558,297.53284,61.94314,9.9896
229455141,294.25018,60.709507,8.122
229455240,294.40793,60.600822,9.8686
229454490,294.35257,61.60219,8.4515
229454777,294.4157,61.198235,9.7082
229476160,295.60785,60.3667,9.0942
400405540,294.69385,61.272545,9.5344
400405853,294.67532,61.623684,9.8259
229483504,295.72406,61.967842,9.917
400405889,294.5016,61.677593,9.9254
229411621,293.07336,61.403587,9.8229
229412016,293.01984,61.957577,6.8346
229411546,293.12967,61.2985,9.8348
229411431,293.1182,61.161427,9.7223
229410833,293.11734,60.41846,9.3605
229410719,293.02722,60.269524,8.9594
258394269,297.59116,61.20907,6.2174
229445978,293.8855,61.64003,9.1842
229506436,296.9415,61.57815,8.9122
229446797,293.8851,60.601547,8.8208
229476869,295.5505,61.128212,8.4538
229476950,295.66208,61.235428,9.6916
400405066,294.45715,60.772255,8.8664
229411520,293.12552,61.276382,9.9775
229410739,293.106,60.291492,8.24535
229447698,294.11633,60.277737,9.7317
229448194,294.17188,60.86129,8.2972
229448458,294.15726,61.195328,8.5171
229476369,295.56003,60.563168,8.3771
229477333,295.5918,61.666344,9.8801
229474328,295.3704,61.38898,9.9585
229447727,293.99136,60.316544,8.91376
229448144,294.16653,60.798553,8.0972
229477384,295.60104,61.740524,9.1986
229461065,295.0981,60.798027,8.5702
229461103,294.95026,60.83102,8.5496
229458720,294.8444,61.75561,9.9059
229460901,295.0741,60.606514,8.4941
229461042,295.04736,60.77715,9.88806
229512960,297.26108,61.679184,9.3859
229513534,297.33496,61.0672,9.9387
229460806,295.055,60.50711,6.25929
229460811,295.0596,60.51163,8.61429
229513619,297.13193,60.979313,8.5088
229513522,297.22073,61.086845,9.5806
229503249,296.83466,61.443478,8.63428
229411473,293.01923,61.20147,9.4779
229455094,294.277,60.765923,9.9061
229437306,293.37363,61.555664,9.4428
229437880,293.29114,60.837852,9.9675
229440115,293.6814,61.830112,9.363
229438906,293.48734,60.27142,9.43944
229438910,293.48996,60.27642,8.9114
229410872,292.99973,60.473602,9.7974
229455001,294.29108,60.881382,9.01932
229474123,295.38647,61.646294,8.7885
229401917,292.36197,60.10617,9.5487
229401461,292.3665,60.66872,6.59556
229409358,292.84915,61.258793,9.9076
229409655,292.9357,60.86418,7.7338
229438746,293.55685,60.0682,7.67171
230028174,292.12146,60.04354,9.8781
229403646,292.61325,61.87319,9.30269
229439761,293.65515,61.369297,9.8145
229438442,293.25162,60.164562,7.2736
229438581,293.41357,60.011623,9.259
229439923,293.70374,61.557583,9.1181
229439723,293.59958,61.31549,8.5999
229448326,294.2007,61.030167,9.4704
229448163,294.1349,60.816765,9.9257
400404831,294.62628,60.51486,9.3083
229966406,289.41092,60.610386,8.4802
230027885,291.8627,60.10276,9.3476
229976659,290.23245,61.116035,9.122
229401156,292.48215,61.08189,9.8128
229401846,292.3472,60.198437,8.2207
229400992,292.34192,61.310375,7.518
229400643,292.48648,61.75489,9.8969
229966103,289.54858,60.960033,7.20963
229958450,288.92633,60.17335,8.5237
229401263,292.37344,60.92179,9.753
229401515,292.44473,60.591503,9.274
230019644,291.68384,60.685413,9.53347
230020283,291.67886,61.49122,9.9244
229957374,288.8903,61.56515,6.961
229957488,288.87604,61.404247,9.9538
230017403,291.49744,61.676422,9.6687
230017676,291.35123,61.359367,8.1445
229403263,292.57944,61.373844,9.2307
230017954,291.35306,60.975204,9.45923
229959529,289.1786,61.051846,8.4841
230000453,290.52866,60.58885,9.939
230000852,290.5687,60.153126,7.8047
230001147,290.7787,60.027637,9.3649
230002702,290.74985,61.9171,8.9592
230020447,291.74893,61.694042,9.7428
230020493,291.63153,61.7588,9.9827
229959155,289.22427,60.591602,8.89956
229957149,288.90952,61.88031,9.51084
230010746,291.09692,61.053574,9.6954
230018590,291.30984,60.27561,9.7343
229448538,294.2109,61.288723,8.0072
230011190,291.20282,61.58659,9.87891
229967255,289.71954,60.268368,9.4144
229968200,289.82953,61.51782,9.5254
229448535,294.00323,61.284126,9.6213
229967846,289.68704,61.001083,9.9404
230011056,291.24954,61.43384,8.74146
230008809,290.92264,61.099163,7.67649
230010053,291.12143,60.235584,8.9262
230009045,290.8512,60.827156,8.7771
230009450,291.03134,60.331562,9.4838
230009442,291.04065,60.348934,6.7287
230009744,290.92825,60.007156,9.8925
230018427,291.54456,60.456245,8.0527
230018696,291.5038,60.170307,9.5923
229999844,290.499,61.27889,9.6533
229999306,290.3827,61.971493,9.741
230008518,290.9381,61.50114,9.7466
230018187,291.36148,60.717754,9.66883
229408861,292.78888,61.94211,8.8883
229402125,292.56122,60.0172,8.1836
229402412,292.5555,60.35915,9.8741
229942816,288.0573,60.236004,9.5481
229943691,288.19257,60.828094,9.5211
229943787,288.3115,60.952908,8.8822
229942225,288.14362,61.04473,9.8165
229943446,288.37573,60.507484,9.4339
229944367,288.26752,61.72223,9.38795
229447305,293.9324,60.025734,9.8174
229461342,295.03482,61.081795,7.7668
229461628,295.10852,61.41665,8.9051
229438566,293.38605,60.032673,8.8401
229975388,290.0675,60.22415,8.1966
229975211,290.02368,60.41135,9.551
229437474,293.44598,61.343487,8.6849
230010527,291.1346,60.77429,8.9997
229438151,293.32132,60.505733,9.82
229438448,293.29196,60.15869,4.8381
229977160,290.2763,61.764297,8.1001
230011115,291.1137,61.51083,9.93336
230050052,292.1049,61.68808,9.9673
229966577,289.50272,60.41627,9.2305
229951338,288.81955,60.725044,9.88313
229975780,290.32373,60.11277,9.9477
229909622,287.25507,60.103622,9.6545
229909658,287.37125,60.17017,9.528
229909710,287.24078,60.2657,9.9291
229965374,289.46454,61.905846,7.8649
229944292,288.169,61.62519,7.9045
230028954,292.07654,60.91319,9.9032
229915245,287.44376,61.97665,6.0224
229915937,287.47684,60.895508,9.9821
229935349,287.55954,60.308502,7.7486
229959065,289.27307,60.466763,8.7088
229959306,289.1373,60.772663,9.0991
229959385,289.36002,60.85852,8.3164
229959860,289.2471,61.50579,9.3983
229960194,289.2147,61.998066,7.3156
229966602,289.43933,60.387325,8.6624
229942434,287.9258,60.741383,9.5019
229957533,289.11163,61.336353,9.3671
229974817,290.07578,60.855064,8.1202
229974816,289.9269,60.85545,8.999
229975356,289.9417,60.251102,9.8752
230397129,286.5085,60.56452,9.5809
229966779,289.4836,60.171787,9.79367
229943204,288.33182,60.17822,9.1754
229943234,288.2195,60.22407,9.98903
229943349,288.35037,60.374817,9.60419
229943550,288.22168,60.650623,9.151
229943919,288.26712,61.13429,9.107
230000873,290.5564,60.130287,8.97815
230389978,286.10184,61.042156,9.5875
230017452,291.52927,61.611706,9.5765
229974378,290.05554,61.404446,9.27281
230017179,291.4216,61.96084,9.97341
229974432,289.95593,61.339733,9.7378
229949988,288.50552,60.95043,9.9625
229968202,289.72577,61.518738,9.3368
229910017,287.3596,60.7395,9.0161
229951517,288.71326,60.993614,9.6948
275692574,286.96643,61.90251,9.8359
229951312,288.6793,60.686596,9.8956
229944348,288.24808,61.69455,8.7348
229936843,287.85403,61.79256,9.6267
229935653,287.73212,60.044785,9.9501
229910234,287.40417,61.064377,9.8889
233613741,283.43625,60.01787,7.1507
275691882,287.10672,60.77892,7.439
229950056,288.43277,60.852238,9.0921
275691887,287.08914,60.788727,8.2358
275692081,287.0658,61.067894,8.0304
233632991,284.82953,61.80349,8.6095
230391882,286.41492,61.83261,7.8479
233540969,281.2844,61.045853,9.6085
275692427,286.96713,61.66307,8.02492
233605790,283.05038,61.770298,9.4012
233540897,281.32944,60.92972,9.83432
233580734,282.64725,61.981476,8.04719
233606536,282.8851,60.584103,9.33865
230384217,285.8954,60.343475,8.6401
100009042,172.6436,61.881763,9.99362
233614873,283.75754,61.711796,8.742
229935987,287.87097,60.55157,9.9744
233621707,284.13852,61.721367,8.7865
230396530,286.55258,61.470802,9.7581
229936313,287.77634,61.040096,9.8766
229936646,287.8288,61.519333,9.1316
229943936,288.2613,61.15705,9.5289
100009086,172.66377,61.65958,9.84607
230378407,285.266,61.099182,9.2484
230378763,285.43878,61.77114,9.20846
230378284,285.31042,60.878242,8.1732
230397084,286.62143,60.618675,9.4837
230397408,286.63538,60.145115,9.1546
230397441,286.48264,60.09945,6.49071
275691725,287.0325,60.54177,9.819
275691765,287.0949,60.59279,9.8301
275692390,287.00024,61.59819,7.55162
230378747,285.32352,61.738976,9.01958
230378042,285.45084,60.478878,9.78431
230378457,285.3044,61.20612,9.579
229942746,288.03003,60.342762,9.6159
229949674,288.443,61.40325,9.42163
229950065,288.52277,60.83895,9.7901
229935283,287.54355,60.38925,9.891
230384586,285.76477,60.885,7.6669
229935640,287.8459,60.015858,9.9738
229942198,287.9085,61.08777,8.5149
233526800,279.9807,61.858036,9.901
233573017,282.1465,60.16891,9.7066
229915355,287.5122,61.7869,9.5534
230001220,290.60226,60.115448,9.8416
230008739,291.0331,61.20338,6.8348
229915725,287.64316,61.253574,9.9728
230001140,290.65887,60.018597,8.3026
230001248,290.66357,60.1488,8.5294
230001346,290.77765,60.260197,8.8233
230001568,290.61282,60.518288,8.1462
230384444,285.80463,60.67581,9.8489
230384686,285.8132,61.06795,9.2933
230390644,286.06393,60.046284,9.72356
233526869,279.95074,61.7337,8.33202
230383014,285.68134,61.48355,6.7496
230383487,285.6033,60.66411,9.9758
233546128,281.5335,60.816902,8.06305
233539654,280.9893,60.917946,8.2907
233633060,284.87396,61.678062,7.5881
230389395,286.07263,61.925613,9.4035
230389804,286.00818,61.28019,9.3709
233606647,282.90878,60.434113,7.8222
233633066,284.97717,61.671333,8.74896
383674024,279.16003,61.65211,9.0044
233613702,283.4271,60.08633,8.9007
275690473,286.80933,61.230537,9.9117
233619567,283.89398,61.451714,8.2462
229909851,287.18887,60.498024,9.5883
233612725,283.30264,61.652576,9.1102
230391927,286.4446,61.900005,9.6691
275690206,286.78427,61.653996,9.6877
233539926,280.89883,60.492107,9.8241
275690420,286.8512,61.32169,9.9836
233718794,276.46576,60.013855,9.7199
233528177,280.2785,60.44418,9.9608
233723609,276.7261,61.38782,8.5391
233724023,276.63565,60.61862,9.29066
233725247,276.97983,61.545067,8.9456
275690429,286.77872,61.302227,7.7547
275691083,286.9152,60.296173,9.05544
233545738,281.471,61.43678,9.6145
233545790,281.5306,61.352913,9.2524
233545767,281.54736,61.39041,9.75099
233546234,281.47943,60.66199,8.9201
233546149,281.39417,60.78166,9.4809
233546435,281.5531,60.314312,9.7664
233546300,281.45633,60.530647,8.16354
233546385,281.38882,60.39377,8.74092
233729351,277.17123,61.100605,9.2209
233736455,277.93576,61.449997,8.1168
233534983,280.80713,61.39256,8.7185
233729687,277.11755,60.437912,7.7085
233729302,277.11932,61.21003,9.0639
233533189,280.41913,61.546413,5.9534
233734750,277.52026,61.633,8.3327
233606440,282.86606,60.73481,9.5729
424461639,279.82642,60.490585,9.48368
233539590,281.0761,61.048145,5.25053
233539823,280.9682,60.646645,9.09319
233534885,280.7476,61.249325,9.8829
233723310,276.56082,61.994812,9.21928
233729999,277.3684,60.124004,9.4975
233742297,278.37125,60.894012,9.1187
233633404,284.8848,61.093033,9.2393
233633405,284.93048,61.09287,9.9334
275690727,286.93222,60.83695,8.9996
275690820,286.84143,60.70264,8.5069
383674196,279.15668,61.318546,8.208
233580065,282.57535,60.83755,5.64128
383675132,279.24243,60.264347,9.0451
233539336,281.0342,61.447414,9.6751
233633008,284.9018,61.77909,8.04906
233528422,280.38022,60.8718,9.9581
233528931,280.24594,61.76374,9.8833
233628091,284.58615,61.220406,9.9981
233628188,284.66,61.378376,9.1334
233528895,280.2369,61.704147,8.6176
233533642,280.3981,60.774517,9.2932
233628240,284.55634,61.445984,8.8074
233533830,280.3855,60.456936,9.8272
233540578,281.2722,60.422554,9.4253
233628522,284.54712,61.947903,9.75472
233579776,282.7691,60.380962,8.284
233746715,278.5102,61.849564,9.5961
230391018,286.38248,60.46828,8.5732
230391389,286.28284,61.057335,9.89434
275690559,286.70602,61.096634,8.913
229909839,287.34714,60.48209,9.5285
233540783,281.33554,60.744434,7.7329
383645465,278.89127,60.256084,7.4763
233691797,275.64377,61.894997,8.6871
233692083,275.66754,61.274204,8.1661
233692206,275.61,60.99365,8.7966
233736693,277.80676,61.926994,8.1753
383673990,279.01004,61.719032,8.3203
233533305,280.52982,61.353874,9.7412
424440086,279.60135,60.711052,6.27742
383645613,278.82028,60.528538,9.45798
230377102,285.05072,60.977997,7.5748
233547439,281.6705,61.183567,9.9348
233076906,271.22162,61.428337,7.8921
233572953,282.25488,60.052685,8.57149
233540536,281.12558,60.349014,5.70716
233539443,281.04855,61.306,9.67
233547151,281.72052,60.729904,7.70282
233547468,281.6312,61.220726,9.7909
233547566,281.70035,61.371555,9.9806
233573320,282.31628,60.64442,9.8848
233579396,282.50272,60.138832,9.9474
233573215,282.20255,60.47661,8.2335
233741489,278.15363,60.39251,9.6952
383675453,279.2541,60.794376,8.7201
424462081,279.83182,61.26523,8.6264
233540918,281.1262,60.959656,9.7397
233540603,281.2068,60.45886,7.7914
233742003,278.43585,60.32493,9.6441
233541312,281.18488,61.63191,8.2584
233535182,280.78564,61.78604,8.72148
230376817,285.05188,61.423317,7.8256
230377346,285.088,60.524307,9.14091
233735766,277.87775,60.184532,9.2833
383645680,278.86084,60.66934,8.79224
233528099,280.37247,60.30292,9.09911
233528701,280.1514,61.367443,9.6563
383674344,278.9937,61.016384,8.5923
233619659,283.79056,61.326042,9.0724
233572677,281.9742,60.247368,9.7202
233619512,283.91644,61.526207,9.7438
233730340,277.37125,60.77556,8.0939
233061516,270.03192,60.008575,9.9682
233740810,278.04016,61.681126,9.58648
233692051,275.76837,61.347427,8.9009
233527303,279.99805,60.934868,9.63992
233155356,274.60916,60.98393,9.1341
233155512,274.60367,60.67483,9.6998
233718369,276.13907,60.607933,9.3819
424461374,279.65378,60.036186,9.6955
424462026,279.83588,61.15941,8.5051
424439938,279.5905,61.01741,8.8158
233579792,282.79083,60.40386,9.9217
233082248,271.81842,61.224464,8.3678
233082370,271.7703,60.979393,9.6705
233082231,271.77615,61.25586,9.0248
233082251,271.87753,61.220547,8.80284
383675945,279.22147,61.702503,7.9605
233094396,273.10687,61.52109,9.5848
233087264,272.31616,61.94242,7.7877
233125012,273.7359,60.5546,9.7212
233719145,276.27744,60.648514,9.4694
233087949,272.20685,60.48542,8.705
233734992,277.68323,61.16814,8.7939
219798790,265.67078,60.88801,9.8735
219816682,267.62393,60.965992,9.82
233052254,269.14905,61.431084,8.7806
233046463,268.40207,61.04387,7.3496
219799171,265.7694,61.787605,9.438
233098055,273.17114,61.94288,9.63407
233691875,275.69833,61.709553,9.8455
233056861,269.4698,60.80157,9.7719
233725298,276.96756,61.634933,9.4785
233742556,278.36075,61.364628,9.0449
233061827,270.12088,60.60339,8.4487
233077519,271.37234,60.116932,9.2446
219821451,268.19366,61.771973,9.9149
233124595,273.74472,61.300472,9.8875
233734641,277.58954,61.844246,9.68358
233131330,274.46817,60.176563,9.4398
233741443,278.15283,60.476517,8.9151
233132126,274.43915,61.825356,9.4393
233088316,272.52872,60.110294,9.19367
233088505,272.5828,60.47635,9.912
233089194,272.44443,61.868717,9.6131
233747416,278.46756,60.611668,9.65256
233747635,278.50772,60.19474,9.6134
219820006,268.00998,61.777225,9.2663
219820991,268.16888,60.50355,9.7484
233688149,275.46344,60.953743,9.6674
233724864,276.9431,60.867363,9.77792
233061734,269.99112,60.445225,7.97
233060623,269.92065,61.792248,9.7639
383675786,279.29834,61.419006,8.5473
233088427,272.4188,60.31466,9.4716
233089252,272.39563,61.990322,6.841
233154995,274.72162,61.641663,8.4188
233155443,274.77097,60.805458,9.1664
233155627,274.59158,60.48199,9.5361
233154856,274.59015,61.91084,9.3636
233087298,272.2424,61.878696,9.8142
233155130,274.64032,61.386658,9.15115
233155421,274.8102,60.83986,9.7827
219763627,262.77478,60.064518,9.34272
219807730,266.58258,61.184982,9.0063
233688523,275.32916,61.777973,8.7743
233723752,276.60162,61.160202,8.8522
233723533,276.50488,61.506233,7.1286
233747354,278.59695,60.725582,9.4143
233072967,271.01108,61.56791,8.08079
233060692,269.9,61.613873,9.6786
219815520,267.49185,61.82274,9.84265
219777033,263.88376,60.614742,9.5277
219794625,265.32364,61.605705,7.1047
233156412,274.88748,60.785515,9.5292
233156472,275.0344,60.904816,8.3391
233724461,276.9001,60.11048,9.1395
233071259,270.73386,61.97024,9.8006
233724181,276.70407,60.311703,8.9506
219776919,263.66803,60.32285,9.96741
219776118,263.48703,61.716194,7.6117
233735365,277.50598,60.43565,9.9409
219776694,263.53827,60.089375,6.7787
219776175,263.48996,61.553444,9.45207
219790039,264.64258,60.911926,9.9998
233724046,276.56308,60.56837,9.99116
233057068,269.61588,61.309387,8.3836
219820142,267.96942,61.41903,8.7853
232615808,259.36887,61.671585,9.57726
219798745,265.7671,60.77985,9.3468
219803073,266.1909,60.31312,7.8664
219793288,264.87744,61.704277,8.3038
233047207,268.66687,60.636604,9.6855
233094364,273.06818,61.485264,9.4881
233093949,272.8814,60.612118,7.21226
233046876,268.2641,60.002033,9.2568
219799053,265.81885,61.546936,8.9716
233659008,259.78918,61.75734,6.28179
233131822,274.37274,61.09459,9.275
233730480,277.29868,61.03466,9.6206
232607576,258.32925,60.434612,9.59924
219797791,265.50168,61.479614,9.44366
233051918,269.17493,60.57622,9.64
233156007,275.01016,60.03527,8.71082
233094458,272.9191,61.655685,8.0454
233061925,270.03384,60.7845,9.3054
219803568,266.14108,61.661488,9.9328
233046182,268.31516,61.797825,9.1076
233066644,270.40463,60.30358,9.8154
233098381,273.19623,61.24143,8.61
233098676,273.2304,60.655186,9.6984
233093704,272.95895,60.15037,8.69813
233094394,272.9427,61.519886,9.1739
233724010,276.5275,60.648026,8.4827
233719052,276.4656,60.479107,8.07069
233719053,276.4401,60.4791,9.46384
233067193,270.64804,60.642338,9.9018
233061558,270.17627,60.073647,9.9082
233062340,270.07486,61.664402,9.7094
233161144,275.05847,61.46197,9.7116
233161168,275.07227,61.431572,7.8708
233072220,271.11765,60.07345,8.2641
233161833,275.23477,60.248512,7.7483
233736604,277.94968,61.779087,7.6635
233071436,270.7988,61.58528,9.9535
219820925,268.10574,60.396374,6.68109
233060538,269.87927,61.94613,9.4728
233160904,275.12134,61.913593,9.7587
233161073,275.20282,61.610733,9.2825
232615325,259.48428,60.174026,9.3927
232615865,259.48108,61.82718,8.8376
219772324,263.14273,60.78275,9.54877
233725157,276.75116,61.39135,9.90722
233056552,269.5967,60.13673,9.9223
233078031,271.56613,60.78999,9.8497
233680204,260.44772,61.805244,9.6075
219802669,266.0279,60.53151,8.7641
233055747,269.3652,61.56708,9.1587
233056745,269.52252,60.56614,8.98533
233092607,272.7236,61.962124,8.2796
233092976,272.6911,61.18468,7.3974
233125189,273.83084,60.1973,9.1285
233089202,272.472,61.88098,6.7149
233680190,260.45132,61.74675,8.21301
219776356,263.62262,61.02688,9.0572
219776351,263.56345,61.03976,9.87154
233092824,272.8413,61.51184,8.79381
219820701,267.9594,60.05332,7.1899
233682945,260.62433,60.710934,8.5381
219793822,264.97528,60.2729,9.7414
233124221,273.68768,61.98839,8.1711
233124467,273.7475,61.542152,8.0532
219820588,267.8097,60.3835,8.80407
233126238,274.02383,61.558056,9.55448
233125081,273.7438,60.416187,9.93268
219790193,264.76868,61.336674,7.2614
233056394,269.3216,60.03718,8.3956
233072057,270.8912,60.13163,6.8567
233077997,271.6319,60.731304,7.78497
233078267,271.47266,61.345627,8.7389
233078481,271.63644,61.776295,8.7576
233131091,274.2153,60.1397,8.5885
233131098,274.28867,60.130642,9.7167
219780764,264.07654,60.281265,9.5584
233161340,275.07648,61.134903,9.80931
219776180,263.49496,61.54117,8.2186
233071853,270.8386,60.601894,7.9866
233088106,272.2959,60.176685,9.8225
233120536,273.4013,61.95101,8.6037
233087860,272.20395,60.67819,9.9469
219772714,263.23245,60.143414,9.46491
233057038,269.62048,61.232506,9.9211
233087920,272.2963,60.547028,9.8905
233093503,272.8509,60.108,9.6816
219794038,265.10715,60.14225,9.2637
219803186,266.1116,60.573765,7.638
233072547,271.11884,60.694733,7.1891
459980655,256.02496,60.13161,9.1864
233067307,270.44763,60.884422,9.1953
459984042,256.3529,60.58449,7.10357
233067156,270.6798,60.577408,7.9988
233047055,268.49518,60.27083,8.84163
233067089,270.65018,60.449463,9.33972
233130164,274.28525,61.84458,9.8656
232611613,259.0204,60.7139,6.54452
233092812,272.86472,61.53127,9.8164
233088466,272.41138,60.391804,9.43108
233130137,274.21658,61.908436,9.5389
233055579,269.45212,61.904926,9.9755
459977394,255.58702,61.48967,9.721
219773017,263.16495,60.928436,9.72401
233130465,274.201,61.292217,9.22531
232611611,259.0255,60.712856,9.71051
219763442,262.63278,60.36118,9.5918
219777306,263.81464,61.340412,9.0985
233055967,269.29343,61.031197,8.3271
219789588,264.54016,60.010708,8.3282
219777482,263.74832,61.874554,4.5995
289590763,254.14339,60.399635,9.3147
233679255,260.20175,60.99408,9.74649
219776974,263.82382,60.456432,9.9403
198210315,248.09396,61.034336,9.8071
219794624,265.33356,61.605206,8.3612
198554264,237.49706,60.204674,8.003
219793621,265.09387,60.77413,7.592
219780306,263.89365,61.681564,8.16639
219777008,263.7723,60.549423,9.92939
232614978,259.16638,60.6466,7.3132
287087350,252.51706,60.429108,9.9951
287087749,252.60681,61.74934,9.24092
233093364,272.85187,60.373867,9.5214
233051536,268.9351,60.191788,9.60209
233093355,272.77982,60.40953,6.49823
287087576,252.54353,61.20498,9.67091
198187528,246.17471,60.132584,9.4585
198187775,246.15414,61.063274,8.8844
198239834,249.48546,60.007748,9.9028
198210171,247.99835,60.480343,7.03964
232614964,259.1225,60.670612,5.38288
219816679,267.67984,60.965187,8.069
233131992,274.37766,61.50231,9.6693
233130864,274.1845,60.493053,9.8821
198210258,248.107,60.823303,5.91267
198212539,248.33516,61.233734,7.6908
307984785,257.10745,61.31602,9.44167
219798620,265.71085,60.46814,9.60973
198187737,246.1367,60.92044,9.9174
219755088,261.6137,61.998295,8.65291
219429236,254.60287,61.886707,9.52094
219807735,266.6175,61.19646,9.8614
219807918,266.56284,61.660576,9.7113
233051098,268.7381,61.218174,9.711
219816583,267.6991,60.737114,9.8571
219793189,264.92627,61.999413,9.2074
233683700,260.85825,61.211517,8.8352
219790061,264.7003,60.96697,8.644
219811064,266.98538,61.50626,9.8962
219789715,264.76334,60.13375,9.8664
219807476,266.57224,60.50705,9.3044
459977401,255.49042,61.519135,8.5989
219794183,265.1728,60.474785,9.9517
219794415,265.23383,61.066372,8.0675
219790024,264.67776,60.870964,9.3031
219790091,264.8108,61.059223,8.2998
219786189,264.29166,61.70452,7.3832
233051206,268.89362,60.995193,9.0458
219794363,265.16937,60.938946,9.24371
219788862,264.42856,61.95383,7.86851
219790345,264.82968,61.70633,9.73834
219785910,264.30435,60.955177,8.26771
198537575,237.169,61.441906,5.29
233077177,271.27005,60.850895,9.2976
233076668,271.18008,61.895836,8.1189
198237165,248.95364,61.458748,9.6626
198187600,245.98807,60.347584,9.9821
232603771,258.00668,60.460438,9.11965
232604221,257.9177,61.809734,7.81802
232606786,258.21317,61.85375,8.22951
219429582,254.59929,60.67808,7.2024
158460618,203.41235,60.787365,7.3069
202506847,231.0748,60.5494,6.5764
289624036,254.40892,60.45558,9.0845
232614734,259.21295,61.34258,9.9483
459977134,255.4245,60.643356,9.2679
219803482,266.21747,61.39609,9.9108
219772992,263.19458,60.851074,9.1455
219815848,267.3411,60.93051,9.2564
166151646,216.21494,60.322784,8.0508
282926244,226.98863,60.692554,8.5945
198179213,244.66212,61.29084,8.068
232603762,257.88046,60.43225,9.1453
202468629,229.16563,61.83692,9.1945
198243131,249.90358,60.83869,9.9108
424731567,255.16096,61.023922,6.67679
307987417,257.51562,61.61512,8.95376
233678984,260.15927,61.779186,8.84774
219780519,263.9405,61.053368,8.9425
458483231,235.4239,60.73369,8.7144
289623842,254.206,61.09839,9.7397
289623844,254.35373,61.0974,9.3483
199523145,240.03911,61.606297,9.0988
198189757,246.20996,61.8681,8.3811
198190054,246.34848,60.660522,9.3349
198190111,246.19374,60.447773,9.4321
308021801,257.39374,60.241245,9.568
232603641,257.9216,60.083954,9.0513
233658025,259.5722,61.1348,8.0188
233658101,259.75842,60.922108,9.8105
233047080,268.5678,60.319843,9.5402
311070422,219.58643,61.683273,8.2206
307983815,257.05566,61.371323,9.9469
166179569,217.99707,60.464844,9.6644
458480813,233.37932,60.862427,9.1653
219786178,264.23233,61.682907,9.0624
219816291,267.73676,60.091934,9.7103
311070416,219.58026,61.6504,7.64682
159636340,221.14323,60.053745,6.6536
198239846,249.42734,60.038048,9.3862
198240135,249.54054,61.172325,5.40348
198240299,249.4758,61.731438,8.7512
424731682,255.32053,60.648754,5.31961
289582993,253.04524,61.665363,7.0624
289583086,253.15321,61.360462,8.8161
289583315,253.06139,60.464985,9.77267
307984288,256.85596,60.048813,8.3916
219751469,261.19992,61.423424,8.2285
232614589,259.09903,61.798824,9.319
219785890,264.2826,60.917133,9.67917
166179695,217.9309,61.08677,9.9271
100013549,173.7808,60.770042,9.6101
100013579,173.87968,61.01046,8.9336
158460550,203.24171,60.386654,9.5754
284184299,206.06255,61.216496,8.8176
467180492,198.00104,60.422073,9.6953
202354507,236.29057,60.71263,9.6034
233658983,259.98288,61.651093,7.2765
219755869,261.79285,60.18058,9.9031
157977455,206.70354,60.248558,8.811
166085802,214.6152,60.08455,8.4544
198537451,237.19836,61.901882,9.6368
198537927,236.9851,60.10422,8.9328
157977439,206.73982,60.16737,7.7675
157977521,206.85075,60.691025,7.6582
166090269,215.29236,61.64084,8.2743
166090295,215.26746,61.53139,8.5129
198557384,238.37457,60.79529,9.526
198557392,238.40218,60.83635,9.9743
198557529,238.3562,61.352085,9.2119
198242745,249.79073,60.469746,8.4231
158460533,203.44096,60.26201,6.1186
100013706,173.72299,61.87786,8.9796
202382823,209.96068,60.92328,7.289
202382858,209.96198,60.770157,8.3792
202382981,209.95123,60.021774,8.9179
467180567,197.96277,60.02893,8.9073
341571306,201.73732,61.22336,8.9332
202503535,230.03632,60.35669,8.3299
202354589,236.47308,60.299248,9.3225
459981005,256.03964,61.184116,7.0064
166086179,214.49347,61.829044,9.2664
289623592,254.39218,61.948784,9.043
459976751,254.97087,60.587265,8.9448
219751350,261.064,61.82996,8.4463
219786184,264.18817,61.689915,9.43034
219759825,262.3413,60.612053,9.0959
219798961,265.66275,61.327312,8.3786
459981026,256.06042,61.245045,8.8496
198205467,246.76054,60.93762,9.8524
232615725,259.48352,61.386982,9.8834
219811092,266.94125,61.449654,8.6586
219794529,265.27173,61.36021,9.3285
233046376,268.37164,61.23733,9.79311
233046765,268.45853,60.334576,9.5548
166151662,216.11206,60.256893,8.6529
232615452,259.33264,60.57163,9.6249
166151356,216.3096,61.7266,8.6598
282926248,226.90607,60.667316,9.2367
459984361,256.44412,60.275196,9.42648
159628664,219.9798,60.444843,7.3453
424731749,255.16724,60.434525,9.183
198242678,249.76659,60.69966,7.88674
142396052,198.64072,60.748547,7.9915
335743775,224.03593,61.560184,9.3116
202421109,225.43518,60.016747,9.377
159636199,221.10887,60.77218,7.0901
202490231,229.89362,60.24666,7.93403
198280698,250.373,60.48614,9.749
334779601,247.49466,60.368916,9.3668
462615015,250.93929,60.831047,6.515
459976812,254.89778,60.399487,9.3226
459984696,256.5939,61.305103,7.9196
198312693,233.00778,60.26336,9.4336
198518054,236.89189,61.80562,9.3951
198517709,236.74173,60.425182,9.8084
233683616,260.90707,60.998547,6.09837
233046979,268.71933,60.09962,9.0128
202468948,229.16731,60.099323,6.1428
198517139,236.67282,61.83545,8.8349
198517950,236.77269,61.4279,9.4626
198554023,237.46869,61.33822,6.9665
198184610,245.5887,60.04299,6.749
334831567,250.67195,60.71897,9.3393
198209956,247.75066,60.164097,8.9227
219798223,265.39474,60.341057,7.5605
219803609,266.2946,61.76862,9.7915
233047024,268.61884,60.189518,9.7844
219790151,264.6651,61.237816,8.9053
284184793,206.38066,60.982647,9.34228
199524942,240.14944,61.661427,8.7467
356539147,153.17851,60.351555,9.1181
138506560,157.6633,61.96919,8.6764
157349284,182.71204,61.667564,9.3752
157349492,182.78462,60.20412,9.7937
142349193,195.12624,61.58573,9.7667
142349770,195.43736,61.414017,9.2543
166127571,215.7034,61.338493,8.1723
282924214,225.052,60.456535,9.8024
282940944,229.19443,60.17819,9.8547
356539194,153.16078,60.533432,8.0805
142276969,192.24568,61.42312,9.8165
356539534,153.17319,61.91077,8.8615
147686167,189.69463,60.978462,9.7079
147686175,189.7399,61.0289,6.2641
142277062,192.11766,60.8202,6.2159
166179259,217.76358,60.992023,9.7869
198163268,244.04883,60.889927,7.233
287139671,253.6568,60.07546,9.81952
287139773,253.50787,60.362274,5.8758
307984799,257.12006,61.36492,6.2767
142277058,192.28615,60.85919,9.7769
198184045,245.36983,61.902397,9.9487
166175318,216.9981,60.89211,8.9551
232615157,259.07413,60.157486,9.8357
219806941,266.4144,60.683716,9.0918
233065961,270.31268,61.731213,9.5215
142415090,200.05052,60.38604,7.3913
198239921,249.52147,60.34192,9.7241
198240225,249.5736,61.446278,8.7533
232614923,259.25034,60.778828,8.2249
219797865,265.47034,61.26889,8.9165
232614938,259.0947,60.72137,8.4667
198187049,245.72792,61.694633,7.9726
198190160,246.25572,60.3037,8.15415
199522589,239.7268,60.842068,8.8377
458483198,235.4741,60.607933,9.1108
198554152,237.47255,60.7649,9.5017
334779551,247.5786,60.18824,9.23801
459976684,254.94673,60.807117,8.71904
287139493,252.7894,60.3288,9.37425
233073151,271.1597,61.927967,9.74156
199522478,239.7245,61.459114,9.7607
199523033,239.99258,61.189117,9.9971
334779869,247.59679,61.343174,9.78094
459980063,255.86302,61.520885,9.83368
459980341,255.62642,60.611523,9.80505
198178524,244.2758,61.316223,9.4084
424731804,255.36514,60.257244,8.0113
219803252,266.22098,60.760532,9.1951
459984491,256.58987,60.63609,6.9572
219802774,265.92975,60.276512,8.462
233051977,269.0574,60.72257,8.6279
282924120,224.93333,60.00104,9.9038
310097689,230.42058,60.37136,8.9319
198158346,242.89642,61.199383,7.6726
459984825,256.42267,61.67064,9.9729
159636125,221.01468,61.10149,8.8092
159636127,221.01482,61.09827,6.4512
166179517,217.92838,60.225636,6.02226
311070085,219.70016,60.037697,8.5059
311070210,219.72932,60.71716,7.99372
458480469,233.1609,60.54971,8.58335
458480708,233.53127,60.324883,8.52371
198181552,244.79277,60.304886,8.56897
289572269,252.11763,61.95766,9.87476
307983881,257.0314,61.15962,6.23508
219785789,264.3041,60.633244,8.60904
233051318,268.91037,60.68394,9.01005
310097688,230.5045,60.367046,9.1237
282921654,223.4273,61.67316,8.56406
289570068,251.81245,61.668518,8.7439
287139051,252.84953,61.734207,8.5773
289583014,252.97089,61.59748,8.8266
289583305,252.98126,60.49808,6.2699
307983724,256.93,61.65459,8.87385
159628733,220.2015,60.07787,9.32278
462615002,250.79626,60.864353,9.58317
417916734,181.80913,60.39062,9.6576
313274615,205.40802,60.255856,9.8516
166177091,217.17775,61.323994,9.1655
166177414,217.3133,60.24138,8.8933
335721422,223.30322,60.697586,8.4879
459981057,255.90884,61.320305,9.4536
100011651,173.26419,60.631794,8.04989
198213114,248.45317,60.961357,9.8987
459976658,255.05548,60.851353,8.11
99919626,169.28662,60.20627,8.8688
147713406,189.9849,60.080013,9.9893
202381065,209.55371,60.27599,9.9756
202381172,209.74944,60.95936,8.3877
202444554,228.22897,60.287865,9.0703
335769442,224.68358,60.43217,9.6372
202427352,226.67575,61.497776,9.4906
198239278,249.24722,61.880848,9.3233
232610719,258.72726,61.790833,9.7133
147641744,184.76474,60.723072,9.0689
298093006,204.94942,60.690968,9.8288
355896958,201.17694,61.37531,8.9809
202444989,228.28368,61.73325,9.4912
202351571,234.96901,61.72992,9.5355
99919227,169.16292,61.9796,8.8386
99919259,169.07794,61.80283,8.4725
147673469,188.04918,61.213913,7.7121
166054590,213.04745,60.017708,7.9699
202381077,209.70537,60.363422,9.5365
335769250,224.81958,61.094044,7.3857
202510082,231.87451,61.790462,9.7759
202427479,226.6028,60.804882,9.9811
289589603,253.27727,61.916004,9.5359
147641792,184.79968,60.448677,9.8172
147641815,184.59618,60.35614,6.8653
138558958,174.44264,61.15009,8.9104
298093008,204.98363,60.706467,9.2586
202510300,231.96426,60.67022,4.51637
307955552,256.80316,61.105785,7.7205
459980679,256.09082,60.19025,9.6441
99899105,167.29268,61.355038,9.8028
229549096,183.16154,61.8906,8.9407
99899133,167.324,61.05163,9.3574
99899356,167.35869,60.177223,9.1567
138576556,175.03845,60.463104,8.9641
198557182,238.24971,60.114418,8.3134
99899503,167.46819,60.78264,6.88457
99899271,167.2987,60.212948,7.6297
417920626,185.90083,60.903088,6.90942
417920762,185.95465,60.100986,7.3896
138576857,175.27487,60.84252,6.2141
202351609,234.99448,61.54937,7.8775
199571929,241.20409,60.04472,6.4323
198208345,247.27628,60.640022,7.7739
232611919,258.92267,61.625004,9.39827
157977344,206.44174,60.288822,8.97306
166085811,214.60849,60.10324,9.66309
198537750,237.01314,60.73718,9.64138
198208038,247.37032,61.927853,9.2535
1201208237,245.99963,61.51313,7.9876
356659259,232.16359,61.726654,6.8011
147643683,185.11386,61.30964,4.9519
308021840,257.43683,60.119473,9.6069
202506697,231.09229,61.296223,8.4614
219738388,241.67215,61.982708,8.9089
219738719,241.61801,60.661243,9.9588
287080681,243.30602,61.4155,9.4778
198158326,242.86249,61.274685,9.4937
157328661,180.99484,61.40361,6.8865
219738721,241.681,60.65939,8.3767
198206136,247.1443,61.47426,9.8132
232615002,259.2115,60.579147,9.8266
159570332,207.53233,60.520336,7.9973
199524869,240.17976,61.954914,8.88526
233051005,268.92914,61.395943,7.21626
166175332,216.89299,60.9509,9.242
232977898,218.13748,61.438255,8.6475
198517856,236.8638,61.022747,8.0813
159631046,220.52701,60.946877,9.63716
335681361,222.5156,60.6601,8.3572
335681585,222.42337,61.827633,8.61949
198517506,236.5169,60.304855,8.87981
199572353,241.40317,61.58668,9.2169
198184679,245.64845,60.286743,9.97935
289569083,251.70909,61.868668,9.66398
233046429,268.29953,61.122524,9.8184
198187877,245.99786,61.514214,2.2733
198187937,245.94647,61.69646,5.2446
198236604,248.75298,60.468117,4.5134
198178505,244.3812,61.368553,7.7293
233051460,268.82584,60.34875,9.543
310097754,230.62447,60.729668,9.39119
310097926,230.51913,61.545094,9.197
142276979,192.2047,61.378384,6.7685
356539324,153.19745,61.08898,7.8199
142349314,195.1061,60.904884,9.4904
166179291,217.69478,60.776188,8.403
166179377,217.77489,60.398132,7.8529
198163183,244.22134,60.53491,7.563
282924402,224.96387,61.324562,9.6541
142277018,192.31087,61.14742,9.74713
142300756,192.50606,60.945892,9.72176
166065870,213.5612,60.767124,9.46673
282940614,229.2958,61.87654,9.2144
282940940,229.27618,60.218136,8.3758
198176418,244.10121,61.408276,9.8709
307984979,257.19067,61.91931,9.716
142277151,192.16437,60.319733,5.351
166090806,215.62048,60.965706,6.8815
158446250,202.63832,60.510082,9.16237
202503855,230.17957,61.287273,8.99266
202423001,225.61682,61.474495,8.87535
198242676,249.76697,60.701946,9.14165
232604271,257.91324,61.98972,9.5283
202421159,225.36292,60.20441,5.84695
202423038,225.78198,61.280975,8.943
202489858,229.49477,61.370975,9.8226
198317518,234.39894,60.482143,9.86903
166174925,216.65704,61.088665,7.9819
166177028,217.289,61.672188,9.9827
459976473,255.07494,61.487976,9.7597
100011351,173.08633,61.0825,5.2094
289511011,200.30003,61.084805,7.7933
219739288,242.04176,61.633293,9.5036
198213063,248.59338,60.730175,8.9386
289511166,200.21143,60.25273,7.75939
166177333,217.09784,60.041237,8.52767
289510965,200.12335,61.39933,8.08557
335721183,223.14929,61.67098,9.6686
159586282,208.82845,60.88585,9.87481
142414935,200.04787,61.22816,9.1228
310097996,230.41684,61.923866,8.84777
147628404,184.7271,60.94344,9.80679
232610674,258.63522,61.901356,9.97558
207384200,207.20557,60.86507,9.7925
334779420,246.56934,60.207455,9.81744
335721463,223.26132,60.512863,9.4648
199525440,240.4961,60.48258,9.01046
202442062,227.5798,60.694893,8.4984
229553174,238.41988,61.68651,8.8477
198184659,245.53976,60.23282,8.0925
287140025,253.65326,61.226925,8.54344
287139678,253.66467,60.091373,9.768
198184639,245.5827,60.13656,9.2358
287139830,253.56169,60.564228,9.0993
310980502,190.52718,61.669415,9.3048
459225546,203.76414,61.15084,7.985
202441897,227.52702,61.48668,9.9111
159546925,191.40425,61.88185,7.5334
462615658,251.06337,61.1713,7.9731
138545048,174.02422,60.322876,9.7075
148838053,162.73112,61.96649,9.869
148838242,162.88316,60.841827,9.3542
147643879,185.13976,60.20681,9.7966
138545228,174.29901,60.52691,9.9542
282856491,222.30417,60.708885,9.7775
198181234,244.93312,61.537647,8.4599
198517147,236.57086,61.775166,9.747
287087262,252.59647,60.07672,8.45986
99919462,169.12776,60.593826,9.2944
157331103,181.8994,60.04206,9.3395
166054627,213.18347,60.154465,9.07655
142394241,198.25383,60.31045,9.7801
142394400,198.27975,61.01275,9.52166
166074732,213.90515,60.23493,9.05438
202427306,226.75381,61.72837,9.6009
147673430,188.05377,61.46506,9.9837
198239578,249.16086,60.77926,9.49345
335769138,224.66391,61.666904,7.1655
202504981,230.86388,61.585205,7.2303
99905408,168.83096,60.76747,7.38403
147685856,189.57317,60.65191,8.7649
147686141,189.8944,60.884697,6.13408
459223686,202.18765,60.178524,8.3953
142386423,197.49376,61.778503,8.7759
198181431,244.85806,60.803055,8.0401
289569774,251.93474,60.44023,8.8928
289623738,254.20296,61.475117,6.396
289623768,254.28989,61.399876,9.13969
158436320,202.30258,61.733295,9.6534
147672507,187.14987,60.747955,9.8986
99905422,168.82979,60.881153,9.8301
445837055,187.93253,61.06485,9.7476
147685967,189.57147,60.01217,8.4785
142395920,198.52963,61.440746,9.8041
198181161,244.91896,61.79388,9.8251
198181279,244.84143,61.360027,9.9526
417868587,170.45218,61.815483,9.1745
100013533,173.7106,60.697163,8.64144
138559455,174.63632,61.281807,7.98448
158460559,203.41434,60.47944,9.4404
202382844,209.82811,60.803852,9.0829
284184534,205.96765,60.145535,7.04832
284184762,206.37207,60.813705,9.38976
166090343,215.20514,61.257725,9.84694
202503530,230.02116,60.380314,7.33899
219739093,241.92278,60.778355,8.97546
202354641,236.24533,60.049133,8.8486
198189922,246.23479,61.21976,9.3184
289569615,251.7189,60.025417,9.6827
289569715,251.90189,60.211746,9.20759
232603104,257.66663,61.30729,9.7054
341545582,201.632,61.867416,7.84241
284184871,206.1545,61.41276,9.5827
99905188,168.6535,60.6769,9.71075
219739014,241.84781,60.443653,9.7549
157319480,179.9611,60.158684,7.6723
355834117,153.44876,60.314396,9.3707
284203716,208.59111,60.80095,8.5523
142372770,195.53728,60.436977,6.9739
458480318,233.14485,61.342262,9.5451
458480503,233.18535,60.4099,9.2209
198162989,243.94785,60.116688,9.1716
198538316,237.35179,61.510933,9.473
462615586,251.11397,60.921383,9.9011
198205657,246.68579,60.153458,9.5689
289580357,252.4338,60.35314,8.35836
99867019,166.39674,60.3967,9.2875
284203772,208.77473,60.545406,8.8979
157331164,182.03839,60.498127,9.3935
284203588,208.80096,61.34531,9.3742
99936314,169.86201,60.96583,9.5232
311070321,219.601,61.18568,8.3146
316420345,221.4281,60.201584,9.9379
335719464,223.0914,61.677246,9.5444
236713153,238.93791,60.553555,9.0615
199548781,240.67755,60.046486,8.6323
99919640,169.36229,60.271786,5.78987
232980233,218.86076,60.82056,8.81519
232980350,218.92578,61.543034,9.1849
142302526,192.70721,60.57906,9.8036
142302355,192.66292,61.496647,9.92219
287179392,149.50882,60.2732,8.3934
166074490,213.68613,61.365448,9.1357
229548881,183.26164,60.409878,8.41296
229549056,183.18263,61.55597,9.42385
417920514,185.88588,61.461586,9.3539
138560998,174.9075,61.81127,9.6688
142398431,199.35347,61.87965,9.45482
166074767,213.9148,60.07767,9.40359
142413090,199.47859,61.043835,9.17561
199571931,241.14606,60.04144,9.2407
199572361,241.54053,61.625465,8.4176
424731850,255.3252,60.11676,8.88045
289510857,200.15068,61.973663,9.5371
99899620,167.47336,61.4516,9.75946
142413030,199.58101,61.3865,9.9639
199572282,241.53293,61.3047,9.5761
142385046,197.22092,61.27565,8.78997
147671447,185.584,61.471687,7.5725
198160324,243.73782,60.66977,7.0635
166128290,215.93083,61.93707,7.8354
166127560,215.85184,61.38216,8.29809
310980626,190.51794,60.8836,8.7631
157328552,181.00029,60.7524,9.57456
166127722,215.69089,60.6003,9.25693
166128184,215.92996,61.466106,8.6079
219738659,241.74527,60.863693,9.8248
199549000,240.88583,60.748188,9.10387
310782841,156.7511,60.845497,8.9332
199549146,240.88731,61.462215,9.24885
459968655,254.76556,61.147243,8.54411
459242436,204.05634,61.19521,9.1497
355917234,201.31163,61.418114,9.886
219738526,241.67729,61.396526,9.5567
355834182,153.4643,60.604458,7.45736
166177486,217.5265,60.64504,9.7658
202467800,228.55367,60.527306,9.7993
166177078,217.28743,61.382927,9.89
417848900,152.19576,60.185925,8.4774
138542766,158.81831,60.335896,9.3001
356490534,150.5475,60.962296,8.74987
149912871,159.86838,61.817333,9.41875
158436081,202.49516,60.35342,7.187
158436333,202.37263,61.818615,7.7538
166151932,216.46297,60.751114,7.39
159613315,219.81078,61.344524,9.8052
166085878,214.62627,60.462708,8.5273
166085618,214.39433,60.75893,9.0052
166086203,214.46706,61.91583,9.9304
166152002,216.36642,61.05891,9.5116
159527362,190.98616,61.093193,6.3435
159613447,219.82016,61.931274,9.78419
198315590,234.14436,61.717346,9.89232
138504704,157.40672,60.049736,8.1513
99903544,168.34851,60.503803,7.7189
157330095,181.32503,60.6133,9.9998
202380781,209.49852,61.28844,7.61262
159631371,220.71089,60.529995,8.0294
198236492,248.77898,60.920746,8.982
198280705,250.51659,60.522655,9.915
148838634,163.12106,61.666008,9.8415
148838661,163.02115,61.82603,9.8292
99833814,164.97461,61.54297,9.5366
287081069,243.34988,60.246567,9.694
198237255,248.89955,61.84683,7.8731
99817388,163.93143,60.469368,8.2404
159546454,191.28491,60.70225,9.6156
159546494,191.15356,60.486862,8.0972
142322265,194.6283,61.71697,5.9578
198158618,243.00185,60.24963,9.7695
198317654,234.69225,60.011017,7.8771
334651156,235.60297,61.218002,9.0533
148839926,163.30193,61.4455,9.7876
417931217,186.3742,60.78748,9.3958
159546455,191.14346,60.701122,9.1166
159546470,191.18234,60.614418,9.7187
166013497,212.26569,61.081345,8.6813
198317320,234.46086,61.463844,9.3159
99970677,171.25877,61.724197,8.6331
99971936,171.64279,61.391415,8.0397
142320814,194.41536,61.95273,9.0909
147626595,184.52367,60.300606,9.8948
166054459,212.75157,60.407486,6.429
202506879,230.94615,60.38969,9.7997
166177270,217.24167,60.38641,7.43339
202490032,229.53606,60.55592,8.9495
99817599,163.943,60.727364,9.9583
198159071,243.07634,61.34227,9.4154
99841034,165.40814,60.126457,8.0499
232978369,218.30663,61.247547,9.3746
232979769,218.60957,61.84987,9.7461
287081117,243.2996,60.09056,9.082
458482637,235.15863,61.959515,8.4226
198312978,233.5965,60.92167,8.8732
138545413,174.36975,61.51004,8.749
358767224,209.27296,60.79473,8.5244
341571613,219.4739,60.20491,9.4316
341571789,219.27101,60.996765,9.0249
198314780,233.99994,61.84313,9.8219
147641905,184.8214,60.05084,9.83264
356490753,150.5662,61.964443,8.7706
149911679,159.3937,60.128727,9.5172
356501144,150.81502,60.921688,8.0273
356501156,150.83112,60.868107,9.4571
356501225,150.603,60.561756,8.363
149916496,160.49425,60.031887,8.4573
99901564,167.84688,60.766014,9.4396
99901630,168.06813,61.130333,7.4875
198162960,243.83127,60.23496,8.13813
199548701,240.74017,60.455963,7.7186
198236954,248.96004,60.589905,9.4152
138661515,179.58553,61.464558,5.82568
356500986,150.6973,61.74741,9.8767
356501138,150.74413,60.942547,9.6164
149916214,160.19635,61.53337,9.8036
149916415,160.28386,60.386597,9.0026
99825067,164.46855,61.086666,9.8307
99901492,168.03902,60.419876,8.548
99901640,167.89592,61.177135,9.1864
138652093,179.0608,61.018055,8.3586
373675717,188.66429,61.54104,9.5127
159546913,191.47188,61.794823,8.8147
467180316,198.03766,61.414616,9.6081
142413011,199.61081,61.462093,9.5772
142413589,199.74028,61.88458,8.2304
459223369,201.93457,61.51085,9.3226
199548512,240.69833,61.27527,9.0141
159570515,207.43967,61.489307,5.12992
142320454,194.45712,60.10372,9.3082
202509110,231.46494,60.877247,9.4698
202425410,226.25336,60.292816,9.8555
202428458,227.24112,61.741333,7.3947
202439623,227.2416,60.796307,6.9051
202439699,227.25227,60.441566,9.8997
202439753,227.19655,60.18575,8.2203
357388376,231.83057,61.808228,8.4697
198280716,250.33481,60.58419,9.9803
202428426,227.15164,61.97398,9.7409
100009811,172.90015,60.854836,9.7817
100011303,172.94876,61.406197,9.1787
142318389,194.02371,60.618317,9.8635
142318570,193.86525,61.69849,9.2505
159570595,207.51395,61.90867,8.07
356659534,232.19609,60.50684,9.6625
357388197,231.66031,60.97352,8.8274
311114122,232.46533,61.713734,9.9161
148838140,162.91042,61.49971,9.11977
355896025,190.69907,61.99669,9.5631
202385199,210.57043,60.948627,9.67469
199571890,241.24759,60.245277,8.64981
148838106,162.81438,61.71591,9.7456
287186490,150.15602,61.314514,7.9858
99833251,164.71008,61.715668,7.3742
99833662,165.01292,60.556034,9.1789
142382935,196.71492,60.154873,7.3384
232981853,219.0211,61.229164,8.36514
198185007,245.55635,61.60163,8.3009
149927590,161.82611,61.59434,8.2069
417851261,161.12845,60.45952,9.6968
202425393,226.0771,60.384586,9.05243
166065621,213.4206,60.058258,9.0214
166065965,213.49141,61.174793,8.8139
142382779,196.5179,60.563717,9.3217
166074578,213.75465,60.961662,9.9766
232981761,219.12639,61.79535,9.5571
159634217,220.93365,61.31141,9.7129
99833517,164.76291,60.14559,9.45416
149911942,159.54047,61.77393,9.5599
142307246,193.20178,61.925777,8.86191
142385041,197.29799,61.2553,9.47644
157335286,182.44337,60.938335,9.73086
147686306,189.76027,61.899467,9.96204
202444841,228.33226,60.931736,8.5328
198176425,244.05247,61.4372,9.6366
355866630,153.67358,60.626064,8.298
355866739,153.57237,61.126087,9.4644
149916148,160.30072,61.90846,8.2701
417868463,170.29424,61.216503,9.8997
417868471,170.45804,61.258934,8.5209
202444730,228.39207,60.405647,9.6026
202444813,228.25223,60.78921,8.3963
99919617,169.51929,60.18095,9.43434
417918834,183.9903,60.378857,9.425
147680786,188.95235,61.55092,9.4008
316420315,221.65344,60.33889,9.3722
335721272,223.2342,61.296875,9.0042
199549116,240.86829,61.343445,8.4009
199549199,240.89572,61.720303,8.02303
198162816,243.81255,60.769756,9.18281
99936028,169.60959,60.597065,8.8932
417918861,183.89285,60.482872,9.7412
138542485,158.75002,61.76227,7.9621
355895910,190.7672,61.155422,5.30786
355827146,151.78563,61.419746,9.2353
355827244,151.8087,60.91987,5.6092
417931033,186.4829,61.639675,8.4118
138581072,176.14879,60.87023,9.9135
157328623,181.13121,61.193085,8.3465
310782584,156.54788,60.64089,9.7486
355827239,151.70354,60.927597,7.6615
138580742,176.00046,60.74852,8.8642
99972287,171.91554,60.740864,9.0273
157328222,180.86131,61.069347,9.7933
157328271,180.7206,60.79779,9.0924
100013142,173.45644,61.494537,9.7517
355917595,205.85287,60.48158,9.8851
355917847,205.67398,61.968452,9.2903
157328084,180.70729,61.940277,9.68968
198315173,233.83351,60.08699,7.3712
459225712,203.84938,60.237225,9.2646
229553363,238.63187,60.800858,9.2982
236712665,238.6819,61.52763,8.989
287140180,253.51309,61.646576,7.5862
202427288,226.68488,61.821613,8.4861
287139950,253.61111,60.97121,9.40774
202441944,227.67152,61.26878,9.9163
198210299,247.9511,60.980515,9.47829
356501659,152.36882,61.13501,8.57766
147624685,183.52855,60.449642,7.1721
287256020,155.16444,61.373665,8.8051
202442477,227.81499,61.210243,8.9915
202442573,227.83102,61.59697,9.2745
202442615,227.95984,61.85702,7.6695
202442617,227.95874,61.861454,8.1997
166054445,212.9293,60.473976,7.6548
99970428,171.22618,60.144623,9.4733
166065286,213.39828,61.72695,8.43574
166054345,212.94225,60.930622,9.7097
159585204,207.86443,60.667496,9.2255
99905626,168.96416,61.957726,9.87803
142387023,197.73119,61.744778,8.9754
99905416,168.94827,60.85129,8.97672
445836949,187.86548,60.36618,9.49006
147686041,189.84901,60.33653,9.65309
142386821,197.80185,60.68112,9.67535
335745814,224.1602,60.72878,9.4122
289623695,254.28812,61.596943,8.62579
445837101,187.77283,61.272427,9.8384
311114027,232.3999,61.378334,9.80064
159613398,219.84584,61.654404,9.5845
158436232,202.44229,61.251587,8.36485
198213332,248.4336,61.718307,9.2872
142300822,192.39027,61.35552,9.2291
202381210,209.63159,61.194096,9.2197
157977181,206.6167,61.290127,9.5987
142398351,199.21017,61.28179,9.2261
159613297,219.82677,61.273624,9.43926
198317369,234.40146,61.221024,9.2652
198317327,234.52374,61.42041,7.6078
287179378,149.48657,60.362103,8.2095
287270626,155.60277,61.3989,7.7701
148839995,163.42064,60.899178,9.1428
202423311,225.86137,60.025578,5.4828
149918254,160.60718,60.328617,9.9763
148840081,163.38255,60.430454,9.9786
138558874,174.57655,61.631462,7.9962
138559114,174.59433,60.240776,9.5531
282856404,222.375,60.22684,9.5736
287269991,155.2972,61.860867,9.7038
202509187,231.48389,60.52993,9.5294
149918438,160.8845,60.778,9.9696
147642057,185.02266,60.944744,9.7664
166087810,214.65662,61.95901,7.44953
142381026,196.31296,60.86052,7.3258
311068438,204.91791,61.936176,8.4669
311068627,204.73389,61.105698,8.333
166151921,216.3841,60.707596,9.6648
149912627,159.93417,60.22337,9.9265
341571487,201.72894,60.32651,8.9253
166175059,216.61739,60.470608,9.4367
199572202,241.47356,60.93019,9.9383
199572340,241.53525,61.545506,9.2077
355868825,157.00903,60.096268,9.6566
142380758,196.12445,60.511642,9.9912
159527171,190.88864,60.01464,8.6054
142381023,196.31587,60.834072,9.3136
147673716,188.33652,60.281567,9.1356
355866849,153.5197,61.711815,9.51924
417868347,170.33669,60.588024,8.38021
147673553,188.17595,60.78515,8.95191
147673763,188.27727,60.612663,9.97753
147673824,188.35066,61.011875,9.9047
158446284,202.64427,60.34022,9.19395
158436286,202.27046,61.572067,9.85248
287186102,149.90454,60.646587,8.77126
138650281,178.58037,61.04067,8.1866
138661202,179.45403,60.46151,6.4418
356583094,154.50299,60.812527,7.9826
99825182,164.49179,61.76618,9.1962
99842843,165.66064,60.667282,9.01
142318345,194.01755,60.36944,9.0419
198313215,233.79645,61.979156,9.2873
458482666,235.1372,61.880756,7.8888
99842694,165.84106,61.654266,6.635
356541277,153.76701,61.953453,9.1172
356541512,153.99008,60.836655,9.8567
356541562,153.89566,60.607117,9.643
99955464,170.93056,61.38244,8.0855
166085432,214.34293,61.60601,9.2468
166128228,215.91084,61.681995,9.6104
166175449,217.01198,61.544052,9.6682
99842931,165.72981,60.14741,8.68193
358767231,209.0748,60.825783,8.90849
166074990,213.95457,60.80651,9.53738
282921934,223.57242,60.090626,8.93339
219741352,242.06587,60.622997,9.6095
458482774,235.13316,61.228527,9.9687
148838460,163.02829,60.394196,9.1802
147626500,184.08003,60.093685,9.7259
355829498,152.94011,61.774944,9.4666
147624667,183.58113,60.375896,9.25072
138661116,179.28482,60.98824,9.9692
99905293,169.01863,60.027515,8.0963
99905390,168.94598,60.64139,8.2949
147671692,185.70674,60.104733,6.5015
159548997,192.06139,61.849426,7.8587
138504392,157.31271,61.393284,8.4414
99901396,167.61676,60.051624,9.3728
157319195,179.85196,61.633984,8.6038
157319277,179.78499,61.175407,9.1378
157319437,179.7255,60.024303,8.767
459223850,202.16696,61.047405,9.3321
202383109,210.13936,60.581005,9.9888
147713557,190.2158,60.81471,8.2701
289522461,200.58162,60.57864,9.6293
202425259,226.1067,61.06364,9.3538
357388128,231.79843,60.743076,9.6798
202380743,209.38358,61.492863,5.5363
138505004,157.5133,61.81151,9.27755
159630982,220.51353,61.261913,5.9028
159631183,220.63164,60.230976,7.77659
166179214,217.78351,61.19519,9.00388
458482875,235.05347,60.783363,9.5459
198236323,248.62901,61.55896,9.0094
147560740,163.66576,61.44487,9.9715
198236663,248.79214,60.22827,9.8279
311113922,232.40257,60.88292,9.66607
334651717,235.75316,61.464935,9.73912
159630945,220.62228,61.424072,9.96408
99989598,172.26901,61.778366,5.4405
289580285,252.31621,60.136307,7.6588
158436030,202.46748,60.05747,9.202
99866631,166.32953,61.82182,9.3404
99989225,172.12575,60.54658,9.2283
284203806,208.65741,60.367252,9.28057
198538313,237.26802,61.479267,9.54988
289580807,252.31815,61.94166,9.66365
138634550,178.23888,60.34979,9.958
99989389,172.21419,60.452282,9.34818
417931249,186.2714,60.697357,6.8366
202503540,229.99843,60.339684,7.3379
99817233,163.79607,61.411453,9.0553
99817416,163.90956,60.274685,9.119
142322527,194.69064,60.293495,8.3284
198317876,234.77286,61.10251,9.3811
99817281,163.70958,61.153923,9.98311
287270535,155.44775,60.912834,6.6196
287286687,155.79402,61.612778,9.3165
287144226,148.86642,60.362812,9.1628
287186540,150.24072,61.60618,8.2309
417851133,159.58278,60.12454,6.3329
417920946,186.05905,60.832035,8.2078
166074503,213.75706,61.301117,8.5239
159631310,220.80426,60.242878,9.9538
198312841,233.75735,60.25486,8.07535
149927469,161.9138,60.887222,9.3179
417851017,159.6613,60.66505,9.9687
310782409,156.4233,61.63041,9.9684
99833418,164.68819,60.755028,9.8812
287179616,149.84041,60.926376,9.9431
287270117,155.25844,61.25541,9.9727
287165854,149.347,61.32142,9.6947
138540987,158.5079,61.834908,9.8734
287270301,155.21352,60.25039,9.6166
138507312,157.99413,61.75082,8.60991
138542999,158.93602,60.54972,9.66778
148836601,162.49167,60.0988,9.52585
417848699,151.559,60.53567,8.63421
417848756,151.51733,60.254944,7.6999
147644187,185.51822,61.591396,5.81
417848654,151.48912,60.791233,9.5879
356541808,154.0407,60.312435,8.778
356541782,154.00562,60.193672,9.2165
356541766,154.01294,60.150616,6.33862
148838355,162.79976,60.16883,8.28966
355827122,151.61664,61.52768,9.5918
310782621,156.57712,60.351795,9.2066
138634446,177.8353,60.040123,9.40252
99972371,171.90295,61.337982,9.528
99972423,171.75034,61.670456,9.13063
147681303,189.2181,61.50368,9.9783
99972458,171.88722,61.9506,9.5872
157328142,180.90205,61.60777,9.9635
158446423,202.93355,60.14143,9.9039
356538537,152.62291,61.88911,9.5246
149929403,162.4819,61.716717,8.5368
287179479,149.73917,60.081554,9.00047
148839973,163.22452,61.085194,8.86833
158436020,202.31302,60.001904,8.2828
142277291,192.5215,60.42983,9.279
149929226,162.41347,60.54584,9.4369
157321101,180.28098,60.118668,9.7058
148836700,162.55513,60.609077,7.1172
356538632,152.62364,61.471024,7.8755
356538792,152.60393,60.847572,8.9349
287286847,155.82617,60.721054,8.49496
356490390,150.5699,60.168884,7.1792
142317934,193.59984,61.909176,9.3767
99840888,165.18706,60.54972,9.7333
287286867,155.92224,60.634792,8.7678
149928905,162.06631,61.467632,9.983
142307837,193.49794,61.471825,9.58759
298092751,204.50024,60.644623,8.7197
99824598,164.3416,61.430294,8.41915
99824805,164.38063,60.110504,8.60197
99825222,164.56384,61.950478,7.90895
99901644,168.04248,61.204384,7.23625
202490444,229.82802,61.374943,6.8479
462615600,251.07315,60.97068,7.78926
149916502,160.37247,60.08595,9.9113
356501294,150.68242,60.2521,9.9296
148838510,163.14276,60.818733,9.6382
99903156,168.1748,61.5838,9.8406
142413401,199.61449,60.77313,9.6599
458481051,233.31184,61.895912,9.8717
142380551,196.10223,61.727,9.5763
445835055,187.28299,60.199467,9.7177
142307862,193.4864,61.660538,9.48499
356541363,153.98003,61.514423,9.59637
149919330,161.30916,60.691254,9.72457
149927334,161.87752,60.123924,7.04941
287165568,149.07997,60.276424,9.1884
356490739,150.47261,61.921093,9.1613
287287365,156.1258,61.90783,9.1147
356582582,154.34525,61.39624,9.8587
356582616,154.31987,61.249588,8.4041
356582481,154.47208,61.921494,9.949
287287229,156.08144,61.215145,9.1704
285093291,186.90396,61.15274,7.828
157319257,179.81317,61.33438,7.42538
316450119,221.9182,61.562695,8.02693
417931607,186.52434,61.259045,8.9989
99899553,167.45354,61.100605,8.8503
138504741,157.61026,60.276783,9.42481
459223887,202.21985,61.20751,9.90849
142384510,196.94713,61.850594,9.9928
316420631,221.76193,61.009632,9.76178
236712609,238.84946,61.77937,9.8107
355827667,152.04387,60.94576,8.33043
355827751,152.03568,61.401627,9.88992
138651817,178.80551,60.474392,9.4857
147626759,184.54872,61.34319,9.3584
202382955,209.99904,60.172337,9.17765
166052265,212.57011,61.435158,8.9882
202420836,225.15942,61.231148,9.3368
202383229,210.17181,61.25276,9.8496
202490291,229.69536,60.513332,9.8866
417848634,151.40733,60.872185,9.89811
138508928,158.35086,61.650936,9.02073
356538524,152.6807,61.957684,8.699
149928942,162.04675,61.235188,9.94528
99835191,165.27827,61.864944,9.04491
138652020,179.03664,60.67537,9.4259
138651994,179.18388,60.52215,8.123
147644168,185.36894,61.46861,8.71897
142380541,196.0338,61.75767,7.67754
99835336,165.19829,61.038265,8.4715
147644223,185.36726,61.74727,7.6198
138652016,179.05197,60.664833,9.86734
417848577,151.35205,61.175407,8.8797
1102432389,232.80405,62.900536,9.6339
1001414777,216.73991,62.508495,6.7224
900548175,172.73456,62.54335,7.9051
1551557658,270.06647,63.551437,6.11985
1102432390,232.80489,62.90051,9.3101
1201247742,243.03976,63.384075,8.2353
1980968952,301.39697,63.70528,8.6549
1980968953,301.39682,63.704765,8.7599
1718006824,285.82272,63.993305,9.1188
1400891911,260.02316,62.10681,8.6403
1551555826,271.8365,63.11198,9.7181
1201238607,247.72993,63.307564,9.7901
900541021,168.89833,62.146626,7.9459
900543061,168.83325,62.545086,8.7737
1884165202,295.15604,63.126057,9.6381
1717994249,289.22076,63.207825,7.7315
199522008,239.64156,63.938786,9.916
1883982841,299.77313,63.14334,9.3195
1717994248,289.22134,63.2074,6.8852
198159549,243.03976,63.384075,8.2353
202511019,232.80489,62.90051,9.3101
1883981740,299.78052,62.83129,8.4463
1884177697,299.14178,62.984047,9.7863
1884273515,299.95612,63.772423,7.00589
166003613,211.40901,62.481503,8.8
198209153,247.72993,63.307564,9.7901
166174662,216.73991,62.508495,6.7224
900580690,161.28583,62.717278,8.4601
99841657,165.43016,63.966114,9.127
100010178,172.73456,62.54335,7.9051
99817087,163.94548,62.399307,9.218
99905708,168.83325,62.545086,8.7737
99905651,168.89833,62.146626,7.9459
149919635,161.28583,62.717278,8.4601
233081396,271.8365,63.11198,9.7181
233678883,260.02316,62.10681,8.6403
233632419,285.00977,62.746506,7.295
230386284,285.82272,63.993305,9.1188
229961049,289.22134,63.2074,6.8852
230016097,291.5431,63.392807,8.772
229462659,295.14502,62.66484,6.857
229463010,295.15604,63.126057,9.6381
256618426,300.25125,62.896667,9.864
256460843,299.14178,62.984047,9.7863
256618226,300.20285,63.11639,9.384
256556892,299.78052,62.83129,8.4463
256556629,299.77313,63.14334,9.3195
256803415,301.39697,63.70528,8.6549
256563555,299.95612,63.772423,7.00589
256624079,300.3408,62.281677,8.146
233525897,280.09427,63.46353,8.909
229404898,292.69827,63.617836,8.885
471012002,270.06647,63.551437,6.11985
138589695,176.54695,62.01404,9.2538
138591451,176.60153,63.04356,8.3554
138591201,176.78271,62.2552,9.7887
138591736,176.58531,63.790665,9.0147
256373508,298.39542,63.189453,7.5038
256371690,298.49362,62.271164,9.76504
256373985,298.39685,63.4364,9.9506
256381933,298.7647,63.33065,7.85693
233711911,275.92703,62.439068,8.0191
233711539,275.9526,62.11235,8.0223
233717066,276.0893,63.183643,9.71457
233712251,275.85056,62.7801,7.80019
157335940,182.625,63.127953,9.38538
157332692,182.07907,63.886597,8.1119
289540793,251.70303,62.7991,8.1486
383672911,279.03647,63.883278,8.5038
289540476,251.72562,63.38601,6.0736
289540556,251.52844,63.20442,8.54008
237083744,307.49637,63.805576,9.6091
237083603,307.46396,63.945637,9.8353
352763507,308.75323,63.97958,9.4329
352763520,308.7316,63.971584,9.9503
352764091,308.74728,63.47532,8.593
352694072,308.20657,63.339626,9.4485
237069132,306.89526,63.537205,9.8451
467252757,307.6604,63.380405,8.6978
352758877,308.41046,63.457874,9.67837
352759212,308.30652,63.788235,8.64282
237046300,306.65,63.900795,9.2281
237001284,306.08664,63.125065,9.9982
237069730,307.02203,63.02984,9.9456
237000955,306.06152,63.447353,9.9851
236967033,304.87442,63.093475,8.245
237015156,306.4147,63.619194,9.2049
236987170,305.5834,62.884003,9.969
236958414,304.4748,63.055332,9.0997
236996487,305.79855,63.93727,8.62369
236995729,305.77628,63.233875,9.9727
237010743,306.34216,63.58965,9.7773
467291908,309.12045,63.40563,9.59578
237010658,306.30038,63.511177,9.21729
236966867,304.65808,62.95216,9.71461
256930683,302.113,62.904446,8.8696
256931301,302.08643,62.262085,9.3335
236898866,303.79633,63.068497,9.7176
237015809,306.3858,63.023186,9.9308
236972036,305.073,63.772625,9.4805
236958428,304.62302,63.044193,6.5869
236958122,304.59174,63.320297,9.6612
236958744,304.41388,62.770454,9.9972
236958727,304.53543,62.7835,9.6137
352759273,308.37936,63.847088,8.5364
236967842,304.71683,63.812683,9.5065
236967844,304.79465,63.8145,9.5308
236986674,305.44226,63.348022,9.0189
236986704,305.60294,63.317074,9.822
236905031,304.03726,62.48187,9.92512
237015148,306.35797,63.624783,9.3154
237015319,306.377,63.467537,8.88988
237069109,306.98328,63.558506,9.5421
236972798,304.94882,63.06862,9.9682
237068937,306.898,63.732094,8.5428
237069461,306.98322,63.24955,9.2107
467257404,307.87418,63.895786,8.29617
467257772,307.80246,63.499733,9.4021
236972632,305.04205,63.206253,8.56769
236972644,305.1141,63.184395,9.0453
467257796,307.81793,63.47838,9.7769
256976193,302.23663,62.076603,6.7224
256796553,301.18008,62.01025,9.0455
256750320,301.229,63.231285,9.7176
467257971,307.86148,63.30458,8.88915
256976342,302.2286,62.222965,9.9322
256976551,302.30798,62.422646,9.9714
256977031,302.40857,62.938908,8.0455
236933079,304.2492,63.97572,8.9649
256976364,302.3799,62.24382,9.13268
256976435,302.28342,62.314278,9.525
237078834,307.28427,63.23909,9.9331
236878342,303.0318,62.58497,8.9787
467268093,308.8966,63.46422,9.10474
467268407,308.98026,63.7289,9.52957
256750557,301.15726,62.973026,9.64221
236884960,303.2446,62.605183,9.9205
236886002,303.42493,63.636024,8.9884
236903943,303.95218,63.486233,9.1273
236878202,303.16653,62.700485,9.39108
256562134,299.8617,62.241573,9.9687
256563012,299.85858,63.144844,8.7338
256563584,299.9651,63.811195,8.9172
256660134,300.2847,62.515728,9.52184
256803475,301.30618,63.761806,9.09529
256624120,300.29016,62.319515,9.8512
256624190,300.30414,62.39178,5.6097
236981780,305.3395,63.431694,5.2784
236982345,305.298,63.980118,4.1797
256745349,301.00003,62.92374,7.7137
256745733,300.7643,63.31735,8.7952
256746162,300.9292,63.76955,8.9038
236904794,304.06705,62.70489,8.0949
256931531,301.99957,62.030933,9.4244
236865755,302.6068,62.16382,9.2953
236958828,304.59637,62.70225,8.7777
236864634,302.51068,63.201313,7.0645
256751110,301.1416,62.45873,9.6383
236864204,302.5237,63.64867,9.7664
236864779,302.67105,63.069103,9.5949
236981357,305.17923,63.060158,9.64036
467252619,307.73734,63.247677,7.44546
236872887,302.914,63.527416,7.7008
352693535,308.17316,63.851242,9.9485
236864275,302.53104,63.567783,8.44512
236898576,303.7532,62.799828,9.6079
256749691,301.1864,63.891674,9.0555
256749693,301.1855,63.890205,6.2692
467253326,307.6958,63.938095,9.86233
236981640,305.33466,63.30352,9.54884
236865152,302.63342,62.708576,8.77979
236904752,303.9694,62.737206,9.00718
236987038,305.49188,62.9933,9.83036
236899387,303.7913,63.520233,9.5804
256618709,300.2501,62.599106,9.73088
236967569,304.79886,63.550255,8.35964
256666099,300.65707,62.177654,8.6234
256796479,301.08646,62.068493,9.1997
256803073,301.3235,63.367294,8.7755
236885425,303.19437,63.04721,8.9951
256801792,301.3144,62.122505,9.33323
256513946,299.4588,62.14709,9.3971
256460788,299.1426,63.036324,8.7172
256460195,299.16516,63.78205,9.421
256556621,299.63318,63.14796,7.4939
256515522,299.42346,63.885098,9.8556
236871481,302.71606,62.190945,9.8753
236872086,302.7764,62.736504,8.991
236872702,302.74875,63.33009,9.765
256746227,300.82678,63.839397,7.3424
256745194,300.94724,62.769276,9.8878
256745899,300.845,63.500454,8.8419
256925744,301.80997,63.460114,7.1911
256925785,301.80557,63.505985,7.6241
256926157,301.8761,63.86454,9.9807
256750409,301.24496,63.130985,9.07683
256556707,299.73718,63.033146,6.5342
256744815,300.95175,62.40602,9.644
256619153,300.26514,62.12081,8.56829
256383270,298.79657,62.59801,7.70881
256508939,299.23904,62.515705,9.6234
256665874,300.6657,62.40849,8.9092
256509377,299.2601,62.058487,9.74861
256556306,299.6197,63.534115,6.1218
256456982,298.87872,63.792248,8.2086
256618497,300.1802,62.814693,9.8255
256930403,302.2199,63.179844,8.6845
256660538,300.30753,62.96301,9.3925
256750541,301.13513,62.98218,8.1834
236891168,303.49716,62.712086,9.8667
256866069,301.70786,62.34126,9.2889
256745630,300.77203,63.209003,8.2896
256745853,300.93832,63.448048,9.3552
256865677,301.55527,62.68652,8.2897
256865893,301.73502,62.492336,9.9124
256866036,301.59918,62.36879,9.507
256619090,300.06152,62.187057,9.7319
256618234,300.1378,63.107864,9.9498
256383997,298.66205,62.19645,9.2964
256384218,298.72147,62.06779,8.65769
256562496,299.8557,62.576984,9.3617
256563066,299.89578,63.204628,9.8397
256563599,299.96866,63.837498,9.924
256514668,299.31647,62.876793,7.17734
256514752,299.47485,62.96403,7.8361
256661063,300.44205,63.545208,9.2188
236890698,303.46603,63.171898,8.30021
256515149,299.48187,63.43993,9.11791
256557483,299.73502,62.162846,8.2866
256664835,300.6794,63.508377,8.9214
256661144,300.4172,63.65793,9.5487
256624047,300.46042,62.236816,9.50568
229501980,296.77582,62.916515,9.7553
268053409,298.07874,62.23509,9.087
268054509,297.97162,63.340733,9.2638
229507053,297.10062,62.31965,7.844
256864636,301.69272,63.70678,7.65995
256455572,298.9286,62.188995,9.2375
256513852,299.48373,62.038403,9.8844
268054159,297.87238,62.983578,9.8458
256455790,299.0128,62.40833,9.8316
256456149,298.8911,62.77504,8.9924
256460191,299.07892,63.784843,9.9684
256513981,299.3151,62.176414,8.4539
256557186,299.73566,62.488125,9.8896
256623973,300.41757,62.15312,6.89892
256865138,301.72238,63.204144,9.7544
256865279,301.55182,63.073566,6.4847
229492162,296.20206,63.112926,9.85291
256455446,298.9988,62.052994,8.68958
268053680,297.97363,62.502655,7.786
256455722,299.053,62.33135,9.5134
256456773,298.84128,63.52953,8.0832
377785731,298.314,62.202686,7.4054
256371741,298.54257,62.30078,9.6596
256456746,298.92795,63.49004,9.92156
377784343,298.2621,63.87246,7.84687
377784518,298.17233,63.64091,8.1698
377784749,298.1341,63.31981,9.1924
377785565,298.1182,62.384575,9.0583
229492984,296.17896,62.116714,9.6092
256381593,298.6281,63.538574,9.7308
229497381,296.55478,62.481377,9.43167
229507449,296.99225,62.780037,9.1148
236865636,302.6278,62.27096,9.46035
377785424,298.29373,62.54398,8.2136
377784436,298.21527,63.742107,9.94775
256381755,298.79068,63.452003,8.5173
256460047,299.29803,63.940742,9.8131
256556030,299.65884,63.87138,9.6425
256865620,301.56433,62.734657,8.06468
229498188,296.5244,63.508583,7.86776
229508304,296.94345,63.8604,7.3221
256661260,300.44638,63.789078,9.4692
229497404,296.537,62.5103,7.5659
256660246,300.43143,62.640408,9.3148
268053247,298.04257,62.07641,8.5545
256373245,298.3459,63.03637,7.8566
229507343,296.89645,62.655056,9.6778
229501164,296.8254,63.92271,8.2589
256323497,297.68265,63.341366,9.9269
229482822,295.83612,62.779903,7.6358
258392355,297.55386,63.28589,9.6142
258392379,297.4673,63.258926,9.6714
258392725,297.59567,62.85205,9.0858
256323402,297.73248,63.45816,8.83344
229502230,296.73248,62.63989,8.7472
256323002,297.76874,63.96813,9.19629
256323305,297.80298,63.57573,8.51745
256324377,297.80023,62.286617,9.68774
229473460,295.36777,62.47115,9.8791
229473543,295.2842,62.373432,8.2416
229478615,295.4833,63.18433,9.0832
229492769,296.31223,62.364082,7.7242
229487980,296.10236,62.916645,9.7189
229478071,295.4307,62.5348,9.321
229478109,295.66602,62.573135,9.9378
229478885,295.57242,63.51944,9.0799
229453016,294.41113,63.734512,8.2141
229502148,296.7171,62.741142,9.8101
229501613,296.87793,63.340652,9.4609
229453463,294.2741,63.064873,9.7751
229492211,296.2151,63.05382,9.8195
400407420,294.65912,63.482475,6.4742
400407473,294.53204,63.549294,9.1172
229497652,296.4693,62.823578,9.7392
229507962,296.96277,63.40471,9.6004
400406712,294.68997,62.63094,9.6689
229462544,295.1788,62.528587,9.406
229462143,294.94534,62.011253,9.286
229462498,295.16782,62.466557,9.39736
229473361,295.2004,62.59636,9.357
229487251,296.13773,62.00055,9.61613
400407394,294.6698,63.44707,8.80708
229457906,294.76416,62.840897,9.8932
229498417,296.54782,63.81339,9.0403
229487391,296.0988,62.189873,8.8694
229453707,294.42133,62.714085,9.52703
229473261,295.35806,62.71958,9.98809
229445326,293.87286,62.445995,8.6806
258392467,297.55182,63.172535,9.7878
258392844,297.46375,62.73225,8.87232
229506826,297.11554,62.044697,9.6359
229445141,293.7926,62.6593,6.96
229511748,297.35773,63.20386,5.40123
229506873,297.12256,62.096153,8.94627
229444493,293.9324,63.55722,9.7277
229473197,295.301,62.814415,8.80826
229487838,296.07565,62.732853,9.12969
256618547,300.21732,62.766262,8.508
256618224,300.20316,63.116615,9.4255
229449321,294.14233,62.347385,9.60014
229440452,293.58563,62.244,9.5354
229440484,293.53143,62.295036,9.3817
229441200,293.55646,63.17733,8.5631
258393199,297.4922,62.336945,9.4764
229412109,293.0426,62.087013,9.8709
229413264,293.1295,63.650314,8.7204
229412461,293.12622,62.526836,9.9151
258392991,297.44073,62.558674,5.7939
258393036,297.3647,62.510303,8.856
229452961,294.25195,63.830036,8.7802
229444549,293.7587,63.49087,7.5172
229444906,293.9442,63.030277,8.0693
229444957,293.85635,62.939808,8.2904
229412903,292.99957,63.126152,5.4179
229412873,293.22504,63.087616,8.6496
229413133,293.10233,63.473854,9.9867
229445659,293.92422,62.03587,7.4097
229444194,293.9404,63.994312,9.9739
229444776,293.78583,63.185165,9.4293
229444750,293.9069,63.221302,9.754
258393369,297.44543,62.151276,8.997
229511435,297.32962,63.586437,8.3335
229511779,297.26883,63.15653,9.3117
230025431,291.94653,63.00829,7.2124
229449955,294.16437,63.185764,9.6133
229449738,294.07175,62.90618,9.9312
229407877,292.8013,63.314587,7.44645
229404920,292.7247,63.655163,9.2373
229436190,293.268,63.112053,9.9548
229407874,292.78476,63.316532,8.4163
229404097,292.55356,62.458763,9.4514
229404546,292.63153,63.10308,9.6278
229408626,292.86334,62.28961,9.7528
400406202,294.53397,62.043564,9.9388
400407535,294.53198,63.636543,9.8184
229482394,295.79633,63.360794,8.2536
229441436,293.48123,63.489185,9.2022
230007938,291.02533,62.21227,8.5467
230008108,291.01254,62.006958,9.9251
230007648,290.90332,62.557537,9.3174
230008025,290.91116,62.121517,9.6584
229404236,292.6777,62.680653,9.09996
229404675,292.71887,63.294,9.78848
229407876,292.76727,63.314735,8.10588
400406938,294.45193,62.87936,9.85616
230006954,290.9236,63.478855,9.4786
230007753,290.99777,62.42964,9.82322
230007468,290.9266,62.80903,9.8324
229436921,293.3437,62.053158,8.0875
229441400,293.6931,63.43417,5.32072
229436791,293.265,62.243027,9.943
229440953,293.56378,62.827137,8.4052
229441545,293.601,63.650036,9.6656
229463661,294.9925,63.938583,7.5503
229450414,294.01514,63.850433,8.935
229463222,294.9522,63.35864,9.6601
229449680,294.18878,62.8185,8.9187
229440890,293.56067,62.759777,9.71179
229441691,293.50772,63.855423,9.7772
229960462,289.3365,62.371536,9.0597
229403836,292.56406,62.11362,8.6725
229961200,289.14206,63.434475,8.84616
229408233,292.76743,62.838356,9.8084
230050838,292.24686,62.745365,9.6665
230016096,291.54062,63.3932,9.7759
230016440,291.49274,62.897972,8.8496
230015816,291.52664,63.792847,9.7981
229407820,292.77805,63.418564,9.9142
230051462,292.12045,63.58706,8.97605
230021009,291.7292,62.426247,7.1017
229399317,292.4971,63.668316,8.3351
229969993,289.67096,63.921516,6.6096
229969436,289.68362,63.125042,9.9288
229969704,289.6569,63.492252,9.8174
230050350,292.1618,62.101772,8.5524
229435801,293.41827,63.667244,9.647
230050862,292.1931,62.78121,8.8622
230016100,291.33542,63.38979,8.5878
230015799,291.31613,63.82159,8.7533
230017075,291.4018,62.108444,9.8139
230016498,291.5263,62.82115,9.9274
230021105,291.6104,62.557163,5.15064
230003229,290.7633,62.605785,6.4683
229997943,290.37238,63.818336,9.3749
229998334,290.372,63.27,9.8817
229998705,290.44937,62.800804,7.1503
229999135,290.41467,62.185207,9.8297
229960744,289.33035,62.767357,9.836
230003046,290.73126,62.366573,9.917
229998709,290.53833,62.799232,9.7959
229998729,290.41418,62.769245,9.7293
229940579,288.02493,63.5311,8.9746
229940532,288.07617,63.59646,8.4138
229969744,289.83704,63.551373,9.60915
229968620,289.60724,62.043594,9.2214
230015700,291.33054,63.946552,9.26592
229941161,288.0496,62.591034,9.6101
230002974,290.72742,62.282944,9.40567
229997991,290.5328,63.756763,9.56724
229998470,290.47916,63.10152,8.4195
229998662,290.52344,62.848793,9.9988
229400344,292.4448,62.164284,9.55647
229956156,289.02094,63.393036,7.38817
229436523,293.44476,62.61294,6.70346
229937958,287.74307,63.61983,7.7862
229914874,287.56854,62.530117,8.0654
229462531,295.0436,62.512264,9.7538
229457280,294.92398,63.69933,9.78463
229457343,294.8527,63.60749,9.3547
229953506,288.74765,63.897972,9.0557
229977520,290.10303,62.2618,9.3123
230011793,291.29843,62.35658,9.28745
230051149,292.23257,63.189537,7.4853
230024912,291.84192,63.697117,8.2477
275693332,287.009,63.192924,8.6579
229400068,292.37576,62.56684,8.5308
229914694,287.62375,62.81866,9.2454
229973670,289.92355,62.318203,9.7612
230016748,291.39926,62.52362,9.8314
229911283,287.30176,62.725513,9.86773
229914817,287.58603,62.613117,8.21252
229911630,287.31332,63.31672,9.0001
229937944,287.86368,63.602657,9.4222
229911695,287.39987,63.414654,9.7354
230003563,290.78525,63.09074,9.6579
230016109,291.3471,63.37195,9.91378
230016910,291.49,62.319572,8.3786
229972875,289.90332,63.371964,9.4377
229914932,287.55075,62.458572,8.4109
229960482,289.29095,62.397552,9.8817
233622256,284.10617,62.643646,9.6701
233621879,284.10193,62.021267,9.9046
229949224,288.59012,62.023792,8.9847
229969898,289.83014,63.799915,8.3032
275693365,286.9662,63.25034,9.889
229978350,290.29337,63.333225,9.53143
275692938,287.039,62.477684,8.9747
230395791,286.65936,62.65231,9.345
230395848,286.61807,62.540478,9.0616
229956593,288.9704,62.6951,8.3971
100008712,172.47229,63.10386,9.5423
230385595,285.7901,62.66618,8.7097
229941504,287.99603,62.07944,9.12201
233542437,281.3231,63.805927,8.5515
230376136,285.00983,62.74778,8.60436
233618991,283.98532,62.425205,9.8049
230385855,285.75684,63.197674,8.9113
233625346,284.35175,63.1968,9.9835
233625325,284.31448,63.252083,9.7779
233538482,281.03497,62.98927,8.29089
229948968,288.43124,62.43549,9.6976
233542058,281.34525,63.056286,9.91295
233542195,281.13162,63.322086,9.89278
199571268,241.18819,63.143555,9.14126
233605432,283.0025,62.400146,8.71241
233604693,283.04208,63.802513,9.1005
233605283,282.842,62.654438,6.2468
233577882,282.35458,62.57163,9.5011
233604627,282.90924,63.907608,9.1604
230392563,286.27838,62.93964,9.6393
230392898,286.29413,63.54907,9.1556
233602302,282.65857,63.447258,9.3248
229948115,288.5883,63.79661,9.32024
229948733,288.52518,62.79457,8.23405
229949098,288.45395,62.2128,8.0693
229948027,288.5816,63.925064,9.563
229948921,288.58255,62.49911,9.2609
229949018,288.5376,62.34911,9.80996
230021334,291.58008,62.848103,9.7472
230382159,285.66647,63.107323,6.852
233568271,281.68015,63.265774,6.48108
233619021,283.97397,62.38328,7.3202
233544481,281.54874,63.739536,9.2178
233544565,281.46326,63.57372,8.9624
233628567,284.5519,62.028557,9.1851
230388367,285.99432,63.713078,9.2738
233629373,284.61023,63.433353,7.87847
230375601,285.20557,63.726894,8.8381
233544984,281.56088,62.775185,9.5932
233571087,281.9376,62.95899,8.54445
229940319,287.94275,63.958355,9.5493
229937671,287.82504,63.210133,7.4874
229941134,287.97794,62.633873,9.54856
229937032,287.80826,62.123783,9.2139
230388918,286.11624,62.742664,8.8196
233608973,283.14432,63.16421,8.8804
233609214,283.10846,63.627865,9.5899
230382197,285.52124,63.028725,8.1949
230385952,285.9016,63.362244,8.00592
230381949,285.5369,63.5332,7.2373
233611826,283.31775,63.19843,9.9623
233740254,277.9709,62.698257,9.9226
233577766,282.40765,62.81137,9.7822
233577307,282.38458,63.701733,8.5258
233629529,284.67096,63.721058,9.5719
275689272,286.86255,63.244087,9.1871
233625276,284.3627,63.339417,9.8287
230379839,285.32672,63.761105,8.7676
424438562,279.51334,63.823708,9.1037
233525801,280.13013,63.63478,9.6148
230379462,285.44342,63.00231,9.3898
230376462,285.08682,62.07054,7.9623
230379673,285.4481,63.440716,9.4216
230379704,285.2496,63.492207,8.3138
233608669,283.20486,62.61242,9.7204
229914764,287.4853,62.71182,9.98371
233608839,283.152,62.911636,8.71805
230386259,285.72855,63.948906,9.6746
229914311,287.63144,63.473537,9.933
229945294,288.3,63.200665,9.3138
233629643,284.69632,63.9153,9.8339
275689210,286.86618,63.36893,9.78938
230382377,285.62943,62.705498,5.98317
233612454,283.3672,62.088432,9.63818
233574334,282.24237,62.343433,8.9074
230396142,286.60486,62.096607,9.72009
229914354,287.56958,63.391727,8.93377
229945292,288.32245,63.198692,9.964
233629583,284.56555,63.816032,8.5896
230375613,285.1761,63.70672,8.4684
233531937,280.57056,63.828537,9.9966
383676258,279.1808,62.32982,9.4988
233535977,280.64664,63.239952,8.9525
230376233,285.1375,62.52673,9.6184
229937189,287.75006,62.39378,8.4666
229937864,287.73743,63.484997,8.9141
229972745,289.856,63.553825,8.8393
233632283,284.8924,63.01421,8.04736
233622302,284.07596,62.725517,9.7998
233615190,283.62332,62.231792,8.9195
233618615,283.8783,63.09272,7.1586
275693568,286.97134,63.619633,8.143
233631997,284.84915,63.483208,7.9699
233632109,284.85748,63.30468,9.9868
275692676,286.99368,62.057236,9.8285
229911330,287.23438,62.807026,9.9933
229911482,287.3303,63.062267,9.8248
233615629,283.69254,63.024387,9.40678
233625035,284.33548,63.795807,8.80493
233544651,281.5926,63.390537,9.0079
233605476,283.04852,62.32863,7.1541
233608490,283.27216,62.292286,9.7929
233625787,284.32224,62.396774,5.68099
233604621,282.97235,63.92277,9.5342
233605002,283.028,63.208683,8.16755
233622059,284.21906,62.330276,7.3443
233720115,276.47772,62.62768,8.6975
233622400,284.2078,62.875587,9.7636
233622107,284.18924,62.423874,8.9519
233736874,277.94244,62.236115,9.5896
233571438,282.00192,62.280785,7.9415
233571327,281.88065,62.500378,9.6178
383676357,279.38965,62.526573,5.78345
233625790,284.33102,62.394226,9.18393
230385278,285.87,62.094505,6.44735
424438735,279.6009,63.532867,5.89224
233529998,280.37103,63.838356,8.8843
233541945,281.1144,62.83844,8.7203
230388886,286.136,62.793076,9.3496
233529870,280.2369,63.564926,7.6367
233577721,282.55112,62.88394,8.9813
233728338,277.11984,63.14687,9.8062
233629049,284.6704,62.82534,6.9823
424438731,279.59702,63.53721,9.4429
233538234,281.07608,63.45788,9.50658
233631886,284.88223,63.700367,8.91998
233632072,284.93915,63.35879,9.2097
233529969,280.33493,63.767723,9.52759
233743084,278.26025,62.43475,9.7891
233711812,275.7941,62.360916,9.99559
233742990,278.39508,62.254105,9.59969
233712604,275.89465,63.146805,9.998
233746426,278.44873,62.427673,8.6269
233070878,270.9042,62.865955,9.19
233731076,277.28867,62.267986,8.2135
233090007,272.55685,63.71882,7.567
383676192,279.20776,62.20412,8.71151
233060488,269.7411,62.078575,9.4201
233688800,275.3275,62.416904,6.6818
233089386,272.48697,62.309353,9.4808
233691379,275.7287,62.86096,9.9551
233070776,270.80695,63.113956,9.1917
383673767,279.07864,62.152668,8.08324
233052735,269.10934,62.61959,7.5537
233529805,280.3839,63.452618,8.4745
233097244,273.2105,63.60021,8.18949
233089750,272.51797,63.14005,9.7742
233151333,274.54648,62.469982,9.4859
233689243,275.42047,63.428585,9.39137
424438640,279.4293,63.6969,8.8006
233538208,280.92053,63.525036,9.85015
383673445,278.93292,62.74632,9.9218
233722661,276.54993,63.343662,9.8162
233720096,276.38754,62.57075,9.4272
233086827,272.18948,62.943237,7.8801
233084585,272.03525,63.350945,9.3993
233084587,272.1239,63.36109,8.77075
233728302,277.14636,63.239223,9.8301
233731070,277.4438,62.25859,9.1456
233731152,277.4354,62.402416,9.8412
233733938,277.53006,63.306015,7.5557
219821706,268.25253,62.46197,9.05
233084236,271.94696,62.643143,9.4758
233084832,271.89798,63.903427,6.8667
233746317,278.59488,62.64973,9.1854
233075841,271.3982,63.668938,8.1519
233076562,271.2371,62.138504,9.90612
233084447,272.08826,63.05624,9.16877
383676271,279.18005,62.37496,9.55798
424463349,279.82837,63.79209,8.13271
233052626,269.19714,62.348724,7.5653
233689439,275.44586,63.954052,9.0383
233052567,269.06595,62.20775,9.39883
219821979,268.02243,63.160885,9.8461
233726096,276.80823,63.289574,9.1467
233532108,280.57938,63.52564,8.33219
233602185,282.6541,63.232758,8.9105
233544408,281.43246,63.882156,9.6319
233574778,282.08456,63.147705,9.5089
233574771,282.1345,63.131577,9.1337
233574953,282.26294,63.49445,7.3867
233720232,276.2644,62.851807,9.8186
233731414,277.28098,62.97046,9.4152
233160762,275.2105,62.195118,8.7768
383677059,279.2002,63.882767,9.9564
233084796,272.07846,63.840282,9.0187
233541860,281.19818,62.6854,9.9592
233743029,278.2934,62.33019,9.2675
233097956,273.22455,62.15231,9.8381
233046003,268.37183,62.251526,9.6662
233720219,276.33685,62.834858,8.4855
233097877,273.29297,62.309956,9.95574
233076309,271.24283,62.657555,5.6866
233737359,277.72043,63.175766,9.5097
233731095,277.35226,62.29769,8.8438
233740053,278.0592,63.083694,9.80695
233154667,274.62936,62.328888,8.986
233725802,276.87778,62.626816,7.9046
219762237,262.4352,63.852654,7.1309
219812867,267.2661,62.79883,6.3173
219762620,262.53738,62.78471,9.58945
219812966,267.27548,63.049763,8.25971
233725830,276.96674,62.689472,9.91999
233068587,270.60315,63.596195,8.16423
233720276,276.35773,62.940388,8.49298
233536069,280.83908,63.420387,8.58023
219821934,268.25333,63.05251,9.2525
233048469,268.63702,63.920822,9.45164
219821937,268.1945,63.05574,9.6315
219762413,262.61832,63.39152,8.768
219808491,266.80005,63.29711,9.6355
233084299,272.03674,62.758785,9.5758
233688913,275.32883,62.671455,9.6146
233094862,272.90665,62.510063,9.2114
233120615,273.49777,62.093548,9.991
233120892,273.3603,62.652725,9.873
233123832,273.7818,62.734955,9.3532
233126671,273.89075,62.370018,8.3343
233127231,273.84006,63.56326,8.2899
233127373,274.0318,63.93735,7.9231
233717698,276.24884,62.10861,9.7348
219799330,265.68155,62.176083,9.09842
233058176,269.69885,63.843834,8.36771
233059682,269.76248,63.95764,6.4109
219775392,263.6199,63.845623,7.8495
233097961,273.34363,62.140015,8.66717
233046041,268.30133,62.159615,9.14947
233121452,273.5665,63.812103,9.27525
233712433,275.81488,62.975346,9.046
233720590,276.45743,63.577225,9.02483
219808429,266.79974,63.122555,7.88371
233095090,272.9938,63.038765,9.45215
233688779,275.39368,62.36879,9.34244
233060062,269.83356,63.045662,9.4879
233057546,269.4698,62.395287,8.49943
233684192,260.90695,62.7406,8.27768
219819253,267.85687,63.81258,7.8359
219819625,268.00665,62.765266,9.2983
219821970,268.14877,63.141945,7.1467
233684039,260.84064,62.229156,9.7854
219802019,265.83624,62.236202,9.7095
233058084,269.69583,63.59444,9.36338
233078994,271.6078,62.952305,7.103
233079272,271.5912,63.57999,8.1721
233048308,268.64413,63.483376,9.9777
233720069,276.27618,62.529137,8.9272
233720259,276.46777,62.922394,8.2763
233050466,268.7555,62.695084,8.53609
233711634,275.90448,62.206993,7.8168
232606431,258.13574,62.874332,5.4803
233120858,273.45786,62.58468,9.8786
233086505,272.2946,63.678455,9.15255
233120677,273.35446,62.228928,8.12965
233725674,276.76907,62.35476,9.6131
233046037,268.3608,62.16089,9.9996
219821746,268.17807,62.590557,9.5345
233160374,275.223,62.955215,8.00277
233154745,274.63452,62.130287,8.984
424438718,279.59103,63.55895,7.9776
219815295,267.31137,62.386093,9.8755
233063121,269.9843,63.379505,9.61764
233087027,272.21262,62.467236,8.92578
233068720,270.46823,63.921635,9.3314
233095232,272.90903,63.348648,9.1913
233050540,268.9748,62.547367,9.1234
233062745,270.08658,62.50049,9.4102
233081707,271.7866,62.41713,7.958
232612431,258.9051,63.135113,9.3968
233659447,259.98962,63.267727,7.34475
233055457,269.39658,62.161938,7.9536
233094909,272.90466,62.639275,9.613
233126778,273.93024,62.611633,9.3344
233126848,274.06323,62.758907,9.5952
233129724,274.15854,62.776733,8.9073
233129142,274.18555,63.9875,9.83098
233659648,259.81088,63.932278,8.36985
219812640,267.15118,62.209145,8.48
219815145,267.49197,62.780937,7.56885
233057722,269.65924,62.803562,7.2393
233124203,273.72098,62.016056,8.7088
233157508,275.01556,62.857906,9.4377
219817510,267.71564,63.13298,7.8425
233160161,275.0793,63.400696,9.5469
233737023,277.8292,62.537956,6.91867
233050384,268.90338,62.859264,9.141
233728330,277.11063,63.16714,9.10098
233728690,277.17322,62.35853,9.79382
233062953,270.05527,62.992653,9.69791
233157471,274.89236,62.79008,8.89019
233063141,270.06696,63.436398,9.9733
459983512,256.13336,62.172115,7.32175
233073991,271.14072,63.796246,6.1759
233680496,260.41418,62.68849,8.0705
459981342,255.98685,62.2073,8.2919
459983276,256.2299,62.931973,9.7629
233063091,270.10352,63.32072,9.6018
233052719,269.08377,62.610065,7.1328
233050090,268.93195,63.556267,7.9379
233045917,268.4643,62.45305,9.1518
219760880,262.3191,63.869137,7.802
289621872,253.98634,63.413097,9.1835
459979506,255.72856,63.18964,9.69933
219760439,262.2491,62.390728,9.82308
233054915,269.34875,63.49392,9.905
233047757,268.51544,62.033485,9.06267
287137067,252.65453,63.139473,8.57786
233048242,268.72888,63.322235,9.05881
198212002,248.2867,63.404556,7.5877
198212148,248.17444,62.854904,7.0626
232614306,259.27362,62.62051,7.9701
232614323,259.2453,62.578136,7.3834
233097368,273.2614,63.34462,8.70327
219754975,261.57318,62.36491,8.768
219429062,254.6598,62.51775,9.04332
232616284,259.3922,63.240753,8.1184
233076004,271.3693,63.332687,9.9298
233084640,272.02316,63.489994,9.0527
233084720,271.89542,63.655827,6.7363
233157673,274.8839,63.20804,8.8777
233157888,274.9079,63.6145,9.1838
233525809,280.07407,63.615276,9.1835
233065087,270.40918,63.60022,8.9313
198179686,244.6262,63.29154,9.2995
232608392,258.34653,62.987537,9.722
233684019,260.73395,62.17867,9.8705
232610443,258.57547,62.58951,9.6295
233684249,260.8195,62.93002,9.2874
233684509,260.95428,63.762383,7.1222
219802107,265.9001,62.015186,9.8297
219790530,264.6654,62.147717,9.3884
233050088,268.97824,63.558594,9.8635
219790589,264.62628,62.291885,9.6885
219819537,267.79736,63.01274,9.7389
233079417,271.58533,63.87757,9.5495
233726170,276.9866,63.449574,9.9329
233068390,270.48035,63.147503,9.724
233076473,271.37753,62.31683,7.38022
233076496,271.33896,62.266415,8.1447
232606278,258.09668,63.352093,7.3759
289621579,254.09131,62.369892,6.82962
233682007,260.5526,63.75084,9.6796
289621980,253.96404,63.854034,9.37288
198157850,242.96912,63.307007,9.43853
198188157,246.156,62.5787,8.348
233659263,259.92038,62.61924,8.91148
233682458,260.60373,62.274002,9.3622
233684236,260.8667,62.879356,9.9533
219801618,266.02014,63.376358,9.9364
219813000,267.23514,63.15183,8.5582
232610580,258.7856,62.17602,8.57643
233127257,274.03143,63.633083,9.6897
233095213,273.00003,63.312565,8.4418
233089912,272.4209,63.504845,9.8107
335681683,222.58739,62.32323,8.2218
219793117,264.86847,62.229103,9.804
334832109,250.64893,62.951004,7.6699
219794961,265.1865,62.55325,6.2603
233678793,260.08792,62.439903,9.5731
219788712,264.53305,62.413097,8.9035
219760736,262.25253,63.36799,9.5683
233068699,270.4675,63.842567,8.9393
233050057,268.80026,63.62751,9.9308
219758560,262.13016,63.061474,8.6119
233091921,272.65082,63.407795,9.3357
219797466,265.50137,62.363663,9.9321
289582823,252.98619,62.248604,8.5443
459979881,255.7545,62.060246,9.9354
233682094,260.71423,63.4617,9.3406
219812905,267.18436,62.873882,9.9004
219754928,261.58057,62.499466,8.8864
219428947,254.46735,62.926956,9.8013
219739405,242.02946,62.235188,5.4157
287151572,253.80624,63.52821,8.8901
198188047,246.0814,62.155605,9.9955
159545993,191.22006,63.146515,9.8456
307956264,256.80328,63.35618,9.4147
307985358,257.10358,63.15545,9.9287
233048274,268.5386,63.398552,9.0036
233154140,274.5938,63.420593,9.6586
424463182,279.71362,63.42041,9.2809
335719545,222.91234,62.09563,9.538
335719762,222.9782,63.11068,9.2654
307985337,257.09528,63.113686,8.4667
335683051,222.72803,62.78045,6.8785
335683083,222.71194,62.63755,9.1415
202506277,231.06548,63.51018,8.3353
198178239,244.34053,62.52984,8.6309
198209422,247.85432,62.335358,8.55445
219821654,268.12354,62.324368,8.0701
219821829,268.23428,62.792805,8.5958
233062828,270.0457,62.71773,7.8244
219753239,261.37396,63.87317,9.92814
355917056,201.48502,62.381126,9.302
138559593,174.7664,62.03595,9.3211
284185150,206.25809,62.810326,9.8407
334780518,247.40787,63.994747,9.3265
462614395,250.80658,62.87516,7.4125
232602621,257.79022,62.910847,9.9957
233657226,259.64313,63.95068,9.9845
100013827,173.86795,62.63572,8.0819
100014010,173.7836,63.833927,8.137
467179827,197.9952,63.990376,9.3401
166088971,215.11758,63.358192,8.3437
334780271,247.57254,62.932423,9.0232
199548022,240.68327,63.5803,8.7912
334780068,247.4161,62.087025,9.9253
198179769,244.50893,63.682926,8.7824
462614248,250.79227,63.478687,9.8293
198278229,249.94046,62.822174,9.5051
459977622,255.53276,62.206917,9.6722
459968985,254.82375,62.33089,9.3731
459982981,256.33002,63.96611,9.5376
233680706,260.467,63.420177,9.7323
198204764,246.75153,63.701336,9.9266
198179478,244.52432,62.423286,6.40663
198278091,249.90263,62.32208,7.82427
459978134,255.38933,63.950146,8.8592
219799585,265.80304,62.760372,7.9632
219797529,265.45065,62.18387,9.4241
458481342,233.32326,63.288956,9.2941
289581057,252.30002,62.788296,8.9854
311087891,219.5823,62.86492,9.0574
236716128,239.54608,62.302742,9.663
198240680,249.56929,63.17057,9.0655
236716097,239.62631,62.092606,9.6216
198180690,244.9401,63.968445,8.9867
198180853,244.72375,63.20323,8.4431
289572157,252.08554,62.315445,8.00271
289580892,252.28813,62.218143,7.8381
219750973,261.1404,63.117382,9.8554
219786909,264.314,63.858948,8.32289
233050623,268.82455,62.3079,8.121
459969390,254.7954,63.708534,9.922
198558153,238.21144,63.996944,9.8272
198279755,250.15552,63.075653,9.5217
307986909,257.4057,63.28443,9.0063
219805971,266.37964,63.33517,9.4835
356659169,232.33789,62.09953,5.12568
198279946,250.27623,62.30799,6.77518
157977752,206.72539,62.285656,9.5994
157977816,206.79153,62.72984,8.8067
157977924,206.68042,63.53082,6.1579
198557874,238.19452,62.653694,9.8601
198178315,244.34145,62.179356,8.9264
198538855,237.25563,63.88965,9.9846
334832180,250.71808,63.203903,8.46
159629308,220.43938,62.508617,9.9038
159629500,220.32782,63.408737,9.1784
159629486,220.35678,63.352627,8.9201
198518299,236.90533,62.853325,9.269
198236141,248.74594,62.258892,9.5034
307957710,257.0006,63.49899,9.6368
232616104,259.5005,62.602325,9.9315
219797460,265.49472,62.384315,9.2673
335767505,224.56186,62.523224,9.1928
202468266,228.97559,63.738182,9.5875
335681729,222.45758,62.534786,9.8183
159629579,220.34546,63.786217,9.414
316451528,222.08936,63.72506,6.7851
316451534,221.98906,63.708164,8.4517
335681634,222.41022,62.041004,8.1911
198538588,237.40858,62.67165,8.4172
198235935,248.71484,63.184017,8.80598
198235980,248.83614,62.985966,7.7493
334832208,250.71008,63.293846,8.7348
219762271,262.58197,63.777508,6.2176
282923567,223.67233,62.816307,8.4635
166177936,217.34985,63.336334,9.9145
282855720,221.19452,63.181473,9.6765
282855727,221.26022,63.13744,8.3154
219739434,241.92348,62.37738,9.5379
219742086,242.43886,62.395752,8.8852
219742409,242.4099,63.715153,9.9592
100011880,173.26564,62.093544,6.7921
289511854,200.37912,63.95041,5.9192
166178050,217.44281,63.99166,7.3765
198235910,248.6487,63.258965,6.52963
219754614,261.49393,63.42032,9.5021
219804078,266.07834,62.961403,9.8976
198183570,245.28294,63.96127,9.0378
232978601,218.42761,62.669567,9.6929
142414628,199.87233,63.065624,9.7994
233064942,270.3795,63.9555,9.8955
232977496,218.26001,63.83487,8.6558
289572125,252.16212,62.436367,7.53203
289581123,252.4026,63.034554,9.8748
335683149,222.86882,62.28346,8.4893
289589931,253.44449,63.0985,8.4396
233045685,268.35245,63.070793,7.80028
202506196,231.10233,63.89102,8.54816
198178340,244.3474,62.06325,9.47024
289540757,251.56392,62.82538,9.23516
335682956,222.63474,63.213825,9.90939
289589818,253.34047,62.727657,9.54268
289590014,253.2433,63.406467,9.73856
219810399,266.8177,63.30083,9.5718
159614865,220.19252,62.636066,9.4622
462614302,250.80322,63.26218,8.9724
198159329,243.07619,62.37734,8.9763
459981584,256.00626,62.944115,9.0135
138558556,174.55986,63.371635,9.5549
142413924,199.65335,63.965527,7.7589
202351364,234.83156,62.690983,8.8902
202351504,234.77641,62.0692,9.2473
219740850,242.26878,62.834167,8.9989
232610194,258.56888,63.34607,9.9872
424730909,255.27382,63.417713,9.4484
198240887,249.4941,63.896767,9.9025
147628163,184.5843,62.245243,9.2084
298108181,204.94179,63.14863,8.8601
356632778,232.31374,62.869965,9.0198
198240469,249.45929,62.31732,9.03198
232610188,258.70837,63.360134,8.28418
232610190,258.64218,63.353085,5.6196
142396573,198.76727,62.16259,9.421
142396702,198.76202,62.95651,9.8127
142396719,198.7666,63.061985,9.4132
166086376,214.536,62.62991,9.7163
219743652,242.68385,62.436043,8.61
198281166,250.50699,62.267563,7.9891
198241862,249.58704,63.88423,9.5356
198241903,249.63884,63.710503,9.0021
459970528,255.1226,63.844727,9.2825
142396824,198.86343,63.731518,8.5918
166086320,214.56093,62.378376,9.0338
202422707,225.7785,63.080772,9.944
199524841,240.14922,62.087223,7.1642
199550441,241.23436,63.65458,8.8869
219750901,260.9982,63.321915,8.0626
198186585,245.7427,63.72338,9.50957
458483835,235.47116,63.34575,7.9143
198553767,237.67294,62.4473,9.2982
198553487,237.66086,63.641827,9.1329
199523378,239.93575,62.755703,8.7026
458483709,235.41571,62.778294,9.0596
198553728,237.54903,62.586124,9.9558
199572676,241.342,63.11715,9.8977
219804233,266.198,63.374516,9.6444
198553653,237.6737,62.933037,9.2739
289570571,251.81606,63.53151,5.25343
198553468,237.66684,63.73997,9.3484
198553705,237.62643,62.695766,9.6909
198555242,237.90814,63.736206,7.5883
198186713,245.749,63.157513,9.3257
334780469,247.58354,63.749172,9.6877
219803837,266.10162,62.30771,9.6177
219817195,267.74655,62.30133,7.0524
229549326,183.20763,63.381298,9.2076
147687249,189.97598,63.71469,9.7897
147687372,190.06657,62.974575,9.642
99899918,167.44843,62.98582,7.2264
138577341,175.15298,63.397625,8.7787
142398532,199.14041,62.441628,8.79258
289510811,200.15823,62.362854,7.953
202426143,226.48451,63.459133,9.152
202426166,226.42114,63.585342,9.7402
202351336,234.80707,62.86256,8.9718
198556538,238.14636,62.317673,8.519
99918991,169.26091,63.258804,8.3154
166055029,213.10196,62.127666,8.6384
202443812,228.10002,63.975395,9.9955
335768735,224.70306,63.60559,9.9115
335768951,224.7229,62.55256,8.7111
282924836,224.98212,63.621597,9.1302
282924853,224.84659,63.733273,8.9982
282924889,224.87521,63.946033,9.9922
202426973,226.5994,63.58378,9.7604
232602607,257.78384,62.95233,9.9428
99868263,166.85027,63.16105,9.74607
289510649,200.18573,63.507183,9.9487
232602795,257.75052,62.37382,9.71859
202468262,229.02708,63.770866,9.2111
202468477,229.09186,62.5299,8.321
232604626,257.98236,63.12672,7.9233
219754703,261.55652,63.180325,9.43547
307956455,256.79303,63.947376,9.6477
138506217,157.83775,63.77204,9.8488
138577418,175.26598,63.87468,9.6636
142276842,192.10504,62.008625,9.8292
166005991,211.9081,62.166145,9.8036
166127055,215.73701,63.758022,9.6266
202509694,232.10304,63.82267,9.7756
166178740,217.69615,63.95617,9.7202
282924596,224.96126,62.27537,8.3166
282940373,229.32854,63.1534,9.3219
356539609,153.19745,62.278313,8.6775
138506196,157.70374,63.877136,6.3426
202504072,230.25423,62.582233,9.1691
282940447,229.32378,62.771034,6.0186
282921299,223.5437,63.84711,8.2955
282921459,223.401,62.880653,7.9122
287150305,253.51389,63.87056,7.11242
233657619,259.71402,62.54992,6.3144
157977876,206.74147,63.18218,9.03131
157977888,206.75674,63.255653,9.43437
157977894,206.77322,63.315266,9.3939
166125892,215.47586,62.258217,8.5872
198178123,244.238,63.025017,8.8674
198537349,237.1245,62.344353,8.2383
166176871,217.09073,62.57283,9.3491
417917110,181.8707,62.695873,9.4415
100011171,173.0841,62.327774,9.2031
100011076,173.04094,62.89033,9.57707
100011908,173.20082,62.30404,9.4913
100012164,173.26811,63.89601,9.0104
307957728,256.8921,63.439392,7.40516
159614926,220.18723,62.30349,9.29083
159614806,220.16922,62.96445,9.6395
198159465,243.11012,63.093037,9.9175
307958020,256.84332,62.475838,8.3498
289572073,252.01987,62.62385,9.97082
159635735,221.09169,63.102077,7.7464
289582691,253.04,62.74247,8.5959
166180142,218.01018,63.669983,9.54079
232977742,218.19322,62.43903,8.88887
458481461,233.46275,63.907143,7.14387
198240534,249.44284,62.553402,8.5421
289582574,253.1048,63.15005,8.20102
142397512,199.01054,63.619972,7.9329
166152537,216.54375,63.846146,8.5283
147680681,188.97679,62.36729,9.3683
335720821,223.31566,63.386982,9.0342
99921120,169.76472,62.182674,5.99253
99920219,169.40099,63.914364,9.2931
232979558,218.62703,63.21583,6.46021
316450357,221.84892,62.70196,8.5795
335719883,222.9106,63.752537,8.7136
313262026,205.22253,63.779926,9.704
313262085,205.2969,63.43997,9.7769
355897193,201.22629,62.74088,9.9478
282924715,225.06084,62.917065,7.2885
282923557,223.8239,62.87018,9.3895
287087979,252.51405,62.530113,9.4199
289570373,251.85716,62.81774,9.4431
202507591,231.33456,63.16856,9.988
202507616,231.14449,63.289944,9.7345
310098231,230.41103,63.25418,8.924
282921579,223.56023,62.153427,7.6659
236716414,239.50893,63.510643,8.9905
198180767,244.80373,63.60747,9.4442
147672206,187.1548,62.940323,9.3218
166087734,214.7709,62.237637,9.5972
142386293,197.46152,62.51707,9.4598
236716357,239.52902,63.19825,9.8688
417920266,185.86246,63.033356,7.1917
147713956,190.15938,63.665726,9.4196
99937731,170.09442,62.44556,9.6707
147643290,185.14922,63.670258,6.33785
147672987,188.0017,63.758083,7.1452
335745382,224.1906,62.754124,8.6388
199571440,241.31389,62.3253,7.076
198189509,246.3264,62.92918,7.7414
165990086,210.93675,63.470795,8.5506
99937747,170.24438,62.36263,9.8879
99937762,170.17064,62.28326,8.5447
147643250,185.21426,63.94299,9.8274
138544389,173.98738,63.770657,9.9248
165990271,210.99754,62.428127,9.9065
148837933,162.75822,62.76761,9.81587
445835351,187.38669,62.313812,9.5156
157329007,181.06685,63.560455,9.2649
166150081,216.03084,63.458637,9.4938
199523348,240.00659,62.63314,9.4928
287080480,243.27876,62.173233,8.7615
198206610,247.00696,63.47905,9.927
232602436,257.7877,63.467373,7.8673
199523610,240.07849,63.75519,8.91
355916947,201.29433,63.12313,6.9559
355897128,201.25307,62.4544,8.1843
199522207,239.86523,62.859856,9.4395
198279525,250.19344,63.993195,8.8304
459979764,255.77455,62.413425,8.1686
459969365,254.70648,63.610092,9.2523
166150059,216.0966,63.34548,9.9232
166175710,216.8469,62.933365,9.6946
142414712,200.06395,62.57372,9.4513
232977813,218.19885,62.008564,9.4341
232978692,218.37743,63.294167,8.36553
334753785,246.6001,63.27282,9.68411
232614023,259.14307,63.56934,8.94209
219806384,266.37173,62.233173,9.4331
138579202,175.65814,62.123707,7.3925
335682016,222.41966,63.92861,9.2113
198516945,236.66669,62.59956,5.1672
159629248,220.3388,62.16706,8.7477
202352637,236.21556,62.860317,8.34746
198538690,237.27814,63.142544,7.82645
159629594,220.22426,63.819633,8.95047
233684293,260.7631,63.11077,9.05769
233684403,260.7637,63.44217,8.81465
198312110,232.94249,63.092926,9.6986
334832268,250.7491,63.533115,9.84446
158461172,203.26094,63.842785,9.5929
166088936,215.05464,63.209343,8.2923
166088944,215.01775,63.235867,9.457
198189383,246.3818,63.55707,8.71806
233657298,259.7281,63.722725,7.29659
334780420,247.61795,63.570812,7.80814
100013973,173.6658,63.643307,8.3308
232602423,257.65295,63.492073,9.4298
341545507,201.63722,62.182938,9.78053
289570304,251.74825,62.53316,9.8258
138558673,174.4054,62.713078,6.8755
367602880,200.8638,62.801468,7.596
356659045,232.22023,62.5798,8.1353
159612507,208.93988,63.14988,7.54417
219740926,242.15239,62.48544,8.11789
202351236,234.81467,63.3119,9.11103
198281452,250.52728,63.303852,9.4079
147628095,184.59407,62.674915,9.90023
142414485,199.85187,63.920155,9.9493
236714899,239.3185,63.383762,9.44663
157330552,181.48729,62.176334,9.7187
202444069,228.22285,62.65045,8.5453
202444158,228.20738,62.17068,8.86536
357388618,231.72853,62.928894,9.4642
99918971,169.28117,63.349945,9.94761
199548065,240.69266,63.40159,8.8514
157334077,182.36644,62.978443,8.6941
198206376,246.96577,62.563,9.9441
310980357,190.40555,62.559334,9.443
147625930,184.1096,63.70099,9.8519
199548346,240.83833,62.099358,9.7119
198206374,247.12987,62.561768,8.3714
287149830,253.56572,62.251663,8.547
287150334,253.64494,63.984318,9.498
287150283,253.57547,63.79601,8.9894
142396742,198.8347,63.199867,8.9343
202489614,229.54082,62.579292,9.5741
282925797,226.96268,63.12178,9.87463
287151570,253.80704,63.53349,9.65184
282925798,226.959,63.117104,6.42482
202489696,229.59776,62.157856,8.0902
282925698,226.8851,63.557953,9.3595
287152045,253.69157,62.099934,6.4549
459985438,256.47736,63.680798,9.84222
287151447,253.73506,63.96034,9.6582
232604837,257.86316,63.79593,9.80762
138560887,175.0776,62.39651,6.5708
99898936,167.30916,62.49922,9.1121
99898937,167.3045,62.497498,9.0099
417920395,185.92456,62.159107,9.61289
138577235,175.30637,62.84107,9.72408
142412704,199.56868,63.563427,9.3333
202406945,210.6353,63.609695,8.36208
99898815,167.20375,63.13361,9.86663
229549123,183.28853,62.047634,9.6751
99869377,167.02531,63.491688,9.73941
99919959,169.45392,62.272198,8.9088
99920000,169.47943,62.526382,9.65957
99920927,169.69893,63.521194,7.7835
316419665,221.52415,63.489246,9.1673
219742325,242.34805,63.40764,6.7394
149911108,159.13823,63.46309,8.4926
149950920,162.36998,63.81002,5.2468
142384379,197.0309,62.690197,6.6337
202491864,229.96866,62.474255,5.5999
316450258,221.88538,62.15998,9.7491
335719860,223.05695,63.646133,8.3467
335719755,222.93082,63.08873,9.1409
236713907,239.08362,63.816593,8.7582
202491908,230.0946,62.24401,9.8789
149911106,159.17126,63.46992,9.6302
458483957,235.25467,63.99739,9.3305
198553841,237.65692,62.126553,9.3718
198186714,245.8285,63.149624,8.87558
334780234,247.47673,62.801258,8.56661
334780364,247.48961,63.32066,9.57349
138581627,176.12563,63.952946,8.473
219819462,267.88794,63.20307,8.78154
147642334,184.9164,62.483727,9.634
287138942,252.77791,62.053123,9.7445
166053959,212.72104,62.52221,7.90653
313262011,205.27895,63.866177,8.40451
289582416,253.05202,63.6997,9.35696
202505374,230.66003,63.341465,4.57289
356502262,152.48323,63.754696,6.5549
355868239,157.08449,62.915886,7.26533
355834778,153.44214,63.5014,8.7194
99867387,166.42184,62.61706,7.9632
284203323,208.6239,62.904587,8.2658
284203408,208.68657,62.37739,6.4047
142373354,195.95532,62.64878,9.09935
282926779,228.91402,62.01739,9.1788
282926948,228.94711,62.905815,9.3222
202505342,230.75478,63.130295,6.38545
202505449,230.70908,63.68759,9.1911
202511110,232.81425,63.263893,9.5498
198184006,245.37404,62.067307,8.27849
355834669,153.45743,63.002457,9.7322
99867309,166.593,62.16889,8.7733
142373323,195.94258,62.426853,9.4164
99937746,170.14795,62.36414,7.61234
147713969,190.20258,63.771484,7.1535
147713858,190.30356,62.94988,8.92131
165990024,210.86678,63.707886,9.173
199571279,241.31294,63.07747,9.46599
367602974,200.98083,63.34131,9.4778
462616100,251.19902,62.671238,8.374
99937516,170.22665,63.91799,9.9404
198516864,236.64696,62.98135,9.57605
198516889,236.54802,62.856438,9.9537
198517015,236.68459,62.341293,9.88744
166126993,215.76941,63.99331,9.3741
166055311,213.1008,63.385906,9.39977
202504145,230.36237,62.94139,8.86896
166180070,217.95398,63.323475,8.1362
142276623,192.25299,63.037426,9.47428
138506287,157.79974,63.39184,9.6308
202504118,230.25455,62.819073,9.40806
138506311,157.80922,63.24809,9.86738
166127351,215.66197,62.3539,9.9602
142350121,195.44553,63.61022,5.6218
202509979,231.91997,62.27568,6.4204
166178883,217.69196,63.185787,5.686
166180191,217.97726,63.946598,8.49409
310782282,156.6315,62.34655,6.4819
287138462,252.74721,63.666035,9.9459
99816977,163.70837,62.975346,9.3631
100008597,172.60635,63.56491,8.1409
158447878,203.07729,63.77315,9.235
198238974,249.22914,63.072823,4.73431
148839634,163.37875,63.551174,7.4622
148839653,163.27786,63.38629,9.8587
198182380,245.18967,62.946304,9.3386
99816985,163.76137,62.949623,7.359
142322085,194.5467,62.697407,9.4913
142348025,194.82225,63.42538,8.811
198159527,243.2407,63.316673,8.6829
198317043,234.34648,62.817413,8.0316
334637712,235.51747,62.321102,8.4194
198237790,249.06992,63.968903,9.5132
149915879,160.21452,63.552807,9.2123
149915934,160.21773,63.162823,8.5386
159527822,190.92616,63.88125,8.0679
147679521,188.81735,62.65124,8.8444
147713722,190.20346,62.04256,7.1551
459225039,203.71536,63.81376,9.5756
159570764,207.44571,62.808548,7.0618
166073957,213.79214,63.763004,9.6011
202428243,227.00986,62.96048,9.3154
199522007,239.63829,63.938854,9.9562
147681700,189.33453,63.8949,9.8217
355896156,190.82545,62.809166,9.5354
100010925,173.1487,63.962658,9.62
142318897,193.98172,63.49359,8.5022
334652205,235.83604,63.789658,9.9523
138653197,179.4179,63.913536,8.065
100010389,172.86156,63.843113,9.995
100010286,172.80455,63.157536,8.5903
202423826,225.85782,62.64676,9.0801
236716173,239.62206,62.476788,9.5756
142386350,197.45906,62.229122,6.5356
202505095,230.65524,62.04706,6.04341
142387220,197.8463,63.14617,7.00432
236716467,239.6171,63.83081,8.60056
198179599,244.52927,62.94939,8.79775
199526030,240.40077,63.007866,9.50787
198180990,244.79211,62.53256,9.3731
138618351,176.93645,63.66839,8.3686
138619482,177.05867,63.250366,9.08013
311114484,232.40385,63.344666,9.2672
159613494,219.73582,62.166466,9.304
142300944,192.34778,62.06065,7.2558
166086550,214.45438,63.51709,9.0262
159613699,219.9667,63.2835,8.4962
149912198,159.50966,63.444572,9.7386
149912264,159.50035,63.932285,8.6622
298107966,204.9728,62.01528,8.7481
287186648,150.14952,62.166603,8.5861
417850644,159.66115,62.558514,8.63019
417921487,186.08392,63.793327,7.5957
138635030,178.24632,62.92379,7.2227
159634470,220.82533,62.411343,8.043
99832932,164.8021,63.66657,8.777
219739414,241.87378,62.28024,8.3811
149927681,161.76881,62.33614,9.3073
287186659,150.31001,62.201168,6.93
310782049,156.59845,63.73336,9.6695
138648737,178.18071,63.759495,8.9218
159634426,220.83176,62.151386,9.0773
198185338,245.56639,62.940273,9.6961
149927715,161.7791,62.54705,9.8486
199522110,239.65558,63.34277,9.1248
199523459,240.02567,63.143463,8.9353
445835555,187.26169,63.54641,9.13841
310782307,156.61073,62.21191,9.99812
138648683,178.17065,63.402733,9.8472
310995066,203.50833,62.524483,9.22
202506370,230.94891,62.949043,7.77423
219738210,241.78703,62.722073,8.2846
199522105,239.72725,63.375816,9.6168
459979793,255.68738,62.333294,9.55492
287080187,243.27945,63.237545,9.8469
198206480,247.137,62.978844,9.4772
199572752,241.42204,63.46132,8.4672
417849630,152.28195,63.952427,4.8333
149915199,159.86702,63.77357,8.2051
311068296,204.83217,62.6473,9.8291
142382528,196.59535,62.04187,5.27446
282940235,229.43532,63.993835,9.5663
417849402,152.07068,62.76489,9.1958
166087530,214.65967,63.073147,8.7977
341545407,201.68976,62.721943,8.9175
166152517,216.54787,63.7751,7.7019
142381532,196.22035,63.75379,9.7722
417932057,186.57988,63.49254,8.4772
202422634,225.71187,63.511143,9.1841
198313283,233.6592,62.230564,9.6368
198313637,233.64438,63.89751,9.4388
138545552,174.35233,62.196373,5.2458
99842485,165.88461,62.957104,8.86
99842522,165.74408,62.769672,9.3885
356541055,153.91902,62.939507,9.8832
356541107,153.79721,62.723095,9.6554
355834520,153.45137,62.18786,9.5509
99867553,166.50769,63.75612,9.4498
287198713,150.8768,62.56584,6.5029
148838714,163.1809,62.142406,8.0142
138505298,157.56717,63.348755,6.4635
99903855,168.51936,62.28211,6.9529
157329621,181.35379,63.98756,9.8383
159630451,220.57568,63.799053,8.8312
198235743,248.67172,63.93494,6.78096
198186875,245.81148,62.481434,6.9186
157327178,180.5698,63.40383,8.69842
166175909,217.03482,63.856514,9.2541
166176749,217.19316,63.3241,8.4187
202467408,228.66011,62.60124,9.0145
202428245,227.19089,62.959255,9.3373
335767795,224.51955,63.856087,6.864
311114335,232.5039,62.713955,7.2015
99867480,166.44505,63.289135,8.3024
157327251,180.53058,63.921223,9.8959
142414546,199.98428,63.567657,7.4789
335746512,224.43051,62.30579,9.1382
335767480,224.43045,62.398026,9.5628
99865651,165.9857,63.72045,8.4096
284202167,208.47815,62.180237,7.7462
284202195,208.37218,62.347794,8.906
202422842,225.79156,62.28593,9.7056
458482549,235.12674,62.3607,8.7382
149928752,162.06276,62.51831,8.227
149928764,162.11629,62.459183,9.6813
138505052,157.52106,62.1361,9.9351
462615949,251.07748,62.1458,8.2714
99867464,166.4479,63.2102,9.3546
99841535,165.63992,63.14896,9.8605
142308004,193.3891,62.599068,8.50034
142384335,196.97235,62.983135,7.9086
358767509,209.09926,62.56829,8.80741
142385396,197.29114,63.497623,8.38243
142386341,197.46918,62.258663,9.9478
334637765,235.51208,62.049007,9.04625
284185344,206.15466,63.902042,9.8871
202491910,230.0177,62.239582,9.71131
149911120,159.31664,63.37129,9.9811
199572829,241.4919,63.828346,9.9511
142381364,196.26653,62.77328,8.21946
138579282,175.67078,62.58307,9.1023
142381218,196.36194,62.07427,8.5042
142381416,196.3461,63.067425,9.651
199572536,241.48558,62.41874,9.2457
355916910,201.4994,63.261276,5.8469
355867234,153.6408,63.584545,9.0313
147679628,188.7718,63.23034,9.8792
138620376,177.34914,62.78039,9.705
417868815,170.48718,63.177414,9.9116
147674098,188.33893,62.83149,9.7468
198176586,244.02744,62.105957,9.4681
287255259,154.84601,62.819866,8.79
138579408,175.59618,63.406788,9.1617
142302128,192.57272,62.744106,8.5154
138542336,158.8136,62.510246,8.9678
287270889,155.62137,62.952633,9.0965
142301192,192.56352,63.514713,9.71389
142380286,196.06876,63.195408,8.8388
202490670,229.76653,62.51355,9.3223
356500910,150.66118,62.12401,8.3042
287296848,156.19702,62.85058,9.9208
287296879,156.18672,62.6736,9.1106
99902913,168.07176,62.9148,7.824
459224057,202.25937,62.20207,9.1558
284183769,206.0262,63.922997,8.6071
284184017,206.04376,62.735836,8.9072
202490587,229.86865,62.128597,7.19837
202490973,229.86574,63.988735,8.4745
334637381,235.51173,63.725803,9.5175
287296632,156.32957,63.934044,7.69
138661800,179.69653,63.25679,9.6517
165991339,211.04897,63.094868,8.9163
467179911,197.97517,63.578564,9.3298
316419614,221.54422,63.7366,8.8229
147625946,184.15993,63.62968,7.7554
459225217,203.84618,62.90812,8.56
166075528,214.12323,63.06428,7.8674
198206331,246.9595,62.332394,8.26082
310980331,190.3913,62.71304,5.99627
198316044,234.08821,63.900105,9.23621
198314575,233.87178,62.970474,9.8222
356490980,150.57031,62.98212,9.7477
202467266,228.5101,63.402164,8.47718
142414517,199.88414,63.72801,8.7051
202428174,227.25417,63.209965,9.71822
202428177,227.02292,63.200935,9.5777
202467195,228.53293,63.853363,9.84675
166151252,216.14998,62.29468,9.96302
198315849,234.07324,62.89198,9.8378
166151118,216.2241,62.936287,6.8956
198281577,250.47322,63.815624,7.6892
166086403,214.44656,62.75792,8.19888
166150901,216.11784,63.984993,8.22028
219741010,242.13919,62.038086,8.8955
417848110,151.49922,63.33175,8.4491
149915155,159.91916,63.45116,8.3825
149915208,159.88239,63.818104,9.4794
147625079,183.4386,62.91254,9.3769
355817074,151.68927,63.59188,7.9308
417930600,186.2765,63.80278,5.50853
99971654,171.53067,63.25761,9.3168
99988039,171.72614,63.116512,7.2484
355917915,205.68236,62.43805,9.9034
287269668,155.37796,63.555775,9.6164
287269637,155.23701,63.724274,8.2013
355817227,151.6602,62.852386,9.7669
99971002,171.27487,63.90513,8.8975
166055020,213.10577,62.084496,9.496
202441593,227.5136,62.786663,9.1755
202507392,231.33977,62.087887,8.398
202507440,231.14702,62.290955,9.9896
202442673,227.88199,62.174026,8.8276
355817263,151.56375,62.6367,9.6282
417930930,186.25589,62.122597,9.2289
138580282,175.98456,63.135345,9.7155
138581359,176.31624,62.35634,9.4228
138633946,177.98651,62.818214,9.3457
100012897,173.46533,63.164433,9.9321
158447141,202.93723,63.955357,9.635
341545336,201.72871,63.007874,6.8751
202441394,227.70747,63.87389,7.6003
159585544,207.88612,62.625908,9.7961
99900827,167.70323,63.22431,9.3456
99905750,168.92519,62.884796,9.8883
142383442,196.92117,63.300034,7.9561
207384505,207.18793,62.847984,6.5885
99900760,167.6097,63.66136,8.248
99901036,167.8121,62.042065,9.2255
166003610,211.40909,62.482666,9.8752
316450537,221.701,63.552204,8.8762
355867137,153.57974,63.098614,9.81142
147679672,188.92325,63.445408,9.12033
147674069,188.27725,62.652306,9.9657
166076499,214.31017,63.80708,7.8596
159527644,190.94519,62.71572,9.54266
166178753,217.71193,63.892544,8.88047
198162411,243.99072,62.466362,9.50221
198237770,248.96112,63.911076,8.5784
159527561,191.08301,62.286545,9.79714
138541099,158.53531,62.402283,7.4985
99816897,163.87906,63.445778,9.7818
148839664,163.2129,63.314293,9.52817
148839678,163.43391,63.198322,8.4663
99816932,163.83488,63.273678,9.32481
334652154,235.87105,63.47834,9.27359
198237593,249.06448,63.227425,9.33378
417851806,161.25272,62.9855,9.894
147642303,184.91777,62.35907,7.6835
356541014,153.8037,63.139835,9.72192
99825475,164.50047,63.37898,9.9627
99865472,165.96991,62.531143,9.8069
417931846,186.52641,62.48224,9.72425
284202208,208.43475,62.460625,9.36735
284202383,208.52779,63.638565,9.6077
142318741,193.94688,62.604336,9.5515
142318802,193.8163,62.966145,9.0076
99989903,172.25717,63.57348,7.2861
202510969,232.74342,62.638016,9.1825
198182378,245.02675,62.938095,9.0747
198204753,246.6705,63.74519,8.7964
355834533,153.48495,62.26036,9.12369
138634940,178.18135,62.33126,9.68307
142306156,192.97252,63.93845,8.80059
284203445,208.57053,62.099083,8.14366
198182444,245.05205,63.218365,8.49855
198205114,246.71124,62.298054,9.6326
149918668,160.83455,62.212437,6.4955
355868175,157.02983,63.17107,9.98794
236713820,239.0625,63.406807,9.75853
202511046,232.67438,62.968594,9.831
202511148,232.72493,63.47041,9.8241
100011130,172.98042,62.517464,8.531
202424768,226.22816,63.74165,9.9782
147560460,163.59174,63.561634,9.3815
138580351,175.89365,62.75226,8.98238
147679577,188.81396,62.94916,9.5854
147681719,189.2231,63.986805,9.46846
99955692,170.92117,62.76027,9.3929
142302078,192.70479,62.98615,7.06734
142380414,196.17004,62.429012,9.356
355896086,190.7028,62.326176,9.67593
355896193,190.7975,62.992783,9.04874
138542131,158.71732,63.65626,9.9725
100010992,173.08257,63.465923,8.5971
142306126,192.91806,63.78731,9.7912
459225160,203.9524,63.16217,9.5267
289522004,200.61348,63.362576,8.78828
166074048,213.74245,63.27504,9.01076
287080092,243.48877,63.534275,8.80616
334651890,235.81256,62.207184,9.83763
138543323,159.01071,62.282585,8.8992
287271053,155.48903,63.856388,9.1538
149913041,160.03748,62.880707,9.955
147625064,183.4384,62.846626,9.56766
355827929,151.82265,62.207592,9.16029
356501879,152.47351,62.0654,9.18122
356502302,152.37584,63.9348,9.6305
287287569,155.9313,63.275818,8.8897
148838965,163.02567,63.85557,8.2259
287287398,156.06215,62.131184,8.79468
99865580,165.9374,63.26991,7.0657
138651330,178.82126,63.660828,8.9245
166005664,211.76608,63.909298,8.2539
166005815,211.84529,63.058296,7.7465
166052607,212.5629,62.936527,9.2293
166150157,215.91165,63.82143,7.7101
166150990,216.21489,63.53493,8.0678
335768788,224.71965,63.336422,8.6722
202421707,225.50648,63.255035,8.5714
202442946,227.9356,63.51722,9.4161
202443001,227.8568,63.709373,9.5718
149917926,160.74525,62.179825,9.9749
355828285,152.03212,63.963543,9.6461
166005788,211.96544,63.22289,9.9026
166052517,212.56909,62.482944,8.8447
166052682,212.65327,63.34132,9.7742
166052702,212.61766,63.465088,8.8538
166175877,217.00652,63.69968,9.213
202442974,227.9351,63.62198,7.9464
417848174,151.38751,63.072025,6.9493
99817876,163.94281,62.39933,9.9289
147670186,185.39264,62.9747,9.573
147670273,185.4581,63.51186,9.2511
417850378,159.70967,63.91591,8.8131
138477388,157.37675,63.924877,8.22141
417921273,186.21361,62.54758,9.2537
138635005,178.25175,62.754017,8.3818
138649667,178.48074,62.212093,9.40949
147686607,189.79108,63.913063,9.5374
166086387,214.45741,62.68726,9.5357
232981484,219.07413,63.46557,7.76455
159634499,220.91461,62.563343,7.89505
1102435163,233.4636,63.90798,9.29794
198185510,245.62947,63.696728,9.3982
99833080,164.83202,62.82791,9.6641
147686557,189.85889,63.544727,9.6103
198313473,233.66182,63.171116,9.67647
142382315,196.66827,63.2431,9.8539
138508687,158.28397,62.85865,8.22211
287268765,155.11977,63.26725,9.907
287231971,151.30733,62.02445,9.73629
99899975,167.43776,63.335163,7.42283
445836238,187.54863,63.889034,8.49129
149919618,161.40631,62.594162,9.13942
445836407,187.50601,62.847622,8.79982
236712539,238.84615,62.155132,9.0018
285092742,186.94705,63.929058,9.45933
99905684,168.89986,62.338833,9.11199
142384306,197.15909,63.164543,8.9532
367602859,200.97214,62.69043,9.9372
316450573,221.7572,63.727,9.22995
198312133,232.98042,62.9454,9.10017
147626946,184.40887,62.42563,9.1099
166065064,213.34178,62.70463,7.5222
159585688,207.92908,63.680756,9.53966
202507690,231.35197,63.61685,9.6947
356582357,154.32729,62.475777,9.4184
149919636,161.35901,62.720222,9.0226
356538268,152.76527,63.091156,9.2322
356538311,152.59267,62.915627,6.2644
138652419,179.18694,62.886963,7.0025
99835076,165.35384,62.670338,8.6096
99835042,165.38599,62.914173,9.0017
99834964,165.36224,63.449512,8.3684
99835012,165.31396,63.092834,9.3153
99841369,165.57451,62.15208,9.7706
99841658,165.42705,63.96616,9.6293
138652491,179.1808,63.31061,9.5004
138543573,158.98192,63.59234,7.66611
138507514,158.0898,62.683277,9.8978
138508637,158.27237,63.08653,9.4706
138541226,158.4295,63.05807,9.483
149927881,161.91269,63.626385,9.6708
356538468,152.66682,62.25071,9.6941
417930917,186.47107,62.182297,8.805
310782327,156.51546,62.10587,8.8002
99971569,171.54024,63.826797,8.6654
99971759,171.5544,62.48061,8.90607
99972480,171.80597,62.111267,8.34879
459242644,204.11874,62.46382,9.58617
166012963,212.30627,63.509468,9.835
355917916,205.6998,62.474434,8.96656
355817348,151.5729,62.22239,9.9835
99972526,171.9233,62.363537,9.8664
310782074,156.51935,63.59546,9.7209
159548152,191.82896,62.781155,5.7161
159548201,191.69937,62.482834,8.85314
142397611,199.09131,63.062904,8.5794
284183805,206.10274,63.718403,7.9126
202490797,229.71367,63.15455,8.223
159547075,191.55684,62.84895,9.1359
202490649,229.70203,62.37344,9.0008
198237384,248.9673,62.38473,7.8982
356500850,150.63039,62.43443,8.70564
99902074,168.03094,63.686478,9.0168
373675276,188.64659,63.859108,9.59075
142397461,198.97614,63.88934,9.5465
458481285,233.40034,62.942833,9.46327
138508605,158.15744,63.19791,9.5032
138508619,158.24509,63.132923,9.6622
198237383,248.94496,62.383823,9.44559
311036305,204.37788,62.343338,9.96529
356500738,150.81105,62.9077,9.8599
166004496,211.70091,62.169086,9.89145
458481082,233.38933,62.044415,9.53558
334753666,246.46568,63.693085,9.93174
149916850,160.42368,62.347057,9.7838
149917632,160.6459,63.98632,7.8179
149917797,160.60873,63.03997,8.098
149929452,162.29836,62.11622,9.11612
99865434,165.98364,62.3159,8.7224
99865534,165.90317,62.953434,9.5211
138651299,178.97717,63.822174,8.88485
147627072,184.47058,63.173084,9.15742
99954722,170.60239,63.10808,9.43761
99954886,170.55296,62.025814,9.3899
99955686,170.82187,62.716953,7.61927
157319901,179.98148,63.18181,8.63393
157320698,180.2649,62.998325,8.22381
166005697,211.88628,63.78461,9.51944
166052599,212.51286,62.91422,8.30551
166151126,216.17128,62.901283,8.8195
202442902,227.87253,63.333668,9.054
202442982,227.97113,63.653294,7.8854
149950779,162.44797,62.76498,9.7937
149950736,162.32487,62.49129,9.9813
138651507,178.85094,62.517868,9.6217
166005857,211.96536,62.825893,9.836
147712954,190.12776,62.766148,8.6697
147670079,185.44885,62.339233,9.5257
142317664,193.56183,63.36933,8.57681
142380362,196.11038,62.726532,9.2031
99834970,165.27357,63.421116,6.2384
99841527,165.64093,63.123795,8.6121
142317556,193.73796,63.927235,8.4637
138652372,179.06941,62.566628,9.98683
900559338,174.704,64.34742,7.8323
900559339,174.70474,64.34697,6.63304
900557375,174.85918,64.064705,8.4964
950643774,197.58551,64.16343,9.0504
1102457602,231.17628,64.67568,9.91
900594129,170.75644,64.71514,9.76595
1718040493,283.79453,64.53134,9.80972
233617847,283.79453,64.53134,9.80972
1981207128,300.49188,65.890625,7.8836
950676499,189.9018,64.674194,9.0441
950676500,189.90231,64.67445,9.6709
1271244233,254.10599,65.03925,6.8535
1271244234,254.10526,65.039116,6.7069
1102457988,231.79027,64.87002,9.1048
1102457989,231.79105,64.86992,9.4465
1102458160,232.44775,65.19713,9.3206
1981197074,300.9577,64.92534,9.078
1718044626,284.16827,64.66877,9.414
1884267302,293.37482,65.558334,8.8159
1884268447,293.63684,65.59787,8.28104
1102463265,233.22174,65.620804,9.2502
1201251848,243.48659,64.33628,9.8572
202507905,231.17628,64.67568,9.91
147670988,185.75067,64.03082,9.39352
198318708,234.57649,64.94525,9.576
219761294,262.29254,65.07272,9.797
148839052,163.24687,64.44186,9.033
311114829,232.44775,65.19713,9.3206
142373941,196.03549,65.87359,9.896
142374071,196.16306,65.05156,9.095
219750508,261.1625,64.682205,9.815
10005000156,182.02507,65.17413,9.614
99956031,170.75644,64.71514,9.76595
99869888,167.12561,64.86667,9.945
142386051,197.58551,64.16343,9.0504
138560590,174.85918,64.064705,8.4964
138559991,174.70474,64.34697,6.63304
147686743,189.9018,64.674194,9.0441
229970198,289.76477,64.26931,8.481
233727525,277.17902,65.10409,9.401
233745075,278.45038,65.22786,8.507
233623312,284.16827,64.66877,9.414
458479530,233.22174,65.620804,9.2502
229979956,290.21066,65.8651,9.602
166087328,214.67671,64.15543,9.227
230052393,292.24057,64.97764,9.364
357395400,231.79027,64.87002,9.1048
229434615,293.37482,65.558334,8.8159
229442813,293.63684,65.59787,8.28104
229456126,294.7969,65.398994,9.19
359981439,300.49188,65.890625,7.8836
256747172,300.9577,64.92534,9.078
236936270,304.64957,64.65913,9.425
287079866,243.48659,64.33628,9.8572
289622291,254.10526,65.039116,6.7069
237081141,307.33072,65.48386,9.447
335720384,223.28586,65.568214,8.565
138592587,176.80405,65.6587,9.9373
138588969,176.45918,64.20543,9.7179
138588857,176.49927,64.48184,9.92404
138593117,176.8426,64.13859,8.8783
138591980,176.7683,64.39326,7.49661
166176387,217.2844,65.61059,9.678
166073723,213.68661,64.93821,9.326
256378205,298.6889,65.64999,9.70008
256379376,298.6112,64.91288,9.016
256380604,298.65598,64.134766,9.50316
256379705,298.70587,64.72122,5.9302
233715139,276.17767,65.25136,6.3577
233715004,276.07404,65.42408,9.9464
459224430,202.22466,64.38651,9.749
275807188,287.16632,65.53556,9.8186
275807390,286.9655,65.732956,8.7088
275807382,287.1461,65.725716,9.7406
142381664,196.25197,64.5949,8.819
157336760,182.60599,65.66217,8.0714
157336626,182.54486,65.17439,8.3099
157333059,182.12497,65.16547,9.0367
157332875,181.9317,64.43847,9.29027
157333111,182.13925,65.34965,7.2046
157332901,181.93588,64.59512,8.44419
289539204,251.30124,65.96225,9.5042
289538829,251.40309,65.1092,9.4367
289539327,251.63371,65.7149,9.92402
467254810,307.6335,65.44956,8.24
467255065,307.67047,65.73782,9.05814
352691883,308.0564,65.399216,5.60028
352760249,308.4222,64.70382,8.4474
352759774,308.40768,64.29897,9.45304
237081877,307.447,65.60675,9.3908
237081321,307.2359,65.672104,9.8861
352762688,308.54092,64.71126,8.35397
352763215,308.72794,64.23631,8.78919
352760055,308.4637,64.550385,9.9888
352760233,308.29575,64.6917,8.20699
236983289,305.32574,64.97268,9.799
237012985,306.47183,65.931244,8.73152
352693111,308.0645,64.23028,8.1465
236982462,305.3182,64.09875,9.12855
236983898,305.2518,65.64477,9.999
467256498,307.86813,64.644264,9.3058
352692400,308.17706,64.897835,9.6616
352692616,308.22586,64.70297,9.4001
467254237,307.5532,64.795525,9.26291
237083546,307.44693,64.00058,9.4567
237083131,307.4296,64.35517,9.9997
237012271,306.2455,65.18927,9.1947
467256096,307.93808,65.05767,9.4814
467256385,307.95758,64.766685,8.84385
467255547,307.99802,65.62995,9.8244
236982983,305.225,64.636345,8.65058
236996733,305.8488,64.1912,6.94934
236969320,304.78894,65.25602,7.3194
236998321,305.75235,65.766655,9.019
236997185,305.623,64.60067,9.9969
237083192,307.36566,64.304245,9.963
236998514,305.89484,65.908485,9.7508
255867890,307.60117,65.97126,8.77682
314642539,307.30927,65.95436,9.307
237014202,306.35135,64.551605,9.337
236935277,304.49197,65.63965,7.8786
236970293,304.967,65.531746,8.1361
256747386,300.89954,65.15813,8.1866
236971266,305.1026,64.557396,9.8489
237011467,306.2556,64.29131,9.0148
403117451,303.47842,65.91858,9.5111
256662461,300.35898,65.30957,9.6576
236902859,304.0885,64.55494,9.4814
236901679,303.9233,65.85361,7.20667
236901571,303.80594,65.91021,8.92128
256748014,301.14844,65.99074,9.4245
236935237,304.41418,65.68806,9.924
236936153,304.49667,64.771454,9.7575
236969873,304.69025,65.88337,9.0193
236998862,306.07892,65.540955,8.6269
236999439,306.04178,64.92193,9.472
236998719,305.9824,65.69417,9.7073
236997380,305.6865,64.798706,9.8259
236998368,305.78714,65.82247,9.4647
256748511,301.24344,65.26592,8.1394
256978568,302.2446,64.70101,8.8866
236998017,305.83606,65.4463,8.1196
349919567,304.8432,65.99825,9.184
236984634,305.5983,65.41503,9.73091
256863701,301.72183,64.700676,8.7572
236969288,304.86594,65.21188,9.9063
256978304,302.40634,64.35762,8.80019
236876439,302.9831,64.502846,8.97297
236876436,302.97955,64.50885,8.32994
236998590,305.92328,65.832405,9.9374
236969651,304.6771,65.61105,8.55503
255867788,306.99158,65.99911,9.8596
236996722,305.72632,64.18293,9.073
236996723,305.72577,64.184074,9.7795
403113919,303.42786,65.94117,9.681
236899970,303.90314,64.11373,8.7217
237079696,307.29495,64.00233,8.49288
237013719,306.3806,65.119804,9.6466
237012661,306.16202,65.63691,9.27425
237012786,306.2962,65.76751,9.9908
237081676,307.37436,65.83358,9.8365
237013329,306.56735,65.56364,9.5193
237013367,306.56873,65.51848,9.58439
237013972,306.42236,64.79801,8.93058
237082003,307.3309,65.484886,8.87374
237082299,307.33054,65.16912,9.48292
236934000,304.3657,64.87534,9.015
236999677,305.91617,64.70956,9.13564
237012063,306.32907,64.953865,9.725
256805270,301.303,65.8605,9.35747
236969548,304.73874,65.49939,9.55069
236984278,305.58252,65.79108,8.99305
236936397,304.47943,64.52841,9.8723
237049483,306.8517,64.64577,7.58563
236936517,304.63043,64.387634,9.9023
237048367,306.88016,65.85727,9.8019
236985769,305.43732,64.171364,8.43058
236936810,304.50143,64.10177,7.22544
237048371,307.048,65.85379,8.28458
236969025,304.69778,64.9478,8.6459
236968500,304.73196,64.44555,9.9302
256617358,300.12997,64.14219,8.1326
236970054,304.99625,65.81321,8.4101
236970257,305.08633,65.57325,9.5961
236985538,305.49515,64.40195,9.24554
236984722,305.46085,65.31212,9.9102
236985640,305.46765,64.29333,9.92
236968730,304.64764,64.66004,8.58392
236933419,304.28262,64.284584,9.9279
236933560,304.3895,64.41074,9.1049
256662953,300.74808,65.86158,9.5025
236985332,305.4626,64.64255,9.5024
237049269,306.8824,64.86279,9.36245
237048557,306.8946,65.66722,9.62234
236889115,303.54437,64.76523,6.4784
256663266,300.7025,65.431404,8.6922
256663310,300.726,65.3631,9.9972
256555489,299.59692,64.547966,9.5781
256805070,301.4862,65.624344,9.98
352762746,308.59073,64.644585,9.99768
236889264,303.51086,64.6045,9.74226
256555422,299.7319,64.66847,9.669
236900305,303.85117,64.46831,8.5929
236900066,303.82394,64.19884,7.7729
256804701,301.48248,65.24067,8.9238
236886431,303.38577,64.071625,8.9092
236888093,303.5112,65.92443,8.2414
236900339,303.69385,64.495,9.57
256805089,301.3417,65.641716,9.8494
236887640,303.40887,65.43947,9.8998
236887853,303.3071,65.6827,9.2643
236887904,303.37106,65.73373,9.7883
236900619,303.87793,64.810104,7.7667
256749090,301.04617,64.5706,7.828
236874647,302.73517,65.393875,9.5251
256515752,299.41974,64.156456,9.70426
236982418,305.18228,64.056076,6.6825
236983038,305.37042,64.69314,6.2152
237048476,306.96582,65.755775,6.4427
256927255,301.87827,65.011215,9.7595
256926301,301.80283,64.00514,9.5266
256926590,301.97363,64.31418,9.101
256978045,302.28952,64.052444,8.2558
256978097,302.3111,64.11901,8.9268
256979348,302.2846,65.747116,8.7043
256979441,302.3133,65.86429,9.6325
236874198,302.89728,64.88592,9.1765
256928498,302.14944,65.34776,9.9073
236863104,302.54922,64.73619,8.6645
236874329,302.88156,65.04779,8.5165
236875552,303.0414,65.46142,9.8082
236876084,303.18396,64.88049,8.13863
236902805,304.03003,64.609024,9.057
236903132,304.0902,64.26339,9.1223
256747336,300.95078,65.10332,9.53888
256747141,300.94522,64.88212,9.88393
256749542,301.11057,64.06385,9.4832
256746545,300.8777,64.198395,9.5037
269665661,301.4931,65.89791,9.6255
236935766,304.5446,65.15261,9.9916
236935893,304.6205,65.04071,9.3246
236935925,304.43726,65.01195,9.2772
403585026,304.25433,65.98719,9.0463
236936072,304.6116,64.86794,5.8799
236971347,305.09082,64.47269,8.9387
256458095,298.8694,65.29254,9.2278
256457192,298.90454,64.04359,9.5766
256458439,298.95163,65.80424,8.7669
256747528,300.86975,65.32185,9.8593
256805260,301.2788,65.847534,8.697
256748390,301.0307,65.419044,8.7533
236971427,304.94012,64.387024,8.95444
256615336,299.97598,64.88995,9.9928
256457971,298.99557,65.121994,9.4827
256929294,302.0172,64.42705,9.9588
256749121,301.02585,64.53694,9.37528
236862430,302.46854,65.52761,9.9926
236862886,302.49814,65.00019,9.9172
236862427,302.4858,65.52932,9.9798
256663870,300.58423,64.63442,5.47408
256458989,299.11356,65.23691,9.8356
256459022,299.15665,65.1856,9.6622
256459219,299.08597,64.92991,9.8848
256615403,299.95114,64.97154,8.9665
256517220,299.61572,65.650925,8.8074
256517741,299.72806,64.93283,9.2476
256748214,301.19113,65.650154,9.5419
256863538,301.65692,64.877945,7.0657
256863536,301.53342,64.88228,9.7207
256863829,301.5798,64.556526,9.0411
256458617,299.11212,65.78709,9.4692
256664342,300.60556,64.036194,9.9022
256615593,299.91336,65.214035,8.83239
256662339,300.29117,65.11241,9.9585
256805566,301.5578,65.69796,8.183
236862202,302.61554,65.79697,9.9395
229509026,296.98166,64.81409,7.7906
229509454,297.03812,65.44984,8.02645
256663850,300.55505,64.65884,7.11967
256747813,300.9572,65.68946,8.0376
256377203,298.5178,65.49834,9.84805
256662147,300.36893,64.82097,3.50541
256747212,300.89758,64.96621,9.8297
229510625,297.33142,64.6774,8.919
229509716,297.00586,65.902626,9.8162
256746748,300.94925,64.42969,9.45912
229509669,296.95288,65.80513,8.471
229510161,297.22733,65.27509,8.5295
229510642,297.13052,64.65895,9.3403
377783137,298.19424,65.5415,8.5783
377783187,298.10352,65.464775,9.7489
377783596,298.18872,64.86209,9.7127
377784111,298.19867,64.17605,5.80851
256517026,299.4872,65.88789,9.0284
229509769,297.31863,65.93514,9.12308
229510813,297.222,64.40988,9.92575
229509761,297.2986,65.95505,7.9883
256379071,298.61847,65.10095,9.9184
256516778,299.5445,65.51503,9.5576
256615984,299.89066,65.78429,9.7874
256927736,301.95792,65.576126,9.9624
236863012,302.63254,64.84067,9.3232
236875418,303.00656,65.609314,7.9577
256515626,299.5355,64.01038,7.0909
256927396,301.9316,65.16814,7.75019
256927410,301.8616,65.187515,7.49696
256926860,301.94986,64.602486,7.92599
256516118,299.32175,64.64218,9.74469
236876369,303.02655,64.58157,9.4671
229499102,296.48096,64.85178,9.0512
258390383,297.4655,65.86951,8.7175
229499575,296.5117,65.63627,9.123
229500710,296.84457,64.52353,9.1208
229491275,296.28552,64.28022,8.5506
256458868,299.0822,65.396416,9.8118
229491225,296.36496,64.35005,9.9811
377784121,298.19778,64.16833,8.70115
229510080,297.28305,65.41598,9.6478
256458460,298.8767,65.83164,9.00606
229510522,297.21985,64.815994,9.2178
268055401,298.01785,64.32057,9.619
268055518,298.00992,64.45165,9.1998
229464250,294.97754,64.714455,8.5212
256459638,299.2228,64.42268,9.98
229464446,294.97006,65.01371,9.0172
229508625,297.02472,64.28877,9.3562
268055955,297.8714,64.95107,9.8207
229489956,296.13922,65.69543,8.6404
400409072,294.53906,65.77367,9.0763
229479689,295.52835,64.59732,8.7464
229479843,295.57962,64.835625,8.7314
229480270,295.6464,65.4304,9.5514
229508453,296.90518,64.05178,7.3543
229508814,297.0478,64.54779,9.6868
256321919,297.80695,65.5469,6.9096
256322092,297.6746,65.30304,9.1168
229500593,296.8457,64.69418,8.43843
229500092,296.80066,65.395996,8.57094
229501099,296.8069,64.00568,9.49083
280036847,297.71335,65.99821,9.4622
229451714,294.27948,65.923775,8.7099
229452802,294.33023,64.0683,9.1697
229481151,295.7246,65.0977,9.8427
229489593,296.0605,65.11161,8.1358
229489199,296.09167,64.50928,8.2753
229489331,296.065,64.72364,8.6762
229509493,296.88608,65.52895,9.5396
258391021,297.36395,64.981674,9.231
268055969,297.88153,64.96527,9.4961
229464812,295.0634,65.57582,9.53557
229456928,294.7182,64.21304,9.8221
229479753,295.63525,64.69526,8.36376
229465075,295.34195,65.897285,9.82362
229481100,295.76135,65.17012,9.6508
229481768,295.79602,64.18685,9.5725
400408494,294.69,64.93185,8.70486
229443132,293.8168,65.72794,9.7331
1884254468,294.6885,64.93237,9.92191
229451256,294.1002,65.17425,8.9461
229456159,294.8854,65.365746,7.51007
229455920,294.84677,65.726494,9.7693
229456125,294.7937,65.39904,8.20634
229465251,295.25262,65.59262,7.83554
229450647,294.05792,64.18082,9.8491
229450763,293.9819,64.37276,9.1139
229451268,293.9697,65.19233,7.1411
229451690,294.0884,65.95849,9.8431
229451108,294.01886,64.94126,9.9529
229451168,294.1245,65.04803,8.52324
229472230,295.41022,64.16918,9.8514
229490952,296.20493,64.72206,9.6177
229491030,296.2214,64.60527,9.7035
229500371,296.67392,64.9869,9.4142
256376606,298.3575,65.0572,9.0209
229480810,295.77728,65.59482,9.0694
229481079,295.71384,65.18614,7.7308
229481679,295.79306,64.31588,8.4542
258391241,297.42548,64.68705,7.8603
258391598,297.43222,64.25056,7.8612
256322964,297.6467,64.03066,9.0131
256322972,297.71677,64.013,9.9617
229456517,294.73154,64.83239,9.908
229481553,295.79337,64.524826,9.85484
229481609,295.72223,64.41584,8.7944
229508978,297.07428,64.7464,9.45161
400408676,294.4535,65.16774,9.8995
229479255,295.64648,64.0301,9.1381
229479589,295.48358,64.47185,9.6615
229479626,295.52097,64.51933,9.8285
229480584,295.4888,65.986885,9.3862
229451863,294.41202,65.6216,7.87348
229472067,295.30927,64.36952,9.5859
229464312,295.12973,64.8004,9.0063
400408021,294.55765,64.28662,9.50246
400408178,294.5168,64.488235,9.04049
229413705,293.07703,64.3885,9.9221
259235315,292.9259,65.94217,8.4622
229442756,293.5298,65.52662,9.61013
229441895,293.48846,64.16502,9.7781
229442593,293.56583,65.28657,8.7867
229451873,294.27582,65.60298,8.8602
229452140,294.4212,65.10276,9.2105
229463720,295.06827,64.01802,9.7322
229405342,292.55966,64.3007,8.3054
229407231,292.91928,64.33114,9.58259
229463722,295.00656,64.022675,9.1395
229997470,290.4779,64.54051,8.1362
229405150,292.71353,64.00972,9.5677
229442471,293.5003,65.06996,8.5931
229442487,293.7165,65.08723,8.297
230004328,290.75555,64.21277,9.8101
259275189,293.9104,65.97271,9.6941
230004628,290.7684,64.72754,9.7895
259128558,291.77664,65.96682,9.4242
229434722,293.41754,65.397644,9.8298
229450605,294.1225,64.11563,8.9134
229452839,294.40103,64.01671,8.12993
230004295,290.67365,64.15433,9.9757
229399075,292.3231,64.10711,9.6333
230052602,292.09653,65.2912,8.8464
230006348,290.90964,64.3456,9.5235
230013941,291.0677,65.367096,9.3976
229450891,294.15768,64.57893,9.3953
229451298,294.02393,65.25038,8.7775
229455934,294.82224,65.70448,9.4262
229456592,294.8077,64.73701,9.4744
229456594,294.93878,64.73409,8.3987
229972190,289.94226,64.39081,6.5848
229456999,294.69714,64.10688,8.2837
230015352,291.51114,64.436584,9.083
229398619,292.27856,64.81958,7.095
229443068,293.96625,65.82478,9.5316
230006463,291.01645,64.18856,9.5495
229442763,293.50723,65.530945,7.8706
229406401,292.97476,65.761024,9.2189
229407420,292.8048,64.007965,9.815
229407423,292.96274,64.004234,9.9288
229405654,292.59845,64.83187,9.7108
229434725,293.26035,65.38538,9.7504
229451118,294.01678,64.95671,9.81777
229444187,293.77002,64.01481,9.853
229954940,289.10522,65.49998,9.9597
229407262,292.83597,64.28695,6.8565
230015255,291.4597,64.54149,9.9684
229970542,289.67273,64.79283,8.72591
229970826,289.69614,65.26667,8.225
230014936,291.3126,65.03298,8.9701
229971840,290.0498,64.89492,9.2554
230014729,291.4562,65.32061,9.5022
230005512,291.02426,65.653496,5.6285
229970313,289.7294,64.4016,8.7719
229978906,290.20316,64.20034,8.3115
229946707,288.36636,65.6947,9.845
229997231,290.35556,64.885895,9.3065
229954460,288.69553,65.558655,6.7648
229954300,288.681,65.27281,7.47608
230005218,290.78848,65.72535,8.7601
230005258,290.72357,65.79295,7.7246
230005540,291.01678,65.6032,7.45557
230004291,290.7496,64.153206,9.2233
229939499,288.14374,65.36771,8.88166
230022689,291.74564,64.778305,8.6521
230022194,291.63696,64.04166,9.6644
229946075,288.2127,64.52123,8.7692
229963447,289.43057,64.68392,9.7396
229961847,289.2067,64.48571,8.1467
230023522,291.93518,65.787674,8.4541
230023734,291.99805,65.449295,9.65178
229961691,289.3011,64.23305,9.62683
229946549,288.24258,65.39528,9.5572
229947211,288.39987,65.29072,8.6521
229955184,288.9274,65.13028,7.69
229979536,290.32224,65.17166,8.2493
230004582,290.6865,64.642044,9.77992
229962278,289.2391,65.17425,8.1802
229913244,287.48447,65.385,7.6469
229979125,290.2855,64.54102,9.16782
230006388,290.8728,64.28743,9.9876
230023413,291.93417,65.997314,9.92233
229938646,287.70953,64.85434,9.96733
229939166,287.78354,65.84602,8.2394
230005286,290.67474,65.83482,9.8272
230023852,291.94583,65.2741,9.684
230386436,285.82382,64.27808,9.0184
230387671,286.1848,65.02942,8.9065
229962940,289.4805,65.55935,9.5067
229963388,289.38544,64.774254,9.9231
229972406,290.0842,64.054,9.38899
229913521,287.42752,64.858925,9.9125
229398682,292.27356,64.70087,9.66838
230015612,291.49405,64.0736,9.09811
229939665,287.9057,65.09591,9.497
229945862,288.19666,64.176994,9.3392
229945986,288.24924,64.381905,9.82754
229963053,289.58173,65.35476,8.88932
229912689,287.3891,65.33315,9.99828
229940128,288.09198,64.32287,9.63185
229961580,289.14,64.085754,8.8709
230387722,285.96545,64.93646,9.1792
229962476,289.17548,65.55271,9.237
229938330,287.71347,64.241,9.08068
229972167,289.9382,64.426285,9.6855
230386969,285.81738,65.33779,9.4189
229972269,289.86377,64.265564,9.50793
230380555,285.24207,65.282196,9.4382
229971250,290.07614,65.87991,9.7545
229938290,287.68097,64.15334,9.2742
229971430,290.01703,65.55669,9.55164
229971692,290.00925,65.13154,8.64275
229979791,290.12473,65.59562,9.5352
229971538,289.88925,65.388916,9.9324
229971901,290.03296,64.824196,9.776
229972165,290.00394,64.42894,8.5246
229978829,290.18967,64.07667,7.44208
229979977,290.2771,65.88888,9.047
230381204,285.51273,65.10298,9.1043
229970818,289.70593,65.25879,9.41398
230393263,286.22543,64.21557,9.6537
230380601,285.3009,65.39302,9.35107
233542555,281.2819,64.025734,8.5758
233616650,283.55634,64.83481,8.4692
233617257,283.79205,65.754715,9.3537
233604033,282.99307,64.97774,9.75648
230387082,285.8664,65.58698,6.38467
230381033,285.63605,65.52968,7.7375
233623799,284.14392,65.64099,9.816
233617950,283.84607,64.3379,9.6415
233617350,283.86627,65.60158,9.5587
230393815,286.27448,65.25334,7.8949
233630379,284.58957,65.29112,8.4322
230387399,285.98987,65.59325,8.075
229938897,287.81885,65.33003,8.6665
229912978,287.44086,65.978516,6.28057
229979857,290.16705,65.71453,4.5706
229979957,290.2137,65.865105,8.76579
229938993,287.72415,65.52423,9.9447
233609490,283.183,64.16821,7.865
229979930,290.31003,65.82708,9.8832
233624874,284.30515,64.10595,8.573
233616532,283.63342,64.58493,9.8654
233617031,283.57806,65.61765,8.7632
230394694,286.60962,64.79956,8.1602
275687955,286.85153,65.931915,9.6469
275688409,286.7837,65.00776,9.017
275694008,287.03647,64.38229,7.3013
275693833,287.0918,64.08657,8.5441
233631689,284.7973,64.01469,8.0819
233569604,281.66333,65.8994,9.2298
230394278,286.45975,65.602936,8.2567
233524710,279.93442,65.938416,8.49905
230394371,286.51144,65.441795,9.0899
233624367,284.45242,65.072205,8.26096
233537201,280.99402,65.83885,8.9011
233569853,281.91766,65.42962,9.8801
233570206,281.93143,64.64958,8.3955
230374572,285.0491,65.93583,9.3016
233576902,282.3577,64.46838,9.3897
233604362,282.90933,64.409195,9.7511
230393390,286.40942,64.45374,8.9923
233568791,281.7324,64.23566,9.0442
233738083,277.84656,64.65188,9.8545
229912617,287.311,65.19597,8.58896
233609817,283.25552,64.78767,7.2562
230374894,285.0948,65.216736,9.5763
230386472,285.72818,64.356125,7.02371
230386882,285.78745,65.178,9.7041
230394735,286.5848,64.71292,9.8148
233631505,284.8841,64.37862,9.9865
233738106,277.82285,64.67914,9.551
233610699,283.31604,65.203026,8.7925
233738107,277.87793,64.67931,9.9431
233576961,282.39175,64.35045,9.0395
233714249,275.7782,65.553696,9.209
233576880,282.502,64.50939,9.5839
233537824,280.88318,64.371216,8.3116
230386875,285.8679,65.16634,9.89391
233569506,281.7716,65.66135,9.8039
233569141,281.71985,64.89229,9.3072
233624210,284.40735,65.36099,9.4695
233623232,284.1533,64.54564,9.8579
233624495,284.348,64.830605,7.70764
424438206,279.5734,64.52494,9.583
424463489,279.7895,64.07949,9.0589
233576406,282.34015,65.46226,9.94941
233623187,284.0333,64.47441,9.5103
233623811,284.2,65.6659,9.5009
233623612,284.10718,65.25809,4.8128
233531272,280.42987,65.32984,8.8145
233744425,278.37033,65.21034,8.7135
233576565,282.41638,65.18252,8.6617
233577120,282.52182,64.01868,9.8376
233537533,281.06046,65.074524,8.5746
229777943,283.1439,65.92345,9.5481
233575753,282.20935,65.08442,9.2926
233576389,282.37213,65.4894,8.30439
233570423,281.8427,64.28209,9.38315
356861565,275.54367,65.978966,9.6732
229703669,277.49683,65.94231,9.7138
233727013,276.86594,65.56542,8.6718
230387586,286.06137,65.20535,6.97738
230387658,286.03238,65.04727,7.94149
230387748,286.1766,64.88814,7.6329
233727653,277.0744,64.78906,9.1661
233726722,276.93964,64.77121,9.4715
233603926,282.84583,65.2276,8.7462
233525531,279.9773,64.229744,8.86039
233631527,284.947,64.330376,9.33194
383647665,278.8358,64.91107,9.01085
233610704,283.31863,65.190445,9.9746
233610808,283.37164,64.98408,9.8746
341872713,276.83322,65.956566,9.9379
233530595,280.25946,65.034515,9.2859
233158127,274.95828,64.12181,9.7691
229761376,281.3371,65.921844,9.4784
233631664,284.98996,64.05381,8.5353
233713375,275.8303,64.08725,9.11802
233531285,280.49002,65.3045,9.59043
233575364,282.22415,64.299866,8.7729
383647424,278.80917,64.26517,8.4488
383648552,279.0753,64.86399,9.7077
233542894,281.1473,64.81005,6.40516
233544259,281.5558,64.19563,8.3148
233544319,281.3983,64.06742,9.4579
233543129,281.2015,65.28755,9.5294
233739406,278.03195,64.4324,9.3216
233543956,281.36533,64.81235,9.6968
233544183,281.43808,64.32851,9.9639
233617060,283.5713,65.69925,9.56088
383648130,279.00394,65.78014,8.4283
219814094,267.5123,65.65336,9.9542
233542727,281.18134,64.41566,8.9937
424437957,279.41235,65.13131,9.6866
233525516,279.9705,64.25804,9.848
233085151,271.9543,64.67668,8.2347
233744060,278.28525,64.379944,9.4543
233075235,271.38364,65.08158,6.895
233075376,271.34,64.77591,9.6039
219814684,267.4638,64.065414,9.6033
233075690,271.40912,64.0311,8.7325
233048851,268.66095,64.99291,7.7603
233733397,277.63193,64.415825,9.44687
233530454,280.28833,64.78491,9.7616
233091625,272.7577,64.1625,9.3897
233085123,271.93134,64.620834,9.40263
383648251,279.0553,65.48869,5.7922
383677140,279.38327,64.08303,9.87874
233053456,269.19354,64.51535,8.8872
233053382,269.14578,64.319664,9.9599
383648451,279.04428,65.07495,8.24383
233721173,276.40964,64.97602,9.91575
233524705,279.94128,65.95665,9.60558
233576027,282.17108,65.63279,9.41121
233738223,277.76807,64.907845,8.4231
233575908,282.20453,65.40157,9.6426
424438342,279.41986,64.25683,9.8256
1718052929,282.84543,65.227005,9.8653
233159768,275.08176,64.20299,6.5766
233128139,273.96707,65.736855,8.5584
233159057,275.165,65.7988,9.38423
233745058,278.5016,65.27051,8.7211
233080921,271.8285,64.20107,9.2579
219800831,265.89243,65.48222,9.7801
233045223,268.4654,64.373695,9.2946
233085408,271.9908,65.32722,7.6921
233525119,279.91888,65.10872,9.58967
233045220,268.4915,64.38117,9.68404
233690187,275.43854,65.85965,9.822
233090223,272.42126,64.17834,9.7756
233689932,275.46136,65.16961,9.5695
233045126,268.48383,64.65288,8.9172
219761825,262.51065,65.11343,8.39474
233095515,272.8735,64.057816,9.29833
383647886,278.90012,65.495476,9.2262
233721425,276.4964,65.56348,3.7535
219795945,265.29303,65.21951,7.54526
233738860,278.15182,65.5448,9.4673
233739443,278.1492,64.337166,9.3947
1718033471,281.55545,64.19584,9.1983
219765149,262.69598,64.50834,8.9479
233722108,276.70914,64.671074,7.9348
233080908,271.669,64.22143,5.81701
219102636,270.1938,65.8973,7.8808
233080451,271.77103,65.465126,9.7926
219778329,263.85196,64.380455,8.1529
233721324,276.47272,65.32598,7.79511
219778773,263.71982,65.7362,9.60354
233732694,277.27954,65.940285,9.24346
233721512,276.35315,65.75958,7.3371
233080730,271.7334,64.691666,9.83488
233721121,276.29214,64.83842,6.07593
233054633,269.45068,64.18802,7.28455
233069347,270.58255,65.35583,9.61256
233745175,278.46213,64.97277,9.35422
233738926,277.9876,65.371216,8.5036
233738458,277.81207,65.43602,6.30888
233158768,275.0048,65.478325,8.2196
219779054,264.08826,65.31395,8.8592
233153706,274.7385,64.25807,8.3
233721140,276.33215,64.91141,7.71
219792330,265.09335,64.466034,9.6103
230386368,285.92523,64.18742,9.8484
219792161,264.98206,65.00163,7.5456
219774920,263.6226,65.261375,8.1219
219792306,264.92218,64.53641,7.7509
233732332,277.43234,65.100586,7.99955
233726761,276.83823,64.868935,9.29125
219822564,268.0493,64.76902,9.50387
219779130,264.0607,65.04132,9.9739
219765150,262.91562,64.51086,6.7748
233660303,260.1753,65.63993,7.30553
219750378,261.00604,65.163,9.7138
198180026,244.69002,65.00281,9.932
219791820,264.71704,65.9319,9.947
233085869,272.38138,65.328224,8.0075
219804764,266.10165,64.82447,9.8511
219791433,264.68103,64.76136,9.7664
219791642,264.67557,65.35002,9.63756
233064123,270.34656,65.94789,9.4157
233727406,277.1721,65.36092,9.8545
219796205,265.3998,65.92401,7.306
383647798,278.913,65.25927,7.7032
219804982,266.20224,65.477585,9.01314
219750638,261.11227,64.206635,9.9473
233059604,269.79398,64.14392,7.1753
233059608,269.80722,64.14258,6.895
233659805,259.90463,64.49674,9.27403
233659851,259.83716,64.65732,9.9166
219796346,265.4999,65.497925,9.23965
219792037,265.00906,65.33332,7.8555
219805036,266.08188,65.62299,7.9425
233159037,275.18848,65.83662,8.717
233738834,278.17355,65.615326,9.1076
233159259,275.08038,65.32189,7.5003
219765411,262.82263,65.340904,8.9896
219791988,264.95667,65.4704,8.87513
230381544,285.7098,64.426994,9.87639
233681034,260.3348,64.58592,7.6896
219761514,262.41986,65.89407,7.18719
219761134,262.2492,64.580605,8.66632
233121908,273.35934,64.76599,9.5198
459969660,254.87416,64.730446,8.7702
219757430,261.9334,65.09826,8.0762
219757810,261.95712,65.55653,9.4212
219800383,265.60495,65.01718,9.1679
233121747,273.4743,64.397285,4.5592
233064122,270.347,65.948715,7.4823
219787696,264.56204,65.407555,8.87298
219817869,267.63272,64.09268,9.8293
233127429,274.06036,64.07159,8.15054
219775063,263.61877,64.882164,8.80982
233090373,272.46466,64.52171,9.58781
233744522,278.36893,65.43202,8.28214
232609078,258.54303,65.01191,8.2654
233054492,269.2565,64.55847,7.43749
233121897,273.5511,64.75236,6.3462
233086257,272.3825,64.23414,9.5767
219774327,263.37735,64.80288,9.132
233058441,269.65167,64.54249,9.15291
233121948,273.4332,64.85118,9.34767
233122417,273.44748,65.934135,9.23496
219757178,261.89008,64.30078,9.71776
233053698,269.04108,65.17448,9.82445
424463797,279.87634,64.70288,8.935
459985835,256.5199,64.93973,7.3187
232617026,259.43817,65.7859,8.8115
219801082,266.0117,64.76322,9.556
289622310,254.00703,65.134796,4.4067
233660596,260.06894,64.56861,9.29703
233058774,269.6687,65.43619,7.9915
233158962,274.90686,65.89029,8.0997
233075126,271.24695,65.37415,8.427
233727478,277.05054,65.20961,9.76531
232616961,259.30807,65.54757,9.9635
232616699,259.42163,64.62836,9.9486
219765758,263.03024,65.44212,9.50863
233064866,270.35678,64.15956,8.6975
233075433,271.31152,64.62463,9.5519
233122890,273.66632,64.78559,9.5787
233732305,277.47015,65.04118,9.4625
233128883,274.13824,64.53836,7.2732
233128888,274.09772,64.51945,8.8365
232612866,258.89822,64.551384,9.3597
232613219,258.90323,65.679924,9.55492
233090383,272.50937,64.54455,9.7164
233070183,270.78174,64.42171,9.9698
233070185,270.7675,64.41317,9.9152
233063511,270.1782,64.350876,9.8267
233721326,276.3877,65.326675,8.8298
233733322,277.57205,64.57704,9.9374
233743948,278.43866,64.11467,9.0182
219805298,266.4194,65.39582,9.2959
233681658,260.54764,65.0736,9.83742
219753605,261.33646,65.1121,8.6806
233074812,271.08237,65.720825,8.3086
219753577,261.40192,64.96125,9.5421
233074452,271.12778,64.898315,9.9297
233059428,269.86227,64.63936,9.5252
383677207,279.22012,64.22464,9.3674
219428641,254.59837,64.30451,7.46148
198211758,248.18845,64.69767,9.02235
232601764,257.63095,65.68887,9.16831
232613884,259.04547,64.00192,8.97748
232616898,259.29233,65.31314,8.73009
232609322,258.36746,65.77921,8.8409
219819089,267.93,64.35861,9.582
232609186,258.45514,65.39098,9.3719
233053374,269.03986,64.297226,9.6347
233086258,272.38007,64.23405,9.6611
232608966,258.31665,64.62391,9.9395
233074334,270.93765,64.642006,9.9742
232608783,258.42783,64.103424,9.3811
233726906,276.81223,65.24315,9.4943
219787859,264.52393,64.9371,9.4523
459978312,255.56561,64.60074,5.28906
219791466,264.66272,64.844536,7.2941
459978172,255.56422,64.16453,8.48734
219791363,264.6246,64.499306,9.9852
219791385,264.64566,64.575165,9.99202
219774125,263.34665,64.17288,9.8241
219774307,263.20618,64.72814,9.5434
233123013,273.80347,64.494354,9.9155
233158139,274.9028,64.14043,9.4666
202505968,231.00435,65.18079,9.5949
198211454,247.99269,65.95871,8.4143
424730357,255.31519,65.667015,9.6832
458484175,235.3592,65.09318,7.5797
198157534,242.923,64.65978,9.48
198188723,245.937,65.142044,8.5946
289622394,254.16708,65.423836,9.0857
232605083,257.98853,64.42096,8.4669
233068957,270.5042,64.44057,7.53507
233074998,271.31277,65.72348,7.06509
198188973,246.33578,65.55932,9.2469
289622132,254.05997,64.43979,9.93317
219753310,261.26068,64.08356,8.68508
233059229,269.7553,65.17285,9.35664
289622211,254.1258,64.77346,9.9276
233684829,260.93436,64.8764,9.67673
233159195,275.2772,65.45289,9.3107
287151392,253.81299,64.12281,8.5947
232613723,259.13443,64.54252,9.8519
233659682,259.8942,64.050026,8.8917
334780853,247.62119,65.49135,9.40325
219758201,262.0283,64.23606,8.6193
232601700,257.63498,65.935135,9.0741
232613725,259.06808,64.53647,9.4192
233096929,273.26642,64.38577,9.4278
142371827,195.34451,65.92986,8.8303
307986093,257.19666,65.71471,3.2094
307985697,257.1021,64.3191,4.8899
219757725,261.99966,65.84703,7.922
219800381,265.6022,65.01638,9.065
233127467,273.85995,64.15974,7.6275
219757699,262.09216,65.96059,9.9756
219757834,262.0895,65.48953,9.7044
233058300,269.50598,64.159546,9.3396
142414307,199.96259,65.18434,6.2362
219787445,264.3027,65.64355,9.84625
459978721,255.81755,65.77529,8.5585
459978562,255.43764,65.57054,9.1961
233185267,224.39586,65.93246,2.0702
219750289,261.08975,65.48765,8.4941
219753582,261.38074,65.004265,9.3582
219753795,261.2993,65.73783,9.2985
233075569,271.2998,64.33411,9.91641
166126893,215.7685,64.578865,9.7691
233049900,268.88043,64.089005,8.3621
232613632,259.07806,64.77399,8.5756
159571032,207.45755,64.24306,9.8679
166126942,215.69566,64.27598,6.72897
202467020,228.62679,64.901146,8.1171
356632512,232.12877,64.2384,8.8482
462616825,251.05833,65.2374,6.8218
334753537,246.5029,64.20059,8.6392
289590362,253.22928,64.90331,9.5029
233070047,270.87445,64.74237,8.407
289590198,253.35826,64.19921,8.6795
219796291,265.3734,65.69043,8.9863
202506044,231.01903,64.67988,9.7382
334832548,250.62302,64.71466,9.3562
289590553,253.4043,65.63818,8.4388
219753633,261.34442,65.23637,9.8239
233070000,270.8824,64.86424,6.6216
233074692,271.05927,65.46873,7.92476
289538304,251.2927,64.095474,9.6583
307985827,257.2548,64.7186,9.3215
233660684,260.209,64.22026,9.4549
198180194,244.58458,65.80764,9.0901
230086830,247.14838,65.96946,9.9888
233660559,260.04852,64.717,7.097
219765354,262.7379,65.1103,7.6911
232977405,218.20195,64.3297,9.6251
233053435,268.9873,64.45357,9.9526
233045313,268.42703,64.11572,9.8388
219765488,262.6905,65.6062,9.6558
219787439,264.29156,65.60272,8.8825
166180379,218.02106,65.10348,7.9147
311088125,219.55247,64.06632,8.6139
311088368,219.54303,65.16713,8.8125
311088345,219.69489,65.04498,8.3013
311088494,219.67918,65.86615,6.6894
219737890,241.64647,64.29553,8.1258
458479522,233.26176,65.65612,9.5582
458479693,233.24377,64.80354,9.9385
287079642,243.34575,65.229744,8.9203
289581876,253.02014,65.89752,9.6563
289581929,253.19453,65.65322,7.4057
219428294,254.56639,65.82024,9.0841
219428420,254.42586,65.304886,9.9778
219765539,262.70682,65.761475,9.8139
219800805,266.04303,65.57662,9.2123
233048527,268.5854,64.08305,6.9747
198311711,233.00737,65.27118,8.6241
233684617,260.78473,64.15097,9.3705
138560113,174.8074,65.00131,9.6663
467179518,197.99402,65.94552,9.9656
459982234,256.0491,65.20847,9.01
233657062,259.5898,64.58025,9.775
159630090,220.53793,65.69912,7.9379
316451180,222.01323,65.36503,7.9671
335682187,222.57062,64.74629,9.9705
198516247,236.53142,65.86123,7.7436
198208765,247.69005,64.77428,8.3285
100014131,173.8399,64.640785,9.3013
147685096,189.51227,65.64883,8.7791
147685183,189.55014,65.149445,9.0519
147685236,189.57643,64.77809,9.8929
459217194,194.10797,65.99439,3.9483
202382269,209.79445,64.38524,6.20905
284183453,206.0532,65.68787,9.981
202466788,228.28465,65.77936,8.0308
459982149,255.91197,64.891235,7.7706
289622356,253.99532,65.32802,9.9594
142397097,198.75325,65.63248,9.9342
287151397,253.71497,64.107864,8.7713
219750241,261.15704,65.68115,9.5889
219750268,261.03754,65.58505,9.2772
142395436,198.46405,64.43569,9.7098
202422043,225.32785,65.071236,9.2943
202422167,225.4443,65.678215,8.5628
282925497,226.88004,64.719574,6.30543
282925551,226.8266,64.36073,9.0475
199526255,240.4372,64.096436,9.4224
199549788,240.89337,64.62985,9.8273
199549839,240.93379,64.81271,9.8784
198186501,245.83968,64.09361,7.4006
198241507,249.59714,65.36524,9.7467
198241570,249.72575,65.16065,8.783
287150945,253.71503,65.76832,9.3359
219750666,261.0735,64.09466,9.54329
458484229,235.46219,65.36158,9.2641
458484258,235.47968,65.466,8.7284
199523937,240.0034,65.362976,9.8649
458484238,235.40764,65.380714,7.84436
198161797,243.77788,65.072266,7.07768
230073267,243.7435,65.95187,9.1997
198553196,237.67389,65.026375,8.8168
198186255,245.7815,65.132515,8.3721
334780884,247.53218,65.63246,9.6803
289590531,253.39114,65.53174,8.1006
289590182,253.41275,64.138916,7.60111
232609501,258.71008,65.50757,8.8778
202509423,231.97794,65.37778,8.9067
236714759,239.35445,64.08108,9.5556
198318654,234.65044,64.65137,8.758
198353586,234.63953,65.79054,6.1278
202300248,234.92853,65.215645,9.6263
202300346,234.96034,64.66184,6.1771
289538767,251.46437,65.00747,9.8208
230135940,252.98224,65.977905,9.1149
356537786,152.6009,65.2371,9.6622
99866014,166.31908,65.81375,7.7171
316419387,221.50671,64.62578,8.3177
219810122,266.9792,64.09838,9.0819
198208960,247.77142,64.08722,9.22956
198177771,244.4106,64.54007,9.75321
310994804,203.50534,64.038,9.9716
459979124,255.85399,64.35009,9.7238
459969511,254.77676,64.131294,9.1706
219737858,241.66751,64.429825,9.9085
459969791,254.83315,65.20976,8.7396
157329066,181.07039,64.093765,7.51
157329126,181.00151,64.48719,9.571
355897905,201.34361,64.93798,9.6823
199523809,239.90785,64.745155,7.7092
199523837,239.88864,64.89337,6.3465
199524035,239.90198,65.83884,9.9748
199549991,240.87059,65.7177,7.9332
198207457,247.33202,64.47509,9.7151
219754094,261.60016,65.23631,7.8724
202466962,228.56929,65.18304,9.9581
334753471,246.5985,64.462326,9.8237
289571333,252.11546,65.36959,9.71764
289581571,252.31572,64.71706,9.94049
202467023,228.63826,64.88895,9.26195
219765652,263.00488,65.77138,9.33248
219766122,263.05954,64.27649,8.8126
219809247,266.58737,65.464874,9.03057
232979046,218.3981,65.39543,6.0891
159528144,191.08157,65.92512,8.9483
142371887,195.57568,65.634865,8.7762
166126355,215.48103,64.35664,9.4082
166178549,217.56255,65.094986,9.0929
307956524,256.63132,64.16121,9.5857
233656714,259.60016,65.88352,9.9364
138505754,157.47682,65.62623,5.37293
138506047,157.87323,64.685745,9.0942
159528102,191.07738,65.664215,8.3062
138577559,175.11545,64.6913,8.2828
355897926,201.32863,64.84556,7.02052
166178421,217.57928,65.84275,8.5505
198177075,244.0761,64.27328,7.6409
198241548,249.71703,65.23423,9.9099
307956518,256.63605,64.14909,9.7221
166126718,215.62444,65.58624,9.3785
166089665,215.26033,64.63557,9.7059
166089759,215.20059,64.07337,9.94711
232612827,258.95422,64.410095,8.3455
198279370,250.22966,64.58905,3.78656
157978013,206.87303,64.026855,8.1521
198536645,236.97766,65.48459,9.394
198279224,250.08702,65.11206,8.6681
198211848,248.3603,64.215805,7.6836
459985804,256.5165,64.84678,9.0148
198313888,233.76387,65.24769,8.7996
510470875,240.26826,65.514626,9.9724
459986001,256.48853,65.60021,9.63514
99920423,169.51468,65.25206,9.1886
417919613,184.05328,64.82425,8.6319
310098583,230.61737,65.02858,9.9454
166086781,214.48807,64.73059,9.8764
459970268,254.94083,64.902954,9.90899
462613877,250.83517,64.79623,9.49343
424730566,255.29276,64.6941,8.1472
459978295,255.43732,64.572105,9.09265
232605172,257.974,64.78612,9.37275
232605303,257.94656,65.34919,8.52993
219779375,264.12997,64.27871,9.49714
219822384,268.07162,64.23788,8.95199
459982629,256.2721,65.16425,8.6274
230062246,229.80235,65.992714,7.98979
458479650,233.3029,64.94269,9.9065
219750618,261.21112,64.25527,9.7758
219800534,265.77676,65.477745,9.8652
232977200,218.20612,65.62056,8.8125
232977461,218.1824,64.061516,9.4621
219742885,242.41406,65.82914,8.5954
198553233,237.53342,64.79969,7.1879
198553150,237.47374,65.223595,9.13796
198188936,246.37192,65.767426,9.7275
316451005,221.76083,65.74529,8.6614
335720692,223.35118,64.04666,9.5075
219742997,242.54657,65.431114,9.3513
311088422,219.53984,65.506966,9.5514
458481708,233.38805,65.2068,8.42511
289582095,253.12502,64.94731,9.77134
219750509,261.1624,64.68123,9.48887
219862096,258.07712,65.92098,9.65653
198558443,238.37083,65.28825,5.93298
219742917,242.7273,65.89842,8.5925
310098604,230.45966,65.18737,9.60926
459981982,255.97205,64.27899,9.2235
282923232,223.60706,64.646324,6.9173
157329219,180.93658,65.203964,8.2823
219743035,242.63947,65.197395,9.5979
198214123,248.48294,65.04516,9.1012
219754191,261.53064,64.87946,9.3785
147685113,189.44104,65.556015,9.6919
198237914,249.08794,64.56032,9.029
198183485,245.221,64.36103,9.81667
334832426,250.54051,64.24291,9.15978
335682330,222.47299,65.54724,7.7679
198516246,236.64955,65.8644,7.97558
202443560,228.04865,65.303345,9.3813
198183069,245.42984,65.93524,8.6767
198183483,245.22427,64.36272,9.14674
230119673,249.78464,65.922714,8.89169
198279004,249.95757,65.81581,8.7502
307957013,256.74426,65.96087,9.2284
159629809,220.29831,64.68407,9.9657
198536913,237.19777,64.257935,9.70922
157330956,181.50613,65.05871,9.8103
147686809,189.75822,65.19755,9.497
157330971,181.52866,65.149376,9.5142
157331010,181.63004,65.49521,9.303
310994652,203.60954,64.94183,9.2961
219428692,254.51823,64.06388,9.6706
316451192,221.91917,65.2519,7.4739
357395291,231.83875,64.28855,9.5955
198555602,237.8376,65.42504,9.5564
138649183,178.34758,65.05264,7.7932
157332963,182.06755,64.80396,8.8227
166076051,213.94148,65.54175,9.7836
202443768,228.0596,64.1793,9.5688
282925184,225.01122,65.47622,6.03209
166180348,218.01585,64.888176,7.8658
166180355,217.87537,64.944084,9.884
166180388,218.02191,65.184326,9.8757
166180502,217.86095,65.828476,9.2065
198161444,243.72705,65.2462,8.3781
198555309,237.88737,64.022255,8.3376
198555432,237.79036,64.57808,9.2338
198555596,237.7767,65.40848,9.1332
198555594,237.89752,65.3962,9.4706
219428411,254.58656,65.3315,9.6473
166075919,213.93727,64.87256,9.3896
99937293,170.2235,65.348694,6.7442
100014076,173.8045,64.31149,9.75954
100014078,173.87907,64.31688,8.3769
138560168,174.68208,65.3663,9.36887
284183536,206.10909,65.13609,8.73402
166053132,212.51952,65.59136,9.658
166089097,214.94516,64.00154,7.97376
166089535,215.2887,65.363464,6.79823
166089209,215.01314,64.7609,9.0089
202466467,228.38554,64.09527,9.7401
198188921,246.26512,65.845764,9.1452
159613900,219.75089,64.291664,7.0395
341545042,201.56737,64.749886,9.6499
166064757,213.33394,64.245834,7.81295
142396910,198.70148,64.29538,9.0663
166073590,213.75732,65.4641,9.4857
459985588,256.426,64.145706,9.60013
142397006,198.84833,64.9391,9.057
199550090,241.25911,65.66076,8.8565
459970307,254.9241,64.69911,9.3188
166073568,213.75421,65.57478,9.938
202511499,232.5912,65.36741,9.86471
198241524,249.59773,65.31345,9.7168
219750688,261.18063,64.018745,9.93419
202421931,225.43207,64.538635,9.408
147625352,183.45631,64.4483,7.8031
138560530,174.87038,64.47591,9.9171
289510318,200.09274,65.813805,9.7627
289510370,200.13562,65.37588,9.057
233656699,259.71414,65.97985,9.623
142386014,197.51704,64.305595,9.0642
142395132,198.39343,65.37394,8.648
198180316,244.86174,65.61422,8.1539
198182944,245.00363,65.49067,8.9733
236716793,239.41734,65.39668,8.2314
142395188,198.32578,65.77577,8.5387
233172907,216.38742,65.98783,6.80623
138558424,174.5937,64.17683,7.74811
158437269,202.58769,64.75047,9.378
158461505,203.36896,65.827965,9.75418
158461515,203.31046,65.93737,9.2936
202509442,231.98402,65.259026,9.5645
272751181,236.9514,65.87906,9.45354
232609966,258.77444,64.07918,9.54263
147680263,189.08644,64.845665,9.8721
236714513,239.26115,65.22396,9.8451
202300278,234.78717,65.06648,9.8505
229549672,183.1817,65.86886,7.7857
99869706,166.89519,65.84514,8.2707
202407182,210.68822,64.896614,8.368
202407195,210.685,64.983536,9.0022
202426330,226.52834,64.51065,9.2343
202426477,226.48701,65.43679,8.8952
219739937,242.02429,64.83654,7.7943
198558314,238.39804,64.77673,8.306
159614473,220.18568,64.70656,9.7319
232616536,259.32544,64.084335,7.6904
219791633,264.84027,65.33108,8.8565
289510320,200.18198,65.78403,9.7321
355897623,201.10631,65.21927,7.6609
282925081,224.9717,64.90793,8.0627
289570935,251.98581,64.937126,8.7356
287137719,252.5464,65.468094,8.2056
287137724,252.66277,65.4844,7.6783
287138322,252.91304,64.11446,7.08866
166150466,215.92047,65.39551,8.7507
198207398,247.25464,64.78673,7.1344
310994603,203.71011,65.255035,7.51994
199523754,239.98256,64.54408,9.1814
198207384,247.33502,64.85749,8.368
459979243,255.68088,64.026794,8.47786
459969792,254.84291,65.209984,9.45639
142301385,192.41722,64.65462,7.2512
198207520,247.1717,64.22617,9.62773
219753908,261.5358,65.79089,9.91143
219754045,261.56647,65.38096,9.7699
199524145,240.26842,65.51488,9.0151
229552665,238.45274,64.15927,9.62394
149915777,160.24571,64.2242,9.7102
99920760,169.66782,64.4404,9.23771
99920817,169.63965,64.16052,8.52332
232981025,218.91147,65.58803,9.99658
202426312,226.32835,64.420586,8.5749
316450760,221.88054,64.55035,8.52272
335720078,223.03772,64.634,9.3845
233181101,218.68132,65.97107,7.58749
198558258,238.38971,64.54638,9.4531
335720234,222.92659,65.51729,9.9629
202440746,227.34792,64.80065,9.8328
202443189,227.77472,64.62412,9.8112
198314359,233.9871,64.10009,8.4618
236711877,238.89377,65.28631,8.8804
198316152,234.25142,64.439926,8.2533
166089770,215.26904,64.014915,8.99399
198179969,244.62846,64.78076,9.1384
232612839,258.81683,64.438065,8.44503
198536950,237.16966,64.098625,8.88059
149917324,160.4858,65.71628,4.1203
287296590,156.25429,64.1579,6.1982
157318769,179.92737,64.861336,8.7003
202422034,225.37027,65.013504,8.3864
202491267,229.80121,65.666084,8.2509
202491276,229.82727,65.72841,9.9551
334637221,235.52881,64.56513,9.4191
149917129,160.38899,64.23645,9.1543
149917215,160.38208,64.85474,9.7789
310979899,190.38284,65.32186,7.5433
165991721,211.02704,65.34642,7.7161
311036786,204.34492,64.88133,7.943
284183433,206.04857,65.76852,9.9156
159635469,221.0451,64.32884,9.6352
334637322,235.61345,64.036804,9.7796
157329241,181.06006,65.3756,9.80008
219879989,261.4427,65.93548,9.35982
282855338,221.31924,65.32998,6.7488
219739808,242.03621,64.23923,8.2468
219003476,219.46465,65.99649,9.5848
219761293,262.2919,65.07172,9.37127
138544299,174.02144,64.251915,8.6786
158436841,202.36964,64.85909,8.85937
198516558,236.48,64.27634,7.304
159547343,191.46538,64.22337,9.8854
147642996,185.20514,65.660805,9.5433
147643049,185.07655,65.23992,9.9821
289512175,200.75468,65.79029,9.7824
165989733,210.98537,65.21171,9.7408
99937375,170.07082,64.77075,9.6066
232616518,259.40756,64.03315,7.00874
219003496,219.95021,65.993126,9.95409
159614566,220.0292,64.229904,9.60908
198159950,243.06552,65.22415,9.4799
142276294,192.2336,64.73506,7.59966
138506032,157.87329,64.78663,9.46231
142276270,192.18489,64.855316,8.9361
142371632,195.47493,64.59415,9.53112
307956620,256.64624,64.53848,9.53236
233684822,260.9032,64.862236,9.89947
198177394,244.02054,65.579445,9.9103
138577493,175.23164,64.25487,9.7413
138506114,157.80083,64.293915,8.2113
341545045,201.76921,64.73553,6.2537
138577481,175.24408,64.21232,9.0073
287151185,253.85045,64.92931,8.4891
147560374,163.69218,64.11734,7.8167
99937114,169.9233,65.39318,8.3599
99937183,169.88792,65.84338,9.3984
202424453,226.1863,65.60616,9.2272
202427932,227.1821,64.54769,6.1311
202428019,227.24583,64.08273,6.9924
334652527,235.82411,65.485985,9.2028
148839243,163.12917,65.65852,9.5639
147671957,187.08313,64.461624,9.2894
459224795,203.82558,65.3585,9.7002
232972204,199.59515,65.887024,9.611
158436739,202.47037,64.18051,6.3264
202511282,232.73236,64.20869,4.88792
355835120,153.47234,65.251396,7.1599
99990178,172.3032,65.55071,8.1881
282927478,228.74315,65.971375,7.0562
202511271,232.81097,64.145905,8.2881
202511362,232.6704,64.66203,8.7641
236714069,238.92601,64.46523,9.4837
198204214,246.80539,65.9472,9.4904
198204521,246.67265,64.76015,8.8091
198204528,246.85187,64.73649,9.882
355867913,156.92686,64.609314,8.0692
355867998,156.96785,64.17114,7.766
99867658,166.46555,64.483185,9.6531
99867726,166.40596,64.9154,9.3161
138633719,177.91933,64.2365,9.9512
99989992,172.22955,64.126396,9.5712
166012126,212.07121,64.18595,9.5376
166075851,213.93556,64.60705,8.29634
355896688,190.82446,65.946396,7.2634
99906296,169.10097,65.246284,9.1789
99918847,169.07413,64.06227,9.1606
142811347,173.63063,65.95426,8.9701
236714240,238.93454,65.35173,9.4596
198555348,237.7897,64.21907,9.2612
198555587,237.92296,65.35682,8.92906
198238305,249.18875,65.65004,9.31783
335768461,224.7112,64.86589,9.82516
236714324,239.0574,65.75403,9.9536
236714461,239.29567,65.47411,9.90439
198238666,249.26231,64.12767,8.9874
138546343,174.56416,64.78725,8.5764
198314293,233.93953,64.454834,9.5017
99842293,165.68758,64.1859,8.2816
166012567,212.33293,65.558464,7.4401
232979278,218.63446,64.966095,6.8702
99841865,165.4588,65.11834,9.31
99841977,165.56563,65.840256,9.7235
142319205,193.99562,65.256065,9.1335
198182651,245.0592,64.1501,9.8914
202491568,230.13739,64.366714,9.98595
237102443,241.03903,65.95922,9.9634
459222815,201.79393,64.719536,6.6161
142385827,197.65749,65.56767,8.2925
202505705,230.6746,65.024574,8.32239
142385885,197.56326,65.207115,9.2009
142395057,198.34598,64.91796,9.55088
142395432,198.46971,64.468445,9.60461
313261813,205.37456,64.82241,5.8096
287138053,252.88684,65.19939,7.6173
100012635,173.57597,64.731514,9.5607
282925121,225.05455,65.107956,9.38482
459985599,256.42517,64.184845,9.79193
313261759,205.27321,65.12465,9.84809
282925250,224.87733,65.97172,9.87667
138505551,157.41371,64.62192,7.4737
202380291,209.51903,64.43668,9.1723
159635144,220.77487,65.89061,7.8579
232539044,227.23111,65.999466,9.0052
335720521,223.14433,64.79433,9.7171
198162002,243.93074,64.12775,9.5614
198186173,245.91475,65.45296,9.9581
166076424,214.29942,64.3021,9.9062
202380263,209.47311,64.553474,9.4877
99904467,168.65039,65.44589,9.7421
202426247,226.45793,64.0472,7.7885
99869786,167.21733,65.49871,9.1527
289510402,200.09058,65.10605,8.53613
138560272,174.889,65.83266,9.44033
202407079,210.65149,64.32897,9.87126
202407133,210.57889,64.60675,9.5478
202426591,226.63214,65.73766,8.3411
198555943,238.05017,64.948425,8.76397
198555959,238.04848,64.88347,9.589
99869767,167.16887,65.612335,9.7202
202407118,210.6556,64.54742,9.8102
147627669,184.79552,65.22227,9.0877
202440886,227.2651,65.47298,9.7382
198177308,244.11215,65.2245,8.8772
198177441,244.2256,65.81791,8.6794
198177780,244.29317,64.49815,8.9047
147627650,184.73836,65.36732,6.1802
165991532,211.09734,64.37587,3.6869
149910965,159.19365,64.34372,8.2393
100008358,172.57135,64.35596,9.5542
158447762,203.0782,64.47307,7.5478
166064211,213.19215,64.92302,6.3594
166066762,213.63379,65.05912,9.41971
233189676,225.58612,65.96504,6.8971
202507787,231.24294,64.12569,9.8137
202504643,230.18753,65.982506,8.6647
219740281,242.18701,65.45078,8.8345
198238279,249.27965,65.77087,8.9619
198238371,249.18428,65.37585,9.7633
99816616,163.87325,65.19805,8.9615
99990250,172.47292,65.8788,9.9132
158447524,203.20026,65.72652,8.5212
158447635,203.08095,65.096275,9.3376
166064264,212.9509,65.22369,8.6889
142348479,195.14737,65.80206,9.6783
417852039,161.1278,64.236534,9.8687
138577804,175.43504,65.687584,8.35964
198161549,243.55531,65.69478,8.3094
138578015,175.56837,64.33411,9.4391
142381854,196.2722,65.71148,9.798
198211364,248.02087,65.55376,8.76926
289539946,251.5534,64.30262,9.66087
417849730,152.2582,64.44461,9.67411
138505483,157.61078,64.25769,5.9278
142381668,196.42026,64.61257,8.9135
142381847,196.42152,65.66902,8.0274
298108871,205.52687,65.27309,6.4674
199524246,240.24118,64.950035,6.98161
166087234,214.75308,64.64135,9.0611
417849748,152.10564,64.54276,8.9789
138592775,176.89331,65.15829,9.3724
282927621,229.19456,65.283066,9.68065
166087289,214.801,64.37004,7.74768
198516314,236.50575,65.58005,7.97262
282920833,222.18832,65.12897,8.2229
198241258,249.56824,65.42624,8.62136
158447307,202.97235,64.910286,8.2305
158447336,202.86665,65.064026,8.2801
335682360,222.59123,65.645836,5.4038
99937234,170.06573,65.68377,9.8026
355867638,153.55211,65.705505,9.5254
147679837,188.68782,64.36191,8.7121
355897941,201.4706,64.75511,9.9532
310781907,156.43625,64.54406,9.1069
417921545,186.15144,64.10544,7.3185
159528365,191.2662,64.62785,7.5554
99825600,164.42897,64.01819,8.88202
99825659,164.54185,64.31589,8.16147
99826088,164.68628,65.039314,7.59823
147681844,189.3471,64.57101,7.8096
147685324,189.45708,64.28688,8.8719
159634826,220.75613,64.173355,8.0689
159634838,220.8104,64.27336,9.6845
219743221,242.59995,64.3513,9.8002
198185647,245.59782,64.28948,7.8629
198185705,245.49698,64.542656,9.0507
417850234,159.77478,64.75749,9.0332
417921531,186.19815,64.03367,8.4536
99825831,164.50963,65.30783,8.5278
99826023,164.81656,65.45923,8.324
147681739,189.31557,64.07439,7.9892
147681752,189.36371,64.12362,8.68198
147685291,189.42435,64.475395,9.3084
99900586,167.64394,64.73404,9.10426
99906031,169.00659,64.90762,5.9985
310781851,156.59755,64.83712,9.9573
157336880,182.68349,65.853935,9.5249
157348908,182.68329,64.336494,8.7049
157969142,206.39844,65.80464,7.8703
202381816,209.62009,64.89387,6.17377
142397176,199.01721,65.69183,6.422
166173959,216.50014,65.82695,8.8363
198316556,234.45833,65.24308,8.9278
202353038,236.11299,64.479225,7.86478
202353057,236.2021,64.557205,7.967
165992062,211.46223,64.61575,9.808
153976647,203.2063,65.96004,9.3567
142383640,196.91081,64.470894,9.1075
202353099,236.19914,64.74073,8.7281
202353560,236.4397,65.03213,7.31
202353789,236.36588,64.091034,9.2379
272782569,238.43066,65.92671,8.8643
198213983,248.4251,64.40313,7.9215
198214087,248.41414,64.87185,9.53555
198214303,248.47139,65.88394,9.5571
202382220,209.9431,64.69168,9.1001
202353040,236.1567,64.486176,8.8491
198281642,250.43852,64.10891,9.359
287296306,156.2778,65.90917,6.70833
142308280,193.41005,64.14626,8.63395
142308561,193.34799,65.77819,8.4727
142321713,194.57855,64.92554,5.4701
142385704,197.21103,65.57294,6.2165
199549845,240.87004,64.86093,9.7506
199573024,241.52399,64.687294,6.01756
199573202,241.51515,65.457726,9.3499
358767955,209.26756,65.32185,9.9355
142385724,197.23257,65.67179,9.5823
282925269,226.92288,65.84263,8.9234
157320247,180.032,65.61881,8.7766
157320257,180.1333,65.678406,9.6347
166005365,211.78612,65.422195,7.5943
459224491,202.15213,64.72922,8.37637
166150348,215.91747,64.74617,6.5225
202421963,225.48917,64.674706,9.0122
202443306,227.80289,65.22279,9.4641
287285862,155.56857,65.14491,9.8153
287285913,155.59894,65.61763,9.0388
138661920,179.69617,64.11742,9.542
157320497,180.24197,64.35759,9.4439
166005292,211.78214,65.76377,8.7377
166086963,214.56758,65.74633,9.9029
157320030,180.11902,64.16086,9.1392
157320346,180.3333,65.64052,9.9143
284185440,206.2105,64.370125,9.66591
138653108,179.42683,64.468414,9.97654
138619731,177.15823,64.819,9.5831
202422252,225.74542,65.778275,6.8177
458481879,235.16754,65.840675,8.8432
99841802,165.5412,64.78145,9.54039
138545972,174.23143,64.67121,9.8162
142319056,193.92128,64.39816,9.6713
282855395,221.22835,64.977875,8.85324
198314198,234.01244,64.91472,8.958
458482136,235.23663,64.4821,9.13346
458482209,235.09422,64.097694,9.2109
282855392,221.31679,65.00407,9.779
355828794,152.92984,65.23176,9.3624
138579772,175.64409,65.478905,9.8919
99867873,166.82727,65.74969,7.6439
311114731,232.485,64.64989,9.3416
99867841,166.54082,65.8758,6.856
142414415,199.9653,64.457924,7.8335
138542031,158.7508,64.37167,8.8505
138579733,175.82436,65.3109,9.2161
99865889,165.89204,65.20223,9.6036
158437030,202.40024,65.673096,9.7852
142301610,192.66656,65.84098,9.0207
298109017,205.53307,64.52021,9.788
202427680,227.08081,65.78869,4.5845
298091913,204.53156,65.45213,8.6695
298091973,204.6616,65.06849,9.43645
166176593,217.29701,64.29807,9.396
289512179,200.71176,65.75989,8.2453
147627601,184.71268,65.631454,9.5257
99971167,171.24313,65.24333,8.84392
99971170,171.44759,65.2946,9.0522
198177457,244.16135,65.917656,9.7363
198177208,244.17078,64.88635,9.024
198177784,244.26779,64.48961,9.13604
138580098,175.91444,64.19012,8.6861
99904375,168.36244,65.71634,9.32411
198161860,243.9443,64.82635,8.72523
198237897,248.86006,64.50279,9.48469
157329574,181.20476,64.288055,9.9115
202382154,209.95915,65.090866,9.9886
99988194,171.91837,64.20409,7.5443
149928206,161.90298,65.61664,4.6258
149928085,161.78769,64.85686,8.1811
157350169,183.02295,64.46379,6.1213
287254881,154.7769,64.882095,8.8867
287269368,155.3622,65.23001,9.7517
149928326,162.08525,65.48685,7.8243
149928367,162.06906,65.1233,8.2046
157327550,180.86993,65.87367,9.9357
459243089,204.18034,64.98876,7.6727
149928178,161.92792,65.46254,9.7718
99937206,170.02011,65.84649,7.54375
335682158,222.46353,64.58056,8.0446
166064484,213.37279,65.50974,9.8891
355867583,153.63351,65.4483,9.70721
356540763,153.78015,64.328415,9.02514
202511303,232.79495,64.30029,8.9348
198182825,245.07233,64.96853,8.4727
198182953,245.09084,65.521736,9.17357
198204303,246.81921,65.59221,9.3096
289581438,252.33217,64.20169,9.63456
289581848,252.37369,65.86531,8.9769
99866031,166.22513,65.7353,9.9536
99990130,172.29453,65.152756,9.65008
356537780,152.5746,65.26192,9.5828
99990261,172.5858,65.81336,9.8863
154108188,211.48189,65.99888,9.83188
282927209,228.92342,64.33458,9.95718
202469164,229.6105,65.02612,9.86153
148839359,163.39726,65.43476,8.44565
147687032,190.07092,65.16891,8.7876
142319244,193.86896,65.43848,4.9422
202424390,225.99069,65.919716,6.18412
202424578,226.19566,64.81213,8.7217
147560388,163.52165,64.02631,8.9932
147686968,190.13573,65.58453,9.8953
147687063,190.08403,64.924385,9.93442
100010681,172.8237,65.89532,9.31192
142306550,193.0769,65.74595,9.819
142306765,193.26433,64.53113,9.2751
459224921,203.92632,64.473,9.23416
166073879,213.70654,64.20957,9.5454
202427858,227.10068,64.90281,9.63028
334652570,235.93723,65.67873,9.81509
287287962,156.13042,65.68212,9.7236
287287762,156.01097,64.48723,7.8817
149911002,159.25793,64.12922,9.58852
165989837,210.81049,64.725525,9.2647
158447595,203.14474,65.339134,8.85827
198318709,234.57419,64.945496,9.18022
198238414,249.27843,65.19047,9.47355
289521767,200.64485,64.77849,9.5971
99867708,166.4009,64.80398,6.969
202469088,229.6379,65.42091,7.71886
335767959,224.52776,64.62231,9.91956
166176108,216.91928,64.888596,9.23127
202469175,229.5205,64.950935,8.9945
445837795,187.95757,65.19622,9.74984
157327511,180.5036,65.79975,9.9201
335768450,224.67459,64.93616,9.66965
202469173,229.6866,64.95981,9.9228
142348556,195.02269,65.36877,9.9155
335768275,224.77734,65.80525,9.94702
138541510,158.47517,64.684616,9.6042
138541695,158.51822,65.63329,9.8444
138541784,158.62529,65.68359,9.4107
138541788,158.81113,65.655136,9.8763
99904371,168.41457,65.70513,7.4022
138652784,179.15703,65.242905,5.62852
99834688,165.17154,65.165115,9.4497
99834875,165.36905,64.032845,8.7338
142308396,193.30753,64.73154,8.5267
287286130,155.71663,64.95822,6.9973
287286222,155.75327,64.49548,8.3394
99834381,165.09169,64.94762,9.732
142308668,193.67564,65.33645,9.3225
298108423,205.13254,64.31384,9.24001
311037182,204.83842,64.74597,9.7746
142374070,196.16002,65.051575,9.8272
311036922,204.35492,65.64737,8.7904
166064773,213.2579,64.15478,8.85759
284183557,206.02705,65.035576,7.4735
142397185,199.0418,65.65245,8.0014
356542698,154.1825,64.66674,9.2958
287296606,156.32178,64.10489,9.4579
149919048,160.9161,64.92162,9.08576
149917128,160.3448,64.232506,9.658
149917279,160.31181,65.37953,9.6785
157318663,179.941,65.67194,9.7281
159547473,191.54713,64.97657,8.697
284183685,206.04095,64.347496,9.0226
356542679,154.09914,64.51096,9.7255
165991548,211.21147,64.42987,9.919
356581854,154.43108,64.96897,9.9258
417917826,183.81445,65.16738,8.20855
316450960,221.90158,65.486755,8.07279
166012100,212.0799,64.068436,9.313
310781789,156.4826,65.23765,9.80296
147922028,165.00996,65.9522,9.3753
99900589,167.68846,64.71239,8.80881
99906195,169.14926,65.935036,8.98345
99906216,169.11096,65.79998,9.3872
159549584,192.0085,65.434135,9.1621
356540681,153.76288,64.71709,7.7129
165991890,211.37857,65.60577,9.21643
165992084,211.4497,64.50934,9.90871
316450814,221.73355,64.73479,8.82415
335682591,222.82336,64.95667,9.8584
287286257,155.89095,64.309654,9.74994
149915491,159.9418,65.75585,9.7464
149919095,160.91313,65.23876,9.41862
147560142,163.52516,65.52556,9.38944
149915458,159.89833,65.52712,8.6295
356537462,152.4348,64.95821,9.4186
355828727,152.82608,65.555435,9.2521
198281945,250.4172,65.401634,9.68225
166150713,216.21194,65.15862,8.7519
159613868,219.84512,64.1539,7.13938
202381829,209.72354,64.963234,9.7929
202353086,236.081,64.66037,9.9035
232963052,196.34009,65.989746,8.8909
202382219,209.91357,64.69317,9.63123
166173971,216.35724,65.88065,9.0226
311114599,232.57376,64.01301,9.1259
355828887,152.84076,64.68801,9.7784
149912425,159.53816,64.97029,6.8219
149927176,161.32617,65.04771,6.8968
355828917,152.84134,64.54346,7.16371
138579976,176.00117,64.964195,7.6476
99956360,171.06557,65.04538,7.5454
298109041,205.55023,64.353676,8.9843
356584039,154.68092,65.34985,9.5192
138579578,175.74556,64.35541,9.0151
99865887,166.0711,65.19335,9.48142
157327421,180.67018,65.06969,9.0638
142301856,192.69615,64.22843,9.0483
282920731,222.301,64.589676,8.60923
358767963,209.10513,65.350746,6.9725
138588540,176.38057,65.540985,8.0621
284185480,206.37436,64.63073,8.0168
358767843,209.17776,64.66574,9.0954
142308478,193.46918,65.262566,9.14139
284185485,206.22769,64.66583,9.3303
199547605,240.6509,65.69436,8.69007
199573174,241.33128,65.31805,8.37067
149951035,162.42134,64.515305,9.76413
142321530,194.33246,65.88601,9.9396
99954528,170.71352,64.33051,5.9648
356540222,153.02754,65.06813,8.69988
138650847,178.63963,64.904526,9.27791
138650903,178.56764,65.21929,8.29102
138662035,179.57315,64.882515,9.6066
138662024,179.59923,64.83359,9.44403
157320007,179.99765,64.0068,9.2655
157320206,179.96663,65.38168,9.5003
157320243,180.17677,65.58601,9.00823
157320424,180.40543,64.93934,6.96041
282925457,226.89804,64.91355,9.08989
202443380,227.86038,65.639084,7.53688
99865719,166.12708,64.08687,9.8606
138650841,178.61485,64.88032,9.8026
99938349,170.726,64.52891,9.7506
99956320,171.1669,65.276436,9.673
138541832,158.81029,65.44829,9.28512
356583991,154.50845,65.10835,5.6264
417850184,159.56923,65.01977,9.1145
99832841,164.72511,64.199814,9.6344
147681955,189.18492,65.23319,8.811
232981185,219.03699,65.39307,9.4717
198313671,233.78091,64.09442,8.72442
198314134,233.80865,65.277756,7.38083
159634928,220.8812,64.74115,9.90496
138541579,158.52109,65.00562,8.058
355867963,157.0955,64.34166,9.5527
99823641,164.05038,64.53805,6.3861
417867425,161.56851,64.436714,9.8493
99823778,164.04494,65.57037,9.8611
99823874,164.29588,65.706726,7.6038
99823893,164.39656,65.61607,9.1353
99824069,164.27803,64.65665,7.9454
99824169,164.34808,64.10767,9.3902
166076365,214.37698,64.61799,8.5354
138543792,158.87428,64.856636,7.0126
138507958,158.06363,65.082695,9.7222
99823628,164.07593,64.424774,9.4652
373675209,188.51938,64.18208,9.3817
373675168,188.4437,64.35893,9.84369
149928000,161.89026,64.381546,8.74322
149928173,161.93219,65.46009,7.2104
148839101,163.13472,64.7752,8.32606
149927150,161.29478,64.8979,7.5313
149928023,161.901,64.54284,8.13779
149912353,159.4019,64.5462,9.57448
100012575,173.52943,65.24253,6.7814
287269444,155.30763,64.82994,9.4332
149928365,162.2078,65.13249,6.43986
355867842,157.13568,64.99542,9.01743
355867879,157.11438,64.78922,8.89151
99988359,171.8009,65.13187,9.42049
99988366,171.76573,65.16693,9.43324
166012284,212.16414,64.95325,9.3333
355918372,205.66548,65.388504,8.77241
355867838,157.00629,65.03074,9.9747
138508187,158.24448,65.452835,7.3666
138508153,158.27322,65.62273,9.0765
287287930,156.0327,65.56642,4.99804
99834686,165.36983,65.1839,9.35058
99841701,165.56047,64.179405,9.5053
138652747,179.18387,64.97163,9.81533
138652867,179.02278,65.84978,9.6019
142317501,193.76997,64.1971,8.43485
142373940,196.03542,65.87492,8.8342
142317452,193.65645,64.41484,9.1092
99834757,165.34518,64.714096,9.9307
138477024,157.1877,65.86937,8.64602
99823965,164.28845,65.27806,7.7674
99823799,163.9677,65.731926,8.0016
373675041,188.67009,65.17188,9.46764
373675029,188.62466,65.21965,9.16159
147670637,185.49469,65.687935,9.68969
166075911,213.99873,64.85319,7.05784
147670625,185.36789,65.63823,9.6162
138508384,158.30075,64.31028,9.97559
138558387,174.38005,64.42911,9.3153
1102522669,220.92227,67.4344,9.8914
900621565,164.13197,66.16776,9.7602
950654854,192.25688,66.10979,8.5898
1981244199,301.61386,67.92358,8.8335
900599921,176.09753,66.403786,8.2807
1718142963,280.1959,66.54789,9.5929
1400994843,261.2504,67.30671,5.7167
1400970040,268.79922,67.477264,9.7966
1551640306,279.59723,67.127304,7.1246
1718128182,284.52686,67.261,9.90237
1102480439,231.37448,67.053085,8.9702
1102480440,231.37294,67.053055,9.2586
219006603,220.92227,67.4344,9.8914
219089912,268.79922,67.477264,9.7966
341687654,192.25688,66.10979,8.422
313276543,213.11363,67.58762,9.894
334635923,231.37448,67.053085,8.9702
219880402,261.2504,67.30671,5.7167
147895699,164.13197,66.16776,9.7602
142863815,175.6181,67.09696,6.575
142871498,176.09753,66.403786,8.2807
230126340,251.20732,66.779465,9.909
233195058,264.2696,67.11923,7.765
229784078,283.61572,67.02948,9.695
236764601,273.48523,66.47788,9.745
233206248,266.232,66.46464,8.815
229739694,279.59723,67.127304,7.1246
229794188,284.52686,67.261,9.90237
229744770,280.1959,66.54789,9.5929
259128584,291.8557,66.013885,9.542
269667059,301.61386,67.92358,8.8335
232968461,198.04935,66.150764,9.129
103689994,154.60683,67.474335,9.147
272785409,238.96486,66.97842,9.744
219895832,263.01053,66.34548,9.305
219882856,261.57175,67.76586,7.314
148910748,185.8884,67.1884,9.032
219862354,258.34503,66.64905,9.88
255867967,307.61523,66.056816,6.4642
422356606,306.77628,66.141335,9.9742
422355791,306.81863,67.22371,9.5053
422356339,306.58542,66.47725,9.37644
258631111,306.38983,67.495544,9.404
258631478,306.44104,67.14136,6.92162
255868130,307.54498,66.20402,9.8482
255868157,307.5275,66.22842,7.41864
258512444,305.44138,67.60748,8.3123
403114080,303.6009,66.932915,7.5028
269664492,301.3023,67.539925,8.8257
258630848,306.34088,67.75902,9.2656
349918413,304.85193,67.522255,9.85
422356362,306.58167,66.44175,9.04846
314641906,307.19446,66.651924,9.9736
422356497,306.82346,66.276886,9.70806
258549558,306.01364,67.60733,6.7702
258546877,305.7078,67.414,9.4141
314642210,307.16202,66.3214,9.7692
258548526,306.1015,66.41679,9.8813
349919173,304.79004,66.49419,9.9597
258546831,305.64825,67.471756,9.06879
258547172,305.65274,67.04721,9.04347
258549140,305.95853,67.100876,9.57309
349976732,305.30682,67.78991,8.53209
258547198,305.66187,67.00997,8.43253
403114105,303.5357,67.07397,7.58538
269665384,301.44775,66.288795,8.304
403113935,303.66522,66.13344,9.4112
269665104,301.44308,66.644875,9.4831
349918772,304.97617,67.04576,9.9812
269597733,300.73996,66.19354,9.5729
349976376,305.19815,67.282814,9.3938
258549111,306.15967,67.07015,9.1694
255867751,307.0018,66.04603,9.4032
349976505,305.03705,67.432526,9.25802
258631784,306.47983,66.81578,9.5832
403114253,303.7046,67.76686,9.2402
403332208,304.10138,66.23988,9.83886
258510801,304.49365,66.23326,8.3016
258548184,306.19257,66.01525,8.3072
258631735,306.51294,66.87237,7.6336
258631703,306.532,66.912056,9.3681
258511313,305.51495,66.210686,8.54432
258512147,305.48242,67.22652,9.8206
258512171,305.35046,67.25459,9.5773
403585118,304.38052,66.85369,5.3616
258512087,305.41086,67.149376,9.20468
403117736,303.4053,67.36977,9.99209
269599327,301.03738,67.913,9.459
349919006,304.85388,66.71449,9.99197
349919795,305.1637,66.15113,9.51023
349920226,305.17633,66.693726,9.1924
258510165,304.44254,67.01294,6.4069
269599113,300.8884,67.59064,9.2882
269666461,301.75726,66.99647,9.2605
269700422,301.96454,67.95799,9.6907
403585202,304.32855,67.64584,7.9386
269700605,301.9147,67.67866,9.8694
269664239,301.23315,67.93883,9.8575
402893991,303.22195,66.24566,4.6151
269666779,301.695,67.48198,9.9544
269666871,301.72867,67.644196,9.7571
269700721,301.9465,67.47667,9.8388
403589385,304.40527,67.93006,9.4308
403589387,304.43613,67.97613,8.4242
403332369,303.97195,67.557686,9.3524
269701147,302.024,66.85058,8.2929
269701267,301.79483,66.697975,9.46804
269598225,301.0267,66.29448,9.6882
269598430,301.08856,66.56741,9.78559
403585075,304.41907,66.4417,9.9878
403589200,304.2919,66.25365,9.98994
269598007,301.00656,66.04092,9.25431
269665934,301.74994,66.308014,6.93699
269666569,301.61472,67.144455,9.32561
269700406,301.82642,67.98633,9.02114
269700886,301.82953,67.21569,9.22997
258510183,304.47195,66.98787,9.21
258509996,304.5798,67.2514,9.2321
269664292,301.21576,67.840904,9.6096
402897627,302.76343,67.05561,9.5985
402897493,302.77658,66.53297,8.8503
269598851,301.05197,67.169464,9.3441
269665301,301.2234,66.37777,8.642
366513725,302.07538,67.27866,8.79819
269596634,300.75507,67.83666,9.32674
366436263,299.2704,67.51922,9.4476
269597106,300.58304,67.09202,8.7991
366435682,299.22858,66.72816,9.9508
359981627,300.273,66.161575,9.83096
359981912,300.38727,66.514565,9.58849
366490522,299.82788,67.48239,8.0575
366490859,299.91867,67.0408,9.129
269701559,301.89334,66.26171,9.39331
269701714,302.0393,66.03975,9.2241
1884303385,299.03787,66.300644,9.5699
359981960,300.56348,66.58462,9.8144
366513573,302.14597,67.07664,9.69541
366513886,302.16852,67.46931,9.61913
366513907,302.17307,67.49646,9.36214
402897480,303.14597,66.461395,6.6822
269665234,301.3841,66.461525,9.00687
402655800,302.50488,66.95338,8.9117
417736216,299.4193,66.12274,9.9255
269596602,300.6321,67.90081,7.4805
269596928,300.78122,67.34302,9.4844
402655827,302.383,67.09301,9.4104
326257443,299.03757,66.300385,9.0576
326257275,298.88327,66.08213,6.8127
280068769,297.98444,66.79899,9.7722
279981456,297.1718,67.02449,9.9346
279981833,297.17438,66.52646,9.1739
280074348,298.23914,67.58933,9.359
280074444,298.40253,67.443054,9.7883
280075370,298.4091,66.25793,9.7419
280161601,298.22736,66.05568,8.5387
280074194,298.23572,67.791,8.8898
280074820,298.24493,66.9251,9.4455
417735681,299.58987,66.7905,7.44696
279980938,297.01627,67.78574,9.31106
279983256,297.5098,67.28836,8.0246
280074241,298.35477,67.73398,9.95185
402897784,303.03433,67.884796,9.5348
359982461,300.55722,67.26391,9.6538
417735733,299.49323,66.71428,9.48995
258353560,296.609,66.59194,9.3199
417735032,299.36838,67.63402,8.1663
366435611,299.31253,66.617294,9.9102
264303616,296.18494,67.63397,8.0058
326257711,298.99823,66.66454,9.4929
326258301,299.02826,67.551834,9.6346
366491189,299.94373,66.59935,8.6012
280036966,297.9282,66.04487,9.5602
280162873,298.657,67.50972,7.08449
280162932,298.69446,67.583496,9.8531
366491681,299.67188,66.00507,9.3972
280162339,298.75485,66.7483,6.28797
258353562,296.42627,66.58838,9.57983
258353762,296.60165,66.31071,9.0165
264303856,296.20486,67.94089,9.3904
366490855,299.81915,67.044334,7.3719
326258494,298.8419,67.871506,9.77225
366490506,299.84076,67.50197,8.7569
359982726,300.36047,67.61012,9.73389
280074267,298.19498,67.69904,9.9038
280068700,298.14362,66.705215,7.5154
402659121,302.53888,67.490234,9.2186
280068946,298.15143,67.06956,8.02419
366490652,299.89874,67.31571,9.8308
366490812,299.73074,67.104294,9.2471
366491613,299.91144,66.08845,9.7996
366490533,299.74826,67.4721,7.36968
269596588,300.86288,67.92287,8.2981
264248402,295.24228,67.767715,8.2708
269596616,300.70447,67.87356,3.40846
264301145,295.8319,67.16853,7.1819
269597554,300.6349,66.43188,9.50603
269597152,300.73462,67.03613,9.1055
258354707,296.69623,66.75561,8.1085
280074425,298.3822,67.46775,7.2004
280075334,298.40833,66.298294,9.52295
258354571,296.93112,66.57573,8.97761
417734853,299.50858,67.86096,8.85202
264171298,294.3452,67.18889,6.9735
280068959,298.0298,67.08019,9.3632
279983096,297.51608,67.03127,9.4161
366436126,299.34955,67.32084,9.4858
366436533,299.085,67.92424,9.5151
264217805,294.6157,66.98687,9.92
279981597,297.08716,66.840385,8.5754
264301972,296.06802,66.14703,9.1831
258354217,296.79193,66.1262,9.93746
264217214,294.8107,67.897736,8.1797
264303599,296.2426,67.61244,9.742
280035613,297.7606,67.58038,8.6308
264302941,296.1558,66.841515,9.8089
258352929,296.41943,67.41045,9.2506
258352700,296.50903,67.738,7.49203
280075025,298.374,66.67354,9.125
264302024,296.04416,66.10493,8.3096
280074373,298.40378,67.54486,9.9774
280161519,298.2904,66.14984,8.1235
264248584,295.41248,67.501915,9.6004
264248815,295.3997,67.20106,9.6597
264249276,295.21857,66.5938,9.3852
264249718,295.21603,66.05303,8.6508
258352874,296.51794,67.47694,7.1909
258353833,296.64548,66.215034,9.4552
264301993,296.00586,66.127144,9.59225
264302054,295.90265,66.07493,9.84283
264220025,294.9761,67.91017,7.7547
264248489,295.4587,67.635765,9.1886
402658927,294.21814,67.37657,8.675
264249498,295.19885,66.320564,8.6564
258355176,296.6926,67.47681,9.5659
258387995,296.9006,67.8432,8.927
258355215,296.7439,67.54296,9.9155
258354794,296.72006,66.91153,9.4025
258355042,296.86914,67.28401,8.75287
366435660,299.12195,66.69149,9.8428
366436021,299.31006,67.18185,9.93847
280162266,298.62186,66.64503,8.32668
258352782,296.42993,67.600845,9.5116
258352801,296.49396,67.582184,8.6077
264248558,295.46765,67.542,8.51866
258353314,296.39563,66.89732,9.1968
264219023,294.91345,66.467964,7.8716
264248349,295.19855,67.83701,9.76627
264248339,295.40137,67.85077,9.7095
264302382,296.34344,66.188644,9.8963
259266354,293.32748,67.77498,9.04283
264301634,295.91327,66.5453,7.5209
264219387,295.14508,66.93936,7.6736
259269070,293.5996,67.733025,9.0781
264219220,295.1076,66.70905,8.7041
264171512,294.3608,67.49836,9.8083
264171144,294.38986,66.9715,9.13648
264250408,295.4982,66.59646,9.3278
514222637,293.22818,66.02018,9.2125
264250555,295.56927,66.80268,9.6549
264302372,296.30084,66.17945,9.7283
259269119,293.69513,67.8043,7.7203
259234246,292.58212,67.30901,9.8937
259267613,293.2287,66.020096,9.0613
259266446,293.13565,67.6606,9.8956
264250274,295.62973,66.43121,9.63054
264250306,295.50787,66.48023,9.7291
259234279,292.7905,67.26495,8.7258
259268857,293.49023,67.46866,9.9386
259169887,292.3398,67.89671,8.5014
259236247,292.907,67.2216,9.52353
259236574,292.92703,67.70186,6.78861
259268365,293.5755,66.81617,9.6651
259168895,292.50888,66.5064,8.6956
259234254,292.61185,67.29661,8.8608
259235052,292.75076,66.25676,7.6436
259001279,289.64014,67.28737,9.7092
259001332,289.55865,67.20341,9.6468
259267111,293.39532,66.68815,9.1141
259267162,293.1707,66.62242,9.4614
402658830,294.03082,66.36506,9.6068
259266953,293.39407,66.921,9.1637
356861810,275.7854,66.202415,9.6352
259129403,291.82703,67.25591,9.1224
259099816,291.04846,67.97471,9.11418
259129015,291.9041,66.670654,9.6538
259036424,290.43192,66.00738,9.2181
259236731,293.0629,67.91409,9.1399
259273910,293.8049,67.72812,9.6538
259274155,293.98996,67.38874,9.0129
259274531,293.83328,66.841446,8.5585
259002305,289.93317,66.23675,9.68653
259036008,290.23737,66.62971,9.678
259099205,291.1488,67.00128,9.7004
259127789,291.4229,67.0184,8.5937
259127946,291.38412,66.79393,9.8642
259169431,292.3888,67.24791,8.36118
259169579,292.37103,67.46915,9.98219
259235656,293.01715,66.43007,9.1222
259235909,293.08923,66.74706,9.61094
259169487,292.36148,67.320816,8.8575
259274126,293.85916,67.43252,9.31212
259167330,292.1959,67.62667,6.64356
259128582,291.8557,66.01255,8.65459
259236221,292.83887,67.1965,9.9198
259035732,290.39703,67.03772,9.7167
259036361,290.15955,66.12014,8.71573
259097702,290.84726,66.96169,9.86234
259003260,289.9508,67.73245,8.1404
259035872,290.35275,66.832085,9.8415
259002983,290.13605,67.26136,9.6802
258919819,288.42023,67.5405,6.2447
259167644,292.22913,67.11956,9.919
259167514,292.1311,67.325455,9.0681
259167310,292.05594,67.6517,9.84947
259167889,292.13153,66.77075,9.36719
258801670,286.99435,67.02789,9.0831
258829890,287.71768,67.52418,8.03367
258800664,286.64926,66.60681,9.65112
258801514,286.87366,66.73157,9.76396
259035512,290.15067,67.414246,9.7419
259035810,290.2884,66.934425,9.06027
259035238,290.41818,67.89292,9.8561
259127985,291.4542,66.73099,9.6012
259167997,291.97562,66.62662,8.9497
259002783,289.91373,66.97398,5.7971
259001690,289.83224,66.59434,9.8848
259099556,291.1477,67.52778,8.92071
259002798,289.9075,66.99108,8.3955
258955868,289.50458,66.54189,9.7732
259127292,291.5914,67.802376,8.8955
259127308,291.46722,67.771935,9.3981
356861941,275.67096,66.28878,9.44777
258956013,289.44028,66.7966,9.5531
258956229,289.4213,67.19005,8.0358
258956083,289.47168,66.92245,8.2832
258955374,289.21136,66.1114,8.3777
259098922,291.30643,66.60224,9.69418
258955844,289.33572,66.49089,6.6121
258955728,289.51645,66.301056,9.6825
258920041,288.51633,67.11556,6.8163
258954765,289.10086,67.13517,8.1604
258920890,288.65915,66.29297,9.6098
258920621,288.46448,66.04561,7.2074
258919618,288.58374,67.908035,8.85729
258955020,289.0629,66.665855,9.2146
258955312,289.2298,66.226654,8.56763
258919620,288.59558,67.90588,9.16015
258920464,288.51154,66.29303,9.96557
258873026,288.17175,67.58716,6.9634
259127699,291.36774,67.15463,9.5293
258829052,287.50974,66.102776,4.6198
258955212,288.99307,66.37034,8.7929
259098499,291.27383,66.03348,9.8241
259001560,289.6869,66.81773,9.8098
258921402,288.94202,67.18036,9.4474
259001003,289.5605,67.747406,9.1254
258801869,286.89374,67.388115,9.827
258829760,287.5031,67.27679,6.639
356871819,275.87238,66.20711,9.1647
259098581,291.1189,66.14433,9.9274
258828773,287.17853,66.28233,8.92768
258828393,287.23224,66.87915,8.3932
258870802,288.04123,67.98782,7.7735
259097074,290.95343,67.967705,9.065
258920151,288.49973,66.89615,7.6315
258800771,286.69928,66.40965,8.4682
258800563,286.74207,66.78241,9.6585
258800842,286.70602,66.31784,8.9037
229778507,283.17386,67.016426,9.0005
229784430,283.87158,67.717705,9.7621
258827827,287.24313,67.85731,8.6739
258828245,287.30823,67.12237,7.1778
229800729,285.31317,66.130714,9.3265
258800315,286.70126,67.23297,8.2958
258774255,286.49393,66.26093,9.8636
229778044,283.02258,66.143196,9.17207
229784500,283.762,67.83286,8.39416
258801305,287.03082,66.361496,8.4112
258801492,286.91812,66.68434,9.9631
258829087,287.61414,66.172134,9.7099
258871380,287.8173,67.01593,7.05183
258955241,289.18088,66.32537,9.3845
258800851,286.7647,66.31193,8.1686
258801833,287.04193,67.327934,8.4743
229788267,283.88324,67.76482,9.46755
258801626,287.00998,66.94415,9.62536
258801882,286.9948,67.40811,9.1868
258802191,286.98285,67.93097,9.7366
258954381,289.04248,67.818245,9.9322
258954334,289.2285,67.90403,8.5413
229795914,284.8156,67.64506,9.9516
258920785,288.85742,66.119225,7.2593
229796100,284.98987,67.996216,9.54293
258699897,285.94308,66.60425,9.3147
258699912,285.6507,66.6256,9.8186
258699911,285.70712,66.62534,9.99439
229778426,283.07788,66.83315,9.2712
229800287,285.26923,66.89883,8.8579
258955848,289.52377,66.50292,9.97162
258955275,288.9554,66.26765,8.02
258774246,286.3912,66.2463,9.5276
229795280,284.8101,66.488716,7.8195
258954455,289.21262,67.6927,9.00572
258873063,288.13876,67.66154,2.1983
258872702,288.053,66.99811,8.8563
258873132,288.33478,67.771126,9.5645
229738522,279.20612,67.151474,8.1116
229749045,280.55786,67.68879,8.4035
259001057,289.6507,67.65296,8.45714
258956456,289.49286,67.573166,9.847
258956194,289.4986,67.12948,8.8905
258956643,289.35724,67.927315,8.2508
229788448,283.89224,67.38066,6.8905
229750929,280.85587,67.953354,9.0884
229772076,282.35995,66.58389,8.6458
258801436,286.92456,66.55295,8.1318
258772997,286.0499,67.63046,9.8434
229777070,282.93225,67.684944,7.7887
229777700,282.81204,66.38985,9.80516
229789906,284.3511,67.26727,9.1257
229782920,283.35712,66.97822,9.6152
258801637,286.94528,66.96403,9.31075
258801830,286.888,67.32527,8.28373
229767098,282.05414,66.57668,9.83545
229788552,284.01852,67.164566,9.66126
258772930,285.96567,67.747475,9.8226
258773524,285.96283,66.73277,9.9911
258773840,286.12906,66.23978,9.7147
229800174,285.33737,67.11096,9.737
229782841,283.49704,67.121056,7.52728
258773721,286.00473,66.42885,7.98645
229795273,284.95248,66.47969,8.3717
229794990,284.92914,66.00716,9.9
229795497,284.81317,66.90209,9.9893
229795026,285.03317,66.06501,9.6363
341872513,276.95212,66.389465,9.7081
229738220,279.2343,67.80447,7.48031
229761654,281.22458,66.48815,9.5994
258700407,285.87085,67.547264,9.0491
229713743,278.56158,66.15586,8.0198
229750721,280.78265,67.545334,9.49
229782694,283.44177,67.43281,8.9042
229794740,284.7307,66.30753,9.5564
229789476,284.23166,66.43385,9.9701
229766198,281.73816,66.96825,9.9211
229765734,281.67032,67.946144,9.5801
229766703,281.51254,66.01543,8.6089
229784516,283.83798,67.86252,9.2481
229750589,280.69995,67.30864,8.3299
229766711,281.51416,66.002975,8.3459
229714236,278.93,66.661316,9.0711
229766359,281.6101,66.66285,9.2701
229760392,281.1541,67.93405,9.7423
229794714,284.60425,66.33256,8.728
229749520,280.52274,66.76882,9.6013
229793838,284.69388,67.93675,8.9788
229794727,284.68976,66.32111,9.8861
229795998,284.86108,67.795,8.1693
376849413,276.3092,66.41694,9.8802
229762060,281.2412,67.27052,9.0778
229708864,278.48404,66.35689,7.38913
236759093,272.7192,67.188446,8.80562
236759302,272.5774,66.719795,9.93486
229739760,279.46265,67.247856,9.9149
229794283,284.5549,67.12141,9.32234
229749398,280.48074,66.99972,9.925
376849336,276.22018,66.26169,9.4055
229699156,277.1038,66.430664,9.8812
229778368,283.18695,66.73654,9.9205
229794069,284.70358,67.491486,9.9388
229766267,281.71063,66.82767,9.32321
229765827,281.69104,67.771484,7.18476
229777486,282.83224,66.90319,8.18002
229703373,277.359,66.65291,9.879
229704512,277.65012,67.82906,8.1323
229760929,281.15698,66.83265,9.2116
229761035,280.9227,66.61706,8.2216
256299955,276.67175,66.52014,9.35978
341872070,276.75247,67.370544,8.58203
229714804,278.8653,67.8231,9.7746
229749104,280.5252,67.570694,9.7272
341872084,276.86298,67.339714,9.5466
229739263,279.6354,66.24108,8.67576
229739008,279.22675,66.12852,9.4973
229761513,281.2383,66.21661,9.2828
229766793,281.81403,66.005806,9.7171
229767084,281.99582,66.54865,8.10492
229767245,281.91733,66.84116,7.9231
229772619,282.5948,66.30885,8.5231
229772980,282.41595,66.94838,8.59095
229773112,282.47168,67.208855,7.903
229778809,283.22372,67.643135,9.03
229788273,284.07217,67.751114,9.7834
229789003,284.02286,66.294785,8.4595
229748914,280.45978,67.96574,9.64858
229761632,281.40063,66.4384,9.6751
376849226,276.3584,66.01082,9.47352
229704198,277.7856,67.0499,9.848
229713305,278.72925,67.10612,9.338
229750679,280.71567,67.4859,9.1406
229762152,281.23373,67.46849,9.08995
229767229,281.82748,66.81013,8.19179
229750195,280.78006,66.56881,9.42706
229772978,282.6022,66.94647,9.9187
229703194,277.52515,67.03242,9.7993
229738585,279.25937,67.01148,9.9918
229738741,279.36877,66.70943,7.6378
229738903,279.10825,66.358215,9.5664
229772070,282.11215,66.59176,8.4247
229744862,280.23444,66.760445,9.95846
229743674,279.78815,67.5079,8.929
236769341,274.04602,66.450615,8.2652
229739780,279.64807,67.28309,9.9474
236769143,274.1864,66.064514,9.8166
236773442,274.389,66.52233,9.9712
236759734,272.95798,66.135735,6.61728
229703605,277.41574,66.10093,9.5022
229714851,279.04623,67.91131,8.8549
236759911,273.03473,66.51924,9.7082
229703044,277.5001,67.44581,9.48086
229750885,280.77805,67.878876,9.6664
236760292,272.91534,67.359535,9.7885
229738635,279.09772,66.913246,6.9956
236768984,273.79245,66.14185,9.0361
219097728,269.61792,67.43577,9.91325
406856793,274.80646,66.81392,9.83
219097594,269.72784,67.79359,8.1895
341871897,276.9488,67.76664,9.9367
219892485,262.53082,66.93937,8.3688
219088671,268.61047,67.74725,8.80573
356823994,275.1454,67.421616,8.9225
236768568,274.00024,67.04845,6.9297
376848322,275.2093,67.91712,8.3272
219093077,269.2189,67.60102,7.8808
356861629,275.57098,66.03268,9.9948
341871873,276.88034,67.8202,8.1628
229740037,279.65613,67.835915,9.9019
236765084,273.61288,67.635254,9.865
341871836,276.90994,67.90246,9.63187
341872349,276.89014,66.77889,8.6635
219111745,271.81824,66.71523,8.3824
219111752,271.80276,66.7277,9.2464
219112216,271.69122,67.84463,8.5018
229699717,277.12766,67.73021,8.95
376848623,275.30722,67.21535,9.5717
356871650,275.8603,66.364426,9.6131
356890981,275.96814,66.00387,9.00332
406857021,274.6531,66.37028,7.6866
406856949,274.6735,66.499664,9.9968
236764301,273.237,66.11533,9.6994
219865081,258.72073,67.70264,9.1823
219865631,258.79663,66.08663,7.75708
219869224,259.12952,66.18322,9.66305
376849647,276.27676,66.916794,9.87226
229703769,277.7946,66.12627,8.2618
219873138,260.23627,66.56272,5.96977
362103987,268.20004,67.83528,9.5789
219873323,260.11035,67.061226,9.3752
219898670,263.537,67.68336,8.4717
219898819,263.5889,67.2105,8.9888
219899028,263.51044,66.558365,7.2594
219898822,263.3253,67.20372,7.2329
236764598,273.4526,66.47244,7.73369
233201616,265.3473,67.15199,5.30174
362103431,268.2335,66.419075,6.90912
233237663,267.78857,66.79355,9.0311
229708333,277.90912,66.61905,8.5056
376849403,276.14813,66.403824,8.77463
341872348,276.78394,66.78275,9.1732
229704496,277.76483,67.76649,8.9135
356824307,274.94458,66.78541,7.3108
219895785,263.1667,66.174164,9.6065
406857098,274.6842,66.194496,8.7197
219896037,263.188,66.98234,7.67592
219895795,263.2523,66.216675,9.667
230132031,252.2066,67.873795,9.7182
356014770,254.21147,67.42537,8.24681
229707810,278.0783,67.77687,5.4241
233206302,266.07718,66.58191,8.75283
229699563,277.01837,67.35659,9.7947
233205987,265.75778,66.11187,9.07341
362103330,268.18884,66.220436,9.5623
229704183,277.76782,67.0179,9.3792
219879444,261.05054,67.55341,8.7741
219872585,259.95206,67.04377,9.2386
219872758,259.7461,66.44398,9.391
219879624,260.9232,67.05851,9.9306
219898786,263.31192,67.30583,8.0936
219851773,256.23157,66.60675,8.0646
233232318,266.98523,67.88717,9.8557
233232995,267.03217,66.07391,8.13628
236759567,272.79926,66.123215,8.8735
406856680,274.7175,67.05436,8.8958
219873554,260.05823,67.70762,9.5799
219898836,263.47797,67.15638,9.0932
236764295,273.18832,66.12137,8.51747
219852361,256.7066,67.06115,9.9391
230132381,252.13963,66.66764,9.663
219852286,256.45978,66.83567,8.3891
230132420,252.17276,66.50237,9.69525
233209638,266.40656,67.12462,9.93608
230092799,248.16762,66.754974,7.136
311235259,253.87248,67.190094,9.7337
311235468,253.92981,67.88642,6.9052
311235499,253.81885,67.959,6.73092
219103410,270.50027,67.897995,9.3181
230132989,252.50008,67.25261,8.9331
311234991,253.93517,66.3161,9.6226
311235354,253.94267,67.47848,6.79804
236769802,274.23618,67.56237,9.6237
219886601,262.2296,66.779205,8.6836
356735491,254.68481,67.87204,9.1704
233198532,264.88666,66.754364,9.3667
219094307,269.3866,67.35682,9.9824
236759225,272.55072,66.90404,9.7871
236773215,274.3809,67.08926,9.3065
233206012,265.83487,66.042755,9.5166
356735701,254.84216,67.18956,9.806
356735835,254.7673,66.67198,9.71772
219115807,271.96307,66.53749,9.9522
236773339,274.57394,66.75931,9.91716
237104921,241.39316,66.47961,9.7194
237104952,241.45923,66.322655,7.9811
230122451,250.38365,67.46546,9.9281
230135425,252.71933,67.7755,9.5543
219872479,259.8319,67.28223,5.7313
219880191,261.22052,66.69493,9.9715
230093027,248.23688,67.56667,8.7971
237104803,241.37326,66.98816,8.8479
272782181,238.19151,67.66695,9.674
233201579,265.23593,67.2633,8.8425
233209741,266.43936,66.81279,9.4943
270491921,232.35194,66.96119,9.8254
219858568,257.57477,66.31387,7.677
219849223,255.93224,67.51638,8.80493
356823982,274.91907,67.43507,5.1501
219848925,255.97908,66.5568,9.9822
233210292,266.62708,66.51834,8.5635
362103488,268.08786,66.57191,9.6208
236764130,273.4025,66.49479,9.8078
236759123,272.7262,67.10187,9.3264
236763727,273.34793,67.479126,9.8961
236769350,274.04956,66.48839,9.4963
230092338,247.92024,66.88154,9.98405
230136491,252.97925,67.91503,7.33057
219855821,257.2262,67.52763,8.93871
236769827,274.1102,67.630196,9.02201
219869617,259.5251,66.93195,9.2567
154182345,214.17,67.34634,9.7857
154182243,214.33293,66.79423,5.3142
272759725,237.75345,66.68779,7.2533
153919379,171.6719,66.8957,8.0766
233202512,265.4696,67.28865,9.7315
233195119,264.18292,67.35192,9.0629
219858451,257.3948,66.69224,8.9497
219845310,255.0304,66.59523,8.9141
219845265,255.22833,66.795204,9.9662
219899674,263.71536,67.44183,9.8607
230090026,247.51067,67.22897,9.44896
230122615,250.2498,66.95944,7.29551
219858412,257.58008,66.82022,7.6832
219845461,255.22014,66.0453,9.1058
219862608,258.49637,67.448235,7.77029
219899508,263.67432,66.92283,7.1616
219110585,271.39792,67.93748,9.5443
219892254,262.50595,66.21087,9.71405
219883529,261.943,66.25439,9.62288
230064636,230.25232,66.83111,9.9631
219011914,222.34561,67.55086,9.4246
219011346,222.09555,66.94933,9.6739
219011494,222.07726,66.25304,7.3157
219013808,222.6887,66.852455,9.8438
219880177,261.22983,66.63385,8.1364
219013871,222.60509,66.56701,9.2708
272759661,237.7569,66.43062,9.5806
230079150,245.23914,67.90747,7.058
230123190,250.49991,66.793274,8.6945
230092161,247.796,67.56872,9.3208
356700209,254.4812,67.767914,8.0846
219880430,261.2766,67.39486,9.2591
230087102,247.08806,67.044,4.5596
230092369,247.83636,66.718,8.8286
230092485,247.86137,66.24982,8.0068
219880432,261.47595,67.39679,9.7029
219845155,255.20656,67.25397,9.2044
219869267,259.20642,66.05205,9.5203
233198544,265.00323,66.78411,8.8638
233205805,265.9747,66.530464,9.5277
230093012,248.18274,67.50838,9.8817
230110869,248.37048,67.76842,9.8944
356735749,254.88853,66.99934,7.92152
219102015,270.41888,67.48383,9.9617
233194963,264.3507,66.834305,7.7147
219895450,262.84296,66.77656,9.5403
233205718,265.68216,66.742516,8.4565
219011431,222.03581,66.601715,7.6199
232541235,227.93382,66.93119,9.1811
232541381,228.07762,66.182724,8.6771
230075989,244.66504,66.05654,9.8894
230123322,250.75578,67.253235,9.929
230129638,251.8429,66.94636,7.7758
287086985,253.35442,66.626755,7.799
219849113,256.02463,67.197754,9.6155
219895385,262.93768,66.96233,8.4468
272787314,239.16655,67.480606,8.6523
237101983,240.863,67.8767,9.9557
230086928,247.02562,66.34904,9.6137
230119606,249.73192,66.19525,8.3774
230125921,250.91609,66.4623,9.6932
230120002,250.12526,67.055275,9.5457
230129250,251.4609,66.15682,8.0504
230132227,252.08798,67.16434,9.4298
219892128,262.21167,66.05584,9.7361
219868728,259.22794,67.64063,9.1256
219868990,259.22043,66.86848,8.9901
219868884,259.27377,67.13749,9.89104
219879864,261.02347,66.32866,9.5873
230116877,249.44348,67.09635,7.7237
219865888,258.97824,66.60499,9.7375
219011995,222.37929,67.94425,9.8665
219011115,221.89627,67.96099,9.01104
272748431,236.25699,66.77696,8.6546
272759659,237.67117,66.42867,7.9345
230086867,246.99876,66.11081,8.45706
233194447,263.9499,66.75908,8.71433
230070652,243.33514,66.115005,8.28032
230136294,252.94077,67.24476,8.85924
230136086,252.9211,66.54288,9.75323
230136181,252.99918,66.87378,9.77501
219848613,255.5796,66.3193,8.84156
230090072,247.61423,67.352036,8.21438
272702570,235.21632,67.33501,8.3765
219862158,258.47217,66.08366,9.22343
219899295,263.88046,66.16512,9.05334
230075670,244.2862,67.10577,9.86677
230122533,250.27847,67.16805,9.8049
230122725,250.34459,66.651344,9.81241
219855255,256.79144,66.27913,9.6343
230064750,230.3708,67.3798,9.8559
232563850,228.55472,67.61489,9.6146
232564015,228.45247,66.85762,6.9961
298160750,220.23466,67.55683,9.7476
230068041,242.6267,66.08738,9.6628
230072913,243.8929,67.413925,9.8674
230072963,243.61339,67.25053,7.4479
230073184,243.63075,66.37683,6.6763
230073195,243.75967,66.33309,9.6057
230081493,245.83415,66.62286,9.1503
230135658,252.58443,66.90697,9.986
232970405,199.02283,66.349686,8.9798
232970524,198.89772,67.19177,9.3728
233238124,268.0236,67.90592,9.6602
219876793,260.68726,66.817696,9.639
148916165,187.9014,66.600655,8.1601
232968747,198.2767,67.55794,8.2087
232536339,226.86198,67.02908,8.5146
233191918,226.33559,66.76798,9.7796
233192136,226.51512,67.82752,9.1362
272759445,237.52365,66.43575,9.7595
230136112,253.04861,66.66393,9.9642
287087113,253.23901,66.18903,8.7084
219876685,260.74442,66.521736,9.2003
458478014,232.00761,67.46509,9.69472
232541198,228.07414,67.08124,9.90962
230123535,250.68657,67.9807,9.58
154093840,210.63707,67.09873,8.1175
232539188,227.5286,66.70884,8.7306
230076273,244.63004,67.25768,8.6516
103741366,156.14685,67.436295,9.5618
458478250,232.14664,66.358765,9.76703
219011238,222.03665,67.41147,9.27565
232539420,227.79471,67.62194,8.9119
219848145,255.66591,67.85441,8.61417
232968565,198.39278,66.46732,9.2824
219855370,257.20294,66.00372,9.98372
219876978,260.7836,67.34837,9.97765
232976195,200.92311,66.01824,9.9946
341687736,192.27075,66.42253,9.2815
219858745,257.83008,66.15789,9.12033
219865783,258.83957,66.27583,9.5381
341687756,192.1873,66.51413,9.3068
154181838,214.0331,67.689285,7.00572
154182238,214.14088,66.7879,9.5503
272745924,235.67474,67.06658,5.8153
230086305,246.73755,67.97299,7.5424
219865178,258.81033,67.38825,6.04411
219865447,258.78726,66.65769,7.7539
142933404,178.3323,66.20616,8.3934
154125529,212.49738,66.46738,9.8123
154067566,207.44336,67.84418,8.8163
232982467,241.67464,67.49754,9.1879
230116637,249.49898,66.224686,7.68456
219848945,255.8662,66.649635,9.934
219003568,219.91542,66.346756,6.829
219098707,270.13016,67.07536,9.1701
219003735,219.90417,67.19573,8.83544
334635708,231.41121,66.113556,9.7332
334635873,231.53468,66.82522,9.2165
237102033,240.8302,67.62878,9.89523
230123200,250.69405,66.83057,9.66917
230123328,250.65721,67.27611,9.64352
230120156,249.9671,67.63404,9.18972
219868955,259.3927,66.94696,9.59267
233210176,266.6636,66.17648,9.63995
1102480896,229.97083,67.01533,9.9852
219899466,263.6526,66.78345,9.0706
270491865,232.35054,67.204445,9.1169
154164794,212.65334,66.41894,8.6065
270491787,232.37589,67.5514,8.374
232536488,226.73322,66.183464,9.2247
230073103,243.72018,66.713036,9.1899
230113151,248.38367,66.7355,7.48018
230113338,248.61745,66.075584,9.1763
219873098,260.25525,66.45611,7.0021
219873588,260.27603,67.85108,8.9789
362103349,268.31152,66.266525,8.9613
230132258,251.99788,67.04373,9.8162
219848819,255.85727,66.16431,9.0591
219861551,258.16025,67.62215,8.03397
459217369,194.18402,66.81856,9.39667
219879365,261.14258,67.81024,9.21515
154164767,212.7701,66.63843,9.2856
219854909,256.8926,67.49967,9.6482
459217238,194.24524,66.12835,9.9868
147937268,166.62654,66.98378,9.4294
313260480,194.97946,66.59727,4.21837
232968276,198.25081,67.309685,5.9781
232968708,198.36679,67.28796,5.56115
230064070,229.94966,67.819016,7.4091
230092154,248.02269,67.596664,7.4596
230092223,247.87654,67.26597,9.0241
154091402,209.74603,67.30714,8.2885
233185326,224.53311,66.208015,7.4631
233185497,224.72641,67.167336,8.3526
233187267,225.034,67.09051,6.4425
230062268,229.67632,66.08255,7.3377
272651536,233.23122,66.09221,9.5469
232984624,241.93643,66.40595,9.7567
272672082,234.14702,67.22721,9.4215
230113277,248.60262,66.24878,8.0352
311234325,253.68883,67.72576,9.9401
230060021,229.01572,66.55242,9.7909
148963682,190.373,67.05635,9.9978
341706039,192.67006,67.91622,9.9909
233187352,224.84337,66.58291,9.4959
230061824,229.438,67.818726,9.7403
272651512,233.47018,66.210304,9.7266
219845279,255.14227,66.744255,9.8266
219016308,223.40822,66.049355,9.6315
147936860,166.08405,67.09976,9.2666
148878460,183.88976,67.424065,9.4728
154070230,208.13818,66.03148,9.7675
147936979,166.1662,66.34168,8.0743
148878206,183.52345,66.10929,5.59265
154070429,208.32552,67.11347,8.8531
313276421,213.17178,67.021774,8.5841
313276426,213.14098,67.03787,9.6069
230064155,229.89001,67.31224,9.4166
272651738,233.70482,66.64639,7.507
230078913,245.33536,66.94691,9.4093
230116262,249.1429,66.848564,9.6224
233169161,215.06075,66.89443,7.103
272679869,234.50099,66.048744,8.2964
230116331,249.23355,66.630554,8.6718
230084411,246.47397,67.335266,9.8149
219845139,255.13365,67.3042,9.9459
356735759,254.77267,66.96399,9.5495
233169332,215.24074,67.85052,9.8101
219845592,255.36223,66.30251,8.7538
237100139,240.42088,66.80281,8.375
153919263,171.60715,67.699974,9.1243
153919407,171.51543,66.754364,6.6338
233189358,225.6183,67.505226,9.5548
230073159,243.65175,66.49357,9.7609
233195148,264.4454,67.416824,8.8271
142811460,173.54099,66.458015,7.6963
142825827,173.53021,66.65063,9.4548
153990841,204.29738,67.446075,9.6348
219845745,255.28198,66.964005,9.9768
219848356,255.79665,67.18056,7.88013
219848545,255.54214,66.52805,7.7849
230076333,244.55284,67.48453,9.51
153991389,204.63792,67.19074,8.1353
230076238,244.65544,67.0842,8.9926
230076331,244.79662,67.48319,8.9143
219858777,257.73685,66.25732,7.4677
356699716,254.36981,66.22196,8.9674
219003373,219.63284,66.66746,8.4244
219003389,219.70952,66.56391,9.5436
230112912,248.41661,67.625694,8.9576
230113289,248.45132,66.216156,8.2423
230113325,248.55484,66.110504,9.0553
219861516,258.1181,67.72842,8.1442
219862259,258.2469,66.39491,8.0918
230064470,230.44069,66.056946,9.01945
142933474,178.50192,66.64075,9.2377
270491758,232.40991,67.72616,9.6311
232982558,241.76395,67.87773,9.98671
341688026,192.30577,67.98392,9.4889
230081514,245.98868,66.726036,8.69552
230126341,251.2041,66.779686,9.2185
230083903,246.16751,66.55222,9.41373
142903149,177.29378,67.328545,6.74535
230113769,248.92848,67.267494,9.0181
349826063,161.83742,67.67153,9.4648
147939477,167.23062,66.73812,9.1747
142935279,178.70126,67.118164,9.868
219018498,223.76723,67.05531,9.6475
237104709,241.2307,67.41015,9.9908
142935468,178.72627,66.06339,9.45372
103807267,159.96252,66.192375,9.5128
142863990,175.44461,67.92914,9.7205
142903136,177.26529,67.282555,9.787
229535279,195.42223,67.03155,9.8415
229536709,195.85765,67.35669,7.6654
142947846,180.88593,66.87317,9.8421
230073581,244.17812,67.23884,6.9707
233181445,218.81766,67.68787,9.2899
232982544,241.58199,67.810135,5.485
233181455,218.72484,67.72384,9.5119
272748406,236.34175,66.859085,9.0875
219009118,221.2898,66.20323,8.5278
272746346,236.12898,66.84013,9.5942
272746405,235.9537,67.04813,9.9138
272746493,235.92636,67.50179,7.9376
230086751,246.75777,66.19888,9.9764
230129924,251.94264,67.84219,6.67891
230136447,253.02081,67.77422,7.78508
219855548,257.2331,66.62423,8.025
272615775,231.26833,67.117096,9.6215
154067749,207.24257,66.7819,9.9476
230070765,243.32468,66.614624,7.5934
233169139,215.07498,66.77405,9.1488
233169321,214.9786,67.7825,6.96773
233169082,215.18237,66.49925,9.65385
219845970,255.30075,67.7592,9.91888
356735787,254.87163,66.86024,9.61073
219854858,256.8144,67.63978,9.50474
154089846,209.33574,66.98201,8.9663
230073256,243.85739,66.03075,9.99935
230073401,244.0393,66.51102,9.0332
219854987,256.9109,67.26458,9.08036
232536198,226.66,67.62595,9.86719
219852449,256.68747,67.39434,9.91447
219899759,263.78876,67.713905,9.7303
230113263,248.55183,66.30467,8.42844
272679967,234.72757,66.28899,9.7303
272750970,236.77881,66.862404,9.7543
230136419,252.89801,67.65459,7.682
232968657,198.3362,66.97216,9.20096
232968700,198.3137,67.26689,8.34563
232970101,198.8631,67.49414,8.96
232985036,242.38,67.365,8.6135
230086863,247.00793,66.0983,9.42803
272680077,234.80333,66.80325,9.81322
148932906,188.7489,67.37661,9.7751
233192012,226.35785,67.2714,9.9301
219876780,260.91156,66.78501,9.45621
219877043,260.90634,67.54046,9.19654
148931205,188.70221,67.06673,9.9157
147969871,169.47131,66.97927,8.5597
153949893,173.08954,67.05419,7.3837
153972428,202.26219,67.042336,7.8889
232974336,200.13223,66.73166,9.29718
232563956,228.48116,67.09642,9.5719
232564070,228.41502,66.59821,8.3129
219015995,223.32458,67.41841,9.6035
272785286,238.89638,66.45881,9.9113
272785505,239.02022,67.41846,9.669
230078461,245.07411,66.84264,9.8483
230084337,246.33499,67.072395,6.26914
230123159,250.76288,66.70269,9.0102
230070344,243.10567,67.14418,5.34697
148841065,182.98854,66.364136,9.4101
153949307,172.69249,67.94179,8.0935
153949324,172.83469,67.81126,9.0445
153949607,172.78105,66.28773,6.7756
232974097,199.92715,66.39454,8.7482
232974249,200.07793,66.23057,9.3376
148963793,190.45898,67.688965,9.3423
230062302,229.72766,66.27795,8.51474
272679620,234.66534,67.19869,9.2437
230113340,248.44943,66.055115,8.3257
272785018,238.77182,66.56543,9.4095
341706087,192.84749,67.70892,9.8985
154091373,209.6617,67.479744,9.8863
230062436,229.68417,67.0559,9.8924
272671940,234.2991,66.60409,9.9418
142811416,173.69841,66.289246,8.48625
142826023,173.53053,67.5909,8.1325
147939211,166.81174,66.575485,8.67613
142825935,173.80547,67.184555,8.72058
148912599,186.46553,67.87363,9.0035
233179189,218.06355,66.456,9.04854
147939507,167.00291,66.858925,9.8619
142826086,173.55185,67.90153,9.8217
142980594,181.94034,67.7261,9.4324
219895531,262.9197,66.500175,9.91749
230064221,229.97176,67.01561,7.76719
230064382,229.88031,66.24896,8.8704
147936910,166.35028,66.81241,9.4285
230064711,230.20529,67.16789,8.77912
334635909,231.5068,67.001564,9.21232
230078734,245.17403,66.17943,9.0647
147937000,166.175,66.23368,9.92122
148878288,183.77606,66.22386,9.8514
154070315,208.40176,66.45246,9.64259
230064587,230.22444,66.591064,9.91132
349826670,162.01254,67.50113,8.9503
153990855,204.44786,67.37427,9.21422
142811026,163.4369,67.374016,9.3645
142871595,175.9112,66.85665,7.8629
445858395,203.86305,66.397644,9.9937
237100197,240.5386,67.11983,8.0286
230129744,251.76924,67.266815,5.63348
270492001,232.3256,66.658325,7.6141
298160494,220.05159,66.36724,9.4087
272671671,234.04861,66.57846,8.64786
230089480,247.46765,66.795876,9.0878
313276541,213.11272,67.58616,7.8241
272636742,231.87999,66.65331,8.57711
219865895,258.95395,66.630325,8.26844
232962792,196.18716,67.52717,8.4649
154125572,212.37231,66.72583,9.7551
272615789,231.16707,67.16896,8.1376
230059632,228.85121,67.21567,9.8627
459219307,194.54596,66.66459,8.55282
219008946,221.29811,66.93886,9.25306
219009099,221.39584,66.31018,9.72305
272635712,231.16187,67.46495,9.34822
272746450,236.11636,67.30435,8.41526
142876764,176.63245,66.495605,7.1448
154087594,208.81438,66.116844,9.2076
142942677,180.34868,66.12297,5.8983
142945689,180.27785,66.54578,8.0786
148840802,182.77875,67.90981,9.5589
142933327,178.1923,66.00123,9.1407
147953155,169.0202,66.16368,9.6296
142942370,179.8338,67.439865,9.8357
153951516,201.43993,67.74201,9.7535
142933200,178.2831,66.74676,9.7642
103687378,154.12129,66.89764,9.8843
147951985,167.91068,66.11329,9.1189
232563914,228.65974,67.34672,4.6582
153919856,171.82555,67.99953,8.8413
233189280,225.60893,67.90447,7.8324
233189414,225.66216,67.20986,8.4979
237099545,240.08801,67.62741,6.59908
417914645,166.03812,67.99062,9.273
230073127,243.61037,66.62804,9.61432
230119791,249.94441,66.34251,9.38956
356699778,254.48833,66.392815,9.68712
147949646,167.41579,67.21021,5.88056
103750229,156.93582,66.67969,6.9832
147950195,167.55211,67.51347,9.29572
142905376,177.99362,66.94596,8.3149
148965911,190.85907,67.76577,7.5464
459219601,194.7546,66.5715,9.7831
154108069,211.4552,66.600204,9.4451
237100244,240.42068,67.32244,9.99679
230070983,243.58278,67.58745,9.7318
233171045,215.58862,66.27371,9.8086
233171099,215.59297,66.54627,6.0515
230132406,252.224,66.58471,9.20303
230133081,252.36273,67.596565,7.0167
142905484,177.72627,67.524055,9.6041
143007651,182.4614,67.37066,9.4592
143007846,182.28273,66.18653,9.4705
154093710,210.5486,66.46913,9.9165
310964871,161.0121,66.769356,8.5049
232963111,196.54259,66.19494,9.8183
233181415,218.59242,67.537926,9.8963
230060186,229.2737,67.33862,8.8666
462575187,232.85782,67.08491,8.0078
232984532,241.84895,66.75486,9.5381
272702441,235.22197,67.63342,9.8862
232972506,199.54933,67.687935,6.0544
233174881,216.51637,66.370026,7.6381
233181263,218.6269,66.79469,6.8735
272703358,235.31047,66.385864,7.3544
142828229,174.14804,66.36116,8.9371
232964678,196.92789,67.01954,9.2521
232972440,199.50992,67.28258,9.5483
154068106,207.52576,66.91312,8.5842
103700391,155.39658,66.80548,8.5096
356630862,160.58119,66.38708,9.8554
103700520,155.55531,66.26204,9.6219
103700542,155.49767,66.12305,9.2945
103700557,155.55139,66.06092,9.3188
148878189,183.57764,66.19745,9.9562
142903288,177.11792,67.976585,7.8876
153936029,172.29005,67.45829,6.03876
142962792,181.40767,67.143,8.6714
142962867,181.5655,67.66546,8.2377
154107787,211.42589,67.903145,9.1917
232966780,197.93053,66.55002,8.8738
233169301,215.10449,67.66258,9.197
233170714,215.35059,67.52864,9.8085
230059996,229.08276,66.45032,9.0855
232539347,227.7067,67.33331,9.5579
272703010,235.14706,66.23101,9.3113
230068317,242.98602,67.103874,8.7237
230080910,245.5441,67.69178,9.942
230081148,245.57571,66.666214,9.3251
153936246,172.2499,66.267525,9.8906
232541661,228.29626,66.9137,9.78
153976959,203.53694,67.62165,9.9802
103805475,159.4172,67.68023,8.5298
147949872,167.74571,66.045395,7.6181
103742019,156.36668,67.99539,9.6776
148893646,184.39267,66.85168,7.973
148971146,192.93452,66.46408,9.1304
154091487,209.7162,66.84689,8.1459
219018332,223.81177,67.767044,9.5877
219018859,224.02191,66.61852,7.5199
272703499,235.47676,66.77576,8.4702
272703839,235.47397,67.7068,9.7938
230113812,248.74976,67.38631,7.2494
310982733,184.07268,66.971886,9.8096
310982831,184.12811,66.49961,9.4217
310982578,184.177,67.85,9.7533
153990923,204.26172,67.036316,5.83962
142878899,177.03099,66.71662,7.6554
153974836,202.83698,67.91382,7.7286
272636738,231.80946,66.63804,8.4579
272636731,231.75323,66.604126,9.3171
153971971,201.86656,66.79495,9.4483
272636697,231.7849,66.41456,9.8608
148917993,188.19109,67.020836,9.2769
154166084,213.7458,66.960594,9.3999
155179796,173.42953,66.863815,9.7304
155179933,173.31595,66.31602,8.205
148967476,191.35178,66.11547,8.1769
153977880,204.05142,67.02622,8.6649
147950028,167.81807,66.73882,6.6374
103687344,153.96274,66.78169,9.8445
143008097,182.71785,67.4029,9.4164
147895670,164.08878,66.02114,9.783
143008190,182.56042,67.96191,9.332
148961213,189.58961,67.12508,9.6985
154165827,213.34938,66.3323,9.5502
154165842,213.19162,66.24965,9.9992
153977935,204.077,67.25806,9.7938
142849205,174.84677,66.53092,8.5268
142849390,175.00563,67.41293,8.3171
219018780,224.17648,66.13296,9.435
219019074,224.16513,67.68425,8.7986
142848794,174.48587,67.32974,9.4548
154091791,210.0467,66.75443,7.7436
147935900,165.60136,66.41986,7.9649
147993878,170.5207,66.32613,9.3109
142849039,174.66992,66.13146,9.5925
147953401,168.79088,67.50852,9.751
142811147,163.45009,66.821335,9.05
148963134,190.13881,67.83328,7.91168
445858448,203.8474,66.075005,9.14977
232970371,199.07794,66.110725,8.7536
154182144,214.36194,66.279106,8.949
349826684,161.93459,67.5856,8.38481
142811288,163.52908,66.16959,9.78665
445858413,203.83289,66.27166,9.6292
270491862,232.34238,67.21204,9.4498
1001477408,215.28203,67.80258,9.9829
237100372,240.4013,67.886,9.5603
230073588,244.18881,67.25624,8.42817
237104846,241.33556,66.78953,9.28501
142935739,178.91881,67.26492,6.7609
219016431,223.52419,66.57673,9.6629
219018283,223.67082,67.96305,7.50028
356630685,160.53485,67.05112,9.57995
142903148,177.29407,67.325455,8.0724
229536730,195.59894,67.2164,9.68371
237102849,241.09395,67.79227,8.7731
417914254,165.84148,66.02484,9.91445
219018548,223.9128,66.81298,9.91333
417914499,165.81822,67.33764,9.9068
417914557,165.88193,67.57215,9.6715
154125104,212.06926,67.86815,9.6627
272669737,233.6507,67.805504,6.3205
103700194,155.35617,67.95788,8.1779
229537172,196.11128,67.33346,8.80976
219009530,221.72844,67.490135,9.4729
272669772,233.66182,67.98847,9.04063
355950542,231.02069,66.553925,8.095
147952270,168.28143,67.32294,5.80883
310980865,161.33421,66.358246,8.3794
147951687,168.03886,67.86564,7.4081
147952003,167.884,66.03014,6.9688
147952390,168.22034,67.969345,9.6158
160043745,201.16705,66.16491,6.3301
219003261,219.54927,67.12953,9.4754
219004669,220.53452,66.137,9.0757
219004896,220.5393,67.28879,8.6475
232538644,227.32599,67.68051,9.6369
230126367,251.33002,66.88789,6.4242
232538870,227.4603,66.75001,9.9857
142962247,180.99356,67.740616,8.6637
232976172,200.47415,66.02938,8.4961
147952271,168.14911,67.32354,9.9163
142962909,181.43602,67.88493,9.6235
148933403,189.16745,67.13855,9.6394
153990858,204.24062,67.35807,8.29145
153991004,204.52325,66.60635,7.8097
153990952,204.50307,66.88637,8.9405
272636637,231.89354,66.08188,9.5576
272651324,233.20657,67.04654,8.55226
153897689,171.10919,67.74061,8.8083
153897878,171.02652,66.65183,7.9282
142940845,179.58139,67.763756,8.779
148915684,187.54619,67.92633,8.6566
148915836,187.57066,67.05696,9.0135
154125177,212.19632,67.43694,9.126
233176858,217.2771,67.28939,8.3259
147994016,170.55325,66.26696,7.8864
147994195,170.81367,67.25293,7.9072
148895144,184.55228,67.18659,7.6399
233175042,217.00578,66.34049,7.0023
233176813,217.08415,67.50565,9.1821
148912859,186.38535,66.27737,9.9558
142940678,179.6543,66.762344,9.3121
142940865,179.50096,67.812096,6.00077
103752660,157.58154,67.54479,9.2236
147922135,165.39925,66.44971,6.9651
154089310,209.10385,67.90789,7.4963
233187211,225.06157,67.40482,8.704
233187526,225.39052,66.11901,9.1801
233187528,225.32156,66.12585,9.9603
103752472,157.70464,66.40191,9.5831
153976441,203.21591,66.98603,9.5506
147895926,164.16815,67.45829,9.98031
147895725,164.0439,66.34475,9.35322
900591047,167.9104,66.11362,9.9796
230129363,251.70766,66.04156,7.74276
147970022,169.39973,67.88334,7.7688
154089472,209.074,66.944725,7.7839
153949511,172.74835,66.79659,9.76775
147935664,165.66222,67.82098,9.95497
148931322,188.67274,67.67472,9.7355
232976426,200.79594,67.21083,9.78371
230081132,245.58997,66.739265,9.67792
103741695,156.32578,66.28883,9.1855
148916022,187.57578,66.09089,8.9072
142827927,174.0862,66.94258,9.9003
148961691,189.72258,67.42197,9.576
233185044,224.38402,67.28423,9.8415
233185296,224.64882,66.04908,9.7121
233185526,224.71361,67.37509,8.4791
272785427,238.99855,67.05169,9.7205
148893703,184.26067,67.22371,8.4646
148916001,187.65947,66.245865,8.8357
142827932,174.03032,66.91461,9.2559
148961790,189.91183,67.93804,9.5416
103754744,158.20612,67.104935,9.829
142871049,175.66231,67.71204,8.1791
142871150,175.70331,67.17577,8.5595
142871245,175.61818,66.7449,4.24443
142876465,176.25084,66.86369,6.509
153897818,170.99309,66.988625,9.0255
153949759,173.1067,66.31752,7.6057
153950008,173.14142,67.68901,8.074
357303460,211.2414,66.33921,6.4452
357303523,211.27957,66.65922,9.4709
142871167,175.81444,67.107735,9.1834
417916348,168.60866,67.5355,9.1352
153898139,171.17926,66.690445,9.0477
153917785,171.25775,67.67731,9.3856
153949947,173.07841,67.341415,9.049
230060068,229.0467,66.74771,9.23394
232972422,199.72797,67.194954,7.62793
232976380,200.68869,66.93777,9.30927
219008754,221.3196,67.858025,9.86889
462575057,232.75989,66.67126,7.91969
310964770,160.99149,66.16272,9.8082
148932823,188.95572,67.93403,9.71257
154068159,207.6601,67.11661,9.18578
148932995,188.8068,66.94678,9.9981
153917759,171.1902,67.55342,9.95965
142808572,162.8483,67.02148,8.744
147939557,167.20688,67.198875,7.7991
355937769,187.382,67.20388,9.1771
355937837,187.34523,66.89391,6.2512
148969417,191.83234,66.056595,9.9027
154009914,205.44218,66.66573,9.584
147992096,170.22415,67.10075,5.32976
103802765,158.34552,67.144226,8.7742
103807627,159.85733,67.97368,9.4541
103807263,159.90128,66.190384,9.798
142877076,176.73582,67.945595,9.7092
148965211,190.54514,67.91957,9.6609
147992023,170.12918,66.67485,9.5535
103743952,156.69499,66.02157,9.04309
103743690,156.75104,67.37019,8.4337
103743608,156.57877,67.68521,6.625
103687014,153.60895,66.41295,6.6508
147898225,164.68097,67.592896,8.0116
103743616,156.73367,67.64771,9.968
103743805,156.68085,66.80368,9.9422
154014348,206.81152,67.372406,7.9464
147935690,165.5121,67.66747,9.5644
147935743,165.74313,67.39225,9.05263
147993757,170.41612,66.8603,9.4155
357303482,211.31642,66.43365,8.53601
154014380,206.73763,67.202675,9.81531
103691846,154.80847,67.16293,8.5174
147949613,167.51445,67.3868,9.8945
219009375,221.71516,66.80756,8.9461
103805249,159.20978,66.35709,9.8902
148909083,185.70364,66.565704,9.71506
233187124,224.95532,67.83672,9.09861
233187349,224.92542,66.60944,9.2702
219008741,221.52539,67.923874,9.75349
219009233,221.6448,66.19497,9.88904
148971118,193.15216,66.59776,8.0711
154091615,209.65747,66.100845,6.97216
154091848,209.94879,67.03746,8.3816
103741979,156.51791,67.806915,9.7341
417916452,168.63866,66.99877,9.1046
154091678,210.09818,66.071434,8.20215
103741660,156.43172,66.0637,9.81618
417916569,168.70676,66.31152,9.7328
154091492,209.64627,66.78326,9.6592
154091508,209.76376,66.71073,9.787
142792148,162.72469,66.27756,9.0114
142792204,162.7432,66.5385,8.6368
103689414,154.3342,67.17714,9.1518
103689427,154.21039,67.10709,9.2763
103689487,154.16684,66.77113,8.4994
103689500,154.34427,66.73323,8.5514
142863426,175.25684,66.68981,8.3997
154087777,209.01448,67.1651,8.7629
154108482,211.90262,67.5164,9.5611
148895442,185.09615,66.39119,7.0832
142940385,179.30516,66.69255,8.9083
154087634,208.77596,66.41629,9.5023
154108218,211.85287,66.06457,9.9528
103691920,154.97427,66.852356,9.4717
142863329,175.2237,67.17124,9.894
103689646,154.2793,66.094765,9.94315
219004642,220.5899,66.05579,8.73209
233176844,217.22719,67.35668,8.7771
153897930,171.0408,66.27193,9.5454
148895044,184.5551,67.85038,9.9297
148895202,184.5612,66.79612,9.98328
148915855,187.81381,66.99,9.75944
154070026,207.94318,66.94116,9.8261
148895431,185.13672,66.32973,9.9264
148895617,185.02727,67.482315,9.8391
142962481,181.14055,66.336586,7.3597
142962446,181.24323,66.58211,9.0979
237097549,239.72769,66.055,8.086
232538898,227.32819,66.66012,8.7646
237097569,239.9171,66.1438,9.5876
147952158,168.26088,66.73099,9.3828
147952217,168.16724,67.01571,7.92723
459215006,193.37524,66.29521,9.69147
219014068,222.92665,66.35763,9.23092
237104826,241.45245,66.856224,9.88757
148841312,183.28316,67.07341,8.14964
232541676,228.1053,66.97513,8.07579
148841219,183.31607,66.479095,9.0145
147937179,166.53792,66.514626,9.6266
147937376,166.43901,67.562096,9.00062
147953409,169.03917,67.54062,8.90465
142942547,179.97089,66.57602,8.99014
232541371,228.04056,66.21098,9.1295
154106826,210.82918,67.23782,9.5935
356630968,160.70982,66.015274,7.8317
153976992,203.52513,67.76886,8.6158
153976993,203.52432,67.76999,8.8481
232966413,197.58621,67.49482,8.0341
232966770,197.74593,66.51896,9.5573
153936127,172.30669,66.97753,9.21739
153936441,172.35321,66.92585,7.19779
142980153,181.78685,66.99973,9.23325
232539455,227.68512,67.78105,6.0384
272702685,235.10014,67.07392,8.54642
148877984,183.39674,67.5554,9.95144
355950332,187.3363,66.316864,9.898
232966848,197.86385,66.9896,9.7337
103689802,154.58865,66.529495,9.0259
103700304,155.35555,67.32904,9.5726
232966983,197.76225,67.86615,9.86315
142828048,174.0612,66.34522,7.46654
233185588,224.76268,67.749794,9.20019
103741830,156.39882,66.93846,8.2422
148893514,184.4956,66.11348,8.0045
148916177,187.94934,66.7179,8.66629
148961622,189.80083,66.96732,9.17789
148961699,189.70448,67.451294,8.12364
148961718,189.68228,67.52753,8.45898
349826310,161.6679,66.36589,9.4619
233185046,224.44331,67.26986,9.8943
142809251,163.13678,67.97802,9.9677
147949725,167.47404,66.75679,7.8476
142808447,162.91177,67.58584,9.317
154009964,205.72168,66.45486,7.9969
103752101,157.16537,67.41757,9.71877
103752244,157.29176,66.72287,9.74011
103752269,157.39494,66.568634,9.0378
103684655,153.36612,66.11099,9.82703
147971696,169.64471,67.104195,9.21674
147971761,169.69446,66.684204,6.8848
103687111,153.5735,66.02567,9.7386
233176871,217.16954,67.18769,9.0663
103743755,156.74194,67.05046,8.72904
103750325,157.03203,67.11418,9.888
147897946,164.84238,66.29213,8.48047
142808705,163.01407,66.29277,9.6123
154181828,213.90251,67.7232,9.41411
233177091,217.44121,66.07104,9.83762
219014083,222.93666,66.45969,9.59113
142871074,175.89778,67.58511,8.8894
142871168,175.6148,67.097,8.02477
417916421,168.66077,67.16641,9.7089
357303670,211.38425,67.56229,8.93153
153897734,171.00894,67.495285,9.6685
153897964,171.06445,66.034294,9.80909
153950056,173.11646,67.97487,9.98193
142905544,177.97482,67.85624,8.5757
233168801,214.86926,67.094154,7.98312
233170668,215.28218,67.80291,7.25898
230125740,250.86249,67.06638,9.923
103750085,156.99121,66.012474,9.8765
154093770,210.58156,66.79075,9.30324
237102559,241.03885,66.46862,8.70303
230125626,250.95699,67.44556,9.60844
233171101,215.6968,66.55619,9.8508
233179187,218.02473,66.44339,9.3708
154108489,211.72736,67.54521,9.5105
233168735,214.75137,67.403946,9.92263
233170712,215.5639,67.54074,9.82893
233168669,214.96544,67.7768,9.71842
230079079,245.1519,67.66256,9.85338
103803127,158.70291,66.72779,8.46116
142791891,162.36778,66.92541,9.65137
154087299,208.51376,67.39677,8.647
103802691,158.54057,67.52486,7.98786
349826417,162.04935,66.21778,8.13048
349826426,162.1593,66.252815,9.66518
103807473,160.03122,67.23761,9.42014
154087697,208.7533,66.70496,9.58117
147895290,163.80751,67.92324,9.0684
148963189,190.0713,67.56571,9.66729
142940328,179.4642,67.07936,8.23517
142863234,175.13156,67.59747,7.88256
142863891,175.36638,67.45819,9.15117
148895576,185.12393,67.22145,9.97927
147895304,163.68726,67.825356,9.9448
147895414,163.89258,67.27767,9.9792
147895607,163.68256,66.28049,9.8328
103754466,157.8293,66.31221,6.793
103689912,154.70479,67.00472,8.91551
103803272,158.81711,67.5735,8.82811
103803078,158.90326,66.387955,9.567
1102494974,237.71727,68.69636,9.829
1102494975,237.7165,68.69614,9.8905
1102543540,221.04066,69.48478,8.0769
1001494129,208.86539,69.93512,6.3565
1001489405,209.4381,68.3369,9.2011
1884438653,290.89233,69.014694,4.9729
950696939,182.99037,68.60285,8.86036
1981254909,301.75882,69.033165,9.8842
1271264753,257.49158,68.2008,9.8221
1271264754,257.49243,68.200806,9.8577
1401013102,265.326,69.799614,9.8597
1401023908,264.1667,69.57077,5.7603
1401020353,262.4064,69.87712,9.8324
1401020355,262.4069,69.87762,9.7643
1884366102,296.4181,69.13424,9.895
1718180443,284.0619,69.8686,9.8682
1201319406,248.04895,69.67044,9.7525
1718177727,285.59387,69.44187,8.8848
1718177729,285.59448,69.44169,8.9053
1201315528,249.39607,69.32186,8.3572
1718174355,286.90884,69.47471,9.56259
219007583,221.04066,69.48478,8.0769
219858002,257.49158,68.2008,9.8221
154088268,208.86539,69.93512,6.3565
219104062,270.73093,69.654045,7.894
219885689,262.4069,69.87762,9.7643
154126069,212.3607,69.59027,7.682
148840679,182.99037,68.60285,8.86036
230117425,249.39607,69.32186,8.3572
471012043,290.89233,69.014694,4.9729
233193585,264.1667,69.57077,5.7603
154090114,209.4381,68.3369,9.2011
258827115,287.30118,69.19677,8.618
230091651,248.04895,69.67044,9.7525
233200749,265.326,69.799614,9.8597
154204209,214.47034,69.23429,7.881
147950612,167.65715,69.898476,7.91
229787255,284.0619,69.8686,9.8682
229785209,283.72775,69.186356,8.827
416192955,285.59387,69.44187,8.8848
471011664,161.16045,68.77575,9.86
142963041,181.50581,68.698654,6.635
459216464,193.84372,69.88741,8.173
272760188,237.71727,68.69636,9.829
258802949,286.90884,69.47471,9.56259
258351789,296.4181,69.13424,9.895
269696869,301.75882,69.033165,9.8842
147953859,168.88046,69.852806,9.807
219002900,219.71036,68.94442,9.42
356015112,254.29652,68.15417,8.55198
356015058,254.10065,68.02516,8.1008
356015617,254.07973,69.00829,8.735
356015357,254.3094,68.57416,8.72318
356015361,254.25021,68.58986,9.90455
160042839,201.20378,68.17576,8.94266
403117972,303.47537,68.802895,9.3627
403117859,303.53366,68.04375,8.6662
349976956,305.0248,68.08694,7.8285
403332588,304.13776,68.988205,8.888
403332595,303.8959,68.958176,9.8718
403332726,303.99405,69.652016,8.9793
403332782,304.09125,69.98569,9.5133
258513199,305.38757,68.58718,8.6397
258512867,305.47702,68.16335,9.5662
403332425,304.0333,68.11841,9.91609
269663425,301.32214,69.21273,7.7808
402659317,302.3862,69.92271,8.8831
349977461,305.02502,68.88032,2.96759
269697097,301.72913,69.45246,9.5753
269663406,301.27258,69.25584,9.2893
360019840,300.5436,69.0719,8.6308
402894425,302.73712,68.27222,6.7108
269664133,301.2129,68.0755,9.9971
349917194,304.88193,69.19321,9.8674
402898028,303.08395,68.977196,9.39053
269660948,300.98398,69.79816,9.3713
402898106,303.02094,69.35525,9.90433
402894400,302.71326,68.156204,9.26097
403114356,303.27875,68.15,9.4323
269663308,301.2201,69.42682,9.6579
349917500,304.79578,68.80881,8.9884
349917679,304.88318,68.55518,9.68712
403332647,304.10532,69.22957,8.6758
402898205,302.82614,69.85453,7.944
349977216,305.2969,68.52042,9.126
349977587,305.05447,69.070465,9.749
349977603,305.22314,69.09872,9.3683
258546278,305.78442,68.15374,9.6627
349977438,305.30157,68.852516,9.69777
349977606,305.05887,69.10323,9.85778
269599662,300.90808,68.38581,9.3183
269599664,301.01138,68.39112,9.8461
349917754,304.93475,68.460106,9.6786
349977278,305.14758,68.60814,9.0468
258513230,305.44778,68.62363,9.3579
258546235,305.77066,68.20653,9.3467
258513399,305.4563,68.84565,9.4291
269663808,301.3792,68.55893,8.8916
269700065,301.8618,68.519905,8.6428
403585366,304.38562,68.9128,8.8497
269700358,301.95187,68.064674,8.294
326258860,299.0294,68.46029,8.9993
360020027,300.48898,69.3749,8.8482
269660295,301.0273,68.64513,9.7021
269699302,301.7775,69.86322,9.4355
269699717,301.97604,69.13082,9.6694
269696525,301.66092,68.431046,8.0911
269696817,301.5131,68.942116,9.8183
269697039,301.51758,69.34543,9.5306
402894417,303.0917,68.2999,8.6447
403332763,303.69205,69.80128,9.1685
258513331,305.48962,68.75443,9.60149
269697024,301.4852,69.31403,8.7274
269696438,301.6072,68.29106,8.725
269660835,300.95493,69.56427,9.74141
258508426,304.56473,69.36562,8.0729
258508639,304.44266,69.036224,9.7516
360020323,300.34418,69.89829,9.2782
258462101,299.94022,69.853325,7.0685
402898087,303.17868,69.28873,9.8744
269595425,300.64163,69.86626,9.6994
403118018,303.26767,69.207596,9.84194
360019479,300.2882,68.56217,8.6193
269664122,301.40775,68.08793,9.6075
402894367,303.19577,68.11809,9.281
269660959,301.01807,69.81941,9.7346
269663397,301.21075,69.27303,9.61496
402894602,303.1942,69.09789,9.16
402894611,302.97,69.16855,9.9413
360020309,300.43268,69.88062,7.68574
417701111,299.51337,68.912315,9.613
417700800,299.62766,69.367584,9.9578
360019713,300.37775,68.88603,9.9932
403117893,303.62357,68.15751,9.99387
258460792,300.137,68.04871,9.831
366489249,299.94772,69.27349,9.2286
360020042,300.34625,69.4121,8.8902
366514723,302.33566,68.599556,5.85832
366514544,302.1827,68.348274,9.64412
258461379,300.16162,68.65309,9.7708
269599670,301.07434,68.40337,9.599
258461740,300.14322,69.239784,8.6834
269596341,300.71057,68.327515,8.89746
258462158,300.2517,69.946304,7.97063
403332472,303.7556,68.37653,8.8589
417700529,299.61108,69.85801,9.4698
417701394,299.38803,68.48933,9.5528
366489106,299.68878,69.48774,8.3648
280073317,298.46094,69.1303,9.37795
280073347,298.33334,69.07585,9.71645
366515076,302.23267,69.086075,8.2521
366489163,299.92215,69.40898,7.41299
366489827,299.65466,68.41201,7.48522
402659286,302.60956,69.45227,8.6484
269696791,301.48117,68.87374,9.9674
366485891,299.2746,68.490685,9.3483
269664165,301.22247,68.02716,4.3833
326259216,298.99872,69.0407,8.551
360019461,300.34235,68.541595,8.6676
326259566,298.78104,69.60923,8.7773
269595513,300.8045,69.69456,9.7697
360019299,300.51834,68.30678,9.19715
269660246,301.0642,68.579506,9.64257
326258696,299.04535,68.21106,9.4989
280164239,298.75525,69.570496,9.537
402656020,302.37128,69.09012,8.7829
280163572,298.6041,68.524,9.0198
402655954,302.39322,68.36132,8.9212
402655996,302.5604,68.948,9.4469
280031521,297.3956,69.21183,9.1548
417700948,299.55664,69.140396,8.6771
402656056,302.6267,69.49527,9.1562
402655946,302.56293,68.298454,7.20711
417701675,299.59232,68.0455,9.4516
258460849,299.97607,68.088875,9.846
280069775,298.03192,68.223724,9.73007
403329346,303.93164,69.93649,8.6754
269595896,300.85352,69.063354,9.8095
279980795,297.07364,68.0112,8.1512
326258617,298.83957,68.06826,9.2453
366486547,299.0805,69.562256,8.9733
258351335,296.6589,69.94878,9.84472
326258875,298.82126,68.49309,9.131
326259059,298.98358,68.74955,9.7863
264303926,296.2108,68.04412,8.68456
280163828,298.7322,68.91084,9.5633
366514976,302.16156,68.93831,8.7197
360019901,300.39575,69.179085,9.1924
280163863,298.74814,68.95652,9.6634
258461221,300.01657,68.436745,8.0618
258352348,296.44897,68.25321,8.7783
280035155,297.79352,68.240204,7.32002
280069944,298.0507,68.483894,9.8491
264299562,295.83478,69.489075,8.20201
280034330,297.84045,69.58801,9.46794
269663477,301.21002,69.14108,8.56131
280034976,297.7103,68.558876,9.31703
264247516,295.34763,69.10444,9.3879
264248095,295.2558,68.21952,9.9289
264248108,295.28046,68.207275,9.83864
264299607,296.03192,69.40917,9.7263
264299638,295.82556,69.347336,7.7108
280034777,297.73395,68.8732,8.0327
279979689,297.20026,69.80332,8.7147
264391816,296.28802,69.71448,7.8764
264300203,295.97644,68.46874,9.4543
258388218,296.8194,68.209915,9.913
264248199,295.41983,68.06711,9.39749
264304016,296.2188,68.17853,9.9264
264304187,296.27396,68.42952,9.63918
258351350,296.5106,69.91917,7.93515
258388621,296.82672,68.877945,9.4471
258388363,296.6862,68.43801,6.02367
258388400,296.7073,68.50167,9.8086
280034947,297.66617,68.60109,8.2165
264299645,296.07675,69.33706,5.88166
279979604,297.1963,69.950005,9.6431
264299558,295.8337,69.49144,9.63245
264175756,294.79297,68.65257,5.97974
280031398,297.53442,68.97119,9.2962
280031778,297.49246,69.628006,8.7956
264172684,294.49454,69.46232,8.1704
264172025,294.40894,68.26598,9.3479
264172446,294.45715,68.99711,8.5188
259270241,293.4959,69.57792,9.2403
259273378,293.88013,68.53007,9.5695
264221172,294.9986,69.89763,9.5903
264252614,295.66635,69.82761,9.2675
264221104,295.1149,69.76448,9.20744
402659560,294.29547,69.13801,9.8159
402656213,294.14948,68.0286,9.972
259266152,293.20224,68.11066,8.9901
259270364,293.4984,69.74674,9.79642
259171140,292.24722,69.968575,9.5844
259233160,292.81207,68.98403,9.9603
264246989,295.23938,69.93533,6.403
264247679,295.2,68.87812,9.5937
264247768,295.42972,68.72308,8.9591
259266123,293.22095,68.15665,8.1987
259265773,293.38956,68.723564,9.8215
259266070,293.1551,68.25166,9.766
264175503,294.74744,69.09766,9.9386
280070722,298.08844,69.83438,9.89884
259233274,292.67563,68.74688,6.31998
259232956,292.6069,69.37957,9.0335
259233344,292.70224,68.63378,7.4783
259233419,292.8121,68.5392,9.8294
264251680,295.57178,68.342804,9.3891
259272661,293.8507,69.80548,4.0612
259265062,293.2121,69.86085,9.7868
259272586,293.81158,69.92833,9.2089
259270391,293.54547,69.79513,8.10744
264172768,294.53314,69.59617,9.5125
402448308,294.25977,69.734764,8.56344
402656341,294.26227,69.207825,9.93583
259237597,292.97845,69.27208,8.7685
259237827,293.08997,69.66118,3.9417
259273566,293.77557,68.22527,8.7242
259232873,292.7729,69.52698,6.77465
259233577,292.582,68.30689,9.944
259166108,292.0779,69.71842,8.88472
259166465,291.98303,69.053894,9.7623
259166970,292.2183,68.18677,8.5971
259170481,292.3082,68.82083,9.9269
259130392,291.7791,68.8432,9.2362
259130556,291.84885,69.125725,9.8988
259166245,291.97562,69.46872,9.6428
259034577,290.39713,69.060814,7.8701
259004235,289.8837,69.47881,9.4393
356865065,275.766,69.577835,9.78237
259003533,290.02722,68.192245,7.8779
259003827,289.86957,68.730156,9.9927
259170051,292.2606,68.15529,9.3246
259170076,292.40298,68.176926,9.97286
258918587,288.5381,69.97908,9.3141
259102835,291.508,69.94818,9.5176
258918908,288.38858,69.25338,7.3791
259127083,291.36496,68.13171,9.6063
259038228,290.48804,68.815704,9.3945
259040819,290.96008,69.70188,9.6164
259130275,291.91003,68.6538,8.33389
259038109,290.52045,68.578384,8.6797
259038627,290.54877,69.5794,8.5512
258799245,286.72943,69.378334,9.5931
258799833,286.7424,68.1769,8.86637
259097024,290.94757,68.06531,9.54233
259038747,290.65433,69.82511,9.7547
259167018,292.00964,68.106606,9.7521
259166360,292.2242,69.25482,9.5637
259166610,292.18396,68.805595,9.83526
258957379,289.53485,69.4864,8.76762
258957451,289.4312,69.66541,9.5938
258873666,288.29144,68.72413,9.6306
258826863,287.3208,69.70241,9.33822
259170364,292.37094,68.618004,9.7319
259038546,290.46295,69.43941,9.6131
259038818,290.71167,69.95002,9.4779
259000581,289.79697,68.530655,9.71658
259000133,289.71817,69.34312,9.873
258803127,287.09628,69.77759,9.0412
259004487,290.0814,69.91644,8.5232
259100823,291.09668,69.79649,8.85516
259000216,289.6577,69.14244,9.9767
258873442,288.09186,68.297806,8.9808
259100244,291.16885,68.70891,9.057
259100370,291.24872,68.932274,9.2991
258870043,287.8039,69.41923,8.39625
259100438,291.10815,69.05998,9.5783
258922669,288.65472,69.68279,8.3206
258922110,288.67715,68.501495,9.73517
259126645,291.4794,68.93532,9.09693
258827349,287.30478,68.75303,9.3894
258870732,287.85364,68.127426,8.7345
258873405,288.32986,68.23233,8.26315
258826934,287.40198,69.53359,9.1358
258874025,288.07736,69.44407,9.43466
258919164,288.4436,68.785995,9.7798
258830753,287.48334,69.26383,9.6298
258701001,285.67706,68.71217,8.6389
258701586,285.81665,69.9612,9.8824
258701096,285.9429,68.91774,9.3917
258701287,285.84006,69.32915,9.8108
258700817,285.67908,68.325165,7.04357
258830544,287.72604,68.83691,9.5892
258924573,289.20175,69.80883,9.4942
258953581,288.95395,69.38883,9.42036
229787430,283.8853,69.54063,9.5612
258830417,287.61642,68.58265,9.5624
416192289,285.48706,68.182625,8.7312
416192916,285.53473,69.361244,9.291
416193155,285.3692,69.87029,9.8161
258830964,287.5172,69.67323,9.3446
258799321,286.57242,69.220245,9.1706
258799326,286.84137,69.21559,9.9451
258799453,286.69528,68.92339,9.2053
258799702,286.7197,68.440575,9.0918
258799890,286.67624,68.06928,9.8592
258830281,287.65588,68.283295,8.85912
258873850,288.3076,69.06803,9.4211
258873708,288.20215,68.807076,8.1323
258873870,288.09048,69.09896,9.8603
258953729,289.1068,69.067474,8.5952
258956803,289.30124,68.25678,9.8958
229751007,280.8531,68.11239,7.7614
258775955,286.38885,69.47948,8.82
229751802,280.80194,69.932076,9.02225
258869917,288.0213,69.70793,8.7417
258870345,287.9155,68.83535,9.40126
259003676,290.08603,68.446045,9.919
259004297,289.87607,69.57885,9.9606
258870083,287.98825,69.34803,9.4286
258869849,287.79562,69.866776,8.66742
258956843,289.24542,68.335045,8.2453
259003743,290.05298,68.56875,9.6962
258956733,289.25537,68.13228,9.5335
229771158,282.18872,68.31521,9.0526
229759887,281.13403,69.012,9.5312
229781723,283.5096,69.34171,9.1132
229770452,282.10037,69.88587,9.58099
229799691,285.0848,68.010025,9.1771
258827116,287.3044,69.19666,8.3346
258827170,287.41287,69.09308,6.7669
229784742,283.7366,68.2864,8.53246
258826816,287.37048,69.78544,9.6399
229793355,284.6938,68.950905,7.1937
229712711,278.77554,68.45025,7.55646
229737440,279.15518,69.57856,9.7663
229790589,284.3696,68.56855,8.29652
229768476,282.05588,69.40279,8.4286
229787888,284.13388,68.50661,9.4534
229793060,284.71927,69.53129,6.62178
229768112,282.08203,68.636795,9.81357
229787809,283.9398,68.67628,9.55626
258802502,286.939,68.53195,9.1018
258772131,286.1687,69.43087,9.8956
258772350,286.12204,68.97254,9.9857
229785210,283.73013,69.18656,9.6278
258772290,286.01242,69.090836,9.65853
229779205,283.1431,68.496,9.9115
229785208,283.72726,69.18627,9.67323
229745664,280.14316,68.42011,9.7687
229748192,280.42856,69.52434,7.9193
229746027,280.03363,69.254715,9.35195
416192725,285.62354,68.975075,9.4359
258701274,285.76633,69.30474,7.1399
416192888,285.40134,69.31171,8.7696
229751584,280.7931,69.349724,7.4792
229765118,281.5317,69.304146,9.35433
229799387,285.2324,68.71618,8.80539
229715392,278.91296,69.195625,7.6551
229790899,284.45016,69.1485,9.5936
416192852,285.37933,69.24584,9.3784
229773519,282.49036,68.08655,9.8975
229763066,281.41483,69.46967,9.6713
229773872,282.6515,68.8026,9.5779
229774285,282.56955,69.759094,9.42371
229748770,280.3663,68.24849,8.6759
229762697,281.21368,68.65952,9.9909
229779160,283.09802,68.405495,8.6818
229751199,280.78458,68.48726,7.3165
229779540,283.08072,69.27926,9.0614
229779769,283.27084,69.821335,7.0389
229779790,283.18683,69.86666,9.831
229763008,281.2664,69.34742,9.9363
229762720,281.45016,68.727745,7.81469
376868268,276.33527,69.954544,8.4025
229765098,281.75082,69.3463,9.9748
229781654,283.54578,69.49313,9.6983
229782056,283.31152,68.66952,8.5217
229776431,282.9377,69.07918,9.769
229790429,284.20523,68.29238,7.0453
229776076,282.7473,69.88264,9.3538
229764977,281.5002,69.6379,9.20674
229765194,281.58542,69.14615,9.9875
229782013,283.29654,68.76606,9.95031
229791097,284.34583,69.59637,8.3881
229771018,282.21725,68.59622,8.6025
229745867,280.2097,68.86182,9.5708
229767878,282.02307,68.15769,8.5853
229767945,281.83246,68.27912,8.7694
229793565,284.47937,68.50568,7.4703
229793080,284.5806,69.48831,8.08
229748339,280.49573,69.17217,9.9113
229792964,284.667,69.72663,9.1217
229767929,281.7864,68.24884,9.79591
229765703,281.62433,68.01861,9.2144
229776298,282.9671,69.35873,9.8708
229748382,280.36115,69.06694,8.8511
229740543,279.68604,68.89928,8.45293
229737703,279.2851,68.97217,9.5999
229740368,279.58823,68.53323,8.8359
229785469,283.66592,69.72697,9.1576
229785551,283.7398,69.929794,8.9922
229748836,280.43204,68.12525,9.9402
219099326,269.92108,68.73038,8.2383
229740498,279.4564,68.81554,9.5883
219097352,269.6079,68.37927,9.2868
406855718,274.7529,69.29963,9.7855
406856202,274.6631,68.15998,9.0754
229702499,277.36642,68.6651,7.9719
229742951,279.8571,69.050995,9.94056
229770891,282.20032,68.876595,9.1071
229770586,282.36813,69.55642,9.9323
229745848,280.2868,68.80254,9.3187
229737759,279.17117,68.827675,9.6039
256299194,276.56598,68.3589,8.8536
219092195,269.08157,69.93469,9.1512
229745603,280.13214,68.2798,8.9296
229745621,280.21347,68.31386,9.7802
229760267,281.14038,68.201904,9.6712
229710132,278.25565,69.00005,8.9111
229762774,281.42465,68.82383,9.56956
229740200,279.50803,68.16984,8.8203
236770582,274.19327,69.47517,8.3946
229712768,278.73853,68.29554,8.5921
229742722,279.8316,69.52293,9.93689
219115037,272.06445,68.41994,7.95291
229715505,278.99396,69.49773,9.3987
229743204,279.7087,68.48794,8.9048
229746165,280.2859,69.55218,8.57218
236760731,273.06494,68.450165,8.4601
236760736,272.8926,68.45591,9.633
236761202,273.05093,69.71545,8.17123
376867523,276.2406,68.27276,8.5284
229740594,279.67456,69.02875,8.21311
233236139,267.5582,69.16837,8.48171
229710357,278.37668,69.48712,8.1449
229748825,280.30936,68.142204,8.4701
229768279,281.8111,68.98571,9.8519
236761089,273.06592,69.36518,8.9216
229779802,283.112,69.89174,9.97136
229787753,283.9957,68.824646,9.9006
229710150,278.40674,69.064026,7.85087
229787530,283.94858,69.33396,9.23653
229740698,279.65356,69.28058,9.4839
219099398,269.97806,68.94194,9.0815
236767786,273.92618,68.99753,9.47398
229712437,278.6027,69.06618,9.5777
219094946,269.26517,68.82213,8.4029
219099564,269.88077,69.322,9.11704
219872203,259.77686,68.23913,9.4003
236758288,272.8135,69.24994,8.61629
236758289,272.81204,69.24885,8.65431
229710351,278.2895,69.48271,8.87883
233193797,263.948,68.90026,9.3544
233233994,267.36478,68.407295,9.28304
236758071,272.58496,69.827,8.8863
236772413,274.51477,69.11211,9.2605
236763203,273.3775,68.67222,9.569
219095082,269.37067,69.16367,9.7428
376867702,276.39548,68.67637,8.96627
229715043,279.05283,68.35269,9.40025
219103794,270.66336,68.92367,9.5271
229707441,278.1259,68.6142,7.093
219877628,260.88242,69.771805,8.2311
219871765,260.01205,69.75361,6.1212
219894679,262.7094,69.32425,8.0047
219088200,268.62924,69.04901,7.4326
219110213,271.57233,68.96932,9.6664
219090355,268.67444,68.69691,9.88922
233233964,267.2585,68.34183,7.57862
362104184,268.20596,68.224724,9.89228
219101093,270.3302,69.88046,8.73009
219112589,271.7114,68.805305,9.1465
229709720,278.38745,68.08618,9.5576
219088125,268.6366,69.28109,9.6258
219117164,272.34967,68.45731,9.609
219117295,272.51175,68.82031,7.1681
219114963,272.207,68.58047,7.60353
230083417,246.16092,68.50098,9.3912
230083376,246.08298,68.72886,9.3721
233202837,265.48636,68.22123,9.8242
219108314,271.13962,69.41302,9.97285
219108160,271.20767,69.013176,8.0792
219114516,272.00076,69.75947,8.14413
233234082,267.367,68.689026,6.6994
219117614,272.48123,69.6805,7.7686
233197293,264.6432,68.91388,8.55341
219893344,262.44128,69.811905,9.8438
233203045,265.5348,68.891106,8.381
229700206,277.10403,68.98104,9.1183
229704731,277.85184,68.348236,9.5633
233203143,265.44724,69.23492,9.5153
233231869,267.13416,69.11068,8.4838
406855519,274.73483,69.79749,8.931
341871585,276.90573,68.51174,9.40117
229742696,279.73636,69.59094,9.6199
233203368,265.5178,69.99652,9.1456
219090625,268.79657,69.43275,9.7589
219099523,270.1278,69.230255,9.2901
256299260,276.63345,68.20284,9.73737
236767649,273.8728,69.33,8.9995
236765590,273.60278,68.849174,9.9302
219096858,269.6024,69.5743,9.2553
233209308,266.3571,68.07669,8.4677
219090212,268.92218,68.27122,9.4495
233238668,267.8856,69.47306,9.44059
219099369,269.8713,68.8441,8.66493
219106154,270.90955,68.05409,9.4516
219898102,263.40155,69.79384,9.26657
219893265,262.54346,69.52736,9.79957
362104550,268.1005,69.14973,9.30827
376848173,275.30847,68.26657,9.4613
233200932,265.26862,69.22081,8.7445
233200748,265.32358,69.79987,9.86893
219112487,271.87827,68.5621,9.3189
219896780,263.01657,69.39388,9.6364
219852868,256.63263,68.81109,9.7308
219875748,260.51617,68.36736,9.9587
219092424,269.1068,69.305534,9.366
311235634,253.7764,68.40535,9.9327
233193577,263.89087,69.591515,9.0305
219103487,270.4742,68.12616,9.4322
219851336,256.31665,68.092384,9.10612
233234460,267.35458,69.70088,9.46487
219092312,269.04184,69.614265,9.67236
219894604,262.8245,69.59998,6.42766
233236111,267.74307,69.24115,8.5958
233209140,266.29593,68.5669,8.9908
233211009,266.68185,68.5616,7.7418
233211282,266.57385,69.329834,9.8002
219101364,270.18762,69.17297,9.4166
256299163,276.48523,68.448166,9.7467
229707225,278.16656,69.078674,9.8983
233205102,265.9331,68.40737,9.8786
233211421,266.80063,69.7478,8.27027
219094612,269.3715,68.02087,8.159
219094619,269.48154,68.03989,8.9306
219101592,270.25204,68.58544,6.6943
236767465,274.01575,69.77443,9.3422
219101602,270.1505,68.55668,8.944
233197209,264.72693,69.1944,8.41917
219877230,260.90564,68.269,9.3272
219877584,260.89236,69.6108,9.8308
362104675,268.3409,69.46632,9.7941
219117243,272.42474,68.67249,9.4466
219896856,263.24478,69.652374,9.7526
219103569,270.70734,68.320465,9.37979
233195546,264.23788,68.757965,4.3451
219898374,263.50946,68.77597,6.9745
219866469,259.0483,68.4471,8.3015
219898312,263.40698,69.006516,9.4
219088279,268.6199,68.81679,8.7361
356735373,254.6909,68.23904,9.83247
219115017,272.06506,68.47808,9.9505
233199292,265.07047,69.15028,6.5541
233197156,264.68246,69.37125,9.1453
219898224,263.38098,69.32282,9.3153
219870537,259.66614,69.847984,9.8995
272781780,238.12863,69.47892,8.7416
272781885,237.99806,68.999016,9.6455
272781892,238.22736,68.99455,7.3215
230121918,250.4392,69.31906,8.4712
230110932,248.18599,68.03724,7.93771
230135105,252.65953,68.90711,9.3915
233207019,266.01782,68.52055,9.3998
233207198,265.98227,69.074005,7.327
237104347,241.36514,69.00556,9.91777
272781944,238.1813,68.76501,9.08484
233207052,266.02048,68.63594,9.5641
219104063,270.72794,69.65451,8.88029
219859796,257.6431,69.83317,9.81673
272679053,234.50348,69.929016,9.532
270491598,232.27022,68.49036,9.7524
356735065,254.76073,69.18625,5.7873
236770668,274.16965,69.70963,7.93827
356735215,254.82405,68.678894,7.2052
230091821,248.00049,68.98355,9.8589
236763219,273.39856,68.63896,8.5629
230115455,249.16252,69.79307,7.6222
233193490,264.1007,69.93839,9.4534
233193533,263.95203,69.80311,9.2339
233193823,263.97772,68.80564,8.0265
230136597,253.09723,68.40306,8.4216
230075248,244.22029,68.79369,8.3608
230120584,250.10121,69.21537,8.4668
219844873,255.09727,68.46533,8.822
219862810,258.51596,68.09706,9.3068
219900083,263.7897,68.81194,7.13268
219900301,263.83673,69.633705,7.5383
362104422,268.08527,68.79131,9.4052
232969047,198.43823,69.51049,9.696
459218025,194.16978,69.9993,9.908
459217724,194.1263,68.495544,9.2059
459217757,194.16805,68.61609,6.62732
219005057,220.63885,68.0223,9.7402
154012984,206.36847,69.47386,9.3056
233188115,225.33473,69.34368,9.5935
233189001,225.6164,69.45523,9.8122
233191091,226.1189,69.84451,9.2871
233191165,226.09482,69.48508,9.1573
233191233,226.1742,69.09337,9.5028
272750635,236.81471,68.25978,8.4504
272757683,237.31071,68.99668,7.5417
230122279,250.24272,68.046646,9.5696
233238762,268.0107,69.82962,9.7925
219092741,269.13382,68.46383,9.9896
356700577,254.56223,68.97802,8.02513
230134995,252.55968,69.34069,9.82701
272749103,236.63377,68.15214,9.6489
272750454,237.0068,69.10308,9.73218
230122282,250.3168,68.03495,9.91812
230111120,248.20561,68.79702,9.9553
233187926,225.14055,68.35788,9.9934
147898701,164.75749,69.989044,4.7873
233191192,226.25937,69.28971,8.61695
233192197,226.36047,68.110504,9.43415
272750415,236.93819,69.29764,9.9543
230111173,248.36406,68.98166,9.09384
219846307,255.4592,69.01699,9.39711
233203113,265.61017,69.13331,8.03025
232542157,228.22438,69.33405,7.661
232542159,228.16945,69.33495,8.8844
232542210,228.1405,69.57989,7.5454
237096828,239.69197,69.61328,9.4129
154012877,206.3302,68.99945,7.4334
237096968,239.52158,68.81301,9.5905
230088835,247.48688,69.51415,9.6386
311234107,253.53587,68.46753,7.5685
219090281,268.82172,68.50234,8.01292
272702094,235.1781,68.433235,7.98265
230133406,252.4145,68.736015,9.7972
230133460,252.32513,68.92366,8.43434
219869988,259.5185,68.12655,8.99579
219090713,268.80115,69.675575,9.80476
219873780,260.12753,68.45356,8.3317
219900218,263.87683,69.297066,6.35091
154090160,209.44598,68.57115,9.4984
154090203,209.31587,68.857475,9.3527
219006179,220.92432,69.54982,9.2621
219006267,220.8382,69.139755,8.1409
219006466,220.80609,68.070656,9.914
237098239,239.97021,69.22525,7.5372
230071184,243.47134,68.40108,9.9838
230112797,248.47899,68.01299,5.8954
230128292,251.50276,69.709015,8.0234
219852937,256.6046,69.01985,9.908
219857833,257.5709,68.79116,7.9861
219874159,260.2935,69.800705,6.7831
219090547,268.7147,69.22197,7.28162
341688032,192.10886,68.00736,9.2974
341688132,192.25592,68.50322,8.3679
341688304,192.1065,69.27757,9.7698
154181646,213.88574,68.77155,8.69508
334636183,231.40375,68.225876,7.1593
219017002,223.33376,69.45865,9.6807
272745730,235.58025,68.05139,9.8163
230067542,242.43315,68.195,9.9011
233195724,264.37656,69.36381,9.155
103741041,156.16167,68.92017,7.8454
230129966,251.82129,68.013054,8.6938
356015180,254.23322,68.26272,8.2834
356015528,254.1858,68.8877,9.1857
219878858,260.9539,69.444405,9.0487
233204727,265.6927,69.417076,8.8194
147898661,164.68216,69.812065,7.98943
230082155,245.98297,69.562325,8.53673
219875399,260.4573,69.54813,9.2508
219003897,219.85626,68.06455,9.6032
219003998,219.83104,68.6401,9.8152
219004091,219.91884,69.07753,9.0172
219004214,219.97122,69.83617,7.2639
230088975,247.3479,68.931175,8.6492
230081904,245.93634,68.4047,8.85224
230131545,251.99046,69.66226,9.33516
230131723,251.9897,69.04251,9.37277
219846158,255.30382,68.48042,9.4428
219004240,219.91568,69.998405,9.2507
237101581,240.69954,69.90553,8.4207
230128376,251.59795,69.33025,7.61317
233211162,266.798,68.96733,9.87
219090696,268.79987,69.615555,6.04826
219882723,261.58716,68.21371,7.8758
272651070,233.43329,68.24871,9.5782
219010723,222.06432,69.978905,8.3719
219010992,221.9156,68.5649,8.8346
219013284,222.60728,69.2466,7.8759
272760110,237.70905,68.33063,9.8326
272760235,237.66118,68.93068,8.7577
230086252,246.82523,68.21533,7.7401
230087636,247.10974,69.24877,9.921
230087410,246.96437,68.32895,8.5239
230087706,247.12242,69.534676,9.6204
219882262,261.71167,69.90866,9.9411
219003079,219.64737,68.02277,8.4325
298161096,220.2733,69.25216,7.2915
232984072,242.01817,68.69426,9.751
272671274,233.85405,68.424995,9.9793
230112515,248.58821,69.09301,9.2551
154067510,207.45285,68.18164,8.4894
154011935,206.19017,68.08942,8.448
154012902,206.48338,69.1158,7.9948
154125889,212.33688,68.49552,9.492
154067411,207.25629,68.64631,8.8147
153951359,201.42125,68.509636,9.2973
270491346,232.35074,69.7942,9.3846
270491428,232.3699,69.33641,9.8065
270491649,232.33568,68.22974,9.9605
232982793,241.68567,68.93956,7.9918
230112519,248.45325,69.061554,8.7579
219851287,256.19855,68.27352,9.2747
219875308,260.35492,69.819244,9.7831
142827466,174.01166,69.32295,4.3465
272679177,234.41304,69.28334,4.4901
142827487,174.08655,69.27137,8.4397
148909505,185.68848,69.20403,9.2325
154094053,210.53014,68.175156,9.6668
233186812,224.85135,69.41423,9.4382
233183631,219.2471,68.15231,8.6751
233183667,219.3855,68.449295,7.2283
272783433,238.48161,69.86473,9.7635
272784360,238.65158,69.539276,9.4254
311234103,253.49417,68.48249,9.8771
219893380,262.58286,69.923874,9.5369
272785718,238.92563,68.39333,9.9859
272760210,237.80424,68.81196,9.8418
219010838,221.83719,69.30648,9.3419
219011057,221.83905,68.23026,9.3247
219012449,222.41203,69.953896,9.565
272748035,236.1904,68.68001,7.09557
230086096,246.79214,68.912415,9.34897
272748141,236.33331,68.16217,8.2914
459217831,194.24849,69.0181,9.3061
459217933,194.18352,69.526596,8.74808
459216483,193.78452,69.81693,8.171
230117419,249.46109,69.30566,9.9433
219878815,260.95135,69.6287,9.89148
355951093,230.84064,69.01485,9.7688
237100820,240.36389,69.96143,9.7257
233204703,265.79297,69.49158,9.7151
233235970,267.4802,69.63817,9.99622
230123572,250.66074,68.102165,6.8491
219010937,222.01564,68.83291,8.92832
230076756,244.54552,69.276825,9.87934
219878939,261.15353,69.1654,9.2993
219894715,262.84805,69.21298,9.25223
233189063,225.64597,69.16619,9.6036
417914780,165.90456,68.703384,7.5454
417914900,165.79799,69.25025,7.9124
148910346,185.87022,69.64942,7.9023
232543156,228.53989,69.368355,7.6131
232543289,228.50945,68.797676,8.61196
233189161,225.64049,68.54052,8.437
230120592,250.16827,69.23216,9.1348
356015383,254.05743,68.6186,9.2615
230115444,249.24698,69.821655,7.7054
230117380,249.499,69.162605,7.3443
233169606,215.22057,69.57166,9.9662
233182766,218.87988,68.53387,9.9797
272679402,234.39845,68.23185,8.5327
272679423,234.37148,68.12754,9.9286
230084656,246.3402,68.461716,9.9904
230084593,246.37764,68.117386,8.6613
230084858,246.49681,69.374245,9.94847
153936865,172.49811,69.337135,9.2958
230084731,246.32016,68.78653,9.6497
142946146,180.15627,69.18547,7.0903
355937491,187.40569,68.63547,6.4634
230118997,249.80864,68.32104,7.78287
230128308,251.44742,69.63747,7.9506
272786845,239.32674,69.63901,8.6256
272749365,236.74817,69.477486,7.4071
272749171,236.66367,68.499825,8.90474
230128386,251.38986,69.29118,8.88902
219090581,268.75168,69.30667,9.54025
153949068,172.8509,69.33108,2.2364
148932631,188.96565,69.0137,6.74997
232969003,198.4411,69.30422,7.774
232970715,198.98361,68.245895,8.7918
230069843,243.03712,69.45063,9.00918
230070108,243.0918,68.18622,9.4785
272701896,234.98407,68.88028,8.6673
272760418,237.93037,69.68301,9.6678
230087756,247.06485,69.746956,8.085
153973970,202.69841,68.276115,7.1624
154087047,208.43796,68.67535,8.8245
154107460,211.6959,69.64041,7.0884
154107473,211.44275,69.585884,9.8073
154107737,211.60748,68.13998,9.3658
459218715,194.37218,69.906784,9.7018
219017960,223.65651,69.51036,8.682
219018004,223.81793,69.227776,7.672
237096988,239.51244,68.743324,9.1254
272746682,235.94635,68.34798,7.2932
272746818,236.0628,68.92385,7.07
230125296,250.98608,68.6939,9.6153
230059265,228.92784,69.19431,9.3414
232537366,227.02103,69.73238,9.60375
219853206,256.7196,69.99653,9.50675
219857804,257.5121,68.88375,9.96982
232968163,198.16434,68.01922,9.71183
341688336,192.09998,69.46959,9.7964
230067355,242.41707,69.09156,9.3149
219017006,223.34334,69.46788,8.237
232967946,198.03227,69.49527,7.3705
232969046,198.36017,69.49979,9.7366
154164387,212.62166,69.35913,7.355
233181559,218.66182,68.3203,9.8825
272680357,234.94937,68.076805,9.854
219852964,256.6355,69.11013,8.92853
230118807,249.80818,69.05066,8.2052
233181627,218.6021,68.70193,8.4906
233195689,264.40585,69.24204,8.55894
147938937,166.93472,68.0891,9.9156
147939771,166.96996,68.36635,5.8486
147940017,167.02211,69.64494,8.4104
233178615,217.854,68.72991,8.5308
237103309,240.94434,69.86976,9.6544
230076586,244.54071,68.55454,5.25887
219847805,255.70158,69.0409,9.975
219848032,255.81575,68.16999,9.5156
219868416,259.1413,68.599464,9.5211
148878691,183.91661,68.900024,9.2417
153971631,202.1062,68.45224,9.0265
237099452,240.14665,68.06231,7.4566
219859507,257.84735,68.843124,7.7684
219014443,222.97304,68.38293,9.6005
219862987,258.29654,68.665245,9.8517
219003054,219.74821,68.166214,9.1807
219014621,222.78613,69.24534,8.65093
232983846,242.0726,69.77295,9.2654
272672557,234.3356,69.30514,8.72575
230089035,247.38751,68.68499,7.73949
356700488,254.45549,68.69967,8.20773
154011694,206.10515,69.21995,7.63296
154011697,206.10237,69.21761,9.88751
154067210,207.49644,69.653824,8.33927
154181549,213.9166,69.5433,9.36466
230067474,242.48401,68.506935,8.929
148917425,188.37059,69.78823,4.01906
230060554,229.05142,69.298645,9.45969
230112536,248.60838,69.01256,9.50447
154180762,213.54001,69.16729,9.1878
147935396,165.72551,69.179634,9.3094
148916626,188.1235,69.32863,9.63993
233169434,215.17159,68.455956,9.1707
272680374,234.73259,68.166214,9.1711
230079399,245.35594,68.97929,9.563
148910488,185.98839,68.70572,9.9476
230129975,251.66777,68.04607,9.91076
237098343,239.8737,69.743614,8.4769
272783172,238.40233,68.720116,6.2659
148909407,185.7038,68.52478,8.2726
148963941,190.26863,68.51606,8.8614
148963963,190.28294,68.65547,9.29531
341705658,192.65103,69.83434,8.79364
341705749,192.78482,69.29423,7.93372
154094097,210.61752,68.5028,9.84617
154094275,210.5239,69.53586,8.9378
272636097,231.09618,69.37202,8.42092
272636176,231.35002,69.768196,9.2234
272635848,231.25446,68.08247,9.71769
237096809,239.61464,69.71925,8.70454
233183704,219.22102,68.67547,9.02189
272672393,234.29834,68.56013,9.70146
272672404,234.28166,68.63017,9.2481
311234001,253.55157,68.831795,8.82577
230136637,252.87659,68.5371,9.604
233186749,224.85312,69.752426,9.93226
233186904,225.09451,68.914314,9.6283
154092960,210.29257,69.697174,7.1296
103750605,157.08533,68.6368,9.9045
148967152,191.38387,68.13024,8.3012
148969888,192.36711,69.16385,9.5721
459220068,194.79407,69.03079,8.9243
272651106,233.44371,68.046776,9.88033
154093124,210.46104,68.67867,5.0954
154093217,210.3289,68.132355,8.0899
237104454,241.40317,68.49687,7.3366
230079405,245.36555,69.005196,7.4746
230131532,252.22932,69.70612,9.8814
142931752,177.99048,69.62041,9.2706
148967071,191.22314,68.59807,9.6352
148967138,191.22302,68.20567,9.9448
272679271,234.54129,68.878525,9.7129
103752818,157.59657,68.4245,8.6818
148913601,186.72392,69.7295,7.8658
219856241,257.25882,69.10422,7.9524
153919115,171.64885,68.575325,8.82199
153919919,171.91638,68.4282,8.203
142963262,181.42882,69.8504,9.0444
272781760,238.17032,69.55705,8.7285
219846064,255.25418,68.08527,9.9678
272680428,234.70378,68.37315,9.5167
230118661,249.67226,69.66153,8.7567
230118803,249.64316,69.05152,9.89007
230064023,229.92848,68.06678,9.4218
232968973,198.28912,68.97998,7.9798
272680526,234.67206,68.82201,6.9839
272781956,238.2403,68.72499,9.4029
148968064,191.58322,69.27517,9.73057
154164389,212.82922,69.35498,9.84312
142981807,182.43011,68.563095,8.47486
142980919,182.15167,69.59858,8.86037
154088016,208.85072,68.50156,8.53691
233178612,217.94301,68.74656,8.45191
233178605,217.93138,68.7661,9.6116
232982859,241.53609,69.24233,9.9406
233178734,217.94624,68.02675,8.63953
147938914,166.81061,68.20224,9.5428
142981736,182.22812,68.97635,9.61901
233179496,218.10132,68.141106,9.9183
233188218,225.16557,69.94105,9.31853
148877735,183.42497,69.15762,9.3245
148877840,183.52731,68.51894,9.3757
233188157,225.29288,69.54943,9.12823
219859461,257.6517,68.68139,9.29051
148877882,183.36507,68.298744,9.9172
462575551,232.65596,68.44424,9.9685
103753060,157.56459,69.64443,7.65857
147922481,165.33034,68.32056,8.4831
147922722,165.23053,69.58394,7.33683
147970307,169.54132,69.35042,9.8347
147971204,169.78728,69.636635,9.9397
153936938,172.49057,69.813354,9.3942
219015767,223.27434,68.50433,9.24743
272784377,238.59036,69.46092,6.9528
272784420,238.83234,69.2481,9.161
230069964,243.18175,68.88168,7.5953
230074068,244.16898,69.32922,9.7601
142936048,178.94118,68.83721,9.234
153936788,172.57118,68.91519,9.5953
142936124,178.99783,69.22524,8.5987
219005250,220.5204,69.11449,8.68746
462575726,232.64653,69.15239,8.5745
229537509,196.01973,69.50176,7.7571
232962467,196.2149,69.65708,6.5667
154124769,212.20827,69.82717,9.2244
230059197,228.84415,69.541466,9.9612
298160972,220.12296,68.605034,9.9182
298161191,220.08499,69.70568,9.5783
272757703,237.32843,69.09946,7.5042
272757802,237.28104,69.578865,7.8484
272758733,237.3911,69.82191,9.2347
230126971,251.36021,69.12415,8.1943
148916489,187.97836,68.514725,6.8431
232969746,198.85616,69.86973,9.58644
230087513,246.9959,68.76814,4.97993
272750432,237.0227,69.21486,9.8013
142810739,163.5482,68.7937,9.5935
310982274,183.96118,69.71587,9.6458
154125948,212.5368,68.86339,5.4727
270491667,232.55229,68.16777,8.8564
237101779,240.70734,68.88382,9.7723
230130201,251.88066,68.85071,8.371
142872184,176.05493,69.7215,9.5867
148912435,186.42738,68.98506,8.0462
148912473,186.58711,68.68806,6.5777
103802324,158.5619,69.54887,6.7006
147897190,164.4087,69.59662,8.68551
103802294,158.5726,69.764465,5.7559
103750861,157.10428,69.93652,8.8572
147950433,167.66364,68.83758,9.64566
147951383,167.93176,69.50777,9.9402
147993286,170.24344,69.627495,9.9118
142848314,174.57855,69.63675,9.5087
142849513,174.89383,68.01477,7.7373
142793665,163.02206,69.76091,7.6656
103743279,156.736,69.30744,9.883
103807889,159.82948,69.40734,9.6914
148893950,184.501,68.79704,6.9034
148894098,184.35196,69.68876,7.4342
148931689,188.63445,69.574326,8.0798
142827429,173.91673,69.57264,6.8659
148961812,189.70917,68.04497,7.882
313302924,213.01671,69.43255,3.49575
233185685,224.8112,68.39866,9.9226
272785764,239.0066,68.629,9.3308
148961849,189.71513,68.24299,9.8845
155179429,173.26488,68.94129,7.5943
148960795,189.4834,69.72995,8.8824
148960803,189.45618,69.716896,8.9412
313260957,195.16637,68.963326,8.9576
148917657,188.40237,68.52788,8.7132
148917682,188.19055,68.381676,9.3875
142792773,162.57846,69.62042,7.6012
310982375,183.9536,69.1338,8.5482
148911613,186.15627,69.63644,8.6698
154092040,210.13098,68.28681,8.2377
219018221,223.84593,68.23775,8.5142
270492583,232.89783,68.01229,9.0985
341706942,193.61894,68.27351,8.6585
155179584,173.302,68.04815,9.4657
148910602,185.8612,68.07053,8.6971
155179548,173.45735,68.248085,9.0941
148960992,189.62167,68.532875,9.46353
148917709,188.1874,68.26251,9.52528
154204284,214.58788,68.766914,9.633
103804513,159.06004,69.56672,9.5619
103804621,159.0275,68.94006,7.0042
147951415,167.92346,69.387024,9.9575
147951417,167.96977,69.38241,9.8454
142963060,181.38681,68.75943,5.4792
142963074,181.48592,68.79652,8.1728
459214429,193.3941,69.74076,8.6207
232975537,200.56734,69.995285,8.8555
233172518,216.03911,68.24365,9.4656
233177555,217.48409,68.632614,9.0552
219002930,219.4888,68.74454,9.8707
232538313,227.41225,69.26008,9.7112
232538497,227.46783,68.40388,7.3094
232538515,227.2911,68.31152,7.8297
237098233,239.88313,69.21158,7.8801
230077895,245.0578,69.30436,9.5558
147952537,168.27676,68.76795,7.7178
142948247,180.89821,69.019966,5.8772
356630383,160.67316,68.53247,8.8108
356630465,160.65302,68.13813,9.6124
142864200,175.34192,68.95148,7.2422
142870759,175.87701,69.19143,9.8571
355937358,187.5278,69.20111,3.01375
142948085,180.77782,68.12771,9.5253
142948228,180.93472,68.934944,6.9954
229535512,195.45187,68.504944,9.4167
153971673,201.97063,68.24134,9.2763
219016726,223.58186,68.09908,9.7259
219016855,223.54733,68.773544,7.1152
219017071,223.3974,69.76268,6.3242
237104391,241.49367,68.77101,9.5438
458477649,231.97568,69.2437,9.1168
142935040,178.72859,68.47036,9.0945
356630182,160.56241,69.479256,9.5937
230060467,229.15002,68.80993,7.5639
219008412,221.406,69.4569,8.6277
356630399,160.45108,68.443504,4.59577
230061556,229.40799,69.154854,6.45757
230061735,229.47495,68.25805,9.2338
142826479,173.60379,69.87099,9.7877
313276651,213.00288,68.14333,9.9595
270492862,232.9174,69.15919,6.84301
103805681,159.2503,68.770096,9.0264
349827120,161.94183,69.99428,9.5243
147950469,167.79254,69.03226,9.7115
147950546,167.63614,69.51213,9.3239
142979809,181.78166,69.07072,9.0641
230080609,245.45297,69.10939,4.3381
103805849,159.26752,69.71912,8.6706
142963071,181.38963,68.794304,6.47978
232967242,197.77678,69.614876,9.56
232967908,198.23973,69.72755,9.9654
233169501,215.1355,68.88435,9.353
233174290,216.51068,69.950325,9.4045
233174342,216.58638,69.62673,9.1604
233174597,216.74706,68.008095,9.5092
233175599,216.81226,69.64478,9.0553
233190271,225.90967,68.95812,9.1295
233190332,225.97052,69.33844,9.7
232539628,227.79317,68.720955,9.0507
272704224,235.3581,68.580215,9.3626
272704660,235.43726,69.71184,9.7219
142903500,177.19759,69.171906,8.7771
142903619,177.28317,69.79012,9.4805
153936660,172.52237,68.12713,7.90731
147922513,165.413,68.47548,8.9932
153949193,172.80748,68.62541,8.3388
148962068,189.71695,69.54014,8.9964
147922546,165.2701,68.63535,9.19921
147970133,169.47488,68.466194,9.48074
142935930,179.09059,68.24652,9.7482
148962054,189.74338,69.41484,9.95324
154182593,214.36554,68.66031,9.8708
356631568,160.76683,69.07622,3.7525
356631670,160.70163,69.52525,7.0003
349827099,162.09935,69.84564,6.4813
148962967,190.01442,68.802444,7.3194
230130277,251.84473,69.09885,7.45115
154007246,205.03535,68.74123,8.6326
154007247,205.06017,68.73782,8.6952
142810487,163.52129,69.8846,8.64246
142810587,163.61775,69.4442,9.9407
142810873,163.58447,68.15837,9.7889
310982253,183.96442,69.88123,9.59924
298161201,220.06985,69.74154,9.396
154126070,212.36046,69.59045,7.3536
230059312,228.71521,68.94573,6.4801
230128667,251.4216,68.258575,8.40838
230091697,248.0328,69.47975,8.91939
232970673,198.88847,68.02465,8.7955
103754119,157.8401,68.325294,7.2549
103754012,157.91364,68.87242,9.1853
103754059,157.90742,68.60215,9.5977
142981580,182.30495,69.98894,7.6997
148841573,183.0629,68.88328,9.4567
310965252,161.16028,68.77574,4.8796
148840468,182.94928,69.97108,9.6614
148841579,183.18082,68.91839,9.1417
147937734,166.49126,69.52974,7.8597
142848617,174.59058,68.16024,8.2927
147935389,165.49237,69.22588,8.17075
142932867,178.14473,68.39351,8.96299
147953574,168.84772,68.450005,9.4787
147953582,168.80292,68.51783,9.506
147970277,169.42723,69.1886,8.7005
142942085,179.92947,69.04555,8.5477
459218703,194.64316,69.95476,8.7643
147953599,168.8791,68.61027,9.8387
147993329,170.24182,69.38668,9.19571
148962859,190.19003,69.59055,9.8426
142848610,174.6358,68.19684,9.3602
142849683,174.87543,68.56438,9.6328
459218950,194.54582,68.7057,6.5259
230066066,230.59833,69.475006,9.8875
142849846,174.9822,69.259285,9.119
154091992,210.18263,68.05208,8.82
154091996,210.10837,68.06516,9.36748
154092111,210.18098,68.70031,8.7129
154013994,206.69925,69.22107,9.4503
232976812,200.85071,69.808105,9.9758
142942187,179.98518,68.50421,9.5396
142947255,180.4803,68.2954,8.9976
103752917,157.47018,68.93654,9.7216
143008489,182.58896,69.8421,9.9112
147939782,167.14398,68.400406,9.7726
154010607,205.74236,68.73428,7.8215
233176519,217.25381,69.04783,6.9013
272637060,231.90225,68.32502,9.9402
143008446,182.61636,69.53312,9.1065
103743377,156.66425,68.78747,9.8417
148961080,189.61406,68.05765,9.6114
148964020,190.45,68.91505,9.49265
148931581,188.60085,68.963326,9.0931
154009583,205.64774,68.410995,8.8571
233185646,224.55669,68.128334,9.78208
142826376,173.73442,69.32055,9.11292
270492587,232.9934,68.02399,9.6085
148912403,186.45686,69.13945,9.0494
147994638,170.55434,69.69015,8.991
142941033,179.6083,68.78114,7.9593
142941236,179.64703,69.994675,7.967
148915326,187.79704,69.44065,8.0661
154068647,207.81297,69.4856,9.6837
233175572,216.78961,69.451225,9.7463
148912323,186.51578,69.6994,7.6455
154068408,207.74632,68.3153,5.35162
154068588,207.72148,69.15335,6.6104
233176482,217.26926,69.27958,7.3249
148912491,186.51254,68.56309,9.7041
148894930,184.66603,68.629295,9.2355
154089270,209.17062,68.07296,7.6806
233186957,224.86179,68.62939,7.8423
219008577,221.5275,68.72045,9.1156
103750651,156.86176,68.85667,8.3759
142905711,177.83385,68.83386,7.1002
459220020,194.70537,68.78527,7.4241
230075227,244.377,68.894516,9.7807
148966121,190.99574,68.95424,9.58127
219007440,221.11624,68.77059,9.87773
219007651,221.13991,69.83696,8.71387
237104188,241.5007,69.77991,9.55472
230085909,246.77464,69.689445,9.2218
233170384,215.28996,69.65568,9.5089
219007375,221.1783,68.40139,9.8797
142905605,177.71036,68.25337,9.91615
148969860,192.6036,69.29828,9.9716
232965488,197.21666,69.96913,8.1874
356630364,160.61975,68.60388,8.0098
154067469,207.25095,68.358894,9.179
462575611,232.8411,68.70468,9.9521
147951578,167.86024,68.47384,8.99067
147951600,168.0456,68.27187,6.29152
459214452,193.25603,69.578835,9.3128
232974824,200.06642,69.63565,7.7253
154204285,214.44043,68.75203,7.1676
233178719,217.72331,68.08175,7.1427
232538224,227.27599,69.65308,6.81692
237098051,239.86398,68.34835,9.776
233177623,217.41801,69.04688,9.4228
230077742,245.09303,69.949104,9.4196
233177694,217.47237,69.42749,9.85955
233177750,217.62279,69.84121,9.87783
237098089,239.86041,68.596855,9.8339
237098204,239.97249,69.08275,9.61288
148964853,190.78105,69.94506,8.6635
148894032,184.37279,69.25688,8.8016
103742198,156.41711,68.80269,9.86889
341707278,193.76996,69.92793,8.5295
142792750,162.51205,69.486176,9.74311
310981473,161.4611,69.60525,9.89825
148964854,190.57336,69.94489,9.824
154092123,210.13132,68.75367,9.9223
230114337,248.73276,69.28766,9.7475
310981213,161.44766,68.03389,9.9171
142870876,175.7706,68.58091,9.1294
142873206,176.23856,69.08434,8.568
310982386,183.99562,69.06599,9.6054
310982389,183.94434,69.0559,9.1342
153918119,171.4135,69.66958,7.6631
148895796,184.85901,68.56032,9.4677
148908321,185.26819,69.72446,9.6982
153950234,173.11119,69.03033,7.7014
153950366,173.00497,69.73087,9.317
229535533,195.33797,68.60111,9.7696
229535587,195.45502,68.99641,7.9849
142872096,176.0815,69.2829,9.666
142873248,176.43338,68.91871,7.4277
153897615,171.11983,68.120895,8.48053
148914496,187.04478,68.4708,9.7664
310982478,183.99754,68.51434,9.3716
310965159,161.15501,68.1973,9.32657
310965172,161.2362,68.28005,8.9666
142791634,162.40614,68.22892,9.6271
147896104,164.114,68.58171,8.7412
142864043,175.59737,68.17211,8.32
142878396,177.1008,69.30094,9.0491
355937222,187.45769,69.70531,8.4799
458477753,232.01158,68.73619,9.7506
219017091,223.42761,69.86885,9.7374
349826869,161.88046,68.63456,9.4613
154066319,207.19658,69.37695,9.4049
230063769,229.97795,69.416824,9.98061
142793816,162.93076,68.986176,8.8488
147921641,164.8954,68.0848,9.5038
147921343,164.89017,69.76972,9.13808
153976232,203.27367,68.071495,9.37614
154089155,209.22302,68.7117,9.9103
103807807,159.8135,68.93926,8.9848
154086896,208.69351,69.547615,7.1073
154086864,208.51901,69.75297,9.369
142877206,176.64825,68.53211,9.8455
142809647,163.37794,69.85388,5.0524
143008312,182.65007,68.705124,8.20996
153970348,201.67297,68.2225,8.82108
103754130,157.94849,68.226234,9.7627
103754110,157.79767,68.35464,9.3136
147898359,164.77916,68.27555,9.3547
147994469,170.6375,68.777565,9.13856
154068411,207.80377,68.32628,7.83446
148894942,184.68495,68.562065,8.50693
142941154,179.78645,69.52341,8.84751
154124749,212.25786,69.9407,9.04028
154106493,211.01073,69.21261,9.14666
233175439,216.94484,68.654686,9.19588
233175577,216.8006,69.49611,9.07454
230065242,230.19496,69.76155,8.96372
233181694,218.8379,69.04199,8.50685
310965478,161.1464,69.946846,8.9638
103803490,158.70865,68.70731,6.47642
103803431,158.73924,68.40975,9.02355
142863107,175.05446,68.22314,5.9362
154123895,211.9346,68.83188,9.3357
103806789,159.68762,68.47856,9.2706
142863063,175.27113,68.45317,7.9524
154123978,211.86787,69.29976,9.8674
142849595,174.74878,68.22557,9.8367
142863084,175.05284,68.34787,9.82131
142979808,181.78151,69.07632,7.685
237101851,240.78352,68.52654,9.062
153920121,172.00859,69.79143,8.47
153935773,172.30966,68.90417,9.4765
233174582,216.60262,68.10187,9.13697
233175536,216.99202,69.25318,7.1083
232982931,241.76024,69.60592,9.9726
103754914,158.02704,68.14026,8.7093
103755249,158.27487,69.89699,9.14139
142873046,176.25264,69.93133,7.7343
142873270,176.2642,68.81675,9.45175
153950191,173.07504,68.73009,8.78562
153950324,172.92514,69.50741,9.32009
153950210,173.1355,68.833206,9.5103
229535665,195.35661,69.436584,9.84959
233174538,216.48734,68.38176,9.736
233182695,219.04349,68.94062,9.74428
142872053,175.99088,69.09799,9.9787
142877228,176.79793,68.631355,9.28118
142946999,180.63994,69.58472,9.10738
154087115,208.50853,68.30439,9.7321
148914403,187.18309,68.92024,7.99381
147969049,169.13693,69.21796,7.6986
230066201,230.55693,68.748245,8.7347
232540641,227.99883,69.87095,7.7763
147938632,166.91585,69.53601,8.36948
142941935,179.83578,69.86052,8.49252
232540624,228.0294,69.93679,9.86703
232540849,228.0173,68.75473,9.71296
103803629,158.86244,69.44965,9.47503
103803520,158.69446,68.86351,8.0886
148895817,185.12204,68.690544,9.57279
142849756,174.83235,68.85055,7.785
154070829,208.41084,69.23246,8.0912
103806682,159.66414,69.133575,9.3014
147894934,163.92734,69.754036,8.4668
142862936,175.11868,69.0085,8.0854
1102509698,236.70416,70.37422,7.2616
900657268,178.51646,71.92408,7.1144
1102550100,224.1992,70.83318,8.4746
1102550101,224.2,70.83241,8.5563
950718375,186.2265,70.85381,9.0765
1981304755,300.22586,70.969246,9.9064
1271318718,251.14862,71.757416,8.0047
950720512,180.40407,70.84899,9.95937
1271309997,256.5097,71.04374,9.9241
1271309998,256.51077,71.04396,9.8081
1981303681,300.39392,70.45449,9.405
1981303680,300.3916,70.4545,8.20351
1271305513,257.20947,70.20434,7.4581
900655117,175.41008,70.93707,9.9334
900655118,175.41103,70.93685,9.4775
950717104,184.19633,70.14605,8.78609
950717105,184.19646,70.14662,8.98866
1401014375,269.0595,70.103935,9.78554
1401045351,264.05566,71.87836,7.4907
1201301825,241.20413,70.26176,6.745
1551704636,276.56284,71.314,9.51612
1718205142,289.34354,71.346985,6.4234
1201330483,246.84492,71.693275,9.9419
310982207,184.19633,70.14605,8.78609
219019678,224.1992,70.83318,8.4746
230127655,251.14862,71.757416,8.0047
237103396,241.20413,70.26176,6.745
219853484,256.51077,71.04396,9.8081
219092145,269.0595,70.103935,9.78554
230085453,246.84492,71.693275,9.9419
219856533,257.20947,70.20434,7.4581
148911825,186.2265,70.85381,9.0765
272749536,236.70416,70.37422,7.2616
142864613,175.41103,70.93685,9.4775
258958225,289.34354,71.346985,6.4234
142946796,180.40407,70.84899,9.95937
259171646,292.4378,70.92898,9.338
258462718,300.22586,70.969246,9.9064
233192934,264.05566,71.87836,7.4907
142934453,178.51646,71.92408,7.1144
256298154,276.56284,71.314,9.51612
233203884,265.45627,71.66402,9.074
142810066,163.33229,71.8634,9.771
356822358,275.1891,71.337776,4.145
360020620,300.3916,70.4545,8.20351
153975513,203.007,71.71701,8.702
230133987,252.26413,70.98445,9.477
230134574,252.80972,70.71928,9.888
269662152,301.37753,71.65657,9.71128
366516184,302.28085,70.75369,7.17915
269698658,302.0009,71.19316,7.6293
269697721,301.61533,70.65978,7.6848
269661728,301.12796,71.40553,9.3809
269661339,300.9183,70.58825,9.9586
269661889,301.14816,71.71173,9.389
402894929,302.92392,71.20093,9.7866
402894933,302.7707,71.22005,9.4767
269698539,301.95486,71.440765,8.0548
280071809,298.3792,71.90251,9.4011
280072704,298.19617,70.14474,9.58328
280072356,298.3552,70.761116,9.83429
269697444,301.53726,70.12137,9.3189
269661731,301.15683,71.408005,8.45046
403332798,303.8779,70.05711,8.50519
269594858,300.6637,71.06942,9.76623
402659354,302.64047,70.23645,9.7789
258463211,300.0837,71.90017,6.4723
402659657,302.39996,71.38309,9.8473
237297458,301.62262,71.945435,9.9716
366487679,299.14764,71.7916,9.0422
258462665,300.16547,70.85667,9.9667
280033093,297.6577,71.84324,9.6719
280033313,297.62637,71.410835,9.3258
258462725,299.98215,70.991196,9.5297
366488318,299.65567,70.84459,9.0822
366486850,299.08524,70.091446,9.1273
366488066,299.70413,71.34621,9.24626
269698285,301.65524,71.86344,7.6908
366488609,299.7763,70.37216,7.21429
417699430,299.46637,71.91232,7.132
417699482,299.5927,71.82058,9.3631
417699915,299.43658,70.9605,9.2979
280033512,297.6027,71.01996,9.9533
280033918,297.6168,70.305275,9.45844
417699452,299.42215,71.866806,9.0434
269698397,301.8998,71.7703,8.0143
269698493,302.0394,71.526596,7.46181
280032783,297.41675,71.4438,8.43737
280164659,298.49225,70.2322,9.76932
280032518,297.28342,70.94012,9.4014
1884384242,297.04398,70.26877,6.644
366488469,299.7066,70.61504,9.5386
366488633,299.95135,70.33603,9.65198
279979020,297.0876,71.02856,9.8396
264298778,295.8018,70.74841,7.9499
280071089,297.984,70.48722,9.71287
280033121,297.81155,71.76436,9.39309
280164635,298.59622,70.200775,9.4848
280164639,298.51364,70.20548,8.8166
280070930,298.16663,70.20412,9.9794
280033832,297.86102,70.43852,8.7313
258390169,296.86072,71.63739,7.9489
258390228,296.68784,71.73394,9.42155
402898340,302.78375,71.02613,9.6244
264298656,295.98425,70.94484,8.8394
264392340,296.1021,70.55955,9.8556
258389975,296.94278,71.25175,9.0093
258389994,296.95636,71.28147,8.9838
402898308,302.7521,70.71975,9.8307
264298576,295.96704,71.084015,9.7928
264392781,296.32278,71.30559,8.92024
402656142,302.55246,70.499435,9.8171
264297913,295.51074,71.55187,9.8214
264392616,296.20102,71.02028,9.0648
264298221,295.7893,71.71635,8.3517
264253478,295.63962,71.24689,9.60614
264173194,294.33926,70.408554,9.5576
258462909,300.2466,71.34241,9.77318
402656160,302.36865,70.67905,9.11874
402656371,302.51453,70.83738,8.25317
264222025,294.93204,71.47731,9.8812
237197236,292.46054,71.956245,8.49846
279979169,297.24707,70.71935,9.779
264221561,294.98758,70.53843,9.0651
264173943,294.36484,71.87919,9.4566
264298345,295.82455,71.46438,9.4433
258389649,296.86346,70.658455,9.4235
264173386,294.3088,70.741455,9.1632
264173786,294.47336,71.542854,8.4421
264253450,295.6992,71.17485,9.6952
264222219,294.88696,71.87199,9.21523
279979429,297.04312,70.26793,3.0794
264253320,295.5522,70.94975,8.58453
264253283,295.55875,70.87584,9.32831
417700238,299.67438,70.36695,5.53518
417699758,299.59552,71.28013,9.83999
264221329,295.0426,70.159386,8.1502
264221449,294.94083,70.338165,8.00698
264221839,294.94302,71.07525,9.9741
264246813,295.27115,70.2212,7.4898
264221273,295.05582,70.067566,9.9727
259271401,293.60406,71.60536,6.2847
259270687,293.57324,70.259705,7.6831
264222470,295.26468,71.53741,8.76814
264221259,294.9432,70.04397,9.624
259232044,292.59695,70.95148,7.05718
259172309,292.7787,71.68154,7.467
264221409,295.13086,70.28643,9.816
259172437,292.6624,71.423355,9.9211
259172395,292.66345,71.49116,9.40229
259270746,293.69495,70.36751,8.4146
264174056,294.60815,71.76884,9.6121
264174119,294.67587,71.627106,9.826
259271445,293.7029,71.69578,7.7039
259271508,293.7046,71.82798,8.4503
259264943,293.28244,70.11175,8.9653
259171655,292.42798,70.94633,9.25618
259238328,292.83585,70.58194,7.2853
259271080,293.61243,70.95165,9.92215
259102011,291.63077,71.525955,9.4961
259238764,293.07675,71.34016,7.96367
259172164,292.75717,71.93867,9.3304
259232227,292.6058,70.61306,9.3337
259264244,293.28043,71.39844,9.84237
259238776,292.8849,71.35764,7.8924
402442760,294.04172,70.34534,9.217
237202188,293.44608,71.919846,9.73022
402442869,294.26816,71.57069,9.3461
259238257,293.07205,70.440956,8.77194
259238802,293.11746,71.41554,9.94529
259271788,293.8622,71.482544,9.9257
402448378,294.05463,70.28476,8.3476
259271896,293.8597,71.2991,9.3621
402442878,294.29166,71.73259,8.2506
258923724,288.9887,71.711754,9.5467
258923767,289.08716,71.60891,9.9753
259172325,292.6961,71.62965,9.9932
259232022,292.75113,70.98934,4.72837
259131357,291.72882,70.560814,9.9096
259132416,292.0621,71.02857,8.8556
259132248,291.97235,71.365234,9.49606
259005485,290.28308,71.83748,9.6984
402448457,294.21936,71.24112,9.38071
259102467,291.34113,70.5686,8.8393
259171424,292.29935,70.48709,8.2244
259171455,292.3053,70.56566,9.7904
259006071,290.18332,70.49635,9.4159
259102190,291.39536,71.13358,6.7516
259102649,291.5427,70.24401,9.2532
259171458,292.42957,70.56934,8.2082
259102772,291.3602,70.05651,8.99343
259171746,292.47028,71.14655,9.911
259040335,290.93253,70.7168,9.36763
259131427,291.74686,70.679535,9.4077
259131687,291.89722,71.224396,8.9465
259039140,290.50644,70.61372,8.2038
259101798,291.16833,71.90764,9.43408
259005770,290.3526,71.12954,9.7539
258958240,289.2443,71.38696,8.54274
259132288,292.08075,71.30012,9.24085
259101098,291.1641,70.29249,9.0076
258875740,288.38864,70.47957,8.3541
259005980,290.34058,70.69103,8.83303
259132389,291.99173,71.08894,9.4948
420132498,291.02078,71.99314,7.688
258874679,288.18484,70.788055,9.8457
259039878,290.9383,71.68716,7.8329
259039782,290.74564,71.90397,8.27411
259006185,290.3414,70.20811,9.11642
258875115,288.06866,71.902824,9.50515
259040526,290.94675,70.348,8.6451
258803329,287.0631,70.14525,8.298
258803373,286.98358,70.25303,9.4291
259131299,291.85696,70.463486,9.5792
259131410,291.9035,70.6586,8.5495
259131543,291.90698,70.913376,9.7282
259039005,290.5517,70.349945,9.6489
259005842,290.2758,70.97104,8.2051
258875210,288.50522,71.754166,9.95297
258874819,288.18164,71.108986,8.3499
259039727,290.6182,71.85974,8.84721
259006009,290.2908,70.63128,9.6825
258874897,288.336,71.33743,9.48845
258923381,288.72308,71.30104,8.26029
258874985,288.15924,71.545746,8.9831
258924171,288.97168,70.67382,9.6522
258831213,287.50275,70.24725,9.66981
235686832,288.27383,71.90038,9.9973
258831452,287.5275,70.78782,9.34415
258831718,287.49136,71.40918,8.9319
258831360,287.7103,70.606995,9.8193
258776462,286.25775,70.62721,9.2696
258803900,287.11313,71.49522,8.51631
258776463,286.5475,70.62804,9.2292
258777290,286.70328,71.29821,9.6767
258958363,289.52313,71.72612,8.53237
258832339,287.99594,70.94208,9.7152
356867570,275.98914,71.06399,8.4209
259004992,289.97202,70.9732,9.5532
258924414,289.20468,70.126686,9.208
258958043,289.47638,70.907,6.4201
258701859,285.9385,70.60413,8.8949
1718190892,287.89536,70.72797,7.562
259101031,291.25653,70.16997,9.8945
229781143,283.31616,70.71173,8.8382
258776859,286.31152,71.56795,7.6202
258771835,286.08224,70.04362,8.759
258923475,288.7318,71.52918,8.8336
258958794,289.7665,71.237305,8.9779
258923144,288.8887,70.73617,9.9915
258958572,289.6597,71.73457,9.4981
229781186,283.37805,70.59242,8.1265
229781230,283.30902,70.46824,6.3798
416193620,285.3888,70.869225,9.62292
229751944,280.8393,70.32493,9.08867
229797420,284.86975,70.69726,7.0883
229797284,285.04883,70.37524,9.3076
229797611,284.87723,71.143394,8.8394
258776211,286.50143,70.04544,9.9195
258957824,289.4599,70.4036,9.0655
229797691,285.05273,71.34949,9.50876
229797764,285.04144,71.51085,8.5684
229764675,281.69708,70.39029,7.57196
229752721,281.0561,71.61242,9.54261
229758920,281.17865,71.397514,9.692
258803822,287.0514,71.31174,8.79049
229791472,284.22656,70.474304,9.149
229746885,280.07465,71.25709,9.65662
229775808,282.87402,70.42223,9.9886
229798543,285.257,70.46375,9.2864
258771842,286.1416,70.031715,9.2312
229752395,280.6716,71.46165,8.72214
229798416,285.07242,70.73327,8.6962
229775860,282.73148,70.329956,8.47718
229779918,283.00293,70.17883,9.772
229798588,285.1963,70.362816,8.4344
258804299,287.1782,71.40439,8.9074
258826599,287.21124,70.25899,9.6185
258804220,287.39572,71.58342,8.67376
258804430,287.33258,71.1149,9.86114
229787120,283.92596,70.15107,9.9349
258701947,285.76358,70.78796,9.9378
258803516,287.0328,70.55638,9.62697
229747453,280.55753,71.179985,9.3278
229780000,283.26154,70.36451,8.575
229769064,282.02957,70.66873,8.4789
258777137,286.7474,71.7123,9.9478
258777228,286.7587,71.495255,9.10955
229746450,280.24884,70.18757,9.7728
229759427,281.10245,70.095055,9.9503
229736577,279.148,71.76334,8.421
229747934,280.44897,70.078156,9.0187
229792801,284.67365,70.076164,9.9569
229711757,278.6843,70.712494,8.9165
229711763,278.79285,70.6993,9.0415
229780988,283.34506,71.07935,9.4913
229780215,283.10208,70.87966,8.6127
229736883,279.186,70.986084,9.6191
229775183,282.5919,71.961006,8.1282
356868204,275.82977,70.225784,9.8162
229774422,282.4019,70.12385,9.9604
229752485,280.86172,71.64564,9.8401
229706335,277.9355,71.33935,9.223
229706224,278.06143,71.62087,9.4931
219113860,272.20578,71.57625,6.1684
229711056,278.23767,71.33748,9.0571
229774503,282.53534,70.286575,9.10502
229711610,278.53333,71.04927,9.1444
236761335,273.08282,70.08689,9.58
229701728,277.48822,70.68571,9.8801
229705617,277.85504,70.61832,9.609
236761447,272.87244,70.3809,9.7304
219091756,269.09265,71.201225,9.5159
229747353,280.52267,71.43355,8.96997
229747270,280.58932,71.653076,8.07538
356865826,275.5293,70.5662,7.62
229774643,282.50586,70.51884,9.7755
356866686,275.53915,71.69731,9.1692
233235802,267.54956,70.14262,7.538
219095821,269.51022,71.15571,9.9235
406855039,274.87054,71.24854,9.54581
376868993,276.14816,71.891624,8.698
229700995,277.1383,71.086105,8.5196
233204382,265.96664,70.52792,9.9918
219871448,259.9021,70.88767,8.142
356822872,275.11844,70.06479,8.3884
341870178,276.8109,71.87456,8.5695
236766076,273.69568,70.09286,9.51365
236766358,273.56018,70.83445,6.92274
219114179,272.1442,70.68417,9.6652
219114035,272.0324,71.07718,8.98698
219114041,272.0669,71.05766,9.2762
236757526,272.5707,71.42629,9.89842
236757919,272.70828,70.26944,9.95306
229593446,272.87274,71.975746,9.70036
376868299,276.13678,70.02728,8.39556
219893557,262.68866,70.530205,7.6962
233199852,264.8602,70.98447,8.95408
219893560,262.54202,70.53292,9.57729
233235620,267.60464,70.760124,8.7881
406855347,274.81113,70.340355,9.335
406855226,274.6577,70.70544,9.2904
406855227,274.63287,70.70469,9.4607
256298427,276.45322,70.42211,8.12594
256298193,276.6968,71.15206,9.9158
256298261,276.67352,70.95851,9.9009
229736120,278.9965,70.91701,8.9332
219100626,270.31674,71.21306,9.59936
229700780,277.29926,70.45388,9.73978
229711489,278.51932,71.37334,9.8491
233193277,264.09366,70.61057,9.1661
219095693,269.2696,70.79459,9.3119
233203584,265.5323,70.693214,7.36523
441808507,266.41534,71.99248,7.1625
233204539,265.89307,70.07136,9.1304
219096502,269.57498,70.581154,9.3627
376846937,275.2533,71.14168,9.4456
219104716,270.51907,71.64051,9.2496
219897017,263.15543,70.16731,9.19592
219105073,271.03586,71.13084,9.02526
356867829,275.93362,70.72427,8.5002
219885572,262.1175,70.33093,9.0683
219100996,270.21048,70.11239,8.3741
219092150,269.20428,70.0813,8.61811
219118251,272.45358,71.51919,9.7343
219118242,272.397,71.498795,9.8951
219893630,262.5887,70.79172,8.3734
219893761,262.4226,71.27033,8.51927
229700707,277.27145,70.2917,9.73496
219108986,271.1619,71.337906,9.2824
376869008,276.29816,71.942345,8.5703
229711339,278.6681,71.79431,9.6276
229736294,278.80792,71.32934,9.7658
219874339,260.1388,70.41278,9.9441
229736353,279.0383,71.47128,9.694
236772110,274.4668,70.011314,7.3695
236771221,274.30344,71.28643,9.6955
219894314,262.71307,70.643555,8.3572
256298179,276.53638,71.205345,9.8151
341870373,276.7356,71.30924,9.7685
233193358,263.93686,70.32243,8.9106
219853425,256.48975,70.78608,8.4032
233238892,267.86545,70.245964,8.511
219871477,259.73956,70.78784,7.10573
219874419,260.02164,70.68585,9.942
219850267,256.08884,71.76498,8.1316
219091132,268.69827,70.85579,8.3704
236757700,272.76492,70.95714,9.406
236757701,272.54477,70.951645,8.9327
219109297,271.57687,71.65594,9.74918
219113617,271.78983,71.516975,9.3032
219100341,269.90356,71.63422,6.21235
219091485,268.76437,71.95858,9.9947
219113244,271.7305,70.46328,7.9304
219113358,271.88498,70.78618,9.0433
229736328,278.94186,71.41348,6.6018
219878176,260.81464,71.86993,4.1205
406854936,274.78433,71.51785,6.2568
219882087,261.7945,70.57321,9.59466
219897710,263.30872,71.1807,9.43611
233200562,265.09882,70.35152,9.3352
236767083,273.92532,70.89202,9.3575
233196602,264.64206,71.33231,8.0486
229700648,277.02795,70.13964,9.0476
341870192,276.83023,71.83183,9.508
229705728,277.8846,70.88983,9.8231
236766707,273.60342,71.94379,9.71088
219096670,269.72586,70.11846,9.0434
219898046,263.32343,70.016754,9.34443
219885186,262.39108,71.667465,9.9386
256298033,276.6361,71.720505,9.2657
229741570,279.62027,71.369316,9.4616
256298025,276.47614,71.73177,6.92131
219100157,269.96786,71.0888,9.85853
219092124,269.18265,70.14239,9.84697
376847337,275.4397,70.093376,9.50441
229701714,277.53857,70.73644,9.3091
233200318,265.09998,71.23208,9.90446
219850005,255.96745,70.55267,9.5704
219867444,259.05496,71.79235,5.89616
219867344,258.95807,71.50737,9.8529
236757389,272.80896,71.854095,9.8841
356820202,269.01984,71.90698,9.9151
229736206,279.07028,71.13566,9.37939
230134067,252.4767,71.31478,9.4254
376847347,275.20496,70.073204,7.299
229736918,279.16953,70.88327,7.3381
219897417,263.06488,71.585846,6.3847
230083032,246.05515,70.27384,9.3937
219108579,271.1802,70.16412,9.9132
219118181,272.27713,71.26489,9.6701
219114282,271.97202,70.35426,9.9569
233200532,265.36234,70.4644,9.0117
230083084,246.13196,70.06204,9.7599
233200244,265.33752,71.51106,8.8134
219897487,263.2503,71.88004,9.76
219900423,263.74768,70.1356,9.70417
219087818,268.36566,70.14297,9.5908
219096061,269.52304,71.98554,9.7391
219867289,258.94073,71.283775,9.8954
311236399,253.81538,71.060455,9.9536
311236552,253.79314,71.603096,9.0666
219856990,257.39868,71.9817,8.8772
219877752,260.86847,70.241486,8.7431
219091367,268.66034,71.53873,9.9043
236762385,273.22794,70.86878,9.5992
236762595,273.37894,70.2335,9.4718
219857012,257.32852,71.8764,8.2865
219856738,257.13773,71.00778,9.55523
219867845,259.1812,70.630684,8.53784
236770905,274.10403,70.383965,8.94312
236770828,274.19843,70.189926,9.6258
219856737,257.11932,71.00658,9.9928
219856821,257.1076,71.314224,9.60413
233196730,264.55847,70.861404,9.99905
233234922,267.2416,71.01613,9.97462
219894140,262.86526,71.24794,6.9815
356822205,275.04013,71.71926,9.7014
219871151,259.76978,71.96948,9.7218
376868467,276.27173,70.46409,9.0325
233212092,266.5996,71.857765,9.86338
219099807,270.0556,70.0617,9.51802
256298086,276.52264,71.53092,9.57425
219863451,258.34195,70.4111,9.64265
233011886,248.47653,71.977905,8.0206
219850271,256.02173,71.79638,8.7183
219893514,262.70193,70.37909,9.7257
233204484,265.78763,70.221924,9.99241
219884905,261.9761,71.205055,9.7997
219874675,260.13745,71.53079,9.4748
272786721,239.32698,70.28548,7.2716
230124239,250.56491,70.81271,8.5393
219867993,259.4163,70.10857,8.6766
219104971,270.97437,71.40004,8.102
219105306,271.00995,70.43523,9.0273
356820218,269.3295,71.93104,9.1936
153971070,201.87459,71.7089,9.6846
441812334,266.98947,71.97333,9.6282
219878403,261.025,71.13227,9.8485
232540020,227.63342,70.77161,8.8139
230137336,252.88914,71.28596,7.24977
356055892,254.20871,70.91571,8.7834
356055990,254.17778,71.260796,8.396
219878228,260.9961,71.8135,9.3862
233208377,266.38663,70.95617,9.4888
362105060,268.30637,70.46771,8.504
219087280,268.47156,71.82998,9.0423
219878286,260.9843,71.55353,9.9027
219006047,220.65471,70.29204,9.7763
459216335,194.02708,70.64571,9.3044
459220506,194.86157,71.425964,9.4251
154008873,205.24646,71.73555,8.8724
219005414,220.4046,70.05226,9.7348
311236417,253.81859,71.11098,9.896
154008822,205.31343,71.48045,9.5001
950715112,181.73233,70.13026,9.7127
219867714,259.37973,71.19523,9.9996
237101175,240.51126,71.80576,9.8877
219850059,256.11765,70.714134,9.79816
233207646,266.24738,70.44844,8.4726
229672074,252.00125,71.968185,8.1226
1401039775,261.9754,71.20497,9.8175
232537437,227.14934,70.14682,7.5227
230137150,252.99268,70.559944,9.4898
458477367,232.08575,70.64693,9.2377
272637427,231.72247,70.264145,8.66321
230118567,249.63072,70.0552,9.4792
219860549,258.14404,71.12889,8.80821
219867604,259.15662,71.6017,8.71621
219867818,259.30356,70.71081,9.1922
272781292,238.11688,71.90495,9.3699
219104270,270.4587,70.23803,8.2334
230111644,248.3421,71.10403,9.00109
219860741,258.17242,70.40477,7.9711
219900592,263.73096,70.82932,9.1206
232535621,226.75089,70.44364,7.9138
219900408,263.86377,70.08743,7.8678
233199626,264.90475,70.18657,8.1205
233199758,264.8767,70.637474,7.399
142848119,174.58133,70.48768,8.799
154008874,205.15982,71.75041,8.60761
230118001,249.48827,71.62391,8.78797
219878119,260.7836,71.64632,9.14651
219878393,261.14197,71.173355,9.40057
459218143,194.28943,70.75527,7.36625
230072004,243.68173,71.526024,9.5418
219017229,223.51064,70.59501,10.0
160396180,232.9167,71.9294,8.5118
272747057,235.93271,70.253075,9.99
311236539,253.98721,71.544556,8.3852
311236293,253.75479,70.64256,9.9746
219860013,257.77243,70.7645,9.3034
219850445,256.37708,71.45192,9.7572
142934147,178.46518,70.05817,9.9306
230069238,242.85493,71.56523,9.9415
219850708,256.27325,70.354904,9.5641
233178304,217.78085,70.77725,9.8631
154491742,186.6008,71.929825,5.44088
142981354,182.46082,71.546196,9.7639
142981493,182.35133,70.556175,9.08
154088563,208.94989,71.678665,9.9882
154088604,208.72206,71.90322,7.2972
237103733,240.95772,71.96662,6.8338
219847282,255.71902,71.06147,6.81913
219847341,255.81516,70.83424,7.67619
219847384,255.77321,70.670746,9.2645
147938200,166.4117,71.95307,9.5609
233188426,225.3274,71.11365,7.4353
233190951,226.22023,70.765755,6.98261
233192663,226.55841,70.610054,8.9156
230111870,248.52258,71.77215,8.8499
219847327,255.70728,70.86585,7.4446
219881618,261.3172,71.57475,8.155
233199670,264.81586,70.335144,8.61074
219007719,221.07823,70.22506,9.5221
270491231,232.50063,70.38617,5.9788
219014902,222.73347,70.94239,9.2566
154106326,210.90143,70.02607,7.4378
142848077,174.66139,70.73786,8.2799
219012849,222.5889,71.83333,8.0657
272670846,233.98253,70.455376,8.3633
230112279,248.63884,70.07044,8.8017
147898763,164.59517,70.24512,9.4136
237096640,239.68135,70.68086,9.9059
230069422,243.2928,71.50927,8.4444
230082331,245.80147,70.28537,9.9841
219846750,255.42819,70.83871,8.2532
153975459,203.03694,71.42041,9.6348
219017684,223.69589,70.90915,8.3228
237096670,239.50159,70.546745,8.5826
272747379,236.3736,71.89201,9.7039
272747653,236.42012,70.53301,7.7844
230124369,250.7095,71.37025,8.2541
153973441,202.66946,71.35708,9.0177
233185948,224.79732,70.00482,9.0892
272650695,233.46623,70.11623,9.9115
272650711,233.416,70.04287,9.3229
272784126,238.77701,70.66258,9.3637
219844224,255.10213,71.09802,9.91
230091330,248.0332,71.131935,9.6568
219859914,257.86285,70.33499,9.90169
272705476,235.7519,70.81417,9.9021
272747181,236.15225,70.94232,9.3996
272757928,237.26208,70.13635,9.9914
233207883,266.06332,71.19777,9.0405
142981274,181.97021,71.76022,8.3739
233178386,217.90822,70.24601,8.02537
219884807,261.81976,70.88742,9.19269
233178298,217.80286,70.79417,9.75096
219005572,220.36188,70.8324,9.7635
441763503,260.8926,71.99745,9.6365
237096607,239.58762,70.89444,6.6993
147898841,164.7803,70.603806,9.3769
230088445,247.41875,71.15895,9.92532
219849947,256.07944,70.303894,7.87483
219850460,256.40475,71.36757,9.75354
142934313,178.30968,71.115906,9.9804
154181471,213.8238,70.07012,9.7759
230111892,248.64618,71.699196,9.7747
219870715,259.6479,70.4454,9.2433
230091035,247.73601,71.354935,9.3325
230133968,252.50531,70.92934,7.29256
219099985,269.85632,70.52229,8.7868
219109375,271.6315,71.4445,7.01886
219109618,271.62814,70.65691,8.1902
219856572,257.31512,70.36541,8.6401
417915052,165.8641,70.03074,5.3194
148842304,183.44696,70.247505,9.3079
148909954,185.5034,71.87966,8.6877
233188809,225.46844,70.60891,8.7518
230069608,243.16815,70.60365,8.0238
230069712,243.25392,70.09605,8.0606
230082687,245.97018,71.86193,9.7883
356055954,254.29767,71.1724,9.9844
356701107,254.60048,70.90471,9.5234
148910182,185.91173,70.57582,9.9514
148910226,185.74997,70.323586,7.8809
272678795,234.441,71.15367,6.12599
272678898,234.6269,70.63123,8.1551
272678944,234.37482,70.40178,9.1886
230080089,245.44485,71.715294,7.8822
230080318,245.41191,70.49758,6.4076
230115078,249.04475,71.44503,8.7274
230115147,249.14072,71.12832,8.9248
230085097,246.48155,70.45036,9.7152
356701531,254.70416,71.46222,9.5098
1102509412,239.58876,70.89506,9.9018
148968649,191.79745,70.74424,8.5311
148969499,192.42203,71.56111,8.4402
153991921,204.72803,70.15905,9.2281
232542398,228.33397,70.5928,9.963
230058994,228.79297,70.957436,8.7116
458477358,232.21321,70.68126,7.7328
458477409,232.05505,70.39015,9.6341
272670291,233.7647,70.3806,9.5817
272786592,239.28549,70.902115,8.3705
233005572,242.366,70.1946,8.0107
272757924,237.32434,70.124886,9.6658
230127473,251.21097,71.11623,9.0747
230127663,251.12001,71.779495,9.02518
230071894,243.38795,71.784096,8.8542
232977116,200.76628,71.6631,8.75945
298161386,220.16678,70.79366,9.0472
219014771,222.75641,70.17227,9.46472
219860445,258.1043,71.50047,9.5377
147894588,163.92035,71.86935,9.1388
272747350,236.11008,71.84931,9.8354
272786138,238.93103,70.510376,8.9945
153975515,203.02405,71.71882,9.52407
148878968,183.72264,70.6166,9.33737
148878979,183.67311,70.67108,8.72791
154071118,208.3978,70.73409,9.3128
272747224,236.13918,71.1655,8.8246
272747359,236.07309,71.88845,8.8827
272786156,238.95457,70.60118,8.4561
287085833,253.41203,70.4347,9.359
219893719,262.45074,71.11275,9.5909
233235161,267.4193,71.73286,9.5343
148878896,183.78539,70.200005,4.68612
147936036,166.07237,71.71517,9.4764
147936069,166.23634,71.57307,9.305
237098781,240.14795,71.765335,9.7066
311188594,253.60182,71.962204,8.7737
311188722,253.66322,71.519226,9.3023
219867874,259.25696,70.5303,9.5753
148968233,191.69684,70.30702,8.8109
154164273,212.70964,70.06382,7.1261
233181917,218.62715,70.32255,9.8574
230063008,229.77339,70.04454,9.7575
230077369,244.81929,71.627655,8.7918
219109797,271.40344,70.04936,9.76215
232969359,198.37154,71.54459,7.9915
232969674,198.70563,70.309746,9.3751
233171692,215.60953,70.09665,9.7319
233172228,216.07433,70.09718,9.3113
233192672,226.413,70.64417,9.8562
233192760,226.48679,71.12942,9.6776
233005533,242.16158,70.03819,9.4586
272750125,236.95236,70.60717,8.5835
230074707,244.26141,71.42301,9.4129
147950985,168.0385,71.770134,9.5627
459214043,193.37175,71.95732,9.64
459214090,193.2191,71.71954,8.8235
459214216,193.20973,70.97131,9.5489
459214217,193.40443,70.964,8.5319
198512345,212.06537,71.99571,9.8799
153948964,172.78062,70.00892,9.2121
103753698,157.88591,70.58545,9.3033
230071818,243.57655,71.45872,9.5058
272783835,238.29736,71.81004,9.7862
147970598,169.38362,70.92073,8.2594
153937110,172.47523,70.89232,8.83114
153937369,172.79445,71.45081,7.6881
142810207,163.61002,71.39293,9.927
232974980,200.26627,70.59399,9.8094
230069390,243.2819,71.63096,8.0112
160601838,244.51883,71.986824,9.6161
230085072,246.42546,70.33143,8.7206
153937302,172.82579,71.84127,9.8586
142792889,162.7852,70.07438,8.5198
142792905,162.49014,70.14509,8.8355
142792952,162.59358,70.40265,9.5746
148962476,190.15999,71.82608,9.9908
153918347,171.20868,70.954704,9.3053
148912190,186.60078,70.535416,8.6505
341707368,193.77914,70.36961,8.705
341707478,193.72931,70.97368,9.1052
341707548,193.69698,71.34985,8.03914
313261255,195.25352,70.329506,9.5004
313261549,194.9758,71.65105,8.1809
154164014,212.72545,71.86365,9.5239
270493225,232.97186,70.876015,9.8236
230077211,244.68364,71.4451,8.7168
272705445,235.78111,70.956085,9.869
230071539,243.42189,70.15825,9.9882
272749537,236.50435,70.37449,9.49
371767720,173.12651,71.91395,9.102
148917175,188.28163,71.136086,9.0222
153990174,204.29579,71.24225,4.4538
155178892,173.43338,71.79798,9.8176
148840166,182.84663,71.94738,9.9135
310981693,161.38387,70.75977,9.9273
155179024,173.24753,71.06513,9.70047
148917215,188.3175,70.92731,9.7716
356632139,160.79692,71.83156,9.1042
148964612,190.54625,71.50879,8.3809
148964679,190.64363,71.03122,9.8848
147940543,167.34991,71.4688,7.6287
147940774,167.54097,70.18153,8.614
148916991,188.12114,71.539474,8.4686
148931784,188.68335,70.02178,3.69442
142827130,174.0841,70.91891,9.8232
270493207,232.87073,70.804306,9.8954
272650500,233.39558,71.159256,9.1335
232967539,197.96198,71.34367,8.5458
148841876,183.12407,70.77415,8.84238
148841895,183.3015,70.87594,7.6348
148915038,187.72311,71.29993,6.0756
153935572,172.20845,70.25263,9.192
142963647,181.67697,71.77083,8.3777
142963659,181.70456,71.72132,9.7576
154107218,211.573,71.021225,8.9434
459216437,194.02957,70.0448,9.1141
154124312,211.92325,71.22249,8.6109
237101257,240.81908,71.62018,9.6842
237101430,240.6659,70.712746,9.8039
237101548,240.74957,70.113945,6.4615
230080114,245.44128,71.59247,8.8805
103808565,160.22191,70.55746,9.8576
142903658,177.12965,70.041756,9.8558
142903881,177.11272,71.22089,9.94149
153973435,202.73712,71.40373,8.7441
148966400,191.00606,70.84751,9.4728
148966796,191.33992,70.44897,8.3851
148969688,192.50095,70.390884,7.4818
459220351,194.71667,70.47981,9.1335
459220381,194.7732,70.596825,5.8935
459220441,194.95377,71.02614,8.08156
154092672,210.21602,71.44764,8.5199
233171740,215.81438,70.46544,7.6283
233171888,215.77939,71.47363,9.5271
355951460,230.79625,70.572136,8.9001
230074954,244.37202,70.230804,8.5839
311233535,253.61876,70.46401,6.90837
148878931,183.87585,70.430916,9.21563
230065422,230.30212,70.66519,8.6209
237098754,240.11263,71.91643,9.30683
219867620,259.39407,71.53962,9.84285
142847538,174.17654,70.39491,9.8449
142847644,174.35216,70.91448,9.42653
272757906,237.07932,70.07233,9.71659
272758572,237.5256,70.67961,8.86885
154006988,205.09215,70.18349,9.27187
229537733,195.89053,70.87999,8.91115
147936305,166.15193,70.38709,8.84884
142592070,169.4309,71.98519,9.2348
272650576,233.2395,70.70439,8.87787
272650586,233.34573,70.63863,8.8455
233186116,224.67722,70.901924,9.9277
272637516,231.92914,70.74337,9.53145
272670197,233.76768,70.00948,9.641
230069330,243.14952,71.881874,9.70852
311188639,253.63481,71.75364,9.8149
147952874,168.26619,70.75972,8.286
232963764,196.52916,70.29701,9.3216
232964089,196.92976,71.213524,8.4044
232965831,197.49129,71.43365,8.5541
232972917,199.5074,70.18799,9.0843
233173667,216.28406,70.33405,9.8513
233173849,216.3328,71.53978,8.7874
233180127,218.33415,71.730934,8.1757
334636685,231.6655,70.66319,9.2248
462575980,232.61583,70.09677,7.679
462576080,232.70944,70.48049,9.3446
142827151,173.82657,70.80237,8.4146
153975289,202.86783,70.422485,7.85703
232983728,241.92241,70.331436,8.4914
147953053,168.2022,71.61305,7.3836
232964056,196.82715,71.39437,6.8039
154092440,210.20021,70.97724,7.514
233180157,218.34998,71.58117,7.0503
232965736,197.34839,71.77235,9.9279
155178916,173.48782,71.69949,9.8644
355936928,187.26353,71.3085,9.8395
103808023,159.94615,70.14095,7.762
148916898,188.13454,71.02575,9.32323
313303118,212.88625,70.37666,8.67631
233184544,224.48299,70.06347,8.9426
233186152,224.59058,71.1408,8.1784
341705353,192.68129,71.46967,8.417
341705422,192.74919,71.10452,9.4566
233186149,224.58446,71.13655,9.82473
147940638,167.47144,70.93768,9.81531
142827124,174.0096,70.93311,9.8759
459214086,193.42874,71.730644,8.7407
459214115,193.20866,71.571526,7.7282
154182843,214.39127,70.358536,8.9169
310965773,161.25807,71.51154,9.12809
459214176,193.43259,71.20272,9.6474
154010979,205.87476,70.75587,9.10192
233178175,217.92906,71.59167,9.30321
230071650,243.40456,70.597534,9.4229
154204029,214.66782,70.29499,9.9696
230127467,251.14923,71.09784,9.5236
230077650,244.8867,70.36857,7.0145
232973448,200.05948,70.49894,9.1557
147970557,169.36165,70.69919,9.0575
153937266,172.6069,71.865585,9.3965
272784133,238.6957,70.63522,9.03469
142503618,162.54482,71.99775,9.9805
154561935,188.4347,71.89803,9.6104
356056062,254.3056,71.46323,7.5779
233188708,225.64648,71.169304,9.09175
233188865,225.51881,70.28199,9.39393
147970737,169.56047,71.71947,9.9934
148913690,186.64552,70.26539,9.885
148913782,186.87952,70.818535,9.7786
148913848,186.80798,71.25356,9.8604
154164953,213.32004,71.43058,9.9732
232967807,198.03731,70.52016,9.16515
232983372,241.67238,71.755325,9.5979
349827430,161.90979,71.655876,7.9179
147896557,164.22266,71.167244,9.65862
147950903,167.72224,71.606,8.96858
154006908,204.85721,70.677414,9.9484
147953946,168.97125,70.42079,9.9022
147954120,169.01547,71.332985,7.7983
147993067,170.44586,70.9674,8.7901
148962389,189.65443,71.355286,9.8134
232975214,200.45764,71.87189,6.5929
142932475,178.10695,70.43342,9.3617
142932528,178.02325,70.237236,9.6371
153950863,201.45798,71.325005,9.7993
147894641,163.70958,71.586914,9.8114
148962673,190.04613,70.782036,8.2395
148960134,189.2189,70.18472,5.30547
148909638,185.61302,70.07181,7.3635
445857649,203.77103,70.4071,9.5127
445857703,203.7356,70.11899,7.4817
445857712,203.63924,70.0689,7.87524
154008614,205.3269,70.22695,9.2144
232971549,199.30786,70.10219,9.922
219460604,207.81935,71.94741,9.0262
219012597,222.30948,70.76299,9.6205
142791253,162.34596,70.21008,8.2076
417915489,168.55838,71.77477,8.81187
148911781,186.19458,70.63058,9.06841
417915549,168.57587,71.42986,9.93339
153918420,171.41533,71.23997,9.7672
230085290,246.37177,71.384575,6.5192
233184437,224.2255,70.74046,9.9019
356701651,254.70091,71.09763,9.2616
233169737,215.18098,70.34152,9.9236
230059026,228.97984,70.72689,9.65587
219846924,255.25964,71.554245,9.9641
219885534,262.33978,70.50467,9.6311
349825366,161.57509,71.95143,8.12848
143008539,182.62776,70.177925,9.15529
154069269,208.0678,71.10148,9.3201
154009203,205.43335,70.29514,9.4959
154010909,205.75368,70.433784,8.3167
142936306,179.10686,70.28903,7.6977
142936744,179.29465,70.98328,9.528
142936770,179.44,70.81683,8.5992
148968611,191.9975,70.94644,6.18572
142936576,178.91396,71.88788,9.758
147950938,167.79189,71.84452,8.7087
147951018,168.01434,71.59314,5.7575
147896571,164.10246,71.24453,8.4004
142932032,177.7694,71.11065,7.907
287085647,253.13525,71.07329,9.16584
148932416,188.87837,70.06192,9.9036
153977540,203.57628,71.152176,9.8239
147938514,166.66266,70.30726,9.29246
148841777,183.22687,70.18303,9.1436
147937900,166.49158,70.25166,9.107
147938369,166.85017,71.08801,9.9331
147938556,166.66464,70.00489,9.1849
142941769,180.02504,70.659386,7.6634
142946431,180.19739,71.037186,9.2784
153975526,202.89444,71.79365,6.5491
154182988,214.29617,71.51116,8.1938
232540419,227.81618,71.01211,7.9042
142946794,180.40779,70.84986,6.32033
142941565,179.9683,71.873856,9.139
142946541,180.12624,71.63511,9.9983
148894660,184.59564,70.29589,9.47921
148915221,187.76952,70.14297,9.3754
154068868,207.79108,70.64053,8.3355
154068970,207.64235,71.14725,8.5069
154069321,208.03136,70.797066,9.809
154069337,207.88573,70.7196,9.8129
233181894,218.70563,70.20739,9.7851
154011403,206.23239,70.78843,8.80127
154069102,207.6416,71.86243,8.8727
142932172,177.79922,71.774254,8.2708
103803813,158.61002,70.55724,9.6164
103804277,159.18999,70.8248,9.9615
147923463,165.59424,70.399994,8.4495
142932435,178.00595,70.63646,9.6777
156513387,221.46297,71.96615,7.3785
356631941,160.97508,70.82605,9.83794
232973020,199.4666,70.87966,9.13377
142904393,177.47469,70.04358,8.8179
232963934,196.49062,71.56272,9.7994
232964231,196.79993,70.10666,8.699
142904184,177.4323,71.20978,9.2242
147952922,168.3333,70.99647,9.35209
147953032,168.42662,71.50076,8.8468
232964085,197.01921,71.22706,9.4732
219008161,221.39244,70.922134,9.15885
272705262,235.77942,71.93158,9.7273
349827222,162.17578,70.53419,9.1928
349827440,162.11794,71.69667,9.4711
103808307,160.00801,71.8416,8.4532
142873022,176.21611,70.05314,9.0855
148960279,189.26793,71.08444,8.487
147992562,169.98132,70.004944,9.3758
147992736,170.01375,70.94889,7.2889
147992932,170.39143,71.725586,7.1529
142946724,180.48766,71.19876,9.2237
103753764,157.78401,70.158905,9.1175
232965971,197.41078,70.46313,9.3034
103806003,159.33633,70.661766,8.62117
103808478,160.1179,71.12225,9.3077
148841959,183.24591,71.372856,9.62599
154124404,211.90498,71.76193,9.78948
233170091,215.52072,71.46343,8.95821
233174217,216.63145,70.3136,9.00237
233170092,215.41177,71.46036,9.5968
272704959,235.4055,70.529594,9.9928
142903714,177.1092,70.23622,9.92812
219435114,205.03362,71.98931,9.9723
233170034,215.41907,71.82846,9.54813
230065808,230.70811,70.991684,9.97679
272701008,235.15292,71.13447,9.4309
147940462,167.09093,71.958984,6.72176
147940535,167.34882,71.49836,8.30128
356742612,177.97809,71.970566,9.2677
230061187,229.32005,71.21116,6.86974
143008631,182.63213,70.7693,9.7911
154124405,211.79121,71.762985,9.8976
154068881,207.5988,70.702614,9.6968
230065646,230.65524,71.96952,9.8969
148894695,184.55746,70.09926,8.7877
154124557,212.16374,71.2171,9.52335
148894609,184.78319,70.586525,9.9287
233176032,217.18402,71.79354,9.6467
147921099,164.93947,71.17319,9.271
147921122,164.91977,71.06887,9.5535
153975831,203.31635,70.35828,9.3641
355951542,230.85141,70.98983,8.709
232983391,241.54765,71.877785,8.164
142793559,162.9476,70.32401,8.4965
148969542,192.4843,71.19425,9.0761
142877884,176.56038,71.84629,9.6037
142847572,174.33527,70.55518,9.10866
459220580,194.81087,71.84137,8.37948
237104086,241.24226,70.26335,8.47513
154092910,210.28244,70.02649,9.84949
148966580,191.26807,71.924934,9.6107
219007738,221.04572,70.408264,9.51666
229536143,195.87956,71.11222,9.9792
153971143,202.14005,71.3266,8.8291
142864858,175.85994,71.74921,8.735
148966511,191.00827,71.54791,9.7674
142961224,180.75969,70.12718,9.795
230077219,244.56213,71.48879,9.4958
230063465,229.96971,71.02813,8.9047
237103665,241.10759,71.58037,9.8463
142936255,179.13426,70.019325,9.9151
142961271,180.8541,70.43214,9.1916
142878015,177.00626,71.35782,9.84668
142810347,163.59058,70.624176,8.49843
219012552,222.27835,70.5264,9.5479
147894697,163.70879,71.22066,9.464
148962617,189.94438,71.062035,8.9068
232970996,199.03677,70.11855,9.9514
142961621,181.05206,71.145256,8.5133
148909849,185.45195,71.25262,8.78718
154008627,205.25743,70.34768,9.61649
219013137,222.57799,70.23647,9.8115
142793599,163.04108,70.07894,9.5321
154088769,209.15038,70.88659,9.3834
148960276,189.3277,71.057724,9.84435
233186568,225.04262,70.61413,7.17403
147992826,169.95059,71.43643,9.4909
142946908,180.50217,70.153625,9.7085
153975674,203.12604,71.317,8.7977
153975689,203.1999,71.21505,8.76152
232983345,241.78363,71.64385,9.7749
310981789,161.40288,71.36756,9.5661
148913898,186.66827,71.624115,9.8731
148913928,186.79285,71.8258,9.9314
147993034,170.3395,71.130615,9.4722
147993077,170.46913,70.90685,9.0509
148908044,185.27757,71.439644,8.789
229535956,195.48682,71.377914,9.0772
142872532,176.05786,71.45313,9.4027
142872945,176.26103,70.42786,9.54419
154124140,211.87996,70.22649,8.3445
103806066,159.50156,71.09049,9.2379
103806426,159.63953,70.57603,7.9715
153973547,202.7314,70.74301,8.68512
142862524,175.03693,70.88043,9.5675
142862446,175.15181,71.23647,9.7469
142941771,180.03487,70.65145,8.2619
142946308,180.2195,70.237854,6.6899
148932005,188.49228,71.21015,9.26246
147954448,169.07138,70.813034,9.3618
229536061,195.7466,71.72056,7.4672
349825632,161.62572,70.3424,8.95851
219017826,223.7913,70.13502,8.45218
417915356,165.89584,71.46555,9.8383
229535768,195.4291,70.13769,8.41172
103755424,158.2283,70.842186,9.90756
103806450,159.72949,70.41415,9.4361
147896380,164.21097,70.01072,8.245
142941839,179.96327,70.344025,8.23725
148907962,184.9375,71.89996,9.135
142941624,179.8975,71.57818,7.8665
103806393,159.56743,70.79255,9.95496
103806321,159.73746,71.2144,9.9764
259263931,293.12082,71.821594,7.7645
1102569109,235.53769,72.91768,9.7473
1102582998,230.37648,73.47665,6.9516
1401060790,264.93268,72.92825,7.6178
1884483574,294.82077,72.32802,9.42861
1401060792,264.93225,72.92853,8.1876
1884483579,294.81808,72.32775,9.65072
1884512578,299.26184,73.55468,9.7609
1201351663,240.1096,73.51571,9.7175
154566624,190.5006,72.96403,8.6678
219733897,230.37648,73.47665,6.9516
229607560,274.24023,72.13443,8.55
237213065,294.82077,72.32802,9.42861
237213064,294.81808,72.32775,9.65072
237277799,299.26184,73.55468,9.7609
356742999,178.4287,73.7556,6.3445
471011788,190.5021,72.964035,9.25
160439822,237.0124,72.64401,8.45
160424210,235.53769,72.91768,9.7473
160494378,240.1096,73.51571,9.7175
441801393,264.93268,72.92825,7.6178
341873045,275.26425,72.73287,3.104
142519352,163.39035,72.1421,9.947
142565786,165.77501,72.99232,9.6284
142565553,165.7299,73.6331,7.7206
142565610,165.77057,73.405556,9.953
142562667,165.31004,73.720985,9.958
257023157,225.24886,73.0532,7.672
233499596,250.1549,73.38418,8.859
233501543,250.48817,73.88738,6.593
154487894,185.95901,73.97148,9.4259
154482851,185.02443,73.00857,8.5928
154487701,185.92383,73.570244,9.6199
237291224,300.73944,72.33952,8.4274
257004536,224.38188,73.50914,9.42594
237285627,300.32285,72.44287,9.4284
237285969,300.51456,72.99374,7.863
237284508,300.048,73.10336,8.4953
237254753,298.8888,73.38934,7.1328
237285917,300.3259,72.90384,9.0733
237254521,298.67737,73.004974,8.2911
237285061,299.8791,72.23389,9.74778
237278975,299.57983,72.22298,9.75887
237278955,299.47333,72.19712,9.51721
237278866,299.76376,72.046265,9.96375
237285759,300.22836,72.64034,9.5113
257004160,224.1372,72.49861,9.1412
237285047,300.01578,72.25514,8.1609
237291761,301.1488,72.38013,8.6848
237252701,298.2568,73.81692,8.687
237252705,298.62982,73.80232,9.1796
237252959,298.57065,73.38851,9.32333
257003988,224.27411,72.10634,9.6421
237297373,301.49167,72.08359,8.4044
257003576,223.96826,72.80317,7.5895
237285384,300.4421,72.102745,9.52158
237285179,300.18265,72.056854,9.4653
237278147,299.1803,72.938255,7.98364
237255067,298.73584,73.93559,9.58624
237253405,298.4958,72.67147,9.8581
237278654,299.26688,72.14162,8.9319
257003932,224.21428,72.00983,9.9382
237277760,299.11987,73.615974,8.69727
237291021,300.7609,72.61974,9.2109
237278530,299.3756,72.3316,9.14554
237278545,299.19028,72.31017,6.9142
237230553,297.31406,73.1544,9.0739
237229022,296.91544,73.32118,7.2035
237236514,298.13666,73.177376,9.2898
237230115,297.179,72.40304,7.7869
237279680,299.78558,73.23238,9.4365
237217681,295.14343,73.257935,9.0327
237223895,296.21826,72.21172,8.5499
237218743,295.73804,72.52836,8.7518
237235049,297.70416,73.18781,8.4391
237229153,296.99878,73.08526,9.4887
237229325,296.74405,72.76561,9.3419
237230628,297.35263,73.30316,8.2544
237236759,298.22964,73.59582,9.58658
237229492,296.72543,72.46463,6.64312
237228873,297.03403,73.59597,9.07847
237235044,297.55902,73.1945,9.13036
237224390,296.52515,72.5799,9.5251
237217532,295.4904,73.57629,8.011
1884490464,293.91522,73.126816,8.9438
237223273,296.00726,73.296165,9.9481
237197475,292.43524,72.37525,9.72073
237208121,294.02106,73.22902,9.1357
420174622,292.30008,72.74657,9.41492
237218705,295.62283,72.46642,7.3621
237202266,293.25543,72.10965,7.5003
237202421,293.3702,72.43928,9.78047
237202447,293.1544,72.49032,9.5546
237206838,293.88486,73.06683,8.7622
237207307,293.55402,72.19338,9.5514
237213703,294.80475,73.493546,8.6083
237207664,293.95126,72.30979,9.4625
237212033,294.62857,73.466965,9.9902
237202699,293.50778,72.96441,9.0312
237212593,294.52905,72.41864,9.4212
237218794,295.57892,72.628174,8.57724
237218074,295.23236,72.54991,9.5701
237212194,294.33548,73.115845,9.093
237218644,295.81198,72.36258,8.42839
237206809,293.91495,73.12664,8.7124
237202610,293.23373,72.809525,9.2926
237197552,292.4364,72.57674,8.5507
420132125,290.9785,72.583336,6.1775
237218294,295.36557,72.1351,9.4108
237218296,295.361,72.13455,9.1308
237217852,295.2079,72.95441,9.12707
237201858,292.82355,72.53826,9.85236
394129990,289.15775,73.91122,9.0936
394131039,288.82422,72.0321,9.868
420174607,292.13538,72.72579,9.7259
420174832,292.04526,73.074905,8.73059
394130083,288.96576,73.76345,7.2579
235683897,287.4996,73.01748,8.7915
235683646,287.32657,73.5579,8.1269
235680131,287.21237,73.25485,9.8473
394130313,288.88742,73.35552,3.4043
267544315,289.31885,72.42931,9.5946
362260236,286.54672,73.39806,9.1119
235686198,288.34338,73.25472,8.189
235679972,286.97165,72.8736,8.9314
237197414,292.4853,72.272865,7.08384
420132903,291.30472,72.6261,8.6129
237197651,292.53,72.82434,8.102
420114283,290.4012,73.80182,9.5806
267544345,289.21863,72.38337,9.5475
394122478,288.63724,73.46035,8.5256
235709666,289.7811,72.27906,8.2875
376872090,283.86203,73.16316,8.68319
1718215580,286.9724,72.87409,9.7302
235683754,287.30582,73.33756,9.5902
362227384,286.1649,72.81711,9.7243
235683842,287.3148,73.162445,9.5607
235683860,287.40445,73.11703,9.90864
420113383,290.40863,72.24426,9.0458
235708984,289.68146,73.75794,9.8543
235674496,282.74496,72.96677,8.7731
235675516,282.95062,73.07347,8.9448
376884580,284.562,73.23312,8.8268
376924690,284.86368,73.86205,9.5223
235674326,282.84094,73.32775,9.8657
235674701,282.63898,72.545586,9.65309
235680293,287.04306,73.63524,8.43229
420108439,285.09494,73.80085,9.4551
376871017,283.43112,72.84265,7.4933
229649891,280.7946,73.412796,9.9109
235675539,283.0446,73.1268,8.6471
235709086,289.73334,73.550896,6.7168
362256448,286.27612,73.68869,9.839
394122669,288.75385,73.829346,8.1025
376883641,284.1159,72.491905,9.24652
420174529,291.96713,72.60355,9.2138
336005743,282.02115,72.97544,8.2073
362225924,285.72287,73.70023,9.49042
420174441,291.95746,72.47772,6.86158
394130000,288.97498,73.89873,9.00973
235685913,288.09418,73.89235,5.1087
420113119,290.1933,72.10177,6.47115
376884305,284.72122,72.683914,9.38303
376884274,284.48608,72.614426,9.98789
362225779,285.99365,73.98348,9.5664
235684325,287.48587,72.02466,9.5877
376883120,284.216,73.4699,9.46472
235684292,287.59113,72.10896,8.3958
376879798,283.95898,73.86696,9.5386
376884755,284.53165,73.601234,9.8974
229639946,278.85507,72.191185,8.8439
229644709,280.00955,72.11215,8.95754
229639798,278.99268,72.50338,9.4955
229640204,279.24396,72.267006,8.0159
376882962,284.29788,73.78917,9.67907
229648966,280.28674,72.508934,9.98978
229644171,279.76974,72.95947,6.4349
229639198,278.6701,73.993645,9.9798
336006627,282.1276,72.433075,7.4619
336007234,282.12796,73.59697,9.1697
229616604,278.48218,72.77176,9.37265
394120946,287.7516,73.21808,9.2907
394121571,288.01392,72.10983,9.6398
420112976,290.06097,72.39596,9.7092
229648623,280.42166,73.286545,9.3257
376883331,284.24625,73.0514,9.16196
424390903,281.57672,73.66976,9.7626
229644567,279.61887,72.052826,9.912
1551711135,275.2718,72.73133,2.9636
341872883,275.20044,72.29909,9.1821
362226108,285.8727,73.37912,7.57837
367856105,276.93292,73.87374,9.9371
229640184,279.289,72.21782,9.5499
229640890,279.0646,73.812775,9.7266
229643806,279.43427,73.7973,9.4019
229616462,278.56714,72.411194,6.721
229639784,278.6993,72.535835,7.0427
341873019,275.19666,72.67066,8.2544
341873283,275.39975,73.349724,9.759
235674577,282.52432,72.81691,9.82616
356820178,268.79648,72.00513,5.09781
229639915,278.81305,72.2742,6.44389
357498149,267.73102,72.834564,9.36248
441807753,266.17725,73.98024,8.68639
424390769,281.41788,73.36747,9.2247
229615943,278.1414,72.66503,9.4442
367854515,276.34845,73.55793,8.9374
424385008,277.22757,72.27039,9.8111
229644226,279.53906,72.86069,9.4423
229584573,271.1473,73.994705,8.7123
229585201,271.11404,72.2362,7.9428
229643811,279.57666,73.79184,9.1633
441804114,265.51596,73.461685,7.75763
424389664,281.2502,73.050896,6.8034
229585587,271.15668,72.697586,9.0143
367837121,275.54172,73.54369,8.4409
367837226,275.77777,73.26994,9.8053
376871879,283.99228,72.7449,9.4057
229585365,271.46265,72.08654,9.56003
229616949,278.46725,73.64447,9.546
336007350,282.24194,73.81131,9.83042
235675643,283.2769,73.37063,9.79992
441804674,266.04547,72.05078,9.02692
229616089,278.10983,72.325165,8.1355
229585356,271.37976,72.07428,8.66975
229611333,274.85754,72.68043,8.5899
441808811,266.75552,72.67379,9.5585
229639846,278.80325,72.4045,7.1056
367838166,276.09692,72.76154,9.47708
229593009,272.39722,73.08194,9.98981
367855829,276.868,73.264496,9.9558
356820840,269.2025,73.68053,9.9678
229639494,278.9407,73.28085,6.6097
441742097,260.05832,73.666504,9.5382
367856049,276.82288,73.735634,9.3723
441739153,259.4257,72.10271,9.0533
441804055,265.463,73.62637,9.98357
229615572,277.89627,73.56495,9.8593
367837386,275.8019,72.89456,8.9481
229648381,280.28833,73.92033,9.81516
229639858,278.9783,72.38026,5.6629
229589801,271.94778,73.17438,8.6379
229649801,280.6426,73.15977,8.8516
229589594,272.0402,72.59497,9.796
229612173,277.763,73.08381,7.6658
441812570,267.26764,72.50285,8.1129
441813006,267.52182,73.763535,9.151
367838319,276.10617,73.10179,8.8667
367837968,276.0169,72.33501,9.16097
356820610,269.16663,73.03743,8.9765
229611125,274.72614,73.29146,9.8919
441801409,264.96164,72.96473,7.9609
229610885,274.7877,73.87724,9.3602
441735063,258.58517,73.43833,9.17522
367855141,276.5115,72.13883,8.7107
441804365,265.32385,72.71117,8.1617
441767291,261.80063,72.10755,9.2814
422828596,269.91806,72.3969,8.78961
329171292,268.04285,72.694046,7.91377
229589123,271.82986,72.53291,8.6691
229594017,272.9706,73.484024,9.8308
229639512,278.67325,73.21587,9.9832
229589015,271.57532,72.8212,9.68528
229588935,271.8277,73.011955,9.5832
229589141,271.84302,72.48114,9.8929
441735299,258.366,72.75361,8.4337
441800685,264.7385,72.97392,9.04932
441801515,265.11444,73.27562,9.29248
441800429,264.60495,73.727585,9.9502
441800962,264.5467,72.14024,9.68393
441739373,259.7409,72.737625,9.6277
367855443,276.65152,72.40376,8.0012
441793298,263.07748,73.118835,9.8437
367856008,276.74615,73.66858,9.4607
441793272,263.2532,73.21744,8.69411
229616707,278.29236,73.008965,9.55751
441800805,264.7471,72.57187,9.2801
441797958,264.2871,73.76407,9.7134
424384466,277.018,73.76966,8.4621
229597814,273.57578,72.70186,9.86827
229590052,272.19818,73.8093,9.1951
441794009,263.60117,72.91133,9.48
229593686,273.0814,72.52353,8.8069
356785339,268.60367,73.54848,9.9613
441766666,261.65634,73.5128,8.8291
441808669,266.8284,72.32129,9.5764
356785166,268.5054,73.12132,6.967
441797667,264.21637,72.80252,9.9782
441797986,264.20697,73.83681,8.1379
424384788,277.35736,72.82493,8.81572
229582074,270.7269,73.67905,9.451
441797492,264.15222,72.31887,9.55256
441742421,260.00122,72.583824,8.62627
229589418,272.2213,72.15272,7.10825
441804568,265.48486,72.14884,4.1242
441797383,264.2022,72.05471,7.6596
367838105,275.90305,72.62536,9.06498
367838110,276.0387,72.638336,9.97327
441790434,262.75244,73.60428,9.9903
441728318,256.75262,73.40162,9.54383
441800503,264.52835,73.521034,9.79525
441794179,263.40237,73.4475,9.56353
356788297,268.81757,73.37619,9.91043
441732371,257.91635,72.749146,9.5568
229608123,274.5363,73.225975,9.32856
229597274,273.45023,72.52144,9.27678
156464520,217.97601,72.44494,9.2054
441767331,262.0973,72.20804,8.9351
441763875,261.08188,72.93577,6.9597
441808062,266.22034,73.16293,8.0068
229593265,272.64093,72.412964,9.4295
441767708,261.9752,73.31427,8.69173
441763847,261.2902,72.86117,8.31071
441763913,261.2292,73.02692,9.20452
233501640,250.45401,73.4995,7.4553
441718956,254.90503,72.12743,8.5139
441789135,262.41336,73.921,7.94526
441812882,267.56924,73.3881,9.63
229607785,274.31982,72.28038,9.4445
341873002,275.19565,72.626884,9.7532
441811910,266.9091,73.132675,7.2025
441812894,267.41135,73.43975,9.5506
229584815,271.1156,73.272736,8.84809
233501595,250.64532,73.655945,9.6717
229597113,273.17374,72.94754,9.8837
229607822,274.58633,72.35726,9.95373
229671650,252.25687,73.682816,9.2382
229607272,274.05573,72.87619,9.4796
229607559,274.2367,72.13474,9.5166
356785231,268.456,73.296,7.9292
367838634,276.11868,73.829254,8.6563
441813045,267.45947,73.89185,9.8066
356788124,269.11835,73.7752,9.5443
229598224,273.64334,73.7459,9.74887
441742503,260.17023,72.30321,8.4324
441766928,261.61383,72.80606,6.81267
441808298,266.25177,72.554665,9.8355
229596848,273.3543,73.66747,8.7702
441767557,262.03125,72.80105,9.6307
441735830,258.82272,72.65213,9.7847
357498244,267.63635,73.08129,9.33789
441809052,266.5925,73.287895,8.65609
441767095,261.7314,72.340385,9.4957
441766591,261.65536,73.72984,9.87464
441766783,261.36734,73.199646,8.8673
441767100,261.67892,72.31758,9.6711
441809057,266.83472,73.29671,9.7287
309998624,214.18112,72.74053,9.182
233006012,247.49123,72.28033,4.6456
441789968,262.6058,72.24805,9.0191
156456213,215.9153,72.506,9.389
441732207,258.00742,72.271164,9.912
441732536,258.12738,73.261955,9.838
441801183,265.12903,72.34084,9.322
441801702,265.26822,73.81325,8.5624
441801208,265.27792,72.42034,6.9535
441811957,266.90015,73.00448,9.31671
441812317,267.25122,72.05614,9.11093
229585958,271.42557,73.68199,9.30032
233499307,250.30058,72.26911,9.6521
233496228,249.09691,72.37376,7.675
441739274,259.6923,72.421326,7.2745
441812970,267.37677,73.65803,6.9751
441764026,261.09723,73.354836,9.9995
160604654,244.99881,72.61404,9.22533
441811982,267.20004,72.95611,9.40324
356785161,268.54572,73.09488,9.5023
441721872,255.32483,73.31249,6.1749
441789740,262.16495,72.28528,8.612
219733793,230.64598,72.90434,8.3508
441766745,261.54108,73.30313,9.7392
142492238,162.24637,72.69996,9.3567
156492987,218.2268,73.714836,9.1445
233502379,250.97952,73.04043,7.6145
441724845,255.86868,73.9089,7.28904
357498029,267.74377,72.48631,7.47254
356820091,269.13803,72.20749,9.1313
229584662,270.87814,73.719086,9.08
441767043,261.7186,72.48596,9.9616
156458577,216.60413,72.79675,9.1021
160520539,240.53029,72.55043,7.9555
160585521,243.5075,73.97556,9.6164
160553883,242.59653,73.93736,9.7807
160586143,243.7845,72.18255,7.8169
441762929,260.9423,73.57989,8.8889
441812662,267.3305,72.81114,7.9699
160583570,243.29872,73.6554,9.8764
160602138,244.51161,73.09641,9.7465
160604474,245.04402,73.178314,7.5976
441728870,257.12357,72.133606,6.53309
441715943,253.9988,72.678856,9.4805
441767480,261.98044,72.567154,8.3944
441763003,260.7408,73.38588,9.5642
441794095,263.47772,73.14587,9.9125
321601485,269.55832,72.235985,8.7335
441767590,262.09705,72.91234,9.75414
298160004,203.67113,73.43141,7.194
441731954,257.55942,72.32941,7.5661
357516582,267.6462,73.90006,8.7806
257003182,223.7353,73.80043,8.3434
156456427,216.3863,72.33193,9.3089
156456434,216.22867,72.35767,9.7188
156464338,217.45634,72.25867,7.2051
160488045,238.11902,73.12856,8.6227
233498750,249.7583,73.57193,9.9807
156464839,218.01129,73.82366,9.53927
156493258,218.18727,72.49177,8.4794
160535421,241.51384,73.92013,9.3107
142492383,162.25255,73.33862,9.915
160601443,244.15135,73.279305,9.9515
233502535,250.78075,73.697975,8.96733
441804565,265.4921,72.1569,5.2863
441760384,260.36612,73.24538,9.6971
156464342,217.74857,72.25023,8.63991
160601980,244.85162,72.38812,8.33352
156464004,217.42714,73.92061,9.5419
156464005,217.45084,73.90877,9.4963
233498747,249.57465,73.57561,9.0492
233498916,249.90295,73.00184,9.42828
441725939,256.6067,73.4921,9.7167
257003369,223.65077,73.34002,9.9354
233498959,249.9222,72.89565,9.755
233496387,249.37772,72.093254,9.4078
313484098,198.74387,73.03936,9.8083
154548837,188.00813,72.134026,9.3709
313484050,198.85895,73.26055,7.7274
458460152,233.30069,73.24011,8.4253
160439793,236.76453,72.54416,9.5611
160439883,236.69427,72.88498,8.1643
441719443,254.80229,73.821335,9.88147
441731916,257.70987,72.45913,9.79665
441735058,258.51593,73.452324,9.9639
298074470,201.54596,72.475235,9.8721
309998399,213.86252,73.84464,8.4354
298074272,201.42905,73.47927,8.64081
257082112,228.80144,73.85959,8.973
160491259,239.09067,72.73998,9.2367
160494486,240.06491,73.93563,7.0262
441731865,257.6392,72.65971,8.8212
441763631,261.27954,72.26267,8.8167
156456106,215.87306,72.98469,8.6765
156456252,216.12245,72.33205,9.8432
233009039,248.317,72.67061,9.7225
233009358,248.23625,73.83809,9.803
229675265,253.44237,72.91991,7.15063
156458638,216.69789,72.50622,9.97012
298074522,201.43303,72.2733,6.36396
160582754,242.57774,73.31387,9.5437
233011702,248.52884,72.556656,9.4165
156458478,216.92918,73.225655,9.48597
160585671,243.63936,73.39489,5.97765
320323614,246.60504,73.06088,8.8103
441715500,253.73161,72.687325,8.9756
441762909,260.8857,73.61649,9.35215
441742021,260.014,73.939926,9.03116
233006306,247.56079,73.29387,6.791
229669559,251.85974,72.49018,9.82778
441794048,263.6937,73.01454,9.78263
160585543,243.30666,73.905075,9.42555
441790556,262.66888,73.92425,9.36088
446172137,206.14658,73.62711,8.5735
446172304,206.08298,73.004524,9.271
446172447,206.04805,72.362015,8.7908
298074203,201.55208,73.81253,9.3981
298074497,201.5336,72.39147,4.1644
462551875,224.43939,72.484,8.2946
462551944,224.5065,72.230576,9.8348
219733845,230.34256,73.201904,9.7367
160490942,238.9204,72.39204,6.36399
160439194,236.22736,73.75842,9.8059
160601370,244.16248,73.54851,9.816
334677759,245.3394,72.43148,9.657
441715820,254.22292,72.23092,9.7015
441789552,262.53125,72.77107,9.9852
156508322,219.85661,73.12546,8.3779
160550957,242.0697,73.95564,7.79285
160424054,235.6972,73.59431,8.029
160424086,235.52888,73.47329,8.238
229669754,251.7031,73.35014,9.0232
233009322,248.09715,73.68464,9.7079
441797142,263.93793,72.56106,9.4662
441808279,266.08704,72.62526,5.6561
441812100,266.88736,72.64523,7.40637
441722252,255.15558,72.03027,8.9948
441729040,257.2757,72.683754,9.523
441726010,256.54346,73.72728,9.3734
441763685,261.03268,72.39599,9.9914
156510597,220.84099,73.745125,8.7017
156510788,220.64731,72.85988,7.89
256980547,223.08998,72.24453,9.84885
160618135,246.36813,73.520905,7.694
233008396,247.70465,73.46207,8.7205
233008680,247.92117,72.45572,8.67898
441722026,255.29103,72.792496,9.1219
441801586,265.18652,73.50185,9.6602
356820908,269.4256,73.8964,8.5821
415030181,184.06572,72.55527,8.4454
233499404,250.17717,72.67165,5.1123
142591778,168.85744,73.47131,6.4265
154491541,186.05702,72.96379,9.8447
154491553,186.2338,72.884995,8.6681
367604215,214.35353,73.900764,9.4614
198512171,211.90851,72.82961,9.2405
198512515,212.49716,72.751236,9.6877
198512534,212.40652,72.83452,7.9982
313058406,201.25026,73.714195,9.8589
160490605,238.82951,73.81529,7.7324
233499735,250.02463,73.95309,9.6491
142592153,169.37831,72.35655,8.9884
160227306,181.30107,73.45455,6.5047
441797545,264.28702,72.455795,5.00658
154562256,188.87068,73.629906,8.9299
232525773,194.54321,72.46714,9.8332
156508524,219.73991,72.15993,9.5083
462554683,231.0466,73.5853,7.8717
441763264,260.74808,72.606995,9.4631
441725988,256.54294,73.67082,8.5898
441742760,260.25073,72.31513,8.4438
441735414,258.4383,72.41875,8.7196
257081647,228.41049,72.082535,7.5762
156464009,217.7566,73.88851,9.3694
233495865,248.92729,73.67339,9.8507
326209072,245.94171,72.42613,9.37155
233006218,247.40208,72.93859,7.2414
441735388,258.42023,72.50441,8.999
160551471,242.09032,72.102135,9.03514
160551500,242.08066,72.00069,9.79367
441796960,263.94907,73.07759,7.57323
367628892,215.50194,72.087105,9.75093
441789799,262.23184,72.13036,9.9894
441796724,263.756,73.73993,9.0339
156508379,219.97276,72.864105,9.59118
160424205,235.8026,72.9223,9.9278
160268026,182.58516,73.682236,8.3964
298129409,202.81677,73.96829,8.5758
160421752,235.25568,72.14321,8.2141
160422110,235.07732,73.57836,9.7608
160488371,238.56468,72.072945,9.7789
160488440,238.56981,72.30019,7.5265
160488426,238.27652,72.250824,9.8278
229675161,253.26505,72.46084,8.4353
160583426,242.99753,73.15046,9.7437
357183536,172.17236,72.563995,9.8309
229672151,252.35179,72.100426,9.63132
229672401,252.39223,73.00621,9.7409
371754856,172.88939,72.77759,9.9236
371755002,172.79478,73.444374,9.3215
156510773,220.77516,72.92557,9.4501
229546935,222.58577,73.02778,7.5611
441729251,257.2367,73.47022,9.65979
441763839,261.1761,72.8286,9.38823
233008631,247.86761,72.612335,5.1389
286150062,200.3245,72.55699,9.5253
142487427,160.30789,72.36958,8.2709
219467602,210.19466,73.88607,8.3563
286150000,200.1253,72.23514,8.0655
286150226,200.36653,73.50391,8.64719
160422180,235.09691,73.84137,8.9315
233008318,247.6032,73.778946,9.9543
441721909,255.11632,73.19425,6.19775
313484681,198.99548,73.54323,9.9117
154548850,187.97493,72.178894,7.8968
154548951,188.00887,72.79708,9.3608
257004358,224.17401,72.946465,9.30789
160617750,246.1102,72.18388,9.3958
441719344,255.05057,73.41857,9.28584
441725294,256.10504,72.496544,9.86863
233496577,249.20673,72.85524,9.9306
232523752,193.5067,72.76732,8.03192
156493690,218.55452,73.357506,8.1803
160421409,234.85307,72.974884,9.6888
160520742,240.77823,72.06679,9.9115
160472223,237.00789,72.644104,9.2486
160472350,237.31657,72.24141,9.9429
160472514,237.70598,72.21129,9.3781
320323373,246.64366,72.044136,9.2318
320323617,246.4933,73.073425,9.8956
320323800,246.72908,73.741936,9.9148
219465156,209.27843,72.86166,8.156
441735282,258.36353,72.79941,8.517
160267742,182.68051,72.418495,9.14868
219465397,209.31422,73.954666,8.31862
233501878,250.68254,72.65513,9.4772
441728540,256.6996,72.70106,9.20018
257023151,225.39348,73.08446,9.1439
233008974,248.03079,72.50045,9.04644
233009109,248.25288,72.925766,8.57502
446172322,206.30055,72.92235,9.26672
298091092,201.93007,73.54561,8.37245
462554885,230.91492,72.79623,8.50017
160491559,239.13628,73.785995,9.1108
160491617,239.29688,73.98456,9.95475
320323695,246.54599,73.342964,9.64505
156495918,219.7072,72.459915,9.8553
232523409,193.39578,73.04704,7.5926
219458769,207.07558,73.42579,8.8903
160424731,235.85875,72.89456,8.4183
160520875,240.85693,72.55902,9.8149
160472917,237.74263,73.77454,8.971
160472962,237.62108,73.95996,8.4408
367681857,246.97427,73.40729,7.7406
154570928,192.17422,72.14828,8.1726
313589652,199.73656,72.528885,9.3129
154571005,192.04285,72.50648,8.9552
154571108,191.92535,73.077805,8.8019
313589847,199.95189,73.461044,7.4342
313589880,200.0305,73.64875,9.2961
229547111,222.5633,72.137695,9.1505
160494025,240.12378,72.21013,8.8829
229675057,253.21898,72.01819,9.06468
441718542,254.39824,73.10599,9.25459
160393685,232.19713,72.55712,7.9853
156462444,217.0006,73.90149,9.6216
156464058,217.71193,73.60661,9.0327
156464240,217.50594,72.733025,8.6898
156464281,217.42085,72.54072,9.8103
160419156,234.32738,72.71742,8.4072
160520286,240.51622,73.50232,9.1045
160520447,240.39732,72.9731,9.7685
160439176,236.37112,73.835815,6.9534
154568727,191.13506,72.10167,7.2522
371791148,173.8777,72.06402,8.862
154491644,186.22966,72.38157,7.4982
198514378,212.86662,73.00606,8.3903
198514462,212.9167,72.58368,9.8218
219460776,207.73135,72.80038,8.4989
219460801,207.9437,72.96611,8.2218
219460886,207.65791,73.36737,8.7783
154492133,186.63522,73.73011,9.3054
154571178,192.16725,73.53851,9.44956
462554728,230.96031,73.41612,8.44335
233006311,247.24065,73.30974,9.50563
156496131,219.35808,73.51626,9.8335
462551638,224.77428,73.42593,7.9545
233496705,249.54362,73.32659,7.6181
298074529,201.60144,72.24492,7.7328
198512478,212.62224,72.590164,8.1319
154492021,186.47012,73.2383,8.85382
160488002,237.9505,73.317345,7.83472
367613156,214.35486,72.92037,9.22367
219733429,230.315,72.95667,9.2762
229674699,252.99153,73.30828,8.891
229674702,252.84164,73.29583,9.41376
142614497,169.17084,73.25323,9.8707
160439150,236.53082,73.94318,8.86798
334677678,245.47574,72.11596,9.65795
154473806,184.14775,73.87761,9.696
233498644,249.80367,73.97823,9.625
441742423,259.9988,72.582565,9.03049
142537127,165.05302,73.92461,9.5071
142537376,164.9876,72.750465,8.9939
142585164,166.39503,72.20794,9.4501
142585378,166.8025,72.59038,9.584
356742918,178.33955,73.29179,6.7246
154568349,191.0966,73.55005,9.7528
156493093,218.4497,73.23098,9.8489
160585695,243.43684,73.291695,7.4248
160585774,243.53706,72.998474,9.9859
155876522,176.12772,72.53277,9.7407
356742722,178.4731,72.41526,9.7279
356742825,178.18578,72.87919,9.9314
356743018,178.31798,73.83008,8.3903
257081343,228.61226,73.33966,8.7504
257081555,228.56369,72.44903,9.3487
441729162,257.24826,73.15334,8.13368
441725501,256.4199,72.00928,8.61312
441763171,260.7579,72.880936,9.5212
257049269,226.95296,73.37691,9.9402
154566326,190.02335,72.34521,9.0675
232523591,193.05052,72.07469,9.13787
219458881,206.77824,73.95298,9.38815
160550963,241.73883,73.94271,8.97642
160424623,236.1105,72.49948,9.67955
233008356,247.9836,73.616066,8.74591
441728948,257.17264,72.36568,9.66605
154566333,189.95631,72.3149,9.504
219467003,209.71954,72.92108,9.61321
313451750,197.95122,73.59447,9.5825
198512452,212.44174,72.46891,9.1189
198512535,212.41756,72.83712,9.6733
160407651,232.99265,73.54311,7.3957
160535385,241.67775,73.778854,8.9913
229669692,251.59064,73.07817,9.8233
229669811,251.71477,73.6827,8.6856
233504498,251.47073,73.880104,9.4
219458231,206.57944,73.19771,9.8903
313452452,198.2301,73.40844,9.5493
142616655,169.93076,73.37957,9.4098
156462090,217.27599,72.42197,9.83139
160582982,242.6556,72.393234,7.9039
156462141,217.3408,72.62612,8.99664
160439315,236.50946,73.29185,9.6917
160440137,236.87584,73.9477,9.08149
286149966,200.4466,72.09154,9.00706
219467520,209.96172,73.39816,7.181
415030187,183.92288,72.55119,5.20112
441716054,254.06973,73.12787,6.03685
142565738,165.82726,73.11223,8.9738
371791464,174.44434,73.06935,9.16513
371791616,174.5151,73.743416,8.9869
371791627,174.29068,73.81505,9.63335
219467409,210.18396,72.78991,9.13246
160421259,234.82362,73.616684,9.14021
219436877,205.85771,73.7597,9.1456
257063481,228.00824,72.871216,7.1214
257063541,228.25697,73.12843,8.1696
462554713,230.69331,73.473076,7.8612
233008815,247.949,72.024155,9.5833
298072669,200.67104,73.81171,9.6915
233499348,250.30075,72.448555,9.8117
298160213,203.91547,72.63203,8.1743
229675164,253.32394,72.473976,8.4175
229675482,253.4004,73.739716,8.129
160488788,238.31079,73.55681,9.44
160488842,238.48973,73.815956,9.5934
232525643,194.02054,72.13415,9.3211
441735934,258.96985,73.011734,9.15277
257047230,226.6335,72.48711,9.9192
160520915,240.85675,72.698204,9.84937
320323396,246.47736,72.128456,9.71765
229674516,252.77988,73.91346,9.83719
229674823,253.05345,72.79599,9.71435
232525420,194.13043,73.34037,9.8567
372759478,174.97572,73.87115,7.4486
367613426,215.12947,72.0877,7.8742
367613541,215.20877,72.604,9.8191
160418546,234.2145,73.68321,7.7337
160418571,233.91527,73.52678,9.0598
160418612,233.92287,73.32166,9.7664
372759680,175.13689,72.42804,9.1902
160269936,183.16428,72.29954,8.7813
142535302,164.69597,72.631615,8.5501
142535498,164.58983,73.58962,8.5071
155894534,176.17757,73.1468,5.8304
142585571,166.83669,73.60815,9.8212
154566453,190.70009,72.128914,9.4406
160395775,232.32025,73.707695,9.6692
160395929,232.70976,72.93637,6.4728
257023304,225.23485,72.41239,9.7315
257046812,226.02492,73.08261,8.12725
229538585,221.83688,73.9003,8.2402
155894424,176.28445,73.807816,9.878
415009572,176.85788,72.80642,9.6383
371754603,172.29703,72.11782,8.614
313260069,203.26622,73.052795,7.7266
154486565,185.5489,73.24848,7.3304
219460569,207.33722,72.100655,7.86134
320323542,246.78821,72.7953,9.5774
320323678,246.47647,73.28888,9.6299
233006203,247.23877,72.9059,8.41799
160270269,183.33293,73.30599,9.6419
154475300,184.52304,73.74442,9.7243
142562027,165.26913,72.111404,9.5416
142562072,165.24908,72.22944,8.6825
142562466,165.21547,73.28465,9.7543
154563847,189.52524,73.518875,8.7394
142634881,171.60611,72.365425,8.607
160227791,181.84846,72.804054,8.3279
198508885,210.43538,73.13903,7.2442
198508918,210.58623,72.93705,7.7736
154564402,189.6303,72.73576,9.834
313110355,211.41672,72.91988,8.4258
313110175,211.23029,73.672745,8.5116
156513052,221.37183,73.4851,9.5729
156513162,221.30675,72.942375,7.4583
156513058,221.44943,73.45231,8.1071
257060936,227.49214,72.86683,8.444
257062812,227.9275,73.877914,9.3674
257062850,227.69887,73.683975,9.6072
160493424,239.69525,73.98885,8.4943
160493933,239.63528,72.039246,9.2209
154568873,191.42778,72.83698,7.8198
154564450,189.86107,73.0015,6.4786
365930987,176.61731,72.600006,9.1045
142634387,171.32924,73.98058,8.3976
142635135,171.61784,73.933205,9.65017
155876453,175.88503,72.08243,8.9601
326209178,245.75961,72.77237,9.67457
441743003,260.22537,73.0139,7.4383
198488795,195.56418,72.48533,7.8843
313451696,197.84827,73.85591,8.78794
441739020,259.01733,72.161156,9.4682
232521190,192.5638,73.683975,7.939
232521207,192.25774,73.59448,7.759
232521595,192.89806,72.523026,8.3949
232521611,192.93248,72.612366,9.3416
298131328,202.83867,72.65619,9.5183
142589483,168.03662,73.529205,9.859
154486328,185.24847,73.8523,8.7787
219463065,208.41104,73.46599,8.9232
219432838,204.0978,72.856834,9.7526
156493545,218.68797,72.720276,8.8201
160551062,242.11664,73.55986,9.7225
365938088,180.48553,72.8911,8.0624
154564608,189.83757,73.85472,7.6325
219433137,204.51994,72.75165,6.3129
257063450,228.1868,72.75679,9.38308
270494397,231.16817,73.60798,8.1263
160551662,242.33484,72.50893,9.9354
365937982,180.56682,72.36197,8.6222
365937983,180.57341,72.36464,9.1484
219458872,207.05972,73.918,7.6353
160268063,182.72575,73.89083,8.7496
142616194,169.88002,72.91021,9.6877
142616319,169.60768,72.27677,9.0916
142618449,170.3385,72.050415,9.3416
198508838,210.60616,73.38704,8.7579
198508973,210.47496,72.70696,9.52642
160440129,236.97636,73.90864,8.9606
160553906,242.62311,73.88458,7.2708
160535351,241.55626,73.650894,8.0269
160440024,236.81285,73.452774,9.6296
142634648,171.32703,72.685974,9.086
356682848,174.61855,72.51617,8.6129
371767587,172.98761,72.55057,8.7196
232525866,194.52959,72.96332,8.8755
219464660,209.10788,73.263466,7.8623
298071913,199.4666,73.29728,9.60218
371767287,173.33533,73.806404,9.8071
219436860,205.8579,73.830666,8.7647
154511548,186.9046,72.232185,9.8481
371767608,173.35394,72.46587,9.43848
142535517,164.50117,73.6786,7.6723
154566667,190.49548,73.18191,9.6692
142537176,164.8577,73.66867,8.8968
334678134,245.61436,73.80177,9.21011
142489776,161.21432,72.0753,9.8485
142584964,166.42592,73.1194,9.70489
142587751,167.66064,72.77143,9.7515
154511642,187.28598,72.12809,9.5384
154511891,187.48764,73.40172,9.9282
154511727,187.48544,72.58629,10.0
367613079,214.20587,73.34312,9.16385
367613229,214.37679,72.63552,8.4739
219458146,206.3904,73.69256,8.8504
257081367,228.74097,73.22937,9.8773
257081906,228.76007,72.86721,9.4977
257082003,228.79408,73.32867,9.4333
229546854,222.82053,73.43483,8.8364
154561824,188.3923,72.47911,6.9863
313451805,197.93402,73.32233,7.93081
198488960,196.0124,72.402565,7.89986
371768026,173.74324,73.39296,7.8885
154562198,189.13087,73.31867,9.33755
313451710,198.09329,73.780266,9.40409
313452408,198.35504,73.176605,9.7634
198512685,212.47246,73.50362,8.9022
313058239,200.94833,72.83887,9.54033
229539127,222.27878,72.76698,8.516
233496110,249.08025,72.78296,9.48922
142616400,170.16556,72.07158,9.767
142537191,164.86357,73.57382,9.8779
142591775,168.79575,73.47667,9.43887
356742298,178.1172,73.34891,7.7785
154548495,187.81332,73.47725,7.7282
154548500,187.59943,73.44252,7.51
154548637,187.73532,72.79089,9.1959
154482490,184.84842,72.07793,9.5579
371791432,174.43848,72.9165,7.9094
257047296,226.53954,72.843895,8.41715
229538648,221.82327,73.52823,6.665
229538787,221.68787,72.775055,9.0663
356742375,178.0285,73.07967,9.5548
313355857,179.49947,73.78172,8.38188
313356073,179.43846,72.99961,8.5225
371791322,174.32532,72.40742,9.8027
371791496,174.53642,73.24534,9.7383
313356280,179.38127,72.19165,9.76727
232521212,192.29205,73.58645,8.41629
142566413,165.97133,72.4685,9.9888
142590224,168.5162,73.90966,9.1104
142618586,170.99632,72.63036,8.221
365930948,176.76285,72.86426,9.8192
365931059,176.5678,72.26433,9.8396
160270270,183.24965,73.31063,9.11762
142592046,168.7438,72.00842,7.6638
154568734,191.29881,72.12318,8.55595
154568797,191.32838,72.44646,9.401
154564256,189.57173,72.12632,8.3678
198511979,212.07307,73.85841,9.89202
198509325,210.96046,72.94567,7.80238
462554834,230.78957,72.96491,8.68531
257060831,227.3217,72.45457,9.10553
160493795,239.71294,72.57541,9.39261
142591776,168.79959,73.475204,6.6616
142562716,165.32918,73.84066,9.79867
142566829,166.20479,73.45617,8.38842
154563894,189.15846,73.29851,9.48351
154563947,189.18233,73.05648,9.18734
160227822,181.99097,72.96444,9.84193
160227884,181.80463,73.32858,8.24395
257060832,227.3157,72.45472,9.81641
198510443,211.87636,73.39768,9.7121
154487219,185.89052,72.32594,6.979
160229467,182.4032,73.578835,9.9916
219463041,208.5893,73.31334,7.0049
219463073,208.39536,73.49988,9.774
160044212,213.44124,72.61665,8.7351
270494308,231.0966,73.94884,8.45619
365938093,180.69144,72.90729,8.9521
219731141,229.48228,72.48612,9.4377
160418603,234.07188,73.40389,9.75778
160551680,242.25966,72.559105,9.5909
142489899,161.4664,72.28796,5.5349
313339787,179.09093,73.52271,9.6859
365950070,180.9436,73.64463,9.1883
198510244,211.59239,72.45725,9.3815
313339524,179.07649,72.58343,8.6366
142618759,170.79518,73.532646,9.3312
313339565,179.07545,72.75715,9.93989
156508492,219.74086,72.29012,7.57802
334677728,245.26793,72.316895,8.76034
156508440,219.81981,72.537,9.48467
160551155,241.75069,73.25334,8.6752
219433188,204.43169,73.008194,9.9512
156493624,218.90593,73.09413,9.69254
199505279,213.77646,73.33367,8.3035
367613648,215.00197,73.11999,9.35806
367613745,215.03725,73.52268,9.2985
233501933,250.50876,72.46518,9.1518
229669567,251.6456,72.517365,9.19774
219435111,205.06604,72.00585,9.87248
367613718,215.2369,73.39695,9.631
219464701,208.95828,73.04779,8.485
219730852,229.36972,73.87641,9.7066
270494569,231.30121,72.84744,7.80977
155876459,175.83966,72.10953,8.5701
142519130,163.3552,73.1576,8.4414
142519281,163.33754,72.465614,9.8012
142490137,161.32828,73.52289,8.6719
233504762,251.30714,72.826195,8.22989
155894736,176.48395,72.095726,7.6737
257047338,226.62822,73.00141,8.7773
160534539,241.0012,73.14837,6.375
160269649,183.10062,73.72448,8.47346
160269750,182.96089,73.20379,9.17745
142585273,166.88847,72.12492,8.2539
142585459,166.94739,72.95374,8.7553
154570705,191.60463,72.910324,9.52014
257023329,225.22302,72.30398,9.0813
257046629,226.28038,73.89187,7.4779
156511150,221.07678,72.77129,9.28049
257047503,226.55792,73.82112,9.7475
219731575,229.82805,73.253494,9.911
142519531,163.68994,72.45223,8.2105
142519842,163.76236,73.98904,9.6932
459188138,183.59293,72.862946,9.2562
298129102,202.69264,72.75471,8.9193
219458128,206.5379,73.76358,9.3605
198514308,212.7734,73.34751,9.034
142587549,167.21849,72.04567,7.6026
142587727,167.93057,72.65781,9.2709
142587827,167.8704,73.11528,8.41654
154511742,187.56119,72.676315,8.5434
156462252,217.13268,73.0551,8.5162
257081848,228.84236,72.60801,8.59523
198486699,194.76004,72.96315,9.83836
156462250,217.11732,73.051865,9.8349
142535403,164.75806,73.13252,9.6265
142534853,164.33128,73.15638,9.0704
356682857,174.9082,72.54999,9.1604
198493064,197.54036,73.961,8.91738
198493065,197.54109,73.96876,8.33659
356683052,174.83856,73.65341,8.4709
142487555,160.59247,72.14175,8.8444
142487732,160.60243,72.99753,9.8119
142490115,161.31024,73.37472,9.7255
142491764,161.66098,73.42275,9.7569
154566125,190.25706,73.41326,9.47912
298131322,203.07501,72.66947,9.94328
298129042,202.68732,72.58751,9.1709
356784565,178.89148,72.47509,8.5659
356784584,178.78752,72.388985,7.7225
257060602,227.12654,72.36934,7.2985
356744650,178.66351,73.7824,8.362
356744682,178.91089,73.64993,9.495
356744806,178.7899,73.16917,9.50233
356784638,178.5761,72.149124,7.91371
154548687,187.67755,72.530846,9.0722
229538633,221.90852,73.62846,9.40594
371791509,174.28142,73.32215,9.9227
198492444,197.01988,73.60454,9.9831
160393513,231.80669,72.06714,9.164
198488820,195.72897,72.31139,9.6903
198488850,195.45392,72.12636,9.54242
355977034,179.94019,72.79197,9.9898
154568565,190.80487,72.51315,9.55428
154568659,190.97234,72.070625,7.82534
142618797,170.83894,73.75071,8.31859
142489676,161.13995,72.54288,9.5678
142519290,163.3626,72.40512,8.2823
142519568,163.67987,72.64005,8.3009
142519488,163.89618,72.26823,9.17752
900692776,178.4287,73.7556,6.3445
1102634446,235.31898,75.99273,9.9502
1001560719,218.76329,75.606804,9.4628
950780135,196.34433,75.114395,9.2095
950780136,196.34534,75.11454,9.7473
1718268192,284.55054,75.30129,8.874
1551749198,270.71213,75.79019,6.98499
1201358559,245.31882,74.56359,9.4953
198490264,196.34433,75.114395,9.2095
334678316,245.31882,74.56359,9.4953
233008207,247.59016,74.258286,8.688
229582778,270.71213,75.79019,6.98499
376925360,284.55054,75.30129,8.874
156494189,218.76329,75.606804,9.4628
160422712,235.31898,75.99273,9.807
160618493,246.35178,74.92749,7.747
142562911,165.54828,74.383965,9.014
142564917,165.86629,75.44111,6.1048
229540730,222.67648,74.15555,0.666
233501300,250.57928,74.80374,9.833
160535836,241.62407,75.77691,7.689
154483826,185.16756,75.37488,9.0987
237219910,295.5054,74.80527,9.5003
237234188,297.49203,74.77943,8.1944
237225860,296.3797,75.36504,9.43245
237222292,295.92023,75.32908,7.50969
237211588,294.62686,74.40149,7.819
237231451,297.34116,74.86071,9.7799
237214333,295.02655,74.73083,8.4694
237214342,295.09473,74.75155,9.24694
237214269,294.96646,74.60814,9.25655
237214784,294.7728,75.83769,9.44961
237211184,294.62027,75.28035,8.5251
237211410,294.37592,74.78225,9.29735
237203288,293.48654,74.21052,9.47865
237205570,293.9155,75.67646,8.8767
237205870,293.7041,75.017845,9.2277
237203789,293.21747,75.33102,7.6434
237203897,293.24286,75.60839,7.16608
237214371,294.83218,74.818726,9.9897
237214366,295.0596,74.80422,9.52838
237216663,295.14352,75.31066,9.895
237206223,293.52692,74.29898,8.4709
237205890,293.59323,74.9778,6.98836
237206177,293.7926,74.37749,6.08202
237209288,294.06702,75.74675,6.8254
237201157,293.0786,74.03176,8.7227
237200740,292.7476,74.90812,9.28271
420137064,291.67126,74.09728,8.5446
420176248,291.95825,75.526276,9.6766
237203236,293.46564,74.09993,9.1484
237200974,292.8525,74.417595,9.6558
237200797,292.7999,74.76918,8.17053
237200438,292.89343,75.68773,8.23007
420131304,291.12943,74.136734,8.8652
237203969,293.30264,75.80924,9.5259
420130647,290.97418,75.44478,9.858
420176443,292.26096,75.9623,9.6227
235708649,289.87567,74.49862,9.2225
235708650,289.62268,74.49792,7.8224
235683193,287.5078,74.64006,7.539
235682816,287.45178,75.646095,9.3063
235683358,287.53287,74.24252,9.7138
420130458,291.0277,75.8511,9.7183
420130844,290.90466,75.01489,7.56906
420114449,290.7019,74.11974,9.6675
420131220,290.87103,74.31834,9.8899
420136661,291.59866,74.87757,9.2211
420136702,291.6972,74.80461,9.6134
420136361,291.9212,75.54768,8.5332
237201068,292.91968,74.24182,7.324
237208671,294.0554,74.40358,9.8659
420136585,291.73013,75.03431,9.59908
420136838,291.8147,74.521904,9.52583
362259538,286.74185,74.72744,9.6361
394129213,289.1663,75.48756,9.901
394129745,288.93546,74.40411,9.19873
420114597,290.6377,74.45714,9.5331
394129200,288.81335,75.51171,8.8179
394129404,289.07556,75.07133,9.6705
267542510,289.33655,75.69042,8.7692
420114727,290.57126,74.677704,9.92194
394120087,287.892,74.63169,9.9561
420130716,290.82742,75.28751,9.61124
420130696,291.01294,75.34505,9.9532
235708658,289.6351,74.47217,8.1016
394119956,287.90048,74.88245,9.5004
267542868,289.2684,74.9268,8.8245
267543197,289.51172,74.30385,8.28176
267542473,289.53958,75.75968,9.9719
267542626,289.34842,75.4154,9.607
362257289,286.28732,75.54464,9.4355
362259684,286.53238,74.43476,9.3112
235683241,287.3012,74.53575,9.2834
362259863,286.74496,74.06573,9.6494
362257470,286.3185,75.95425,8.1696
235683081,287.26035,74.96074,9.8941
394119459,287.81613,75.93798,9.4249
362259855,286.4471,74.090515,8.76847
362257036,286.1282,74.95741,9.9774
362256872,286.2637,74.55967,9.35654
376925533,284.55978,75.76405,8.0482
394129109,289.16757,75.71702,9.7882
235673805,282.86432,74.51587,9.59337
235678769,285.53177,75.48352,9.3611
420111755,289.99942,75.00765,9.0219
235683236,287.33234,74.545364,8.976
394129669,289.13248,74.5338,8.2533
394123240,288.52713,75.03084,7.13838
420114700,290.6852,74.6337,8.7828
362225531,285.9718,74.47511,9.72335
235676553,283.13223,75.74585,9.309
362225670,285.90546,74.216225,9.89168
362256860,286.11453,74.53339,7.3125
376882796,284.2546,74.14422,8.804
420107870,285.00568,75.056915,8.50508
362224906,285.8677,75.76369,9.9345
362225554,285.96307,74.433784,9.608
335966219,282.04407,74.00877,8.6672
362225604,285.94174,74.33313,9.8286
267542959,289.49185,74.75425,8.1019
420107628,284.92136,75.633,9.9964
229617663,278.30582,75.59121,8.07104
229647826,280.3618,75.29976,7.2062
362259837,286.7364,74.12585,8.82367
235678524,285.3541,74.79798,8.7386
229645849,280.0939,74.760345,9.8086
376924861,284.5488,74.23459,9.5775
424388888,281.0017,75.21693,8.94483
420108125,285.23215,74.51381,9.0866
376924820,284.6567,74.13292,6.73668
229619436,278.7932,74.87957,8.3959
336007473,282.46307,74.096535,6.9987
376870043,283.37427,75.07067,8.1962
362225652,285.72284,74.24545,8.8541
362256906,286.10382,74.629425,8.9144
424388628,281.03998,75.99094,9.4287
229641606,279.35397,75.83342,9.30139
229645654,280.13428,74.33796,8.99732
376870219,283.37888,74.601944,9.241
376869778,283.38852,75.78735,6.7866
336007689,282.16785,74.50153,9.41017
229646135,279.98834,75.49062,9.7336
376869780,283.38452,75.786125,7.51157
335965870,281.77686,74.7254,6.41287
335966183,281.7195,74.085266,8.6558
235685793,288.31525,74.14449,8.4515
229641091,279.38943,74.32851,5.8621
341873554,275.35806,74.04805,8.06009
229619236,278.7434,75.41611,7.1424
229650508,280.68735,75.13508,9.888
367853938,276.42178,74.884766,7.42576
356821587,269.43704,75.976974,9.5335
229613314,277.5405,75.961914,9.3412
229643396,279.65985,74.8742,9.6521
235676238,282.98712,74.794334,9.09107
235675938,283.26868,74.08827,6.5307
229617340,278.23978,74.654495,7.80685
229650745,280.70157,75.88033,8.6901
367856353,276.9011,74.446014,9.19239
420112174,290.26324,74.07855,9.8577
235685570,288.33267,74.68661,9.807
420112152,290.27597,74.130974,9.7338
329170429,268.0119,74.7733,8.384
229619403,278.9434,74.94077,9.71766
229638943,278.88248,74.645325,9.1338
229643655,279.54233,74.11564,9.4594
229643470,279.60736,74.625496,8.24631
235676117,282.9452,74.460495,7.85826
420108194,284.98108,74.358284,8.53195
424391564,281.5927,75.43395,5.3451
367839104,275.89655,74.982254,9.34995
229641441,279.1971,75.34482,9.8066
229590453,272.07877,74.845505,7.7973
229641533,279.25732,75.596436,9.1388
229615304,278.23245,74.204285,9.78593
376880154,283.84988,74.66777,9.1175
441792937,263.17184,74.22732,5.65889
341874090,275.3141,75.548805,8.4797
336007451,282.35095,74.05903,9.8176
441794569,263.48087,74.64081,9.8819
229619470,278.9551,74.80341,8.0143
357517143,267.97522,75.63737,9.81255
367839163,275.9168,75.09733,9.7843
367839275,276.00992,75.382286,8.53427
229619206,279.00504,75.50666,7.97023
356785590,268.53345,74.20769,9.9149
229594357,272.88492,74.39149,7.4996
229594218,272.76456,74.00169,8.3991
229594851,272.80145,75.77172,8.182
229613035,277.6109,75.11714,9.074
424389184,281.13574,74.36821,9.4403
424391070,281.44485,74.08555,4.43409
441811087,267.23975,75.73256,9.6646
424384041,277.16998,74.78224,9.8982
229615016,278.12918,75.01703,7.90029
424388763,281.02542,75.55806,8.9664
376880459,283.79877,75.43089,8.8345
229648193,280.3567,74.38938,9.98854
229643541,279.72714,74.43864,9.9834
229641320,279.08914,74.954414,9.2396
229592265,272.52307,75.26483,9.8698
229592273,272.55594,75.23748,8.442
229592446,272.3988,74.71069,9.4135
229608897,274.63293,75.38063,9.51395
441799729,264.6892,75.91427,7.21586
441800034,264.77432,74.888824,8.5657
441800221,264.84842,74.36702,8.1269
441805606,266.0109,74.587074,7.1479
441798202,264.49826,74.370026,8.5603
441800239,264.65674,74.317024,8.9934
321600757,269.596,74.525826,9.88209
441798471,264.37317,75.313065,9.15474
229592054,272.42178,75.90299,9.6833
441798189,264.22836,74.34018,9.3383
441801962,265.22037,74.62933,8.7844
229617363,278.4342,74.73849,8.46302
441736450,258.83444,74.69145,7.6927
229584481,270.82626,74.23805,9.9632
367838801,275.85495,74.20197,8.9925
441807493,266.36957,74.70301,9.1187
229594343,273.02548,74.334045,6.7991
441792647,263.12543,75.091576,9.2083
229588368,271.57806,74.65645,9.4392
229614772,277.96713,75.69883,7.8169
441794426,263.3309,74.22774,9.4775
441798524,264.48553,75.4833,9.82997
229594746,272.9447,75.451744,9.47359
229588015,271.75754,75.650826,8.6891
441790660,262.7696,74.22116,9.6714
441736768,258.84534,75.72974,9.16268
441732942,257.95297,74.600815,9.6223
229590351,272.1641,74.60981,9.2798
441732984,257.87668,74.773575,9.3197
229590203,272.27158,74.20938,9.5488
367856395,276.90448,74.548935,9.99113
424384056,277.23703,74.7554,9.04712
441768062,262.12097,74.500175,7.9988
229582780,270.6864,75.79106,9.38199
229582777,270.70618,75.78959,9.70259
321600459,269.62064,75.64043,8.1914
229606602,274.20926,74.59695,9.0339
229606609,273.95602,74.58294,9.6455
229596329,273.12732,75.176704,8.48624
229606791,273.92923,74.105316,9.31633
229598425,273.7618,74.23141,9.29
229598631,273.55655,74.88735,8.6831
367856228,276.9813,74.184326,7.8558
229639058,278.9853,74.3223,8.1062
229580508,270.0973,75.57827,9.5693
229580544,270.25488,75.438934,9.68
229598823,273.66336,75.40679,9.55752
229598934,273.66913,75.76527,9.0903
367853801,276.3014,75.28672,9.37641
424383773,277.3282,75.61479,9.62734
229612809,277.68195,74.60202,8.09982
233499860,250.32979,74.407845,9.4147
441765950,261.36304,75.7619,9.2744
441807376,266.12082,75.05737,8.5315
441807480,266.41537,74.734436,8.9186
329170577,268.35846,74.39218,8.2216
356787947,268.83823,74.29361,9.1714
441803490,265.65674,75.53936,6.9579
367839126,275.8602,75.02672,9.4835
441803667,265.63718,74.927315,8.9977
441803739,265.4189,74.701744,9.92561
367838785,275.87958,74.167984,8.7378
356785943,268.61133,75.1713,5.5604
441740296,259.77182,75.65439,8.12995
424384282,277.0229,74.19046,9.0941
441807438,266.2077,74.874146,8.8108
441734369,258.46765,75.81917,8.6649
441809619,266.51724,74.95577,8.5998
229582427,270.40997,74.68427,9.6662
441715039,253.74164,74.4756,5.8826
441788632,262.2327,75.58524,8.1602
441809538,266.5635,74.7127,9.7719
356787793,268.79147,74.69437,9.8427
229582353,270.7184,74.51724,8.7226
229582807,270.41803,75.875755,8.054
229586495,271.36945,75.27688,9.043
367682106,246.98282,74.313644,9.69677
441715008,253.68147,74.58327,8.5007
441802006,265.26782,74.745544,9.3939
229586343,271.25882,74.789955,9.47672
367839043,276.10175,74.80865,9.7971
441807292,266.31573,75.33244,9.8192
229598910,273.69406,75.68539,9.95745
341873898,275.28827,74.955315,8.9915
341874109,275.2017,75.597824,9.731
341873994,275.3995,75.23184,9.9325
229673019,252.38213,75.3793,7.11722
441719848,254.9259,75.25505,8.71949
229608720,274.65103,74.86259,9.49486
441792358,263.1262,75.98849,7.1361
441738410,259.2403,74.146774,7.39886
229596542,273.45242,74.4813,9.0813
229596628,273.4096,74.27096,7.9098
229608961,274.59482,75.59131,9.6169
441736393,258.8744,74.528175,9.2793
229596524,273.34888,74.563644,8.96282
367836197,275.51913,75.86213,7.6082
229608606,274.49597,74.50139,9.4291
441727645,256.74008,75.86896,7.1455
441732797,257.8798,74.13628,8.8222
441733141,258.02417,75.18844,8.7507
229608865,274.36844,75.29489,9.8051
441761006,260.41428,75.23089,9.9557
257023880,225.90895,74.20221,9.2758
160535671,241.61981,74.94437,8.9361
233501381,250.58487,74.47516,7.7327
441790929,262.61386,75.060936,8.0589
441727950,256.86148,74.76284,9.9082
441721516,255.31976,74.44524,9.7472
357516947,267.8439,75.049255,9.2536
441811110,267.19388,75.66966,9.8701
257082238,228.86061,74.37927,9.7146
441717968,254.6124,75.05729,9.78351
441807456,266.08908,74.807625,9.96824
371790513,173.79335,75.09637,9.9687
229674347,252.99141,74.58237,9.99521
371768501,173.40994,75.47515,9.1487
371790702,173.86594,74.241196,8.3761
160423647,235.64586,75.29771,9.8039
160490308,238.87183,75.01682,9.9382
160490459,238.89874,74.361176,8.3218
160490564,238.70483,74.013466,7.7433
441723277,255.59825,75.51182,9.6713
229671525,252.27277,74.20647,9.8952
441733084,257.996,75.038635,9.8036
441733140,257.94254,75.188354,8.907
313484799,199.05536,74.1243,8.6301
154473977,184.10808,74.83512,9.9811
446171767,206.28775,75.2714,8.6531
446171856,206.32199,74.836105,9.5792
160601073,244.34174,74.69082,9.082
160602762,244.81354,75.62782,8.0332
441720006,254.96667,75.87304,9.8786
441720037,254.91394,75.98456,8.4454
334678654,245.49886,75.88713,9.3145
154492510,186.55334,75.71914,6.88288
154562548,188.85936,75.20356,8.5938
154491004,186.20422,75.91315,8.8316
232525001,193.91165,75.5689,7.5684
156496350,219.4534,74.66337,9.7423
462554554,230.77632,74.10018,9.2302
441739908,259.49472,74.44109,9.7077
154548180,187.74303,75.20244,8.7359
313483799,198.65358,74.35952,7.0649
313483801,198.83939,74.34631,9.9805
313483843,198.72047,74.11438,9.02138
257046388,226.08229,75.19865,9.0305
233497034,249.54784,74.65706,8.2072
441719977,254.75641,75.72708,9.20256
441719840,254.86057,75.23668,9.7058
160603848,245.09369,75.466705,8.58965
441721258,255.41714,75.29749,5.8782
441721286,255.11537,75.22515,6.5872
441788616,262.3426,75.637566,8.14316
462554058,230.98895,75.93581,9.55893
233495734,248.89183,74.16426,8.94613
441811408,266.89853,74.57789,9.63449
229588507,271.58545,74.26184,9.303
156457019,216.28769,75.12318,9.5551
156457171,216.50743,75.945656,9.2304
156463607,217.44559,75.853485,9.966
441726292,256.61554,74.73195,9.0433
156463699,217.39468,75.39419,8.1667
156463887,217.73631,74.38742,8.1049
160474305,238.03705,75.98517,9.3493
233006527,247.58534,74.258514,9.3744
233498415,249.82437,74.89732,7.9125
233498568,249.6427,74.28978,8.6615
356787483,269.04108,75.69395,7.5455
441726485,256.31873,75.50132,8.1825
199504894,213.71849,75.61702,7.8121
232520913,192.28513,75.54488,9.7528
219435593,205.49417,74.6205,6.8252
156455643,215.98051,74.994606,8.6066
156455853,216.1272,74.10591,9.5526
156491656,218.00829,75.27674,6.223
156491661,217.94554,75.2922,9.0381
156491636,217.85945,75.206635,7.9048
219734219,230.47417,75.40687,8.4789
334678394,245.32518,74.78939,9.6056
233006795,247.39424,75.396194,9.59261
950787090,188.01382,74.81249,8.6236
156458002,216.88145,75.695984,2.98741
156458249,216.77081,74.414215,9.5034
160553596,242.78075,75.14427,9.6212
441762376,260.76398,75.51912,9.9517
441762631,260.7876,74.516754,8.7116
441807240,266.14774,75.507805,8.09556
441741702,260.17072,75.00556,9.76762
441731411,257.43616,74.232765,7.0885
441726213,256.27704,74.42997,8.7477
229580731,270.0824,74.66097,9.3941
219730598,229.19594,75.25938,7.2883
256980170,223.07483,74.13765,9.3965
160518383,239.83147,74.237366,7.9002
233009811,248.2501,75.65746,9.0251
233504178,251.51173,75.022995,7.6288
219465534,209.23598,74.70445,9.0931
160490489,238.74217,74.26592,9.6063
441734844,258.51932,74.12273,8.945
441726233,256.50684,74.52901,8.86937
441794756,263.48877,75.21733,7.0668
441801785,265.02637,74.013756,9.9221
160553712,242.88452,74.653046,6.6038
334678406,245.4844,74.82938,7.5594
320324154,246.5557,75.1583,9.2774
441802076,265.01578,74.98433,9.96887
441796404,263.92902,74.7201,8.4626
441796418,263.9186,74.68281,8.2653
142614695,169.34032,74.3379,6.8121
142614886,169.29091,75.35309,6.43563
160228076,182.00029,74.37023,9.0793
462548292,214.6538,75.66882,6.81164
160490175,238.8573,75.606476,9.222
160490188,238.75458,75.574295,6.13282
160490496,238.8335,74.24274,8.2643
160599736,243.85786,75.2639,8.33953
160603780,245.1234,75.816795,7.30406
142591525,168.81067,75.09557,9.4914
142591682,169.02176,74.02331,7.6328
229674074,252.74121,75.65841,9.8605
142614975,169.45221,75.957405,9.9584
233010801,248.55411,75.98214,8.7906
321600811,269.58224,74.35524,9.0551
160377020,231.81306,75.18093,8.2563
160377154,231.59515,74.56744,9.5512
160377206,231.5328,74.32358,8.4616
441764623,260.97348,75.4576,9.04545
229675667,253.40245,74.48781,9.18077
367613916,214.9987,74.34639,8.933
233502816,250.9184,74.89321,9.78457
356821432,269.36273,75.51351,9.8117
154549250,188.02995,74.48955,8.1627
154549243,188.18723,74.45795,9.55566
257046331,226.10504,75.49212,9.3666
156458210,216.81577,74.62542,9.32209
441762590,260.66968,74.66291,7.37295
357516811,267.8536,74.569084,6.47072
219733216,230.23582,74.028435,9.6854
156511630,221.23967,74.89184,9.9555
156510185,220.80634,75.822876,8.63508
441723333,255.79404,75.701645,8.79497
441801911,265.23328,74.4475,8.75949
441726381,256.4998,75.10347,6.8439
160227070,181.6331,74.67145,8.36566
313244303,203.54182,75.797615,7.7932
232526332,194.23543,75.47258,9.3033
441741529,260.07196,75.6418,9.30278
441741602,260.0188,75.37603,9.45
160226848,181.39233,75.81885,9.80223
156495065,219.22624,75.561935,9.91431
232525116,193.86449,74.902725,9.6968
441741600,260.02423,75.37772,9.94846
446171745,206.02008,75.36161,9.17605
313484960,199.01836,74.939186,9.22677
160600809,244.37613,75.75534,4.6136
441792834,263.27658,74.56734,9.885
441796625,264.04263,74.00913,7.31592
441729452,257.31882,74.18364,9.9531
313451346,197.85751,75.590706,8.3497
462551414,224.42212,74.37325,9.1383
160599701,244.02505,75.14288,8.1792
326209538,245.71056,74.09207,8.4597
326209541,245.89874,74.09924,9.5345
326209848,246.04912,75.330765,7.9168
233502697,250.84804,74.37504,8.9014
229675701,253.09311,74.64579,8.0576
441737978,259.224,75.70192,9.9276
441728026,256.94278,74.4981,8.1645
154565950,189.9866,74.42078,6.7519
154565951,189.96121,74.4202,9.9963
160521535,240.93059,75.07335,9.7458
367682119,246.8845,74.368805,8.6577
441762443,260.92975,75.19587,9.84127
233008090,247.64345,74.6947,9.3416
309998110,213.83351,75.60074,8.1768
219732985,230.06668,75.12922,8.6159
270493913,231.25089,75.59993,8.779
441794430,263.3568,74.2336,9.4594
156495294,218.98572,74.283356,8.32167
160377003,231.87065,75.25584,9.56155
458460656,233.31529,75.42411,9.07147
233501202,250.69614,75.23791,8.9342
441734446,258.5162,75.55249,9.4539
199504922,213.58542,75.40819,8.94066
232520911,192.44183,75.550735,9.4341
219435803,205.4206,75.80156,9.44839
441731185,257.70514,75.09782,8.13069
160584159,242.93079,75.94466,9.5408
156464889,217.86554,74.041306,9.3898
257061498,227.26279,75.245514,9.88188
257048973,226.89331,74.58231,9.4725
441761158,260.4111,75.83361,9.7736
219433431,204.67113,74.31009,5.2008
219432404,204.10925,75.54204,9.6287
160583993,243.13373,75.21068,5.2603
160599509,244.07639,74.32703,9.7428
160599683,244.01875,75.07086,9.4613
219462247,208.08054,74.84668,9.30954
219462363,208.06244,74.13748,9.1656
156463865,217.39528,74.485344,8.0922
160440377,236.98196,74.89399,9.5246
160553482,242.66068,75.67795,9.7341
441714956,253.723,74.76032,8.78446
232524196,193.56035,75.409294,6.15156
232524220,193.51569,75.59402,9.1458
156494149,218.79459,75.41703,8.521
160420887,234.90001,75.272865,7.2959
160473170,237.645,74.780304,8.7246
160473281,237.4232,75.2555,9.8165
160533910,241.06523,75.786385,6.4029
160534207,241.0651,74.4842,9.7911
142589095,167.94409,75.672424,9.2687
371791758,174.37903,74.450714,9.6204
142564732,165.64064,75.90264,7.797
371791885,174.24377,75.11904,6.6156
371792050,174.34427,75.87799,9.2414
219467777,210.17488,74.72334,9.6094
286150409,200.20105,74.52508,9.6598
286150617,200.40495,75.750496,8.8977
233008232,247.93678,74.11509,8.649
356683311,174.89917,75.02949,7.3289
198514070,212.8563,74.54572,8.415
257079903,228.21213,75.471146,5.9233
462551110,224.62294,75.70794,9.9768
219734214,230.6187,75.39166,7.5446
367682011,247.08923,74.01561,8.8143
356683332,174.69548,75.16017,9.5365
415008989,175.28871,75.47263,6.5915
142591515,168.98296,75.14294,5.4271
160490168,238.6021,75.63235,8.04683
160490151,238.59637,75.755035,8.8416
154492378,186.52701,75.02446,9.85087
257022632,225.2876,75.677826,9.8588
356736649,177.4893,74.703354,9.4827
298159473,203.928,75.55453,9.7449
298159489,203.7556,75.48944,8.7905
257022800,225.45325,74.83048,7.8432
257022842,225.41586,74.584564,9.8176
257001982,223.32597,75.30391,9.9065
160601240,244.44258,74.066925,9.7114
160471599,237.33804,75.331604,9.4577
160471782,237.35172,74.51259,9.6512
160489074,238.47914,74.81279,8.0767
371755154,172.80862,74.2366,9.6347
356736551,177.36404,74.225006,9.6135
371753953,172.41298,74.92285,8.6932
160438793,236.47047,75.603836,7.9569
371790487,173.98347,75.197365,9.78636
142588240,167.78145,75.340866,8.196
233504086,251.3954,75.41844,9.73764
160471808,237.04149,74.414116,8.1223
160553438,242.70636,75.877556,5.58658
160410789,234.02435,74.20232,9.2131
160471611,237.02245,75.28575,8.67724
154566854,190.65125,74.19559,9.7631
154565804,189.95992,75.18334,9.1144
367614026,215.05153,74.87522,7.7422
367614063,215.34099,75.06089,6.79523
160552281,242.12672,74.80326,8.7783
326209954,245.93492,75.82823,8.8113
198490412,196.28508,74.28018,9.6297
160395448,232.34981,75.14937,9.8218
372759174,175.03122,75.84843,9.8138
372759341,175.06804,74.77912,9.4341
142536836,164.89586,75.47478,6.3895
142536848,165.03398,75.42876,7.5137
142537012,164.78876,74.51824,8.7846
219467917,210.24951,75.45516,9.8382
462552846,225.03426,74.97676,8.1352
142585938,167.03316,75.572716,9.3113
257022710,225.25435,75.26188,8.521
462538403,202.37129,74.986176,9.93896
309998136,214.04413,75.43508,8.88371
198488414,195.74037,74.53717,9.6014
446171631,206.08147,75.92673,9.92836
229675950,253.46642,75.62168,9.7255
441760914,260.19864,74.92317,9.778
160618494,246.34737,74.92761,8.90968
160618495,246.21101,74.93525,9.01081
441738064,259.103,75.41022,9.74606
313451645,197.91272,74.118935,9.97031
229675610,253.40909,74.2917,7.35731
198488203,195.44365,75.74321,9.9314
298071660,199.57034,74.56473,9.05719
446171620,206.23012,75.960304,9.56046
229675777,253.25401,74.93289,8.20224
229675893,253.23016,75.39281,6.51721
415029912,184.05174,74.72007,9.7586
154549302,188.01227,74.81153,6.6863
219434521,204.91035,75.10564,8.9063
219436619,205.61583,75.33112,9.6839
298071518,199.33536,75.29598,9.0597
298071718,199.42267,74.279015,9.2162
219462170,208.02829,75.278244,8.2473
257079737,227.98718,74.71459,9.9476
257061444,227.53564,75.03622,9.7465
229674058,252.90196,75.72108,8.6438
198491261,196.63527,74.75441,8.78226
313355749,179.32791,74.26329,9.6094
298074138,201.29204,74.195335,8.6718
156494244,218.90256,75.874626,9.81519
142563115,165.23807,74.930336,9.1658
160227006,181.29271,75.01301,7.9936
198510567,211.72989,74.08215,9.358
257005016,224.20148,74.900925,5.96761
257062553,227.60107,75.07744,8.3988
160407795,232.86081,74.154976,9.4809
142635350,171.64308,75.21509,8.883
356683318,174.77586,75.06125,9.027
219461251,207.6859,75.21702,9.65135
219461309,207.78711,75.495155,9.6651
219734037,230.35793,74.260994,9.3034
356683181,174.64778,74.34233,9.9859
219460005,207.54732,75.1873,9.93043
219461048,207.87662,74.17368,9.6124
462551157,224.67578,75.52466,9.9593
219734109,230.3661,74.75891,9.36375
365949786,181.18904,75.34926,9.46
441716374,254.07874,74.28262,6.6041
142565281,165.95885,74.38461,8.6237
298129768,202.4184,75.5992,9.2304
142562926,165.31374,74.42665,9.7768
371767006,173.3426,75.18173,8.2748
219464154,208.81746,75.85843,8.7781
298091212,201.72354,74.2521,6.9472
160520074,240.16599,74.308556,7.4827
365930577,176.7069,75.09161,8.61
415009775,176.85214,74.55698,9.9806
415009843,177.00237,75.015236,9.4877
371766924,173.11916,75.60533,9.8724
371767223,173.05928,74.17038,8.7414
142534605,164.36493,74.33635,4.33191
142589336,168.02617,74.28894,9.8773
219464371,209.06296,74.71238,9.1583
365930459,176.65909,75.74228,9.3562
371766934,173.1918,75.56438,9.24891
160602798,244.7678,75.761765,9.26773
160270458,183.51302,74.24429,9.8056
160409545,233.7806,75.72524,8.3777
219432548,204.16815,74.55741,9.9732
219432606,204.10698,74.17487,8.2134
156493920,218.79543,74.34306,8.6004
156493972,218.7928,74.58298,7.3211
156494115,218.6302,75.28112,8.2271
156508073,220.09508,74.32134,9.0474
160550586,241.94582,75.667175,9.6612
160552387,242.4071,75.305084,8.6144
160425336,236.09431,75.550545,9.2267
142615793,169.86394,75.086815,7.21679
198507608,197.52913,75.410866,9.1171
156510422,220.88329,74.6926,9.7795
160440300,236.61295,74.5479,9.8925
219460036,207.46529,74.974174,9.5912
154512022,187.53677,74.125145,9.164
313110018,211.23857,74.26254,9.0692
257061584,227.49309,75.67389,9.4989
160409451,233.80379,75.337875,8.3384
313109931,211.37704,74.71533,6.5196
142590417,168.71642,74.94475,9.2255
142634108,171.33455,75.678406,8.7437
160493339,239.63664,74.29921,8.9145
232521084,192.43056,74.33523,8.7114
198509760,210.92752,75.5163,9.9476
257022681,225.48766,75.40444,8.1976
155894367,176.4659,74.073746,8.6399
355977542,179.97842,75.38471,9.4696
198509725,210.70909,75.21702,9.2472
257022826,225.46733,74.682594,9.5166
257047635,226.49829,74.367714,9.9706
160518800,240.02959,75.97311,9.781
160552210,242.35501,74.4674,9.6378
160552226,242.2967,74.55386,8.9324
142586010,166.78642,75.9399,8.0667
142586767,167.18193,75.83535,8.1641
142586892,167.29306,75.163124,9.5336
371755364,172.69392,75.36917,9.7342
154550225,188.58705,75.64134,9.037
154550280,188.662,75.321556,8.5931
154550298,188.42793,75.21252,5.8809
356743150,178.46475,74.50197,9.2587
356744228,178.58258,75.8932,8.7979
356744534,178.70041,74.48202,8.4247
365937407,180.1576,74.56545,9.7938
154483982,184.92766,75.79602,9.9618
298091235,201.82045,74.37544,8.3784
462538427,202.41519,74.88069,6.5181
257002934,223.75064,74.88121,4.9703
257004995,224.21368,74.774185,8.0821
257005035,224.29697,74.941315,7.844
233497306,249.50803,75.81197,9.62147
219730758,229.47368,74.46343,9.1595
219731897,229.70862,74.85807,6.6721
371791893,174.4507,75.12862,9.6961
298073824,201.33694,75.98272,8.1033
257022645,225.36467,75.608894,9.9527
233501332,250.66173,74.70766,9.80292
298159713,203.72357,74.500404,8.708
357184039,172.0052,74.95657,9.21762
462548238,214.92154,75.88595,9.5477
298129597,202.77559,74.81168,8.4268
219730823,229.34425,74.04514,5.77587
142503130,162.6732,74.167755,8.44894
154565831,190.18253,75.002365,8.45513
160473368,237.55568,75.57895,8.5661
356743231,178.15889,74.9651,9.409
154565894,189.93842,74.690285,9.8891
219433407,204.44519,74.216576,9.7893
160473130,237.60486,74.606575,9.8183
154510935,186.82982,75.40384,9.365
142616825,170.09564,74.42049,8.3477
154490164,185.93398,75.71607,8.27777
154490201,185.90579,75.86642,8.70476
154569230,191.22374,74.61552,8.82266
219466517,209.5843,75.563484,9.6843
313451391,197.99559,75.30601,9.35815
160602772,244.48524,75.65968,8.73712
371768290,173.55988,74.69562,9.8112
154569454,191.21568,75.81374,9.7597
229867567,177.06766,75.51926,9.52942
154512241,187.37599,75.25367,8.6022
298129606,202.75797,74.84386,9.8498
198510576,211.56892,74.147865,8.5421
142619015,170.79729,75.07494,9.5975
257062406,227.62758,75.69906,9.3761
219435563,205.34196,74.48541,7.5104
219435542,205.43523,74.32047,9.18488
219435760,205.4896,75.59366,9.3419
160409532,233.46751,75.65967,9.84396
160409535,233.84023,75.67033,9.3589
160410686,234.21623,74.71274,9.4734
160550553,241.7468,75.85125,8.57721
270494184,231.32475,74.4528,8.4876
219459160,206.86476,75.58563,7.7818
365938305,180.72914,74.061134,9.5966
160409246,233.57037,74.56973,9.6966
154564715,189.53471,74.484795,9.6002
154564830,189.65886,75.2135,9.7445
313109766,211.18579,75.42239,9.47658
270493951,231.13602,75.4521,9.02143
160409183,233.57184,74.33609,9.072
160410813,233.99826,74.079636,9.0994
142536962,165.09482,74.78807,7.8389
356737803,177.7316,75.356026,7.67873
219432334,204.16989,75.90869,7.5971
160550735,241.86052,75.00971,9.01187
219463237,208.7086,74.36114,9.9425
219730670,229.17905,74.899475,9.11186
232521096,192.40532,74.216156,8.4294
298130822,203.1709,75.00689,8.9898
219464467,209.0141,74.24707,9.7544
313355736,179.66916,74.32472,9.6912
198509736,211.0661,75.384926,9.9076
142588183,167.77081,74.986206,9.2053
371766911,173.28922,75.65241,9.5753
156462823,217.2555,75.766045,7.2742
229539448,222.27708,74.397156,9.9682
229539731,222.38051,75.865166,9.0523
229540459,222.69073,75.71444,8.14976
142588232,167.83809,75.26935,8.9077
142588244,167.71088,75.37638,9.705
142588252,167.66579,75.414055,9.9713
313108786,201.00114,75.79655,9.2884
198486253,194.6973,75.47251,5.12132
156458268,216.63524,74.325226,8.5906
219459937,207.38626,75.56701,7.38589
198507635,197.491,75.588196,8.6752
298072822,200.5113,74.54162,9.10747
219459939,207.35028,75.54076,8.6742
160268362,182.48613,75.44778,7.6952
160229090,182.3689,75.68068,9.4954
198488427,195.77422,74.4624,8.2379
154483349,184.9685,74.1668,9.0012
298129419,202.79068,74.022736,9.4115
298130768,202.9147,75.284096,9.5004
154566978,190.46469,74.8367,9.2951
198511612,212.09438,75.85202,9.68251
313109959,211.2378,74.57358,7.6291
156512630,221.64139,75.65651,9.9462
160493316,239.52856,74.369865,9.13586
160493399,239.71509,74.07088,9.01826
154475006,184.70827,75.16056,5.4477
356744480,178.7746,74.74337,9.33821
154548160,187.63306,75.31934,9.9495
154548349,187.8364,74.27853,8.85018
365937287,180.43886,75.198425,8.69683
371790567,174.099,74.82214,9.1126
198492094,197.29971,75.67916,9.08571
198492169,197.31474,75.181625,7.70628
257003086,223.9859,74.06188,9.44507
219731796,229.60725,74.29493,9.33498
229538396,221.96394,74.95503,9.63018
142503145,162.58037,74.0484,9.7382
154483297,184.89986,74.046936,9.9827
198492180,197.063,75.10463,9.7429
257047713,226.73329,74.814316,9.80062
155893120,176.03015,74.43169,9.2686
198510665,211.73485,74.59378,6.29975
198510661,211.5074,74.582664,9.4331
142588098,167.57474,74.5193,9.54269
371766888,173.30894,75.76995,9.42361
154568245,191.01353,74.135826,9.8789
156462507,216.9839,74.24104,8.89985
198487569,195.0069,75.9305,9.8489
142588315,167.64258,75.68711,9.758
142534629,164.11172,74.26797,9.9582
160268226,182.4462,74.661354,5.8627
160268430,182.8165,75.796684,9.9783
160229387,182.41287,74.1032,9.3405
355977318,180.02399,74.21898,9.30294
142586766,167.17992,75.84979,8.6036
160419588,234.61272,74.66965,9.8677
257047932,226.72346,75.98529,8.19547
257047847,226.44092,75.549286,9.663
298129775,202.47026,75.61898,8.4576
298130961,202.9537,74.37036,8.31459
1102642384,236.01468,77.794495,4.26618
1102647446,230.06023,77.913445,8.0761
1001595320,214.43295,76.79633,9.08656
950805322,192.02689,76.72408,9.2086
1718274581,282.8495,76.24316,8.9041
1401093064,266.54312,76.482124,9.52726
1401093065,266.5453,76.4825,9.65109
1551761153,274.9047,76.60405,8.73157
219730266,229.33305,77.18494,6.741
219732512,230.06023,77.913445,8.0761
367603601,214.43295,76.79633,9.08656
313354770,178.83253,76.86441,9.836
229610005,274.9047,76.60405,8.73157
471011933,236.01468,77.794495,4.26618
160440706,236.99544,76.28301,9.018
154562941,189.01181,77.273964,8.084
235673181,282.8495,76.24316,8.9041
424388519,281.24634,76.352684,8.626
441810072,266.54312,76.482124,9.52726
154571733,192.02689,76.72408,9.2086
229642234,279.34958,77.68679,6.576
420134812,291.0789,76.60199,9.532
415017371,176.87645,77.03994,8.0728
415017330,176.89862,76.83362,9.9404
441810984,266.92676,76.04188,9.506
154484741,185.03728,77.89177,9.9873
237204259,293.2169,76.660805,8.1195
237209446,293.96313,76.12877,8.9719
237199217,292.537,76.533455,9.51962
237204204,293.38458,76.46904,8.1453
420135755,291.9222,76.92381,9.81934
420130386,290.9781,76.02082,9.4329
420129036,290.39798,76.5596,3.7864
237205193,293.56824,76.56547,9.78136
237205344,293.52695,76.18543,9.4927
420129284,290.67786,77.14676,9.60882
420129027,290.73502,76.54536,9.8419
420135915,291.87308,76.549164,9.9054
235687279,289.81534,76.48059,7.5533
420136041,291.8416,76.240204,7.715
394128084,288.527,77.676704,9.1193
235682104,287.48257,77.65895,9.8439
235682613,287.4095,76.18285,7.7158
420130116,290.86526,76.7093,8.2987
420111295,290.248,76.197334,9.77429
394123805,288.6613,76.30936,5.7596
394127902,288.59058,77.197075,9.5501
235682272,287.3255,77.13066,9.0534
420134976,291.31256,76.987526,8.6632
420134808,291.35007,76.59227,9.33944
420134670,291.42746,76.28375,8.7941
235682440,287.59598,76.62283,7.99053
235682463,287.29117,76.5605,4.8213
420176773,292.31738,76.73828,9.0558
235686990,289.85574,77.44797,9.0172
362257716,286.3839,76.58201,8.5116
362258400,286.55472,77.42609,7.5251
235687303,289.97443,76.40755,9.2794
394128380,289.0813,77.46365,9.05134
235677203,283.08118,77.80428,9.7308
362258523,286.5819,77.087975,9.6216
267541961,289.38443,76.83748,9.2258
267542072,289.4426,76.61911,7.2623
394128404,288.82202,77.40929,8.4772
394128492,289.16525,77.163574,9.1806
267542153,289.52594,76.462105,9.907
420111264,290.1793,76.25785,8.6082
394119223,287.84518,76.44982,8.5897
235679440,285.45444,77.67578,6.6091
235672737,282.75003,77.499374,9.8202
350695162,287.19614,77.92599,9.59333
235684649,288.11398,77.07502,8.9367
235684720,288.0801,76.8708,7.99557
235672669,282.6772,77.7002,9.3247
420106821,285.0187,77.89389,9.8642
362257791,286.20642,76.78978,9.6943
235676989,282.9532,77.14367,8.0398
235681676,287.19797,76.95723,9.28853
420107253,285.1643,76.61534,9.9518
235679281,285.58127,77.08933,9.1728
376926030,284.48825,77.05082,6.1706
424426734,281.6575,76.96537,9.8106
394119137,287.76398,76.66266,9.3036
394118891,287.87662,77.19142,9.1059
229651120,280.919,77.0731,9.5425
376869359,283.41327,76.960106,9.69953
376869638,283.33472,76.086296,8.82263
376869643,283.40448,76.075874,9.90379
394123912,288.56277,76.51425,8.82185
235687190,289.7185,76.79252,6.2096
229646945,279.90094,77.90244,8.6198
229618427,278.7969,77.92589,9.23641
229642529,279.59805,77.32676,9.8496
229642722,279.76398,76.78189,9.57803
420107279,284.8991,76.53625,9.4829
229646623,280.04736,76.998604,8.9448
362258492,286.47528,77.182526,7.9855
235681690,286.93637,76.99936,9.51942
235681790,286.90726,77.3485,9.7274
267542031,289.24887,76.696434,8.70639
267542032,289.37018,76.69174,9.67132
267542008,289.34668,76.72619,9.45
229614019,277.57684,77.925606,7.5423
229647219,280.3666,77.02514,9.3055
376926251,284.69223,77.69057,9.3461
229647445,280.20343,76.39432,8.7068
229646805,279.9331,77.499344,8.63
424388542,281.30118,76.26192,9.5403
420128868,290.44168,76.16848,9.133
420129409,290.53745,77.46186,9.47944
420129277,290.4377,77.128204,8.7204
341874424,275.2174,76.55559,8.2992
229586794,271.51215,76.16544,9.0116
335965046,281.87863,76.818146,7.8104
367835766,275.6276,76.9892,9.2802
424426670,281.45334,76.747734,8.7973
336008922,282.24963,77.3382,9.9913
229618964,279.00772,76.21494,9.7518
376881022,283.82938,77.03292,9.8082
229583582,270.9034,77.11673,8.3734
229583807,271.0467,76.41356,9.3957
229586778,271.50885,76.13178,7.0459
229647066,280.56714,77.596054,9.9942
336009064,282.15106,77.7717,9.95994
329153952,268.07977,76.00066,7.031
367856948,276.67703,76.13476,9.0417
367856951,276.7713,76.17126,9.9263
229642909,279.76468,76.1856,8.398
229595284,272.7397,77.1923,8.341
229614392,278.1989,76.7461,8.4296
229614595,278.17087,76.1821,9.0739
367857256,276.99298,77.00164,8.3626
229641819,279.40198,76.4589,8.1702
229650869,280.67297,76.25405,8.8912
376869175,283.33554,77.49931,8.1265
288638092,280.03058,77.96736,9.6851
229580390,270.1432,76.043846,9.28292
229613892,277.43738,77.547066,4.65106
229614265,278.14035,77.1326,9.4688
329153862,268.16727,76.30509,9.9367
367839745,275.92432,76.5932,9.65206
229642734,279.5294,76.73047,8.91031
229591040,271.96484,76.65143,9.7987
229591315,271.96194,77.56633,8.62055
229617943,278.44824,76.35621,9.7343
441792132,263.08142,76.66301,9.4801
441768698,262.08148,76.70944,8.20734
441791928,262.9644,77.34261,7.93893
229587435,271.85452,77.59314,6.49283
229613552,277.72128,76.60565,8.7473
441798682,264.19516,76.057526,9.4896
441813922,267.47693,76.97906,9.4635
441813918,267.36264,76.962875,4.5529
441806298,265.84756,76.954735,9.5922
441806297,265.92188,76.94995,9.52319
367857021,276.8187,76.36388,7.6856
424383229,277.4009,77.26876,8.22826
321600303,269.62778,76.204056,9.3878
367840083,276.04376,77.56138,6.16314
424383577,277.35425,76.225815,6.4087
229646964,280.39764,77.94483,8.97355
441736964,258.69516,76.39082,9.2187
356787356,268.91095,76.070114,8.27981
336008453,282.19525,76.24885,9.5171
367856931,276.8667,76.08743,9.98208
229595222,272.74997,76.979004,9.5197
367853169,276.34625,77.085884,9.139
229580016,270.31876,77.84553,9.70195
367857305,276.8383,77.134575,7.982
441810620,267.01053,77.39745,8.3219
229606077,274.09772,76.20796,9.34351
229595781,273.3613,76.8558,9.99621
229591601,272.5511,77.446846,9.6927
229609136,274.54825,76.18317,9.2149
229609099,274.57382,76.04108,8.8462
441806944,266.3497,76.55372,9.6893
329153513,268.26697,77.383965,8.9055
329153604,268.194,77.10879,8.2553
229595786,273.23953,76.8507,7.5275
229595862,273.15814,76.59745,9.7954
229609393,274.31418,77.1414,9.3588
367839638,276.21982,76.28733,9.3853
441720643,255.23265,77.61905,8.9412
357517444,267.95822,76.72931,9.9379
441727298,256.93845,77.22916,9.86113
441810122,266.599,76.671555,9.5655
229586919,271.5403,76.635345,7.4306
229587321,271.58957,77.96142,7.5298
441810716,267.10257,77.02923,6.98298
233500248,250.25655,76.264015,8.5461
329153579,268.32083,77.17249,9.9659
441799240,264.81726,77.79498,9.5282
229583484,271.00726,77.486755,8.25337
288382509,266.17352,77.91889,8.5428
229673411,252.32202,77.15862,9.889
441810968,267.15323,76.103584,8.5254
229609381,274.4382,77.11045,7.3012
441741415,259.95273,76.026276,7.53373
441795922,263.83936,76.39751,9.9404
356786208,268.41275,76.032005,9.871
441737748,259.0708,76.61674,8.7796
329153706,268.0937,76.75378,9.2537
441727161,256.64908,77.78464,9.33519
229591231,272.1955,77.25201,9.02926
441814145,267.46326,77.87293,8.863
233503112,250.9821,76.251724,9.7435
233007430,247.66167,77.44652,5.42511
441810574,267.20786,77.564285,7.8403
441810986,267.13766,76.03939,9.5513
441765480,261.68085,77.3228,9.39649
1102639147,233.12405,76.77358,9.4217
524593265,214.95534,76.70086,9.587
229586763,271.28445,76.08144,9.5437
441788380,262.52173,76.3923,9.26281
441810025,266.6611,76.35344,9.42156
233494936,248.83902,77.75519,6.3236
441720646,255.12492,77.614784,7.5408
160603620,245.23085,76.44698,8.4482
441720981,255.42819,76.27933,9.93681
229583612,270.81967,77.01625,9.72378
441740449,259.5643,76.19898,9.78
441721001,255.22623,76.21412,9.3271
229673287,252.38615,76.572495,8.8407
156457727,216.88977,77.08567,9.244
156463105,217.21017,77.34337,8.2542
160519639,240.39313,76.12143,7.7163
160552987,242.85507,77.83869,9.3605
441765527,261.49637,77.11518,7.57565
441762211,260.8385,76.09509,8.2634
462547979,214.6928,77.140396,6.5853
441720213,254.83662,76.55269,9.1792
462548066,214.9556,76.7006,9.1575
288514163,273.12204,77.90533,9.96892
341874766,275.08395,77.672806,8.5657
341874811,275.2516,77.78309,6.6993
229595581,273.5071,77.57781,9.49843
229605513,273.84964,77.63425,9.7078
341874752,275.10928,77.638916,9.7195
233500868,250.68085,76.73712,9.86907
441802939,265.52875,77.71226,9.6913
257002707,223.93251,76.30658,8.3452
441799694,264.8808,76.0206,9.2897
441802597,265.02982,76.8829,9.64257
334678768,245.39432,76.334206,9.5311
334678769,245.39934,76.335014,9.67956
441765460,261.36383,77.403824,9.13553
219732654,230.05356,77.13928,8.4986
233503400,250.77621,77.51397,5.61
229671059,252.04958,76.29638,6.3772
441791485,262.90134,76.92311,8.4913
229676324,253.32837,77.21832,9.1464
441762205,260.88086,76.10659,9.6536
160376713,231.75873,76.696556,9.9147
257024909,226.2539,76.43068,8.8849
458461097,233.10109,77.67103,9.68247
458460917,233.12582,76.77366,7.58889
441810261,266.81454,77.159546,9.9846
160550501,241.745,76.078865,9.4061
160474134,238.1754,76.82903,9.70746
257080607,228.60776,76.739624,7.6967
367614931,215.74222,76.66367,7.8414
160423161,235.57494,77.6858,9.3243
160474194,238.1689,76.54251,9.5837
160519586,240.43127,76.26111,8.3859
441730091,257.23898,76.58172,8.7434
257002661,223.67729,76.58935,9.9191
156457298,216.21143,76.58589,9.8264
441791273,262.9171,76.24603,9.13133
441791515,262.82172,77.101166,8.83923
229673520,252.578,77.721886,9.87516
229673773,252.86975,77.0458,9.48694
441795983,263.75964,76.15074,9.85102
233500996,250.5349,76.17122,7.7818
233009941,248.02083,76.176025,8.582
441726910,256.51065,77.11299,8.4245
229673565,252.58746,77.9372,8.10178
356786314,268.5664,76.35094,9.4084
1271367154,250.77637,77.51328,9.2979
441723861,255.99113,77.85548,9.8404
441724181,256.00858,76.472046,9.99075
233500965,250.55511,76.3061,9.8408
313244181,203.51004,76.29589,7.0694
198489883,196.43518,77.69412,7.3719
219732807,230.01358,76.13144,9.3961
219734432,230.55174,76.640465,6.5162
160438392,236.2864,77.46476,8.8871
160473869,237.66046,77.78775,9.6516
160473921,238.04706,77.87156,8.8131
160473948,237.97586,77.70839,6.8405
160474029,238.15344,77.317726,9.7017
160603234,244.63635,77.54869,6.1022
334678792,245.64183,76.44506,5.9311
233007602,247.64499,76.75215,9.978
286167119,200.30719,77.83281,9.8874
160422858,235.09398,76.76394,9.197
160422878,235.31622,76.83892,9.5781
160603568,245.17497,76.68552,8.5979
160603672,244.96822,76.21278,9.6644
371792170,174.56996,76.334915,9.11148
160600179,243.83815,77.32288,9.6534
219730421,229.22694,76.20778,8.7815
219732346,229.88573,77.21,8.6527
219732543,230.2287,77.75435,8.2687
355977840,179.75151,77.049576,7.0867
441714185,253.58238,77.9585,9.8148
441720104,254.68808,76.17019,9.6069
156491887,217.7935,76.5653,7.96992
441724132,256.21902,76.69009,9.95774
441792258,263.0118,76.303566,8.3278
365949410,181.1237,77.42941,9.6981
257024870,226.24493,76.63985,7.4056
160492568,239.51083,77.725945,9.8035
441714582,253.67712,76.2069,9.7838
441724119,255.90439,76.727005,8.92402
441806156,265.77304,76.4229,9.42373
441730688,257.50836,76.85715,9.5781
441761700,260.8057,77.919716,8.36772
441717641,254.30655,76.45611,9.9156
441761635,260.31357,77.723946,8.8756
160376664,231.62276,76.903694,8.6088
160492187,239.31053,76.478966,9.0594
235714240,253.96397,77.959694,6.59134
441737206,258.60483,77.3509,7.03994
441737848,259.0794,76.2166,7.7064
233010284,248.33353,77.68732,7.36743
160423277,235.4988,77.04507,9.0425
229673305,252.30614,76.656296,9.28263
441730420,257.12277,77.978615,9.8477
233010666,248.71588,76.51104,7.4327
441730360,257.3278,77.67834,7.9494
441734235,258.26575,76.31233,9.97139
160307861,188.5656,77.99062,7.8155
462553255,225.16624,76.610275,9.5913
156509984,220.825,76.92495,9.9471
229540364,222.72678,76.20986,9.9889
219732497,229.61107,77.94255,9.87177
160492551,239.46074,77.7936,9.97629
156509985,220.63928,76.92201,9.1441
229540169,222.81023,77.47151,8.6158
219732246,229.67183,76.645805,8.9517
441727261,256.8312,77.41569,8.9403
160228973,182.21178,76.292534,7.2024
232522304,192.79065,76.59672,8.0321
198485987,194.65498,76.99607,9.3085
441734091,258.4033,76.903694,7.75649
415029692,183.95105,76.689896,9.6488
415029730,183.92357,76.30017,8.8836
154510376,186.70892,77.35224,7.0785
198511491,211.90244,76.56014,9.9826
160490014,238.80501,76.42288,9.6658
160519525,240.40701,76.500725,9.5852
233010383,248.62581,77.653946,7.00352
229673635,252.74355,77.659134,9.6624
365949605,181.014,76.340515,8.4305
365949660,180.96931,76.066765,7.44792
367603418,214.3905,77.886894,9.23962
367603596,214.4646,76.83831,9.4186
462548141,214.6352,76.39379,9.3809
160473885,237.71468,77.85826,8.70716
441717161,254.04224,77.65274,6.7301
441720079,254.68373,76.10917,9.08041
298130038,202.47223,76.785385,9.9242
367603509,214.28636,77.33898,9.89582
257080417,228.42477,77.69856,9.5468
298049493,191.40688,77.9371,9.5257
154490626,186.32423,77.739296,8.8723
232524748,193.9641,77.05819,9.7732
441799643,264.52618,76.20544,8.2769
257024702,226.02544,77.37184,7.1957
160492937,239.3743,76.0905,7.4873
313453608,198.66335,76.05449,9.32168
441720075,254.7143,76.0991,9.77013
160618927,246.2146,76.483894,9.8067
441714219,253.52133,77.825226,9.985
233007216,247.43188,77.37705,9.626
233007333,247.70895,77.96124,8.1548
441761684,260.51007,77.978584,9.9668
371768738,173.46597,76.41393,9.4077
313108880,201.11536,76.2954,7.5837
199504552,213.64192,77.892746,9.9822
160489368,238.50313,76.14689,8.041
160489680,238.21008,77.69023,7.5046
219435969,205.49648,76.78765,9.8772
156424616,215.80844,76.11802,9.7695
270493467,231.30179,77.82288,9.7769
257048618,227.0804,76.339554,9.7475
441762221,260.89383,76.055046,5.9137
160536556,242.0876,76.90336,9.6693
154549744,188.14922,77.529884,8.6582
232522643,193.33458,77.251854,9.8728
232522772,193.33954,76.542885,9.2725
367614642,215.07556,77.79284,8.8185
160438204,236.14868,77.51214,9.8097
367682598,247.03886,76.23346,7.27812
367682700,246.86285,76.68889,7.72058
142619713,171.3529,77.02668,8.6051
329153865,268.00385,76.29824,9.97018
198491720,196.95366,77.65681,8.82
160420128,234.6425,77.091415,8.7887
160471455,237.26906,76.14774,9.851
233503518,251.43501,77.889626,7.57053
233497859,249.89651,77.3596,9.5676
232524446,193.4452,76.93564,6.8314
232524464,193.49002,77.04959,9.9822
232524565,193.56862,77.61298,9.0554
198491466,196.90662,76.06928,8.1856
198491735,196.84776,77.730675,9.8757
313590667,199.7719,77.82593,8.9579
160521878,240.59293,76.42462,9.6568
160533411,240.69029,77.965576,9.1582
441737776,259.2448,76.53118,7.09
160492308,239.1894,76.99902,8.8348
441717582,254.6019,76.69587,9.6853
446171391,206.11322,77.23079,8.8071
313425517,198.09772,77.194466,7.6242
328997767,249.19461,77.95907,8.28883
441737508,259.18204,77.48511,9.21181
441737883,259.18555,76.05995,9.28515
142586661,167.19049,76.40899,9.8643
356698820,175.7267,76.60563,9.4625
154562909,189.0263,77.11072,9.3111
154565606,190.27705,76.180145,7.2169
142617719,170.45705,76.20509,8.45553
154490500,185.90388,77.40899,8.4953
199504606,213.50194,77.48932,9.7673
198489770,196.07243,77.44235,7.779
313425444,198.0843,77.49917,7.5101
313425676,197.795,76.27286,9.9739
198509971,210.89207,76.8328,8.9476
229539836,222.08789,76.54189,8.872
160395129,232.60329,76.74814,8.8568
160535995,241.45694,76.427734,9.84596
160394922,232.4803,77.73878,9.679
160602888,244.52585,76.15784,9.7159
142617100,170.20778,76.0161,9.5993
233494920,249.11066,77.82056,7.9888
233494956,248.92357,77.62817,8.1484
233503281,250.94295,76.99993,9.8822
142615218,169.36945,77.29131,8.25578
160521779,240.64018,76.058075,8.8512
160603595,245.13103,76.567825,9.88431
233503280,251.07169,76.99413,9.6969
154549661,188.05856,76.99776,9.9176
313109014,201.24045,76.94953,9.7653
462550917,224.70097,76.52796,6.6905
462550997,224.61134,76.18554,9.7756
458460935,233.26134,76.825035,7.8355
198487648,195.02376,76.43989,8.6648
142615113,169.27863,76.719795,8.0601
156509908,220.79703,77.32635,9.0052
160440837,236.95398,76.858505,9.9759
160441017,236.96999,77.7691,8.25251
160536270,241.65247,77.77642,8.6922
142615624,169.5796,76.09183,8.9059
142617289,170.09439,77.00779,8.9633
160600348,244.39478,77.84964,9.1611
313108968,200.99605,76.653755,9.537
232522564,193.2195,77.68952,8.7638
232522472,192.94283,77.63534,9.1676
160420463,234.71129,77.23707,9.70387
233503135,251.05777,76.32013,8.78317
198485826,194.70908,77.897095,9.9992
219732668,230.08028,76.996056,9.80533
441765083,261.14545,77.15604,9.60017
298130004,202.7175,76.64424,9.267
298130621,203.1977,76.06244,6.4037
298158998,203.66327,77.80579,9.4112
198513158,212.52017,76.07904,8.1414
198513183,212.34247,76.19212,9.5888
198513366,212.33537,77.16344,8.20118
257022487,225.2237,76.62868,9.9615
257002732,223.97185,76.09336,8.1595
160422911,235.21718,77.00975,9.8533
160422923,235.05138,77.08615,8.086
160602913,244.68292,76.23379,9.3254
233497776,249.78128,77.86945,7.04581
233500939,250.3926,76.43519,9.84619
355977779,179.70898,76.68833,7.6782
371753621,172.32637,76.40475,7.8325
154569822,191.77927,77.81809,6.9446
160519056,240.13658,77.16944,8.5606
257022352,225.36958,77.30227,8.1392
257024930,226.1387,76.364876,7.40836
256979517,223.21367,77.89004,9.089
256979576,223.1227,77.4555,9.373
256979586,222.94301,77.411446,7.4746
256979762,222.9766,76.31734,8.4377
256979767,223.11092,76.2802,9.5319
160420080,234.3657,76.88583,9.8061
160420153,234.43825,77.20456,9.7226
160518869,239.97331,76.25272,9.9589
160420002,234.50473,76.55425,9.36554
160519583,240.49812,76.26226,9.72481
219463553,208.6892,76.26435,7.8205
219433764,204.53763,76.21823,9.885
156494531,218.80016,77.34109,9.8501
156497110,220.09792,77.08318,9.8084
156509528,220.24995,76.61749,9.1344
156509785,220.23787,77.8516,9.3835
159332536,232.94807,77.97393,9.8963
160550437,241.91185,76.37494,9.8231
160438134,236.16171,77.15045,7.1213
219432259,204.15958,76.30696,9.0655
198513151,212.34029,76.04197,9.5946
441727430,256.9823,76.75288,8.4906
232524725,194.19913,77.20635,8.36458
462547951,214.58713,77.313675,9.9833
441727280,256.68924,77.30274,8.5742
232524745,193.8857,77.070305,9.94118
365930202,176.61293,77.4632,9.5809
365930212,176.80052,77.42098,9.6978
232526505,194.22725,76.32106,8.9175
232526576,194.60464,76.68952,9.34429
219464055,208.80226,76.50092,6.3054
298091537,201.78499,76.18894,7.8991
219434208,205.13928,76.84517,9.6719
219433730,204.65761,76.07382,7.3994
356743790,178.15749,77.886215,8.9111
219436228,205.69731,77.66272,9.07911
219461476,207.84888,76.509224,9.7484
257061870,227.30559,77.141556,7.125
257062277,227.66577,76.3756,9.0367
159344620,235.9264,77.995926,7.4379
160536538,242.08098,76.985725,9.3503
298073544,201.5538,77.72162,8.50045
154571691,192.1651,76.492455,8.9399
219436007,205.264,77.038025,9.3531
367614477,215.24951,76.89898,9.5508
160410002,233.54892,77.74984,9.305
160536300,241.5255,77.96145,9.8508
229670555,251.5529,77.220825,9.8008
232522616,193.0996,77.355576,9.3783
367614581,215.07303,77.497986,9.65182
367615042,215.66449,76.08001,9.34752
160438083,236.10516,76.876785,8.76919
160438146,235.9089,77.21629,7.79571
365949146,180.60417,76.80925,9.8793
257048580,226.85887,76.538704,9.4549
326210250,245.67628,77.1306,9.32719
154565096,189.69855,76.80361,9.888
159333873,233.37306,77.95746,7.9887
160409827,233.83127,76.90476,9.4347
441726938,256.3854,77.21011,9.48167
233495065,248.82584,77.12027,7.823
257048642,226.98438,76.20075,7.7728
154567463,190.5996,77.30758,9.3145
415008733,175.29314,77.882484,9.1072
219435948,205.48112,76.68506,9.9011
233006934,247.51651,76.023964,9.9275
156512403,221.44373,76.77477,9.0657
257061841,227.50641,77.00499,6.7829
257061670,227.24338,76.14646,9.8567
198510961,211.73402,76.30199,9.9533
298159236,203.67815,76.54671,4.87539
160228373,181.77792,76.12283,9.8503
232520672,192.54735,77.490135,8.0033
156457345,216.3127,76.80816,8.0426
160533144,240.88062,76.793945,5.69772
160473764,237.72827,77.265274,8.027
160603693,244.95522,76.14314,6.85252
232524437,193.70045,76.90114,9.35729
198491494,196.57178,76.29145,9.2729
198491496,196.61253,76.29477,8.77944
198491543,196.70314,76.5855,9.11507
233497818,249.68823,77.66691,8.76027
232524483,193.47548,77.20369,9.58488
233497379,249.30215,76.16364,9.7967
320324501,246.57982,76.673164,9.9928
160224839,181.31299,76.90573,4.88679
229867354,177.08769,77.5745,9.4521
462553697,230.99152,77.42489,9.411
257062162,227.93529,77.067924,9.075
160408494,232.85382,77.349365,3.54893
313452997,198.16605,76.28413,8.44029
313590495,199.82256,76.79401,9.9302
142615435,169.66057,77.35017,9.38368
154474749,184.78555,76.42182,9.9309
356683700,174.61609,77.46513,8.5488
198507944,197.68819,77.65385,9.4271
356683639,174.82442,77.03882,9.31601
198487598,195.23914,76.09425,8.9019
313109008,201.17384,76.917595,8.6218
320324464,246.58162,76.48836,8.87587
156492435,218.23532,76.44431,9.2154
356737015,177.56342,76.41011,9.6927
356737018,177.4192,76.41396,9.2013
356737289,177.67448,77.81935,9.8645
356743637,178.19748,76.98891,7.4328
365937134,180.38618,76.25815,9.1279
198491902,197.27608,76.96165,9.1693
198507982,197.50552,77.94115,8.3212
156492323,218.17842,77.04065,9.6438
142617131,169.91125,76.16556,7.97278
160603250,244.51495,77.64876,9.64669
154562942,189.00644,77.27404,9.2074
154565515,190.12415,76.69138,9.1148
142617572,170.57791,77.069954,8.03166
198489632,195.83488,76.487495,9.3778
313425396,198.13777,77.83909,8.59702
233495044,249.14853,77.221855,8.66892
257048376,226.89384,77.56006,9.821
219732231,229.7751,76.52869,9.6577
219732461,229.6848,77.75828,9.793
371792120,174.1756,76.13075,9.8377
371792232,174.2075,76.66662,8.7727
154565474,190.18561,76.980705,9.8544
154563282,189.14581,76.63778,6.0422
462538075,202.3317,76.77634,9.9948
462553259,224.86864,76.61242,9.9109
156512186,220.97165,77.94258,9.8462
229538073,221.8871,76.82092,8.3355
160533481,240.97244,77.651764,9.3653
142586051,167.1203,76.11929,7.9558
160438364,236.40875,77.599075,9.0661
156497063,219.76009,77.26139,9.1023
160536588,241.93996,76.73476,9.4662
198513718,213.03258,76.53183,9.98672
156494635,218.8596,77.903305,9.54861
313355173,179.49208,76.94823,9.7206
160228365,181.68216,76.08668,8.9853
229867325,177.0975,77.76508,8.91989
313109404,211.34117,76.98165,7.678
160409803,233.81711,76.842865,7.66011
160409718,233.5969,76.45075,7.5821
160410138,233.86723,77.42806,9.3331
219459417,206.85072,77.15319,8.99382
160410397,233.98898,76.03654,8.36996
156457313,216.57881,76.64764,9.07989
154512670,187.52972,77.49253,8.907
142619394,170.86084,77.18736,9.838
462548160,214.63332,76.287674,9.659
257002179,223.45058,76.517525,9.97727
160489507,238.56363,76.84515,9.7794
229676244,253.1829,76.85263,7.04784
371755597,172.8285,76.55133,9.4628
160422821,235.17331,76.55643,9.73845
160489569,238.57062,77.16251,9.6292
160489724,238.33224,77.91329,9.66677
219434210,205.17009,76.84378,6.49423
219434016,204.48679,77.890785,7.58957
219436349,205.93068,76.973404,9.1594
219434204,205.13339,76.85274,8.68774
257061817,227.46107,76.857864,9.74557
219468095,210.26012,76.5899,9.7055
257024468,225.8739,77.39106,9.5711
219730224,229.4446,77.51266,8.6136
219463934,208.77359,77.254456,8.7321
372759030,175.12366,77.071915,9.73013
154571831,192.06293,77.240166,9.9177
367603649,214.38742,76.53535,9.39417
160419983,234.64447,76.45104,8.8967
160536102,241.63362,76.97298,9.6046
160409816,233.61504,76.871864,9.77678
154562991,189.07536,77.55141,8.4632
415017183,176.91467,76.23255,8.42668
229538190,221.79237,76.04226,7.1933
160420098,234.55934,76.96613,8.29179
160518870,240.00046,76.25632,9.14304
198510099,210.94087,77.77544,9.7311
156511964,221.28331,76.73479,9.6088
257024832,226.36186,76.784966,9.8247
154567665,190.94287,77.388855,9.6404
154512770,187.94104,77.73984,8.80593
142619579,171.4224,77.713394,9.9203
415008782,175.42653,77.44314,9.92303
313109467,211.10153,76.67917,8.7126
156512289,221.51152,77.40145,9.8471
160224876,181.24693,76.762245,6.8615
229867410,177.20769,77.01402,9.71501
229867447,177.25728,76.57987,9.6312
309967031,214.12877,77.8175,8.95442
160408381,232.8329,76.822136,9.2236
160408573,232.90521,77.80158,9.96403
219730264,229.33466,77.186005,8.0529
288129544,208.43373,77.96159,9.5214
900734998,167.19026,76.40931,9.9611
219463895,209.10922,77.45594,8.9654
257048033,226.50961,76.586205,9.3111
356737112,177.62164,76.874916,9.45606
356744018,178.8323,76.86336,9.2948
365937065,180.35738,76.605194,9.5326
154474198,184.15564,76.208435,9.9608
154474254,184.3281,76.54767,9.96
365936982,180.18283,77.0834,9.835
156492262,218.30664,77.41095,9.61241
257080393,228.71494,77.79895,8.6566
229539946,222.42361,77.09229,9.9856
229540083,222.63188,77.98821,9.1267
371766587,173.08022,77.31675,9.1115
229538144,221.78049,76.35157,9.54619
198487823,195.20401,77.53927,9.0106
219465975,209.1436,77.02521,8.8148
160066283,213.12212,76.43389,9.9013
142619237,170.92923,76.336105,8.2445
142619421,170.70638,77.37344,6.9777
154569705,191.3531,77.30618,9.42537
159090879,191.8948,77.90409,8.814
356737455,178.03003,77.206924,9.99035
462553433,224.87447,77.22508,9.5103
371792346,174.21445,77.257965,9.0498
371792411,174.42633,77.595695,4.9121
298130090,202.71487,77.067665,9.308
198511322,212.21216,77.54749,3.5707
154567766,190.8283,76.75286,9.072
156462929,217.23213,76.41192,8.87123
154567787,190.71628,76.61955,9.6827
154567795,190.7304,76.53941,9.88674
154484132,185.19862,76.18159,8.7903
160297243,186.71385,77.94111,8.18024
160269024,183.10626,76.829704,9.4871
160270913,183.56808,76.9421,9.988
154567450,190.58241,77.23186,9.8037
288132217,209.39433,79.39478,9.651
288132261,209.48505,79.58319,9.13619
288129762,208.66988,78.97501,6.9148
288133092,210.32678,78.03648,9.23205
288134433,210.7824,78.917915,9.283
288134573,210.7842,79.58497,9.84807
288239136,224.90309,78.13154,9.52837
288182914,222.44154,78.20697,9.4468
288183127,222.59637,79.04247,9.5657
288133233,210.2292,78.77255,9.8359
288185378,223.5074,78.07676,8.8113
288185404,223.26535,78.17667,5.7794
288106935,207.4252,78.28518,9.9483
288107095,207.5058,78.99569,5.59958
288107156,207.22437,79.34516,9.8302
288107287,207.27895,79.92139,6.4473
288134503,210.71655,79.21523,8.87
288185546,223.31337,78.75153,8.0616
288239310,224.66306,78.86553,9.9552
310001730,217.83302,79.197266,9.6236
288162112,221.6307,78.51484,9.9747
288108215,208.06436,79.212364,9.2819
362217736,285.4508,78.36135,9.81207
288130889,208.958,78.69493,7.9266
288131019,208.67708,79.26122,9.7692
288130955,209.01329,78.97743,9.79231
309998816,211.00993,78.08725,7.796
310000517,211.76372,79.884926,9.0044
288162249,221.7099,79.09228,9.3339
288160986,221.35486,78.87787,7.3524
237108343,257.09677,78.828804,7.0999
362220017,286.02594,78.75313,8.3022
237108399,257.36996,78.99628,9.8808
288106915,207.35387,78.209404,9.2071
237108272,257.13922,78.58699,9.303
237108118,257.39896,78.203926,9.82432
309998950,211.04613,78.66689,9.2975
310000381,211.72635,79.35136,9.4986
288185394,223.3634,78.15257,9.8643
237106978,256.64447,79.15626,9.9514
160272318,185.98077,78.469025,9.327
160309579,189.19278,79.21335,8.3839
160309591,189.26747,79.26119,9.0198
160309578,189.17986,79.2111,9.6461
288185381,223.46198,78.09005,9.2662
237107119,257.01566,79.64997,9.47978
310000061,211.84454,78.13254,9.32393
309966230,199.3194,79.77485,9.86066
362217907,285.55222,78.770645,9.8361
288108291,207.63454,79.57241,9.3395
288299361,261.40677,79.07243,9.6135
160309497,189.01207,78.91014,9.4329
160297540,186.99359,79.210266,7.8636
445856403,200.07127,79.436935,8.0499
288130832,208.7596,78.39977,7.19347
288130743,209.16849,78.033295,9.44973
288130833,208.76166,78.40182,9.28316
362222289,286.35184,78.83232,9.82938
415017891,177.72137,79.16433,9.8091
237108377,257.33316,78.93878,9.6235
288129738,208.44646,78.85189,8.8825
288129831,208.40327,79.30878,9.61781
160298807,187.25186,78.950806,9.2722
328899669,218.40956,79.66042,5.1217
160297536,186.707,79.19195,9.9699
288300554,262.28244,78.14048,8.70424
160307882,188.82587,78.08948,8.36
160306908,187.90178,79.68282,9.3171
445853582,197.62541,78.04306,8.7967
445853937,198.11867,79.65234,6.5861
288241868,258.24817,78.31257,8.9371
288267996,259.42166,78.63323,9.4689
288238016,224.41414,78.5057,9.9685
288268208,259.52002,79.41113,8.6771
445853703,197.93155,78.6017,9.7827
160297263,186.73045,78.04076,8.1577
160297491,186.99475,79.03281,8.672
160297502,186.97278,79.067055,9.9776
160297310,187.01749,78.226875,7.8091
160297324,186.64897,78.272194,9.65389
328999844,250.75319,79.34733,9.9526
288182946,222.4675,78.35106,8.8406
288183149,222.11342,79.13404,9.0905
288184099,222.81496,78.16394,9.7542
160323608,189.86003,78.9519,8.3485
160308329,188.3884,79.863304,9.8452
288268170,259.81226,79.30535,7.1747
328900848,219.58885,79.04055,9.82112
328900846,219.38812,79.034195,9.43387
288391895,267.37274,78.42914,8.7601
237108567,257.21127,79.64088,9.5625
445855026,198.76367,78.70131,6.7459
328899711,218.43344,79.85637,9.2134
328998004,248.97485,78.70105,9.9518
328899470,218.14043,78.73076,9.71643
328899582,218.38116,79.253914,9.971
328899695,218.31331,79.774,9.9169
288269394,260.57736,78.39378,9.2878
288242217,258.7156,79.54479,7.98764
288382697,266.0749,78.558105,9.599
160309634,188.90062,79.43492,9.843
160307902,188.40584,78.16417,8.2142
328999894,250.90767,79.51804,7.59309
237105264,256.29288,78.57529,9.19899
288240522,257.68484,78.641014,8.65848
288405772,267.71945,78.40253,9.94261
288299091,261.17166,78.22002,9.58539
270495007,251.42209,78.56945,9.9015
328998390,249.3573,79.97173,9.007
328998151,248.98334,79.20474,7.33569
1001608934,207.35521,78.209145,9.3441
270495263,251.69682,79.355995,9.14735
288390206,266.74222,78.48471,9.9958
328900787,219.50226,78.817116,9.2935
159143694,193.81267,78.49979,6.5944
159143831,193.9882,78.967514,9.784
159145231,194.64708,79.55785,8.3519
159438800,241.98306,79.10123,9.3266
445854898,198.9242,78.16666,9.6973
288242213,258.80585,79.518105,9.1365
288242240,258.8326,79.615906,9.3327
159145303,194.35008,79.9128,7.6552
159091332,191.7787,79.80557,9.5073
159091202,192.02997,79.220436,8.8692
159312159,230.55496,79.32751,8.2594
445855166,199.19585,79.323235,9.8766
288471431,271.2256,79.11182,8.19465
328998344,249.02875,79.83678,8.2064
160308244,188.71564,79.52364,8.9398
328998090,249.11166,78.99565,9.98347
159118110,192.35732,79.457565,9.95717
159296953,229.6371,78.9024,9.7007
159331547,232.3142,79.65883,9.1026
328998146,249.35472,79.18811,7.2548
157983360,212.80421,78.54929,8.2569
157983394,213.22194,78.71356,9.7853
157983645,213.11069,79.88004,9.7411
235710363,251.92404,79.69932,8.2182
157983567,213.24652,79.53524,9.14921
159214489,225.93503,79.1879,8.69844
157983490,213.23425,79.17042,9.8849
445856097,199.99562,78.122116,9.7762
445856325,200.38623,79.0488,9.2155
445856504,200.42545,79.90035,8.2009
288344330,263.57968,79.1294,9.1401
288343933,263.64883,78.005104,9.5539
288469420,271.11133,78.363335,8.75085
159298149,229.81955,78.29782,7.9439
159214600,225.79553,79.60473,9.8061
159438865,242.34436,79.40654,9.8011
445856134,200.04108,78.31828,8.19815
235713106,253.12912,78.912025,9.7346
288268192,259.85196,79.37105,8.6583
288346083,264.40308,79.213295,6.94628
288344479,263.55054,79.59128,9.58696
288407511,268.55325,78.71512,9.15296
159341985,234.36784,79.02525,9.5172
158001409,215.05672,78.56698,9.2294
159414267,238.44337,78.23094,8.6099
328935522,225.37158,79.46296,8.13479
157983299,212.97227,78.30524,9.7233
157983553,213.16333,79.482414,8.4186
157982317,212.59941,79.12746,9.4826
159333951,233.3747,78.20106,9.8292
159539998,248.8492,79.147224,8.3129
288237020,223.3558,79.82344,9.3809
237106570,256.9768,78.02436,9.3894
288391863,267.54214,78.30653,4.95044
235712938,253.10785,78.295364,9.6264
235713102,253.41115,78.90235,9.71852
159334198,233.35733,79.19754,8.01898
157982453,212.66234,79.68208,9.62881
159333953,233.34346,78.205215,9.22176
159455664,244.18886,78.81083,8.9291
329000023,251.12837,79.941345,9.3873
328900626,219.62936,78.19909,9.8582
328900644,219.6549,78.27268,9.7136
328999765,250.7152,79.140175,9.97922
328999817,250.95758,79.28935,9.95434
288407499,268.5242,78.67963,7.19432
288185736,223.52176,79.531,8.1633
288237046,223.68724,79.94513,9.9589
159419968,241.31572,78.27049,9.3669
159397888,237.71596,78.24491,9.4126
235717346,255.01874,78.09906,5.7285
288300641,262.31824,78.38531,9.04391
288347573,264.9878,78.670944,9.61146
159296820,229.54753,78.394,6.157
406832581,178.0051,78.92617,9.98129
159345094,235.68282,79.84921,9.3147
159344945,235.90244,79.20723,9.9841
159347839,236.75325,78.76286,9.4902
159208662,219.73265,79.78741,5.7187
159314760,231.45256,78.87644,9.6286
159511516,247.97173,79.69869,9.9194
288242325,258.8291,79.93016,9.7486
288268270,259.75476,79.618835,9.8278
288379892,264.92538,79.78806,9.0301
288430829,269.93393,79.349754,9.6736
237106658,256.894,78.26757,9.7646
288299418,261.38913,79.25555,8.60934
159312251,230.82338,79.631325,9.9848
355979425,190.4276,78.32401,9.5474
355979675,190.5211,79.364624,7.6442
159502465,246.42995,78.96386,5.3552
159332816,233.14407,79.123375,9.7139
159332944,232.74353,79.65177,9.2671
355979627,190.0431,79.164764,9.5553
355979597,190.2138,79.024734,7.79763
288315686,263.50018,78.24955,8.82235
288347430,265.14536,78.24246,7.8703
288347652,265.1833,78.92769,9.8671
335655857,216.39285,79.16392,9.55459
355979411,190.19478,78.25471,7.8721
159287798,227.7718,79.467285,8.7195
159437263,241.4201,78.96098,9.9283
159417455,239.71979,79.042,8.7458
159420246,241.36154,79.23962,8.6649
355979658,190.04417,79.28044,8.93202
159417167,240.15038,78.1325,8.9675
159539923,248.39207,78.89932,8.15538
159417582,239.82031,79.565094,9.9023
237107060,256.69916,79.42343,9.35615
157984859,213.872,79.999115,8.442
159438523,242.35104,78.11578,9.16643
159452869,243.0906,79.49933,9.6827
159418581,240.6785,78.312035,9.1848
159331097,232.49063,78.05668,9.9401
288405918,268.11624,78.825615,8.7969
288516301,273.89352,79.064896,6.7772
367673604,215.962,79.3872,9.6508
156171700,179.09343,79.96163,9.509
156171584,179.23425,79.35905,9.6923
156214462,185.1546,78.78347,9.8781
288405672,267.67285,78.04621,9.71544
159414547,238.92749,79.20802,8.5926
159454014,243.37383,78.48259,9.786
335661214,217.29935,79.61632,9.25254
288381465,265.7798,79.62172,9.625
235714568,253.8454,78.94744,8.1141
159414259,238.65562,78.213356,8.7813
159214239,225.97215,78.23894,9.65381
159239719,226.47673,78.40704,7.4549
159420083,241.15813,78.677536,7.8845
159420111,241.1918,78.75958,9.8415
159420177,240.98428,78.96253,9.0846
159466233,245.32278,79.971954,9.889
367673713,215.97026,79.79133,8.99796
156214488,184.7978,78.91895,9.5091
159511543,247.82326,79.78978,6.44
159466164,244.87833,79.71021,9.04796
159239633,226.44998,78.23581,9.7097
159511448,248.26764,79.45247,9.47495
156200607,184.02983,78.06101,9.6788
156200705,183.98164,78.742195,9.4795
298053137,197.28575,78.66804,8.5607
298070138,197.02477,79.77582,8.9095
159502314,246.49832,78.463806,6.7025
159344721,235.66423,78.30474,9.992
159346117,236.44817,78.25195,9.1042
159455588,243.75667,78.53367,9.9213
288240473,257.77216,78.519646,9.7911
288240477,257.7149,78.52867,9.4192
288381145,265.44104,78.60925,8.2132
288525537,274.74487,78.38266,8.0757
288525542,274.95233,78.39509,9.355
235715936,254.73097,78.648346,9.0996
159502654,246.08226,79.511566,8.9281
298052991,197.49892,78.02765,8.87535
367655925,194.90881,78.44008,9.1474
298018904,185.4654,78.88973,8.4662
159117842,192.87471,78.294205,8.5495
288312457,262.44873,78.33296,8.8305
298019024,185.5501,79.377686,9.24333
298018994,185.41005,79.26173,9.0765
155657379,206.85918,78.56992,9.57328
237105560,255.97385,79.426765,8.8258
235714526,253.8633,78.79154,9.3133
155634739,202.01532,79.418236,8.3562
288313050,262.49445,79.23235,7.8309
288430984,269.88834,79.80762,7.45704
288510158,272.36963,78.16814,8.3886
288390174,266.82956,78.391335,7.9488
288347732,264.85608,79.16352,8.00554
288429225,268.97113,79.83195,9.2096
158000363,214.44438,79.00208,9.7604
159331270,232.39407,78.63341,5.1492
159145053,194.46422,78.83117,8.8923
159145134,194.19783,79.16953,9.9652
159331178,232.34961,78.330826,7.3824
159331263,232.40016,78.61314,9.79511
235714402,253.87952,78.458664,9.82304
367657216,195.77145,78.77565,8.97915
367655932,195.20636,78.45958,9.923
367656043,195.11713,78.90761,8.9484
358617217,177.16179,79.056656,9.8667
367657411,195.51323,79.68519,9.0695
159464570,244.39507,79.22675,8.49266
156167955,172.88799,78.14027,8.322
155634708,201.8364,79.296135,9.8646
159539963,248.58182,79.02758,9.2724
159213398,220.70491,79.78896,7.8806
367657200,195.56543,78.70524,9.8673
237105413,256.41937,78.887436,9.4553
288390436,266.5669,79.120415,9.9957
288312852,262.47186,78.93842,9.6348
288523803,274.06482,78.24707,9.9254
155634552,201.92987,78.70502,8.9768
155634547,201.69626,78.6951,9.9466
297961979,174.61465,78.222015,9.9677
156169208,173.3272,78.465935,7.9236
159213046,220.89902,78.27431,9.9743
159213065,220.6622,78.32068,9.9709
159347992,236.78687,79.321915,9.41984
159288934,228.10333,78.39097,7.91967
159509501,247.56569,78.28291,9.6855
158000309,214.00986,78.760086,8.3167
158000432,214.11066,79.33676,6.5082
159332615,232.79904,78.32079,8.32184
156169159,173.32077,78.323845,9.7806
288381347,265.69476,79.27059,7.8377
288266732,259.14917,79.57348,9.1053
155634533,201.7367,78.64387,5.0739
155635847,202.45442,78.56624,9.6601
155639744,204.19025,79.3538,6.2017
155634863,201.78842,79.88848,9.1075
158000538,214.2966,79.860565,9.30396
159289013,228.28883,78.68643,9.22726
158000474,214.1813,79.59712,9.9516
159343563,235.28926,79.666115,9.933
159399849,238.1198,79.92161,8.8788
159414644,239.00516,79.61958,9.249
235711734,252.98975,79.13003,9.4293
235711533,252.96774,78.45675,9.5033
235710322,251.90918,79.50371,5.76604
235715893,254.39807,78.499,7.8726
288430685,269.92838,78.98658,8.2746
288525466,274.75668,78.149666,9.7267
159417267,240.1126,78.45927,9.47676
298002388,182.694,79.985985,9.4612
298017822,183.3554,79.417305,9.2638
358613027,175.14204,78.22146,8.7766
155639758,204.09575,79.40614,9.7086
158001612,214.97876,79.57466,8.551
158013613,215.21443,78.82317,9.4144
159313673,231.43376,79.99992,9.8001
159502611,246.2766,79.3924,9.2309
156170435,178.37476,79.18739,8.8318
158013738,215.48123,79.329735,8.552
159502200,246.52663,78.12057,9.18557
288240748,257.704,79.464096,8.42306
288379873,264.79126,79.71467,9.46076
288471678,271.34384,79.86288,9.92659
159502560,246.34944,79.26472,9.6377
159313647,231.34276,79.88228,9.7463
159454275,243.14534,79.35627,9.19592
235711836,252.95386,79.50885,7.4967
159330169,231.85703,79.76532,8.8972
159511584,248.0021,79.91994,8.6302
159420138,241.23943,78.86981,8.089
159500760,245.5254,78.13688,9.8355
235711691,252.67845,78.99338,9.6162
288300796,262.09256,78.862854,8.5113
288471077,271.40283,78.156204,9.5273
235711657,252.4796,78.878174,8.168
156200745,184.03041,79.04858,9.1147
159314568,231.70236,78.177536,9.5486
156214539,185.13773,79.19201,7.8301
288392195,267.2158,79.33268,7.13574
288603869,276.53943,79.62857,6.92993
235712867,253.4438,78.03449,9.24495
159455497,244.08685,78.2081,8.6157
159500885,245.67798,78.532394,9.97821
156169103,173.64635,78.05301,9.961
156168045,173.04886,78.50874,9.44998
159341736,234.78418,78.11494,8.5947
159341977,234.46898,78.99251,9.4642
159342135,234.38057,79.60401,8.4454
288391830,267.42914,78.202835,9.0029
288269589,260.6421,78.9906,9.1218
288313416,262.38956,79.841194,9.5763
335655596,216.56488,78.21262,9.9343
335655675,216.67984,78.49893,6.7847
159208343,219.76021,78.25496,9.9529
159208514,220.03424,79.08637,8.1113
159242660,227.22235,78.506584,8.9299
159287698,227.70364,79.10055,8.7163
159436998,241.6159,78.03273,9.1757
159415964,239.08539,78.978775,9.681
156170451,178.71184,79.28815,9.7409
159464349,244.28537,78.41948,9.2327
288428625,269.29007,78.17558,9.9468
367753470,255.73906,78.473434,9.3048
159343218,235.49118,78.38218,9.67863
159287727,227.90268,79.22952,9.4805
159436982,241.76547,78.00114,9.75329
156170536,178.81746,79.67591,8.65606
155656141,206.22687,79.08841,8.8091
288381570,265.7288,79.95122,9.5329
288471651,271.25198,79.78301,9.3901
288382830,266.24408,78.90619,8.84899
288380973,265.50342,78.09536,9.7463
159290230,228.79697,78.52094,9.5645
159296784,229.46227,78.28365,9.9286
159297203,229.12398,79.85902,9.7018
159437345,241.45662,79.24505,9.0966
159465946,245.10565,78.88592,6.8088
159454467,243.19023,79.9953,9.21459
367737598,249.49377,79.153854,9.3061
367737522,249.46974,78.91867,5.38503
155637065,203.36191,78.41428,8.9729
155637106,203.19745,78.62767,9.9888
155637137,203.1312,78.752,9.8708
155632478,198.44753,79.88821,9.8138
288382986,266.0201,79.38976,9.5748
159509673,247.621,78.88159,9.79657
159464262,244.67569,78.12178,9.3665
159399816,238.05817,79.7925,8.565
159438895,242.2679,79.54698,9.71277
288390564,266.7981,79.4812,8.0465
288603924,276.8897,79.79485,7.76475
288268074,259.6395,78.927536,8.5605
288268259,259.52194,79.5758,9.9727
288601649,275.95148,79.02364,9.29316
288601702,275.94623,79.16892,8.44426
159464498,244.83731,78.91403,9.7888
159399820,238.01169,79.816444,9.7691
159464422,244.53214,78.673775,9.58589
298017622,183.27657,78.38915,9.15946
298017574,183.10057,78.17551,9.7007
155633373,200.70435,78.546684,8.1398
427587269,183.47871,79.94731,9.42363
298049643,191.2944,78.63841,9.2047
298049734,191.7176,79.03467,9.5255
298049936,191.25027,79.92362,6.5183
298051999,196.5647,79.083885,9.4489
288392174,267.151,79.270065,9.8856
156196485,179.9509,79.59532,7.1926
155637369,203.31636,79.76682,9.3008
155655052,205.15077,79.30713,8.8316
350695193,287.09116,78.04681,9.9385
298049684,191.33115,78.86781,9.26195
159240049,226.31015,79.059494,8.87613
159242748,226.76764,78.595024,8.7975
288429070,269.30377,79.33126,8.5022
350697334,287.4846,78.289925,9.36805
155632341,198.56473,79.24678,9.97298
155655128,204.77023,79.60277,9.4295
155632179,198.21944,78.385,9.77479
367672265,196.29828,79.09705,9.6647
350697314,287.67807,78.23994,9.8015
288313175,262.83643,79.43172,7.87916
288313264,262.5444,79.59285,8.5305
288405939,267.8379,78.88896,9.64171
156197533,180.31677,79.087425,7.9055
155635812,202.69441,78.46429,9.9865
155637385,203.30205,79.82262,9.9969
155639435,204.23615,78.05796,9.5483
155654913,205.00798,78.65373,9.5654
155655210,205.14778,79.94299,9.9498
288599725,275.23315,79.06634,8.6966
155639688,204.24252,79.143,9.69314
156198712,181.18996,79.29545,9.0054
155639830,204.35872,79.76223,9.26795
159342226,234.91087,79.98321,6.8081
288432312,270.17203,78.4458,9.94844
367737270,249.83656,78.161606,8.3668
394048824,283.0725,78.70307,9.5563
288382992,265.9907,79.40963,9.79519
156199687,181.76611,78.45101,8.79555
156199785,181.59016,78.81255,9.32355
394030068,282.47787,78.83956,7.58388
160309580,189.33057,79.21554,6.4359
288514635,273.29065,79.427315,7.9011
288430717,269.81335,79.04007,8.9354
394049115,283.19086,79.36396,9.92852
367737263,249.95662,78.15583,8.42762
156213578,184.58699,79.69161,9.411
156198759,180.83748,79.50965,9.9855
367737225,249.81357,78.05246,9.7272
394089852,284.763,78.05936,9.46796
394048891,283.14374,78.8581,9.37868
367753787,255.61566,79.29545,9.25598
394030212,282.63232,79.16769,9.0852
394087794,284.3582,78.319496,8.7467
394029948,282.22903,78.568855,9.69902
288469691,270.56183,79.12574,7.4671
288469903,270.9475,79.83662,9.6456
288430429,269.80627,78.24007,6.9557
155657516,206.38797,79.100914,9.848
155638356,203.76945,78.546844,8.797
288345799,264.619,78.38818,9.1274
288345988,264.6363,78.96401,9.4855
394087815,284.46088,78.353714,8.2302
462549568,190.88454,79.59547,7.4729
462549213,190.7212,78.20012,9.2512
394030121,282.5506,78.96606,7.62219
394030073,282.17828,78.85592,8.05151
394087870,284.0458,78.47751,9.62184
288468208,270.31964,79.96547,7.41089
288407573,268.3095,78.909706,9.3646
155634621,201.9486,78.98303,8.9554
155633601,200.5369,79.59415,9.8217
372757878,174.00664,78.51578,8.8031
394090379,284.54208,79.21534,9.3497
288407574,268.34143,78.911415,9.8402
462549218,190.76338,78.2207,9.6824
462549232,190.83943,78.245636,9.1471
462549376,190.63942,78.85301,9.4817
462549564,190.91194,79.58611,9.8553
394090250,284.8934,78.92243,9.1476
394089995,284.8495,78.35392,9.35037
462546411,218.53133,78.264854,8.6735
462546662,218.94778,79.14112,7.3695
288632208,278.6591,78.414375,9.0762
462546638,218.5362,79.08062,9.0954
288603298,276.72653,78.17899,9.7503
394090372,284.67776,79.20032,9.1402
394090105,284.55893,78.58112,8.9538
288514703,273.07062,79.60359,8.5022
288611161,277.92902,78.36594,8.3778
288524048,274.2165,78.96666,7.7912
288603793,276.62,79.42325,8.1149
288430710,269.419,79.02395,9.6895
288611438,277.9117,79.07826,9.8366
288634191,278.72858,78.36453,9.8945
288632550,278.41583,79.24203,9.0251
288636287,279.61008,78.51629,9.4321
288611788,277.86838,79.98781,9.5601
288599762,275.6772,79.17094,7.8514
288392104,267.51553,79.07854,9.0844
288601699,276.3609,79.15537,9.8122
288638328,280.2557,78.521065,9.152
288636459,279.31134,78.900536,8.2142
288634165,278.77063,78.301445,9.4124
288601847,275.88202,79.52243,8.104
288601729,276.03543,79.222694,5.62072
288601513,276.12823,78.656265,9.99993
288603398,276.42142,78.434326,9.4167
288523885,274.05038,78.52226,9.21663
288510440,272.54153,78.94463,9.64741
288523792,274.4661,78.207146,9.483
288611263,278.00165,78.6321,9.93616
288524110,274.5184,79.13972,8.8454
288611645,277.57578,79.60638,9.0291
288525848,275.12177,79.17793,9.4295
288636169,279.48108,78.28378,9.8985
298017633,183.41647,78.43297,9.31115
288609294,277.3893,78.327385,9.05866
288634469,278.72092,79.04802,9.26327
288609401,277.40918,78.566666,8.0064
288611146,277.58047,78.33364,8.1423
288611709,277.70358,79.77296,8.7502
288636381,279.78333,78.71366,9.24296
288636515,279.83832,79.04276,7.8203
284182282,205.46774,79.24365,9.9802
284181945,205.66335,78.06444,5.07121
284182185,205.55644,78.8727,8.42647
365928995,176.26767,78.22079,7.6941
288734747,282.1235,78.12801,7.8647
288735273,281.7883,79.43905,8.4013
288735206,281.64474,79.25734,9.614
284182363,205.41518,79.55656,8.8183
288636734,279.29135,79.605675,9.98787
1102664218,223.2636,78.17646,8.1919
288673070,280.86307,79.77962,9.535
288672194,280.5628,78.66364,9.6108
288636771,279.57452,79.69796,9.79
288677359,281.09976,79.73008,8.97898
288316471,263.1704,79.58119,9.2532
284800525,260.19244,78.521805,9.1498
284800747,260.24628,79.26558,9.4855
284800417,260.51773,78.19494,9.9731
415018000,177.8189,79.576706,9.4458
288673216,280.54395,79.95728,9.1822
288671625,280.93384,78.05609,9.6341
288676515,281.4202,78.66205,9.0306
288676256,281.1258,78.38365,8.53657
288671788,280.87262,78.21618,9.2348
288514386,272.95703,78.621605,9.0213
1551775641,272.95703,78.621605,9.0213
1102660104,234.91087,79.98321,6.8081
950819266,183.41733,78.43371,9.40373
950823027,189.33057,79.21554,6.4359
950819265,183.41647,78.43297,9.31115
335656340,216.56044,81.411285,9.4734
335656294,216.41092,81.14478,9.9196
335661611,216.97853,81.21988,9.6388
335661520,217.3429,80.80985,6.1565
335661706,217.18115,81.7539,9.53062
335656070,216.23187,80.0952,8.7973
335656466,216.57166,81.963104,8.83
335656394,216.39117,81.58907,9.92991
270526492,251.71983,81.92778,8.1722
270526190,251.52281,80.856186,9.06422
367674189,216.10362,81.70153,9.4761
367656476,195.00957,80.87442,6.57538
367656635,194.74153,81.66343,9.8953
367672744,196.12096,81.36575,9.5212
367673922,215.88141,80.58907,8.43639
367674042,216.07138,81.0514,9.2203
367674236,216.13675,81.84394,9.9877
367739627,250.52399,80.51019,9.5743
367739788,250.20088,81.19906,9.7972
367754232,255.76234,80.67333,9.43101
367738163,249.89114,81.03592,9.9802
367737979,249.88002,80.34111,9.8426
524094285,198.10568,80.47108,8.525
284182668,205.7189,80.72385,8.102
155634923,202.21199,80.09283,7.5176
155636550,202.51236,81.860756,9.8035
155635163,201.98122,81.265274,8.43035
284182539,205.41606,80.20371,5.5556
284182784,205.15973,81.18084,9.0397
284182749,205.33968,81.06143,9.90006
284801418,260.43903,81.38458,9.21097
155656490,206.10591,80.57373,8.8002
367738125,249.69511,80.91787,9.4904
516381021,199.76108,80.291885,9.623
155636573,202.71208,81.993904,9.2771
155636238,202.5801,80.28002,7.4315
155636241,202.56413,80.2971,8.6399
155637512,203.17181,80.32326,7.8869
160308701,188.70885,81.491974,7.4565
155637618,203.34616,80.792244,9.1716
160299193,187.43304,80.44758,9.7051
155633984,200.54259,81.49784,8.2201
155655389,204.64885,81.037056,7.9589
155655398,205.07767,81.05624,6.5545
155632632,198.40717,80.61685,9.4342
155632837,198.56346,81.54351,9.5717
155636332,202.40787,80.774956,9.1828
155640274,204.07594,81.79833,8.4127
155655525,205.06506,81.70247,9.6639
155639989,204.30594,80.484955,8.46525
160307114,188.2667,80.54209,9.7381
155638689,204.00282,80.18348,9.2885
155635064,202.12523,80.759094,9.12127
155638661,203.5434,80.05102,9.74702
155638939,203.55992,81.35832,9.8012
160308419,188.56824,80.25055,6.9358
160297907,186.63074,80.689804,9.9229
155633888,200.75761,81.03349,9.9976
298052467,196.38536,81.194595,9.7145
160324126,189.92516,81.23824,9.7343
298016834,182.47125,80.51355,9.8942
155669873,206.76836,81.273415,8.5113
298050049,191.47871,80.42063,9.3228
298050341,191.42429,81.61499,9.5178
156200936,183.76799,80.3329,9.863
160308580,188.34662,80.94479,7.3987
156200902,184.04887,80.125084,6.8881
288130355,208.53978,81.83192,8.4149
288133579,210.01328,80.408424,8.6397
288133706,210.07568,81.10074,9.3506
159145633,194.25366,81.35773,9.9402
159439069,242.12737,80.1749,9.6691
288160307,210.89963,81.15877,9.4316
288238420,224.09828,80.176056,9.2469
159145410,194.29292,80.364914,9.36248
159144354,193.80138,81.37749,9.30808
298001183,182.00526,80.13544,8.99826
1271393197,256.332,81.670006,9.733
288162765,221.92082,81.56231,7.8053
160272872,186.0396,80.82669,8.80397
159091462,192.23036,80.40626,6.70783
159312693,230.57608,81.465675,9.8806
159297685,229.63243,81.987175,7.80552
288183676,222.22653,81.66899,9.911
288183511,222.62296,80.74988,7.16807
159117297,192.12988,81.56235,9.3035
159117302,192.05717,81.583435,9.3678
159117211,191.7523,81.13658,9.9471
159312453,230.35878,80.46619,8.4974
298070500,197.05902,81.44578,9.74007
288184895,223.25731,81.89631,9.219
159290625,228.70158,80.25834,7.3196
159290819,228.72849,81.03035,9.35735
159331791,232.21187,80.61411,8.426
159331834,232.47449,80.77106,6.12251
156200899,184.0343,80.12193,7.3998
156214700,185.1384,80.01585,7.3798
156214745,185.12952,80.21931,8.1916
159290668,229.03816,80.42271,7.9428
159290720,228.71454,80.61881,9.3131
288131337,209.04869,80.8819,8.6048
288107473,207.48102,80.92059,9.5607
288132691,209.29932,81.66962,9.86559
288239818,224.6607,81.212265,9.7564
288239783,224.54385,81.06011,9.6188
288183578,222.6213,81.12496,9.9427
159241096,226.19127,80.98662,9.52478
159298899,229.95134,81.14186,7.8547
159299064,230.04147,81.80808,9.7045
159215040,225.76817,81.54574,9.5938
159313781,231.05608,80.53797,9.207
288108572,207.75243,80.767914,5.74448
288131490,209.14502,81.61411,8.4214
159314100,231.12157,81.89504,7.1657
159298634,229.86995,80.11912,9.8921
159214953,225.56117,81.177765,9.74144
159313969,230.90405,81.33529,9.15282
159415055,238.71529,81.154106,9.9422
310002065,217.72252,80.565956,8.3343
288162465,221.5138,80.13993,9.8223
288161226,221.04063,80.06776,8.7901
288161241,221.1319,80.135025,9.5625
288161348,221.13307,80.54392,9.4155
445854137,198.10597,80.471306,5.48466
159334722,233.30067,81.46902,9.8075
159439175,242.20146,80.70388,7.99216
288161238,220.97186,80.122696,9.40056
309966377,199.2824,80.51457,9.1625
445854199,197.91904,80.75961,9.645
445854031,197.54523,80.023735,8.4096
156213776,184.44386,80.73594,9.8159
288107652,207.2353,81.91477,9.8173
288107660,207.03929,81.94163,9.4859
446168745,201.35336,81.16302,9.6747
156200039,181.44661,80.30576,9.95977
288301192,262.25763,80.20955,7.80137
309999413,211.19876,80.875595,7.7543
310000907,211.411,81.60662,6.9104
310000619,211.89066,80.32796,9.5502
288129116,208.07137,81.41962,9.7165
159398649,237.60545,81.04897,8.0835
159298883,230.13351,81.04319,6.43236
159298997,229.82101,81.54566,9.7168
310000679,212.0541,80.597275,8.4992
310000748,212.15204,80.87937,9.9531
310000815,211.81783,81.158775,8.57523
288108582,208.053,80.80777,9.97908
288130020,208.27895,80.046005,9.4232
288301253,261.77454,80.35835,9.4452
159397303,236.85307,81.47889,8.9625
159345264,236.07033,80.517784,9.9615
288268410,259.90463,80.1364,4.38512
288242818,258.79608,81.847176,8.9477
288242751,258.59485,81.573135,9.9527
445856598,200.08456,80.26266,8.506
445856610,200.44641,80.28665,8.92674
445856746,200.35912,80.89371,8.8138
288298444,260.98056,81.28498,9.1862
288299645,261.55475,80.05378,9.0883
288183622,222.36334,81.370636,8.7166
288183688,222.54431,81.70622,9.884
288184843,223.25987,81.61585,9.3638
445855626,199.13698,81.50392,8.01895
445855689,198.75146,81.850006,9.9137
159333269,233.1126,81.05289,8.7558
445856605,200.0494,80.27487,9.3625
445856679,200.04738,80.62438,8.0913
288268718,259.74615,81.37865,8.8347
288131230,209.14134,80.29294,9.61827
288268548,259.74857,80.67823,9.9669
159212605,219.83273,81.87623,9.8919
288300094,261.27707,81.963715,9.3529
288298309,260.65485,80.75147,9.7984
445855611,199.23994,81.44015,9.02148
445855338,198.84477,80.054855,9.1125
445854109,197.77213,80.368416,8.2018
288298382,261.06702,81.03575,9.48966
445854063,198.08463,80.18503,9.6631
288299827,261.21008,80.863174,6.7486
288470045,270.86386,80.31664,9.42628
159333286,233.1156,81.141174,9.8218
159465152,244.50313,81.46801,7.6917
159501645,245.96895,81.421616,9.1521
446168706,201.44218,81.0263,8.0903
446168719,201.1171,81.077835,9.932
446168587,201.4346,80.455055,9.5744
288383205,266.12723,80.093025,9.3126
288344922,263.83035,81.02702,9.1272
288345034,263.6122,81.43484,9.0216
288390979,266.7352,80.89694,8.83015
288242690,258.5286,81.29502,9.96626
288346549,264.59836,80.6502,8.69899
288406381,267.7328,80.37788,9.96436
159336217,234.1205,81.8339,7.55428
159463626,243.8548,81.2253,9.1329
288238566,224.25682,80.840294,9.9265
288381663,265.5492,80.28245,5.2545
288344752,263.63068,80.48614,9.6558
309966335,199.76096,80.29166,9.4799
159336139,234.19466,81.44692,9.34043
288237238,223.48566,80.71601,8.9386
288344769,263.52945,80.53448,8.20458
288345161,263.99417,81.91583,9.8795
288237123,223.33878,80.26752,9.70263
159417834,240.15283,80.6278,6.65947
159330312,231.48102,80.266045,9.5513
159330481,231.45215,80.896706,9.1587
159439255,242.34055,81.01471,9.3623
159540432,248.56316,80.99477,8.5946
288301400,261.96542,80.876884,9.7269
288267230,259.2454,81.44675,9.3092
288380400,265.2739,81.72263,8.8416
288511041,272.71567,80.74993,8.2796
288406621,267.89127,81.14623,9.10714
288470159,270.72592,80.65045,9.2233
159288095,227.90755,80.69516,8.51788
288299990,261.43515,81.49354,9.7174
288268709,259.5828,81.358955,9.9005
288316797,263.0269,80.046425,9.6183
288299882,261.27945,81.056175,9.68735
288345106,264.1096,81.69635,9.85595
288389432,266.37766,81.32349,7.927
288514925,273.4109,80.30372,9.659
288242762,258.31503,81.621895,9.9708
288408294,268.3548,81.31147,8.65205
288383445,266.0537,80.94309,8.69188
159091544,191.92165,80.85357,9.8667
159243627,227.24852,80.208565,6.86
310002246,217.71329,81.452034,7.4406
288408372,268.74918,81.583565,8.984
159117324,191.7649,81.70351,8.63432
159117249,191.87915,81.26654,9.5628
288515156,273.37912,81.075775,9.7338
288381881,265.52545,81.042946,9.9646
288383369,265.89145,80.6965,9.7254
159331746,232.29662,80.4486,6.0256
159331748,232.34831,80.45027,6.6257
159453129,243.07802,80.560844,9.93631
288314258,262.41953,81.258965,9.7774
288391089,266.43964,81.3168,8.9474
288468223,270.0147,80.00085,5.5691
288314298,262.7107,81.31961,9.7239
288524414,274.2472,80.19367,9.6196
288406470,267.8545,80.65092,6.0695
159397365,237.08562,81.754005,9.4991
159510492,247.50943,81.691925,8.6231
288516705,273.96014,80.288574,9.4477
288526325,274.68903,80.56579,9.7958
288516853,273.49664,80.65827,7.98614
288266911,259.08087,80.16595,8.9908
288509127,272.28278,80.15203,9.92161
159398494,237.809,80.46876,9.736
159510109,247.53519,80.30748,8.8523
159454620,243.35023,80.570404,9.9561
288241276,258.04312,81.64447,8.3786
288317447,263.09616,81.13982,9.524
288317604,263.12646,81.399895,9.7998
288380437,265.22516,81.87849,8.7067
159241423,226.55965,81.79797,9.87676
159414936,238.61153,80.63938,8.40491
159414989,238.89253,80.83961,8.24981
159415009,238.722,80.94005,9.27684
159345521,235.53488,81.557175,9.9976
159511706,247.80334,80.4039,9.6408
288516828,273.69955,80.58955,8.7287
159345168,235.75658,80.12294,7.77885
159345460,235.84273,81.31946,7.82354
159345431,235.88013,81.19174,9.96588
159501366,245.78906,80.351364,6.89306
159510059,247.20183,80.13447,8.3101
159510089,247.50108,80.25506,9.5734
159289728,228.12097,81.90509,7.9131
288268646,259.97073,81.077774,8.2598
288406536,267.88773,80.90511,7.7082
288391042,266.911,81.14496,9.7763
288268653,259.8256,81.103294,9.22228
288406634,267.62183,81.20827,9.1816
159118430,192.73193,81.05414,9.26264
159466257,245.0581,80.042595,8.75104
159510088,247.40802,80.25409,9.47308
159118319,192.36224,80.49711,9.7033
159454687,243.54091,80.82315,9.7267
288470337,271.03357,81.32506,9.8448
288609957,277.08847,80.19956,9.2439
288468292,270.25406,80.21644,9.47166
288392504,267.03415,80.28623,9.39098
159465267,244.31084,81.905716,9.2784
159213669,220.39717,81.180466,7.9872
159213799,220.59732,81.8757,9.7693
288431301,269.8503,80.78339,9.5828
159213647,220.59894,81.03422,9.9417
328899905,218.03798,80.67018,9.1959
288406443,267.98392,80.55849,9.8644
288406747,267.98892,81.66213,8.3836
328899848,217.99979,80.347626,9.0146
159119673,193.39732,80.993484,9.5513
159333272,233.12616,81.05474,8.6128
288470307,270.9026,81.21142,9.5531
288470301,270.7367,81.19713,9.3071
288510789,272.46048,80.01031,9.8085
157983821,213.24051,80.74271,9.8758
159119518,193.47232,80.19808,9.6087
288524497,274.07056,80.46249,9.7639
288468466,270.04398,80.7567,9.66087
288524366,274.17056,80.03577,9.24451
159437749,241.52719,80.74636,9.9665
288431266,269.65936,80.66217,8.55827
288516967,273.7227,81.05269,8.2047
159344069,235.01009,81.573006,9.66067
288516817,273.65994,80.575874,9.62753
237108962,257.52893,81.12181,9.0739
235710574,252.11084,80.4156,9.66825
235710810,252.24525,81.280685,8.56168
328901462,219.45142,81.41007,9.2896
328901169,219.26747,80.30141,9.1614
288468229,270.0383,80.00411,5.1926
288468339,270.2948,80.37367,9.88772
288602183,276.31088,80.4623,9.47111
159313727,231.06992,80.230225,9.87043
288524494,274.29886,80.45082,9.2825
328998533,249.31638,80.447624,9.3046
235718338,255.05443,81.89515,8.53281
288408131,268.59518,80.76642,9.7713
288526133,274.7635,80.02292,7.26189
288431321,269.94272,80.84233,9.01714
288514905,273.32614,80.23685,9.42482
237109014,257.6032,81.29849,9.2968
235718029,254.89275,80.54913,9.0337
328899842,218.07394,80.34082,7.2792
288468502,270.3928,80.90446,9.6771
235716445,254.3995,80.256485,9.29958
159312588,230.49393,81.03414,8.6277
328899772,218.28798,80.08176,8.44665
1001637077,214.75266,81.367226,9.2428
288602077,275.8761,80.096855,9.72574
235715172,254.14038,81.15731,9.2227
157985059,213.91306,80.948456,9.5093
235718305,254.82243,81.71503,9.10369
288431398,269.40875,81.2141,8.8228
158014053,215.17218,81.02873,9.0025
237107568,257.05478,81.44124,9.9499
159416582,239.21416,81.40057,9.8973
159510070,247.27914,80.17318,8.3009
237107259,256.84433,80.14417,9.54999
158001906,214.76048,81.05445,9.9681
159420856,240.86023,81.70585,8.8141
159416292,239.14488,80.3125,9.31651
159344023,235.13817,81.366356,8.97314
159416266,239.17126,80.23505,8.4696
159501461,245.57274,80.725426,8.7778
157999789,213.5075,81.821,9.24194
157999664,213.49733,81.23868,9.7234
158013955,215.57495,80.499504,8.7878
157999757,213.91714,81.687416,7.9869
157999733,213.78517,81.538536,9.9687
157999643,213.38477,81.153145,9.1908
157985033,213.90932,80.84754,9.6138
157982696,212.66809,81.02678,9.9572
328935980,225.02449,81.291115,9.4941
235715094,254.1006,80.85957,5.8226
159501649,245.90118,81.43727,8.8606
235710948,251.87949,81.83313,9.5396
329000546,251.01956,81.845955,8.6779
159417870,239.70116,80.77456,9.0887
235711961,252.51045,80.00384,9.8292
235712182,252.59721,80.901886,9.92778
235713628,253.54625,80.948746,9.88772
235713643,253.37955,80.99882,9.96553
159342483,234.66342,80.980415,9.2792
159342486,234.5607,81.00332,9.4533
159342582,234.74832,81.37345,8.7066
159346878,236.15218,80.932175,5.5227
159346969,236.48553,81.272964,8.7007
159508952,246.67186,81.88715,8.65222
288608113,276.564,80.23821,9.3309
235710495,251.83856,80.11787,7.11428
235712125,252.5346,80.67219,9.39
235712428,252.6427,81.875755,9.9729
235716527,254.64673,80.53523,9.4338
235716593,254.66505,80.842316,9.977
159335867,234.21172,80.26841,9.6204
159335944,234.20212,80.614494,6.04928
159335908,234.23557,80.43589,9.8496
159335927,234.02762,80.52291,9.0656
235715196,253.93709,81.239235,6.3597
235714953,253.65938,80.2879,9.0358
237107667,256.6111,81.92076,9.9148
159290616,228.76088,80.217964,9.4328
159297457,229.43436,80.94871,9.46326
237105703,256.3369,80.00467,9.8036
235715006,253.76587,80.51007,9.71966
159439280,242.5082,81.144005,6.99314
462550092,191.04901,81.69156,8.9575
288634838,278.82306,80.06773,9.5187
159454725,243.23006,80.97941,9.5322
159346626,236.14508,80.04067,8.8343
462550112,190.57562,81.7644,9.6316
462547091,218.98135,80.75468,9.8756
462547224,219.02338,81.267426,8.8628
159465012,244.41492,80.94938,7.24435
462549849,191.10843,80.621025,6.21198
159511613,248.19699,80.0817,7.8573
462547076,218.65656,80.708595,8.57204
462547106,218.9385,80.789505,9.7496
159511741,248.14505,80.545555,9.4679
462547051,218.80684,80.62083,9.70946
237106030,256.10376,81.37474,8.28932
237105918,256.016,80.89463,9.74255
288314361,262.39587,81.42694,8.283
288313850,262.92004,80.54162,9.70498
158001967,214.75266,81.367226,9.2428
288381980,265.493,81.374,9.801
1102670625,226.60167,80.01976,7.5746
1102689669,227.19649,81.72227,9.1312
1102658110,239.9201,80.067314,8.0207
471011975,253.9371,81.239235,8.16
159419119,240.60573,80.41288,8.8881
159240585,226.60167,80.01976,7.5746
159417714,239.9201,80.067314,8.0207
159244269,227.19649,81.72227,9.1312
1201390209,240.60573,80.41288,8.8881
237106097,256.332,81.670006,9.733
288162896,222.0158,82.37839,8.7999
288183829,222.5851,82.51194,4.9862
157999907,213.69765,82.46423,9.7411
159415513,238.92104,83.25536,9.4434
159415389,238.87003,82.7045,8.2712
159399108,237.45494,83.205475,9.0721
159399118,237.42223,83.22752,9.7467
159399028,237.40656,82.80675,7.70759
445854503,197.63148,82.22974,9.86201
155636670,202.57027,82.49376,9.56899
445855740,198.7343,82.09774,8.007
445855752,198.77713,82.183495,9.2093
445855773,198.73787,82.27997,9.73989
159418353,240.17735,83.258194,9.812
159418158,240.08629,82.12336,8.8739
445854506,197.9331,82.23276,7.8621
159397498,237.0816,82.35294,7.634
159415478,238.45538,83.081345,6.862
237109238,257.4495,82.17428,9.5273
159297920,229.4437,83.22971,9.5171
158000967,214.0841,82.17136,9.9542
157999840,213.62698,82.0528,9.4685
159397672,236.82785,83.28206,9.94201
158014375,215.32066,82.741264,7.7499
159400561,237.96649,83.11054,9.7115
288185213,223.20149,83.37254,8.2168
159299349,230.1634,83.0854,8.5122
159342780,234.40796,82.3721,8.85966
159297722,229.31073,82.17786,9.0961
159330776,231.45404,82.2201,8.885
288107798,207.19902,82.827484,9.937
159330886,231.88579,82.73568,9.98987
288107727,207.50699,82.31307,9.0017
159330748,231.78069,82.08149,9.1704
155635400,202.1156,82.43267,9.2245
159336435,234.01544,82.817856,7.56925
159416824,239.33838,82.54773,7.4631
288132808,209.78455,82.36713,8.9795
155636657,202.40866,82.44342,9.97775
159336508,234.06996,83.22929,9.7025
367738535,249.77568,82.48096,9.6299
288130468,208.14221,82.53349,9.7968
288160497,210.93842,82.20373,9.9692
288160598,210.59624,82.977295,9.5328
159288580,227.38962,82.78284,9.8493
159288462,227.45001,82.16551,9.4863
159215212,226.0382,82.419975,9.8268
328901608,219.21837,82.01608,9.587
159215187,225.67345,82.27263,9.9247
159501899,245.51497,82.60615,9.0465
159289924,228.15329,82.94022,8.7896
462547471,219.05128,82.38028,9.857
159239262,225.70248,83.425575,8.5941
328901835,219.30591,83.12033,9.65467
367754711,255.76102,82.49789,8.48178
159332256,232.11525,82.5059,9.8328
270526513,251.49265,82.03726,3.4279
159332203,232.46233,82.26362,6.5227
159289795,227.99553,82.22515,9.27146
335661767,217.07294,82.07469,9.36633
159336506,234.09618,83.22121,9.9226
159336483,234.05894,83.09807,9.4285
159215206,225.91136,82.34881,7.78861
159215300,225.89374,82.82458,6.276
157982999,212.16258,82.60398,9.2702
367754612,255.46277,82.16822,9.70846
288131578,208.81235,82.075516,9.6649
288130546,208.12166,82.95051,9.2297
328901862,219.47417,83.22409,9.40029
159539425,247.9732,82.76845,8.8099
288129374,207.59103,82.91294,9.2084
288130473,208.59395,82.55998,9.9076
159213843,220.59541,82.13559,8.7355
159539307,247.96977,82.24237,8.776
367754649,255.46326,82.30736,8.92057
159345840,235.86298,82.94726,7.28507
288130388,208.47263,82.03317,9.9127
159345739,235.5618,82.427216,9.2123
159345743,235.97133,82.44015,8.8319
159347266,236.4713,82.37007,7.81917
328900373,218.05006,82.88239,9.60124
335661761,217.16725,82.0543,9.23419
288129368,207.5945,82.878456,9.6061
335661863,216.85971,82.55815,8.75922
288133940,210.19553,82.36823,8.4124
159212764,220.31328,82.74464,8.3698
159212711,219.91212,82.46339,8.1687
328901699,219.23595,82.46554,7.45339
235715474,253.65231,82.52264,7.6712
157984148,213.28986,82.38373,9.6751
235713899,253.33714,82.04215,9.7256
288240164,224.69356,83.19125,6.8156
288240134,224.82439,82.986336,9.02119
310002496,217.52122,82.76918,9.5557
159241541,226.62093,82.08346,9.34212
159241649,226.4522,82.33553,9.55155
159241821,226.70839,82.75641,9.0606
288242930,258.67538,82.33078,7.4075
159244765,227.23737,83.047455,9.8783
288240183,224.85258,83.32774,9.0124
310001158,211.99109,82.73457,9.6225
288241383,257.99847,82.13561,9.6399
159212798,220.11815,82.90335,8.8847
310001044,211.71695,82.17731,8.8518
310002527,217.84877,82.95333,9.45103
328900412,218.1595,83.15366,9.69751
159439669,242.19225,82.97844,8.7888
155655690,205.01347,82.74719,9.7381
159453568,242.98125,82.44079,9.5017
159463916,243.87234,82.44887,8.9787
159439489,242.51045,82.07896,7.78605
159465293,244.46846,82.030106,9.3593
159453559,243.05153,82.400246,9.59736
159436661,240.93956,82.47333,8.39915
159466734,245.24686,82.082184,9.95492
159455127,243.31601,82.6319,7.58565
159465467,244.41075,82.78258,9.7685
159454999,243.4107,82.087975,8.49804
310002563,217.65862,83.13722,9.902
155670136,206.6118,82.52964,9.98986
159415253,238.77359,82.002426,9.4191
159397669,236.9004,83.27381,8.24377
284183146,205.59662,82.75242,5.07586
288240055,224.85873,82.464905,9.9853
1001647643,204.53438,82.63518,8.649
1001651765,218.1595,83.15366,9.69751
1102701578,235.37373,83.28871,7.763
1102698813,238.77359,82.002426,9.4191
1102691467,224.85873,82.464905,9.9853
1102695544,220.11815,82.90335,8.8847
1102701768,236.9004,83.27381,8.24377
159344473,235.37373,83.28871,7.763
155640426,204.53438,82.63518,8.649
