ID,ra,dec,Tmag
1002765071,201.07661,1.3997228,7.6182
325275315,176.93498,0.8045569,8.24327
374268398,159.08157,1.230384,9.775
374268503,159.03801,0.68620026,8.1769
381715947,196.98439,1.3380762,9.1541
953324142,185.10638,0.58356845,8.4745
374200936,158.07336,0.38801023,9.7122
953156674,199.7268,0.5057763,8.5527
953202413,196.98439,1.3380762,9.1541
953156675,199.72667,0.50557506,8.754
35019799,179.82892,0.018328,8.625
377170528,185.10638,0.58356845,8.4745
393641326,199.7268,0.5057763,8.5527
344955311,152.09895,0.609175,6.391
393715853,201.07661,1.3997228,7.6182
344957504,152.30367,1.257918,8.557
277697283,153.42987,0.522214,8.456
841818838,158.07336,0.38801023,9.7122
841819587,159.03801,0.68620026,8.1769
277833306,156.30562,1.000805,8.819
376850415,181.16443,0.759595,8.753
425283213,168.292,0.2388,8.636
277811540,156.01395,0.5123808,9.7274
277811452,156.06927,0.75691473,8.8045
381711711,196.69826,1.5239942,9.41664
381712731,196.90256,1.4744401,7.0075
381712563,196.92519,0.935111,9.349
381711578,196.78706,1.8760817,9.29531
262733086,149.27492,1.7530167,9.2542
262733274,149.20029,1.3511262,9.2954
393726744,201.24902,1.8234247,9.6537
393728254,201.40096,1.9222882,9.4767
281746233,163.18549,1.7431961,8.2048
281746741,163.16507,0.48387665,9.3919
281746865,163.21799,0.15620704,9.07824
281746401,163.19212,1.3401773,8.6656
281746715,163.19913,0.5905944,9.85139
66666726,184.71573,0.010008107,8.8257
281747292,163.27518,1.0228844,9.4363
35019784,179.63733,0.038598377,9.0587
380576522,174.33345,1.9374135,7.7448
374338009,160.64445,0.30698177,9.9579
374337838,160.55975,0.23140731,9.9896
374338222,160.59085,0.8621411,6.5804
381755022,197.64354,1.8854449,9.373
374337706,160.47289,0.55619484,9.0938
281907813,175.40547,1.9235936,9.1232
281908638,175.53214,1.0114728,9.3078
514773484,162.20386,1.4032843,9.7148
376855931,181.47379,1.9873312,9.5626
376852910,181.31937,1.7068831,9.2686
376856149,181.46169,1.305506,8.60162
377297698,187.30289,1.1765715,9.2647
157858275,204.35213,0.028417036,9.0839
397101779,205.18253,1.8850622,6.978
393700811,200.46027,1.3953707,7.9698
374349739,160.73009,0.8760667,8.9749
377170669,185.14182,1.5147794,8.7942
365182876,204.20149,1.8851831,8.0824
411233957,194.50392,0.38957143,9.3081
396951217,172.87308,0.48069134,9.556
365177006,203.86751,0.6274711,8.9748
301589057,168.58392,0.8867375,6.2579
301589059,168.61487,0.8924641,8.1195
381726914,197.253,0.45958197,9.6027
366711388,182.84361,0.28796846,9.4386
366711287,182.71365,0.5321259,9.2676
393632174,199.36497,0.79506826,9.3237
363459466,169.75262,1.2117286,9.8512
350544519,189.97401,1.1456754,9.7557
411238208,194.96126,1.2673281,9.6217
411238273,194.9357,1.6783049,8.97
411277285,196.30849,1.667484,9.1803
411277564,196.40244,0.13726364,9.3774
366711375,182.85583,0.19378899,6.5612
363459391,169.729,1.6503973,5.0152
363459384,169.77611,1.7018114,8.3751
363459794,169.81479,0.72333753,6.47765
411237706,194.79137,1.7321144,9.6583
337733971,179.53647,0.1778151,9.3105
393727837,201.3176,0.8497382,6.38112
365066081,201.94124,0.27997312,9.0759
366786793,198.0459,1.4757276,9.5092
366787348,198.25543,1.6174839,9.295
366787324,198.24689,1.4652447,9.9249
301629281,178.5381,0.9802749,8.9094
412753134,193.71553,1.4378543,8.4273
301676462,178.51999,0.3391052,9.31607
393715337,201.02417,1.2053424,8.1022
376920428,205.58916,0.9970351,5.9833
376924362,205.83382,1.5255358,8.598
366742604,188.44162,0.6704561,9.6499
380766421,193.14194,1.9436488,7.0239
425281404,168.19981,1.5364661,8.0675
425281090,168.02246,0.22134754,8.3117
425281261,168.12787,0.72257507,9.4997
411235759,194.62936,1.1331878,9.4355
411235882,194.58472,0.3245767,8.924
411235977,194.70006,0.3719785,7.423
374312260,160.00691,0.86993176,9.1281
396999357,174.61859,0.51746774,8.9069
301578294,167.48087,0.725444,9.8511
388939968,188.25783,0.54430556,9.4902
374312359,160.06494,0.3446675,9.6791
374312406,160.05896,0.13250299,8.2117
366756574,188.80571,0.2277671,9.6089
365204376,204.71387,1.6119167,9.27926
393715630,201.1707,0.33115283,9.3649
388940040,188.28503,1.0439938,7.36979
374312166,159.99348,1.28791,7.208
366756533,188.6406,0.18880555,9.0293
393727134,201.28206,0.97007483,8.8012
374268988,159.13475,1.9311894,9.7858
397023455,176.28009,0.90945375,7.6114
262734626,149.40767,1.6394923,8.2188
275248808,147.90091,1.650244,9.7346
381715724,196.96773,1.9155357,9.62519
381725192,197.13737,1.1129853,9.5181
381725194,197.13733,1.1147325,9.6262
393713403,200.90578,0.5190103,8.7487
365182768,204.30373,1.3144985,9.5141
381715963,196.96056,1.2963556,9.4823
381725296,197.16344,1.7749374,9.95858
365065973,201.97522,0.81139576,9.62188
350544112,189.86195,1.0329133,9.1195
365158536,203.54662,0.09649332,7.2791
363459334,169.7024,1.9495399,9.39373
363459649,169.76927,0.14681013,9.0482
388932530,188.08401,0.438734,9.57103
376876807,181.91698,1.6022058,8.7416
376876985,182.00246,0.6213033,6.6026
350544477,190.00774,0.89911443,9.44674
411277846,196.3801,1.7999363,9.59231
411237828,194.78299,0.9961721,9.9833
411238020,194.92848,0.30748403,9.4892
411277423,196.26463,0.8599796,9.9508
411238230,194.88977,1.4546711,9.83411
350565696,190.5124,0.4952466,7.71019
393713584,200.83633,1.4101725,9.31966
377261791,187.07072,0.5975114,9.8415
380766769,193.26985,0.33374983,9.0829
425281171,168.1879,0.34801245,7.97478
380672053,191.38945,0.9868193,8.39043
446675743,179.2615,0.62450886,9.0259
277735664,153.84418,0.6578699,9.5083
366742597,188.43825,0.709975,9.82862
365176763,203.92363,1.8693492,9.8277
365177095,203.95006,0.2243803,9.96037
262812183,184.43239,0.031620584,8.9502
366786763,198.10257,1.6594439,9.55408
377259749,186.85707,0.19945768,9.12
35088268,180.62596,0.04154324,7.4026
422244222,191.10576,0.5367528,5.9721
377259998,186.82336,1.7714449,8.3396
325275550,177.07213,0.775224,9.8251
397075158,205.0333,0.77695656,8.2728
380675890,191.91888,1.6855985,8.2214
380675966,191.96443,1.1822268,8.7934
380695498,191.87723,0.4387815,8.2395
380695717,191.9858,0.85205996,9.5395
380542808,173.45184,1.439132,9.7537
380543345,173.6034,1.7421741,9.8016
380542758,173.45439,1.7522385,9.2807
365094678,202.84648,0.29743603,8.9635
380695585,192.01118,0.23565353,9.875
365126261,202.90405,0.78792626,8.1256
411188400,193.78835,1.4852234,7.9599
380543359,173.59987,1.8599696,9.70918
381756617,197.74086,1.2648844,9.9838
262733056,149.3134,1.8149137,8.4501
344999640,152.6725,1.9327449,7.9079
301538580,166.50934,1.2106657,5.1026
301539103,166.6465,1.8802763,6.3533
281746139,163.18872,1.9616189,9.7473
301539114,166.72586,1.955526,4.6537
380154237,172.24438,1.0938555,9.4847
344999162,152.52061,0.22331522,8.2905
374171283,157.7202,0.45649308,9.3769
365088988,202.49998,1.4201705,9.7365
301538662,166.57278,0.77429503,9.67
380154279,172.23251,0.7794039,9.3434
380154299,172.2997,0.6678502,9.6569
281887192,175.18541,1.5450412,8.9047
281887316,175.20601,0.924083,9.9202
411235649,194.54475,1.7722337,9.45206
377228925,185.87743,0.7124124,8.1857
393712995,200.8002,1.6489874,9.9283
381727125,197.38387,0.74323255,8.5332
381734468,197.38885,0.98777133,9.63865
381726880,197.25531,0.65594006,9.1549
381726724,197.25165,1.6627244,9.51996
381726736,197.26389,1.5492669,9.50002
411239923,195.01907,0.3075347,5.6214
345031474,152.71722,1.0051912,8.0031
397059890,189.55426,1.9798875,6.9151
397059905,189.59335,1.8546615,3.62672
397023361,176.27307,1.5787208,7.1134
411239786,195.11703,1.2477617,7.6268
411239788,195.0001,1.2195792,8.0801
393648624,200.10127,0.6331749,9.1659
345031273,152.71277,1.7721555,9.1246
374180060,157.96094,0.7930301,9.8001
397023355,176.27986,1.6242322,9.6208
366659625,177.61205,1.0067974,8.7052
277895080,157.47559,1.5884067,9.8848
277895340,157.53154,0.34419516,9.7167
325273746,176.91798,0.6137911,8.9722
377230535,186.01527,1.993012,9.7861
411239834,195.02884,0.9587343,9.6105
411249782,195.36174,0.6734089,9.9936
411256283,196.18542,0.29512596,6.2221
365071430,202.29042,0.8924547,9.7293
411256315,196.19269,0.45928353,9.112
377172153,185.19014,1.2996461,9.5825
344957715,152.27408,0.38247922,8.8627
376886275,182.32805,0.38551164,9.711
380671974,191.44487,1.4538442,9.7686
388924717,187.61925,0.5744083,8.4652
393672307,200.38998,1.788214,9.2203
262734467,149.32816,1.2281191,7.6171
376886305,182.29091,0.54357076,9.0075
397052497,183.69951,0.0672259,9.4287
380671987,191.4334,1.3813728,9.8054
301605258,168.90244,0.57341933,7.443
277697200,153.34618,0.11886432,9.9838
455274775,146.62521,1.7038965,9.04728
374296925,159.91171,1.636723,8.3855
275248866,147.9305,1.4420615,9.3398
377249833,186.42912,0.5157728,7.961
374367058,164.94829,1.07855,8.7066
366721205,182.92549,1.1249719,9.9499
388924633,187.60835,1.05086,9.9677
350544172,189.79424,0.6662318,9.943
411218152,194.35907,1.1788344,9.0096
393671990,200.28783,0.30535892,9.8538
277913951,157.6544,0.22775322,9.0954
377263348,187.18849,1.6430851,9.5279
377230887,185.93959,0.056497134,9.7249
393648394,199.96779,0.7033011,9.6288
363550570,171.7544,1.5078815,9.3517
365126728,203.01819,0.9537804,9.5097
281777857,163.49586,1.6265776,9.1928
421192515,178.61012,0.11033331,9.8786
281885667,174.99725,1.512303,9.6362
365198538,204.40712,1.4690164,9.4562
301605381,168.88457,1.2814046,9.80462
344957384,152.2571,1.7975514,9.5648
277696806,153.2038,1.9901011,9.4673
397011954,175.88226,1.9219447,9.0331
397011550,174.81746,0.9705873,8.3971
344957503,152.30353,1.2590334,9.8489
363550521,171.72643,1.288844,9.7345
82089124,196.9876,0.0707625,8.7334
365158538,203.54758,0.10729647,8.7467
301554460,167.2078,0.24456786,9.3236
301554520,167.13287,0.42007244,9.068
281907937,175.45326,1.5558372,9.2188
380674428,191.75987,1.0864625,9.1928
380674465,191.79578,1.3206146,9.3435
380695888,192.04538,1.7674991,8.89824
380695446,191.92621,0.6873401,9.79022
455285205,147.51189,1.7935886,8.3339
381712438,196.83214,0.5849344,7.0904
325254655,176.725,1.6042151,6.7784
393641663,199.91115,1.2632483,8.982
281706152,162.20366,1.4033798,9.1668
345074144,155.23271,1.9063418,8.8051
377261391,186.9263,1.8374255,8.3571
377261453,186.9853,1.4568093,8.9412
374209934,158.39767,1.3679496,9.98849
344955457,152.17194,1.1608013,6.3246
344955312,152.10023,0.6093234,8.1037
374238953,158.75517,1.218041,9.3711
374338206,160.60126,0.8241918,9.48088
397027515,183.41321,1.8946557,9.28007
344999096,152.49219,0.5025355,9.2311
281887324,175.12682,0.86782527,9.07475
374171339,157.72678,0.80101466,9.6451
281887678,175.2489,1.3897916,9.9933
344998884,152.53094,1.4481559,9.18877
344999511,152.58835,1.3403021,9.5584
380154286,172.31468,0.729411,9.1315
380154551,172.46468,0.8105453,9.61471
365125928,202.94559,1.5315231,9.50176
397074718,198.81978,1.6756299,9.01724
301538492,166.51578,1.6820183,9.4382
344952754,151.88882,0.9182892,4.7204
377248190,186.30998,0.7697043,5.7869
376796794,180.48836,0.081907034,7.0885
396972639,173.25934,1.2859125,7.3071
277957988,164.88817,0.62562793,9.0312
277957907,164.89746,1.0853972,9.9116
363531539,171.08185,0.3215492,9.4975
286362402,191.22658,0.33143488,9.5871
363531747,171.00969,1.407764,4.56808
363531845,171.10715,1.917762,8.0418
281885341,174.89734,0.40160936,9.5484
365089298,202.53264,0.34430227,7.705
365094725,202.78108,0.54263085,9.1801
411251872,195.51349,0.40573242,7.277
366740944,183.29144,1.3663119,9.0799
130689601,188.78804,0.0976947,9.3348
363477850,169.9836,1.0162534,8.9558
377170442,184.9733,0.05323465,9.603
365224604,204.92268,0.6865495,9.89599
363531835,171.04684,1.8442101,9.1819
380546716,173.93887,1.1901072,8.7002
374273060,159.50069,0.19333567,9.0027
281707868,162.31677,1.3888122,8.8556
281724228,162.4036,0.33394602,9.606
281724338,162.43352,0.94471675,6.8555
286362223,191.17447,1.3866187,9.3772
366721552,183.0329,1.1697026,8.3539
291109987,190.59894,1.6158887,8.4091
350546168,190.04053,1.7270918,8.4476
350546468,190.03192,0.34131488,9.8719
350546478,190.13977,0.28653276,9.2393
350546566,190.1681,0.26360634,8.7867
380699556,192.5105,0.6655566,7.2901
277870839,156.73538,1.7800615,9.6722
281707907,162.29471,1.1832479,9.4248
365065844,201.91196,1.4736814,8.7574
376917988,205.40942,1.290435,9.2226
377230598,185.95868,1.6508566,9.7669
277673195,153.12103,0.8165027,8.4946
366777862,189.16667,1.4808617,9.4434
376784600,179.84976,1.8267107,5.5352
380699220,192.3889,1.4750189,7.1399
380699261,192.41447,1.2355561,8.9887
366803974,198.48985,1.456446,5.2866
366805552,198.56967,1.2232804,8.3649
376786524,180.1531,1.3119946,9.2014
277735895,153.8451,1.7270776,9.5089
281782366,163.80406,1.6820086,8.7977
377231081,186.11249,1.359923,9.7767
262933632,184.73764,0.5494988,7.897
380699232,192.4092,1.4253383,8.9352
281707772,162.35954,1.9079769,7.7606
344952106,151.75381,1.7515918,9.9778
425278779,167.74979,1.3158221,9.0303
149952028,184.11607,0.9116406,8.0229
281731290,163.0358,0.9569058,9.6
281731319,163.0869,1.0728568,7.8622
277673241,153.12584,1.0226017,9.7076
281782020,163.67618,0.45460087,8.9232
425312442,168.55754,1.0729855,8.2433
291160122,190.90936,1.7851636,9.7145
262933665,184.78664,0.8236962,9.2446
277672905,152.94798,0.83075356,9.8584
262933681,184.78697,0.91276056,8.1904
344888867,150.91711,1.006847,7.9463
277735661,153.82225,0.6373912,9.3458
425283255,168.38594,0.12081591,9.3806
443589005,168.32413,0.1080318,8.7453
363531411,170.87819,0.46002102,8.3033
363547889,171.45415,1.8723202,8.1237
363548047,171.41263,1.0239003,7.826
380575755,174.19948,0.6946193,8.9109
275252422,148.26952,1.1416949,7.5177
277871061,156.76465,0.7913388,8.2673
277735369,153.75279,0.8192033,7.2084
366711527,182.79573,1.1653235,8.7649
363571162,171.84457,1.3738552,6.6415
363571179,171.88948,1.301494,6.5668
363571250,171.89174,0.9561529,6.2746
397060242,193.40019,0.11143087,8.2025
397068259,193.44354,0.35398966,9.4823
411250130,195.37679,1.5203108,5.2732
397027350,183.47101,0.83383644,9.5181
277888779,157.37465,0.11746633,9.6031
277735314,153.77194,1.1114838,8.8415
281883689,166.01878,1.7893194,9.2083
397027494,183.41771,1.7774539,9.4137
350565242,190.38464,1.997695,8.4656
350565388,190.34996,1.1650982,9.9982
397068223,193.52422,0.54313225,9.9495
377261383,186.97139,1.8704752,9.0066
345036355,154.62822,1.5702591,6.6273
281794283,164.04387,0.43293515,5.4779
377249983,186.57013,0.5147493,7.3833
365203983,204.58856,0.4762603,8.3485
393639352,199.61993,1.2463881,6.6356
262734217,149.40694,0.7466361,9.3343
380576071,174.34033,0.53283465,9.68129
345036540,154.53363,0.7169061,9.3701
365059122,201.64087,1.7333769,8.3869
363457660,169.62532,0.5582006,9.0471
344888598,150.8056,0.31103575,9.7727
281850101,165.78148,1.357993,9.9061
425283373,168.35918,0.86843425,9.5436
275252410,148.32664,1.0942544,9.6516
365203776,204.60991,1.5562823,9.37258
363547876,171.38669,1.9673277,9.916
425312331,168.48131,1.6354218,9.89228
345036823,154.75275,0.5492382,9.8996
455277453,146.8195,1.576934,9.5254
286036860,205.92688,1.9588438,8.4654
377189106,185.50343,1.0464545,9.29771
173146721,172.97972,0.006833461,9.34649
277888583,157.23146,0.84100044,7.55839
281701015,161.8881,0.8809641,7.9741
281701069,161.87595,0.56678927,9.5648
345073869,155.15657,0.58022696,9.9837
281706066,162.26242,0.954071,9.8384
262714280,148.96393,0.841917,9.9984
281908127,175.42513,0.9936153,8.76051
281908132,175.3661,0.9503839,8.87137
38133324,170.44876,0.01726949,8.4905
366784909,197.85538,1.0782703,9.3784
366785249,197.98495,0.83627987,9.48931
393629545,199.06137,1.2407385,9.9566
393727000,201.23256,1.1679683,9.58661
82073040,196.62129,0.051164232,9.91292
365158631,203.52861,0.49906006,8.25428
393630029,199.21602,1.240229,7.0556
377188969,185.47086,1.91178,9.5276
380674301,191.83995,0.32183543,9.90994
380674488,191.77437,1.4806064,8.4969
365158924,203.47757,1.8497972,9.24177
366784901,197.85788,1.0975448,9.5328
393630075,199.1411,1.4534087,8.87453
281817288,165.15239,0.3787576,8.8138
281885747,175.05057,1.9554408,9.8137
365060682,201.75415,1.2301381,8.5036
397013241,175.97363,1.7842234,9.7377
281885681,175.09268,1.5991094,8.32574
281817338,165.26547,0.047041878,7.20605
281885553,175.10033,0.9521624,6.70705
411255916,196.05403,1.9550686,9.1905
411256274,196.13371,0.25224108,9.40736
393700769,200.5415,1.6325597,9.2819
365198667,204.33122,0.7072531,9.99281
393627810,198.92212,1.3175553,9.8235
380545064,173.85297,1.1577709,9.9182
363545998,171.21144,1.245895,7.5555
380730754,192.82758,1.0853646,7.8144
281838408,165.34547,0.22309442,9.745
380729270,192.6977,1.8103048,9.6436
363546145,171.20306,0.37916088,8.6603
393641665,199.91101,1.2641736,9.0925
374209925,158.49641,1.3278157,8.6852
374209949,158.49648,1.4464866,8.4367
281908705,175.5181,1.2486728,8.6109
281883701,165.99977,1.8328391,8.2284
287415947,205.69145,1.96878,9.9827
365155203,203.38301,1.0952841,9.6331
277875133,156.8173,1.5148473,7.4146
344954714,152.00407,1.9277109,8.5902
397060065,189.57785,1.0245225,8.854
374355986,160.95135,1.063665,9.3666
344840733,150.11615,1.3053023,9.8854
344840833,150.1531,0.82955587,9.1882
397060207,189.63437,0.21733792,8.0026
365155073,203.44751,1.722316,9.3838
374209868,158.42235,0.9793549,9.3939
344840711,150.14311,1.4273876,9.9829
374356134,160.96619,0.2893777,9.88745
381756543,197.71779,1.7256234,8.21255
325252838,176.54254,1.6875374,9.55642
325252858,176.56004,1.5423598,8.8945
325253117,176.63292,0.35508943,9.56943
365126177,202.87598,1.047732,9.6986
363478178,170.07307,0.89907587,9.0868
350542386,189.70967,1.6751654,8.7076
281929821,175.66183,0.10609039,9.9545
281796258,164.25008,0.30797005,8.9136
374296561,159.7239,0.30180782,9.7662
277895116,157.46437,1.3569274,8.3778
455252186,146.09856,1.9679973,6.61392
376876965,181.90736,0.70854104,8.3451
363478056,170.06589,0.2741211,6.829
365125818,202.98665,1.7202802,8.37127
281796385,164.22595,1.063052,9.4782
388916964,187.55392,0.9368954,9.7019
388917032,187.5755,1.280386,9.3503
381736211,197.44682,0.8589773,9.841
365071562,202.3576,1.6000754,9.0364
455252157,146.13696,1.831176,9.7314
363477773,169.92664,1.4234569,9.8611
363478117,170.10742,0.5662813,9.9308
277833225,156.23865,1.3311651,7.3914
277713049,153.63731,1.6120428,9.0613
277833718,156.39543,1.0828522,7.54915
277768683,154.21509,1.7977911,6.4697
374272901,159.56665,1.0873493,9.8907
277833340,156.23811,0.81654996,9.711
277712375,153.46718,1.6093354,8.8654
277712574,153.50734,0.7431935,9.8767
277712632,153.50282,0.46890837,8.7175
397013481,175.98534,0.44395095,9.5839
397013477,176.02766,0.453702,9.4076
281726178,162.5294,0.99679065,7.6628
455305980,147.62906,1.8275712,7.0662
301627318,173.34796,0.8033977,7.603
374201271,158.15129,1.586957,9.8465
277893281,157.35696,1.6429415,9.313
455306011,147.67485,1.6986274,9.5013
411216242,194.11473,0.35697642,9.3742
366804018,198.50536,1.6456217,9.7615
376864796,181.62932,0.7350298,9.9505
363531648,171.06755,0.92560995,9.9467
393701287,200.66676,1.2624718,9.83959
411251837,195.56999,0.55369025,8.03773
374314923,160.42351,1.2342478,9.26953
345077705,164.67418,1.6939571,9.71718
149968093,184.55688,1.9459058,9.9237
262811988,184.39252,1.0879195,9.8491
411251875,195.59653,0.39845863,9.97129
411251965,195.68857,0.28550065,8.44828
411252090,195.60811,0.95056397,8.89446
366804016,198.42531,1.6428391,9.9824
345061994,154.80328,1.5203599,7.697
281726286,162.55788,0.35434285,8.2231
455306155,147.7151,1.0509278,9.1178
374200794,158.06937,1.1253061,9.7814
344909731,151.40105,1.6901132,9.6452
455305990,147.71681,1.7916207,9.8938
366682928,178.07944,0.8774844,9.3639
363497538,170.48007,0.29115146,9.3456
301627144,173.3729,1.8254944,9.6165
301627224,173.38068,1.341805,8.7567
411216216,194.0378,0.52093846,9.4728
377250195,186.61348,1.8102525,9.24892
363445699,169.44604,0.7913044,8.021
345036944,154.7127,1.0948354,8.38245
365203795,204.63898,1.4711173,8.52837
365203839,204.63008,1.2549387,7.71911
393639320,199.60692,1.0460229,8.6676
281746725,163.14067,0.5221336,9.6761
366699652,182.5112,1.1903578,9.90693
366776497,189.01193,1.7243881,9.78097
277777365,155.66327,0.55471236,8.494
376886356,182.37871,0.80338436,9.2631
377249704,186.39566,1.283961,9.16926
301605264,168.90448,0.6087361,9.51223
363497572,170.48778,0.05240858,8.31575
363497583,170.53676,0.12395882,8.4671
35019798,179.82895,0.01978506,8.82487
388924853,187.80444,0.33794972,9.4322
376786113,179.99608,1.2114552,8.9741
363618150,172.80391,1.0718071,9.621
397011467,174.8534,1.5453821,9.24293
393672270,200.34781,1.5857571,8.74343
455274780,146.63531,1.718936,7.2555
455274792,146.59837,1.7855905,5.3221
388924665,187.71117,0.8545525,9.3566
388924911,187.72618,0.66478354,7.9226
411218105,194.35931,1.4279965,6.4706
277697265,153.37543,0.43828532,8.38596
277696810,153.21465,1.9744768,9.16953
376886138,182.18277,0.57357824,9.67744
393672177,200.39027,0.96167487,9.31197
363618234,172.80739,1.5680898,9.88217
281705649,162.13522,1.3272598,9.1588
376758233,179.88895,0.16442661,9.11992
397011431,174.86768,1.7095978,9.7733
393648467,200.052,0.30792233,9.9603
393671982,200.24843,0.35662368,9.603
397011479,174.85257,1.4228795,9.9485
377263450,187.22575,1.148526,8.0903
350546789,190.17767,1.298443,8.87123
365088941,202.38834,1.7080144,8.2234
411249819,195.31691,0.4997458,8.8372
393648222,200.00887,1.6101109,7.98604
377263356,187.15376,1.6171845,9.1023
363550117,171.65117,1.0552346,8.0543
376850399,181.12193,0.6978563,9.01063
82070469,176.82906,0.103864655,9.3671
325315797,177.36693,0.6091451,8.353
363477958,169.91034,0.43158558,9.7572
376797098,180.64854,1.6219726,9.57622
376797035,180.6073,1.3311546,9.71431
376850010,181.05356,1.4620378,7.49928
376796789,180.48732,0.10208575,7.4736
365224537,204.89302,1.0883684,7.4617
366723262,183.27086,0.24021481,8.53291
393728149,201.35818,1.6408379,8.23418
376866949,181.8888,1.420344,9.7265
277673015,153.0096,0.26666397,8.8263
377230912,186.05658,0.2209831,9.1038
281794209,163.8811,0.09429785,9.4314
376866760,181.8174,0.42129716,7.9066
380699270,192.43678,1.1880386,7.47
277673211,153.13962,0.8925812,9.05473
377230972,186.07753,0.72864497,9.0283
425312588,168.52802,0.31611627,9.34198
366804038,198.48001,1.7636269,9.5072
366805573,198.5493,1.0845793,9.5548
380699224,192.37274,1.4683064,9.90121
281783940,163.92665,0.7369193,5.546
377230617,185.91061,1.5228047,8.5996
281794206,163.90848,0.12286295,7.85426
366805719,198.54396,0.1641603,8.75451
344988361,152.35681,1.9240198,9.2861
277672726,153.04257,1.6014112,9.82833
376866403,181.76984,1.6445881,9.6046
376866848,181.80486,0.8996428,9.1731
397075330,204.95139,1.6727072,9.35624
281782143,163.77188,0.48314136,9.764
277673440,153.15614,1.8829668,9.8109
381712440,196.83206,0.58689237,7.5509
281726625,162.76167,1.4812044,9.502
325254679,176.78653,1.510191,9.0661
380544998,173.90054,0.81493324,9.2402
281726474,162.78856,0.78605795,8.0575
281726602,162.80353,1.3903825,9.20341
363546201,171.2631,0.115859814,9.30963
380544657,173.6883,1.495834,9.2641
380544775,173.71365,0.6089176,9.526
380729263,192.74014,1.7673385,9.33568
380729287,192.77197,1.8682569,9.27829
380730695,192.83858,1.4339678,9.28227
281838243,165.33595,1.3064231,9.6462
275185415,147.83162,1.4108262,9.1008
277840421,156.63368,1.0412925,9.1823
377259453,186.74942,1.5662228,9.792
425279013,167.7817,0.32533175,9.37962
397025357,178.45949,0.5521148,6.10591
397025283,178.39821,1.0768844,8.82984
281930049,177.45363,1.4429185,9.9967
291110033,190.6216,1.3290684,8.4344
365089053,202.44618,1.0953479,6.2867
350546294,190.05489,1.1042519,9.7929
374273000,159.54881,0.56915504,9.9458
281730930,162.9419,1.0959991,7.4343
262686607,148.64368,1.2080275,8.8106
262686764,148.61104,1.9270027,8.6023
374209678,158.49759,0.08001236,8.6588
281731405,163.0564,1.5755141,9.8755
374272815,159.51346,1.4951583,8.6064
277877360,157.06595,0.33598104,9.5731
301627571,175.82094,0.76303774,9.81
363477870,169.92403,0.8786197,9.7876
149969467,184.891,1.9261839,9.91705
277895096,157.42596,1.4911221,6.3299
281929922,177.44273,0.6388899,9.5094
301627457,175.83295,0.18518384,7.74481
301627569,175.81921,0.76114595,9.8794
281795984,164.19496,1.5149969,8.8311
291156094,190.65721,1.6252166,9.206
365089530,202.55627,1.4281862,9.08606
374268304,159.07361,1.7369289,7.9454
345078350,164.6989,1.7292148,7.08001
425279148,167.92474,0.63378453,8.9555
363516679,170.8248,0.13204536,4.74285
173164656,173.4057,0.1038521,9.9786
396956559,173.09776,0.59601784,8.9262
366699517,182.42213,1.897891,4.9973
318092866,161.58514,0.08467478,8.3973
374268283,159.0664,1.8439027,9.1511
277839987,156.46039,1.0474097,9.4177
377247856,186.16968,1.3839341,5.9225
262933722,184.75398,1.1659708,6.7732
363573162,172.1661,1.8711591,7.5589
363573260,172.19608,1.2038277,6.9959
380546881,173.9469,0.20952936,8.0343
175709522,193.91005,0.055290855,5.9291
344927168,151.64508,0.76572186,9.9708
374366829,162.71133,0.5283745,9.8929
344926963,151.5005,0.4456148,8.8777
366776324,188.96077,0.6081246,7.8845
380546997,174.0852,0.59707856,7.329
345034463,154.48204,1.6289232,9.5889
277712948,153.54863,1.1152134,9.59005
374350330,160.84442,1.9190696,7.80001
277798459,155.8264,0.84285265,9.58839
277712336,153.51515,1.7525721,9.4438
345073704,155.06827,0.30675074,8.4726
277777030,155.52354,1.1611743,7.9168
277713070,153.56358,1.7420404,9.74855
277798675,155.91463,0.3432256,9.0836
277713012,153.60266,1.4680222,8.82614
374239490,158.95082,1.7705156,9.1403
453055307,145.55801,1.7642419,7.6397
365204192,204.77734,0.7267215,8.4498
396999129,174.53917,1.9263588,8.7934
366756344,188.58423,1.4557496,9.4872
374312510,160.19873,0.51010406,8.7282
345034302,154.48137,0.85012794,9.8313
345073474,155.04239,1.4652591,8.1095
277777316,155.69168,0.29600203,9.0416
262933764,184.7527,1.3804449,9.8967
396956686,173.12302,1.432134,9.9841
365204412,204.76778,1.8030839,9.9899
275252382,148.32538,0.98464984,8.97044
277735160,153.7374,1.8983892,9.21915
301499901,166.33923,1.2384615,9.394
344927220,151.72281,1.0300578,9.6433
366776261,188.96556,0.2322635,9.0907
425283088,168.25916,1.0096387,9.4973
425283375,168.40834,0.88717204,9.34503
363548040,171.42918,1.1003606,8.73419
363571237,171.91867,1.0285027,9.50966
365199173,204.56113,1.8217568,9.4037
380546964,174.03989,0.34033826,9.4102
374224757,158.63675,1.7610251,7.1391
277871039,156.70828,0.8758759,8.9705
425283218,168.21481,0.22075643,7.8864
363571665,171.97041,1.4740664,7.915
277870987,156.70625,1.1650319,9.64017
277871010,156.77936,1.0525984,9.0695
277871057,156.7666,0.8084764,9.07067
453057297,145.67432,1.7961458,8.4231
281883390,165.90547,0.24060135,9.52255
301500194,166.46503,0.60752153,9.159
397058088,189.36833,1.6587838,9.4751
425283271,168.41965,0.19018705,9.95361
412130187,184.0223,1.9535694,9.76915
374364695,161.25468,0.7559056,8.7303
7983154,156.95998,0.012754569,9.7957
277888876,157.36888,0.55419904,9.79605
455271255,146.27257,1.8708358,8.09737
455284481,147.43475,1.8260576,8.5419
374239421,158.90218,1.4070176,9.6842
275249551,147.99785,1.4608115,9.52533
377297725,187.33614,1.315104,9.8422
275358021,150.04066,1.2789918,9.8187
281731260,163.06018,0.85187316,9.3403
345032146,152.86934,1.9928201,9.9089
344890818,151.0163,1.695671,9.7792
275357817,149.93489,0.3539747,9.7682
344891153,151.01569,0.17156768,9.1667
344891044,151.01251,0.59161353,9.21891
281731203,163.03241,0.49335715,9.9623
345031976,152.85196,1.2489339,9.4258
277914126,157.63887,1.0307204,9.69141
366682826,178.06409,0.24727194,9.4037
366682836,178.06096,0.27379993,9.8274
301627201,173.30008,1.5010885,9.831
366777934,189.09138,1.0449128,8.4196
388925004,187.81349,1.1248146,8.6674
277811652,156.05064,0.20995988,9.11621
366778332,189.26485,1.3661456,9.6563
388924997,187.7973,1.0846659,9.7002
388925039,187.8109,1.3269601,7.33896
388925041,187.7979,1.3316375,8.2054
363574389,172.37946,0.22721961,9.3504
411216150,194.05368,0.83513916,9.628
366778225,189.27113,0.82590365,9.6512
344908963,151.3582,1.9848387,9.81572
374314328,160.2853,1.962522,9.9156
344843690,150.41696,1.1311084,8.185
344952299,151.77638,0.9374055,7.7244
94940081,186.75212,0.11953845,8.14546
286362629,191.33023,1.0558604,8.52
366697891,178.25694,0.050828498,9.0833
149952243,184.24315,0.35211986,6.9865
344843765,150.46654,1.493637,9.0833
344858470,150.54375,1.8699493,8.7563
374364923,161.31784,0.5271361,8.34992
281777423,163.37856,0.9745758,7.9765
277712624,153.42957,0.5210185,9.6358
345075682,164.42929,1.6112207,9.6244
345075919,164.43451,0.28996637,8.6601
281838557,165.5183,0.7777042,9.3778
291157514,190.8541,1.1483967,8.2428
291157760,190.94861,0.6616732,9.4831
363548376,171.51308,1.0394794,7.2536
380697334,192.167,1.3775735,8.9804
411254164,195.77187,0.32529688,9.3724
374224074,158.62404,1.9382806,9.8131
422218533,191.05444,1.2062728,9.665
344952352,151.78671,0.6544046,9.7121
281838528,165.42778,0.596447,9.8308
286362796,191.2662,1.9355314,7.9551
291157547,190.79974,0.94705427,9.2151
173103057,172.37108,0.008635919,9.5016
411253911,195.77237,1.9032171,9.7758
344843679,150.43758,1.0605731,9.0674
149952273,184.3284,0.56251734,9.5306
149952211,184.31418,0.17733438,9.6574
344843756,150.51915,1.469033,9.5716
380697324,192.12839,1.4468294,9.9757
903059194,166.7266,1.955339,9.0216
376788063,180.25375,1.2279469,8.9594
374350034,160.86296,0.5918868,7.3239
365175032,203.72513,1.2868178,9.5511
365175124,203.79453,1.7320001,9.0448
397056436,183.73868,1.0487877,9.2542
350546371,190.12451,0.75867325,9.1557
365160871,203.6973,0.41553035,8.4841
281660163,161.63092,0.12863104,9.3712
397056703,183.9271,0.8497501,9.0963
301610407,169.15694,0.60215276,9.5196
262686517,148.6179,0.81944007,9.92527
374209447,158.28603,1.2409143,9.83281
374209370,158.31726,1.6502296,9.9217
344859232,150.69449,1.7565428,9.5193
281731071,162.98135,0.24388686,9.8497
344859096,150.69987,1.0944955,9.5364
275185500,147.79103,1.7647445,9.0224
262685961,148.55435,1.7822219,9.4092
344859175,150.72182,1.4858412,8.34009
374209692,158.50143,0.17032929,8.7662
374272868,159.57489,1.2467009,9.1053
374272870,159.57219,1.2440088,7.6799
277877407,157.13062,0.5245397,8.1452
262686542,148.64328,0.9442422,7.28464
262686742,148.70895,1.8647387,9.3948
281731306,163.05705,1.0249689,6.2819
281731370,163.04964,1.3809984,8.91868
281730872,162.9297,1.5033451,8.88558
277886517,157.06755,1.1316735,9.4052
275358097,149.94753,1.602139,9.9345
277777368,155.6184,0.55868965,8.0896
277777430,155.68542,0.8730683,9.5752
275357961,149.96684,1.0377779,9.3399
374270722,159.32808,0.5892548,9.6657
277770823,155.45105,0.26505896,9.9021
281726456,162.79927,0.6749324,8.9947
374239277,158.91342,0.6436088,9.6455
455271271,146.28249,1.8038461,9.95786
281655445,161.52722,0.09768949,9.0631
374364477,161.19687,1.8413161,8.0658
143401265,154.91042,0.048199546,9.6657
345037098,154.73244,1.8372854,9.209
345062285,154.96913,0.20263459,9.91321
374180120,157.93033,1.2076324,9.8656
374180002,157.98329,0.4754332,9.51714
345062224,154.8607,0.26434785,9.9796
425279035,167.72415,0.13179424,9.01366
363516471,170.72578,0.9274935,8.76185
396956371,173.04922,0.72045815,9.18153
380546841,173.9917,0.4202238,9.1134
262712028,148.92896,1.1875783,9.03806
374268399,159.08243,1.2302957,9.49923
277839966,156.55461,1.1504918,9.41867
277839967,156.52705,1.1478643,9.40123
277840120,156.53468,0.49679205,9.79909
377248027,186.26979,0.40130797,9.0994
366776359,189.03983,0.8592575,8.60989
396956670,173.15166,1.3402141,8.05601
397056804,183.84573,1.4921377,9.3955
366699704,182.45636,0.95429176,9.88231
363571728,171.96759,1.8440869,9.6445
377247878,186.22426,1.2759839,9.4
363516681,170.76387,0.14189449,9.8886
377297824,187.34258,1.977803,9.877
377172330,185.21045,0.275315,9.96468
275295023,149.74261,0.4791137,8.6594
275307995,149.74718,1.0315881,9.18244
277777486,155.68755,1.1514822,8.02118
277777556,155.60773,1.4680122,8.55439
374224239,158.59035,1.1639699,9.15769
344858486,150.63118,1.8236129,7.94612
344952474,151.80893,0.2617972,9.04513
344952707,151.96768,0.69797844,8.3479
291157776,190.95949,0.81573457,9.13397
149952437,184.2818,1.7125202,8.7486
412130037,184.0768,1.1661286,9.61721
149968018,184.53952,1.4625709,8.8547
149968032,184.48976,1.5753183,7.4996
380697365,192.18484,1.124872,9.29488
374364893,161.41081,0.39652604,9.7301
374365000,161.372,1.0107753,7.3475
291157570,190.87704,0.812714,8.7085
363478353,170.06148,1.6469631,8.6231
344952986,151.93065,1.8833114,9.3656
363480209,170.30406,0.16176172,9.47509
262686061,148.49234,1.3153539,9.5869
344952214,151.7993,1.2781955,9.91922
374224128,158.51825,1.7116927,9.95462
149952315,184.31819,0.82239246,9.941
374271127,159.39923,1.8724568,9.4855
301625607,169.4033,0.7374916,9.5224
96197975,179.3501,0.11377206,9.077
376787964,180.24709,1.8736235,8.835
344954772,152.03026,1.6403289,9.2682
281848180,165.5961,0.8475637,9.19788
301609664,169.03062,1.5867031,8.5438
301609739,169.002,1.4826195,9.47544
301610084,169.04893,0.3493694,9.6838
365071278,202.30222,0.11919389,7.281
281848320,165.72389,0.10548806,9.4473
281848521,165.69127,1.2463342,9.1322
374350012,160.8424,0.5539349,9.96478
262782447,179.76999,1.6107838,9.9266
281660350,161.72005,0.96774817,9.71194
277770650,155.29312,0.5787275,9.13245
374239123,158.78674,0.37008274,9.6758
365158358,203.37302,0.988681,7.2278
1002812027,200.17296,2.942228,6.6015
1002812028,200.17323,2.941972,7.1393
953350263,185.42612,3.5504384,8.9816
903094225,165.99573,3.638593,7.6304
903094226,165.9954,3.6387792,7.6061
903054012,169.81984,2.4953802,9.5752
953350262,185.42674,3.5508423,9.5099
953333112,187.76244,2.1093028,9.4437
953333114,187.76282,2.1092064,9.3888
383217678,142.77539,3.0798256,6.8033
380729559,192.71098,3.512763,9.807
374314010,160.25844,3.595136,9.265
388925165,187.76282,2.1092064,9.3888
377188681,185.42612,3.5504384,8.9816
10005000266,153.56291,3.46612,9.923
363476278,169.81984,2.4953802,9.5752
393649078,200.17296,2.942228,6.6015
344908859,151.30843,2.502926,9.9955
455304549,147.6254,3.6172817,9.95785
453056804,145.68263,3.841186,9.928
10005000074,188.5354,2.65381,9.765
10005000280,153.4403,3.42467,9.907
10005000081,190.70778,2.68778,9.07
842176966,147.6254,3.6172817,9.95785
453035589,144.77399,3.309807,9.587
301677030,178.67665,3.143512,7.927
281883998,165.9954,3.6387792,7.6061
842192800,142.77539,3.0798256,6.8033
842048808,151.30843,2.502926,9.9955
842149952,148.01253,2.8222325,9.0476
842153696,145.86455,2.6266565,9.7683
396999748,174.6986,2.121528,9.953
455305574,147.71115,3.676744,9.205
363477495,170.00304,2.737661,9.918
374239640,158.94914,2.557193,9.261
277812917,156.13074,3.1680217,9.76357
277810159,156.02228,3.8004706,9.84892
381713571,196.87665,3.9370785,7.6392
381711447,196.74055,2.2095587,9.47967
262732793,149.30118,2.3976903,9.7328
262732773,149.3099,2.4485524,9.7008
262734863,149.36038,2.1069512,8.49299
393729007,201.32227,3.7646396,9.90445
393728323,201.3516,2.1062286,8.8562
281745467,163.16705,3.61169,7.9763
281746073,163.18918,2.1123643,5.4463
281748367,163.34453,3.8661394,9.7966
374339239,160.65617,3.5831082,6.2251
374339314,160.58995,3.7733476,9.61636
374336663,160.44893,3.3627412,9.81884
281907250,175.38916,3.8504977,8.1692
290546136,139.66722,3.843592,9.4089
376853110,181.33607,2.190192,9.4692
376853306,181.4133,2.710324,9.6211
376855815,181.49075,2.3221548,9.30449
365125251,202.90034,3.079329,8.6752
275128673,142.90099,3.1982598,9.64929
277831766,156.144,3.5318666,8.466
376850800,181.15031,2.6198354,6.4197
376920162,205.5863,2.2429962,9.5281
411236443,194.65627,2.9898405,8.9805
411237664,194.81912,2.0114708,8.056
365071863,202.33499,3.2455456,8.1345
365088537,202.4199,3.6605506,8.9209
411235575,194.5535,2.2167842,8.6086
376920192,205.53578,2.1891434,7.4636
365088469,202.47687,3.9552317,9.96659
411237397,194.774,3.4876375,9.7203
301559769,167.30667,3.5911167,9.1634
397051926,183.56636,3.794868,9.3912
396998853,174.54698,3.7226546,9.342
397052153,183.48239,2.2602193,6.1394
366712792,182.88617,2.6080067,7.415
366756208,188.57927,2.444511,8.3617
301577803,167.52763,3.3610778,7.7095
376853734,181.3732,3.9660978,7.611
396998869,174.52113,3.6219058,7.3836
518927755,201.55066,3.7509422,9.971
518927798,202.06876,2.2358265,9.1365
365182949,204.23236,2.181892,8.7935
377170981,185.08473,3.381419,9.3916
365065431,201.91765,3.795695,9.5105
377170906,185.12767,2.9583006,9.9658
377170968,185.08742,3.3125732,3.90408
376850878,181.1545,3.1617494,6.5955
366757043,188.70879,3.2610528,9.1378
301604686,168.74336,2.9641848,8.9069
377262227,187.01372,3.264329,9.7797
377263015,187.14197,3.8608947,9.9171
446676165,179.34854,3.050233,8.2855
377262290,187.06813,3.6971037,7.4511
377263107,187.19319,3.1225226,9.5556
446676059,179.2427,2.4121642,7.371
381726372,197.2691,3.7126584,9.7708
381734658,197.34969,2.1382897,9.7878
365065529,201.97595,3.306095,9.7397
381726472,197.281,3.1445088,6.4783
381726532,197.203,2.8533483,8.8418
397101820,205.2043,2.1143732,7.7552
366787466,198.25696,2.2715888,7.5027
374349398,160.73128,2.5991964,8.73707
376920134,205.55296,2.3012037,9.2342
350542619,189.74419,2.9392328,8.0917
377231504,186.04991,3.9306533,9.3327
455272568,146.34502,3.959083,8.6659
374311938,159.98213,2.504936,9.1517
301559898,167.34267,2.8382356,9.6355
396999066,174.60472,2.3652232,9.24584
388940264,188.22263,2.4148872,9.7768
366756213,188.5793,2.393041,8.1542
366712728,182.9439,3.1242502,9.053
396998854,174.54694,3.7224884,9.41123
393716307,201.15501,3.8627326,9.52549
301628854,178.59663,3.592622,9.6166
301628905,178.5351,3.2571666,8.8854
380672626,191.60046,2.3278399,7.3046
380767040,193.21739,2.1169777,7.9247
377261174,186.90689,3.1070569,9.6114
374269179,159.13345,3.0192306,9.9052
366710930,182.67671,3.0545945,9.2737
366711026,182.69759,2.3317907,8.3568
388924204,187.64342,3.508234,6.5925
396973220,174.42955,2.1739624,6.8925
365060335,201.68611,3.1390796,9.239
363476502,169.81989,3.677808,9.6938
376876566,181.99693,3.0778046,9.3242
411238492,194.98566,3.0651171,8.5516
411238502,194.94525,3.1089787,8.8848
411277083,196.23122,2.913111,9.8045
281705471,162.03749,2.293696,8.2626
411276962,196.24059,3.7207167,9.51719
411278862,196.55852,3.946613,7.4152
393631559,199.26787,2.4406555,8.4832
393701677,200.62025,3.3794959,8.2529
350544987,189.9325,3.5168836,9.7307
345031090,152.74753,2.558166,6.774
411248378,195.19302,2.8680336,9.206
366775648,188.81839,3.8526459,7.8605
363445397,169.50287,2.408565,9.0733
397025762,178.83998,2.1502755,9.7725
397026069,178.79887,3.9257693,9.8055
350543566,189.80687,3.9704416,9.2683
380731316,192.96631,2.8213236,9.0396
366742243,188.40408,2.911995,8.5328
380731239,192.94316,2.1992173,6.9657
393717193,201.28946,3.321166,8.8731
397024986,178.4929,3.2308755,8.6123
363445340,169.46236,2.612098,9.1743
455272199,146.33118,2.2967784,8.08578
455276571,146.71664,2.30248,7.3702
455276312,146.77837,3.4160283,7.1509
366722678,183.1807,3.6302183,9.1323
455273877,146.5105,2.2092805,9.9288
455273925,146.4746,2.0316732,9.7472
366786599,198.09529,2.6538298,7.91831
366787439,198.20439,2.1307454,9.21056
397101812,205.26135,2.0779555,8.1892
366787553,198.16235,2.7233965,9.6469
366787464,198.16801,2.2591891,9.8091
325247190,176.5546,3.6692357,9.1107
376850670,181.14734,2.0032473,9.71768
376850849,181.05875,2.9011462,8.86806
381715082,197.05482,3.7768261,9.03
377170922,185.06311,3.0616179,9.4795
365064402,201.82817,2.468577,9.75503
377262228,187.07146,3.2708282,8.57858
380695952,191.98532,2.232793,9.6369
377263128,187.21791,2.9560945,9.51297
380672669,191.50963,2.593013,7.9757
397075526,204.98396,2.6699069,9.4921
380767088,193.1988,2.544288,9.17638
412753519,193.70901,3.6414273,9.28188
412753561,193.72615,3.864947,9.9767
344954502,151.98149,2.9662004,9.7247
381726408,197.24629,3.5233374,9.4869
381726504,197.26488,3.0075786,9.3753
381726635,197.24733,2.1599112,7.73179
381726624,197.20995,2.2057314,8.73476
376788677,180.3729,2.3623607,8.291
374269013,159.17763,2.069276,8.95823
388924203,187.64484,3.5099318,9.4015
277673511,153.16774,2.20402,9.8494
396973484,174.43596,3.8439991,8.91896
376924256,205.89087,2.0591812,9.2344
275248599,147.97209,2.4592264,9.26299
262712348,148.8543,2.6068044,9.9073
281702710,162.10933,3.4137,9.816
277696746,153.23486,2.3533368,9.2692
277697636,153.30885,2.4191906,9.1083
397012164,175.87961,3.2296243,8.7851
397012213,175.85208,3.5925145,9.2579
446677048,179.37878,3.9195025,9.5462
393638700,199.48738,2.0301933,8.7753
374201363,158.20981,2.0539694,9.3036
290600355,140.3711,3.9482837,7.4844
262735424,149.36987,3.4401226,9.3569
277696582,153.26154,3.156821,7.3471
277697679,153.41245,2.6691685,7.6844
374367257,165.0349,2.2263873,7.9097
301605514,168.82462,2.0634353,7.36126
377172000,185.24036,2.1609337,9.324
365198355,204.43333,2.3823001,5.6393
393672417,200.34448,2.3547258,8.967
393672512,200.4038,2.8539736,6.2149
275292928,149.513,3.756996,9.545
262712388,148.89046,2.799125,9.7877
275358473,149.98471,3.160108,8.9984
301540427,166.7496,2.5577161,8.787
301552958,166.91754,3.7183087,9.40418
377171939,185.24054,2.513149,9.7031
350543827,189.84364,2.6777117,9.8899
392907941,206.25964,2.0926158,9.5764
281702731,162.06865,3.2593088,8.1301
262712373,148.84792,2.7036698,9.3321
374297200,159.89285,2.9911437,9.5565
277697663,153.39804,2.5902128,9.8464
377249503,186.45,2.6579425,9.885
380675632,191.96422,3.5727143,4.53631
380696127,192.01675,3.4553156,7.6507
275358283,150.0409,2.3972,9.5482
277776527,155.60236,3.6201725,9.8075
455275167,146.65474,3.4178228,9.6094
365059460,201.5504,3.7507925,9.9274
277839386,156.53235,3.9007256,9.0566
281886043,175.08682,3.5806415,9.1218
393630231,199.22017,2.1877897,9.966
393672713,200.39685,3.7653391,9.90912
286363078,191.3379,3.5245092,8.5197
291109657,190.52084,3.7503145,8.3059
301579167,167.62201,3.856605,9.2781
365065705,201.9531,2.2434027,9.8537
376885657,182.17407,3.1089818,7.1178
277957719,164.84726,2.1300402,9.8125
376798230,180.72661,3.973353,9.2608
277937788,164.83455,2.2522194,9.2682
374367436,165.01758,3.449285,9.9298
376757821,179.144,3.6215985,9.7935
365066523,202.06854,2.235893,6.4878
301500617,166.46725,3.0539215,9.1262
363571931,171.98433,2.8562675,4.10363
453057172,145.57127,2.313202,6.7979
277734772,153.71288,3.9232297,8.7234
425282896,168.31902,2.0293899,7.7996
374225051,158.73485,3.358431,9.1754
344889111,150.96199,2.158663,9.595
277734864,153.6781,3.464677,9.8633
301500488,166.4432,2.364111,9.9322
344889091,150.9246,2.094383,7.5889
301500569,166.48723,2.7988985,9.5445
290652959,141.32172,3.626463,9.3983
374225140,158.74362,3.8224964,9.29
455277879,146.86447,3.4963536,9.9523
388931932,187.96632,3.442786,9.8922
380577100,174.36829,3.6915102,9.9648
301677029,178.67804,3.1435087,8.868
455277553,146.89711,2.0654001,9.6346
325275038,176.94432,2.7445636,9.7016
455273541,146.43031,3.5445735,7.811
455273570,146.52274,3.441441,8.6952
455277613,146.84544,2.3151886,7.1747
350544806,189.94112,2.6671224,9.28323
262932870,184.68115,3.8677409,7.5859
411248496,195.12582,3.6041958,5.7741
393647871,200.06125,3.2875302,5.96502
393647737,199.98636,3.9648826,9.3732
350547119,190.152,3.1239398,8.3349
325274117,176.86472,2.9072223,9.003
275254166,148.36588,3.6642246,9.6655
377248495,186.34384,3.0485244,9.4085
350546966,190.26195,2.299849,8.293
350547023,190.16914,2.6434102,9.932
350566148,190.48695,2.980066,9.9335
365127253,203.0866,3.4919071,9.4096
411249469,195.30168,2.6381967,8.964
374180321,157.95749,2.2753186,9.6541
366659915,177.5648,2.7601228,8.2014
365127268,203.04312,3.5642421,9.949
393647992,200.04825,2.712187,9.3443
363459149,169.65681,3.138747,8.4394
363459197,169.66254,2.82979,9.67648
411277886,196.3757,2.0851579,8.87006
393713800,200.91315,2.7233274,6.3216
393713801,200.92018,2.7252746,6.5544
411277073,196.31616,2.9660144,9.9611
363459200,169.66248,2.8213885,9.53819
411277161,196.31473,2.400275,9.253
393716163,201.06711,2.9985127,9.19872
411276925,196.21223,3.9640872,9.838
393717376,201.19827,2.2435553,9.8758
397026007,178.87154,3.5430262,9.50757
393717083,201.2915,3.95752,9.71549
397025787,178.85925,2.2846422,9.085
397025949,178.77979,3.218628,7.53975
393716146,201.16965,2.8737931,9.64999
350544740,189.98091,2.3327131,9.65474
411279063,196.4866,2.6792064,9.86317
376876688,181.9678,2.362009,9.6525
366742334,188.36539,2.3711853,9.933
453048142,144.8888,3.492929,6.9905
453048238,144.91498,3.1953216,6.43059
377251459,186.6387,2.4423242,7.8336
350545926,190.13461,3.0925248,8.1124
365071965,202.30675,3.8714194,5.8131
380728485,192.664,3.0934243,9.2403
376917809,205.32301,2.1188364,9.6252
277870606,156.75998,2.943523,9.4703
453035496,144.81494,2.95069,8.8518
453048026,144.89227,3.933161,7.7028
262933984,184.77422,2.780747,9.4915
262934007,184.78368,2.9464796,8.7054
453035566,144.74179,3.2236679,8.261
277870402,156.71727,3.94787,9.61
453035619,144.80531,3.451495,9.487
453048194,144.90157,3.3476963,9.776
281930454,177.46783,3.94306,9.94586
374366301,162.73761,3.5906734,7.0664
411251422,195.52086,3.050508,9.6452
411252312,195.70056,2.0945923,8.1297
277767595,154.0498,3.5491471,7.62106
345076425,164.45656,2.5733366,8.1905
149952641,184.2928,2.9123106,9.4067
422218263,191.02676,2.9631934,9.6471
422218297,191.03229,2.743872,9.4795
411251463,195.4974,2.8258758,9.966
277713222,153.65213,2.5000792,9.9333
363531908,171.03018,2.2838888,8.9065
363532112,171.01424,3.4163406,9.6455
281884989,174.95238,2.5644345,9.5497
344988616,152.42688,3.1621509,7.2803
277673625,153.10352,2.755279,8.38622
281782495,163.8317,2.5985155,8.2861
281782551,163.81523,2.9126778,8.56195
350565203,190.34525,2.2283692,9.6166
376784780,179.86636,2.8889058,8.4704
380727609,192.4596,3.325727,8.3596
344988621,152.44681,3.177695,7.7368
376786691,180.16597,2.4144943,8.6348
376866131,181.6772,3.3602,8.7657
425312045,168.50278,3.235875,8.7648
277672340,152.98688,3.4525363,9.4822
455279287,146.96474,2.048557,9.8553
365095096,202.8221,2.4293933,9.33155
365125558,202.90822,2.3649056,9.3884
344988612,152.34286,3.1478534,9.2541
374356836,161.11096,3.6466978,9.8816
376786743,180.20114,2.7345257,9.6789
376866146,181.73499,3.2412615,9.6303
376886607,182.32074,2.2527113,8.5168
376886640,182.35701,2.4385996,7.8879
376886755,182.34067,3.1067076,7.6316
374356569,161.07742,2.2619176,9.3857
380153940,172.25307,2.734195,7.7211
344989909,152.56111,2.7097654,8.7887
380141731,172.25443,3.1963747,8.3709
365088723,202.48297,2.75744,8.7008
277673474,153.09601,2.026974,9.9416
376866192,181.73758,2.9173565,9.9204
365066689,202.12178,3.150726,9.1091
301539165,166.63681,2.229399,9.688
344999710,152.60678,2.2733443,9.0056
344999762,152.65643,2.531085,9.7059
344999942,152.61978,3.3906417,9.9483
380141643,172.28893,3.6933353,8.3531
397074446,198.7939,3.4926198,9.9912
397074453,198.78615,3.4489555,9.9421
366756898,188.81647,2.2609959,6.5881
377189813,185.57146,3.2976966,7.5232
325253515,176.57443,2.8728282,9.4023
380543530,173.59145,3.0601647,5.3285
374273583,159.64714,2.5932252,9.446
345074219,155.20291,2.3508718,8.5958
281724598,162.48984,2.3204765,8.4383
262688468,148.76088,2.5588982,9.55495
262713815,149.03877,2.930861,9.08494
281706600,162.17639,3.9325135,8.79167
281816773,165.08966,3.4701066,8.7393
281817924,165.23029,3.460088,8.7471
380671601,191.44174,3.758435,9.0403
393628211,198.87708,3.4904153,9.3673
281816869,165.13498,2.969215,8.9749
393628134,198.8841,3.0489922,6.3027
393628225,198.9029,3.5472791,7.9448
393700571,200.50734,2.757287,5.1678
277770282,155.25836,2.289724,6.7313
393627952,198.8802,2.0362582,9.889
281655788,161.50887,2.087909,9.7668
374273630,159.62473,2.8203888,9.79839
277869326,156.6001,3.0457423,9.679
344955926,152.17184,3.291323,9.3827
281816745,165.1402,3.6174972,3.8488
281781615,163.61792,2.6615837,8.4823
377249308,186.44844,3.847681,8.726
397026918,178.90425,2.3412967,9.8346
377170103,184.9973,2.352796,9.7673
393628303,198.95976,3.9515116,9.9153
374238782,158.7754,2.2045367,5.5456
344889503,150.91182,3.9719605,6.39883
281907701,175.40924,2.316325,9.2922
301553786,167.11119,3.2226458,6.685
301553791,167.0818,3.1947324,8.1888
380673831,191.69777,2.4925148,9.3353
380674682,191.73195,2.5929425,8.1609
366784547,197.85304,3.1685016,7.5339
301554038,167.01529,2.013457,9.818
380674846,191.84248,3.6105587,9.8992
393629120,199.11139,3.5314376,9.9686
366784720,197.82953,2.1308255,9.7927
411239444,195.07736,3.4720075,9.7502
281700724,161.87202,2.5155232,6.1161
365065461,201.94322,3.6592896,9.5773
366722716,183.12465,3.4041028,7.1063
376885540,182.23799,3.7916262,9.26316
366722824,183.14525,2.680745,9.50874
275251495,148.19305,2.3351848,9.4994
344888210,150.84029,2.0576296,8.44506
425282840,168.21431,2.3270895,9.40316
425283742,168.39835,2.7687316,8.7501
301677118,178.67372,3.775297,8.88475
363530852,170.96562,3.6189318,8.0889
363547835,171.46933,2.1696475,9.77565
363571043,171.93286,2.1040432,9.1223
380577083,174.36116,3.6189802,9.0897
301499498,166.2745,3.6452448,8.7549
363547543,171.45857,3.860069,6.0165
363547626,171.41438,3.3011348,6.5393
275251466,148.1654,2.4432516,9.48034
275252860,148.34595,2.6116662,9.33965
397058772,189.53961,2.9552493,8.89567
397058826,189.5184,3.2824445,6.33044
301500487,166.40668,2.363503,8.41491
412130425,184.02992,3.5599587,7.58627
411250386,195.38412,2.9185965,8.7834
453056803,145.68254,3.841895,9.85976
453056964,145.59827,3.1728575,9.8588
453057012,145.5906,2.9485784,9.51757
453057217,145.62462,2.1319427,9.4774
281849817,165.82591,2.9374256,9.834
277812620,156.1053,2.3932517,5.76609
374270238,159.23915,3.3208392,9.0801
374270286,159.24551,2.987212,9.4957
363480960,170.37193,3.937459,6.2092
388925205,187.82243,2.3025587,7.7336
301627020,173.40144,2.4990332,4.856
277812771,156.10289,2.7429314,9.6745
453053030,145.2526,3.79439,7.4394
374355628,161.02513,3.2255816,6.7409
281794628,164.03949,2.347251,9.8498
363445435,169.4437,2.2578938,8.6596
393638397,199.5931,3.7524006,6.0875
393638418,199.58684,3.6264288,8.1893
393639580,199.68571,2.5800037,8.4029
366741208,183.3229,3.0265608,9.0123
366741288,183.35597,3.6738436,8.8835
366776747,189.0297,3.2904394,9.8092
262712435,148.87062,3.0162745,9.4473
262712617,148.90747,3.8296502,9.6199
374366464,162.67145,2.58478,9.13591
455273447,146.5346,3.9640145,9.4511
455273515,146.50366,3.6207626,8.90393
275248334,147.97702,3.5516598,9.88612
275248435,147.88913,3.1543577,9.0615
301605535,168.81883,2.1852584,9.3842
301605687,168.89285,3.1534123,9.63371
301609518,168.97595,2.0866616,8.7575
363497993,170.577,2.2577603,9.84252
376785713,179.98714,3.6552067,5.3822
363618496,172.72542,3.3101888,9.3427
374201548,158.22227,2.9110343,9.4123
275358524,149.9295,3.3847878,6.4115
281705433,162.08977,2.4822621,8.3883
277696592,153.20192,3.1100302,8.8157
277696601,153.3054,3.072726,7.0632
393672364,200.42352,2.0872386,5.6783
374201566,158.22455,3.031929,9.7038
281705413,162.04594,2.559467,8.1915
275248380,147.87018,3.368439,7.52758
377249593,186.50351,2.0420017,7.31085
301540398,166.82385,2.7242563,9.3725
301552677,166.9906,2.3765895,9.43333
365198353,204.43561,2.3860767,9.0226
365183133,204.31506,3.020551,9.79034
277696536,153.30304,3.3904433,9.9479
374366384,162.68156,3.046921,9.86556
397012203,175.91922,3.4663143,9.95586
262735130,149.39658,2.7459424,9.91898
344957129,152.25935,2.991023,9.7416
277696775,153.20752,2.1846857,9.926
388933131,188.01631,3.8935177,8.4393
377171801,185.2641,3.3931642,9.92215
374314269,160.26268,2.235493,9.9883
366683294,178.11804,3.3032784,8.5437
363496898,170.39825,3.3726792,9.7631
301627098,173.41325,2.119826,8.3718
262735012,149.40367,2.536135,9.93985
275248504,147.98642,2.7986224,9.95794
262713874,149.05283,2.6462374,9.3716
344909814,151.38858,2.0501363,9.8068
366682215,177.98036,3.7623136,8.6338
388925241,187.72868,2.4971685,9.7673
363573803,172.42737,3.580408,8.8438
363573878,172.36292,3.1294787,9.9547
301605519,168.84003,2.0724015,9.68058
377169954,185.05421,3.2631516,8.8472
301626980,173.34604,2.7142837,9.3694
301627090,173.35237,2.1594727,9.5144
377228187,185.75446,3.457233,8.9393
281748013,163.35347,2.9033175,9.9841
446675127,179.003,3.1038904,9.9856
393638563,199.52689,2.7814178,9.5672
345036059,154.6026,2.9381638,8.8475
377250438,186.60013,3.3821006,9.6937
446675093,179.0307,3.2337735,9.4638
262713698,149.03902,3.464838,9.6677
455270817,146.26521,3.7979972,9.6587
374364375,161.2892,2.4878778,5.2277
366682451,178.0,2.30296,9.7401
277875551,156.87584,3.5635827,6.3261
277875634,156.85052,3.8485978,6.9035
344841568,150.23811,2.6220527,9.2986
374336842,160.552,2.7968063,7.6082
277887002,157.06177,3.5347497,8.4808
455281688,147.20868,2.580656,8.6089
281883798,166.00357,2.4323528,9.4124
281883895,165.99355,2.9645386,9.8871
376851841,181.17915,3.5731075,6.29666
376851878,181.27048,3.3782928,7.3815
376852076,181.29498,2.1834238,6.565
365032337,201.53342,2.898103,8.1871
281777177,163.35909,2.3392181,8.5432
277875587,156.8468,3.6829746,8.1771
277886939,157.10417,3.1703272,9.4275
376877674,182.07544,3.6584337,7.219
281883845,165.90834,2.7342005,9.653
365154801,203.45729,3.1319165,7.2667
345073108,155.10529,3.1643653,9.7337
275133100,142.9161,3.9058175,8.2315
344841575,150.17798,2.6615398,9.8395
277886938,157.10295,3.1697385,9.1848
374238695,158.86565,2.7011948,9.5921
389040650,142.01561,3.5947359,9.2852
455250764,145.93643,3.4878318,9.2616
277747644,153.91629,2.6758356,9.6174
455281787,147.18445,2.1826937,9.3515
953382439,191.3376,3.5243764,9.0825
374210369,158.5115,3.6664486,9.94736
344841544,150.268,2.5044694,9.9902
281884003,165.94652,3.6699696,9.96795
397075505,204.94856,2.5447536,9.9094
277875643,156.92267,3.890097,9.8521
377261212,186.87752,2.8977244,9.5418
277839597,156.49446,2.929188,6.9378
286361842,191.14525,3.531809,7.7462
397101103,205.11247,2.1516712,7.6552
344954433,152.0408,3.3023503,8.8791
277886841,157.10332,2.6522117,9.265
277887072,157.05974,3.7666245,9.28926
455281820,147.18452,2.0088558,9.771
376877704,182.11151,3.8907657,9.13288
397024052,176.42622,2.8214796,7.3319
376877573,182.06927,3.085839,9.0274
344841520,150.26749,2.4214482,9.76088
281730518,162.89105,3.3896537,8.78837
344954383,152.04134,3.5842955,9.9621
277839411,156.48752,3.780134,9.8576
455280580,147.04948,3.8600461,9.9154
376877578,182.03517,3.1314878,9.74577
376851904,181.25989,3.1955185,9.8751
376876650,181.92342,2.5031278,8.3241
301627780,175.74228,2.0548677,8.57359
365089790,202.62805,2.9266868,8.5668
393715093,201.02853,2.5603852,8.9592
275182682,143.91858,2.6374273,7.02636
453059834,145.83751,2.7487478,9.0317
281815931,164.20728,3.4502473,7.7981
149969346,184.89136,2.7266204,9.0579
377229309,185.83298,2.815689,9.0647
376876682,181.94687,2.373454,9.9764
453029216,144.31891,2.776891,9.5673
455269442,146.09346,2.4094727,7.7229
455269569,146.08376,2.921938,7.7254
455269688,146.15869,3.3533125,5.9814
393713984,200.81549,3.729837,8.6323
374295872,159.7332,3.8631568,9.4141
277673836,153.07687,3.8914602,9.1459
149969154,184.93535,3.8782427,9.7633
374296053,159.72725,2.8833666,9.5061
277894632,157.52625,3.8701825,9.2076
281815828,164.21365,2.6693947,9.5229
149969190,184.8625,3.696672,9.2879
286130255,143.60127,3.9662895,9.8871
374295898,159.7394,3.7642007,8.9413
380154911,172.51823,2.9300447,9.5165
396951515,172.8508,2.427378,9.8182
396951604,172.9188,3.0033708,9.7427
301539272,166.70564,2.8613007,8.52379
396951614,172.84732,3.0627036,7.1511
281886865,175.12854,3.6541197,7.8274
301538356,166.5658,2.398561,8.02196
301539305,166.65164,3.0792506,8.1796
397074492,198.85262,3.2193944,8.4595
376886641,182.28111,2.440057,9.18266
374238659,158.75917,2.9601521,9.6507
374238799,158.83907,2.1301239,8.6679
469347883,141.48848,3.9575565,9.8512
281706383,162.23532,2.7510839,9.9163
366682276,178.00975,3.3920286,9.6777
345077496,164.61739,3.0673013,9.8588
388939353,188.1175,3.3406277,9.0573
277888246,157.24446,2.6466284,7.13817
262811543,184.3661,2.8878458,9.3742
277888016,157.2705,3.7078047,9.7385
277888088,157.24571,3.4496632,9.1781
277713348,153.57391,3.2164547,9.08099
345076434,164.45517,2.6474788,8.97745
411251270,195.5316,3.848537,8.7956
411251386,195.49463,3.2238383,9.25498
393701498,200.6264,2.412314,9.3898
366681453,177.903,3.2601318,8.4166
366681477,177.81332,3.404562,9.6961
393629370,199.1045,2.1202927,9.27174
393713965,200.93083,3.5662227,9.04376
393717210,201.22404,3.1812723,9.48608
393629118,199.07736,3.5533657,9.8595
393629268,199.00192,2.6527946,9.97114
301553734,167.05711,3.5333693,7.693
393629033,199.0162,3.9641998,7.68345
393630230,199.22102,2.187177,8.93852
380673719,191.63672,3.1690502,7.8682
291157195,190.81084,3.2002234,9.9431
291157240,190.8587,2.9006784,9.53279
380673592,191.67108,3.8499885,9.87137
366785498,197.94048,2.3773446,9.3945
365071665,202.33786,2.1873736,9.42753
281886099,175.0019,3.90237,9.6734
365070799,202.18178,2.6319525,9.86586
374314008,160.25842,3.5962842,9.2974
374314015,160.2396,3.5639977,9.0579
281777990,163.55952,2.3598566,9.42374
281779074,163.6601,3.3293095,9.79405
281816723,165.15598,3.7393994,7.62144
397026737,178.87393,3.5433555,8.92022
365199282,204.46494,2.346555,9.9369
365199313,204.44731,2.4454768,9.956
411255693,196.04747,3.207619,9.40955
411255861,195.97247,2.2118804,9.88384
411255887,196.04099,2.0914514,9.3599
411256639,196.2024,2.2698874,9.5226
453035387,144.82559,2.4769015,8.4899
281930439,177.4854,3.8559756,8.6286
380546247,173.95561,3.9432318,8.93716
377262177,187.05864,2.8893912,9.94804
453048088,144.9015,3.679342,9.24327
377251396,186.7468,2.673322,8.94965
377262118,187.0437,2.5369895,9.57654
350545990,190.0564,2.679348,8.86748
344988456,152.34763,2.3710833,6.9496
377230482,186.01955,2.2978885,9.35319
380698919,192.38623,3.1626909,8.5382
425312008,168.45894,3.424502,9.00108
374356723,161.08342,3.0152943,9.9012
277736010,153.90565,2.3390753,9.663
425312220,168.47089,2.2684832,6.397
344988452,152.4142,2.3517268,7.9367
281794572,164.05367,2.0590348,9.7084
291160181,190.90427,2.1633656,8.2377
291160254,190.8838,2.6211338,7.9681
262933010,184.57964,3.1011302,7.8979
291160244,190.99718,2.5655987,9.0525
291160321,190.99657,3.0671163,8.0756
291160451,190.99536,3.9323912,8.55634
397075453,204.93146,2.3124306,9.51171
286036831,205.9968,2.151546,9.31465
281794655,164.01414,2.4575016,9.793
291160442,190.94118,3.8813841,9.41964
301579146,167.60448,3.7334616,9.4072
411248379,195.19395,2.8681436,9.18164
301467897,166.02185,3.7895353,8.6548
281705453,162.13033,2.3878076,8.546
397022230,176.16719,2.8655949,9.26575
363569973,171.81117,3.4073093,9.89996
411239619,195.03632,2.3840482,8.38133
411249229,195.31458,3.9663951,9.01
397023174,176.28958,2.831939,9.7815
275254310,148.40376,3.0736809,9.8072
281705446,162.07443,2.4345665,9.9925
325274121,176.91347,2.9286842,9.96426
277894804,157.49051,3.0672114,8.70255
397023140,176.24652,3.071368,8.29777
301467985,166.10025,3.1634598,8.8262
366775709,188.91208,3.4151146,8.55721
350547262,190.20802,3.8696935,7.3202
374238522,158.85352,3.6126642,9.3806
380671691,191.43846,3.119154,9.56567
365071659,202.27731,2.1583946,8.6926
365127214,203.05246,3.3068397,9.28976
411249281,195.26036,3.6941695,9.2307
397023050,176.20697,3.5734727,9.73775
453049832,145.04141,2.9647815,8.0776
455305712,147.73335,3.0724614,9.19519
366755138,188.53902,3.0776174,8.0592
393642084,199.94931,3.361153,9.701
281729426,162.80048,2.7077446,6.65634
325254372,176.69435,3.474294,6.9588
363545850,171.18797,2.0965433,6.8205
393640688,199.77791,3.7228336,5.9549
393640908,199.72546,2.5435565,7.4326
453048547,144.95103,2.020175,9.8036
455304488,147.52614,3.319767,9.904
455305656,147.66032,3.341473,7.2468
363546558,171.3401,2.292399,7.7126
365095075,202.78076,2.3519623,9.3476
380729579,192.74321,3.5983214,7.874
380730403,192.9037,3.0567868,4.91986
380730467,192.90962,2.6760778,9.5307
455304381,147.52107,2.7482398,9.3257
325254432,176.75632,3.1132307,8.9838
363533003,171.20734,3.4779048,9.2253
363533094,171.17099,2.9013875,8.0394
455304563,147.59966,3.725348,9.5278
363533033,171.15274,3.2718875,9.88342
363546593,171.24487,2.473472,9.93735
363445210,169.46425,3.3959725,9.00402
365203621,204.61513,2.3202243,8.54445
365203641,204.60132,2.2460337,9.4009
393638470,199.53143,3.3492823,8.7943
393639666,199.68005,2.9599006,9.28132
446675092,178.99931,3.2385564,8.5728
393639812,199.71301,3.6876318,6.64121
374355625,160.99173,3.2425466,9.5844
344889398,150.94136,3.441172,9.8918
366699386,182.47214,2.7992613,9.73391
377250517,186.5554,3.9085443,9.89774
393639578,199.61073,2.5744438,9.8302
374350371,160.81866,2.1961896,8.3026
277838176,156.35085,2.6473954,8.9685
277767839,154.14093,2.402913,8.2496
281731786,163.06477,3.7655985,7.7035
281731766,163.03975,3.668621,9.8812
453032621,144.59232,3.5866823,8.2615
453032645,144.5045,3.6943514,9.6102
453033933,144.70143,3.1170352,9.2657
281707611,162.32547,2.7713306,9.9504
277797967,155.75146,3.3783805,9.408
275294326,149.65947,2.5028062,8.1052
344842847,150.30986,3.2855108,8.4975
281707475,162.27184,3.565617,9.1496
275294360,149.5845,2.3643432,8.6035
275254464,148.36035,2.3992589,9.1564
286130373,143.63869,3.5581372,8.19015
281930198,177.45433,2.3593178,9.16585
377229313,185.87625,2.852072,9.1191
301627907,175.81516,2.9548786,9.4451
363477463,169.9246,2.935854,9.342
365125095,202.93721,3.4287887,9.72362
453059861,145.86359,2.6275332,6.97466
363477337,169.9355,3.6210103,7.93286
455251131,145.96649,2.0561092,9.55997
376876503,181.97464,3.470428,9.5397
149969184,184.89243,3.7101865,9.98437
262713697,149.03946,3.4656768,9.6615
277893735,157.38141,3.8953865,8.8793
291156255,190.66219,2.5766833,7.3363
365065567,201.9144,3.0241785,9.0135
262781201,141.40366,3.6619241,9.34567
363480820,170.36923,3.1142619,9.51269
363573932,172.36282,2.8095706,9.50234
363574025,172.4024,2.3778906,9.34306
380545382,173.78613,2.849503,9.2255
365070726,202.25136,2.980015,9.48853
397067775,193.53117,3.5690582,9.49018
374270467,159.32976,2.0106857,9.5064
366683267,178.10707,3.094978,7.8482
388925453,187.80371,3.5623765,7.6151
262713845,148.99825,2.798759,8.4212
453052942,145.29268,3.469411,9.55496
277893499,157.32654,2.8183208,8.9297
380672646,191.56177,2.4642963,7.63216
291156240,190.64188,2.5084894,9.41945
301627029,173.3443,2.4638736,7.9878
397067758,193.52678,3.6636157,9.69465
397067874,193.51994,2.9312236,9.2135
397067918,193.42738,2.6629775,8.3781
411217866,194.32997,2.860792,9.27424
365180657,203.97849,2.6817865,8.26057
301626940,173.31566,3.0435646,9.63008
397067842,193.45786,3.1227517,9.5084
366804240,198.42386,3.0199597,9.6643
366804290,198.39938,3.2952108,9.58657
277812894,156.09737,3.0915427,9.6729
455305939,147.62405,2.010178,9.6588
388925203,187.75821,2.2903283,9.5258
377169957,185.03473,3.2474883,9.7001
374239708,158.99562,2.9387858,9.8636
344887845,150.84792,3.706473,9.3402
344887909,150.8421,3.363641,8.8499
453055580,145.5519,2.915285,9.8294
455269824,146.17407,3.9269989,8.7775
455270925,146.23558,3.3708346,7.30873
455271157,146.18065,2.3271534,9.9245
455269756,146.124,3.6561935,9.8711
374239661,158.97023,2.6719403,9.4402
455270883,146.28963,3.5356836,9.1648
344910129,151.46492,3.6371074,8.5506
374178366,157.76791,3.1737554,9.9752
344951668,151.79272,3.6897953,7.9499
345035865,154.63416,3.7913141,9.8367
344859368,150.68227,2.5127926,8.4835
344859480,150.6844,3.0605283,9.13477
345073329,155.08415,2.1754353,9.5473
275133037,142.88417,3.6710372,8.6462
374180556,157.96227,3.500373,9.4049
345073128,155.0294,3.1024318,9.1176
281701636,161.9946,2.6531193,8.17192
262719807,149.20793,3.967945,7.594
345034827,154.43245,3.4598696,7.9236
345062935,154.93965,3.3174746,8.94
286101008,140.89027,3.8971992,8.6899
374223757,158.60835,3.617933,8.03
374365477,161.30615,3.7299895,6.89006
374179414,157.90108,2.8447723,5.64428
366697406,178.14703,3.1519911,8.6284
301625810,169.3225,2.0105565,3.64058
363479634,170.20132,2.8622675,7.2575
337749171,179.55804,3.4820087,4.7652
363549599,171.70496,3.8643463,9.7863
275133026,142.81395,3.6480737,7.88953
344843928,150.42993,2.2912328,7.8689
344858197,150.6134,3.075341,9.9406
344858376,150.59996,2.2679172,9.4958
277711975,153.52881,3.554587,9.0315
374179479,157.89311,2.4010992,8.5624
380671557,191.37332,3.9980369,8.47602
149951788,184.18108,2.3202782,9.2369
412130349,183.99188,3.0197952,8.4541
412130456,183.96825,3.755908,8.8504
363548651,171.5113,2.4583392,7.853
453030624,144.46523,3.8897018,9.7582
374223925,158.56927,2.7718792,7.1725
453032579,144.4846,3.4174166,9.7729
453049746,145.06819,2.6471524,9.2428
374355593,161.047,3.422871,8.6509
345075487,164.32439,2.6441953,9.9312
149951723,184.12613,2.6721313,9.3334
275180913,143.76228,3.8314922,9.587
374210175,158.48335,2.623057,6.5953
275156610,143.18486,2.9702318,7.7684
374269350,159.17146,3.9498124,7.6995
281725708,162.60085,3.6511588,9.326
281725911,162.53049,2.471371,7.5583
277914656,157.5698,3.5523565,7.0804
275156744,143.1615,3.5202649,9.5315
275157970,143.36584,3.864232,8.7435
277914444,157.56575,2.571358,9.4675
397027834,183.41028,3.9716578,8.39494
380154966,172.49503,3.2051125,7.8449
376814040,181.02318,3.3407524,8.6434
380729560,192.71242,3.5127912,7.88119
381712994,196.8921,2.1524775,8.7146
393640831,199.77802,2.9034514,7.0716
380154967,172.49525,3.2063131,9.8152
376814035,180.98842,3.3580024,8.3121
453050040,145.00595,3.8006966,9.84975
281726737,162.83069,2.0105608,8.82133
325254474,176.69852,2.8741179,9.564
381713319,196.87251,3.13075,9.5208
393640736,199.77446,3.4807708,9.2375
393640789,199.78186,3.140955,8.7929
393642099,199.95349,3.489708,9.20592
262746714,141.1394,3.9052906,9.8402
374271395,159.44595,3.3472784,9.3835
277712034,153.46664,3.2308147,9.9376
277712155,153.45715,2.6932304,9.4108
325274896,177.02354,3.657909,9.9321
301626141,169.34349,3.8272767,9.9489
455305569,147.6743,3.699643,9.89442
262746770,141.1818,3.66855,9.2094
376814108,180.96414,2.9373102,9.7943
277914350,157.62915,2.1502023,6.05093
275178067,143.36067,2.6473293,8.9196
345032207,152.90746,2.2213895,8.4763
275158050,143.29012,3.5374231,9.707
381713528,196.89568,3.8177464,9.97475
453030789,144.40749,3.211251,9.7998
149951666,184.18654,3.06172,9.8042
374180523,158.00949,3.315286,9.71258
277914669,157.60052,3.634585,9.5243
344951838,151.73692,2.9644158,8.43993
275156867,143.26947,3.9455123,9.8139
344890674,151.12787,2.360755,9.9804
344890340,151.05957,3.918819,9.9276
275309731,149.90137,3.8712165,8.86814
275310200,149.88478,2.0092604,9.0225
275178085,143.27957,2.5730004,9.55599
275156801,143.19926,3.69468,8.2352
344890482,151.03513,3.2010581,6.0379
374210257,158.4843,2.9666557,8.57493
275309975,149.84503,2.9640012,9.0381
275157983,143.37044,3.810761,8.39758
277914391,157.62543,2.3281188,9.1891
281707659,162.3554,2.4641373,9.9266
275254541,148.36833,2.0573184,9.7605
374350366,160.86427,2.1647747,7.95562
277797912,155.79561,3.6518056,7.84441
277798104,155.80989,2.609644,8.80914
281707498,162.3475,3.4402177,7.52501
277768819,154.22928,2.421669,8.2705
903032128,165.13547,2.96885,9.8894
281707716,162.29843,2.1706064,9.15593
290651376,141.01965,3.712812,9.97155
281660759,161.71623,3.0988595,6.862
290513811,139.44716,3.8920195,9.48872
290589708,140.07689,3.7169368,8.59604
275249746,148.01039,2.305532,9.5484
344840363,150.10634,3.119106,8.4658
344926262,151.55869,3.785544,9.0184
363517074,170.79956,2.2011847,8.9384
363573115,172.16922,2.1642852,9.1224
374268084,159.00638,2.7474713,6.8885
277810712,156.0549,2.3680172,5.4323
277777807,155.6519,2.7965515,8.051
344926541,151.53284,2.4294822,7.1441
344926565,151.5138,2.338248,9.829
455282664,147.3639,2.006615,9.094
377247599,186.24336,2.7244153,8.957
377247659,186.17601,2.423286,8.4823
345078444,164.74936,2.1950817,8.0992
411279059,196.56808,2.6991174,8.0383
275249865,148.01303,2.822044,8.1057
262718803,149.11322,3.7831678,7.5651
275135893,143.05293,3.2960832,9.0059
374267903,159.07869,3.683103,9.2902
374268136,159.02444,2.5256398,8.4368
397059628,189.60355,3.5270607,9.5519
397059638,189.5724,3.502453,9.5795
366699264,182.39523,3.6443245,9.7144
366700204,182.63196,2.368713,8.9103
397056910,183.92989,2.2171156,9.6345
377298007,187.34976,3.1636767,9.3758
363573007,172.19609,2.8477094,7.6541
396956782,173.092,2.0469067,9.4071
344891926,151.2289,3.4771276,8.6233
344927845,151.61531,3.9202785,9.4082
363571812,171.9626,2.227322,9.5922
344927666,151.64633,3.0439663,9.9751
275249970,148.04735,3.2218404,7.6823
277810148,156.04715,3.8308153,9.2555
377247720,186.2168,2.1577334,9.9357
281659556,161.5507,3.508924,9.5327
281659601,161.61632,3.3011947,8.3491
277771191,155.44302,2.1532347,9.2865
469350824,141.73901,3.4862592,7.4072
281659828,161.57643,2.1372173,8.29088
275251307,148.16316,3.130165,9.0792
455269708,146.05695,3.4413347,8.3545
281730695,162.96983,2.4447742,9.51511
277832833,156.297,3.3531919,9.7936
455284199,147.4299,3.109283,9.4426
344910094,151.46637,3.38911,8.12086
277839376,156.53833,3.9325309,6.53526
374364247,161.25948,3.3066804,6.6323
281776955,163.47404,3.7014527,7.7259
374239639,158.9507,2.55471,9.24009
275179647,143.45718,3.3508115,9.6586
277832814,156.3084,3.4822695,9.225
277832919,156.28143,2.9738705,9.95081
277833029,156.23686,2.3278713,9.8355
453054355,145.4069,2.5126066,9.7142
453055383,145.50742,2.06332,8.2454
455271061,146.26608,2.7402155,9.95569
277777738,155.61932,2.4039323,9.39972
275308393,149.71895,2.6300352,9.7757
281777134,163.47098,2.5767696,9.1282
262782576,179.73419,2.4463508,9.3262
383190331,142.66682,2.8310943,8.6118
277799183,155.94528,2.6517065,7.1093
383190384,142.64693,3.020808,9.4175
301577733,167.47786,3.7105336,7.3125
422218197,191.06654,3.3510346,7.3339
365152623,203.17377,2.0653107,7.4136
365175402,203.72289,3.0984416,9.4162
281848860,165.7551,3.3156614,9.9936
377299030,187.43378,2.618463,6.6347
345035899,154.57031,3.635504,9.39167
374180449,157.99602,2.976376,8.9464
281701666,161.90106,2.8090472,8.59567
262719969,149.28333,3.3306425,7.86043
380155942,172.5703,2.850207,7.8991
275308594,149.74287,3.4578052,8.9634
301609500,168.94922,2.105415,9.9792
301625086,169.25597,2.620831,9.645
376787777,180.29207,2.9742157,9.8752
290589758,140.05951,3.8612633,9.6633
374209100,158.28773,2.905767,9.90067
374208929,158.34862,3.826922,9.9184
275185888,147.8124,3.4275603,9.90837
374272394,159.55913,3.413535,9.5175
275185692,147.82362,2.5535371,9.13921
374171597,157.7326,2.212413,9.2352
262687075,148.59717,3.3291306,7.59266
344859627,150.67851,3.6701386,8.33976
277869192,156.58427,2.548469,9.1658
277876667,157.02315,3.3156922,7.79728
374178290,157.73732,2.8293543,9.51843
374178295,157.7633,2.877393,9.34261
374178506,157.67494,3.9031792,9.2679
344858028,150.5643,3.9307003,7.94706
453030710,144.3874,3.536314,9.4534
453030727,144.3893,3.484603,8.84414
453030985,144.38702,2.5383458,9.47894
277712290,153.44214,2.0203445,9.9079
374179492,157.90192,2.3058522,9.67334
149951606,184.15181,3.472629,9.2274
149951682,184.15381,2.9823627,9.43902
363479514,170.16101,3.619281,9.0592
149968170,184.49783,2.3944535,9.7713
363549660,171.62468,3.4916382,8.2952
411254565,195.87318,2.2586422,9.1478
411255797,196.07951,2.6270218,9.3207
374223799,158.61227,3.4471955,9.2135
275180902,143.85287,3.9054048,9.4113
275180903,143.85513,3.9051814,7.2077
453051486,145.18114,2.4871564,9.1294
363479741,170.23334,2.4224932,7.1957
380698830,192.39583,3.820599,8.3276
277712053,153.53473,3.1512988,7.1405
366698445,178.38676,3.5166094,9.3706
149968200,184.51805,2.5854468,9.3538
363549733,171.68884,3.0130997,5.7983
363549734,171.69283,3.0063214,6.6584
380698831,192.39508,3.8182116,8.2924
344844269,150.51793,3.8819406,8.7179
275181252,143.8715,2.6086683,8.9857
366698477,178.35162,3.664363,9.5352
337750032,179.66483,3.9708238,9.2515
363548930,171.50119,3.9513357,8.96352
374365315,161.4008,2.7416146,9.8535
149951549,184.17204,3.8268857,9.87893
275181313,143.82448,2.4068427,9.659
453051174,145.18594,3.7272995,9.6596
149951795,184.15222,2.300576,9.981
363548712,171.58888,2.7788367,9.98234
374365209,161.33821,2.1231103,9.9131
281701644,161.94527,2.6877048,9.6319
281838764,165.45284,2.1506178,9.7397
275251117,148.21156,3.8933566,8.8753
275251204,148.15886,3.5490346,9.16822
275251343,148.21399,2.961624,8.17895
275251212,148.15761,3.527752,9.86923
275249788,148.05069,2.454129,6.06652
262718630,149.1962,2.8992255,8.90953
344926234,151.55746,3.9465709,9.1299
344926261,151.5918,3.7862198,9.33521
344926451,151.60658,2.8334484,8.9605
425279401,167.88081,2.0614905,8.702
363516245,170.68517,2.0073814,9.1209
363517259,170.80534,3.1592295,8.8767
388917198,187.54387,2.231627,9.4595
363572907,172.1159,3.4699156,9.04083
376813027,180.8408,3.225135,9.2525
277771579,155.39058,3.9639575,8.969
344927749,151.62784,3.4746559,7.4829
363571924,171.98407,2.8315372,7.0606
363573014,172.1043,2.782968,6.7667
377172768,185.35199,2.7281704,7.684
377187862,185.30891,3.7077217,7.9599
344926303,151.54314,3.5469337,8.21603
275249752,148.09813,2.3219883,8.87446
275249949,148.03648,3.1677551,9.27552
344926404,151.52605,3.0491638,9.3587
344926632,151.60005,2.0290153,8.4257
455282754,147.33524,2.3693419,9.41983
345078585,164.70374,2.987197,9.23442
381715275,197.00243,3.2561235,8.4118
374313064,160.12321,3.3841534,9.8387
469349675,141.67117,3.5832276,9.5839
469349735,141.67566,3.8358786,9.9204
411278907,196.51866,3.6664577,9.7303
275250099,148.05054,3.7511568,9.9258
275136017,143.1324,2.827268,9.9406
277799176,155.93103,2.6193423,7.3562
275308662,149.75066,3.7889593,9.08644
281848824,165.67525,3.1252363,9.66141
286098991,140.81125,3.5052953,7.92855
281847929,165.57454,2.1895442,7.83593
376787650,180.29193,3.6323254,7.31052
286098992,140.81567,3.5013824,6.9933
275308347,149.74336,2.3967292,8.50654
277799104,155.864,2.2539015,8.3895
453027558,144.20844,3.0819952,8.5661
453027696,144.14581,2.596385,9.5205
281777116,163.4662,2.6578572,7.76157
365152575,203.18242,2.2580247,9.69267
365152613,203.19069,2.0960298,9.29724
301624903,169.22485,3.9538567,9.52043
453055562,145.53496,2.8472803,9.99919
365128383,203.12135,2.7542503,9.95513
903147381,163.14243,5.002617,7.8046
1002815606,200.52266,4.1753283,9.9452
903079624,170.76025,4.1382866,7.6039
377227655,185.63127,5.3107963,8.3408
953654094,183.993,5.640151,8.8438
953654096,183.9932,5.640447,9.1456
953397498,195.39317,4.3877745,9.5464
363517435,170.76025,4.1382866,7.6039
374295326,159.67981,5.734007,7.2379
366698964,182.4948,5.454831,9.702
10005000157,185.47896,4.47359,9.512
393700272,200.52266,4.1753283,9.9452
412130768,183.9932,5.640447,9.1456
411250650,195.39317,4.3877745,9.5464
393700278,200.52435,4.155658,9.399
471012633,183.993,5.640151,8.8438
800075044,138.11807,5.8148665,9.4243
270024150,143.71239,5.247283,7.9547
270709783,137.65161,4.91761,9.5432
262687877,148.80891,5.2440705,9.7191
286055875,138.11807,5.8148665,9.4243
270693331,137.49574,5.426932,9.813
301500827,166.42374,4.227762,8.167
301553140,166.8802,4.856985,8.332
842271197,159.67981,5.734007,7.2379
842271198,159.6796,5.7344356,7.6642
281744950,163.14243,5.002617,7.8046
344950785,151.62714,4.467715,9.029
800072030,137.65161,4.91761,9.5432
842184109,148.80891,5.2440705,9.7191
842210398,143.71239,5.247283,7.9547
270532966,136.04803,5.777234,8.202
366755654,188.6363,5.965725,8.125
301585439,167.71149,5.459602,9.3368
277809858,156.01416,4.4427104,9.8704
290644269,140.56427,5.185398,9.992
366700466,182.54933,4.307968,9.172
381713764,196.8368,4.457235,9.6061
301608592,168.93633,4.691457,9.6209
301607476,168.9123,4.4777746,7.8587
262735814,149.43333,4.2599335,9.25969
262736216,149.37581,5.103355,7.90831
262736535,149.4217,5.871346,7.9984
380577495,174.3735,4.9310255,8.7268
281749463,163.47134,5.497658,8.4616
281748843,163.25941,4.962002,7.1735
380577517,174.31886,4.9801807,9.9457
380577270,174.32983,4.239151,9.7394
380577509,174.28868,4.9629827,7.496
380577448,174.33922,4.758948,9.955
281745050,163.13097,4.715909,9.8427
281745225,163.18959,4.2461305,9.41114
380574362,174.20978,5.093998,9.5674
374339651,160.68309,4.7028894,9.2108
374339691,160.6822,4.769784,9.874
374336394,160.48907,4.0108943,9.8991
374336306,160.44962,4.2965274,7.706
281906090,175.23729,4.953457,7.89371
281906892,175.43997,5.19372,9.0691
281909760,175.50955,4.755203,9.9231
376854321,181.31729,5.548,9.483
376854763,181.46234,5.357378,7.4685
396998706,174.53925,4.597702,9.8216
366712396,182.99391,5.341281,8.413
381689369,196.74026,5.9552293,8.1797
381689375,196.74591,5.939583,9.65754
381726173,197.21588,4.8932037,9.4889
381725657,197.08185,4.096992,7.9577
365059539,201.56256,4.2216773,9.455
377262544,187.1072,5.1878786,9.5899
366722246,183.09888,5.6347213,9.809
366722280,183.07355,5.8728027,6.51875
377262984,187.18602,4.024064,9.0645
281847592,165.56593,4.199228,6.7068
366788470,198.34077,4.0711184,9.15472
301577624,167.58134,4.2608523,9.421
366788009,198.17662,5.374448,9.9692
366788028,198.24277,5.4642787,8.1001
301559023,167.206,4.183236,9.0108
301559519,167.3008,5.031243,9.8858
301559514,167.2383,5.0536113,8.4388
393647691,200.01204,4.2717123,8.5893
411237028,194.77364,5.931496,9.7094
411237029,194.80817,5.92006,8.8466
411237070,194.77225,5.6725416,8.9922
350542965,189.69609,4.742357,8.2401
301628608,178.51941,4.879165,6.2546
301628763,178.61998,4.0370293,7.2482
411189458,193.98654,4.9744496,9.1186
366712245,182.80775,5.915186,9.70546
377190057,185.56259,4.854934,4.8596
376795929,180.51999,5.18484,8.5342
277876237,156.97594,5.3075314,9.5084
277876119,157.0445,5.9129577,9.6403
376795976,180.55605,4.8976016,8.226
381735114,197.35728,4.7007904,9.6102
411238977,194.96454,5.9417386,9.1294
411278329,196.41159,4.8123083,9.2786
363476894,169.86436,5.686972,7.8847
363476890,169.80846,5.679463,8.51618
393701937,200.58005,4.624822,9.6985
393630768,199.21944,5.1615467,6.6578
381726125,197.2126,5.20724,6.1772
376851190,181.13722,4.688469,9.6958
393714148,200.84001,4.5938096,9.4509
376851182,181.10155,4.659327,9.9482
376851261,181.15826,5.092975,9.926
376851227,181.07843,4.931786,5.4016
453056124,145.45148,5.203741,9.2607
453056696,145.65816,4.266947,8.1636
149968862,184.91847,5.5450835,8.595
374357179,161.16125,5.4986067,7.963
262712921,148.90407,5.152779,9.5842
350545133,189.9973,4.4586196,9.68561
345061195,154.83347,5.3994665,8.9079
411234844,194.4528,5.6444707,9.5616
374349038,160.79008,4.6676707,7.6413
381735321,197.40523,5.979702,7.89666
277875989,156.86487,5.544293,9.6859
425282390,168.206,4.8876214,9.4608
350543411,189.8682,4.894635,7.57695
350543510,189.79239,4.231557,9.0467
425282418,168.25114,4.6857686,8.2514
380731731,192.95004,5.3389344,8.3893
380731875,193.06676,5.842624,9.0189
380766036,193.15552,4.3553743,9.5354
301628546,178.60928,5.215852,9.1906
301628587,178.54158,4.994929,8.7666
380767474,193.2709,5.0315337,9.23262
380767605,193.24532,5.856329,9.3531
291160606,190.89565,5.0953774,9.65484
388940613,188.27188,4.524614,9.6562
380767369,193.21098,4.399203,9.798
397024588,178.49799,5.7836766,9.9257
425282375,168.21585,4.95673,9.7504
380675046,191.82602,4.8118296,9.6797
393700277,200.52426,4.1573176,9.1561
411278211,196.43808,4.0905223,7.574
411238656,194.9062,4.129586,9.60936
325274768,177.02841,4.595676,9.6641
325314899,177.206,5.7691007,8.0919
377231810,186.0479,5.971567,5.2948
377231564,186.1358,4.3311725,7.0793
366755707,188.69164,5.6967397,9.2229
325314978,177.27963,5.183376,5.53375
455272761,146.38574,4.8359923,9.7958
366755611,188.47404,5.94746,9.6872
366722569,183.20201,4.469939,9.5299
325314667,177.1389,4.717307,8.4449
455272578,146.40137,4.0052876,9.6346
377231575,186.10002,4.3781667,9.7588
455280736,147.13992,4.6139736,7.2101
411237048,194.84505,5.821165,9.8103
350543034,189.67236,5.171146,8.7256
380543937,173.65256,5.8471932,8.9185
397068927,193.64687,4.060572,8.8698
397074029,193.60045,5.937032,9.8997
411187674,193.84103,5.8510036,8.8822
380674933,191.82669,4.1448226,8.626
380543677,173.5916,4.121044,8.4618
411187883,193.84145,4.5817647,9.2012
325253796,176.5856,4.819302,8.1162
380696392,192.04456,5.1374097,8.5676
397073958,193.60571,5.5422883,8.1845
411187766,193.83362,5.267747,8.5585
376885389,182.25818,4.789755,8.9185
277937431,164.89445,4.3538375,6.8292
376758108,179.20135,5.344833,6.73526
376875844,181.88673,4.5131626,6.5961
376876174,181.98227,5.6997128,9.7413
396972026,173.22664,4.871453,8.6443
396972072,173.20544,4.6149344,9.3162
350545228,189.94862,5.011079,9.425
366778921,189.28654,4.9355397,9.1858
363477211,169.90984,4.5367484,9.4842
376758035,179.2132,4.988214,8.5452
376797536,180.6069,4.2203217,8.0268
376798088,180.73335,4.6177526,8.2944
374311655,160.07613,4.1364427,8.8749
377260518,186.83064,4.973721,9.98057
396973561,174.4502,4.323287,6.2964
411252917,195.65826,5.1856556,3.731
291109496,190.6198,4.707827,7.6935
291109549,190.56758,4.2926073,6.335
291109600,190.52623,4.031909,9.9206
397074306,198.76196,4.5174866,4.6885
446676393,179.25403,4.3145566,9.5496
380542135,173.52472,5.402352,9.7501
275253300,148.32137,4.685706,8.93594
363547511,171.45662,4.0028024,8.5351
270000251,138.51901,5.91952,7.1918
290653056,141.25224,4.0113482,7.2897
374225272,158.73349,4.5368423,8.1305
453056313,145.63373,5.982361,7.4018
455278839,146.96365,4.215933,6.846
397059053,189.49368,4.8745904,8.84979
397059072,189.45018,4.985359,7.0306
397057655,189.41112,4.604543,9.124
397067092,193.41724,4.2377687,6.69325
290653443,141.23181,5.6328616,8.6623
290653450,141.24663,5.653197,8.5079
453056042,145.56438,4.9203553,8.9891
453056396,145.68036,5.5784907,9.5756
453056428,145.57986,5.4752836,9.4816
455278628,146.90688,5.160941,8.3102
397058960,189.5429,4.186449,7.7861
388931770,187.87181,4.4452972,9.656
286363398,191.25935,5.3714395,9.84992
281930654,177.52164,5.2246227,9.8037
366787966,198.25955,5.1363196,8.6024
366787795,198.16676,4.0682683,7.0236
366788394,198.35449,4.5219536,9.915
366788375,198.3583,4.644971,9.69386
270000403,138.52303,5.2798996,9.7262
374225193,158.68175,4.095512,9.8864
377262423,187.07674,4.3965607,6.58841
455278250,146.87358,5.1552205,9.71484
301500826,166.42363,4.2266927,9.78953
380675048,191.74767,4.8252683,9.6348
380675208,191.75963,5.950388,6.31425
380675528,191.92627,4.165334,9.6248
377188319,185.47318,5.514749,8.1927
366785830,198.01643,4.494511,8.7142
455278868,146.98148,4.0816245,7.6301
281782865,163.77754,4.968901,9.3048
376787001,180.13345,4.099935,6.3982
380673275,191.71616,5.790587,8.755
366785969,197.97414,5.301747,9.7945
393717001,201.17743,4.4020743,6.2932
149951352,184.09679,5.209798,9.0739
380672949,191.50401,4.2901187,9.0084
380674937,191.75761,4.157332,9.4817
277736573,153.84198,5.229582,8.115
344989156,152.41678,5.720269,9.2578
277736404,153.89084,4.348077,9.6823
455278748,146.93915,4.6104536,9.0427
380727913,192.50977,5.260347,9.6301
366779258,197.828,5.209106,9.9019
366855531,198.73055,5.433741,9.9612
301559178,167.19202,4.9924126,8.46842
397000421,174.75397,5.7855906,8.4479
366712593,182.91765,4.0559072,6.82207
397000139,174.6857,4.4265003,8.13071
397000342,174.65463,5.7685056,8.65977
422217920,191.00858,5.224838,9.68037
376854248,181.41301,5.237924,9.69766
376851194,181.10463,4.714565,9.0146
380729865,192.77391,5.5532117,7.55
425282091,168.18074,5.417822,9.5632
397026345,178.86745,5.819892,8.58843
425282309,168.24644,5.2349205,8.92486
350543382,189.8172,5.04086,7.90298
380731637,192.98395,4.802563,9.473
453027060,144.13913,5.0556684,8.7904
376758183,179.12318,5.870506,9.49466
376797942,180.8032,5.363997,9.17787
376758118,179.1252,5.391389,9.81892
377231745,186.12228,5.444912,8.7198
455272805,146.32323,5.011632,9.74478
376757883,179.12463,4.0637093,8.3487
350545305,189.97484,5.4457264,8.45862
376798198,180.72235,4.1460915,9.0683
376885499,182.16684,4.0788236,9.0471
350545368,189.97221,5.869612,9.2272
393717026,201.23016,4.2425094,9.0433
277937181,164.81372,5.7567687,9.66874
374311517,160.01001,4.8109794,9.5453
377231986,186.16412,5.034874,7.4289
455272603,146.34694,4.1338463,9.42425
325274622,176.99152,5.6298184,9.86401
366755649,188.63742,5.9871097,9.56373
281778928,163.69308,4.127307,9.5799
281886430,175.0291,5.8809104,7.5903
411257037,196.17755,4.7570777,9.7667
281778683,163.68987,5.847873,6.6549
281816419,165.16374,5.5123916,6.816
281816617,165.06215,4.353881,9.5377
411251113,195.50267,4.8690195,8.8421
393628308,198.93488,4.000709,9.8389
458688331,133.84843,5.9455624,2.2349
281661013,161.6736,4.450997,8.4525
290555795,139.9661,4.327123,9.9114
366682153,177.97491,4.25124,9.1521
377248939,186.30455,5.87431,9.5925
281886647,175.17809,4.9091744,9.7574
393628575,198.8929,5.5315394,9.6561
383187726,142.42003,4.5581937,9.8383
344889904,150.91986,5.9969683,9.83226
344956233,152.1896,4.836382,9.9771
374273897,159.61395,4.108102,9.1976
397053600,183.82521,4.5838895,9.00668
344956162,152.16324,4.509066,8.8667
397053545,183.8237,4.914963,8.02821
270510694,135.73622,5.5264516,8.89499
469347489,141.51443,5.78981,8.58108
389041242,142.0215,5.819024,9.00921
277869825,156.60585,5.278457,9.83144
281661107,161.77019,5.0115876,9.98834
397053677,183.82925,4.063611,9.9716
277870176,156.81305,5.0665,9.9563
270510613,135.75362,5.339351,8.574
262687890,148.72362,5.1977177,6.0984
290555569,139.98628,5.1315393,8.59864
262713516,148.99739,4.321536,9.5682
389041261,142.06042,5.904921,6.65142
275183619,144.05392,5.7180486,7.0633
275183916,144.01831,4.5144024,6.1697
275359055,149.9602,5.609816,7.3235
262781019,141.38669,4.290177,9.7776
374350811,160.83717,4.747669,5.06257
277893895,157.30942,4.620005,8.9984
388925643,187.81601,4.666779,8.2389
388925650,187.83725,4.7201605,7.04721
411217372,194.29214,5.812781,8.463
389038240,141.8441,5.644085,8.9957
281725002,162.43356,4.3866897,8.8496
281725217,162.42532,5.571986,9.8988
291156632,190.71797,4.9675813,9.1601
388933191,187.96915,4.232053,9.4621
411217093,194.1728,4.58735,9.655
411217284,194.22057,5.837561,9.8029
291156675,190.73067,5.266411,7.9564
262780853,141.41911,4.8787713,9.1104
363496365,170.36905,5.631908,8.426
377169513,185.01718,5.9170523,8.2747
397067466,193.5159,5.42412,8.4958
389038527,141.90471,4.514116,9.689
374269805,159.30975,5.754787,9.8617
380546037,173.99687,5.1506658,9.2389
277838721,156.3391,5.1770372,6.9863
277875712,156.9275,4.27154,8.8734
277875731,156.89807,4.3125052,8.61757
277875776,156.934,4.472169,8.5975
281707035,162.33904,5.8368306,9.3215
277747947,153.95865,4.128632,8.5089
455280785,147.04689,4.9578705,7.9337
277767043,153.94646,5.796322,9.1218
377260949,186.91364,4.417491,7.4787
262687961,148.72874,4.861186,8.8777
469347830,141.51003,4.266557,8.066
397053612,183.80795,4.525657,7.05847
344954020,151.98073,5.382261,9.5038
277887228,157.15286,4.440896,9.3727
366757147,188.78127,4.0422688,8.4718
377260961,186.94629,4.3317065,9.209
388933266,188.05162,4.647645,9.4204
344842020,150.27884,4.677642,8.2562
455281346,147.16872,4.4087334,9.2042
344841959,150.28122,4.3709455,8.9833
277748017,154.02599,4.5877647,9.9688
397024291,176.33986,4.243544,9.5204
345035210,154.42247,5.1236577,8.8553
345035250,154.49936,5.4120703,8.9918
275253650,148.42885,5.958585,3.9853
374238274,158.81374,4.8227983,7.1358
374267586,158.99635,5.6633353,8.6844
345000686,152.77547,5.25224,6.3309
301467670,166.07942,5.22494,5.8939
366775520,188.8594,4.677776,7.80486
388923925,187.6782,5.0741863,7.0886
397022616,176.08974,5.616688,9.5357
325274456,176.92557,5.396011,9.7531
366660648,177.7733,4.4955983,8.8343
374223468,158.52084,5.057104,9.95772
397024279,176.40466,4.1895595,9.25469
366775154,188.72234,4.992709,9.5067
275253573,148.33894,5.871988,9.9619
374267561,159.0067,5.82952,9.9346
345000619,152.76086,5.6067085,9.4792
397022757,176.27962,5.675523,8.0605
301469307,166.21472,4.4591885,9.2087
366660332,177.59296,5.4412313,9.3297
149968636,184.5388,5.094235,8.2154
374366167,162.72987,4.4995546,7.6798
903141235,160.83554,4.746738,6.37537
425278203,167.80672,4.597506,9.2657
453047955,144.92468,4.28462,7.0307
301500949,166.39142,4.8816085,8.5782
366742018,188.40422,4.220523,6.7892
380727999,192.5558,5.8597693,8.959
380728049,192.58318,5.9364567,8.1171
453036090,144.78906,5.3806977,9.5039
286363232,191.36029,4.4502997,9.038
301500962,166.47389,4.987986,9.1084
377227793,185.72815,5.920717,7.1373
374199559,157.97559,4.040766,9.6477
411249019,195.34897,5.0591116,9.8443
374238266,158.84784,4.8535194,9.6545
366660681,177.69232,4.229557,8.7986
411248671,195.24161,4.8470144,9.5752
149968530,184.46056,4.4705195,9.912
455250360,146.01852,5.429303,9.9226
277887250,157.16245,4.5255537,9.7145
366775267,188.78679,5.744093,9.76926
277838596,156.3904,4.5719814,7.60374
277838848,156.35191,5.8656764,8.0956
397024475,176.42018,5.5002723,7.9548
281707057,162.34099,5.709472,9.2764
281706845,162.2268,5.2613134,9.54012
281707007,162.33441,5.935352,9.0037
455280622,147.12238,4.0559373,9.18521
277767073,154.00298,5.9187264,8.85693
376884862,182.1313,4.3799834,9.18744
277838707,156.36595,5.1061406,8.03965
277875673,156.83531,4.0441823,9.01631
281707328,162.35805,4.1908603,9.4679
397024270,176.39317,4.164222,8.99819
277838695,156.361,5.049485,9.66621
277887463,157.11316,5.815344,9.77596
363479073,170.02496,5.650017,6.1796
411255011,195.86482,4.9080834,5.6479
277672201,153.0365,4.0374107,9.7596
380574088,174.23083,5.9129543,9.6775
301553592,167.08415,4.4583917,7.6027
281906915,175.45659,5.1406875,8.3064
281907055,175.40918,4.5905743,7.68061
380673156,191.56749,5.5310555,8.81015
344890062,151.09161,5.4117875,7.8676
377249267,186.4784,4.199754,6.4871
350566554,190.49547,5.4166665,8.1044
380731827,193.0166,5.941046,7.7053
380673299,191.66864,5.606219,9.8173
380673351,191.69208,5.3348365,9.427
380673369,191.65683,5.2242775,9.72373
411189791,194.07567,5.1418476,9.4698
411189913,194.11761,4.5983996,8.6251
350566584,190.41956,5.571944,9.659
366779348,197.8712,4.7470584,9.7993
350566633,190.45691,5.8680015,6.4487
366741572,183.27695,5.4973,9.1662
344890178,151.03882,4.797291,9.6508
422217997,191.01895,4.7254333,9.5671
344890116,151.12625,5.0837517,8.2026
377249270,186.3976,4.176317,9.9913
366741574,183.35225,5.5045924,9.5234
270000502,138.56462,4.825513,8.90789
281659348,161.61082,4.5985017,9.02085
290653531,141.24792,5.990222,9.6189
366741406,183.35907,4.421556,9.7119
366741659,183.27925,5.9178343,9.72281
301499224,166.28734,5.21601,9.2032
301677437,178.70988,5.7956147,8.72092
363572458,171.97798,5.9713774,9.53466
281659343,161.63866,4.645591,7.3065
275253270,148.29619,4.53354,8.3868
290653121,141.34373,4.285576,7.4735
374225285,158.7068,4.6341124,9.1608
383185164,142.30032,5.057709,8.86901
455278555,146.92691,5.535562,9.4902
397058969,189.46594,4.288617,6.9398
301499231,166.27092,5.1517797,9.05544
290653420,141.22758,5.536391,9.75733
453056008,145.51497,4.7751074,9.65934
397067580,193.42932,4.746325,9.8455
455278033,146.79594,4.204869,9.8449
363458298,169.56319,4.0715256,9.80822
388917558,187.58757,4.4164333,3.2665
344892356,151.17105,5.519401,6.5981
363515857,170.64981,4.239621,8.6364
277832595,156.21675,4.518469,8.7634
396955279,172.92049,4.5443325,7.8941
301539780,166.69168,5.920252,9.6051
377227927,185.71707,5.0524263,8.8225
377227861,185.72693,5.468819,9.304
344989428,152.51698,5.0225334,9.1153
301539783,166.67389,5.9290156,9.3386
397074297,198.83875,4.597434,9.9281
376887132,182.31036,5.4702153,9.8427
301501509,166.5149,4.0694833,9.6142
275358948,149.93173,5.1810613,9.9071
325246973,176.47905,5.2277656,7.8415
376785561,180.06242,4.6332583,8.2804
345061193,154.79594,5.400965,9.2407
374348951,160.78088,5.185695,9.4672
262745936,138.9167,5.1274023,7.663
265443088,134.5271,5.6707287,8.75751
277776356,155.59615,4.4319406,8.0697
281729833,162.76073,5.0323215,7.5878
345000306,152.68436,5.121124,8.8563
281702293,162.09097,5.775814,9.0734
301553246,166.9877,5.49577,9.8773
301553297,166.88304,5.877179,7.4091
377171622,185.25082,4.5377774,7.21951
275358914,150.00981,5.001336,9.9705
277711397,153.3963,5.584921,9.6103
377171602,185.25287,4.751464,9.0489
301579197,167.71558,4.006562,9.92446
301579330,167.66576,4.768624,9.83395
380696235,192.06056,4.1175585,9.18614
380696369,192.05977,5.0359364,8.71289
411187723,193.89099,5.53742,8.81185
411187764,193.81334,5.300374,7.3192
377227654,185.6335,5.305447,5.9534
275358692,150.0308,4.027844,9.6252
301553141,166.88148,4.857074,9.2993
363618808,172.74895,5.3929343,9.7616
377227707,185.57658,5.6389346,9.53723
277894000,157.37444,5.1936765,9.9948
277894096,157.35826,5.687221,9.2668
281909930,175.4755,5.454853,9.5297
366700809,182.63518,5.680212,8.7557
377229624,185.83954,4.6713567,8.3188
275183102,143.94984,4.2372217,9.737
344953770,151.87155,5.5411763,8.7477
277696329,153.20152,4.614678,4.72881
281910261,175.61452,5.5054517,7.60727
366700571,182.5837,4.995799,7.2071
366700694,182.52397,5.7185755,8.1522
366700699,182.60391,5.7384086,9.2829
381755615,197.58188,5.0090995,7.2477
277893913,157.35861,4.692684,9.8006
286130025,143.53445,4.9395785,8.9293
344953493,151.88004,4.256766,7.9301
453029983,144.35825,5.781419,9.4166
453058983,145.80946,5.5767426,9.9163
277695960,153.09534,5.634385,9.3935
277696341,153.30426,4.5553055,9.2954
281910221,175.67116,5.6439915,9.8411
366700537,182.62823,4.7499685,9.0886
393712397,200.74376,4.4729667,9.9264
383188202,142.47844,5.6551332,6.2605
455278547,146.90677,5.5592623,8.3288
376865943,181.73947,4.490476,9.2852
366855536,198.7513,5.5018606,9.4393
374356979,161.14725,4.3152933,9.49907
376785066,179.96162,4.559825,9.91806
262719045,149.18542,4.9121675,9.2152
374356924,161.1391,4.0338125,8.32588
374357235,161.07867,5.888839,9.48451
149951324,184.11433,5.3754783,9.4914
903147382,163.14087,5.0029163,9.1452
290609291,140.48428,5.682927,9.6563
397012304,175.94797,4.2717805,9.7603
281910383,175.66238,5.0422153,9.0025
377229743,185.81694,5.3659987,8.7679
366700786,182.69824,5.9002576,9.6223
149968972,184.92993,4.998629,9.3269
381755579,197.64822,4.801168,9.41
397012320,175.8414,4.3831706,9.6771
275183297,143.99635,5.024009,9.6517
325254038,176.7141,5.530738,8.0633
325254061,176.80553,5.386536,7.863
325254102,176.76726,5.108643,7.5478
376813312,180.82524,4.694539,9.2553
376813729,181.03722,4.987271,8.2692
393647032,199.89029,4.3513694,9.4739
455305268,147.70258,4.9813395,7.1735
281837267,165.26476,5.3335795,6.8352
281837386,165.2271,5.9716196,8.0094
325254133,176.75723,4.892754,7.2747
363547119,171.29677,5.739464,6.0653
455304854,147.57759,5.221558,6.8899
455305468,147.73055,4.0999694,9.9053
325253983,176.78464,5.9249797,9.8492
393640597,199.8137,4.1885805,8.7369
380155464,172.61336,5.8486147,9.3658
377250985,186.65347,5.302506,7.3466
380155275,172.45166,5.332076,9.174
380730110,192.93745,4.941072,9.3944
397027965,183.45117,4.892335,9.3152
363547162,171.34598,5.9502583,9.4446
363547240,171.40213,5.738084,9.093
380155543,172.62344,5.3662944,9.1824
281816379,165.15959,5.7273097,9.51185
377298247,187.2738,4.612971,8.77479
281886167,175.07878,4.3715777,9.42731
411251143,195.58684,4.612085,8.79212
411255357,196.02,5.1889772,8.42832
377249040,186.43085,5.6304903,9.99094
411255256,196.03777,5.7329097,9.8998
411276762,196.25366,4.9316893,9.7873
377248942,186.34366,5.908056,9.2052
393628412,198.9966,4.646813,7.8189
377248803,186.37608,4.8988986,8.43503
377298461,187.2661,5.9606876,7.6374
377169565,184.98055,5.671642,6.99993
281886610,175.12192,5.1399417,7.06287
377248814,186.32152,4.9916553,8.49019
377298414,187.25447,5.65049,8.68797
377169550,185.04915,5.751621,8.9392
377249026,186.46764,5.697077,9.8044
345077077,164.6716,5.5138288,9.7907
363532690,171.22205,5.3990927,9.2579
411253103,195.71756,5.954975,8.592
277915082,157.59305,5.7267528,7.5797
277734420,153.68091,5.7494555,6.9539
277767382,154.11691,4.682433,9.1486
281884601,174.94145,4.880814,7.6747
281749110,163.3278,5.691433,9.7999
277887938,157.26749,4.078417,9.0188
277734404,153.73451,5.8258376,9.7819
345077310,164.63971,4.2093115,7.9374
149952990,184.3263,5.1796055,8.2138
366786341,198.14534,4.3113465,8.6237
149953084,184.22069,5.69056,9.1438
411253418,195.72646,4.4467244,9.8073
366786018,197.92097,5.6169753,9.954
262713154,148.97168,5.905974,9.5775
345074554,155.15692,4.116496,9.257
344956539,152.27617,5.704063,9.5697
277769304,154.15762,4.9292784,9.1565
366696833,178.04167,5.6269345,8.6103
366696886,178.03972,5.956203,9.8498
363496389,170.32214,5.7420077,8.4087
363496745,170.46191,4.343594,9.3507
376865732,181.73547,5.8034043,7.9364
397067521,193.53372,5.134376,9.60349
374350728,160.89517,4.25078,7.6321
374350738,160.85037,4.3017664,7.4283
374269977,159.25606,4.7867346,8.2986
363496775,170.39111,4.208309,7.5901
377169726,185.01697,4.742356,8.9721
377169777,184.99611,4.456941,8.9539
376865733,181.73721,5.802611,9.708
388925694,187.84332,5.052894,7.42377
301626781,173.35324,4.134167,8.8157
262780787,141.39238,5.121689,9.5348
389038310,141.84175,5.3398857,9.31112
389038380,141.9091,5.095656,9.47282
453053211,145.25397,4.5340133,9.2792
291156730,190.68898,5.6447153,8.8644
388933398,188.0501,5.381861,9.55364
376865408,181.55869,4.1954427,9.05118
376865822,181.69073,5.2992144,8.335
281725082,162.49854,4.8401484,9.6883
380545802,173.85501,5.451969,9.926
376865766,181.767,5.5723085,9.9443
281700323,161.78488,4.655829,9.5371
344956246,152.1673,4.901755,9.996
290651551,141.01509,4.2896113,7.4097
290651893,141.00343,5.6062512,8.2391
344842101,150.23277,4.995108,9.8264
344842320,150.32895,5.8862667,8.105
281725568,162.62167,4.55007,8.4968
277711691,153.47185,4.934057,8.9016
265442953,134.40092,5.895881,7.2816
290651905,141.05962,5.652621,6.7085
344842102,150.24118,4.995351,7.0506
453033571,144.61371,4.649289,3.4807
277775913,155.37756,5.533658,9.6755
453033145,144.57454,5.6434116,8.9956
453033402,144.65202,5.269084,9.0574
374297627,159.91249,5.1942573,8.8166
397012858,176.0635,4.279711,8.6357
397012883,175.99875,4.11209,8.6054
453032814,144.58565,4.360422,9.8944
270693709,137.49564,5.4260373,9.647
277797762,155.78896,4.4799557,9.3093
270693641,137.54166,5.6671166,9.937
344842334,150.29463,5.7978845,9.8372
277915035,157.54897,5.5067544,9.7136
397012651,176.05554,5.6793737,9.8011
383187869,142.38458,5.0893435,9.9238
286039000,137.8834,4.4268594,9.5823
383187839,142.43309,4.9955063,9.9221
344951524,151.8157,4.2770343,9.8587
363458371,169.59128,4.511425,9.60085
345072685,155.11755,5.0408344,9.07124
374351028,160.93156,5.9687138,9.09379
366755440,188.53305,4.9615107,9.64462
344890019,151.10123,5.606686,9.83542
286097964,138.27336,4.5067577,9.9845
345072546,155.04916,5.7199354,9.559
265531691,134.69255,5.4640346,8.4405
344890226,151.08852,4.5234385,9.9196
383187719,142.42062,4.5530567,9.0745
374365907,162.74243,5.8955364,9.0549
377249143,186.41942,5.0463614,9.64782
275156950,143.21799,4.246454,9.8774
281725607,162.5801,4.3148303,8.1894
345032775,152.90239,5.1736183,8.2618
374210471,158.45766,4.190666,7.8683
374210747,158.42708,5.7026935,9.7991
275157750,143.3816,4.7077117,8.0878
344951025,151.6976,5.6114926,5.39718
374178678,157.7152,4.8957624,9.3103
345032781,152.84113,5.2273173,9.92437
374210599,158.51009,4.842672,9.7616
275156928,143.27324,4.171424,7.8796
345032799,152.944,5.3157344,7.9777
275156952,143.22496,4.2514324,9.29619
275157760,143.37251,4.6656504,9.00185
374269443,159.19736,4.493887,9.51363
377227796,185.67097,5.9149413,7.9286
396955365,172.83238,5.0544386,9.63164
344989490,152.56418,4.625961,9.0973
281658994,161.43028,5.383394,7.4927
301539700,166.66869,5.430026,7.77401
301539558,166.74057,4.594396,9.22687
344989503,152.51624,4.5724797,9.7812
344950993,151.62889,5.4581933,9.7932
290543911,139.5488,4.7617955,9.6705
290544356,139.62732,5.535526,9.8953
286129437,140.94186,4.8139057,9.2523
262719243,149.08514,5.82752,9.4948
262719441,149.20787,5.4739823,9.3246
262719716,149.30496,4.3987856,9.9801
345072855,155.0801,4.291347,9.1618
374223651,158.57675,4.111378,8.0461
290597995,140.21602,4.141883,8.8033
262719367,149.22206,5.7805524,9.3015
290597787,140.20644,4.892692,9.7441
262719171,149.18176,5.4866323,9.4118
262719695,149.29582,4.4674187,9.53951
290644172,140.5058,4.8065157,9.29241
286363219,191.34694,4.359957,8.9351
281930471,177.52322,4.0509048,8.98091
262934305,184.7279,4.6453686,8.99384
425278126,167.83481,5.096606,9.6307
453047788,144.86435,5.0849824,8.98519
262934192,184.77248,4.0341825,9.3996
380727725,192.5149,4.010648,9.45814
453035945,144.77802,4.7614875,9.7097
455305090,147.66542,5.85841,9.8321
455305421,147.62534,4.343649,5.7921
363547238,171.42894,5.7478952,8.07124
376813641,180.93517,5.557751,5.9458
281837324,165.28459,5.680891,8.08075
325253991,176.7018,5.8754134,9.2381
380729800,192.74188,5.1647534,9.56869
381689625,196.80234,4.585213,9.81721
455304687,147.53203,4.3958387,9.72082
281837259,165.2527,5.273632,9.9181
393647125,199.89258,4.8556128,9.9944
800056980,138.71483,4.2107573,8.7183
290488468,139.13353,5.4050007,8.12798
290488787,139.21077,5.8120365,8.12569
286098735,140.85905,4.5653396,8.6859
286098832,140.77892,4.2006764,8.72102
301624816,169.18405,4.6690707,9.0473
262809864,179.81618,5.0737243,9.6692
262722185,138.40012,5.9525757,7.5922
286098475,140.79819,5.5355115,8.7133
275308895,149.70322,4.808537,5.2053
283747689,134.47488,5.963177,9.0432
453027096,144.19289,4.950731,6.6137
366777234,189.11217,5.551433,9.3216
286098249,138.29297,5.4838,9.2531
286098611,140.77989,5.049444,9.45586
262722244,138.33223,5.66436,9.8077
374272048,159.48372,5.361269,8.9943
455270068,146.1675,4.9405675,9.315
270710225,137.83267,5.7158933,9.3321
270679406,137.08453,5.1442423,8.8869
270679531,137.06914,4.79405,9.0975
374199950,158.11111,5.842894,9.8672
374357299,161.29233,5.867355,9.1548
455270733,146.21576,4.264374,9.6873
290488561,139.17537,5.7198954,8.8721
325274708,176.95406,4.987813,9.82772
262722498,138.44371,4.732688,9.3627
290488616,139.11948,5.8784995,9.9819
290488742,139.29607,5.9596863,9.2131
275309405,149.92006,5.103415,9.4105
325274397,176.90678,5.01962,9.9016
344910383,151.41019,4.7560916,9.33702
366777087,188.99228,5.5487685,9.6168
270511191,135.84052,5.094314,9.6529
270679512,137.12434,4.844415,8.9497
277832433,156.32387,5.285317,8.6916
453055858,145.5008,4.1613483,9.7316
453056018,145.53671,4.836911,9.6379
374357476,161.28284,4.8085923,9.7683
455270447,146.21835,5.459102,8.8559
455270510,146.25853,5.1466064,9.7793
453058956,145.74365,5.452913,9.57758
277696401,153.30255,4.212385,9.4691
281930597,177.53268,4.907387,8.4543
350564771,190.33315,4.784904,9.505
363477221,169.94699,4.4316497,8.7914
453059032,145.69574,5.8347945,8.69111
281909755,175.53056,4.7473426,6.7314
281795363,164.12895,5.273338,7.63338
281816260,164.20967,5.6314034,8.4916
366700465,182.54831,4.307912,8.3251
366700717,182.51424,5.8070083,5.4334
380542064,173.52249,5.926899,9.3674
453058840,145.71977,5.025756,8.37094
453059451,145.87411,4.3184476,9.7944
277696164,153.28783,5.496382,8.8541
376876309,181.93253,4.8212414,9.082
381755458,197.58696,4.181376,9.3532
374200170,158.07707,4.6453567,6.12099
325274529,176.90475,5.8899736,8.47972
366660259,177.57411,4.954647,8.4299
301467551,166.02846,5.855043,9.05106
301467704,166.10257,5.0524073,9.01471
366775563,188.93694,4.3768687,9.8232
344859997,150.76558,5.6788735,8.1678
453056057,145.50772,4.9698424,7.88224
374272172,159.57321,4.6892962,9.0791
301467567,166.07889,5.795686,7.6626
411249158,195.28381,4.358634,7.0044
393649309,200.1824,4.1329465,7.742
393670610,200.14107,4.8271155,6.85401
270679516,137.03616,4.8282824,8.7879
344859904,150.74794,5.09752,7.88994
277832372,156.2547,5.5769043,6.526
345035203,154.46,5.1067977,9.78134
366660338,177.60542,5.4840937,9.77455
411249015,195.31995,5.074201,9.67246
453053865,145.3378,4.7021894,7.15346
374364066,161.25003,4.3380637,7.48281
374272222,159.49821,4.445241,7.7157
455270045,146.10466,4.8691792,8.3509
301467856,166.0914,4.01514,9.8703
366660451,177.69608,5.960034,9.9518
275293752,149.62328,4.880411,9.8512
290651930,140.98732,5.730197,9.2695
290651666,141.10596,4.7648826,7.25877
374238106,158.83037,5.806931,8.68622
344842326,150.32704,5.849961,8.0751
374271693,159.40265,5.0862374,9.18833
277775869,155.46951,5.3408966,9.2175
374238222,158.83904,5.08529,8.96638
397012680,176.08055,5.4334464,9.15978
275293658,149.58252,5.218574,9.4745
290651894,141.08926,5.6084647,9.8694
281884728,174.9031,4.1646433,9.6599
277734546,153.69067,5.1472774,8.68586
277713721,153.55219,5.224748,9.52259
345077029,164.61548,5.809133,9.93943
345077100,164.66737,5.365539,8.53446
345077246,164.59741,4.5564218,9.93123
397059180,189.53177,5.6337647,9.63378
388933563,188.09155,5.702102,8.67031
286055968,138.1226,5.4355755,8.8154
286055977,138.10109,5.404959,9.7657
275250249,148.1091,4.422067,8.3518
290555570,139.97209,5.127208,8.3058
344892189,151.23505,4.7850246,9.0923
301626474,173.36624,5.9859557,9.5573
374313274,160.08597,4.5401053,8.0975
262685262,148.51372,4.949761,7.6662
262685263,148.52794,4.9454155,5.1993
290513411,139.51868,5.3125453,8.0106
262718860,149.15419,4.0443625,7.41
455283979,147.42455,4.09567,7.5867
374313177,160.10803,4.031833,7.5912
350547355,190.23079,4.421885,8.4702
350564469,190.18317,5.7231054,9.9367
388923820,187.67947,5.516824,8.3999
277797107,155.62305,4.1256075,9.8871
262685350,148.54883,4.603432,9.5002
277775683,155.40964,4.476284,9.5133
275135630,143.09145,4.3873057,9.5612
455283356,147.38168,5.19749,9.7419
374313395,160.112,5.242144,9.3541
350547326,190.23392,4.255012,8.5361
350547348,190.26402,4.3814607,8.8413
350547437,190.19177,4.914378,8.7216
350547460,190.26073,4.9885073,9.6481
396971740,173.07358,5.397874,9.4363
380545987,173.92917,5.4853954,9.4714
388940797,188.31696,5.6043487,8.981
345074853,155.19371,5.970954,9.8843
301626494,173.3759,5.8621345,8.4207
290513610,139.51855,4.6120667,9.8353
374240100,158.95193,5.376114,9.6436
374313266,160.19176,4.471088,9.6748
350564451,190.18341,5.56342,9.3345
396955671,172.9734,4.990495,9.402
396957211,173.08223,4.7613015,9.5501
411280145,196.575,4.522407,9.7994
286056181,138.19695,4.658207,9.36547
345078992,164.702,5.089238,9.5969
425279777,167.90651,4.06789,9.896
262746042,138.83008,5.5153413,8.31505
345074754,155.14018,5.3630586,8.8973
345075050,164.33937,5.1247473,7.7714
301626216,169.39603,4.322963,7.2719
337749963,179.62634,4.3401093,7.5373
388931575,187.96275,5.7099175,6.445
270581387,136.5049,5.1779957,9.8234
275180707,143.84277,4.6355734,7.9087
275180712,143.78532,4.6261735,8.9049
275180863,143.77052,4.0395164,6.7513
453051020,145.18076,4.3939548,8.1177
453051027,145.08694,4.3558097,7.7497
453051033,145.12585,4.342894,8.706
301626247,169.3566,4.6049547,9.4225
337749353,179.51167,4.3533816,8.2298
411255069,195.90875,5.240589,9.8505
344844887,150.55962,5.061498,9.4334
275179888,143.47574,4.2595644,8.439
453050227,144.99992,4.5115232,9.3981
374351073,161.03188,5.965496,9.0391
345075197,164.4325,4.2214947,9.4102
281839439,165.5588,5.6827745,8.4909
262810826,184.43301,4.3605895,9.562
270693127,137.42328,4.7778835,8.7551
270693315,137.38661,5.380951,9.5839
270693378,137.42943,5.5832095,9.7797
344845088,150.5805,4.1267495,8.2816
412130750,184.05359,5.5469594,9.4479
363478872,170.08151,4.4235864,9.8908
337749461,179.56651,4.886627,9.0564
376813888,180.93729,4.185594,9.1123
270693208,137.46445,5.043632,9.0953
270562158,136.19894,5.7853394,8.8173
344844708,150.59311,5.9758205,9.6229
337749847,179.71846,4.98553,9.4059
270710395,137.79158,5.0639024,9.7879
291160695,190.89066,5.852902,9.94121
380698660,192.44096,4.822749,9.86013
345035242,154.45146,5.3728433,7.8617
262719749,149.20251,4.242079,6.2596
345035107,154.453,4.6183524,8.33893
345035332,154.50429,5.8476896,9.4894
286129538,140.91779,5.219558,6.69876
290644031,140.59332,4.3656216,8.1422
270510903,135.83553,5.960814,9.95615
270510947,135.85197,5.85171,9.88512
262719068,149.18217,5.0142193,9.79219
290644116,140.5327,4.615255,9.87767
290543491,139.62985,4.028513,9.825
345035750,154.59023,4.3776875,9.98068
345033139,154.32356,5.25677,7.7078
270648846,136.74977,5.488859,8.5023
270649189,136.86378,5.7178903,9.5135
286055772,138.02184,5.978932,9.2657
270683332,137.31204,4.9411554,9.85695
281660972,161.67363,4.2454376,9.6085
290555848,139.90526,4.152264,9.9614
290589834,140.0925,4.1427608,9.7269
290590325,140.07834,5.985194,9.9543
345037792,154.74937,5.3589435,9.9269
290590233,140.08821,5.602441,8.6525
345037793,154.68695,5.3603725,9.4942
290590265,140.0249,5.7373424,9.245
345035284,154.4937,5.579985,9.2324
270679289,137.04544,5.4932103,7.7308
275250511,148.07843,5.6156116,8.7138
290609221,140.41347,5.97829,9.03597
277776283,155.53035,4.8435273,9.4855
446676571,179.34271,5.368974,9.64297
446676579,179.29251,5.4642954,8.97221
376785528,180.07678,4.8265853,9.57255
376785635,180.07996,4.1196575,9.59365
290609036,140.33484,5.5041614,7.7948
376785420,180.05995,5.3635173,7.7162
275358959,149.92612,5.221627,7.24384
374201847,158.24164,4.817039,9.35185
275293184,149.46706,4.808027,9.00199
275293375,149.4519,5.6383576,9.454
277698181,153.33862,5.274803,8.89514
455275368,146.61795,4.2883477,9.69275
301553509,167.00252,4.9873033,9.45478
397053109,183.62914,4.279705,9.3883
301553232,166.91711,5.407356,9.9938
374348859,160.80193,5.8479095,9.8723
262712834,148.9441,4.839175,9.8906
275250721,148.19576,5.6620774,9.9606
270709975,137.65967,5.633633,8.5092
389041003,142.06174,4.871592,9.6765
270678674,136.96481,4.8456044,9.7701
270024088,143.71341,4.969262,9.648
430416544,138.61876,4.5785766,9.0908
270023881,143.70439,4.036852,9.279
430416554,138.651,4.6202793,9.84835
265439026,134.29562,5.641579,9.6135
265438964,134.32796,5.818186,9.3168
290468539,138.71436,4.2105637,7.08091
290488475,139.0927,5.4277425,9.0502
290488996,139.20518,4.985509,9.55537
290489150,139.1874,4.349564,9.6496
374295359,159.61504,5.913627,7.11423
366777438,189.11093,4.196543,9.6052
262722576,138.44586,4.4208484,8.1736
377298679,187.36734,4.8382373,6.7334
301577238,167.47366,5.7647386,8.844
262722211,138.3453,5.8155255,7.32715
290488957,139.17996,5.115754,9.87241
275309132,149.73274,5.8004937,9.378
453027266,144.1939,4.2877965,9.32388
374295370,159.71062,5.9805393,8.98319
290488987,139.18938,5.010121,9.93416
275308899,149.78264,4.825995,9.6789
281849105,165.67134,4.836198,9.78269
286098488,140.8619,5.506053,9.58216
383191250,142.70717,5.7130923,9.696
374295424,159.7588,5.89098,9.85594
265353171,133.72044,5.896311,9.9784
290512948,139.42055,5.1568165,9.7291
290468468,138.72354,4.442836,6.9766
270455544,135.12604,5.517628,9.7495
281702181,161.94746,5.710701,8.9469
270455598,135.14503,5.362172,7.218
270683155,137.2589,5.6074924,7.42882
345033115,154.36949,5.3854904,8.7885
469350215,141.70485,5.9667187,8.7095
374365996,162.64226,5.383607,9.79887
277876486,156.969,4.0524025,9.8963
290544998,139.69199,5.6036377,9.56428
281700241,161.86151,5.1088347,9.4655
262687235,148.69794,4.0229845,8.27927
383188391,142.48633,4.899763,9.5129
277876466,156.99722,4.1474023,9.5525
383187860,142.3814,5.051838,8.2439
344951004,151.65253,5.5232368,8.1865
345063435,154.94081,5.907792,9.3574
383188300,142.45801,5.262271,9.0317
374365964,162.7214,5.585809,7.75162
374178747,157.7533,5.341324,7.75779
286098292,138.32997,5.663807,9.6162
270710183,137.74995,5.86442,9.52878
374199704,157.9618,4.935654,7.6783
374240052,158.92453,5.099307,8.4148
344860337,150.81584,4.6636276,7.57387
455270064,146.08632,4.9290066,8.43466
281661322,161.79543,5.894501,9.7264
374200065,158.04535,5.204175,8.6663
270511088,135.83476,5.4004946,8.44325
286098347,138.32957,5.959442,9.58577
374199753,158.02663,5.246871,8.62204
275180211,143.42993,5.5204973,8.62587
455270228,146.11856,5.6120887,9.81159
290644962,140.66505,4.3274736,9.2224
290644364,140.53418,5.578794,7.40621
290644884,140.72853,4.5911274,9.71261
270488161,135.45676,5.211656,9.3596
270488291,135.4549,5.6516933,6.8859
270581362,136.49321,5.092326,3.96448
286055945,138.16548,5.4956765,9.27886
262685091,148.58482,5.788779,9.28705
290513236,139.537,5.894739,9.60097
290513444,139.48422,5.189764,8.7314
455283567,147.47513,5.9642024,9.66098
374313601,160.25844,5.797768,9.21585
363517606,170.7798,5.2406473,9.83117
363517677,170.82568,5.6733594,9.71724
363517773,170.93878,5.9999557,9.5543
363572662,172.15648,5.006288,9.2043
411280148,196.66922,4.565105,9.52123
374208810,158.3445,4.382063,9.6198
290555610,139.99052,4.9998336,8.5841
290555611,139.99307,4.9996166,8.4131
277797530,155.8109,5.694252,6.071
344892228,151.19806,5.004025,6.78243
388923664,187.54683,5.876993,7.64496
377188136,185.30365,5.4903483,8.73314
286055756,137.98807,5.940764,9.26559
290555544,139.96324,5.2160506,6.37695
290555807,139.97119,4.290312,7.96445
277797438,155.62076,5.9070063,9.37593
344908291,151.32956,5.075151,9.1725
374313430,160.1599,5.4661684,8.80188
388923548,187.52206,5.309273,9.45652
388923831,187.60788,5.4464884,8.75955
388940823,188.31886,5.7814865,8.84912
286055732,138.07921,5.8316507,9.95522
344892109,151.22755,4.328823,9.9626
425279925,167.95345,4.94924,9.86556
290513249,139.43724,5.83312,9.86954
374313181,160.08974,4.0549498,9.9851
345079075,164.7969,5.521932,9.71
377187995,185.3093,4.6140404,9.70353
262685144,148.54575,5.5610523,9.8048
277771607,155.43661,4.109016,9.84628
345037580,154.69841,4.246688,9.82662
286055622,137.98181,5.4686275,6.023
345037628,154.65013,4.4401474,9.57353
290589937,140.11661,4.5675464,9.62665
270411867,134.83167,5.7438974,8.44886
277769726,155.29634,5.0099297,9.2325
453030113,144.36789,5.849065,9.03607
281839249,165.42537,5.102072,8.8091
366698658,178.32823,4.695933,9.1648
412130596,184.04584,4.69793,9.73141
412130601,184.04614,4.710702,8.3124
412130704,184.017,5.305412,9.34762
380698768,192.33342,4.2178273,9.0087
270693260,137.47551,5.203489,7.4565
345074645,155.17343,4.6490593,7.5693
453050688,145.1496,5.6447177,8.3577
281702099,161.95769,5.242656,9.7788
363479056,170.12135,5.504815,9.4892
380698607,192.36287,5.172145,7.0362
270562031,136.24536,5.3727484,8.3792
337749437,179.5161,4.7388086,8.9831
270561886,136.2704,4.9133034,8.57268
277769875,155.28392,4.258634,9.60399
344844330,150.42323,4.256756,8.9506
363478902,170.09323,4.604977,9.06774
337749281,179.4825,4.0088315,9.5316
337749399,179.58174,4.573176,9.6157
337749867,179.69814,4.8314295,7.97727
270693398,137.43881,5.6503177,9.94177
270562575,136.36542,5.046665,9.58808
262746281,141.10794,5.766244,9.74179
270562499,136.39516,5.3004904,9.95975
363478894,170.04057,4.536422,9.9157
345074720,155.12103,5.2052994,9.9671
270468301,135.22261,5.4153523,9.0582
270468682,135.38078,5.6409855,5.1517
270468717,135.39452,5.513926,8.16207
270468409,135.26126,5.6893888,9.8845
270468517,135.23756,5.9932146,6.6311
270468267,135.30003,5.2922564,9.58322
270468295,135.26619,5.395352,9.80959
270607249,136.67555,4.844321,9.92996
270709978,137.63853,5.6380444,9.45682
270678841,136.95378,5.356825,8.90222
389041036,142.06912,4.976146,9.46304
270023959,143.74066,4.4104633,9.07307
270024050,143.75757,4.756121,9.2556
270024091,143.66017,4.9911823,8.95529
344926003,151.53561,5.020609,9.7288
344925895,151.60097,5.5030065,9.8668
270709877,137.67749,5.276809,9.8324
290513013,139.37097,5.45655,8.74182
270533122,136.0813,5.167568,9.81023
286098424,140.86375,5.7861495,8.465
469349846,141.69757,4.3355427,8.46116
281659394,161.58745,4.353433,9.95784
374200214,158.14285,4.4264774,9.7082
469349913,141.6922,4.679306,9.8078
469350224,141.69522,5.9987297,9.8611
397051747,183.51485,4.995565,7.9941
262810876,184.40976,4.2477493,9.7149
262810878,184.42096,4.2457504,9.6359
953466046,192.28981,7.6376495,9.63721
953466047,192.29004,7.6382823,9.83494
903119398,170.87431,7.0249476,9.0213
953472311,188.78323,7.442744,7.4861
953472312,188.78346,7.4434743,8.7796
953475846,190.94934,7.558496,8.2195
953475845,190.94943,7.5578876,8.81035
903117903,169.93538,6.190215,8.5256
311989442,139.11989,7.119214,8.558
312185839,141.11906,6.3501163,6.9722
444036327,133.63927,7.696577,9.681
437036405,132.67624,7.8645687,8.2624
444002640,131.53285,7.8060317,9.3832
10005000135,186.11761,7.31752,9.358
388803784,172.39124,6.188161,9.917
291065627,170.87431,7.0249476,9.0213
393485704,159.72885,7.357276,8.54605
291016790,169.93538,6.190215,8.5256
10005000060,188.51262,7.69914,8.978
399090479,188.78323,7.442744,7.4861
402136531,192.28981,7.6376495,9.63721
411155732,152.20026,6.717475,9.23
377045376,147.59113,7.8440623,9.6479
10001830882,137.5838,7.037924,9.645
405647064,141.81961,6.232822,7.1025
411174787,152.72707,7.694588,8.25103
411102321,150.7137,7.706248,9.763
800279880,132.6765,7.86406,8.3789
800279879,132.67624,7.8645687,8.2624
350499688,177.43398,6.845873,6.604
402133307,190.94934,7.558496,8.2195
397436438,180.65727,6.477913,9.009
840007256,141.81953,6.2333627,7.2166
840007257,141.81961,6.232822,7.1025
800280719,131.53285,7.8060317,9.3832
842338156,152.72707,7.694588,8.25103
842304123,159.72885,7.357276,8.54605
840004410,141.11867,6.3505063,7.0257
840004411,141.11906,6.3501163,6.9722
842338155,152.7266,7.694436,9.6008
842304124,159.72899,7.356854,9.5101
842228097,147.59113,7.8440623,9.6479
377040158,147.33473,7.865383,9.293
262810163,179.77704,6.011822,8.819
350347140,166.25433,7.336022,4.393
389427388,186.5377,7.7594066,9.4546
520498603,145.87224,6.207648,8.6373
365006789,164.1205,7.0148,9.28
399092196,189.08052,7.900734,9.57
350113567,156.61327,6.4293933,8.1352
350114337,156.7539,7.921081,8.972
418162050,146.75897,7.090883,6.0623
389174748,145.62938,7.1950917,9.931
389174652,145.6103,7.394967,7.8903
411092251,150.63483,6.960265,9.537
290473685,139.01355,6.1152925,7.7197
411100754,150.64932,7.016915,9.1104
422336247,196.66815,6.445346,9.0834
281906634,175.39127,6.0007095,9.908
281910107,175.64519,6.0733743,9.3718
290544692,139.608,6.079196,9.4897
388907557,174.69461,7.395741,7.9543
397489217,182.09161,6.622122,9.4572
390645535,191.47993,6.0137453,9.2267
390645324,191.49051,6.6712723,9.67533
903126673,166.25279,7.3358045,4.2976
397482631,181.46964,6.7718005,9.2643
390688836,193.15343,6.5805955,9.8439
390688942,193.13184,7.20844,8.1132
378978570,197.79768,6.070022,9.55966
388843369,173.49854,7.6087565,9.1803
390688630,192.9273,7.0836515,9.8648
390688940,193.12259,7.207917,8.66215
399088536,188.45882,6.031807,9.6883
397484570,181.7274,6.1702356,9.0584
388813916,172.78712,6.882597,9.9968
388818060,172.90663,7.5837965,9.2943
388818124,172.83755,7.225059,9.7504
388880292,173.90909,6.4084477,9.0009
397436411,180.67288,6.688681,9.8698
389400994,185.77187,6.844194,9.0764
388818009,172.91632,7.8635483,7.03412
388880049,173.82149,7.626534,8.8306
389430766,187.03731,7.093614,7.3296
389400830,185.66359,6.383805,8.4739
422329332,196.3153,6.5028696,8.5107
397554887,183.09644,6.0651245,7.4449
388905674,174.4356,6.8478084,8.3895
389430606,186.91486,6.1543775,6.9001
389362232,185.53479,7.5696554,7.9296
422246023,193.69113,7.259963,8.6187
397484757,181.73471,7.3421702,9.52464
422285471,195.40163,7.010681,8.05386
397484315,181.66403,7.498956,8.5276
397484710,181.79494,7.0771055,9.93173
469037755,145.54747,7.4939504,9.9932
390688684,192.9334,6.6657887,9.18647
390688982,193.11568,7.4247894,9.60459
388899397,174.31477,7.502067,9.4153
388899589,174.32437,6.270038,6.92498
388907280,174.65254,6.5087795,9.44325
388907380,174.76291,6.349739,9.1961
397478979,180.91751,7.9076185,9.6424
388907282,174.63675,6.500018,7.3007
388907334,174.63026,6.1253405,9.7955
388907216,174.56082,6.8176403,9.8721
388905644,174.45071,6.6831193,8.5669
388913207,174.7166,7.5041385,9.9159
422281801,194.89444,6.0243692,8.869
377047817,147.79692,7.391762,8.7201
390645105,191.51268,7.4438286,7.4751
397482899,181.56906,7.128801,9.762
390586820,190.19176,6.180614,9.6602
323568866,136.0483,6.719579,6.4973
411155731,152.2014,6.717546,8.7172
397481001,181.34416,6.231264,9.6829
388880008,173.836,7.886122,8.7542
388880132,173.84462,7.174374,8.8481
291016777,169.92827,6.261072,9.54887
388880271,173.89244,6.5216045,8.25033
291089814,178.19687,7.604035,8.3343
286363517,191.34009,6.120824,9.35924
366722312,183.1857,6.1265454,9.55964
291016696,169.91281,6.8636727,9.01923
397436439,180.65726,6.476618,9.5978
399073086,188.0432,7.639164,9.2674
388818517,173.05598,7.307278,9.8585
389430409,186.84917,7.3804874,8.6429
389430420,186.83011,7.241608,7.2135
389430498,186.85696,6.7585588,8.8475
389430544,186.90134,6.5200233,8.9267
389430692,187.05333,6.6213455,9.9312
377188224,185.38458,6.104458,8.5963
380596231,175.50383,7.8261952,9.2629
396936692,176.49083,7.7651124,7.4064
399118541,189.62473,6.988617,5.5894
399086787,188.2845,7.250215,5.9349
364981509,164.00612,6.1853685,2.56086
422283623,195.16321,6.5435085,9.6905
397436246,180.6888,7.8231587,8.723
402136581,192.19186,7.3647385,7.7286
392771851,156.97221,6.3500953,9.9626
350400810,166.5641,7.854859,9.605
397000382,174.65804,6.0980806,9.4522
390686969,192.72333,6.5045295,9.8871
390654045,192.66273,7.522012,9.3133
393562667,162.0724,7.763772,8.0375
389330270,183.96056,7.446001,8.5796
381725970,197.2482,6.058518,9.5297
411155869,152.31197,6.1708994,5.4446
411156022,152.37889,7.037167,9.3232
392796064,157.02667,6.269562,6.8513
389432442,187.2715,6.8652334,7.117
291056689,170.41502,7.222934,6.60484
390587040,190.1463,7.6997986,7.19422
399086987,188.3778,6.2486854,9.3783
399087219,188.38582,7.679184,6.05252
399087266,188.35246,7.946006,6.6343
392850024,159.0321,6.6800575,8.93393
291058518,170.7089,6.5352144,8.7789
392796338,157.21718,7.56223,8.7823
291108565,178.62993,6.5062213,8.9573
392850297,159.11194,7.064624,9.503
377047651,147.79684,6.7122803,9.862
287482756,164.67184,7.9886656,9.9174
397583660,183.71135,6.967632,9.3687
399105896,189.31569,6.575034,9.4748
399106088,189.26393,7.8947635,9.3567
399087168,188.33862,7.336661,9.3655
392849952,159.0214,7.03635,6.9522
291058660,170.81313,6.585818,6.113
399088589,188.58676,6.3788548,7.1788
411186712,153.31728,6.2918043,9.0
389330494,184.06415,6.223178,6.8128
390652227,192.17899,6.906432,8.1071
291058601,170.86435,6.1331964,7.9889
388799562,172.1167,7.314938,9.1349
411186463,153.20583,7.3833566,9.7733
411186619,153.12761,6.3804507,9.3363
392822785,157.87816,7.9815383,9.5291
366442469,126.68185,7.6506653,7.01054
389361625,185.37303,7.818556,9.00125
388907349,174.75417,6.057903,6.9988
350517773,177.62798,6.227031,9.18251
389361665,185.38821,7.710529,9.17148
397479031,180.91812,7.5259547,9.35813
291058555,170.75546,6.3206887,8.9328
291065768,170.8233,7.957657,8.9982
388799648,172.13197,6.7782946,8.931
380638622,176.11548,6.8429365,9.1613
388797994,172.0451,7.365596,8.8638
388799527,172.11562,7.517278,8.9198
388799523,172.10097,7.540524,9.5052
411156146,152.33572,7.7820415,9.59404
389234927,146.07831,6.283201,9.6531
365030042,164.95314,7.9968424,9.6603
350428240,166.84132,7.5130672,8.3785
411189649,194.07213,6.045262,9.5691
397479446,181.03363,7.183141,8.976
397479479,181.0768,7.3990707,8.68057
397479483,181.07278,7.405629,9.3088
388914812,174.8363,6.166013,9.4394
350327673,165.14299,6.4910364,9.6171
350428307,166.76045,7.9379554,9.3864
290948101,168.79155,6.5640216,9.8824
399121828,189.92955,6.116602,8.9073
396936613,176.52621,7.1741905,5.1744
350340039,165.92206,7.5819674,6.3872
399121771,189.92761,6.4479084,9.2302
377298500,187.4612,6.0097814,8.1752
399043036,187.39453,7.01044,9.5539
377169488,185.01897,6.090388,9.8417
365006862,164.1246,6.5096254,9.7706
290946725,168.67464,7.9672365,9.9783
397486195,181.88278,6.912457,9.9564
393486127,159.86232,7.427388,8.0428
389430433,186.84026,7.1484427,8.03445
393486195,159.88841,7.822832,9.21335
389430889,187.00922,7.9384656,9.2182
389358553,185.05843,6.1953707,8.82453
406496557,143.27406,7.3728776,7.988
377039691,147.2285,6.760498,8.8723
389174507,145.6705,7.6299825,7.3009
377039908,147.36035,6.559459,7.8726
397534189,182.66821,7.616416,9.3883
389430408,186.85378,7.383138,9.1974
397481152,181.34616,7.208551,9.9743
388779600,171.7559,7.2826657,9.88576
406496449,143.07938,6.866119,8.2409
411154550,151.98503,7.807792,9.6791
411154679,151.97969,7.2099996,9.2172
377040177,147.2844,7.9715905,9.8891
377040015,147.28307,7.1293097,8.6238
397480778,181.13843,7.4289894,9.7188
312111408,140.63132,6.859048,9.0431
389204556,145.8725,6.2077556,8.5535
312111325,140.61629,6.5212708,9.84839
312111347,140.6509,6.5930934,9.5462
411172790,152.4217,7.595671,9.54834
366498147,127.14479,7.533576,9.48308
312111256,140.66396,6.2388787,9.7768
366498192,127.190926,7.6461368,9.7332
312091354,140.33144,6.1501727,9.98722
393560358,161.82982,6.3462324,7.02
377097611,148.49919,6.9496884,7.9952
312111077,140.5372,6.689239,8.47837
312111173,140.57382,6.2975974,7.9892
406323309,142.96404,7.295005,9.0611
277869987,156.66481,6.052166,8.13028
389205189,145.93242,7.9529877,7.3257
323598445,136.45444,6.5735435,9.6518
366496771,127.04905,7.8715105,8.78813
312111544,140.63754,7.422052,8.99485
418147381,146.30055,7.071585,9.82411
406323321,143.07028,7.3635054,9.5718
380642213,178.9304,6.8627734,8.4332
390607310,190.40433,7.664061,9.3681
350329200,165.2354,7.6177187,8.0697
350329467,165.35303,6.1690297,9.362
390607326,190.40442,7.7849298,8.50568
312153707,140.8549,7.752588,8.8014
443963743,129.95857,7.9029956,8.7313
444008009,132.15044,6.352986,8.2045
312153698,140.8731,7.713747,4.51956
312153725,140.85693,7.8031693,8.5767
396950864,180.10396,7.943437,8.7594
380596415,175.48894,6.806844,9.34367
406865755,143.86154,6.759566,8.3275
399073139,187.94745,7.3084,9.5734
350329478,165.37585,6.2172875,9.8503
389357017,184.80043,7.005759,8.6793
390607231,190.4634,7.032474,8.8948
380596519,175.4874,6.1393986,9.51858
312153561,140.84471,7.0757947,8.9889
396951069,180.10614,6.503333,8.0289
377060991,148.03888,6.3224435,9.3095
312153177,140.70312,6.8948092,9.6032
390607272,190.4488,7.370491,7.8307
323598688,136.50725,7.4048524,9.166
366498259,127.101974,7.822007,8.2948
312090990,140.2859,7.641499,9.7429
312111472,140.65733,7.078094,8.2796
312153461,140.91988,6.614807,9.8115
312153410,140.90154,6.364132,7.8648
411150898,151.59161,7.27128,9.4236
364981427,163.93727,6.547733,9.4174
389362082,185.56259,6.791629,9.999
406495105,143.19443,7.4756413,8.4912
406495120,143.16864,7.564001,8.3454
312091552,140.37328,6.835255,7.5824
405947966,142.36053,7.67277,7.6261
406495077,143.13481,7.0634394,5.8596
418174358,146.90974,6.819275,8.2625
350329349,165.22368,6.626087,9.8417
350329490,165.3039,6.285189,9.7204
312153457,140.90588,6.6068883,9.62458
377041913,147.42088,6.9691095,8.4693
350042774,155.51369,6.699564,9.7242
377042056,147.46645,6.3010764,8.9787
377061113,148.12091,6.9213862,9.049
377168460,150.00244,6.374035,9.3648
411185069,153.02574,7.759573,9.6504
444008058,132.10901,6.4683595,9.0997
399088828,188.62823,7.7347145,5.82299
444039525,133.66257,6.286938,8.0539
393548390,161.43317,6.7893295,9.8399
291038224,170.22202,6.9760146,9.4779
405645645,141.93066,7.36783,7.0115
422275941,194.834,6.5058637,6.7461
405465893,141.6428,7.678299,7.0674
377168741,149.9845,7.934617,7.8732
411102729,150.88902,6.536324,7.7098
392816901,157.61429,7.0592184,6.4859
397520091,182.53334,6.7556505,9.3205
290928942,168.40459,7.943246,7.07473
390650171,191.8118,7.007937,7.48897
390650439,191.83272,6.8610964,7.47655
405645561,141.87817,6.335854,9.4713
392816735,157.53217,7.8972354,8.3978
290928910,168.36557,7.732466,9.3994
390650221,191.80852,6.703763,9.9675
422275711,194.65395,7.0954337,8.6076
422275999,194.8164,6.8662786,9.4726
290948020,168.80585,7.0358624,8.85018
377042233,147.59216,6.6910977,9.8247
377045301,147.60701,7.468204,8.1799
405647174,141.95016,7.7062554,8.9135
469012722,144.66058,7.6791577,9.8284
444012752,133.31683,7.7773986,7.63703
411088238,150.1779,7.6129513,8.3071
392852277,159.41544,6.8337455,9.7075
469013033,144.62192,6.445659,7.2575
469013301,144.861,6.485344,8.092
411174998,152.72966,6.413209,8.7057
397583756,183.76682,7.530451,7.6922
388769129,171.43407,7.165764,9.25752
389358536,184.94739,6.041178,6.78156
405645643,141.83365,7.5033884,9.71974
311966298,138.62332,7.11207,9.8462
411102609,150.7684,6.2080536,9.7288
411103005,150.88928,7.8397074,8.697
350340307,166.03143,6.296293,8.535
390650238,191.80368,6.611338,8.7642
405645638,141.90529,7.2908792,9.5358
411102457,150.79506,7.072995,9.6753
291038255,170.16595,6.7586155,8.7526
444012504,133.2944,7.0301547,9.6739
283787174,134.82864,6.8052473,8.8948
390650453,191.92319,6.9854164,9.8502
405647091,141.98523,6.502295,9.7953
411088102,150.12187,6.885689,9.5848
392852136,159.28438,6.231358,9.6963
469012915,144.69867,6.9109697,8.0674
469012952,144.67458,6.708238,8.6927
469013217,144.85452,6.189514,8.6932
411174988,152.65048,6.4710135,9.6923
422268228,194.27632,6.7914615,9.842
422273960,194.38963,6.48719,9.3624
393495747,160.57756,6.055881,9.8496
350033798,155.07922,7.688969,7.7482
290974657,169.0213,7.237319,9.6374
388769411,171.55481,6.784254,8.6546
349986245,154.29454,7.163443,9.6775
290974661,169.0017,7.1928606,9.7066
290975078,169.11946,7.596092,8.9658
323569120,135.98393,7.682745,9.227
392852402,159.38464,7.6331053,9.96357
459074661,133.12422,6.2469573,8.9812
323494412,135.52904,6.4901814,9.7564
458688060,133.80756,6.738683,9.3031
443993504,131.03484,7.141704,9.6587
389205034,146.03217,7.4067125,9.9222
366681890,177.98915,6.0207424,9.2488
350034048,155.13443,6.429936,7.3796
397486306,182.01074,6.036369,7.003
389419181,186.21753,6.36367,7.5189
350438670,167.43573,7.4973693,8.1333
397486337,181.9868,6.283046,9.8882
397486494,182.03413,7.407248,8.4373
350347129,166.19836,7.381142,9.4496
388872217,173.62784,7.263957,9.1547
377097432,148.58194,6.0736723,9.1905
388880445,173.98485,6.768205,7.2459
377168101,149.8643,7.7186575,8.9211
406324717,143.10526,7.442473,8.4155
411184727,152.9436,6.2076726,8.5532
399090105,188.74808,7.439879,7.7525
397558823,183.41263,7.9570937,8.49186
390690555,193.30147,6.595949,8.5058
422267794,194.18074,7.5499287,8.8426
377168242,149.91606,6.8850274,9.1132
377168309,149.91367,6.5136003,9.9659
406323282,142.93048,6.9658446,8.8816
406324639,142.99406,6.402359,8.984
406324640,142.77057,6.4475,9.5137
406324665,142.83531,6.945535,9.0732
411184666,152.87143,6.515731,8.7911
392822370,157.84254,6.599632,9.779
388880465,173.94319,6.8956304,9.2199
402136618,192.18265,7.1856,9.7151
281884416,166.00546,6.07917,9.3471
402136851,192.35448,6.2922635,9.514
390690390,193.25737,6.639856,9.90718
953469022,190.48872,6.8075156,9.976
291058634,170.8455,6.34981,8.4473
422322927,195.85382,6.0471134,9.42385
374367869,165.00981,6.0965095,9.20737
411186416,153.15094,7.677433,8.5769
389330682,184.11115,7.355449,8.11152
422274217,194.60722,7.2854614,8.8143
388797934,172.08847,7.0410967,9.4433
376876117,181.95763,6.0146747,9.5623
390652279,192.12099,7.2881136,9.45988
390653639,192.45206,7.224122,9.0905
388798078,171.99203,7.810113,9.9275
402136768,192.24808,6.312404,9.8174
455281032,147.2227,6.027768,9.6348
390690299,193.19205,7.211259,9.98557
411184573,152.90533,7.1876493,9.4622
393584062,162.7129,6.466641,9.67424
392822367,157.77715,6.6181655,9.7636
393583996,162.71263,6.8623643,8.9689
393584005,162.7168,6.808129,8.9746
402136542,192.22447,7.549301,8.786
406324629,142.92744,6.2224865,8.64726
393583974,162.66586,6.982702,9.0749
393583980,162.68289,6.9690194,9.2511
397436255,180.6192,7.721718,9.26234
402136687,192.22731,6.7810006,9.23822
402136587,192.26039,7.3425717,9.18187
402136616,192.27902,7.187792,8.9587
422252144,194.08818,6.8931212,8.1094
392822620,157.97537,6.9465003,8.85
397436245,180.68861,7.8240585,8.6758
388880534,174.02193,7.34793,8.8423
377168159,149.83347,7.380893,9.96334
388880361,174.01707,6.1854677,9.99629
350497844,177.13876,6.0705223,8.5329
350436719,167.11418,7.630681,7.2382
390631861,191.10455,7.9972477,7.5124
349974143,153.87254,7.989402,9.594
350497730,177.16158,6.888294,8.28126
325253967,176.72173,6.051338,9.2313
397553222,182.95602,6.7520785,9.0982
350498107,177.31291,7.7454515,9.5257
350437114,167.24602,6.90443,8.6686
290946578,168.67233,6.8865347,9.165
396936441,176.60204,6.1980114,9.82333
397486342,182.00879,6.33784,8.5069
365006970,164.28293,6.396338,9.36541
399030637,187.39038,6.240359,8.93484
399030658,187.34268,6.3242407,9.24284
397486212,181.925,6.770409,8.85277
365006961,164.20813,6.310048,9.81069
365007034,164.22493,6.836435,9.799
389355303,184.54259,6.0659413,9.07782
411156002,152.33307,6.9347644,9.7462
390633441,191.4044,7.6733246,4.9333
392771608,156.85596,7.21639,7.4921
392795974,157.04352,6.735128,7.6631
399105537,189.20355,7.9332047,8.61702
399087153,188.39578,7.280913,8.1658
399105936,189.32712,6.863091,8.6415
392850059,159.07506,6.4735575,8.77433
377047917,147.87686,7.8974433,9.6483
392795789,157.08965,7.9148097,9.9751
376787291,180.27321,6.108619,9.71331
393560529,161.8019,7.389717,9.1184
406139776,142.73729,6.546758,8.5433
392797818,157.28911,7.7972074,7.4592
392798065,157.33798,6.2564583,6.1446
418184539,147.12967,7.161692,8.7464
393548273,161.39061,7.514281,6.6641
377166109,149.68715,6.1146903,6.4668
396936347,176.46483,6.5293684,2.44412
396741456,130.67412,6.8689394,9.905
396741479,130.59923,6.911764,9.4564
393548188,161.50644,7.9802923,8.1182
406141435,142.56763,7.979654,9.1339
396936406,176.37186,6.1793566,9.2041
396735584,130.50854,6.928063,9.3798
364954445,163.0442,7.4608383,7.39464
396848812,134.0775,6.6024528,9.9479
323659679,137.10696,7.2507534,9.9458
366620378,127.94274,7.5366025,9.9146
418184419,147.0691,6.6441665,9.4775
323594608,136.10518,7.2539277,9.9025
377024566,147.26321,7.819074,8.8852
390631460,191.08374,6.854711,8.16028
411154865,151.91154,6.3563085,9.26806
377040154,147.36716,7.861921,9.14284
390645559,191.6114,6.1483207,9.34306
411154770,152.00064,6.790442,9.4085
407232031,144.31621,7.463898,9.5896
380619220,175.92279,7.6733327,8.793
380642357,179.15973,6.2831116,9.62034
350329445,165.18668,6.101449,4.865
389357014,184.85596,6.9918885,8.52372
390607278,190.45894,7.396951,9.46098
380642488,179.13422,7.297478,8.6675
397489535,182.28722,6.689752,9.4885
388872125,173.57242,7.927361,9.7846
388872437,173.73866,6.280129,8.7399
350347382,166.28755,6.224108,9.65106
397482736,181.4379,6.0894833,9.9468
350347181,166.15596,7.163423,9.43174
350023823,154.96535,7.4499383,8.05736
350101706,156.48697,6.8582215,6.7183
468994196,144.45221,7.803273,9.3501
393483959,159.57364,6.4844503,7.4324
380670192,179.4351,7.186343,8.1584
396949364,179.86676,6.8933916,7.4156
388781032,171.94754,7.881248,7.9886
390653840,192.58554,6.227152,6.40707
392877109,159.55269,6.8718014,9.3272
393484075,159.6392,7.065228,9.9866
290976435,169.22514,7.4068904,8.3861
389346717,184.20801,7.3821177,9.9102
350023573,154.9282,6.1961346,8.2673
312185506,140.96817,7.218118,9.3895
312191006,141.50931,7.2775555,9.742
291075034,178.10173,7.5499725,8.5886
312023648,139.4618,7.9460707,6.27304
393548551,161.52367,6.3731833,5.44377
377127938,148.97914,7.6772118,5.9132
350042682,155.50484,6.236807,9.5619
458680472,129.81186,7.023191,7.8842
389346891,184.23875,6.2232227,9.0575
388781071,171.88594,7.634015,8.92
366655546,130.17209,7.328422,9.1475
290976357,169.25453,7.9409404,9.7715
458680694,129.80516,7.573233,6.0455
392834169,158.07938,7.035872,9.1599
392845929,158.48622,7.5102954,8.74516
392846001,158.54562,7.1488295,9.0414
411090178,150.43437,7.0765333,8.0988
405799380,142.22876,7.6797233,8.435
405800792,142.22565,6.1862025,8.3733
405800891,142.13356,7.4586015,7.3359
418149723,146.54184,6.708555,4.0952
380670224,179.43791,6.974628,6.1887
399118209,189.41168,7.426616,8.5838
399118244,189.4858,7.166654,9.4468
399044727,187.66368,7.1215,8.0459
311992093,139.28766,7.2455945,7.4773
392850125,159.09912,6.050645,9.9008
405800837,142.24506,6.7095985,9.5811
458687705,133.76363,7.9197483,9.2677
366496802,127.0613,7.798456,9.9692
444008321,132.12895,7.120772,8.2631
444008487,132.11621,7.6045337,9.6489
444008556,132.13638,7.746452,9.9045
311992208,139.31075,6.7777658,8.1666
392834226,158.00784,6.723845,8.8285
350042745,155.48299,6.500518,9.0622
469015855,145.00145,7.3920054,8.9345
349946349,153.5208,6.0737925,9.3031
455283535,147.3371,6.027985,8.9236
291075033,178.10156,7.544823,8.1191
380670592,179.53912,7.5463176,7.7486
437032016,132.45294,7.5382576,8.96127
312023399,139.48198,7.0988455,9.6057
392834089,158.02547,7.4776707,9.8513
411090284,150.3405,7.649103,8.9388
388813866,172.82568,6.632446,9.5625
311992123,139.29701,7.083679,9.9198
389420640,186.3551,7.2772274,9.3801
389420696,186.41881,6.9881196,9.5827
397559297,183.47296,6.9199257,9.40001
389355054,184.39542,7.622461,9.8706
350023905,154.9976,7.9513807,8.8938
365008673,164.4138,6.204793,9.63797
291067412,177.90251,7.434162,8.4544
366439548,126.53995,7.9141865,8.7694
350075301,156.08736,7.8374457,8.4078
411175077,152.79674,6.168065,6.7056
411175105,152.81596,6.325151,9.003
389428573,186.63927,7.893766,6.8313
389428646,186.69774,7.4418764,9.9445
291067168,177.70312,6.3451705,7.1995
291067334,177.89209,6.8766575,5.9077
422246288,193.78394,6.6316032,8.6443
422250493,193.81792,7.5446987,9.8569
411175137,152.77461,6.524118,9.3211
277696070,153.25317,6.0212636,9.0926
291067428,177.84122,7.5698123,9.9445
390607059,190.33325,6.2211127,8.1199
422251935,194.00247,6.3748946,9.3096
381755762,197.5766,6.013117,9.1053
291067346,177.9147,6.9772553,8.3899
422251876,193.99394,6.816167,9.7332
397434813,180.53758,6.0765853,9.89811
287483402,164.76013,7.917921,9.9788
411122574,151.05417,7.8515525,8.16753
469019486,145.43018,7.019588,9.1473
389360050,185.23134,6.5719123,8.4306
350021462,154.68694,6.6776214,7.4827
444007256,131.81357,7.609345,5.6861
444007314,131.7185,7.419737,9.4814
444007419,131.76494,7.14167,8.395
392846090,158.4947,6.6306376,8.26825
392798140,157.37831,6.3341846,9.0855
392798214,157.41612,6.7413,9.08838
350516184,177.46095,7.767688,8.4531
350440574,167.62828,7.891716,5.7933
290905325,168.00601,7.8529997,9.8546
399057171,187.83923,7.604308,4.62587
399057201,187.89815,7.788601,9.2919
388897867,174.14233,6.10644,5.96539
389205059,145.9539,7.498612,6.6584
283770794,134.49698,6.4172373,9.0878
377097238,148.47055,7.1100497,8.8934
411121996,151.01187,7.496606,8.4351
411173011,152.46092,6.471111,9.9939
411173250,152.54689,7.043102,9.3304
389235177,146.2806,6.4971786,8.4863
380668426,179.19707,6.92034,8.8888
350021319,154.59644,7.387185,9.1582
411122469,151.1304,7.20997,9.6639
380617888,175.84908,7.7803826,9.4729
350440812,167.68134,6.534103,9.4605
389234808,146.08412,6.7199135,9.9663
390633196,191.3127,6.23623,9.9127
444007437,131.69913,7.0806518,9.7034
312067081,139.86606,7.6307883,8.6443
393546792,161.29872,7.2975683,9.6618
393546911,161.35745,7.991146,7.9997
397433102,180.36526,6.5060716,6.765
397433121,180.2636,6.6285343,9.2678
397433174,180.25873,6.9357004,7.05625
397433305,180.25673,7.9150953,7.1598
388835484,173.28088,7.410985,7.1793
388842775,173.38394,7.9787273,7.5181
390692262,193.5737,6.178577,7.74593
366439845,126.478195,7.564507,4.3411
407048378,144.08847,6.8010135,8.7112
418174156,146.99916,7.697107,9.915
364975500,163.60289,6.552018,9.3594
396929624,171.36263,7.7611237,9.5302
392846336,158.70006,6.9537506,4.2698
364975750,163.75333,7.0952387,9.3575
396929378,171.34767,6.108397,9.1052
397432867,180.21469,7.208648,9.942
377156080,149.51106,6.968609,9.7682
388835576,173.24101,7.9452686,9.5021
393546854,161.29332,7.6752086,9.6748
396929605,171.25714,7.6067686,9.8115
388835203,173.1408,6.439333,9.6055
390692450,193.5624,7.4844966,9.8912
389404289,186.17726,6.631115,9.5772
349974345,153.92577,6.9257627,8.78438
397553250,182.95912,6.9375024,9.3163
350437284,167.27261,7.946156,9.1344
377064144,148.22296,7.9680333,8.8443
350019574,154.46301,6.493134,9.5405
396929201,171.19263,7.182648,9.94961
283747934,134.44856,6.7351146,8.409
383188075,142.397,6.0095963,9.6042
469016084,145.0193,6.479466,9.7095
323474915,135.18626,6.402713,7.7514
350073689,155.92249,6.3977895,9.4535
393566501,162.50388,6.5225983,9.0696
377064557,148.29533,6.295174,8.7498
800074876,138.82648,6.025306,9.0073
311987144,138.92996,6.894504,8.8422
311987340,138.90639,7.6199784,9.002
389245609,152.0883,7.573297,8.8007
377168746,150.00565,7.9543476,9.36055
392817012,157.50635,6.4045777,9.57438
291038205,170.2605,7.064436,7.54048
291038439,170.36163,6.6349554,6.1786
389356912,184.87125,6.228629,9.07002
422275942,194.82912,6.5093355,9.5372
311966130,138.62344,7.8037043,8.86998
411102322,150.71387,7.7056203,9.051
411102447,150.73291,7.113291,8.33242
389245618,152.02032,7.5400095,9.3919
392817166,157.65082,6.6257114,7.8593
311966311,138.58698,7.0454316,9.69914
312069272,139.97571,6.7816358,9.78332
270455395,134.99191,6.1187344,9.80654
377168743,150.0559,7.946969,9.9339
411102694,150.89764,6.383432,9.6983
390650555,191.90733,7.5709243,9.7282
469037731,145.54137,7.5901513,8.1738
377061016,148.0377,6.437827,9.5881
291039796,170.42487,7.836423,9.7216
468967473,128.4094,7.6955247,8.51547
444008093,132.17397,6.5758796,8.08085
377060642,147.93896,7.3860035,8.55548
377061028,148.03302,6.4712157,8.8271
377168430,150.05484,6.250604,7.2034
411151035,151.57724,7.944393,7.91713
411184871,153.11208,6.6667004,7.92153
364981377,163.9124,6.9621396,8.7484
350499689,177.43515,6.845792,8.28488
350499750,177.43571,6.523228,7.3375
350516141,177.46498,7.507583,8.0791
377168433,150.05724,6.256777,9.5771
469037967,145.50815,6.7314606,7.9738
283770570,134.50174,7.133616,8.94209
350042681,155.54115,6.218302,8.6099
437033206,132.5934,7.6134357,9.0748
312188620,141.3444,6.258282,6.33063
312185418,141.0523,7.6001277,9.6864
312188727,141.36366,6.6579537,7.5745
312188836,141.33029,7.1654105,9.4495
350073501,155.86035,6.9559402,8.5117
350073525,155.82909,6.80654,8.5225
392817369,157.71027,7.7353983,9.977
323689107,137.5138,7.5227184,6.379
396931298,176.35068,7.0300393,6.2635
397534549,182.78343,6.6786704,8.4029
388802013,172.30452,6.803224,8.1821
390688521,192.98091,7.904509,6.8977
443967582,130.08705,6.872779,9.6907
443994629,131.14516,7.487531,9.6048
458684639,131.99315,6.6654263,7.23847
350447950,167.95526,6.654169,8.1757
389355049,184.43054,7.6636653,8.13881
290992303,169.52002,6.0677176,8.5109
388799790,172.30661,6.0982976,8.927
389316662,183.79424,7.5992656,9.7833
437033022,132.58397,7.1360936,9.7865
458683675,131.8696,7.938034,9.8738
349987796,154.44733,7.513471,7.4385
399121679,189.97928,7.1473627,9.4462
389316583,183.81587,7.01057,9.346
402133139,190.9351,6.526193,9.9159
323523285,135.68674,7.2982707,4.9207
377107338,148.62624,6.821634,9.4062
377107816,148.74747,7.970333,9.9202
323523468,135.63388,6.6476526,9.5173
323735258,137.86244,6.694412,9.665
312188205,141.24356,7.451729,9.5914
405023594,144.71904,7.524733,9.6302
312069344,139.97795,6.5473056,9.8863
349987784,154.40343,7.591764,8.7896
399121888,190.06546,6.377842,8.979
393546540,161.15668,6.33357,9.1352
399044587,187.63963,6.0424247,9.5687
312189011,141.3606,7.9072533,9.9541
312188512,141.29622,6.3093967,9.99205
323523466,135.6676,6.651878,9.736
323523528,135.61166,6.452197,8.98955
377107272,148.72208,7.171737,8.35579
377107287,148.6624,7.0855618,8.35842
312025850,139.5874,7.0731273,8.09673
377107606,148.83759,6.825734,9.66595
350073527,155.86775,6.7962723,9.3823
393584260,162.79715,6.763375,8.1492
323475002,135.28427,6.068059,9.8256
468991365,129.22415,7.51685,9.908
407229678,144.30284,6.835783,4.0903
323523968,135.7463,7.2348795,8.9044
323524020,135.73695,7.401784,9.4616
323598628,136.51468,7.1900215,7.004
311927266,138.45625,7.1319375,9.9961
444039791,134.87053,6.487139,9.3289
393544358,160.99992,7.643364,9.4118
350101861,156.45464,7.9288683,9.775
469010200,144.52567,6.3270664,9.5895
393562518,162.05327,6.8532104,9.226
393562558,162.11932,7.101635,9.9078
393627507,162.92265,6.533989,9.5276
393528368,160.76866,7.4309244,9.9461
323523846,135.81087,6.8159823,5.6085
323598472,136.54373,6.668141,9.4045
311927270,138.44197,7.1810913,9.6917
349948126,153.63959,6.966916,8.8247
468991292,129.18288,7.3715553,8.1787
350101598,156.41444,6.150495,9.4766
350101794,156.41466,7.4721766,9.5917
281729996,162.80101,6.0586963,8.345
393562539,162.11938,7.010256,7.9489
405947884,142.43185,6.7305183,9.90177
418184368,147.08917,6.4172673,9.7886
418184324,147.10194,6.249454,9.93027
323659587,137.16342,7.6201177,8.57618
393495516,160.5207,7.5101953,8.49265
411123979,151.26865,7.9908733,6.8508
392797796,157.31448,7.9107404,8.6534
364954446,163.04147,7.4627614,8.72404
396848931,134.11743,6.1518292,9.41896
396848941,134.11458,6.099434,9.59694
323659630,137.14203,7.444182,9.17544
377166361,149.78268,7.4366765,8.6422
411124150,151.2681,7.1957526,9.10697
399120389,189.8447,7.574188,8.85285
323711961,137.62471,6.0220566,9.78049
411175322,152.82542,7.6257224,9.1489
350075476,156.12817,6.752019,9.56369
291067174,177.73761,6.330282,9.26994
291067473,177.90349,7.8233647,9.1482
422246362,193.80513,7.098184,9.32966
389428986,186.8193,7.2546315,9.419
842331651,151.91086,6.3569627,9.74949
350075447,156.09427,6.932543,9.69938
389428733,186.62294,6.9113355,9.9982
388769529,171.54607,7.4037857,8.89006
397434798,180.44334,6.103128,9.45753
366439611,126.490074,7.8190513,8.4131
393484244,159.6593,7.9664183,9.634
389346864,184.25323,6.3897166,9.3207
380670325,179.44391,6.292849,8.4301
366655320,130.2069,7.9856195,9.6097
396936263,176.45325,6.9426193,7.2442
396949314,179.7778,7.3208055,9.4718
390628792,190.48799,6.8066163,5.6174
344889939,151.09749,6.0111694,9.0863
350101626,156.40756,6.3222094,9.102
364954371,163.00627,7.047541,8.1107
389347021,184.3625,6.6010985,7.53816
396949276,179.77985,7.5833592,9.1208
290976385,169.28873,7.745554,9.7887
366655412,130.16667,7.7417054,9.9585
396936315,176.45886,6.67846,9.8229
350101519,156.36934,6.3844023,9.9966
380670363,179.57468,6.0413504,9.9208
390628648,190.49706,7.975617,9.97826
311966810,138.63516,7.0023155,8.3408
323475180,135.23642,6.651904,7.7899
459056950,133.14607,7.460922,9.7554
270510849,135.71217,6.0404334,8.6771
443998116,131.2097,7.6214924,6.9435
311966601,138.68,6.1702185,7.888
459057160,133.06099,6.908771,7.5647
411152603,151.65651,6.9055486,7.25871
411152789,151.871,6.0643497,8.1061
311966667,138.66248,6.421765,9.803
437036751,132.70062,6.852733,8.6227
323475110,135.2808,6.428311,9.31938
411100793,150.59486,7.299308,8.6008
411100889,150.61632,7.889183,8.9404
411152719,151.72427,6.4164395,8.3015
437036490,132.74712,7.6140013,9.6723
459057099,133.09975,7.0798016,9.71094
283786963,134.84325,7.414982,7.2106
437028680,132.32347,6.622281,9.53568
469012896,144.63649,6.9661283,9.5135
350475312,176.94867,6.15797,8.7693
350475519,177.05495,7.284343,9.6852
392852067,159.21027,6.621276,9.37222
411174974,152.644,6.531853,9.48597
422267898,194.16803,7.0199447,9.3778
422267897,194.16689,7.0220556,9.9772
291090026,178.38411,6.019553,9.7571
323568996,136.01955,7.200061,9.83321
389402431,185.87402,7.315871,9.9353
388769497,171.5539,7.2408323,9.9408
312069709,140.14616,7.1335616,9.8773
312069727,140.16664,7.187871,9.9383
366659246,133.97539,6.860185,9.9273
366659363,133.90227,6.4725485,8.2718
366659466,133.90723,6.151385,6.9535
443999107,131.42822,6.7620234,9.769
444035675,133.47057,6.3494716,7.16453
312069532,140.17973,6.45254,8.697
443999266,131.40868,7.1161733,9.728
350068889,155.75186,6.542644,5.1268
266475462,138.29828,7.18471,8.3639
366628919,128.20088,7.9076114,9.1881
393562083,161.95438,7.5502987,8.5861
405464422,141.75941,7.646306,8.6879
350069059,155.67128,7.4220095,8.0383
349985806,154.19995,7.360336,9.9732
458643027,125.18019,7.9444427,9.2814
396735254,130.50151,7.9605966,9.9927
396849341,134.16022,7.5311847,9.66719
366629978,128.3768,7.1619644,9.6509
393562043,161.91096,7.774678,9.9543
393562237,161.88173,6.6698422,9.3169
393562689,162.02771,7.902986,9.6393
393496045,160.5498,7.9181466,9.8794
350068876,155.76659,6.45655,8.577
323657240,137.00458,7.436482,8.9259
266475526,138.25502,7.47617,9.7344
377155699,149.39,7.1444964,9.912
312023438,139.39525,7.2518034,9.4238
350023852,154.96007,7.613951,8.9011
405799308,142.09804,7.0068617,9.4865
350042761,155.44089,6.618312,8.6515
411154784,151.988,6.739217,9.53824
388813612,172.61293,6.8440065,9.3228
388843356,173.52153,7.5546565,9.49022
458680441,129.75105,6.955456,7.0332
444008364,132.14874,7.2651234,9.672
311992085,139.28247,7.275188,7.7823
350023518,154.8691,6.582973,8.1644
350023782,154.96548,7.212402,9.283
411090207,150.3194,7.2109394,8.33089
411154877,151.92366,6.2927694,8.0741
392846055,158.51387,6.8432894,9.53404
312111203,140.53964,6.1114197,9.01901
393548311,161.46117,7.2710032,9.80307
350023673,154.95306,6.583812,9.5338
411090306,150.35771,7.7361126,9.53469
405799268,142.07114,6.52064,8.34484
350114262,156.7551,7.6523795,8.71642
380670147,179.40659,7.538112,9.59259
389420598,186.40234,7.5773664,9.82069
365008695,164.33467,6.036324,9.6632
405799303,142.25931,6.8595057,9.6898
350042857,155.46454,7.0988383,9.9259
396849429,134.19038,7.7973447,9.9017
350069135,155.76254,7.9207377,9.0366
349948537,153.783,7.504996,8.76011
350400670,166.5309,7.0334606,8.25938
350400686,166.53918,7.1397533,6.8585
349948560,153.7616,7.6308937,9.2475
350400723,166.53282,7.3238544,9.4647
390686825,192.78264,7.4400096,8.38547
390686998,192.73361,6.2658105,9.5497
444042525,135.01779,6.714684,9.2663
323594829,136.11603,6.446117,6.432
323594869,136.16519,6.3157144,8.5403
311987058,138.9847,6.5408382,5.9126
377064622,148.32349,6.552733,8.1233
377129833,149.26888,6.337167,8.1889
377129955,149.30861,6.93799,8.9106
366630251,128.34338,7.9042034,8.9022
311987160,138.90784,6.9257293,9.3372
270649036,136.68692,6.031355,9.8665
311986638,138.85312,7.3165517,8.788
311987171,138.98227,6.9673576,9.8206
377064498,148.15543,6.2020597,9.6133
350400669,166.5315,7.031226,9.68002
377064488,148.14224,6.2680445,8.9917
377064495,148.18562,6.2163677,9.5273
468980294,128.60986,7.187136,9.7972
366483383,126.89063,7.5157313,8.61069
323595442,136.2409,7.8249907,9.10504
311986789,138.77763,6.763204,9.13508
377129964,149.3364,6.969746,9.7004
311987344,138.97354,7.63883,9.91326
903126674,166.25302,7.335979,9.6701
363496434,170.28415,6.0293427,4.108
388842913,173.32518,7.2159486,9.0112
312067038,139.94942,7.429831,9.6403
393546594,161.19978,6.037628,8.98256
388835529,173.25699,7.6705112,9.4358
407048413,144.14043,7.1226745,7.603
380617567,175.72374,6.3831234,8.0409
396929658,171.35529,7.95296,7.1318
397432966,180.21829,6.6143255,4.5353
390692143,193.47667,6.762898,7.4514
377127291,148.92426,7.6939197,9.0707
377127295,148.88692,7.678329,8.9514
393546684,161.27641,6.576513,9.1642
393546739,161.32861,6.960698,7.69121
392834265,158.09488,6.517745,9.67983
364975466,163.62585,6.8409753,9.00159
397433232,180.3156,7.3563156,9.50267
388835366,173.26607,6.6616483,9.7311
390692088,193.46858,7.102884,9.5423
411217318,194.17949,6.0323343,9.6374
312067021,139.9209,7.349773,9.75808
389404142,186.14911,7.603007,9.8274
389404299,186.15775,6.5883627,9.74367
380617450,175.6307,7.212223,9.5533
396929650,171.26494,7.889827,9.66318
377156187,149.51147,7.612297,9.6345
397433200,180.3195,7.14223,9.986
437032207,132.45316,7.014768,5.7311
444039579,133.67165,6.1482987,9.55046
444039081,133.63834,7.6964536,9.82573
444042286,135.04541,7.6914487,9.71504
366524280,127.38966,7.5583863,9.35027
444007549,131.71286,6.8245173,9.46861
377097164,148.4518,7.4873147,8.88605
392844129,158.33182,6.3664713,8.69501
392844277,158.4572,6.7150917,9.3143
389235352,146.18416,7.1520314,8.61998
458652347,125.53358,7.8715296,9.8925
411122070,150.99948,7.1761413,7.84884
323474731,135.20822,7.2434154,9.33191
392844006,158.34593,7.083721,8.14326
350021343,154.65392,7.283761,7.9037
392846198,158.66124,6.116313,9.68615
380617919,175.81294,7.975123,9.9284
283767839,134.45453,7.964222,8.2212
311989980,139.11967,7.1199274,9.56624
444002641,131.53313,7.8053136,9.2964
350019774,154.54712,7.52037,8.0452
350073677,155.97197,6.2840686,9.18498
393566655,162.56471,7.542486,9.4471
388897937,174.19716,6.5119805,9.79967
393486017,159.86494,6.754534,9.6705
390632932,191.2566,7.951406,9.64517
390633134,191.29716,6.6320724,9.79655
389360185,185.33095,6.2937016,9.7367
389360396,185.27118,7.885326,9.645
437032307,132.54555,6.7898,9.96723
437032414,132.4894,6.5471597,6.9242
444012032,133.24812,6.1917458,8.45396
444003123,131.5024,6.5843983,8.9575
349974663,154.05057,7.136718,8.5372
444011725,133.17567,7.0577817,9.7717
444011866,133.22351,6.717941,9.1334
265376240,133.89748,6.091225,9.9216
311927372,138.43324,7.602469,8.0515
469010543,144.59413,7.7090263,7.19934
393562504,162.05367,6.7902493,8.9141
393564530,162.34225,6.740723,8.0851
444002676,131.52818,7.7016463,9.78739
444039979,134.93243,7.107182,9.66493
405947918,142.37325,7.224301,8.73929
344860077,150.82831,6.056568,8.6443
393544361,160.99109,7.6020885,9.47005
393564289,162.17003,6.9744253,8.4654
393564395,162.14674,6.2752657,9.2203
393627501,162.90602,6.580263,9.37465
349948198,153.65552,6.6125293,9.2739
323735657,137.9526,6.853902,9.9993
468981704,128.67267,7.8064413,9.7646
396732494,130.39003,6.8499017,8.9484
396732577,130.37006,7.1384845,8.9109
396732669,130.4585,7.438698,9.002
323735635,137.97716,6.7958255,9.254
366351858,125.839355,7.7224116,7.67214
443963493,129.87239,7.2381325,9.1441
443968311,130.93689,6.69616,9.1094
443968347,130.94266,6.7826986,9.8761
443968431,130.90329,6.964047,9.6866
443968651,130.85263,7.537177,9.9687
366659330,133.93709,6.576624,9.2229
366659428,133.97171,6.260957,9.44511
396732488,130.36433,6.8238263,8.91228
350021639,154.70778,6.633976,8.79336
350034047,155.13496,6.431921,9.01458
366659217,133.9127,6.9919252,8.30782
444035181,133.48753,7.7902365,8.79573
364961118,163.12762,7.492264,8.93476
364961164,163.21106,7.217705,8.4455
350033870,155.07245,7.273923,8.8471
458658535,129.61523,7.010149,9.77
458658833,129.59537,7.7590213,8.9278
366397852,126.11584,7.6378765,6.8248
323523197,135.59004,7.6388407,9.8025
323711483,137.54536,7.949087,8.4601
458657283,129.43303,7.9798136,9.7217
458658777,129.53131,7.614991,9.1753
366521778,127.29058,7.740561,9.6868
311926796,138.3296,7.380546,9.55002
366659499,133.97911,6.023439,9.4303
443999190,131.37988,6.9236865,9.6754
396827384,130.72775,7.3341494,9.19661
323711566,137.65408,7.5754833,9.18278
396827362,130.7562,7.2511525,9.92601
366397995,126.191895,7.990026,9.5912
444042303,134.9982,7.645449,7.6275
444042425,134.97711,7.136644,7.7948
323568202,135.86555,7.667471,8.7832
323597889,136.33826,7.4326487,8.75377
323598064,136.35962,6.823058,7.9593
323598073,136.40898,6.7865295,9.518
323569034,135.95987,7.2959166,9.19517
323601203,136.66725,7.581541,9.8361
323735668,138.01625,6.8964815,9.80033
323598219,136.33609,6.332577,9.9301
393487888,160.05403,6.203039,9.2261
290590334,140.13374,6.0112457,9.0187
443971909,131.002,7.9424176,8.64182
323641249,136.81868,7.8201733,9.6257
468986717,128.92934,7.619586,6.8192
323641218,136.91574,7.9741306,8.956
443972115,130.9787,7.4153357,9.2113
366565661,127.45406,7.652495,9.4044
323660416,137.25786,7.5131874,6.16769
443972004,131.00092,7.699422,8.103
443972006,131.06104,7.6967382,8.7419
393488142,160.06787,7.741568,8.70415
312025788,139.5582,7.3061676,9.4397
411092249,150.63396,6.960106,9.588
459074639,133.04341,6.3248854,9.29297
270510839,135.71367,6.0077195,9.25836
458679670,129.65149,7.0154138,9.9374
411092188,150.63913,6.6404977,9.94073
411092241,150.64417,6.929253,9.80618
437041278,132.96361,6.4045877,8.8567
323641639,136.87254,6.3225765,6.0147
458654141,129.29216,7.814468,9.3959
323641494,136.8824,6.890372,9.9842
458621645,124.975204,7.868984,9.6975
323660355,137.28456,7.302336,9.93901
458653967,129.30402,7.4475384,7.4269
323641510,136.85149,6.838504,7.64245
458621628,124.88994,7.8434887,9.74193
458621671,124.940315,7.9116325,9.98068
323792828,138.22345,7.096511,9.4036
393494057,160.41318,7.032503,8.54793
458684962,131.97014,7.584788,9.69249
290644521,140.73619,6.016384,9.95457
323494153,135.44815,6.4977446,7.3115
437033251,132.62668,7.742663,8.7972
443967442,130.07204,7.1786876,9.82163
349987935,154.4182,6.715496,9.4364
349987980,154.43918,6.4158196,8.01226
350019600,154.53859,6.625138,8.17768
399121687,189.92409,7.061054,9.05654
397534641,182.77797,7.2649097,9.54662
397559459,183.51012,7.972978,8.95144
402133120,190.85783,6.4472556,9.24876
399121860,190.0367,6.172749,9.1626
380698471,192.28561,6.077341,9.4622
388803560,172.41664,7.599375,6.2321
396931006,176.22948,7.0566545,9.0124
388803785,172.39203,6.1880674,9.8275
323601584,136.63478,6.259986,9.25748
396931415,176.29488,7.8310227,9.1695
350447798,167.89622,7.6934266,9.60051
389355242,184.3941,6.38433,9.1221
388803608,172.43877,7.206121,9.03112
311966992,138.71095,7.7701025,9.9427
323688675,137.3263,6.2385917,9.95
399118378,189.48325,6.2288933,9.91497
389355068,184.39774,7.5202746,9.62779
323688351,137.34668,7.397798,8.8014
396849305,134.1502,7.4136367,8.6299
323657285,137.01283,7.609959,9.39544
405464313,141.79042,6.155025,9.3029
393496025,160.56122,7.7416763,9.5285
396849120,134.13666,6.659334,7.34423
323594595,136.13498,7.3206897,9.33244
366629042,128.24393,7.574246,9.2383
444039739,134.89282,6.3476996,8.4444
405464337,141.64807,6.530467,7.56701
405464399,141.7552,7.177169,9.117
405464416,141.79272,7.4598308,9.26664
405464424,141.55252,7.7488856,9.9858
393495855,160.62573,6.6699133,9.13373
350068515,155.63065,7.7764354,9.43413
350068573,155.62738,7.428147,9.9179
366630019,128.39603,7.286955,9.6172
311966493,138.54886,6.3421674,9.59016
392846491,158.70596,7.8562813,9.9453
396849210,134.14386,7.02381,9.28662
350068976,155.67738,6.9769154,9.78054
323792981,138.22777,7.8750725,8.8203
437037410,132.87773,7.0067906,9.38607
366655618,130.11655,7.143621,8.24893
437040998,132.98213,7.1537833,9.547
468990007,129.04794,7.723576,6.9715
444036321,133.63072,7.669958,9.4874
468990015,129.05125,7.6916323,8.8273
468990214,129.02202,7.2248735,9.6981
468990141,129.0892,7.3767047,9.68117
323712022,137.6886,6.352957,9.0769
393488136,160.14644,7.730247,9.8408
323641347,136.90637,7.484942,7.6156
468986647,128.96924,7.458003,9.93032
393487946,160.05945,6.616913,9.1775
323792810,138.14716,6.941416,7.2622
437037675,132.79672,7.715817,9.6002
366524227,127.322014,7.5003505,9.6198
903321394,175.3189,8.920405,9.8954
953725189,187.64076,9.715741,7.6015
953725188,187.64041,9.715581,7.81893
953743116,183.9533,9.034767,8.8556
468982308,128.65181,9.266393,9.612
458624413,125.04725,9.877364,8.7541
399055600,187.64076,9.715741,7.6015
389330045,183.9533,9.034767,8.8556
350019880,154.54004,8.084249,9.0015
377127204,148.89302,8.101457,8.8961
350428586,166.7675,9.619269,7.446
406868420,143.78827,8.934898,8.135
10005000038,187.44499,8.00041,7.986
10005000145,188.58463,8.19776,9.764
10001741551,192.09557,8.487244,9.872
380584095,175.3189,8.920405,9.8954
392833911,158.00276,8.510599,9.201
388769896,171.61124,9.862024,8.873
393486352,159.92502,8.842974,7.0936
800364335,125.04725,9.877364,8.7541
842374405,148.89302,8.101457,8.8961
842374406,148.89336,8.101802,9.1029
842351825,154.54004,8.084249,9.0015
842320153,159.92502,8.842974,7.0936
389432682,187.2399,8.4255,9.431
399087412,188.3225,9.021,9.001
418147582,146.3173,8.136032,9.558
471011753,183.60788,8.78515,9.84
405647266,141.90475,8.962129,9.835
283784587,134.7348,8.4738,8.206
405799481,142.11427,9.056769,5.224
323569382,135.98047,8.686299,9.281
800349054,128.25923,9.963039,9.1333
842320515,158.75926,8.649887,7.4554
264899609,115.42646,9.70485,7.668
350114627,156.75963,8.771103,9.46314
350114531,156.75085,8.526711,8.091
350112819,156.54665,8.567874,9.5414
443957009,123.88002,9.977782,8.574
396936811,176.53146,8.484937,9.746
264826663,115.31523,9.819247,9.8505
397488686,182.08923,8.324045,9.6363
388817846,172.86537,8.75,6.0193
390686725,192.7067,8.099106,7.5038
366438359,126.56681,9.543151,7.14292
349948900,153.82028,9.688968,9.8886
953715229,190.22554,8.829027,7.6699
388816870,172.78825,9.189314,9.3717
388816999,172.72957,9.925171,9.5237
290949356,169.01993,8.993499,9.1516
397436884,180.7421,8.819258,8.8314
397478744,180.89719,9.51957,9.3756
397478785,180.93478,9.286253,9.0598
388817668,172.8579,9.839281,8.8908
388816986,172.7228,9.81601,8.195
388817696,172.86098,9.635354,9.3126
388880635,173.96085,8.059974,9.8069
388898391,174.22841,9.52922,6.2579
397485088,181.79726,9.638905,9.8627
350400922,166.52367,8.419548,9.6608
397486673,182.03293,8.252608,9.8211
392794367,156.98523,8.314317,7.122
393562839,162.05466,8.832277,7.3305
390687302,192.9013,8.0132675,9.3637
390687335,192.83438,8.210443,6.71635
397483285,181.50426,9.822722,9.8356
397483196,181.48596,9.209768,9.9689
377041368,147.49884,9.847833,9.9431
397485094,181.79482,9.662888,7.09047
388906923,174.54097,8.883792,5.2917
388907016,174.61502,8.134301,2.75722
350517363,177.68294,8.736864,9.5892
291108047,178.45767,9.625567,8.6766
290991896,169.53806,8.627805,9.2524
397478881,180.96915,8.603545,8.298
388913467,174.69269,9.161882,9.5294
290991961,169.50137,8.223219,9.8663
388913470,174.75204,9.188793,9.90445
291075352,178.08708,9.948064,6.69852
389362586,185.56119,9.845823,7.3175
389362598,185.59251,9.942683,7.5225
291089726,178.2816,8.216682,9.4561
418149198,146.42476,8.001636,8.5468
388898408,174.23093,9.603676,9.6391
388834817,173.07513,8.958515,7.6735
388905894,174.43347,8.257819,7.3938
388843539,173.43974,8.545622,7.6058
388871815,173.61278,9.795755,9.57548
390587214,190.22557,8.829364,7.2984
392823047,157.86615,9.351944,7.6233
397436810,180.8333,8.309093,9.38088
388880809,174.0318,9.110967,8.94024
291016322,169.9254,9.17652,9.8022
388816947,172.75287,9.620137,7.3989
389431097,187.02332,9.331259,9.15812
397436870,180.74211,8.713673,8.12647
397436942,180.8524,9.252185,8.16261
389431065,187.02809,9.084062,9.59032
389431098,186.99802,9.352188,9.43039
291016329,170.00827,9.092015,8.2823
388915377,174.9105,9.671022,9.0416
323709969,137.46747,9.804898,9.5822
397479576,181.10336,8.047562,9.9582
377047133,147.72954,8.127314,6.8549
397583219,183.58862,8.20266,9.46266
399088196,188.50198,8.590691,8.2984
397483270,181.54141,9.722607,9.63534
377169052,150.0209,9.639772,9.0108
291089690,178.21533,8.5039835,8.4013
291089514,178.21507,9.963349,9.61787
291108143,178.54272,8.903682,8.6895
291108213,178.53392,8.361742,8.882
390654115,192.64587,8.092305,8.44591
350401093,166.58008,9.387292,9.10123
393546005,161.16978,9.576977,9.7912
349948831,153.7397,9.211244,7.4956
390651715,191.98901,8.516839,7.5598
350400935,166.5591,8.495997,9.7063
393546014,161.25826,9.529135,9.4759
290975349,169.07124,9.252538,9.0266
364954877,163.0459,9.815285,7.7416
397553530,183.04263,8.747475,8.5078
399088088,188.46634,9.531667,8.1202
388799360,172.11122,8.547112,7.114
389359024,185.10234,9.697229,8.8
389359046,185.03372,9.892464,6.3868
389359058,185.11511,9.989935,9.5527
377156334,149.53186,8.313862,4.8726
406683552,143.56258,8.151207,9.4995
396930678,176.22316,9.015971,7.4392
380641846,178.93373,9.300504,9.9599
388799397,172.21016,8.288918,9.4243
389358948,185.11475,9.175335,8.3014
411187273,153.25525,9.755635,8.3828
399088078,188.44305,9.61777,9.2597
396930837,176.17139,8.02269,9.0088
397553491,182.95757,8.490082,9.6075
291065916,170.85959,9.021419,9.47994
291065929,170.86441,9.11073,9.9532
388798338,172.06816,9.160344,9.902
393563944,162.19427,8.666128,5.5125
411171750,152.3811,9.593089,5.2093
389355567,184.61505,8.064977,6.39914
291007811,169.67365,8.1463375,9.1912
377048064,147.86427,8.50088,8.9545
392771181,156.8769,9.919769,9.7361
377046966,147.7343,8.956009,9.6571
390587104,190.18475,8.120914,9.9109
399087345,188.30829,8.584432,9.8104
291058176,170.66808,8.6383705,9.9706
397583063,183.54465,9.44862,9.4315
842346133,152.06868,8.032179,9.0863
392795703,157.04362,8.344743,9.9506
291008631,169.8713,9.16549,9.6307
397583142,183.60797,8.785202,8.9453
350339681,165.9877,9.950215,7.0965
396936969,176.50876,9.59021,9.4472
350339799,165.9289,9.169343,9.3606
397485951,181.91441,8.523897,9.1907
350347911,166.30779,9.564261,8.4939
350399983,166.45934,9.152555,9.7047
290946125,168.50764,8.060695,4.8355
350439401,167.53807,9.106019,9.6825
290946735,168.60767,8.025085,9.6944
396937906,176.60692,8.02024,9.2767
311966049,138.61415,8.117971,9.2413
377168761,150.05334,8.044221,2.96597
323595982,136.28333,9.736349,7.7416
392833745,158.03522,9.421984,7.2249
405645837,141.86464,9.834482,8.2945
405645853,141.89911,9.962132,9.3898
290928094,168.26033,9.88997,9.4195
393495220,160.53767,9.369678,9.9659
388916424,175.08809,8.535873,9.2659
411101942,150.70859,9.916537,9.0776
411102125,150.72165,8.918055,8.3284
290928277,168.25078,8.593448,8.522
290929088,168.40288,8.9959135,9.8644
399056583,187.70952,8.445373,9.0402
390648682,191.72116,8.378586,9.5519
397482384,181.44344,8.531716,9.80745
388843489,173.50618,8.251513,9.993
350340622,166.05534,8.168176,8.6685
350339777,165.91689,9.318658,9.65366
388843665,173.55678,9.334268,9.7413
350328012,165.11514,8.5389,9.59241
388915383,174.94841,9.721028,9.52979
390587255,190.1335,9.154877,9.81307
388914416,174.85216,8.940744,8.48495
389196069,145.85878,8.957632,9.8442
389431041,186.97365,8.898658,8.0333
388769714,171.51053,8.642585,7.9905
388769718,171.57513,8.659548,5.4397
388779139,171.62822,8.094712,9.0097
388778992,171.71793,9.020491,7.1629
389245507,152.06892,8.0321665,8.9714
453208010,116.939415,9.688556,9.013
453208200,116.89792,9.962197,8.8961
443906058,122.46978,9.819203,9.83971
406495290,143.28453,9.6432495,9.56214
366496216,126.955414,9.225886,9.67954
393559776,161.69824,9.11402,9.7475
377128299,149.07959,9.743996,9.9317
350475665,176.97873,8.245894,5.3384
312091868,140.42523,8.211738,7.9839
377156587,149.50249,9.694607,8.63173
406495245,143.31772,9.168484,8.2893
350101110,156.39632,8.776502,7.50333
418147726,146.3197,8.882803,6.6667
443887909,121.869774,9.808837,8.2614
312092092,140.36575,9.114897,9.5858
418147724,146.31998,8.880128,9.88
283746609,134.34882,9.427585,9.10809
393559807,161.7457,8.96243,9.21648
406495165,143.2025,8.078048,8.39126
350101109,156.39728,8.776779,8.90937
389196068,145.86234,8.958731,9.42372
405647232,141.8396,8.54697,9.92955
418148831,146.47598,9.754103,9.81169
399088994,188.57748,9.009681,9.72245
283747028,134.34027,8.03129,9.016
312092189,140.34642,9.555669,6.5001
405948091,142.6474,8.543693,9.3852
406324855,143.04346,8.906933,7.2778
389196012,145.87538,9.143565,9.782
350475947,177.06984,9.98381,9.1951
312090834,140.22073,8.271863,8.0277
312092091,140.41217,9.1008005,8.2509
350100967,156.28954,9.606289,8.6188
350101107,156.31331,8.784843,3.8459
418147690,146.31134,8.724092,6.95836
389428352,186.60306,9.417404,9.3169
458582777,124.128845,9.185541,2.2206
469018187,145.28764,9.892306,3.0149
458582764,124.14065,9.200699,9.3696
406496760,143.21935,9.887475,8.4438
411155405,152.21547,8.640216,8.0395
399090789,188.88255,9.657439,8.7815
397481377,181.30223,8.733022,3.283
397481435,181.22766,9.165185,9.3129
389430238,186.92534,8.610344,5.55792
411154189,151.97612,9.997513,3.0519
392796679,157.2329,9.565093,7.4359
389430085,186.9291,9.34538,8.6482
389430328,186.86705,8.012385,7.094
396948097,179.66537,8.133102,9.3028
390628499,190.50241,9.003047,7.8919
396948151,179.6518,8.436681,9.9076
392796426,157.1717,8.078479,9.9346
406496649,143.27982,8.465391,9.6781
392796667,157.19348,9.47762,9.8542
397533869,182.59166,9.826294,9.6824
411155265,152.24951,9.521854,9.4622
396948277,179.67023,9.349497,8.90142
407232115,144.12355,9.82708,9.7987
396949058,179.78429,9.14034,9.9285
411175507,152.83507,8.718532,9.357
411175545,152.81113,8.941067,8.4641
411175690,152.78027,9.924213,9.9902
397535757,182.82724,8.601049,7.4019
380584899,175.48094,9.828503,8.67494
388916291,175.12354,9.484122,7.247
380584041,175.34938,8.590588,9.4409
380584118,175.33987,9.106871,9.107
411150283,151.497,8.278261,9.362
443964566,129.97578,9.863778,8.5179
283769976,134.52106,9.057692,8.5096
283770099,134.5928,8.71288,8.11622
437031792,132.50777,8.27405,7.2211
350043123,155.51215,8.496389,8.0532
411151138,151.63654,8.561629,8.6638
418149055,146.43504,8.668661,8.9991
350499264,177.37965,9.430441,9.0465
291091155,178.53314,9.892959,7.0023
437031510,132.4274,9.1315565,8.4704
418149094,146.43602,8.469781,8.9323
377061350,148.0491,8.112385,8.02
350042120,155.3731,9.080196,8.5579
411150161,151.50278,8.962016,9.2258
312152597,140.71059,9.285028,9.4922
312152653,140.759,9.043068,9.5409
411151256,151.54103,9.211776,8.3667
350499405,177.41156,8.519872,8.2341
396949932,179.98112,8.941675,9.8497
388834760,173.11325,9.380876,8.58243
399122292,190.09036,9.130474,9.22089
388818722,172.97052,8.505634,8.9852
388818786,173.06879,8.927941,9.182
388898414,174.27635,9.653518,9.52744
388834737,173.11028,9.508407,9.57127
388834770,173.10933,9.320162,9.9477
388899237,174.39644,8.574425,9.8554
388906097,174.50119,9.614701,9.95752
388916333,175.12714,9.129086,9.3757
411150235,151.5269,8.522736,9.4199
350435665,167.0299,9.365304,9.6689
437031721,132.49275,8.467041,9.5561
312152867,140.71213,8.151341,9.4572
399119665,189.69182,9.1707735,9.3536
402133390,190.86652,8.054055,9.8921
312023755,139.37827,8.375561,6.7295
418159068,146.6329,9.8761015,9.782
469020177,145.33238,9.596684,9.6778
418147807,146.3714,9.238275,9.8624
418173862,146.94981,9.0233,7.6064
388872775,173.69557,8.096758,9.91794
418158502,146.61447,8.457276,7.1808
405948093,142.5811,8.602785,8.5485
389195908,145.90846,9.57452,9.2483
323712841,137.67444,9.934971,9.1087
443997774,131.28668,8.488097,9.5608
366496237,127.00506,9.165069,8.7467
312110275,140.55464,9.791125,9.2053
312023993,139.42819,9.365655,9.054
405946584,142.52487,9.238061,9.969
406323385,142.94305,8.300896,9.6392
406323454,143.11952,9.096168,9.7927
350101152,156.30093,8.602716,9.8752
399089092,188.57928,9.672227,8.0653
312111994,140.66708,9.385779,9.9891
406867344,143.72139,8.504576,9.2483
406865849,143.67276,8.187457,5.4173
406865886,143.75058,8.445201,8.9572
406867309,143.66705,8.26367,8.6613
389236042,146.21451,9.616435,9.5757
393584697,162.82962,9.148831,6.67284
406867397,143.78822,8.935999,9.7301
397490238,182.23071,9.083136,9.6521
380618886,175.8846,9.932555,9.4209
389357208,184.76358,8.379788,9.5937
399092303,189.0916,8.575454,9.4705
399091517,188.94814,9.074307,8.9969
350074090,155.99393,8.791181,9.8034
380667280,179.1426,9.941047,8.7929
377045566,147.63252,8.849024,9.4645
377045709,147.53969,9.680182,7.5108
377045468,147.56125,8.399014,7.9628
350428527,166.75726,9.139008,9.6739
290948583,168.83055,8.889435,9.9485
350329809,165.37102,8.195563,9.8159
399092411,189.02019,9.229893,8.741
399092436,189.08408,9.384681,9.4169
290948642,168.86307,9.302604,8.6573
377041620,147.42563,8.529993,9.4953
366496374,126.95736,8.841955,9.6493
393530031,160.93353,9.68539,9.5525
405946573,142.62595,9.093805,9.9923
405946640,142.42905,9.927122,8.0104
406323631,143.13052,8.827662,9.7527
406495180,143.34314,8.221954,9.5963
411172653,152.45654,8.433311,9.5363
399088988,188.64589,8.998184,9.9788
350475747,176.98672,8.701609,8.8182
377167869,149.9046,8.872792,7.945
406324869,142.97313,9.188654,7.9828
397435198,180.51636,9.011568,9.7171
334411493,122.90001,9.677716,7.4304
377167876,149.83757,8.833905,8.82415
377167898,149.84323,8.745029,9.079
406324921,142.9899,9.715768,3.86838
393583621,162.67548,9.178762,8.8815
397435948,180.67604,9.594514,9.5444
397436205,180.64612,8.06977,5.4967
377167791,149.90228,9.316657,7.2438
411088414,150.07945,8.633984,9.4851
392851745,159.31418,8.409746,8.5721
393487478,160.03181,8.371819,8.492
399089910,188.75273,8.801459,9.3875
323709960,137.50424,9.776311,9.9232
397519629,182.41602,8.079336,9.853
290949483,168.966,8.146269,9.0948
458643675,125.14389,9.283143,8.3229
392847860,158.72185,8.064498,7.2014
411173622,152.58385,9.21435,8.182
350448571,176.79445,9.469979,7.3956
291090358,178.41982,8.572196,7.02763
388768976,171.4066,8.035665,8.0973
469012441,144.59526,8.690119,9.3421
411088376,150.14714,8.405812,8.7394
392852635,159.32814,9.043366,9.465
411174648,152.69118,8.531957,8.4586
397519610,182.4429,8.179005,7.3515
350448584,176.81454,9.568082,8.7151
291090421,178.33026,8.986915,9.307
389432760,187.19698,8.857298,9.9441
389432928,187.22672,9.988259,9.7083
411187242,153.2896,9.595572,9.0498
396930701,176.13455,8.892631,9.6222
396930802,176.12732,8.270983,8.0578
380641758,178.98604,9.8470335,8.74072
389331001,184.04942,9.645339,9.0644
396930772,176.12784,8.430825,9.32132
390652437,192.08917,8.444349,9.9792
411150044,151.42072,9.645478,9.4587
406324842,143.05544,8.848307,9.1945
469037218,145.52534,9.577534,9.8536
397436211,180.62784,8.039055,9.8566
350337088,165.55435,9.749683,9.437
350337089,165.55058,9.74994,9.206
393484375,159.56708,8.637989,8.8211
389400517,185.68697,8.270907,8.6222
323709977,137.49971,9.840687,9.0826
350101987,156.50348,8.614518,8.6033
390653513,192.52568,8.091604,9.43627
388768775,171.41158,9.202601,8.5627
388780801,171.944,9.478577,7.7814
399122202,190.05865,8.527238,7.1432
350110959,156.44136,9.91735,8.2743
366632453,130.20874,9.397413,9.9618
366632728,130.11154,8.553373,9.6542
366632765,130.16302,8.415899,9.6283
399121403,189.9784,9.1678705,9.8397
399122235,190.09264,8.769615,9.92835
388768777,171.48827,9.192564,9.935
380583159,175.25363,9.286954,9.03044
411089386,150.24959,9.678817,9.993
393583580,162.70685,9.423361,9.86007
350336922,165.58682,8.607896,8.7265
350337011,165.63689,9.172969,7.15423
399089938,188.66866,8.560939,8.35
350338821,165.81198,8.185375,8.7658
350437486,167.33784,9.088808,9.8514
397553625,182.99736,9.307111,7.27786
397479824,181.02858,9.698634,7.56286
393563776,162.21477,9.627495,9.6492
350476800,177.10535,9.230683,8.9428
389358015,184.99657,9.622759,8.5507
389358126,184.91028,8.814228,9.005
397479652,181.09645,8.510582,9.9983
377167828,149.93913,9.089044,9.13544
377167955,149.86324,8.433926,8.53302
406324922,143.0001,9.718407,9.1306
393583618,162.72372,9.198445,9.33785
411124957,151.33417,9.463118,9.42394
350336963,165.56375,8.869667,8.57893
350338063,165.65356,8.140485,9.24491
411124820,151.2991,8.652647,8.3683
350337112,165.54535,9.895183,8.9844
350337881,165.74706,9.128712,9.5233
399089765,188.65613,9.662327,9.4622
392821991,157.7972,8.779453,9.7358
399089737,188.75294,9.828491,9.33216
350438429,167.36076,8.811338,9.3925
350437356,167.25119,8.342648,9.5009
350437571,167.24965,9.695686,9.0642
350438527,167.38951,8.371597,9.8093
366621826,128.14587,8.488868,5.463
396936896,176.593,9.074515,9.37528
365006625,164.16531,8.108536,9.3264
397434424,180.44774,8.613405,9.74904
350075041,156.08385,9.338026,9.43498
287483630,164.77686,9.449279,9.68131
389429250,186.76266,8.969098,9.0379
393565793,162.36826,9.795965,9.9827
397535784,182.91972,8.421712,9.9893
390606731,190.34735,8.257974,9.201
397435272,180.49924,9.578834,9.24687
458613116,124.59573,9.151408,7.23344
234485994,114.19504,9.97047,8.979
392834850,158.20279,9.30659,4.0043
397583143,183.61386,8.782387,6.9485
399106235,189.28174,8.796868,6.40055
389355807,184.55496,9.868426,8.6898
390587114,190.16794,8.209101,9.2512
399087398,188.39452,8.91762,8.85085
287482578,164.65218,9.136845,9.8479
392850502,159.09851,8.173951,8.33767
291007570,169.77878,9.751056,8.0089
291008747,169.89688,9.932473,8.61462
389355665,184.62115,8.685736,8.56159
291108910,178.65292,8.948753,9.0055
377047956,147.76236,8.080677,8.5671
287482568,164.67218,9.1751795,9.18505
291109036,178.66377,9.731122,9.81532
291109020,178.56076,9.679409,9.68749
323524246,135.81499,8.212727,6.6425
437027402,132.18498,8.786667,8.736
377097823,148.52766,8.074405,6.0638
406139898,142.81615,8.056483,8.2479
406141506,142.77284,8.6923275,8.0188
323734694,137.86195,8.975987,5.5767
443846028,121.12607,9.998566,9.7956
366567249,127.62434,8.624386,8.5691
411123657,151.22887,9.845995,8.7683
469037628,145.54782,8.047192,9.9164
418173832,147.00143,9.156495,8.6545
397481374,181.22955,8.71569,8.2624
411154445,151.99493,8.510345,9.26334
406685152,143.56549,9.156043,9.887
377024332,147.2215,8.974305,9.08987
396949069,179.83478,9.00982,9.5791
418185136,147.09274,9.817764,9.9135
366620082,127.94574,8.345996,8.1237
468986885,128.92473,8.093699,8.7326
393495134,160.44026,9.880831,9.4721
377157646,149.61287,8.303973,9.1632
469020141,145.37444,9.465049,8.329
443846030,121.139565,9.987222,9.5721
323734777,137.78543,8.580408,8.9851
406496622,143.23903,8.173666,8.64222
389194474,145.75131,8.809135,8.1937
377024460,147.21999,8.30177,7.0252
390628638,190.56644,8.042171,7.43572
366567642,127.67162,9.739088,9.3272
393559741,161.67108,9.323451,9.4946
377157670,149.58452,8.214242,9.8256
406141610,142.65128,9.950923,8.8989
397481445,181.26973,9.239525,7.65009
406496653,143.18906,8.579398,9.3754
389430109,186.87897,9.1366625,9.41246
397481327,181.29437,8.397909,9.83968
392796481,157.2496,8.36225,9.85642
411123624,151.2643,9.986775,9.96
377107095,148.62607,8.19238,9.6186
377108194,148.80342,9.83462,9.0722
393584709,162.80765,9.224455,7.3343
399092463,189.05585,9.585458,9.44655
406865981,143.71983,9.677119,7.9832
380667273,179.06622,9.91194,8.15755
406865898,143.67224,8.704008,9.3924
380641969,178.96826,8.45439,9.75588
380642662,179.13217,8.386941,9.3873
399092478,189.07332,9.717125,9.79887
399105281,189.2278,9.605182,8.7593
399105380,189.17734,8.8602,9.90255
320536466,120.11628,9.913586,7.8738
468991725,129.14699,8.335552,7.6891
350427650,166.71565,8.107981,8.9129
350428587,166.76892,9.619363,8.3086
350401824,166.6553,9.958597,7.9691
397520415,182.55687,9.027928,9.8032
397520470,182.4746,9.408852,9.8521
350428616,166.75418,9.732462,9.91364
290947576,168.8069,9.974498,9.40122
290948489,168.83444,8.22558,9.09213
290948731,168.83818,9.98983,9.965
366623731,128.25938,9.963335,9.1047
366499000,127.1173,9.832721,8.083
323657414,137.03026,8.13927,7.7628
411103059,150.82399,8.227848,7.5341
411120781,150.88841,9.89899,6.7356
411120757,150.86658,9.738543,9.72179
350339868,165.93134,8.729882,7.7086
290928291,168.24944,8.522371,9.57425
399056454,187.7697,9.3868,9.3829
366438289,126.54461,9.655398,9.44727
291037759,170.25537,9.855587,9.63603
405645770,141.99277,8.940931,9.8627
411103094,150.8052,8.401716,9.5655
397520335,182.51622,8.319835,9.83828
388780022,171.79094,9.804144,9.34356
388769827,171.59023,9.3700695,8.62319
388779750,171.82777,8.1998415,8.6115
388779791,171.8377,8.448088,9.8861
291074223,177.96526,9.977575,8.43993
389358860,185.00671,8.568816,9.17924
291074366,177.98042,8.879111,9.81608
444004895,131.65068,9.872856,8.4528
469015389,144.98865,9.221574,8.8641
366657045,130.24033,9.2809105,9.6937
350020078,154.56717,9.194558,9.0066
389173795,145.58911,8.980592,8.702
443885610,121.72085,9.857562,9.017
443892240,122.00606,8.946931,8.8991
366656827,130.33862,8.591563,9.6256
366657216,130.33177,9.759592,8.9694
377063810,148.12386,9.770343,9.883
411090630,150.42807,9.61121,9.0862
411152332,151.68661,8.36788,9.37447
377065096,148.35818,8.694215,8.5412
377129106,149.19548,9.417757,9.1378
377129199,149.10785,8.933242,4.8884
443885679,121.77702,9.980146,6.0246
459056373,133.14194,9.067354,6.8327
469015627,145.04326,8.278123,6.3137
469017006,145.131,9.426699,7.5648
271013939,116.15151,9.533636,9.9139
271014053,116.18435,9.6939745,9.8519
271014186,116.22796,9.866937,9.2459
323474457,135.1898,8.5492,8.0069
459056094,133.0496,9.876926,7.8817
377064096,148.18144,8.219083,9.2389
311990504,139.14827,9.48469,9.3436
366438129,126.463684,9.840056,8.4853
389357370,184.84828,9.464686,8.57657
397479763,181.07272,9.193071,8.7726
397553666,183.03021,9.556625,9.1197
389357426,184.85738,9.876319,8.5374
393563717,162.13052,9.921513,9.9468
443892394,122.04542,9.174069,9.4118
443951056,123.5782,8.573513,9.5909
311990226,139.19333,8.23234,9.97819
323493268,135.4285,9.625789,9.9995
334411868,122.84786,9.0309105,9.0548
264983987,115.80231,9.993533,8.404
380584228,175.30573,9.979631,9.75995
380584106,175.36288,9.016125,8.189
388916285,175.06926,9.512086,8.8423
320475173,118.076965,9.969943,9.7388
396848281,134.05211,8.374038,9.27958
468987434,128.91406,9.499087,9.5325
323734748,137.78204,8.726234,8.9444
393495365,160.48041,8.414421,8.50901
468986916,128.94633,8.179109,8.49955
366567382,127.57077,8.994625,9.33869
377157528,149.61324,8.845463,9.422
406139894,142.77515,8.019006,9.61194
406141464,142.72652,8.19082,9.5675
406141509,142.7059,8.748133,9.69019
392797582,157.3024,9.272449,9.0573
418185047,147.10701,9.356682,8.7018
406140051,142.71432,9.738054,9.6802
396741904,130.6087,8.220367,9.6935
437033838,132.58357,9.271495,6.388
458589377,124.38188,8.866305,5.46509
458624619,125.12163,9.400117,5.74678
458625278,125.097664,8.007362,6.1379
366406717,126.25442,9.426052,5.5059
397534848,182.75644,8.717535,6.37108
396916365,171.12337,9.490231,8.2605
264903180,115.54124,9.917456,9.9808
458624657,125.03184,9.304325,8.6182
366406895,126.33508,8.92369,8.4932
458683545,131.895,8.258962,8.5539
458685648,132.02887,9.658989,8.3392
393529250,160.81306,9.936564,9.2846
350069291,155.69975,8.812706,8.3077
396931548,176.31055,8.672073,8.4085
389329196,183.86911,8.243058,7.4577
389329293,183.85359,8.99168,8.6798
390631258,191.07158,8.216419,8.5653
380640944,178.84386,9.238217,9.956
443853619,121.41091,9.573838,9.296
443853716,121.34599,9.412764,7.63485
264903251,115.59201,9.825836,8.8069
453208199,116.85652,9.962099,9.6756
443899247,122.2354,8.454577,9.0026
437033665,132.611,8.786897,9.76121
437033744,132.64003,8.993252,8.9468
366406810,126.301636,9.143873,9.7577
366406910,126.305916,8.893908,9.5179
366407066,126.28443,8.504485,8.5919
323524584,135.76634,9.600539,8.7633
443995585,131.11751,9.731544,9.9815
396931638,176.2668,9.151755,7.3561
380640863,178.83713,8.644097,9.9017
388802260,172.23314,8.32965,8.5632
388802430,172.29478,9.328042,9.2804
380640924,178.86317,9.129172,8.533
411121720,151.00635,9.120917,8.1673
389245096,152.07608,9.703014,9.2786
397534949,182.73744,9.468706,9.9316
388803320,172.3656,8.936901,9.6361
443899239,122.205666,8.440532,9.8687
443899478,122.271904,8.819428,9.4689
349987604,154.43565,8.802511,9.8078
350069326,155.73203,9.0285845,8.7862
397519538,182.42578,8.6971245,9.0575
290991982,169.453,8.13817,9.3613
312065999,139.79964,9.078841,6.6854
312066230,139.7446,8.112599,9.9646
312067544,139.87729,9.790148,6.31523
393547224,161.39003,9.952186,9.5177
397433464,180.36925,8.965872,9.6852
393547231,161.30475,9.982047,8.8309
380597097,175.5364,9.889335,9.8558
366632260,130.22974,9.986634,8.67886
350101883,156.51697,8.035388,8.1069
366632312,130.21718,9.824209,7.35266
312185037,141.02505,9.08509,9.69794
290975365,169.11324,9.340852,9.7385
396949901,179.90874,8.696198,9.3684
389400554,185.62602,8.050776,8.58702
399074645,188.19096,9.093567,8.68643
393484285,159.6553,8.147705,9.5523
396932420,176.36165,9.391461,9.62819
389346391,184.15411,9.627574,9.86865
389400482,185.66498,8.49355,9.63409
399074563,188.18242,9.66093,9.84894
366395878,126.05939,9.233152,8.8779
388835867,173.26251,9.627465,8.9334
380598154,175.6793,8.312488,8.5155
396928927,171.21938,8.935739,9.7777
396929674,171.35858,8.100614,8.522
396929970,171.36566,9.828783,9.3857
396915485,170.93573,8.563487,9.28876
443903116,122.399445,8.880708,9.4076
407050122,144.0721,9.59527,9.4504
407229881,144.24727,9.963146,9.8791
274141605,116.757195,9.704764,9.78
443902913,122.34112,8.561217,7.3082
443903260,122.38191,9.109737,9.8906
443903679,122.39443,9.828268,9.2338
458676716,129.62286,9.281901,7.8261
437027533,132.19557,8.379125,9.3712
393528217,160.70694,8.365767,9.4384
459056732,133.10811,8.04218,9.8077
411150149,151.48538,9.037118,8.9329
458593170,124.46836,9.677925,9.5438
323475963,135.33192,9.217935,9.2678
458613101,124.54834,9.164963,8.2323
323525918,135.88933,9.443775,9.97854
411101272,150.61244,9.938787,7.7108
411154328,151.96454,9.20656,9.8951
469010703,144.57973,8.35386,9.3389
349945787,153.38777,9.518164,8.5956
349945836,153.375,9.1860485,6.58974
443846336,121.16692,9.466958,7.48739
443903721,122.35847,9.899876,9.2013
468991718,129.26062,8.323487,8.9089
459056676,133.09639,8.208023,8.0473
444001827,131.51213,9.951579,6.5434
444040350,134.93285,8.192354,8.2345
444040738,134.85898,9.538427,9.98532
405946464,142.35263,8.026868,9.10038
350044127,155.60805,9.793146,7.8069
350068322,155.55905,8.964368,5.0894
407229858,144.13828,9.673519,7.9339
458592857,124.41995,9.164709,5.7316
411101037,150.584,8.6708145,8.3457
323475802,135.23346,8.671383,9.6398
393558927,161.6224,9.7182255,9.9758
411101225,150.62663,9.680234,9.9433
392834664,158.19835,8.153546,9.97098
320536614,120.03304,9.661727,9.1686
458681047,129.75308,8.452263,9.1547
458687151,133.84015,9.546002,9.6649
349946888,153.52425,9.367131,8.8768
377060396,147.96739,8.5901165,8.815
388813195,172.6362,9.403248,8.4823
405800951,142.12157,8.188302,4.81769
291074373,177.9899,8.829972,6.5415
453211559,117.92389,9.228197,6.8553
320536894,120.098526,9.226062,9.5652
320537025,120.08981,8.999856,8.6489
271134524,119.116,9.183276,9.4791
334481945,123.25825,9.172715,9.3696
366323531,125.61935,9.115533,7.5874
312064440,139.67735,8.1617775,7.3814
350021974,154.7875,8.307499,8.6225
312153956,140.93414,8.633144,7.091
312187734,141.28987,9.478984,7.60348
312187857,141.21664,8.936341,8.5894
405023755,144.78487,8.474591,6.6049
320536603,120.09944,9.673013,9.3454
468955101,118.79594,9.34997,5.86138
458680872,129.85231,8.017602,5.54528
458681216,129.82785,8.907037,7.89145
458687165,133.86465,9.507218,9.5896
311926656,138.37004,8.063083,7.66125
443960733,123.96383,8.054897,9.6256
366323119,125.68351,8.0756,9.3827
312068511,139.98077,9.854901,7.9009
349986437,154.23163,8.245176,7.97751
350022914,154.86688,9.920296,6.54395
350023019,154.89185,9.288905,6.8859
350024045,155.05869,8.610739,6.7242
312186570,141.13988,9.379931,7.5603
312186598,141.10423,9.551952,8.8568
411089631,150.22932,8.218329,7.7263
312154173,140.9377,9.421431,9.8318
312185174,140.95175,8.606343,9.2402
312187613,141.26051,9.963038,9.7713
405023691,144.74957,8.067132,8.5876
469015319,144.99031,9.510835,8.1834
393565065,162.26714,9.76982,8.2148
377060180,147.94344,9.8151,7.8182
377060436,147.91078,8.395768,8.8455
389420276,186.37993,9.751772,6.4375
365009267,164.54944,9.701928,6.54046
365009826,164.87003,9.977854,9.0749
397559612,183.49107,9.092471,8.1207
397559697,183.43991,9.74284,8.164
291074238,178.03981,9.885232,9.706
380669918,179.45247,8.989708,6.51076
390629304,190.7014,8.793433,8.64909
411090392,150.42325,8.224521,9.9313
444041966,135.03613,8.979355,9.4897
458680983,129.8055,8.335128,9.9378
458681393,129.83965,9.433434,9.0718
458687368,133.78604,9.002054,9.5303
458687643,133.82834,8.114391,9.7185
443971660,131.00133,8.647533,9.2129
366484042,126.869125,9.21722,9.6522
366484049,126.85769,9.229066,9.8419
393493516,160.17528,8.37067,9.6236
350023974,154.98024,8.243476,8.1797
405799545,142.09033,9.769571,9.2097
469015193,144.9731,9.99074,9.4613
389403211,186.06859,9.508054,7.9973
389420449,186.38449,8.6004925,9.2381
365008413,164.3745,8.029304,8.444
365009129,164.51263,8.799057,9.5562
380670931,179.64548,9.84715,9.7263
399045001,187.56169,9.020594,9.3471
399045040,187.66647,9.315597,9.0742
388813209,172.63066,9.336874,9.39364
388813240,172.69069,9.180682,9.4607
397559681,183.41843,9.614087,9.5537
320536519,120.02129,9.81515,9.4428
364962615,163.34918,9.739347,9.3323
393530012,160.93164,9.809213,9.4242
350022231,154.74109,9.803722,9.7424
350022949,154.8587,9.720582,8.71594
350033431,155.06932,9.820934,8.6288
312186429,141.18018,8.827167,8.1411
469013999,144.91197,8.923558,9.1235
365008119,164.38936,9.772902,9.1319
312023727,139.45357,8.258949,9.3156
350114461,156.70914,8.351145,9.9011
364974051,163.47513,8.4061,9.9453
388812320,172.47986,9.374419,9.2716
389427425,186.49406,8.06223,9.1485
411090358,150.41576,8.013337,9.76442
380669904,179.46991,9.130613,9.5466
468935597,118.43035,9.232874,9.3538
468936017,118.452095,9.853048,8.6387
444013296,133.37514,9.439956,9.9853
444013373,133.33868,9.634732,7.5806
458651456,125.50844,9.615418,9.5873
458651653,125.499374,9.194633,9.8406
458652177,125.592674,8.1844845,8.7184
366396023,125.993996,8.878754,9.8628
366396244,126.01647,8.357991,9.2853
396742036,130.7147,8.592629,8.7536
396742333,130.6794,9.48019,9.9471
444006474,131.7936,9.604385,7.78062
444006839,131.7912,8.595709,9.0548
444007010,131.7634,8.267774,9.9348
366396097,126.06285,8.696202,9.8935
366396143,126.09312,8.57563,7.9388
366396388,125.97858,8.019262,8.4108
458651574,125.53817,9.38229,9.4616
418173646,147.01207,9.983454,9.89842
271134537,119.10606,9.210112,9.5972
350022052,154.7433,8.7691,9.6344
366323475,125.634705,9.0057535,9.95218
312155272,140.94545,9.850565,9.3798
334481463,123.27465,8.348362,9.98364
312187977,141.18715,8.424601,9.6441
320536482,120.034424,9.877849,9.3428
443853442,121.38897,9.870831,8.15851
320536498,120.04423,9.85696,8.23784
320537040,120.078575,8.9742775,6.99374
334481781,123.18623,8.894493,9.44258
334482171,123.21866,9.575928,9.09337
334482174,123.2188,9.577786,7.79942
334482328,123.199585,9.864053,9.56928
377107061,148.67873,8.391275,9.54938
377108213,148.73683,9.909042,8.67153
312068920,139.99547,8.181715,8.3494
312187724,141.20515,9.524898,8.34368
312187846,141.24243,8.977666,9.26085
312187965,141.19106,8.445967,8.81965
458651947,125.52706,8.580665,8.85544
444006544,131.79234,9.383531,8.40925
444006564,131.80878,9.345395,9.12665
444006498,131.798,9.534838,9.72497
444006784,131.7722,8.731331,9.4937
311965806,138.55708,9.145582,9.88181
366396072,126.05876,8.745788,9.99451
366439453,126.52163,8.00986,8.7207
312152656,140.79027,9.012668,9.254
350042168,155.35399,8.791515,8.681
443964034,129.97003,8.578844,9.95094
469037477,145.54,8.688151,8.74411
469037605,145.50166,8.126374,8.88896
396742364,130.71762,9.553104,9.55658
396742365,130.68555,9.556693,7.95655
350435529,167.04158,8.54758,9.92984
396915513,170.94542,8.354091,9.6928
312153883,140.84111,8.356551,8.73525
364981962,163.95168,8.569769,9.41594
350435611,167.02591,9.023662,7.6481
393494477,160.29967,9.901973,9.2987
399119724,189.67882,8.769358,8.99229
350436535,167.19905,8.800454,9.12555
396949887,179.91676,8.640707,8.8389
323571202,136.08603,8.643325,9.93786
377061547,148.05331,9.189217,9.9353
366624064,128.17201,8.968431,8.0915
458643285,125.14346,8.504751,8.8195
366351030,125.739784,9.905245,9.7565
366565392,127.514626,8.417861,9.2014
323657411,136.97131,8.126919,9.4211
366628727,128.23254,8.47341,9.31876
392846636,158.601,8.724541,9.6433
349975960,154.17056,8.764772,9.5758
366498870,127.14799,9.488133,8.8675
405464600,141.57362,9.978393,9.8895
366323691,125.641205,9.505674,9.4282
366498839,127.127335,9.378225,7.622
366498999,127.169266,9.826933,7.9404
396849492,134.15685,8.010535,9.7411
396872936,134.23502,9.763682,9.8866
283784551,134.64833,8.383356,7.8626
283784851,134.7052,9.352623,9.1662
377131572,149.42302,8.300626,9.0004
405464546,141.69412,9.17917,8.9517
350100254,156.25835,9.982305,6.3731
266475704,138.25539,8.36423,9.8423
366351289,125.73309,9.185442,9.9606
443846088,121.19671,9.8811,9.3223
388014654,120.31482,9.719814,9.2961
312090468,140.2744,9.969098,9.8463
312090666,140.31444,9.104078,8.797
323597484,136.34525,8.82917,9.8658
444009257,132.12221,9.703397,9.8539
350033627,155.07133,8.698808,7.4576
388014651,120.27691,9.724913,8.6454
366621964,128.06883,8.884299,7.7714
350033586,155.09772,8.923933,8.4521
364961972,163.32982,9.981429,9.9801
270094366,115.010765,9.767156,9.8896
443850509,121.243355,9.020429,9.9726
443850682,121.22898,9.300173,9.3868
443850897,121.328026,9.627784,7.5617
311967362,138.71489,9.411747,9.7737
323493170,135.35318,9.979714,8.738
323600989,136.63026,8.3420105,8.8616
323601021,136.64989,8.224056,8.5892
366483982,126.88287,9.049386,9.657
366483992,126.84461,9.072021,9.8748
323595666,136.21733,8.616831,9.864
366630748,128.38908,9.267117,9.7874
283785022,134.68805,9.944337,7.8214
311986064,138.81932,9.871843,8.9998
311986089,138.80524,9.759448,8.2902
311987495,138.95816,8.226926,8.7253
377065060,148.33388,8.486933,8.6582
334411734,122.839935,9.289691,7.32074
323600771,136.6269,9.052553,9.56855
311967237,138.67636,8.808174,9.6401
311987744,138.95718,9.314675,9.9968
366483817,126.87888,8.620376,9.91164
366630780,128.40509,9.382554,8.9526
334411605,122.83759,9.511871,9.0348
334412045,122.839096,8.712383,8.61221
270094470,114.99625,9.893922,9.6197
443954464,123.66752,9.2219,8.29289
443954876,123.777214,9.915572,9.3238
396734944,130.5774,8.949237,9.32695
366483622,126.942444,8.149141,8.7411
323711035,137.59479,9.88137,9.1984
377065279,148.29594,9.605527,8.43866
311967253,138.74059,8.880633,9.9331
323595576,136.20454,8.315302,9.8284
377065050,148.2632,8.42949,9.7442
443910561,122.57466,9.168141,6.01818
458582846,124.0524,9.09516,9.4576
458582967,124.062416,8.87454,8.9845
437029634,132.40611,9.314458,9.5739
350020911,154.66545,9.786357,9.0935
469018650,145.23567,8.128586,8.5982
389206970,146.09032,9.305357,9.778
380640135,178.76305,8.443945,4.7531
443899833,122.243904,9.404599,8.5795
458582556,124.070435,9.535332,9.9999
458582611,124.06389,9.406404,6.451
458683198,131.83296,9.264736,6.7539
437029488,132.32182,8.86277,8.4168
437029857,132.34451,9.914902,9.6793
364954692,163.01776,8.852848,7.5569
392843848,158.26743,8.090477,9.8869
350517230,177.66943,9.516219,7.2964
290927531,168.17924,9.865739,7.333
388881659,174.08089,8.886041,8.7426
437029490,132.37132,8.86468,7.4348
437029805,132.38937,9.776027,9.714
393488496,160.08684,9.681469,9.8824
388881706,174.14554,8.567272,9.5388
443860772,121.64691,9.702985,9.9797
458583049,124.07743,8.716344,7.2839
393488493,160.05933,9.667218,9.8779
469018439,145.25877,8.909859,8.9623
350429322,166.93883,9.478887,9.6081
350429483,166.95543,8.378814,8.7484
350441295,167.76448,8.322202,9.4453
290905061,168.02078,9.652581,8.9036
389347399,184.324,9.173019,8.4599
389360640,185.27682,9.371036,8.1008
388873686,173.8744,9.928354,9.6645
366657286,130.28308,9.991052,9.86189
393544937,161.03702,8.222505,9.96084
271014250,116.12404,9.932693,9.57329
443892305,122.005646,9.0432,9.8067
444041818,135.01001,9.67121,9.83337
311990549,139.16753,9.751649,9.80039
311990231,139.19635,8.238252,9.8473
366525269,127.36467,8.750279,8.3033
389206813,146.16411,9.826224,9.7281
443910381,122.60799,8.901044,9.574
458583401,124.06084,8.05207,9.5799
411122661,151.04912,8.385451,9.8406
350440282,167.71402,9.636317,9.9871
388881599,174.10161,9.31213,9.3597
388898199,174.28268,8.167135,8.7837
311990184,139.20895,8.100901,9.83044
411152205,151.66838,9.156014,9.6545
469016805,145.08916,8.610517,9.6629
323474347,135.22974,9.051183,8.5451
393545161,161.09018,9.372786,8.9415
265019887,115.9581,9.6036415,7.69586
283767872,134.46822,8.079717,8.68787
283767955,134.47002,8.4199095,9.13609
392794602,156.91246,9.762393,6.04635
392794627,156.9271,9.87852,8.5489
469015508,145.04684,8.738036,8.40931
469016913,145.12286,9.082673,9.2409
399057352,187.81584,8.810608,7.98447
437037895,132.8071,8.338461,6.9197
804274955,123.43076,9.096592,7.9194
393494280,160.34773,8.562636,5.8262
444004680,131.65686,9.323815,7.7567
458685167,131.9811,8.208424,8.4456
393494232,160.38707,8.204452,9.3035
349975062,154.06529,9.710551,9.5333
444036953,133.5893,9.631889,9.4171
366569177,127.690674,9.621581,8.2622
366573738,127.68109,8.674423,9.9877
366573819,127.716415,8.45937,8.251
444037058,133.52577,9.938775,9.4582
366409363,126.420166,9.285216,9.9999
334517112,123.38968,8.456437,8.6746
443969247,130.89883,8.904638,9.6915
366481524,126.811066,9.187773,9.9279
334517280,123.380905,8.169989,8.6254
323791711,138.1415,9.732398,9.9294
437035863,132.76172,9.417429,8.2589
323639085,136.77379,8.197943,9.3184
366354149,125.96575,9.8915615,8.541
443969175,130.84636,8.781587,8.24301
443969259,130.87674,8.9258,7.1979
443969421,130.92256,9.33984,6.35428
443969471,130.95398,9.49249,7.8338
366438667,126.50362,9.134812,7.1248
458687029,133.85898,9.879653,8.0306
366481379,126.72183,9.5239725,9.5589
366481686,126.81816,8.750524,9.4312
366481850,126.72439,8.32568,9.792
396848025,134.02823,9.379966,9.6546
323639134,136.74554,8.328948,7.40586
334517055,123.418076,8.543969,9.7542
334517175,123.37913,8.367027,9.47808
437035834,132.73291,9.4937525,9.92061
443969553,130.91829,9.6874275,8.4993
437035771,132.72517,9.657705,9.76458
366409581,126.35685,9.884015,9.89885
366481402,126.75326,9.471465,9.34
323709956,137.43417,9.763892,9.0042
411174525,152.72949,9.239364,9.42446
350448363,176.78867,8.013088,9.25834
323657623,137.04659,8.882987,9.0647
283786357,134.80064,9.30053,9.41401
283786460,134.8313,8.982309,7.56059
405647212,141.98206,8.292698,8.02968
392847757,158.75899,8.650456,5.79504
469012379,144.63324,8.9008875,9.2921
350474946,176.89485,8.351324,9.31278
397584077,183.75777,9.987822,8.98243
397584078,183.7644,9.990874,8.98847
291090462,178.36192,9.318908,8.53827
388768830,171.37372,8.923286,7.96692
389402278,185.96255,8.343978,8.52365
380583182,175.23904,9.140904,9.43151
380583259,175.17314,8.672194,7.17842
283786777,134.84337,8.01686,9.90929
392852559,159.37425,8.622118,9.9677
443821764,121.03127,8.806597,9.2474
443822020,121.04942,9.289547,9.1708
458678587,129.62965,9.632663,7.7385
458678781,129.73499,9.142607,9.1689
443821717,121.031906,8.724513,8.5435
443822043,121.04731,9.332316,9.7558
443822212,120.99686,9.625135,9.2554
443854168,121.36601,8.688535,9.8632
468992233,129.24686,9.568507,8.39177
458678535,129.63312,9.80605,9.2
312067229,139.87563,8.276811,8.44017
377127144,148.87093,8.351459,9.13356
377156373,149.54842,8.517372,9.09833
364980235,163.80905,9.974679,9.2151
418172469,146.81592,8.554299,9.0211
418172476,146.81888,8.570489,6.7033
312066002,139.83772,9.04997,9.3974
393546935,161.26958,8.140503,9.5941
393546950,161.29236,8.212374,9.56966
380598083,175.65848,8.714721,8.75019
397432736,180.24933,8.053674,9.54804
388835820,173.23892,9.381594,7.94203
388842534,173.41428,9.3952465,9.5677
388842643,173.4183,8.800487,9.435
397480543,181.22295,9.172364,8.93567
443822167,121.09988,9.550526,9.9989
443950824,123.5974,9.01561,9.7039
443951157,123.55802,8.365172,9.0673
364980158,163.81384,9.483669,9.84129
389404030,186.13495,8.339362,9.9008
396929833,171.29994,8.90612,9.5942
443950840,123.628494,8.990657,9.275
443822238,121.02423,9.6669655,8.8033
443950852,123.56694,8.974656,9.86288
468992320,129.19904,9.805196,9.37234
437031784,132.51434,8.297215,9.165
418172470,146.83415,8.562409,9.85971
443950508,123.65143,9.591456,8.72489
458678672,129.65831,9.399509,8.50051
458592836,124.48479,9.127676,9.54819
458592990,124.42846,9.391739,9.5107
323475862,135.31981,8.840112,9.2563
458613098,124.6257,9.166865,8.57368
393558888,161.56859,9.518485,8.8592
411153258,151.78264,8.769197,8.1761
437036189,132.72693,8.541692,8.84562
323525804,135.92351,9.8927555,7.89523
312190628,141.49278,8.799382,8.248
443854114,121.46667,8.7813015,9.89883
443950556,123.58505,9.515263,9.84821
443950883,123.57877,8.927573,9.8745
429147039,123.446754,9.071369,8.926
266475677,138.28061,8.236894,9.3976
266475877,138.28882,9.268961,9.10202
366323675,125.69046,9.462664,7.9206
377131224,149.42813,9.978841,9.0139
405464469,141.57481,8.328328,9.1629
429147287,123.438866,8.643,8.34135
396734917,130.56732,9.056083,9.1682
396849811,134.22803,9.258288,8.98748
366623739,128.22034,9.93211,9.42058
283784516,134.6895,8.223743,7.9261
283784881,134.65366,9.457196,8.41911
349975771,154.10823,9.847488,9.3823
377131418,149.35147,9.074042,9.20533
377131443,149.43376,8.948166,9.2162
377131516,149.3622,8.606785,8.52803
405464557,141.78848,9.153463,9.14365
393496107,160.62021,8.33309,8.50398
366498979,127.10068,9.781711,9.73781
396849502,134.22304,8.050643,9.96039
429147269,123.462204,8.664936,9.8588
366565398,127.518135,8.406493,9.21696
312025123,139.59746,9.858094,9.8319
350100064,156.16432,8.758924,9.7482
366351106,125.81862,9.642805,9.24816
377131363,149.44939,9.362862,9.6556
388018996,120.43048,9.132499,8.9844
334415400,122.96367,8.671011,8.3607
323793355,138.15616,9.869932,7.3336
468987582,128.95747,9.885788,9.7216
220588638,117.52605,9.76035,9.478
220588799,117.56929,9.536775,9.9276
323793157,138.1635,8.763314,9.0958
468987162,128.9398,8.7915745,9.9437
458646226,125.28566,9.052063,8.5512
388053298,120.5971,8.8847475,8.772
458646265,125.286545,8.975127,9.967
312069949,140.17476,8.167248,9.0935
444034895,133.46872,8.602408,9.49848
443999796,131.37181,8.550389,9.04863
364955642,163.15628,9.796995,9.78339
392848726,158.87689,9.237759,9.5618
366621745,128.13179,8.262389,9.44795
458649402,125.43088,9.536739,9.996
458648723,125.45852,8.128294,8.8728
427536845,117.17145,9.8577,9.9697
468987592,128.97978,9.9078245,9.1059
468987595,128.9771,9.909106,8.0859
323494976,135.47646,8.454,9.685
443971415,131.01846,9.319036,9.909
323687772,137.37962,9.656963,9.9588
312025577,139.56216,8.134517,9.2861
388053032,120.53506,9.299842,9.41569
443861095,121.69389,9.183603,9.1305
443892423,122.05399,9.214953,9.8679
458657252,129.4272,8.075379,9.983
334415166,122.98781,8.221704,9.1474
323793319,138.18129,9.593655,9.30887
458646402,125.3192,8.648962,9.53017
458649240,125.43427,9.226393,9.3329
323687969,137.29561,8.968161,9.6362
377098059,148.51024,9.308297,9.3476
396732947,130.4486,8.254609,8.6758
458649453,125.47637,9.658618,9.836
320480102,120.00309,9.306289,9.6994
444038549,133.68596,9.267286,9.1423
443971869,131.00137,8.036155,8.94085
323687792,137.37021,9.597376,9.5434
323687876,137.30916,9.2985735,9.0033
283786227,134.74315,9.714237,9.2943
312025548,139.53195,8.239131,7.08998
320480176,119.96679,9.408351,9.9861
388088476,120.90152,9.401712,9.3
388088650,120.89721,9.728476,8.7345
323736000,138.00027,8.281236,8.0939
323736364,137.99196,9.751536,8.3503
458654675,129.26546,9.140852,8.2588
458654723,129.3713,9.265789,8.6148
458654927,129.3113,9.824273,9.4937
323493474,135.44882,8.841668,9.1633
323493681,135.43553,8.140885,9.9427
366351498,125.80938,8.668884,8.40123
366353406,125.95434,8.058802,9.4701
366353685,125.96308,8.70442,8.1767
271092682,116.345535,9.691056,9.6332
388088157,120.89355,8.855753,9.1144
468982114,128.66357,8.817194,9.0033
323493495,135.42526,8.759315,9.0267
468939260,118.71784,9.478739,8.5666
468981870,128.74022,8.277564,9.7435
458654316,129.2629,8.231078,7.8279
468939301,118.684814,9.433326,8.8375
312025328,139.50511,9.128078,9.7286
443910815,122.58641,9.587785,9.81219
468981929,128.76016,8.443262,8.47729
468938969,118.67259,9.860504,8.3874
468982358,128.6663,9.371452,8.225
468982305,128.65173,9.265134,8.5581
443846457,121.124344,9.267935,6.6586
443846647,121.22087,8.9760275,9.75132
458676830,129.52155,9.574613,6.56024
459056725,133.0683,8.062918,5.9855
405948148,142.45615,9.82961,8.78456
350101970,156.47151,8.523565,9.2789
443903162,122.38315,8.952469,9.45106
468991785,129.24303,8.519685,9.95296
459056484,133.14238,8.717733,9.95937
437027292,132.25838,9.106113,9.45069
349945948,153.40894,8.40907,8.96982
349947696,153.69762,9.616416,9.33811
350101994,156.5121,8.64795,9.4413
407050141,143.87532,9.886292,9.7792
349947909,153.62793,8.402605,9.7558
407050144,143.95181,9.868046,8.46303
349947867,153.61809,8.619775,9.17781
458592554,124.5106,8.602369,9.15666
443966393,130.03078,9.461047,9.72211
366575859,127.8561,9.2871,9.5201
323494982,135.58286,8.468483,9.56806
437027503,132.19403,8.455979,9.5106
437027665,132.28853,8.01777,8.38372
444040427,134.92126,8.425774,8.90281
405948025,142.50925,8.320872,9.7637
469010767,144.52815,8.559042,9.711
393585756,162.88585,8.54032,9.4589
366353565,125.94776,8.42922,9.67155
468981967,128.73955,8.518057,9.65767
458654512,129.3343,8.709311,9.63936
458654636,129.34378,9.057847,9.66309
323736379,137.9982,9.835339,9.6874
366521540,127.2162,8.051962,9.7882
299648679,117.79636,9.219716,9.5997
299648977,117.71158,9.691463,9.0488
458657193,129.4889,8.237542,9.0943
458659014,129.55194,8.167244,7.4429
323599373,136.50188,9.678821,7.77
323599422,136.5617,9.850596,9.3977
444010809,133.2228,9.748357,8.2652
444011149,133.25464,8.777251,9.2886
366398165,126.12776,8.346772,8.6502
366398264,126.13951,8.598138,9.8334
366398330,126.12924,8.754375,9.9914
366398522,126.18886,9.274086,8.3985
366398584,126.13255,9.4144,9.3324
366398698,126.19192,9.742885,7.30779
283768114,134.40517,8.941938,8.4133
283768216,134.4135,9.271226,6.1653
283768251,134.42511,9.387749,5.35537
366520226,127.203674,9.7325325,8.9563
443957923,123.90099,8.42058,9.9648
323522831,135.64651,8.813394,8.514
444010946,133.19817,9.419419,9.4634
323711408,137.5913,8.2269335,9.5763
283768112,134.46681,8.926575,8.4684
458654855,129.27403,9.65558,5.84936
443958080,123.802086,8.1671715,9.81517
458656743,129.45145,9.439966,9.19615
458656973,129.44295,8.867234,9.1115
444011015,133.2567,9.185123,8.0006
323522950,135.6554,8.484149,8.60256
458656880,129.4649,9.14539,8.6657
458657218,129.39665,8.174022,9.51207
366398310,126.174164,8.69437,9.41321
299648683,117.78793,9.227658,9.4474
396827620,130.76773,8.0520935,9.83703
269974396,114.60279,9.964674,9.76812
320480575,120.00234,9.965657,9.3351
387977155,120.17135,9.695546,8.88377
468984353,128.8746,9.687757,8.27841
388014971,120.28656,9.195621,9.8112
388052833,120.60921,9.589638,7.7224
437033506,132.58069,8.386741,9.2533
458624708,125.05572,9.190665,8.99251
458624985,125.08219,8.629429,9.93808
396827783,130.82619,8.539949,8.38181
443994884,131.12415,8.078905,8.47464
443994961,131.10367,8.277178,9.22679
323686224,137.184,8.533726,9.16285
393585642,162.90233,9.09197,9.45923
388802461,172.2599,9.518109,9.73728
468964011,118.99731,9.4207325,7.8303
468964133,118.988174,9.256341,9.9073
427536772,117.19926,9.7621975,9.185
443888124,121.93188,9.438543,8.26916
388015014,120.3044,9.14059,9.6896
388015187,120.27207,8.859488,9.0588
388015271,120.34831,8.731942,9.9488
458616441,124.733826,9.259591,9.9112
458616554,124.7082,9.484491,9.967
453207964,116.88561,9.63256,6.5534
396931486,176.321,8.258116,4.7156
389330000,183.95213,9.340467,8.5481
443853894,121.45215,9.145055,9.71533
311967072,138.63042,8.092173,9.29554
366406515,126.24974,9.955903,8.643
366406603,126.28639,9.7376375,8.57054
458683520,131.90814,8.332989,8.69611
411121782,151.02153,8.760359,9.1253
397519448,182.42473,9.291366,9.40786
397534989,182.70015,9.74642,9.81284
350447689,167.911,8.313985,9.172
366658466,133.98717,9.72034,9.65076
264903142,115.54987,9.952509,9.84021
396827862,130.80357,8.787652,9.92754
350447698,167.84415,8.267072,9.3141
264903383,115.545135,9.632103,9.58619
392876797,159.51617,8.763305,9.6486
396931498,176.25967,8.335082,9.9837
311965959,138.60747,8.485443,9.88514
311965988,138.62521,8.375715,9.15051
311965989,138.52512,8.3754635,8.9964
312023873,139.44891,8.856648,9.2305
350043354,155.48926,9.709477,9.6823
411089522,150.25262,8.949022,7.5259
393565079,162.25871,9.851472,9.2379
291074375,177.98557,8.822641,7.4645
380670878,179.59923,9.552579,8.1604
350023032,154.84181,9.212925,7.31656
350023064,154.85593,9.004708,7.9023
388813249,172.60452,9.108559,7.70628
468955507,118.88592,9.889633,9.71938
349986581,154.27151,8.908424,9.73949
392844605,158.42822,8.586572,8.29821
312186526,141.06723,9.199015,9.38695
393567067,162.4907,9.823865,8.56776
365008123,164.39304,9.744237,9.4406
365009157,164.45528,9.018488,8.72965
365009262,164.48167,9.671227,8.70879
365009834,164.88773,9.930795,7.07865
397559597,183.45935,8.972204,7.36441
291074327,178.00752,9.206041,8.34267
311926636,138.39,8.174012,9.92388
468955089,118.84364,9.331494,9.96919
366496361,127.0098,8.867366,9.62944
399044929,187.66277,8.522515,9.5366
468955168,118.9018,9.450058,9.73813
393493568,160.20796,8.09937,9.84505
312186372,141.09976,8.525608,9.96813
405799506,142.1408,9.290483,9.5163
350043268,155.46506,9.242754,9.6842
418161131,146.74648,9.224152,9.4453
366484111,126.86415,9.36502,9.6074
393493468,160.26942,8.689079,9.64087
312023989,139.38338,9.360071,9.99315
458616338,124.73902,9.057947,9.1228
443858007,121.492805,9.330693,9.1283
388014808,120.35027,9.485151,9.8148
468964195,118.94569,9.175879,9.16796
427536553,117.167725,9.473771,8.10116
468930383,118.39522,9.139436,8.97293
468984422,128.85185,9.555652,9.58064
427536753,117.14448,9.733289,9.97624
270048153,114.783134,9.978005,9.72454
443906734,122.503815,8.647866,9.6383
334412213,122.85433,8.416055,7.776
443906890,122.55741,8.369805,9.8219
437040482,133.03073,8.54078,9.1235
264984008,115.821266,9.966059,8.7595
444037016,133.5646,9.807687,8.58934
366573544,127.78136,9.198399,7.5402
358707538,118.64805,9.883772,9.26175
444004327,131.6347,8.477952,7.05458
458685421,132.00829,8.963947,9.05631
444004167,131.66782,8.06417,9.73777
366573825,127.67939,8.431796,9.8972
458586368,124.21956,8.991956,8.77213
458586556,124.15667,9.3364725,9.53487
458585825,124.246315,8.030978,9.8457
458585938,124.23942,8.243516,9.8226
334411408,122.81916,9.821243,6.17019
388018851,120.39121,8.888352,9.548
388019082,120.48222,9.268762,9.0736
271270555,119.78986,8.878887,9.9031
388019291,120.422585,9.627059,7.18153
388083953,120.81042,9.942836,5.8395
220585756,117.397026,9.768648,8.2516
388050204,120.429276,9.870077,7.6938
379925243,116.44139,9.95068,9.2351
388018779,120.48281,8.741596,8.8421
388018867,120.46137,8.913992,5.6926
379925300,116.41047,9.859176,8.24235
334381787,122.691246,9.478774,9.8389
271270558,119.81336,8.88679,9.9729
444034963,133.4661,8.415688,9.8766
264826823,115.3511,9.730653,9.228
320475516,118.07637,9.50745,8.7803
264826606,115.364006,9.861065,9.42403
264826711,115.29616,9.788705,8.7881
334477916,123.07668,9.599306,9.9432
320417004,118.01105,9.177579,9.8597
320417022,118.01004,9.205403,7.7302
320417157,118.033394,9.374302,9.3617
468930200,118.35404,9.37955,9.8709
388084386,120.85552,9.19859,8.3095
437040550,132.94942,8.384234,9.6889
468989824,129.11845,8.195987,9.4322
320417224,118.05081,9.480829,9.6349
388084099,120.84481,9.685378,9.8126
444034955,133.49084,8.421563,7.1552
444034958,133.49263,8.419518,7.7457
388084308,120.847565,9.34302,9.68018
444036735,133.58054,8.89282,9.56085
444034743,133.46118,9.053461,9.63545
388083983,120.75773,9.890735,9.6697
444034795,133.44003,8.87683,9.6436
444036793,133.61214,9.070881,9.75286
334516826,123.30403,8.982035,9.7406
334516923,123.3906,8.807325,9.8853
334516970,123.332794,8.712756,9.7967
458622543,124.922745,9.724699,8.0921
323639597,136.73228,9.87317,8.1869
388057003,120.636635,8.718361,9.8409
334516856,123.31101,8.937379,9.3408
323639540,136.79413,9.671386,6.46952
323639580,136.69527,9.824432,9.3947
443906353,122.46088,9.312962,9.85973
443851074,121.2337,9.948587,9.4759
458621967,124.98464,8.512331,9.66685
323639534,136.7663,9.659939,8.9138
323639537,136.71097,9.66357,9.71712
334516730,123.35395,9.150355,9.5625
468963716,118.95946,9.837265,9.9843
468964324,118.98316,8.993289,9.5562
334516284,123.35604,9.970228,9.67861
458622541,124.936264,9.72082,9.26967
358707149,118.563034,9.277565,9.3764
458649437,125.414314,9.620927,9.90974
444038797,133.69539,8.577569,9.397
393487247,160.04218,9.822554,8.47116
312025272,139.59898,9.298291,9.41306
283786171,134.80246,9.873489,9.7727
443971774,131.07924,8.3422165,9.40968
469018636,145.26073,8.179226,8.1815
350441239,167.78374,8.046808,9.2302
437029530,132.35057,9.002914,9.85207
290905131,168.01346,9.094507,9.55589
443899993,122.30354,9.687813,9.257
392843775,158.24155,8.513409,9.4848
469018408,145.31096,8.995422,6.5812
392798427,157.46062,8.043696,8.0679
364954748,163.0004,9.06132,7.78767
350517191,177.62062,9.777031,8.1555
443860738,121.70117,9.767306,8.02105
366525772,127.384384,9.436202,8.23513
366577510,127.97706,9.8141,6.81064
364954609,162.97838,8.434953,9.2727
392835730,158.27176,9.250316,9.78101
350021090,154.57988,8.682272,8.3291
393560842,161.80927,9.249552,8.8402
392845716,158.48141,8.745436,9.54291
411122727,151.08575,8.806457,8.9392
389206849,146.0936,9.665813,9.731
350441556,167.73157,9.853051,8.7411
290905024,168.01825,9.87504,9.28947
290905262,168.02307,8.190006,9.11259
388879731,173.9062,9.5805855,7.94304
388898328,174.20073,8.997068,8.5777
468984838,128.88097,8.579281,9.503
437029171,132.30408,8.002914,9.9581
290927507,168.1466,9.689204,9.8311
430244187,135.10913,8.750949,9.9572
437029376,132.38458,8.617668,9.8
388881647,174.11044,8.954327,9.7907
443900046,122.211555,9.80173,9.85756
437029535,132.3966,9.01557,9.7977
443971656,130.97963,8.654543,9.77487
311989155,139.04959,8.208706,9.931
323494868,135.55319,8.011847,9.7239
444038485,133.7392,9.454757,9.83285
444038730,133.68665,8.726065,9.99913
358707316,118.658516,9.529665,9.10352
334381849,122.7623,9.576676,7.87341
468979045,128.61098,9.955492,8.6958
458619323,124.81494,8.693357,9.7993
443906265,122.51149,9.456808,8.5466
388057229,120.70036,9.07918,7.43716
468992108,129.18512,9.293007,8.6576
320479992,119.92039,9.129821,9.7755
443906331,122.55863,9.338672,9.2934
429147142,123.446754,8.894702,9.8192
311967109,138.7034,8.2623825,7.7761
468979155,128.59363,9.699646,9.654
468992056,129.1434,9.180052,9.6762
458589110,124.27249,9.321057,9.9049
388081693,120.717445,9.889437,9.972
320480074,120.00221,9.270281,9.4807
468979489,128.6382,8.908822,8.3699
443854253,121.44773,8.54611,9.9144
271137832,119.19563,9.048232,7.63421
468979699,128.55562,8.45231,5.7096
388057117,120.7093,8.897128,8.90224
388081501,120.651215,9.563762,9.57862
388081678,120.72048,9.87182,8.7305
271137455,119.18416,9.661578,9.5131
388081624,120.65821,9.783267,9.59782
468968332,128.45134,9.68061,9.8332
311967154,138.71648,8.435204,9.6401
458588994,124.29947,9.5420685,9.98737
458618768,124.80211,9.772685,9.5928
269974469,114.58769,9.891366,9.9638
427539880,117.2779,9.867189,9.3742
427540280,117.30343,9.317476,9.6849
387976873,120.23758,9.2536955,8.807
443906757,122.525764,8.617644,8.9039
220580413,117.08069,9.52782,9.8306
220593500,117.62231,9.330707,8.8276
220593917,117.58463,9.982749,9.3065
443895594,122.14008,9.230543,9.464
443895775,122.083466,8.88878,8.6238
220580276,117.048294,9.717178,7.3244
264755633,115.22712,9.747367,9.9717
264755665,115.18855,9.780337,8.7893
220593775,117.620575,9.765497,7.55628
220593834,117.58075,9.860991,9.4309
443895281,122.09296,9.732484,9.16287
443895340,122.08119,9.649286,9.9892
443865115,121.82636,9.234287,8.7394
443865135,121.818825,9.26616,9.0356
443885462,121.73443,9.606178,9.3096
443864924,121.746315,8.887654,9.7589
453211153,117.912865,9.838777,8.0559
453211151,117.90162,9.842897,8.9033
453211385,117.896996,9.459072,7.9754
443864870,121.74289,8.808148,8.5832
453211454,117.92499,9.386054,7.9259
366525185,127.35645,8.641875,9.09847
366521259,127.24653,8.394499,9.9932
366525012,127.4016,8.417217,5.9443
366525996,127.36826,9.717121,9.52088
366525400,127.394485,8.90875,8.7941
903378278,177.853,11.805088,6.5603
323492723,135.42532,11.569135,8.15
443851863,121.30205,11.256524,9.351
323640695,136.92506,10.001361,9.5968
458686780,133.86276,10.657207,8.893
468993136,144.42581,11.87987,8.7768
234484814,114.26924,11.276235,9.9724
800210213,138.23538,10.669471,7.6501
269972238,114.474106,11.483797,8.7598
800433307,134.2761,10.757953,8.9932
800433308,134.27586,10.758191,8.7312
283746218,134.27586,10.758191,8.7312
266476162,138.23538,10.669471,7.6501
761731587,114.26924,11.276235,9.9724
761732133,114.474106,11.483797,8.7598
408816375,121.03813,11.870072,9.278
291073912,177.853,11.805088,6.5603
800202524,136.92506,10.001361,9.5968
800202525,136.92554,10.001209,9.9616
800408410,127.81292,11.855143,8.0034
800371043,126.23961,10.524164,9.6661
418173054,146.83124,11.376769,9.3104
366400101,126.23961,10.524164,9.6661
10005000103,161.6906,11.81994,9.078
10005000118,160.99055,11.70361,9.406
377131191,149.3406,10.143267,9.8334
366576742,127.81292,11.855143,8.0034
842390869,149.3406,10.143267,9.8334
840077962,144.42567,11.8805065,9.4513
840077963,144.42581,11.87987,8.7768
840068741,146.83124,11.376769,9.3104
377046637,147.69905,10.723945,9.699
366443848,126.58985,11.287512,8.422
323710700,137.65414,11.220926,9.928
366410591,126.59043,11.287132,8.442
469014760,144.97485,11.981279,9.319
312152407,140.80215,10.125774,8.401
46305399,132.9329,11.946422,8.841
350112044,156.5861,10.935066,9.7398
350041695,155.39847,11.7767105,8.6664
418160325,146.74568,11.030282,9.6553
418159863,146.5972,11.810045,4.3029
418159992,146.69455,11.819467,8.2591
418159257,146.65253,10.388961,9.2746
389172427,145.68744,11.691503,9.0972
444000566,131.4326,10.489005,9.81
323522406,135.59276,10.389721,8.93242
366411047,126.508545,10.204243,9.6133
264823519,115.36894,11.770436,9.6566
264824408,115.34049,11.176378,9.4277
264822871,115.21569,11.913666,9.8105
264824268,115.31536,11.268135,9.44
264826192,115.27124,10.127896,7.7112
397490838,182.32068,11.291736,8.10043
397490520,182.31337,10.088662,9.8474
520492853,173.5413,11.023659,8.5923
388843945,173.54146,11.023849,6.4437
397558166,183.2778,11.0574465,9.5399
388817132,172.77118,10.883062,8.928
388817042,172.72092,10.274798,8.6062
397558174,183.19412,11.11136,6.2324
397558354,183.3087,11.516347,6.0688
388817499,172.86784,10.876773,8.5901
393545607,161.17094,11.87511,9.844
290904921,168.05273,10.658248,8.8558
349949021,153.84285,10.468175,8.6017
393545661,161.2416,11.515574,9.4455
392795102,157.11911,11.490023,6.9128
840068761,146.8152,11.4281225,8.1235
86263232,181.57883,11.912642,9.7455
392795116,157.02031,11.4165125,9.7279
349948987,153.80737,10.283495,9.4768
389354684,184.45818,10.11999,9.9179
397485231,181.81667,10.531378,7.8242
393494986,160.42328,10.739477,8.1374
350328447,165.05829,11.48726,9.4141
388914005,174.7817,11.545994,9.3072
388914021,174.87422,11.445261,9.1659
443996990,131.25099,10.41785,7.9837
393545912,161.24593,10.09321,9.3215
397483433,181.49092,10.742172,9.2912
290928013,168.32521,10.447279,6.6412
397481897,181.42819,11.729734,9.638
388843877,173.54803,10.627226,9.9931
388871514,173.6476,11.742826,9.6546
388871555,173.64124,11.482802,7.8196
389401529,185.75163,10.448801,9.2774
291075485,178.0724,10.987427,7.4583
291089440,178.28883,10.513596,9.2505
291075507,178.13736,11.159199,9.9716
388915963,175.11917,11.195148,6.4025
291090971,178.47334,11.119604,7.7273
388913825,174.69783,11.351584,8.8599
291090972,178.52754,11.112591,9.6442
397558016,183.23972,10.037716,7.2209
388817627,172.92596,10.079825,9.22662
397558092,183.28954,10.594013,9.59579
388817227,172.74129,11.5236635,8.10772
388817463,172.89041,11.12158,8.21395
388834280,173.01453,11.653246,8.66341
397480155,180.98866,11.852004,9.74779
389236372,146.25165,10.802269,6.7664
397487355,182.07457,10.698131,9.92016
350328538,165.20012,11.97047,8.06547
388915492,174.89969,10.327997,8.7454
291016155,170.01521,10.354525,9.7362
388914206,174.77979,10.271758,9.78448
392849222,159.02806,11.614556,6.22901
393563250,162.10066,11.10723,8.6012
380639188,176.07854,10.094424,8.5066
380639287,175.99928,10.685898,6.3346
388798588,172.02026,10.671596,7.3996
291066289,170.8056,11.751844,9.7301
406683832,143.48555,11.621253,9.528
389346016,184.14136,11.560124,9.4267
388799078,172.1372,10.204971,9.6806
388834422,173.12685,11.436999,9.7643
388834133,173.0728,10.678403,9.0833
350498821,177.28197,11.876539,7.3843
350498878,177.40721,11.701919,9.5099
388898592,174.27708,10.891402,8.8629
388898795,174.29372,11.684355,9.2258
291015777,169.9049,11.346694,8.8323
411125218,151.4044,10.899332,6.6844
397553913,182.99477,11.292168,7.485
388834184,172.96379,11.03899,7.8574
380584355,175.34364,10.698605,9.4067
388915527,174.95421,10.478269,9.6191
388916200,175.06734,10.004745,8.74514
388915997,175.0702,11.038559,9.4249
380584519,175.32852,11.729506,9.0007
388915447,174.97986,10.0348425,8.826
388916177,175.09848,10.097525,8.7163
388898704,174.22969,11.703749,9.8976
350440001,167.65323,11.301638,4.5665
291090711,178.40547,10.987321,9.1017
458645642,125.34276,10.327628,9.0283
323710131,137.53053,10.379187,9.3008
377167141,149.73958,11.310959,9.4837
377167250,149.78052,11.979445,9.3034
405647389,141.88686,10.898309,7.5264
405647409,142.02953,10.217916,7.2594
405647494,141.832,11.617812,9.6606
377167469,149.91031,10.989557,8.3765
458644977,125.33199,11.819596,9.4686
458645461,125.33934,10.691687,9.8059
458645547,125.3528,10.525009,9.021
377166899,149.79454,10.073206,9.6986
392876092,159.34462,10.80495,8.9378
411173953,152.57074,11.280148,9.644
397520587,182.44568,10.343635,9.4714
350449248,176.9182,10.337392,9.0335
291090686,178.40677,10.850249,9.7023
364955313,163.153,11.541804,9.6507
323710621,137.55254,11.513637,8.6295
149492847,163.9354,11.889093,9.882
350449051,176.94414,11.610079,9.1787
388768636,171.38243,10.074476,9.9753
389354693,184.48152,10.060666,9.91748
389354652,184.44563,10.265014,9.83601
389431708,187.15541,10.346607,9.96141
397483348,181.51144,10.135539,9.1031
397483392,181.52534,10.482219,8.31106
291074008,178.03433,11.391019,9.1681
291073790,177.89352,10.8708315,8.02
291073982,177.97748,11.592066,9.5187
283769436,134.56667,10.845187,3.90478
397482019,181.36415,10.960669,7.4837
418173094,146.85799,11.568189,6.1916
350348087,166.33539,10.552545,7.3198
350348276,166.2728,11.697763,8.5164
392849219,159.01999,11.629171,8.9454
393563355,162.04802,11.89196,9.1172
380641507,178.95407,11.253631,8.599
397481780,181.25374,11.335984,8.4315
406683735,143.46736,10.333082,9.9699
389346150,184.20335,11.498671,9.89076
388798553,172.07884,10.5334,9.75993
77038339,166.23512,11.9662,9.4266
380667461,179.14517,11.201065,9.2395
392823370,157.88536,11.16816,8.13028
380639225,176.01341,10.336947,8.3511
396930360,176.21162,11.385527,8.44962
388798594,172.0372,10.709859,8.3957
388798643,171.98051,11.010013,8.3464
418173060,146.88951,11.42884,3.354
406866032,143.77359,10.234382,8.5434
389236487,146.25099,11.256815,9.0674
350330309,165.2998,11.306992,9.9512
380667435,179.08463,11.028967,9.6757
380584389,175.27405,10.80905,8.1244
380584567,175.44969,11.96402,9.0101
380584731,175.49573,10.859222,9.92828
388915706,174.92921,11.268672,9.7722
290947135,168.67802,10.904614,8.2294
350439940,167.6392,11.626852,7.16923
350440017,167.60417,11.16692,6.9933
396937083,176.57985,10.210836,8.9204
350439715,167.59253,11.067468,8.6156
290947542,168.72229,10.216025,8.7556
350428657,166.7994,10.10324,8.9867
350428719,166.76906,10.56788,9.6815
364982233,163.95634,10.121388,8.3984
350339433,165.94225,11.766118,9.6708
350339571,165.98363,10.720112,9.6192
350401372,166.58223,11.123012,9.9287
290947212,168.62903,11.540322,9.895
290947243,168.57788,11.773694,9.73977
350401499,166.57304,11.924832,9.72811
350439797,167.49783,11.66783,9.65412
380669443,179.29434,11.753259,9.2555
380669320,179.3382,11.006323,9.8384
380639589,178.73216,11.694854,8.3516
388906257,174.49341,10.580761,9.33883
291091020,178.54301,10.796225,9.6597
290991579,169.49841,10.793085,9.7778
405946742,142.59737,11.009712,9.8457
405948294,142.41934,11.259788,9.6714
393529516,160.85677,11.439217,9.7657
418148068,146.38823,10.581096,8.8517
418148001,146.36942,10.221892,5.3148
380669453,179.38667,11.827744,9.80819
406324969,142.93756,10.356617,9.4025
405946750,142.62915,11.216712,8.76083
312110218,140.55835,10.037066,9.82158
405946820,142.4822,11.927902,9.591
418148459,146.49387,11.507498,9.83831
312112393,140.69537,11.271858,8.9056
389195658,145.89703,10.51887,6.4884
55315332,140.23672,11.958651,7.6437
406323587,143.08464,10.776493,7.75304
406325026,143.02037,11.024341,8.0533
350100476,156.23904,11.15929,7.6836
264823909,115.38065,11.503725,9.1114
358657713,149.11084,11.916611,9.2889
312112150,140.69368,10.165193,9.5438
312112367,140.64493,11.142656,9.58069
393529566,160.88564,11.709263,9.68653
903178946,166.99593,10.196921,9.96804
366495838,127.02778,10.184298,9.99242
350100733,156.31816,11.101488,9.92521
406495473,143.161,11.734437,8.4424
389195331,145.84712,11.705257,8.5317
396948859,179.79057,10.397395,9.7175
443887648,121.93452,10.280613,8.8805
274084018,116.6643,11.674446,8.9928
274084227,116.6606,11.36907,8.09791
274084426,116.69172,11.071755,9.5552
274084859,116.63072,10.425629,8.0614
411155140,152.24257,10.419747,9.3924
393484713,159.5687,10.792433,9.5599
274084873,116.64401,10.402021,7.5605
323712916,137.69826,10.283023,9.5461
350100718,156.36006,11.156657,6.648
393485145,159.76683,10.816651,9.6266
389429495,186.76105,10.413722,9.9022
405646041,142.13023,11.635158,7.9242
350476211,177.0081,11.48445,9.9615
429146032,123.45348,11.17365,8.9004
380641262,178.82303,11.397474,8.4909
323524746,135.80829,10.21128,8.4203
443995718,131.18765,10.081668,5.71256
406495426,143.24762,11.217449,9.2678
406496890,143.30263,11.464756,9.5597
380671074,179.52829,10.734995,9.8112
396948660,179.86903,11.850793,8.331
406325053,142.98642,11.299824,4.0875
407232205,144.18079,10.902191,9.8638
234482611,114.12538,10.166484,9.9922
377157247,149.69034,10.458737,5.8347
405645863,141.94424,10.135889,9.9733
405946733,142.64583,10.599951,7.9086
389195477,145.87836,11.175564,9.6168
365031277,164.96097,11.904816,9.2615
411151864,151.68376,11.178139,6.7407
393492831,160.16489,11.2935505,7.2778
274084462,116.69491,11.018661,9.961
274084512,116.62836,10.9368305,9.8601
323713010,137.67665,10.661274,9.0507
323713019,137.71683,10.697751,8.4701
366485262,127.03573,11.471266,9.9229
312092511,140.3371,10.909327,9.8015
312110145,140.4762,10.328951,8.2129
312112210,140.63628,10.409369,9.0257
406325001,143.05226,10.766371,9.5514
350100503,156.18129,11.355964,8.3298
389195717,145.88939,10.25199,9.5341
418148129,146.33415,10.912861,8.461
283769257,134.53786,11.419597,9.7845
392770890,156.80096,11.31709,5.86301
291017565,170.04688,11.200528,8.8892
389356268,184.71365,10.626533,9.2378
323596295,136.29756,10.833029,9.2347
405645902,141.82913,10.784138,8.7918
405646000,141.87563,11.712408,9.0681
291017769,170.2412,11.219188,7.9203
323596192,136.2695,10.489866,9.0157
366410391,126.51508,11.831078,9.5149
312109948,140.53047,11.241286,9.5518
392847093,158.6755,11.258237,9.8589
405466208,141.65729,11.71434,9.0137
405645982,141.91708,11.368459,9.4917
393567689,162.62814,10.330241,6.3488
392816117,157.60706,11.630942,7.8597
397434065,180.41129,11.069413,7.7485
274084705,116.614,10.676572,9.2546
405948244,142.50346,10.765767,8.7423
406323592,143.0011,10.821763,9.7864
406323624,143.12886,11.166208,9.359
406323674,143.11932,11.981209,9.7271
418148213,146.4127,11.283867,8.9015
418148752,146.52496,10.064306,7.9722
411175709,152.81761,10.01119,9.35737
411184031,152.97404,10.907521,9.4823
86281608,182.56042,11.873037,9.4305
291066480,177.70801,10.887068,9.8393
392833602,158.07997,10.355306,9.791
377128465,149.0934,10.664695,9.8698
406866039,143.71062,10.351386,9.84731
350074504,155.96298,11.41536,9.51579
380618779,175.89636,10.694544,8.35878
350330236,165.32187,10.787008,9.9616
357238930,169.58768,11.984516,6.61844
380667823,179.1917,10.612175,8.46556
397485373,181.75456,11.52898,9.8512
397485574,181.84372,11.176467,9.86868
380667836,179.22197,10.52579,7.62049
350074673,156.08006,11.4487,9.1604
392815874,157.4486,10.985588,9.7768
350330344,165.35406,11.539787,8.8272
350439632,167.55719,10.587668,9.51925
350440013,167.69681,11.218891,8.50692
389400062,185.64536,10.90566,9.411
290948843,168.83871,10.944133,8.63671
350401249,166.55568,10.308235,8.87468
350428673,166.84532,10.195377,9.1306
377041106,147.45212,11.106427,6.9786
365031229,164.9212,11.705867,6.0957
350428676,166.80531,10.212234,6.87293
350043813,155.59793,11.772982,9.1106
366622689,128.04669,10.91386,9.3181
468983258,128.74483,11.426236,7.7809
377098257,148.49284,10.258843,4.7737
207275917,110.487366,11.833273,7.3905
264162094,108.34438,11.358695,8.9785
234412393,113.50197,11.73533,8.6657
291007503,169.734,10.229512,9.183
392850811,159.18619,10.014023,8.7147
377046528,147.70755,11.243948,8.9908
291109216,178.58737,11.090063,8.8089
287439061,164.56657,10.787157,8.8837
291057494,170.58575,10.405892,9.4235
392850893,159.13474,10.515453,9.3691
397582828,183.6324,11.096901,9.3784
291109141,178.61913,10.483207,9.746
291007254,169.72977,11.880716,8.3213
291007321,169.78558,11.42581,9.4347
291057670,170.61238,11.651336,9.7334
291008815,169.80162,10.433428,9.8545
291039265,170.50565,11.503033,9.7597
291007158,169.56798,11.529144,9.9246
444005811,131.7327,11.444006,9.9286
291039388,170.41953,10.523991,9.45527
388769962,171.55647,10.277957,9.1171
388769987,171.60417,10.4228945,8.0321
377130838,149.32501,11.899313,7.8334
366631971,130.13562,10.924115,5.5859
6992049,126.29985,11.927185,9.3279
323658710,137.07214,11.004893,9.4968
323710075,137.44397,10.200364,7.7868
283769362,134.49872,11.048863,7.61811
312155114,141.03903,10.546849,6.7383
323658825,137.05966,10.601304,9.1082
283769545,134.50032,10.489553,8.9068
468993388,144.41304,10.756127,7.6174
389359438,185.16197,11.064555,9.4351
323600000,136.52718,11.9429035,8.1265
350033086,155.03848,11.981541,9.5678
290976016,169.29425,10.006506,8.4615
396950262,179.97314,11.283859,9.2924
389347908,184.40842,11.215432,8.1998
290991351,169.40927,11.723817,9.2078
366443616,126.67351,10.660761,7.96093
411091246,150.46051,10.780876,9.0427
418148521,146.43271,11.211384,9.3627
393567505,162.68127,11.3967,7.8427
291039094,170.30182,11.244399,8.2074
443996335,131.15399,11.768117,9.4432
393547760,161.43906,10.647684,9.5458
443996563,131.23207,11.442605,9.5612
443996788,131.31055,10.848215,9.0693
312112687,140.78067,11.2427225,9.2136
334514629,123.22294,11.00119,9.7839
312155170,141.00044,10.337037,9.25126
155559278,159.32167,11.925943,9.8406
396931895,176.30626,10.950858,9.4241
397432194,180.21207,11.98331,7.7067
411185524,153.05405,10.55516,8.9092
443996152,131.08957,11.23791,9.9476
437031101,132.47737,10.435619,9.7726
393494503,160.29463,10.035828,9.3054
393567578,162.62617,10.910774,9.7544
350435975,167.09149,11.389795,9.29219
291039284,170.43579,11.361612,9.7041
323658256,137.01842,11.174538,9.5179
411173853,152.59586,10.707156,9.6267
377167168,149.751,11.434223,8.7121
411174001,152.61424,11.575686,7.8036
458645381,125.24739,10.867856,9.42488
323710539,137.57515,11.94233,8.6145
323710850,137.62428,10.582801,9.46855
377166931,149.82106,10.167498,9.3432
377167338,149.91936,11.607681,8.70455
350448738,176.83356,10.457269,8.39895
350448757,176.83823,10.551192,9.03875
350449035,176.90755,11.708317,7.74516
82524156,175.16695,11.981436,9.7137
389359073,185.11484,10.072517,9.6037
458644248,125.12501,10.504938,9.0922
323710959,137.59492,10.165915,9.82576
290949019,168.9978,11.605383,9.4769
287483837,164.76025,10.753057,9.8757
397434167,180.3861,10.350585,8.57381
287483893,164.6946,11.109982,9.34706
393585091,162.78548,11.5787735,5.83469
389357518,184.77798,10.593434,7.8193
350437649,167.32082,10.16468,8.9916
518950846,125.979706,10.631917,8.5896
350438218,167.45064,10.157305,7.8899
350437746,167.25584,10.837373,9.8322
389357840,184.90334,10.990798,9.4049
86268645,181.87924,11.940669,8.1877
389419787,186.32225,10.551108,9.9638
350348429,166.49481,11.301112,9.7802
350348510,166.48442,10.774751,9.9122
458612183,124.57719,10.965248,9.0206
312067795,139.90808,10.830138,8.7679
377156950,149.47005,11.767741,8.6193
407048740,144.09146,11.432561,7.1585
418172953,146.87202,10.844215,6.1637
397433690,180.27869,10.511428,8.65343
388842417,173.32478,10.213525,8.3563
312065750,139.84547,10.179639,9.15473
312065784,139.80083,10.025112,7.8559
312067615,139.94841,10.06019,8.5382
312067787,139.96756,10.816417,9.9075
377157154,149.67836,11.017521,9.9401
389403747,186.18625,10.421878,9.8667
380597713,175.6484,10.856598,9.2685
82597656,176.39043,11.961068,9.2067
350348197,166.26921,11.246608,9.18458
350346552,166.15198,11.219977,9.9339
350348213,166.29457,11.342278,9.7605
377156648,149.53331,10.031314,9.889
407048745,143.91978,11.546752,8.5987
397433982,180.4678,11.550384,9.1556
397480226,181.21492,11.642965,9.1354
407048636,144.01108,10.002697,9.8402
418173393,146.95168,11.130886,9.7741
72406522,178.90923,11.985831,9.26353
443900837,122.29632,11.201977,8.4928
366410249,126.36638,11.738612,8.2201
262753935,108.039856,11.29132,9.94
397435613,180.66284,11.877477,7.7501
411088794,150.11049,10.914365,9.3208
411088944,150.12723,11.781175,7.7163
411089203,150.27174,10.767746,8.5593
469021154,145.53236,10.426789,8.5156
350337634,165.72586,10.756141,8.7706
397435662,180.6249,11.50719,9.0101
388881304,174.09805,11.430208,8.8014
406325082,142.9361,11.651929,8.1792
392851103,159.11781,11.794023,9.1648
392851273,159.30006,11.019333,9.6995
397435351,180.58421,10.160236,8.6822
388881105,174.01108,11.36479,9.7685
443824410,121.13243,10.478519,8.5804
443845963,121.11147,10.082979,8.9161
443904556,122.34291,11.390115,8.3783
468988903,129.10019,10.59037,8.3324
468988915,129.06184,10.557187,8.6642
468989022,129.10706,10.272252,7.0875
366568046,127.673996,10.959465,9.3067
323596833,136.36263,11.258016,8.2646
406685261,143.42068,10.461661,8.0406
406140247,142.77074,11.858596,7.723
443904254,122.4318,10.829375,7.9997
468988969,129.08563,10.401583,9.1455
366568050,127.65763,10.966906,9.5343
393495087,160.4897,10.093903,9.875
393547738,161.40346,10.805346,9.258
418185431,147.08789,11.303427,9.3345
443904515,122.38646,11.312663,9.9327
443904362,122.417625,11.06155,9.8854
468987812,128.96034,10.430779,8.246
366576980,127.99493,11.453728,9.8011
393494899,160.49263,11.398365,9.3066
323596835,136.40947,11.250274,9.9934
469011556,144.54898,11.733506,9.423
393487149,159.9661,10.329912,8.8821
397558535,183.35808,10.2623415,5.6303
388881037,173.93091,10.911279,6.42604
335813325,183.27667,11.938398,9.1454
469020993,145.44936,11.175645,8.23573
350337157,165.57307,10.143297,9.27604
397558463,183.30466,10.821656,6.9517
397558558,183.37296,10.0416355,6.8503
406323644,143.08272,11.414342,9.74871
350337188,165.6491,10.327348,9.68457
406495475,143.24725,11.708378,9.4031
406495438,143.16945,11.378661,8.37049
389194907,145.78891,10.499831,8.10487
411154046,151.95633,10.834281,9.35938
377024032,147.20995,10.559008,9.00089
396948814,179.88794,10.6782,9.01935
397481655,181.32076,10.578335,9.7126
392796922,157.19112,10.881455,9.5871
405801209,142.26736,10.349069,9.37973
349945510,153.35825,11.338053,8.78192
271016017,116.30106,11.472501,9.2169
388089018,120.95516,10.398261,8.04447
388089056,120.92631,10.479846,7.8446
388089169,120.92998,10.667919,9.8575
388089612,120.888664,11.485245,8.5375
388089629,120.88663,11.508369,9.4674
366484561,126.898155,10.506546,8.3387
366484839,126.88112,11.253752,8.331
366485026,126.85221,11.825257,8.0181
366485177,127.01088,11.706443,5.70715
350022830,154.868,10.599382,9.0787
377128386,149.07399,10.260083,7.6018
377128691,149.15176,11.946589,9.5413
350033382,155.11145,10.1111,9.5032
349945571,153.45993,10.842041,7.0644
380671027,179.5456,10.426597,9.5406
380671112,179.56184,11.011081,9.60739
396948895,179.8851,10.155834,9.98653
365009416,164.44078,10.654402,8.7089
365009588,164.85924,11.895694,8.0804
437039215,132.8708,11.842536,9.5906
437039275,132.8591,11.897774,9.5722
437039324,132.93286,11.9451475,9.5921
437039441,132.95918,11.768589,9.9397
21273577,129.54718,11.966222,9.3577
405799667,142.25623,10.784598,9.5158
349945531,153.38205,11.183318,7.7196
458622988,124.89003,10.768877,9.7528
458681751,129.77728,10.410892,8.4458
366485066,126.88334,11.982062,7.8225
392844861,158.40807,10.184566,9.7383
312186850,141.16144,10.68899,9.8129
312186913,141.11722,10.994611,9.551
380669754,179.46141,10.054922,9.5472
388812935,172.6404,10.924058,9.9444
437039261,132.80289,11.878458,9.5835
437039466,132.93146,11.740689,9.8158
458623062,124.91617,10.935493,9.1503
458623095,124.95302,11.006338,9.6697
418159248,146.59674,10.370474,9.6079
349947000,153.53322,10.160977,8.9866
443822924,121.07708,10.821126,9.2312
405799639,142.3297,10.280166,9.3863
405801241,142.33487,10.795981,9.0596
364974792,163.70049,10.901825,9.4356
365009505,164.49103,11.356469,9.6046
365009362,164.43338,10.29812,9.4152
458682094,129.76593,11.403014,8.9514
458623153,124.94517,11.141676,9.4062
393565400,162.26102,11.7721615,9.677
364974351,163.5691,10.344907,9.5121
443886644,121.77472,11.805707,8.4664
69297326,121.736755,11.990781,9.0666
366576650,127.859276,11.5991745,9.1258
437026717,132.27791,10.815907,9.8081
458677513,129.57779,11.384556,9.2795
393567256,162.55946,11.08174,9.8082
20486544,127.91358,11.989025,9.6881
366576765,127.8834,11.9741335,9.9331
350043690,155.43246,11.458037,9.8558
69297304,121.74378,11.949909,7.9365
274141894,116.75034,10.115669,8.6172
366576261,127.887886,10.462541,9.7579
407050174,143.89467,10.257324,8.4704
407050256,143.90102,11.139107,9.7092
407050291,143.98792,11.475903,9.7011
16223330,115.295105,11.993488,9.3398
443822570,121.088005,10.2495985,7.04562
274142088,116.74855,10.387539,7.6546
274142572,116.78546,11.033687,8.0747
458677298,129.53326,10.866298,7.4771
323734157,137.87209,11.26263,9.083
366576668,127.817345,11.638409,6.26151
392848963,158.83495,10.889094,9.5875
392848973,158.85594,10.932793,8.75241
349947504,153.62738,10.768257,8.7452
437039723,132.98468,11.135908,6.43795
396734514,130.54373,10.438401,7.6808
366499544,127.164604,11.34842,8.4954
393496422,160.56947,10.355516,5.5614
443893586,121.99928,11.118282,9.201
366324167,125.61061,10.78323,7.902
366324459,125.61454,11.595893,9.6518
366325029,125.77971,10.93246,8.451
396734573,130.52113,10.229735,9.656
366500347,127.25788,10.410554,9.0022
366528875,127.46847,10.205975,8.56016
377130984,149.40085,11.386428,8.8101
405464625,141.5775,10.169836,9.7748
437039345,132.95564,11.894158,6.8843
366500386,127.25613,10.283254,9.1767
366499394,127.101295,10.921594,9.8917
443893507,122.02404,10.977148,8.9963
443853110,121.45473,10.469859,9.8447
320536391,120.11629,10.032872,8.3575
388082772,120.660995,11.864743,8.4991
459055638,133.12697,11.258989,6.9586
312065052,139.71965,10.717461,7.4571
312065539,139.81418,11.214287,8.4125
366350970,125.77936,10.0417795,8.5885
323495651,135.56877,11.080717,8.9356
366499132,127.08701,10.197991,9.3086
377108263,148.8463,10.111816,7.1464
312154540,140.9211,11.06233,8.9396
320536333,120.10416,10.142303,7.9189
271135232,119.06343,10.459185,8.5729
388082098,120.71616,10.624647,9.2831
388082101,120.740295,10.626735,9.8877
366499844,127.277374,11.847829,8.8422
377130550,149.25424,10.362813,9.3625
377130599,149.2342,10.595877,9.2875
388082128,120.68954,10.697119,9.2217
312065233,139.64253,11.543007,9.1874
377108458,148.8311,11.235239,9.4235
350022325,154.75609,10.3404875,8.8359
312154475,140.90881,10.780255,9.3246
312154664,140.88132,11.519203,9.7643
393547857,161.43011,10.021469,7.8282
392876475,159.51335,10.729256,9.3325
437039329,132.99802,11.918011,9.5732
323495638,135.4806,11.035395,9.61022
459055449,133.0774,11.74066,9.515
459055550,133.04572,11.530343,9.9273
392796949,157.16469,11.0191555,9.5566
418173554,146.92209,10.384944,7.6034
418173621,146.94133,10.074941,6.7654
443853184,121.423134,10.346737,9.9921
459055617,133.06898,11.327287,8.9795
459055771,133.08661,10.882287,9.8808
312154644,140.913,11.454843,9.6769
388834500,173.1422,10.903141,9.54848
350498608,177.2159,10.683894,8.45907
397554173,183.14377,10.771722,9.8473
350498771,177.30164,11.460093,9.3183
350498783,177.30777,11.588091,9.50337
388898537,174.23674,10.51051,7.75237
388898699,174.17789,11.669807,8.5674
388898818,174.32997,11.512429,8.92822
399044025,187.5332,10.098719,9.83391
283745924,134.26952,11.646989,8.66957
453124451,109.89019,11.819609,8.0769
264902570,115.57408,10.630958,9.048
389329790,183.92491,10.867647,7.4614
320418373,118.0239,11.160035,6.446
320419323,118.13271,11.327617,9.1047
453208264,116.91913,10.041999,7.2516
396846792,130.74129,10.357369,8.5604
458685810,132.01025,10.189776,9.0002
393529287,160.83058,10.11103,8.72111
350069782,155.72847,11.964223,9.7842
389236779,152.08357,11.515225,9.2207
393585453,162.91563,10.277284,9.7963
388803085,172.42307,10.417963,8.2121
388802533,172.24702,10.037927,6.5074
320419382,118.13878,11.247119,9.6077
429145858,123.5137,11.530143,9.3026
429146202,123.515656,10.772476,8.8817
458623525,125.08183,11.882711,9.6803
458623800,125.05073,11.253458,9.104
458624242,125.07717,10.25344,8.2442
458686781,133.86273,10.65603,7.9788
393529298,160.87733,10.173824,8.9033
350069555,155.71227,10.464661,9.6241
350069687,155.73907,11.238271,8.3927
389236848,152.0315,11.280858,9.2345
397535026,182.70314,10.08264,9.0909
380641223,178.87503,11.128317,9.3444
380641680,178.92447,10.354691,7.967
468988082,128.98834,11.080554,9.55091
388873089,173.71538,10.041425,9.7079
389419743,186.22723,10.265985,9.51478
350346526,166.2403,11.426432,9.8791
377108253,148.83507,10.0899105,9.8506
377108568,148.74657,11.848022,9.7622
393585237,162.94548,11.464305,8.1474
312155076,140.94682,10.751314,9.9357
264902936,115.61554,10.202342,9.1435
396846754,130.78082,10.230345,9.8801
389329740,183.90474,11.2918,9.0817
380641316,178.80885,11.681575,9.3374
290991456,169.52864,11.621176,8.9468
393529947,160.97307,10.076903,9.69881
392876491,159.4759,10.648504,9.5825
392817970,157.71481,11.257668,9.0674
320536397,120.0403,10.024191,8.8177
312189478,141.39478,10.191197,8.5179
271135370,119.12143,10.699335,8.46148
388082176,120.68088,10.788237,9.0356
334514325,123.27912,10.450841,8.80807
458655944,129.49684,11.449682,7.9866
312065584,139.74632,10.949888,7.9121
364962541,163.37427,10.204514,9.4286
312154521,140.8351,11.000997,9.2838
397519113,182.43094,11.89434,9.4182
389357907,184.97781,10.484351,7.8718
350438153,167.44495,10.667626,9.4982
389357962,184.91766,10.0245495,8.22469
373673853,174.07773,11.999102,9.75925
411187534,153.34424,11.272875,9.7269
350437663,167.35062,10.24063,9.8168
468993299,144.39148,11.110099,9.55545
290975757,169.19716,11.843025,8.56766
323658927,137.11017,10.269212,9.60208
323710162,137.45697,10.490499,8.3398
396931970,176.25233,11.54089,9.24955
396932137,176.4814,11.370879,8.94302
290975932,169.2282,10.5885315,9.5938
393529758,161.02011,11.200961,9.7754
396932015,176.35638,11.818449,9.8775
290975662,169.05873,11.5684395,9.7451
350136475,156.73961,11.261108,9.6715
443905245,122.5312,11.25,9.4759
271135737,119.04693,11.351117,9.3538
271135906,119.07854,11.684197,9.3647
271136602,119.20076,11.132406,7.9947
458612147,124.59127,11.040557,9.5031
458612540,124.56702,10.276639,8.4106
312189853,141.39738,11.678885,9.4998
312190331,141.52985,10.171441,9.6158
411101472,150.57065,11.173615,9.984
453188976,111.097855,11.871324,9.7256
234452590,113.82258,10.139903,8.7459
270046250,114.76824,11.871052,5.7972
271135561,119.1387,11.04581,5.7072
234452885,113.87786,10.428869,9.1705
453188408,111.047615,11.297906,9.6189
234485479,114.27579,10.537737,9.063
271136205,119.21191,11.797731,9.2527
458593739,124.40194,10.837216,8.63611
458612120,124.55834,11.086584,7.6835
458612524,124.634285,10.301942,9.5672
323525602,135.91312,10.6473,8.3492
61128243,154.82765,11.98361,8.1482
364962339,163.36447,11.557353,8.3612
411153616,151.8427,10.68534,9.6865
411153687,151.78171,11.064339,9.45624
323525493,135.86285,11.024987,9.2167
270045863,114.67384,11.426317,9.48191
270046919,114.83674,11.477765,9.97706
458581443,124.140945,11.72624,6.8629
264411580,109.00405,11.9725275,7.2834
458581997,124.072815,10.6442585,6.4915
366355413,125.980034,10.632062,4.49628
366657647,130.27765,11.170674,9.9685
458686048,131.97334,10.88216,9.2669
458650402,125.47344,11.801194,8.6695
444005011,131.62479,10.172535,8.9169
444005383,131.6082,11.248084,9.6452
443885897,121.77777,10.395077,9.7755
323713039,137.77336,10.797961,9.5861
323736794,137.99576,11.422438,9.6917
444041636,135.0216,10.635283,7.9456
311991437,139.28426,10.147237,9.649
392876528,159.52904,10.465094,9.8476
392794813,156.99146,10.737985,9.4203
443886210,121.83119,10.921708,8.0457
458651152,125.528,10.348975,9.4755
444005821,131.78262,11.419669,6.1033
393545315,161.1085,10.374806,6.3679
234410419,113.38572,10.177936,8.4459
234410523,113.362434,10.284075,9.3533
234455236,113.937935,10.908522,6.8225
443859266,121.47728,11.533962,8.1821
443885977,121.743675,10.532482,9.6748
265020268,115.88584,10.06729,8.1191
265020472,115.94066,10.29561,8.6975
265020650,115.95135,10.514481,9.6023
291008765,169.89433,10.075539,9.23874
406867526,143.79257,10.261634,9.4815
366657624,130.2598,11.095696,8.5737
444005218,131.68744,10.762658,8.7988
444005282,131.6852,10.951335,8.201
392835343,158.33273,11.584192,9.8867
411151546,151.63376,11.01823,8.8574
392794966,156.92648,11.629353,9.4752
406867596,143.76689,11.154891,8.49376
406867639,143.85268,11.727155,9.5102
407048693,144.09047,10.567156,8.54389
406867543,143.78244,10.544669,9.756
411171921,152.32574,10.683006,9.4746
389356232,184.64122,10.868599,9.3081
377046316,147.70528,11.842421,6.90269
392850993,159.17946,11.02194,8.0079
377046596,147.73677,10.882491,8.24555
397582728,183.58748,11.819275,8.70001
291109075,178.59479,10.049077,7.56776
291007433,169.7148,10.596505,7.343
291007504,169.73053,10.20505,8.68245
291057788,170.68718,11.583931,9.20445
291007291,169.67374,11.655822,9.40274
291007310,169.75703,11.538153,9.5739
388842027,173.25987,11.20055,9.82688
377157162,149.664,10.960466,7.1623
312067626,139.96388,10.09145,9.2485
312067805,139.85278,10.886342,9.02259
389403707,186.19588,10.717155,8.56131
380597525,175.66966,11.864038,8.19008
397433815,180.33948,11.324539,9.5368
388842280,173.41493,11.077677,9.2169
377108712,148.86679,11.392744,9.72571
377157097,149.61055,11.443532,9.77759
393547325,161.30028,10.518519,9.5446
380597395,175.51114,11.461332,8.9668
397480334,181.20732,10.832477,9.8885
234411258,113.324585,11.035653,9.7506
323658126,136.9367,10.668202,5.31448
234483120,114.152596,10.782587,7.4933
458682744,131.83087,10.665527,9.3842
437030764,132.45903,11.425885,9.1778
350428766,166.7961,10.914004,8.6851
350440190,167.64409,10.1906,9.7927
350447293,167.88147,11.051379,9.6116
377096352,148.40605,11.657699,8.416
388873514,173.88297,11.188607,5.7287
294526293,122.300064,11.983454,7.6916
443894029,122.122406,11.938019,7.5856
366527336,127.344955,11.581411,8.4774
458682748,131.87209,10.658391,7.721
323570044,135.99097,11.1527815,7.0955
323570568,136.14934,10.850169,6.49595
364955073,162.99942,10.877009,9.4365
364955134,162.99641,11.357178,6.9357
350020532,154.57379,11.831783,8.7654
411123040,151.08868,10.597448,9.5705
389205946,146.01192,10.743634,8.1506
389206659,146.16595,10.350026,9.0409
380618292,175.8364,10.423545,7.8398
380618387,175.85164,10.985146,8.1297
350428765,166.79816,10.913378,8.4006
290904964,168.05736,10.388066,8.2289
290904977,167.97865,10.273634,8.6902
437030566,132.51001,11.923566,8.0531
393488588,160.11975,10.288478,9.4848
389427755,186.53618,10.250135,9.8159
443900336,122.2593,10.300539,9.6413
444041112,134.9464,10.976066,9.8142
411123355,151.16963,11.595447,9.4004
411123436,151.1849,11.03595,8.7028
366355125,126.09151,11.472257,9.40183
311988122,138.90611,11.16075,9.6455
380618608,175.99268,11.714791,9.8576
380618618,175.93216,11.629835,9.5158
350517028,177.59618,10.752116,9.517
350440163,167.6858,10.367335,8.0018
388873371,173.70798,11.825303,7.1112
469011464,144.48984,11.329226,9.4995
468988512,129.13078,11.703566,8.155
406140135,142.6493,10.601736,7.8603
406141635,142.75523,10.155387,7.81356
411123504,151.2226,10.621727,9.12734
443904161,122.391075,10.650503,9.2638
377157256,149.61974,10.424592,8.73732
377157328,149.6171,10.047553,9.29529
406140101,142.81587,10.2782135,7.9586
418185281,147.13696,10.486883,9.85141
418185529,147.05211,11.76504,9.3246
406685349,143.59367,11.530366,8.94075
468988443,129.11716,11.854998,8.4005
406140096,142.69817,10.274474,9.71263
469020370,145.39423,10.359214,9.63472
468988616,129.09485,11.385741,9.66718
443904191,122.3221,10.694148,9.8212
366577147,127.96505,10.932834,9.9064
443893742,122.034645,11.424643,8.8927
437030530,132.39441,11.857139,8.352
393488571,160.05284,10.1974535,9.8933
290927596,168.16476,10.3869705,9.726
443851702,121.26076,10.996492,9.1932
269902681,114.35091,11.842173,7.9251
411122991,151.10323,10.322589,9.9671
207276377,110.43414,11.411178,9.4075
269902807,114.32038,11.664888,9.2459
350429151,166.88026,10.704786,9.94492
443859727,121.598434,11.506756,8.9925
468983126,128.72769,11.131536,9.2021
366622718,128.11342,11.00682,9.2099
388014232,120.28578,10.423524,8.2551
323686617,137.26656,10.007008,9.7947
388014054,120.30997,10.749689,9.3517
388014477,120.33955,10.017268,9.9369
323492725,135.42601,11.568687,9.886
323492844,135.425,11.182076,9.3622
266476353,138.26184,11.774739,8.2165
366622779,128.09703,11.18466,9.4089
366622788,128.1568,11.212576,9.9032
311967560,138.7008,10.310732,9.6372
311967581,138.7411,10.404239,9.3459
311968290,138.78754,10.382404,8.4909
364955529,163.12277,10.493757,9.9856
312070390,140.20099,10.222163,8.3373
312090020,140.26161,11.92522,7.9402
234376426,112.65036,11.870765,9.6253
207276061,110.50148,11.69077,9.2705
425173057,111.47781,11.046637,9.8446
264902158,115.526596,11.157878,8.7007
388013899,120.305084,11.00782,8.8062
468983002,128.66461,10.836578,6.88132
323476282,135.32935,10.519067,8.7205
444034186,133.40483,10.897839,7.6856
257216852,137.05234,11.948201,6.4771
444009479,132.15434,10.43303,4.99908
444009876,132.07506,11.584036,7.52091
311967832,138.67079,11.496803,6.6503
311967890,138.66771,11.744311,9.0719
311968014,138.86275,11.686258,7.3297
312089751,140.12372,10.969669,7.4527
323596501,136.20418,11.555236,8.6085
392847184,158.60005,11.858768,9.11907
405645984,141.92068,11.418709,8.3722
350339471,165.9194,11.485008,9.0371
264900488,115.400345,10.825474,9.8756
323596506,136.23991,11.572483,8.056
271096678,116.58499,10.228809,8.8406
377128466,149.09254,10.665389,8.7327
393559435,161.65268,11.184124,8.6833
312109978,140.46489,11.092177,8.9268
405466100,141.76936,10.120292,9.74573
290929359,168.38536,10.848321,9.36396
290945606,168.55548,11.858168,9.11175
389356349,184.69783,10.1038685,8.87002
323596469,136.21112,11.42305,9.80391
312067948,139.87128,11.503672,9.9775
405466080,141.62228,10.216808,9.7522
290945770,168.57034,10.611499,9.8347
320417760,118.058586,10.24547,8.1434
320417903,118.04632,10.483638,9.2594
453209306,116.89341,11.487422,9.732
364962111,163.22365,10.870132,9.69143
366527933,127.46725,11.598938,8.8269
396734533,130.57811,10.387683,9.1618
323496113,135.7016,11.099873,8.62317
366499366,127.17889,10.83531,8.95042
366623694,128.16612,10.066009,6.47285
312024505,139.46397,11.501146,6.3315
377130764,149.23314,11.582225,9.3716
393496377,160.63495,10.025507,8.82417
366324506,125.62216,11.707821,9.86089
366324773,125.8395,11.61963,9.52442
311926031,138.3501,11.94653,9.7466
366324030,125.62277,10.476743,9.3965
312024375,139.39394,10.930204,9.8177
377130956,149.42947,11.502526,9.6532
444010620,133.1685,10.33419,7.0267
396873215,134.24597,10.8526,6.6402
443965767,130.06001,10.908494,8.8964
271096183,116.51389,11.010579,9.8475
234455133,113.95011,11.02074,7.8167
269972578,114.442,11.934907,9.9861
311987912,138.97626,10.088574,9.3347
377065523,148.36208,10.967086,8.458
234378003,112.71492,10.4180975,9.6391
421053233,112.20512,10.416815,9.6102
421072112,112.13073,11.205248,9.5423
270095559,115.00911,11.08937,6.5509
270095849,114.96444,11.43305,9.8965
270096888,115.02395,11.347324,9.5386
388050677,120.42842,10.707128,8.9695
443955039,123.6742,10.206983,7.5116
443955154,123.71375,10.403777,8.8443
366631362,128.3374,11.071676,7.9723
377065575,148.33769,11.170744,7.9884
270096501,115.07461,11.821079,8.31072
388050558,120.44338,10.486441,9.5393
234388510,112.97889,11.744206,9.8308
234377772,112.74815,10.665752,9.5715
443894401,122.153046,11.231879,8.3376
444000702,131.4465,10.820904,9.8607
393561024,161.79839,10.230521,9.3929
234377846,112.78278,10.585923,9.5275
270094856,114.955894,10.319839,9.8316
271207053,119.58999,11.594999,8.3796
270094831,114.9431,10.289413,9.3515
444000507,131.40277,10.319003,9.7026
393561140,161.77875,10.926407,8.683
334476309,122.93631,11.183437,7.60147
323492976,135.3449,10.732924,8.2855
323710430,137.44344,11.564378,6.1192
283785572,134.6217,11.857652,4.1736
311987975,138.95642,10.373947,7.78328
393561587,161.94357,10.443525,7.8248
334476329,122.93336,11.239594,8.5427
396734013,130.44246,11.974888,8.6941
444000733,131.3617,10.912985,9.90826
283785143,134.683,10.369542,9.0681
270095721,114.92278,11.29228,9.36488
271207085,119.54117,11.646413,8.72968
270096411,115.07783,11.980002,8.6686
377128872,149.17133,10.764115,9.19703
443955019,123.7427,10.176936,9.86803
323710333,137.45557,11.141598,9.6934
311987949,138.95787,10.225236,9.4957
377065568,148.35161,11.151055,9.5865
334416420,122.969864,10.46763,9.7256
323493056,135.37276,10.458404,9.89982
283769041,134.39745,11.816732,9.79704
366631208,128.35428,10.57685,9.5455
392849045,158.94838,11.365027,9.449
444001291,131.49097,11.419482,8.3691
393567316,162.5111,11.456317,9.8906
443886875,121.94923,11.671693,9.25297
407229939,144.12138,10.846266,7.69739
349947062,153.55132,10.507887,9.06772
17596891,117.21464,11.978663,9.6444
392849271,158.99289,11.278848,9.40863
350043856,155.65599,11.484744,9.2377
366481140,126.82411,10.117914,9.6649
262752238,107.958336,11.259282,8.5719
421073217,112.30354,11.581262,6.10898
271095852,116.518425,11.503873,9.7907
271095984,116.5335,11.31725,8.9097
366354306,125.894585,10.29224,9.6155
366410061,126.45308,11.208123,9.1318
366410298,126.395546,11.874598,9.1428
366444018,126.65771,11.7924385,9.5601
396847601,134.02545,10.957751,8.2795
396847642,134.05495,10.809561,9.6845
366354855,125.90167,11.846737,9.9382
393494697,160.31104,11.227208,9.67306
389427799,186.45955,10.641916,8.8571
366443426,126.616035,10.080371,8.4642
443996598,131.2013,11.36641,8.93051
437030967,132.44313,10.866332,9.0682
437031208,132.4321,10.073674,9.37098
411186006,153.14203,10.297496,9.2044
377061697,148.06673,10.006173,9.0603
350516717,177.52812,11.033585,8.886
393494603,160.39777,10.604785,9.44486
377061712,148.01718,10.068204,9.70561
411091235,150.54825,10.810313,9.62897
396950361,180.03143,11.870535,9.3469
350435801,166.99557,10.197322,9.77038
396847707,134.1166,10.520671,9.8867
366444583,126.79979,10.737071,9.3897
334516124,123.40931,10.197247,9.1578
366409831,126.396385,10.489442,8.81988
366410730,126.52875,10.942221,8.44752
271096331,116.567505,10.768251,5.2358
443912135,122.60769,11.804495,8.96644
443901255,122.26147,11.9371605,8.97259
443966011,130.06613,10.344713,9.13123
366354652,125.90863,11.271413,8.73397
366444455,126.707596,11.025117,8.61113
396847654,134.10919,10.75957,9.4238
443901218,122.25559,11.850421,9.78923
334516010,123.39984,10.380662,6.7
334515853,123.301636,10.652594,7.4539
264982171,115.66183,11.848529,9.5555
274142627,116.84208,11.123103,9.0845
274142815,116.832115,11.396561,9.0268
443950199,123.6332,10.188303,6.50634
468993029,129.2212,11.692955,8.5975
444038068,133.70775,10.756632,8.9678
262753577,107.965866,11.608495,9.4426
262753606,107.98284,11.581582,8.79294
207274574,110.33144,10.903559,9.5278
207274710,110.36448,11.011841,6.8855
262753594,108.04213,11.592118,9.786
262753917,108.01325,11.30629,8.8966
294500790,110.43524,11.917976,8.7941
207326104,110.72076,11.302673,9.9845
207326923,110.709335,10.546675,8.2256
264982836,115.78228,11.325247,9.4744
264982929,115.83782,11.213187,7.1756
443894894,122.16504,10.384339,9.6219
443912759,123.555626,10.746011,8.0195
458678397,129.73846,10.145769,7.2356
291089213,178.09583,11.811878,9.5848
443822518,121.06275,10.175874,9.8722
264983407,115.8276,10.649633,9.682
264983498,115.831055,10.557135,9.4606
443912724,123.61739,10.831142,9.3056
468992433,129.15787,10.0994005,9.3578
427537184,117.20087,10.326638,8.8478
437038436,132.88832,10.095568,9.6794
427537246,117.111755,10.41453,9.3578
437038653,132.86783,10.772021,9.85923
430244731,135.12082,11.423352,9.9912
311965240,138.54137,11.656292,8.0799
311965321,138.60687,11.288583,9.7649
377098621,148.69676,11.765841,8.3371
269903988,114.388145,10.21809,9.7373
379924489,116.47814,11.086615,9.8858
264981423,115.63023,10.946899,9.7226
264981641,115.72247,11.211328,9.5897
274143051,116.82031,11.758992,8.0056
444037955,133.69783,11.155965,8.95
458677760,129.73843,11.822828,9.4638
264982510,115.77615,11.711497,9.2144
264983690,115.86147,10.336705,9.4963
264981744,115.70986,11.327094,8.2902
234413255,113.55698,10.82433,7.8228
425170941,111.300865,10.7129755,9.463
425171117,111.3107,10.9046135,8.63564
264982894,115.79662,11.253144,9.11596
274143099,116.78306,11.828267,9.98049
468992949,129.14998,11.486844,8.95588
444038054,133.63896,10.806385,9.1958
437038823,132.83272,11.368074,9.36777
269903920,114.32854,10.303231,7.5808
269904149,114.39251,10.036377,8.262
427537774,117.174614,11.14297,8.4853
323495408,135.56372,10.105871,8.0406
458649620,125.47317,10.06435,6.91723
283785662,134.7557,11.722917,9.409
425171134,111.3182,10.926101,9.79372
443912647,123.64887,11.022776,9.8233
443912649,123.64356,11.02174,9.897
458677860,129.69406,11.547046,9.72893
264983502,115.78007,10.5506525,9.7971
443912509,123.64509,11.326108,9.9991
444038142,133.74068,10.553445,9.96148
264411736,108.96031,11.799501,9.1958
264597382,109.39919,10.828949,8.0067
220586381,117.347855,10.767868,8.3076
220586497,117.34097,10.95572,9.8074
220586581,117.346886,11.066472,8.40926
234484714,114.201706,11.375323,7.2827
234484903,114.1758,11.187863,7.974
265021458,115.888245,11.531629,8.189
468937947,118.70676,11.297252,8.4945
207274647,110.396095,10.958262,9.463
468938436,118.75688,10.615989,9.8944
458581790,124.13683,11.043604,6.25103
458581949,124.08991,10.721177,9.8682
458582024,124.13533,10.5802,9.8026
444013542,133.2863,10.147774,7.8526
458650736,125.595184,11.262638,9.4721
458650794,125.49523,11.123236,7.9358
458651008,125.59795,10.661789,6.88406
458651017,125.53956,10.647745,9.3144
366395504,126.0715,10.217369,9.4642
366395554,126.02395,10.085725,8.1591
443970869,130.9668,10.61359,9.2784
443970940,131.01845,10.410886,7.895
443971000,130.97787,10.281985,6.8571
800613378,123.39187,10.847592,8.7096
468978033,128.49945,11.371842,9.8273
366657979,133.98145,11.626027,4.23322
444033572,133.38815,11.2136965,9.9797
421044375,112.04089,10.370247,9.9579
444013724,133.35434,10.680759,8.9599
220586800,117.42641,11.380136,9.8927
234484400,114.26997,11.749226,8.3178
234485244,114.28457,10.795721,9.4741
265021025,115.92022,10.991177,9.326
444033697,133.35287,11.52511,9.6216
443970908,130.9953,10.499368,9.5815
421044433,112.00061,10.304554,8.9617
468938598,118.76566,10.384669,8.4413
468938604,118.75111,10.379321,9.13009
458581889,124.05989,10.842096,8.34046
444013584,133.34924,10.2620535,9.1691
444033547,133.37558,11.15148,8.15515
366658248,133.9084,10.541465,8.75584
444005911,131.79543,11.162967,8.49453
444005912,131.79582,11.159508,8.31238
468968754,128.49188,10.586169,7.26493
468978126,128.47386,11.596908,9.70029
220586860,117.38743,11.471923,9.8542
265021415,115.87331,11.472593,9.6659
264412765,108.94856,10.928227,9.55952
234484083,114.129585,11.965023,9.9188
234485156,114.22325,10.905499,9.40699
366395561,126.06484,10.063226,9.7787
437039689,133.00853,11.227121,8.94107
437039715,132.92154,11.161713,8.97372
437039750,132.95357,11.056196,9.80625
271016678,116.253365,10.547152,9.4693
388089814,120.94119,11.849616,9.38809
458681989,129.82004,11.149841,9.20875
366484980,126.896935,11.667474,9.15722
405799714,142.17761,11.478235,9.20904
405801277,142.39607,11.438071,9.26676
350043652,155.53954,11.310242,7.0662
364974921,163.62411,10.070521,9.36858
365007774,164.22107,11.949222,8.9511
365009620,164.86365,11.633673,8.35371
389403325,186.0694,10.291921,8.9451
393565194,162.31429,10.545201,5.29582
443970140,130.9327,11.262304,8.3406
366484437,126.8509,10.197915,9.22023
349986779,154.26135,10.113479,9.6653
349986780,154.26224,10.114361,8.8203
377128487,149.02728,10.787818,9.2982
312186786,141.1347,10.440027,9.3597
312186905,141.18358,10.940888,8.5149
312187487,141.25931,10.415182,8.7425
393565125,162.26358,10.157904,7.20281
393565171,162.26242,10.424146,9.3466
380669740,179.43303,10.123421,8.37594
388844000,173.54092,11.414339,9.2385
271016795,116.30747,10.387337,9.95386
458681741,129.84755,10.375611,9.5806
349947158,153.52507,11.090156,9.73684
271016622,116.30882,10.625686,9.93115
437039953,132.9453,10.378832,9.5081
234410917,113.42635,10.672337,9.24
234454176,113.873314,11.829347,8.9121
427539656,117.30601,10.137585,7.6181
269971520,114.42517,10.593733,7.6123
269973375,114.60708,11.143524,8.2679
16380794,116.14795,11.927477,7.8921
349945507,153.40446,11.352316,9.5383
234410851,113.36518,10.6031275,9.8497
234454785,114.02014,11.421319,9.9036
234454874,113.94957,11.33369,9.9014
269971081,114.4936,10.084771,9.1956
427539757,117.21177,10.032253,9.7077
444041705,134.98904,10.271916,9.646
312024269,139.37431,10.439374,9.7447
234454201,113.83158,11.856339,7.98677
269971559,114.465225,10.634075,9.20178
269972499,114.51717,11.821603,9.50867
269973402,114.564896,11.117555,8.419
312187295,141.21422,11.314814,9.5827
269971918,114.50187,11.077047,9.8117
365009656,164.85576,11.367541,9.90901
429146102,123.51886,11.003979,8.70411
458624324,125.096375,10.072749,9.35876
323524913,135.78226,10.834395,9.0144
323524934,135.7604,10.897953,9.21982
350069473,155.776,10.03479,9.13216
411120945,150.84866,10.754246,9.20036
411121069,150.89273,11.430022,9.68291
393585418,162.89159,10.497307,9.6475
388802530,172.3005,10.005368,9.78187
397519199,182.40259,11.211578,8.0222
291007040,169.6466,10.601423,7.5446
458686670,133.83737,11.027011,9.29192
323524959,135.78693,10.994887,9.36632
293410106,131.51003,11.977649,9.4826
350043680,155.44737,11.405627,9.79424
397519206,182.39948,11.191954,9.47199
291006970,169.60513,10.158795,8.87871
320418575,117.98959,11.501173,9.97082
320419591,118.06387,10.936564,9.7183
458624342,125.080086,10.036205,9.876
320418515,118.019775,11.409744,9.49447
458623637,125.02453,11.628557,9.7039
323524696,135.7488,10.035636,9.9735
320474694,118.170815,10.666774,9.6266
388802888,172.38765,11.641548,9.8049
421006464,111.90833,11.073833,9.7009
234443043,113.74198,11.905943,9.26432
234452708,113.881966,10.253321,9.86807
61128245,154.83357,11.965949,9.79336
364962382,163.41588,11.313826,8.67591
270047467,114.777405,10.763688,7.6251
312189805,141.36383,11.48584,8.9265
468957015,119.006004,11.800369,9.07946
271135468,119.083435,10.864856,7.83197
271135925,119.06978,11.724903,9.11648
271135942,119.11564,11.748999,7.8841
271136270,119.23685,11.6883335,7.7318
458611838,124.53467,11.656846,8.07842
323525424,135.9523,11.289763,8.93217
323525687,135.84402,10.303335,8.6041
207309614,110.716965,11.904889,8.1277
312189580,141.41904,10.570804,8.78447
411101290,150.58679,10.100936,9.09235
234400757,113.22895,11.220708,9.5516
458612322,124.58241,10.706836,9.5787
458612444,124.536896,10.4562025,9.3586
312189985,141.51608,11.766567,9.8688
234411845,113.37343,11.680695,9.4173
411153992,152.0034,11.157503,9.45107
234443857,113.73136,11.016843,6.4415
234443893,113.74777,10.961228,7.6329
207308714,110.57059,11.24815,9.4893
207308995,110.589966,11.495947,9.0143
247123811,112.941246,11.901562,9.6809
440800221,109.17691,11.925804,9.1773
440800277,109.31028,11.936537,9.57619
334382361,122.79672,10.544001,9.3702
334382424,122.75696,10.689469,8.4516
458593542,124.39557,10.444799,9.45007
458612398,124.52731,10.553074,9.8436
323525302,135.90836,11.723976,9.7885
411153665,151.86847,10.965018,9.5273
207309315,110.6379,11.837666,9.1421
334514726,123.20054,11.184683,7.299
334515224,123.40215,11.769694,9.6037
468927683,118.19927,11.056697,8.8504
468927884,118.2041,11.341115,9.16
334515275,123.37747,11.700702,8.70329
334515360,123.311646,11.542903,9.7896
334515482,123.31537,11.317528,9.4504
334516203,123.33929,10.077583,8.5982
458622693,124.917175,10.113318,9.8685
323639813,136.79648,10.624792,9.1812
443851400,121.253784,10.500006,6.48088
468957770,118.968094,10.708333,9.7174
334515091,123.27876,11.879787,9.5108
323639659,136.80423,10.111123,9.17646
334515749,123.39247,10.847156,6.8094
468963439,118.917145,10.250167,9.0996
425172989,111.47599,11.100069,9.71423
274204490,119.304665,11.426487,9.09688
323476500,135.24255,11.308939,9.60072
366622444,128.11552,10.230531,9.07158
366622859,128.124,11.425247,8.64605
366623285,128.27074,11.268176,7.33248
468983199,128.76752,11.283716,6.9748
274204410,119.29256,11.557573,8.9063
468983085,128.71901,11.039491,9.3517
468983464,128.82674,11.885569,8.79451
311967537,138.68253,10.215308,8.94683
311967960,138.81036,11.945892,9.2968
311968110,138.81343,11.2150545,9.0541
364955360,163.21036,11.287537,7.80785
312089862,140.11661,11.523018,8.23456
364955596,163.15956,10.153614,9.3457
443860310,121.63481,10.482503,9.62432
264900592,115.42425,10.937928,9.7653
323492816,135.40523,11.249282,9.9029
323687115,137.29051,11.824432,9.9608
425172744,111.38473,11.344722,9.6425
425172829,111.371475,11.263889,9.488
234411236,113.36453,11.011715,4.6284
234411674,113.38818,11.458763,7.4565
311926283,138.34967,10.306081,6.86955
234441220,113.5763,10.101387,9.8214
234441353,113.61001,10.23877,8.293
234443684,113.77579,11.220647,7.508
234411126,113.41052,10.897813,9.3327
234411204,113.326904,10.977942,9.3351
234411374,113.37653,11.16673,9.3337
270982141,116.075356,11.875768,9.7336
270982605,116.090904,11.206952,9.3946
270982836,116.11182,10.855604,8.5586
270982849,116.05282,10.829181,9.1632
270982965,116.08633,10.657307,9.0271
358708696,118.66462,11.799596,9.2506
366568582,127.79333,11.350485,7.7043
366568640,127.77641,11.186082,8.01504
311926192,138.35881,10.82792,9.0725
437034592,132.57756,11.407853,7.7978
270982818,116.01333,10.875165,9.7854
366568842,127.79743,10.584803,9.7408
311926067,138.31808,11.671172,9.9772
270982935,116.06492,10.706811,9.0475
358708143,118.63814,10.896132,8.571
444037786,133.7216,11.706179,8.1862
358708349,118.6192,11.222193,9.6559
437034830,132.57614,11.922558,9.0273
437034414,132.6103,10.914698,9.3996
437034806,132.55125,11.856806,7.3543
444037762,133.65501,11.787165,8.7204
458685877,132.01033,10.399059,9.5489
358707962,118.61885,10.616523,9.338
358708044,118.59823,10.738145,9.5459
444037843,133.75954,11.532315,8.503
234455215,113.93243,10.925001,9.7961
234455489,113.95642,10.622269,9.567
234455629,113.9546,10.473721,8.29314
299649402,117.756355,10.422029,8.5724
366398970,126.18519,10.372578,8.1018
366399137,126.18773,10.797767,8.4728
366399204,126.12337,11.02776,9.1685
366399266,126.19334,11.19616,9.8153
366399399,126.153694,11.58935,8.2143
366399958,126.25179,10.917556,9.13162
323522418,135.62389,10.311501,8.3358
323522461,135.63956,10.145077,8.6217
283768645,134.4121,10.522652,7.8576
283768748,134.4,10.853223,9.5435
437039060,132.82286,11.756309,8.4997
437039114,132.8746,11.788021,8.489
437039134,132.84502,11.800494,9.5318
366657853,130.3259,11.933471,9.0079
437039141,132.82124,11.804494,9.2134
323600109,136.62357,11.603172,8.8203
444010358,133.24962,11.12373,9.7548
444010527,133.15685,10.5850315,9.1053
366398857,126.19761,10.119089,8.6167
366399447,126.12816,11.726568,9.7695
366399468,126.136154,11.799403,9.4736
366400196,126.22198,10.26887,8.7008
444010359,133.18004,11.123273,9.55626
396873189,134.23254,10.737387,9.8056
366398968,126.17175,10.37028,9.0056
283768729,134.46355,10.814309,8.01311
366399025,126.15232,10.523544,9.15
366399449,126.21497,11.742124,8.66103
283768489,134.48383,10.088339,9.74513
299649395,117.78694,10.408858,9.6536
366398996,126.13185,10.457032,9.49495
366400107,126.31591,10.504887,9.74114
299649254,117.7343,10.133983,9.38386
21184455,128.63577,11.97846,9.8876
458656489,129.49203,10.048206,9.3727
396742965,130.66838,11.514569,9.8599
323496222,135.68333,10.675262,9.8731
234386721,112.84208,10.262632,9.4713
234387127,112.91901,10.729842,8.2151
443955800,123.70574,11.587254,9.7843
443965249,129.9738,11.61127,9.16291
234377281,112.7866,11.20298,5.29461
453187703,111.097534,10.562133,9.5648
264983806,115.811195,10.200585,9.1558
264983844,115.815186,10.15012,9.4626
443894813,122.12969,10.527111,8.2462
387977352,120.13845,10.065811,9.1839
388012382,120.16165,10.312676,8.8753
388051469,120.5637,11.917602,7.9733
443956394,123.88188,11.110759,9.2352
459055940,133.05283,10.326039,9.8701
323525169,135.78375,11.836852,9.8253
350020298,154.46742,10.545438,9.9049
265020866,115.88304,10.78899,9.5838
443885699,121.75415,10.026149,9.9389
458650075,125.45773,11.042229,9.3708
392835008,158.20282,10.290925,8.8598
411151453,151.60448,10.429524,9.9543
469017216,145.09088,10.224218,9.6064
366657411,130.2354,10.422382,9.49503
458686206,132.05458,11.358765,8.82326
234455312,113.94242,10.808405,9.08916
443885762,121.79978,10.146984,8.19265
366657610,130.32019,11.048746,7.44034
444005166,131.60207,10.592026,6.84556
377063703,148.16985,10.348683,9.51922
411091340,150.4452,10.215938,8.66844
393545461,161.08997,11.33561,9.2538
16051592,114.53094,11.891976,9.5377
437039930,133.00421,10.439263,9.3277
444010146,133.25252,11.683382,9.6173
443956255,123.88834,11.430947,7.0785
443965212,129.96164,11.522673,6.7992
443894764,122.19098,10.608711,8.9199
443956260,123.88066,11.4263115,8.6711
388012501,120.20479,10.496717,9.17478
388012649,120.19659,10.704024,8.69533
443965709,130.01921,11.053176,8.50421
443965230,129.94182,11.565917,9.6016
443956625,123.78341,10.674878,9.6587
468937241,118.52952,11.588179,9.5028
388051279,120.48157,11.744403,9.8885
468916105,118.27496,10.208246,9.3262
468927421,118.279305,10.703207,9.1563
388051242,120.39286,11.699104,9.8645
334476921,123.122345,11.453944,7.4447
334476968,123.10404,11.368654,9.684
334477467,123.10155,10.463773,9.3099
334477619,123.10799,10.150698,9.7569
458611439,124.46438,11.386131,9.676
458611598,124.41517,11.717739,8.7688
334477066,123.16041,11.191113,6.2887
264478700,109.15719,11.330325,9.9617
264479236,109.098076,11.782158,8.7099
16326334,115.86269,11.886081,8.2156
468916241,118.199455,10.384634,9.8957
388051197,120.37748,11.625259,9.5491
334476894,123.16012,11.4968405,8.6748
458611697,124.496925,11.951275,9.55883
334476824,123.13095,11.619435,9.3378
468937701,118.73434,11.669265,9.7942
334476997,123.074936,11.310442,9.67
234442119,113.6558,11.090032,7.1401
220579266,117.0244,11.23521,8.3251
247055710,112.20035,11.912057,9.5057
26638820,108.21103,11.921336,7.1843
458655031,129.34995,10.058463,9.1064
26638854,108.19163,11.983967,9.1501
247085813,112.42504,11.903994,9.192
437030651,132.48674,11.692496,8.6769
396733537,130.38965,10.333661,9.841
421126505,112.365654,10.368504,9.8424
421126691,112.3639,10.59092,9.6801
421126923,112.40094,10.827392,9.2488
270045335,114.674995,10.783638,8.5285
323640319,136.88737,11.444078,8.2187
468987819,128.95572,10.444447,9.125
271017017,116.349236,10.108875,9.3312
396733650,130.4202,10.739154,9.9786
264310108,108.76427,10.945105,9.4596
264310113,108.777596,10.942655,8.9557
358544623,110.76319,11.046206,9.8933
421128283,112.49101,11.659608,9.2981
437030830,132.48004,11.252859,7.6238
458655349,129.3054,10.952074,8.0549
421128119,112.5235,11.863517,8.04605
421128371,112.582825,11.566261,8.7302
458655027,129.34325,10.048983,9.3539
425216232,111.68023,11.770433,8.2707
425210016,111.49542,11.688857,9.0669
427538491,117.21735,11.692727,8.2158
427538800,117.28156,11.235134,9.4858
427538926,117.25574,11.066983,9.4115
427539136,117.2788,10.805919,6.7965
468957969,118.92701,10.444611,8.64136
443894236,122.14088,11.542926,9.0421
366527102,127.33309,11.2956505,8.74209
350020736,154.59425,10.836539,8.70904
350429215,166.95308,10.219527,9.20154
350441780,167.8124,11.133817,9.65128
334382193,122.693085,10.244172,7.39734
334383086,122.9256,11.832086,7.7772
334410819,122.846466,10.919881,9.8478
264900283,115.48232,10.564188,9.8354
264900360,115.48008,10.668004,9.7298
264901268,115.49055,11.758221,8.7391
299649709,117.739975,10.99735,8.5636
334410620,122.84574,11.27944,9.1607
264900149,115.48093,10.37401,8.366
366527016,127.39743,11.169432,9.4071
437030866,132.4576,11.157944,9.0895
350517150,177.58737,10.067306,8.1114
443900456,122.26942,10.509781,8.066
468957972,118.94852,10.443448,7.0274
444041368,134.91032,11.931817,8.3014
377065643,148.36153,11.645519,9.00912
350020859,154.67108,10.129029,8.74761
411121229,151.03491,11.628513,6.91193
380618444,175.75662,11.326988,8.74259
350429235,166.9362,10.112978,9.3966
290904867,168.04178,11.100775,7.83495
388873171,173.7761,10.478301,9.5927
444041268,134.93723,11.5893545,9.64854
444041042,134.9498,10.736688,9.9053
350020775,154.58948,10.61984,9.96965
389206095,145.99211,11.400815,9.89866
377096499,148.45728,10.742683,9.7206
380618264,175.75496,10.267933,9.63745
388873164,173.75351,10.461704,9.42414
388873235,173.77429,10.936249,9.8531
388873486,173.92236,11.402629,9.5635
366577214,128.03053,10.685785,9.97625
334382294,122.752304,10.426183,9.64381
411123306,151.22438,11.850517,9.755
334410546,122.90222,11.417333,9.0679
220594926,117.584915,11.6003065,8.1927
299650234,117.76653,11.901752,8.8379
427539271,117.321594,10.630435,8.53405
220594710,117.62488,11.236538,9.43191
334410946,122.87223,10.684854,9.3462
264900380,115.50489,10.691794,8.62006
264900418,115.43867,10.748643,9.3115
264900548,115.43822,10.885133,8.89638
427538660,117.22427,11.430532,9.689
458655201,129.27155,10.555973,9.46852
388088869,120.89166,10.123917,8.6345
27654791,123.541405,11.985939,9.3054
443852566,121.36075,11.418843,9.5237
207333574,110.94856,10.706033,8.4676
453148908,109.96904,10.821295,9.93695
396733683,130.42223,10.850406,9.67479
358544042,110.79947,11.599247,9.81892
453189454,111.24242,11.669523,5.2931
443852330,121.42815,11.782802,9.0945
234400352,113.20546,11.626714,9.02238
453189652,111.206436,11.471974,9.23412
270044725,114.75757,10.063893,9.1827
220588458,117.49929,10.03774,9.5845
234375595,112.66125,10.998208,9.9788
323640048,136.76918,11.45346,9.8315
262753420,107.98741,11.751469,9.7069
207242849,110.21063,11.61971,8.7215
234389893,112.992836,10.149688,9.3786
234400452,113.22081,11.529773,9.7359
425216886,111.67172,11.008845,6.4863
234387449,112.95107,11.105524,7.58829
234388200,112.87895,11.967511,9.6276
421126475,112.364075,10.329674,9.85206
264310026,108.75675,11.012946,8.5019
270047798,114.87096,10.394769,8.3509
443859359,121.512856,11.709079,9.0544
27547664,122.8185,11.976315,9.8954
443852989,121.43076,10.691811,9.86196
334476447,123.0164,11.521087,9.94756
207242685,110.19183,11.786813,9.7224
207242792,110.21757,11.6736555,9.454
207242884,110.17591,11.592294,9.296
421007759,112.08671,11.58446,9.3841
264237635,108.64483,10.917491,9.9994
234398269,113.12645,10.126092,9.4107
234387898,112.8974,11.590598,9.6621
234401497,113.310905,10.393979,9.6315
207333581,110.95167,10.701368,8.2361
468963460,118.99363,10.214985,9.3392
269902951,114.321846,11.475271,8.7063
443887163,121.9116,11.145751,8.835
443887456,121.83592,10.607026,9.692
443887072,121.836914,11.321796,9.0688
468963517,118.94679,10.125045,9.1652
334382520,122.74255,10.91091,9.17469
334382576,122.791435,11.006129,9.6108
334382716,122.69349,11.29966,9.1483
17746759,118.03507,11.95599,9.3218
443851600,121.31178,10.844834,8.3309
443859088,121.50497,11.223522,9.5439
388052125,120.57616,10.77931,9.6638
388052479,120.57513,10.168223,8.6879
458616900,124.69438,10.129689,9.5296
458617182,124.665375,10.683782,9.8679
458617630,124.66765,11.658452,9.6227
264694744,109.658844,11.070257,7.0555
453163744,110.076614,11.0797615,9.0755
453163927,110.038414,10.894783,8.701
453163977,110.107735,10.840972,9.9675
234413190,113.5393,10.87534,9.5268
425277901,111.78801,11.954993,5.7775
264695169,109.56321,11.425778,7.9123
453210245,117.854675,11.165705,7.3842
453210377,117.8646,10.9879465,9.1399
443886917,121.89086,11.592028,8.4165
388052007,120.59494,10.986784,9.6095
453210545,117.84217,10.738529,9.674
443911956,122.57861,11.498673,9.3059
388083149,120.833145,11.35788,9.8154
264237966,108.61024,11.191866,9.2601
443851861,121.30204,11.25526,8.334
207333329,111.000084,10.9062605,7.29079
468984206,128.80232,10.021453,7.8959
207243055,110.238815,11.4284,9.71696
234398555,113.16459,10.422789,8.64034
234401330,113.21336,10.573186,8.8655
207277093,110.43299,10.734268,8.3768
443851865,121.273445,11.256851,9.5989
207242868,110.25863,11.605921,9.90434
247085888,112.57861,11.978401,9.58008
443912020,122.58431,11.614573,9.5261
443823348,121.01046,11.561886,9.4068
379923974,116.42431,11.849424,9.5681
379924374,116.38794,11.25459,9.2183
379925151,116.42432,10.082153,9.9845
388083803,120.8534,10.168703,9.6362
234399627,113.12276,11.520379,9.8288
379924932,116.44297,10.396153,6.6528
264411099,108.814095,11.7007885,9.1448
234389557,113.01396,10.507343,9.4986
234389782,112.98552,10.267241,9.7707
388050293,120.48805,10.011002,8.2299
379924172,116.449036,11.562604,8.0652
379924216,116.45359,11.49667,8.6434
379924415,116.44799,11.180896,8.782
379924482,116.40914,11.095381,9.616
234387667,112.868034,11.337049,9.85612
379924808,116.47522,10.594696,9.55109
388083155,120.83454,11.348726,8.20457
443822950,121.06824,10.856758,7.89571
207276436,110.4387,11.355948,9.9917
207332814,110.910965,11.360949,9.9536
379924049,116.3928,11.743705,8.59317
388083114,120.819824,11.421763,9.6914
388052519,120.58389,10.102888,9.9531
468984121,128.83313,10.205719,9.8609
264163028,108.51525,11.995664,9.7561
264480236,109.17987,11.363603,8.8776
264163127,108.50408,11.868034,9.05862
234413080,113.5327,10.992316,9.1164
247172198,113.64662,11.939743,8.79308
264694460,109.58735,10.835386,9.7134
264694972,109.5973,11.244185,9.5374
264695268,109.609665,11.51924,8.77044
264696007,109.74005,11.842187,8.04658
453210422,117.91943,10.930607,9.3469
453211000,117.88576,10.101359,9.83853
453163579,110.03597,11.240194,9.8636
271140163,119.49003,11.4112015,9.86093
427538186,117.19142,11.716577,9.6859
443962300,123.92736,10.724525,9.8535
311965377,138.58731,11.093277,9.90559
311965342,138.51553,11.222642,9.7956
377098383,148.57372,10.973481,9.9983
377106534,148.68646,11.104135,9.8083
311965257,138.60701,11.600254,8.31138
377098477,148.59848,11.436576,9.58502
427537838,117.19694,11.238635,9.4604
264599740,109.451195,11.100238,8.57848
234443281,113.77671,11.627094,9.6373
323687462,137.2932,10.821697,8.1233
21289550,129.94069,11.991398,8.45973
458649699,125.46136,10.250598,9.42073
269971814,114.51406,10.940372,9.8488
427539419,117.297165,10.453738,9.8958
444037850,133.68607,11.501463,9.9988
234399807,113.17274,11.7335,9.73393
437034384,132.54852,10.841771,9.99177
437034573,132.58286,11.358496,9.0122
444037189,133.57451,10.300854,9.18754
366568835,127.70467,10.60295,9.49039
366569059,127.7627,10.009424,8.78694
323657993,137.02037,10.194968,9.8176
234411365,113.408646,11.155992,9.21247
358708594,118.59526,11.617722,9.78124
323570127,136.05215,11.422333,9.83284
311926231,138.31265,10.608568,9.93931
264696706,109.74522,11.231871,7.1616
220594249,117.59262,10.489904,9.4084
320417723,118.05799,10.196297,9.1584
264756142,115.15908,10.324304,8.9867
264756407,115.24952,10.680423,9.2479
271096630,116.595604,10.303965,9.9603
220594259,117.590256,10.506107,7.15298
207308437,110.53488,10.991575,8.4848
425210015,111.53838,11.687088,9.6637
421053153,112.120544,10.334943,7.6241
421129108,112.47205,10.723119,9.1301
69291847,121.00335,11.925227,8.534
264756359,115.175026,10.617316,9.48906
264756541,115.16034,10.856739,9.13809
17817705,118.42955,11.99995,8.179
421128814,112.513565,11.05983,9.6611
425217249,111.615776,10.608068,6.3385
234444663,113.79895,10.118685,8.3076
264756522,115.17059,10.829054,9.89567
17817739,118.39313,11.918599,9.9738
425172019,111.25166,11.94579,9.7614
425172612,111.43828,11.499086,8.36377
425171453,111.30371,11.266164,9.2648
425171805,111.34168,11.680908,7.52618
425172386,111.41363,11.753944,9.8249
425172437,111.39074,11.690034,9.9292
14800600,113.90681,11.932571,8.2104
421127564,112.35774,11.529003,8.4817
421127565,112.35743,11.530036,8.8758
264696947,109.76574,11.015848,9.8785
421127318,112.44527,11.247658,9.87021
234375001,112.66637,10.337627,7.88443
234375167,112.706535,10.516857,8.1708
234442708,113.680984,11.757821,8.17879
234442741,113.67601,11.785837,9.7184
425276411,111.777336,10.338544,9.99625
234455593,113.95034,10.520892,9.8885
421128063,112.5116,11.955637,9.2476
207276573,110.45516,11.221688,9.2157
264001584,108.15608,11.247168,9.5871
421007099,111.921005,11.734725,8.5578
421007160,111.95874,11.798631,9.0954
264239383,108.76086,11.724015,9.9093
234441950,113.6532,10.908593,9.6646
421128937,112.4842,10.903385,9.6097
421129535,112.53866,10.239726,7.9558
468978408,128.58589,11.532101,8.8412
421129323,112.56997,10.482,9.9085
443886309,121.753426,11.100661,8.768
220587520,117.533035,11.541301,7.6421
388081935,120.65848,10.32277,9.8135
468978293,128.62732,11.810415,9.6318
468978579,128.6414,11.0539465,9.8209
468978884,128.60034,10.294892,8.2432
443962325,124.008606,10.788627,6.982
458587161,124.20063,10.466975,9.0896
458588138,124.280655,11.35121,6.8348
458617999,124.81196,11.402892,9.401
271137258,119.24074,10.007949,9.5136
388081872,120.7341,10.216809,9.1139
388082009,120.66752,10.460075,8.8624
468968697,128.47736,10.484611,9.4126
458587541,124.17204,11.30897,9.4419
458617927,124.82619,11.531371,8.2127
458618232,124.793396,10.914036,8.9411
458618347,124.83537,10.634759,9.1173
468979013,128.56227,10.015179,9.6856
264001425,108.15845,11.114896,9.35859
264309920,108.79131,11.084343,8.6802
421128305,112.55904,11.633278,9.96545
234413502,113.520676,10.568075,6.27078
264002012,108.16733,11.551909,9.73449
468968606,128.4522,10.316781,9.3584
468968864,128.50525,10.863275,9.1059
458588365,124.30776,10.895403,9.962
421006386,111.86492,10.976694,9.2985
425276653,111.766975,10.581028,9.0915
458587204,124.22164,10.540344,8.35607
421128693,112.52485,11.207483,9.1028
388013620,120.32681,11.46204,9.3506
60229416,121.466606,11.959022,9.61344
458587165,124.21488,10.470371,9.1426
458587483,124.19113,11.183315,9.41311
458587523,124.175674,11.258352,9.29639
458588410,124.31109,10.780266,8.22643
17746748,118.00751,11.918867,9.93239
220587790,117.5138,11.090095,9.8651
421129022,112.57211,10.816277,9.7348
264002878,108.27486,11.749643,9.0453
264003577,108.24292,11.202109,9.6457
264003623,108.284164,11.1680155,8.9829
264003795,108.303444,11.028117,9.7031
264003034,108.28906,11.633116,8.62649
264003689,108.220726,11.108162,9.345
264003753,108.2057,11.0616665,8.41181
274204729,119.36402,11.027979,9.8427
234453572,113.88017,11.173972,9.0342
234453895,113.84103,11.526285,9.7366
264597607,109.35464,11.034878,9.2129
264597645,109.41833,11.061288,9.8937
264597961,109.39048,11.32747,9.3453
264598524,109.327644,11.836346,9.2478
443905487,122.45876,10.827311,7.4496
468929042,118.37912,10.959269,9.3787
468929229,118.40412,10.686961,7.0012
468929357,118.31872,10.525603,9.1772
274204877,119.33316,10.7599,9.5073
234453372,113.905205,10.961997,7.8248
453208907,116.9665,10.93419,9.5004
453209199,116.89717,11.334855,8.1039
453209325,116.898224,11.528215,8.3859
234453486,113.88448,11.094773,9.896
468929166,118.3957,10.796565,8.9654
274204748,119.278656,10.98465,8.4122
264597841,109.35386,11.222218,9.7546
264598228,109.37441,11.571348,9.0881
443905158,122.515884,11.414889,9.0935
264597718,109.30142,11.126463,7.55975
264598194,109.418846,11.538605,9.37744
264598398,109.40197,11.7193165,9.662
264599661,109.46584,11.180415,9.33362
320417762,118.00425,10.249309,9.0188
264981121,115.71119,10.564605,8.48979
468928516,118.36417,11.692712,9.9619
274205031,119.3405,10.426484,9.80978
264479756,109.1811,11.813472,9.3589
234443353,113.76797,11.555598,9.0426
234443338,113.68546,11.573071,8.4741
358544771,110.76338,10.906253,8.5141
358544881,110.82453,10.808143,9.5739
264564224,109.27146,11.103636,9.6506
264564230,109.24518,11.102136,9.9774
264162262,108.3685,11.4926605,7.3342
264163092,108.541,11.902564,9.6437
264164140,108.51766,11.05823,9.6444
264410326,108.89426,11.091352,9.2786
440763106,108.57646,11.910488,9.683
234442579,113.61414,11.619916,9.5107
421073709,112.325424,11.024542,5.9739
421073808,112.277824,10.8981,9.957
220579003,117.03914,11.623917,9.8039
220579898,117.03385,10.281318,9.0926
453209762,117.89553,11.860663,9.789
453209840,117.90664,11.7603655,9.3403
234443267,113.69352,11.641002,9.27346
264479850,109.291725,11.741466,8.7628
220579372,116.9991,11.109412,8.8686
207243582,110.26699,10.936676,9.29309
207243691,110.2259,10.852973,9.30572
264163872,108.450615,11.266053,8.34557
234442459,113.6424,11.507666,8.22387
453209979,117.93041,11.575763,9.76672
207243895,110.249504,10.657209,9.93419
264162477,108.41325,11.644553,9.5661
425209794,111.563896,11.406054,9.87284
264410460,108.92478,11.204567,9.68874
366519954,127.28682,10.1612425,9.3365
366528408,127.455696,10.874315,8.39855
366526229,127.347206,10.014525,9.7803
366528617,127.52379,10.616532,9.1748
366528716,127.48221,10.470785,7.4775
903432785,172.54881,13.00014,9.7014
293376162,131.22746,12.130123,9.9618
258683302,147.39972,12.097103,8.1214
17675603,117.61868,12.079928,9.7912
16420717,116.565315,13.728696,8.4071
408816165,121.0955,12.288508,9.7856
408816164,121.09686,12.289074,7.1149
19065664,119.93944,13.688938,8.2704
471011655,156.82034,12.445061,6.3305
14724727,177.09584,13.879641,8.666
459947860,172.54881,13.00014,9.7014
387278384,109.95547,13.372957,9.09278
247171926,113.6333,12.304708,7.83719
10005000014,170.0709,13.58949,8.924
341500617,145.16017,13.694617,8.4894
341500777,145.14697,13.053292,6.4759
55277176,139.66676,13.114911,9.662
355216756,152.31313,13.28209,9.5883
355216882,152.41763,12.484811,8.9618
10005000027,169.73315,13.09221,8.833
10005000184,168.65417,12.81802,9.814
740002674,119.93944,13.688938,8.2704
740002675,119.94009,13.688751,8.5153
380669476,179.3217,12.057485,8.295
761960972,109.95547,13.372957,9.09278
55268553,139.52577,12.170035,8.422
46256760,132.44206,13.953232,9.588
63218695,157.17683,13.288885,7.0301
10005000096,162.0704,12.6293,9.509
10005000150,161.95667,12.58163,8.972
10005000033,170.0626,12.99129,8.593
10005000270,161.92667,13.98564,9.789
761755101,113.633804,12.304639,8.56794
761755103,113.6333,12.304708,7.83719
760515773,117.61868,12.079928,9.7912
800718960,121.0955,12.288508,9.7856
761867187,116.565315,13.728696,8.4071
761867188,116.5656,13.729266,9.1243
840072726,147.39972,12.097103,8.1214
258671744,146.9892,13.278767,8.678
800398754,131.22746,12.130123,9.9618
842415101,152.31313,13.28209,9.5883
842430374,156.82034,12.445061,6.3305
842405480,152.41763,12.484811,8.9618
800718959,121.09686,12.289074,7.1149
840083998,145.14697,13.053292,6.4759
840111394,145.16017,13.694617,8.4894
840071927,148.0448,12.215541,9.4972
842435242,157.17683,13.288885,7.0301
264239036,108.63369,12.116011,9.445
7025068,126.77132,12.827085,9.865
155013157,144.06712,12.573642,9.39
247132378,113.15288,13.390267,9.576
373673992,174.02803,12.855244,8.095
55397648,141.5356,12.972411,9.178
19025678,119.6238,13.407938,9.809
27630308,123.19906,13.582496,9.3324
27626936,123.11699,13.516897,9.1459
27630663,123.25474,13.932911,7.69449
27629966,123.27312,13.27314,9.9773
27628820,123.15933,12.120102,8.4163
27628872,123.2413,12.179344,8.2199
6997255,126.49211,13.012685,9.5876
16140464,114.93376,13.082359,8.8691
16230905,115.4554,13.61857,8.5706
16127255,114.74673,13.209688,9.4835
16126260,114.735245,12.506117,9.8328
16127907,114.72082,13.662216,9.33462
16231884,115.351494,13.0327215,9.5929
16126396,114.83312,12.602122,8.5893
440832375,109.59197,12.491194,9.2957
59609349,146.16075,12.458214,9.69286
77138358,167.9527,12.083976,9.7947
358745568,150.39935,13.826138,8.2238
77137890,167.80893,13.339255,9.7219
77137976,167.91629,12.930659,9.98985
358745526,150.34218,13.927143,8.261
14742870,177.46608,13.375784,9.8872
69364610,121.804184,13.322559,9.8532
69365496,121.850624,12.269611,9.1737
69364492,121.86528,13.47949,9.51538
69366348,121.917336,12.619213,8.81838
69364634,121.8144,13.298432,9.2232
69366045,121.93878,12.261312,8.8419
69364657,121.8339,13.265252,8.30966
20423599,127.4055,12.455644,7.8564
86229163,181.31166,12.360562,9.1292
357347875,152.05962,12.832962,9.3595
239209855,170.34181,12.224724,9.0338
371813329,174.266,13.801696,9.7907
291015891,170.0186,12.057257,7.81048
61324472,160.78644,12.632923,9.1786
239209638,170.3144,13.695124,8.9473
291109318,178.56839,12.030585,9.571
240175312,169.23816,13.070417,9.4531
240175372,169.18549,13.439927,9.8482
240175378,169.23735,13.494854,8.7322
240173727,168.96617,13.307559,4.2524
67512840,173.48656,13.552014,6.8623
255829561,174.169,12.310335,8.924
86263329,181.59691,12.514873,7.7666
156838201,147.76468,12.19679,9.9052
192985088,142.83414,12.858736,6.0208
63219179,157.34962,12.9053,9.7139
63219228,157.30739,13.149758,9.0706
61102938,154.16974,13.728338,3.74204
240173271,168.79547,13.750712,9.2606
70678519,155.8559,13.905369,8.4639
240173321,168.8453,13.409693,9.4126
82524347,175.20163,13.078054,5.86
358804263,161.4053,13.145721,8.6754
358804276,161.42004,13.233942,9.3025
240173668,168.99084,12.844799,6.3605
240175088,169.1488,12.462456,7.7243
67512278,173.26189,13.309221,8.876
240173633,168.98474,12.613574,6.8563
258673937,147.26521,12.631713,9.8333
263543564,144.8949,12.166081,6.7866
358804158,161.41026,12.467232,8.1993
258673923,147.21524,12.52231,7.7839
263541597,144.70367,13.8537035,9.4591
195213118,141.68443,12.507899,7.7506
192985052,142.8162,12.987074,8.1393
156838018,147.75827,13.066239,4.8673
156838412,147.88905,12.653997,8.1324
61083286,153.95088,12.224482,8.6142
437051532,134.73802,12.969918,7.9767
437051414,134.69597,13.393257,8.4968
192985638,142.92516,13.401196,9.8685
437064770,135.7312,12.484712,9.398
335769601,158.59444,12.180801,7.5983
192985128,142.80795,12.701267,9.3467
61047136,153.34886,12.84567,9.7314
77145361,168.28122,13.248299,8.4293
77144880,168.07521,13.220785,7.0298
240176045,169.42824,12.3997,6.53734
77144832,168.1028,13.45293,9.464
61047290,153.34947,12.146041,8.3826
437064647,135.68182,12.946006,9.8639
293375815,131.32875,13.261414,8.6634
293375732,131.29707,13.5219965,9.7493
240176136,169.52754,13.144659,9.9509
86263305,181.63359,12.428838,8.95302
255829542,174.16074,12.1772585,7.60908
358806047,161.63466,12.601118,8.6906
284966229,147.60399,12.679675,9.9157
415007972,164.47574,13.334412,8.7681
415008282,165.5442,13.593413,8.3913
358670351,149.43715,12.411087,7.4535
61284526,152.19115,13.014247,9.0859
59627688,146.6401,12.37883,8.2072
67504616,172.41814,12.506342,8.2998
312068069,140.0262,12.077046,8.8056
358806211,161.64621,13.585295,7.3627
61284497,152.20045,13.167404,9.8563
59627434,146.61235,13.657265,8.1062
59627987,146.74187,13.061903,7.8354
86281589,182.44325,12.025072,7.9014
86281656,182.67458,12.279764,9.2254
372446024,165.69832,12.316448,9.8068
358670067,149.40018,13.617803,8.5467
67504590,172.43439,12.362502,9.153
358806210,161.6334,13.58458,9.529
358669977,149.38606,13.978553,9.4279
59627439,146.5889,13.640031,9.8444
337711217,150.6548,13.923105,9.93468
263541534,144.66418,13.578242,8.1429
149497027,164.32628,13.776668,9.6124
77127495,167.66783,13.11923,7.90677
411125392,151.30185,12.077434,9.6073
14744364,177.49144,13.133057,9.7238
77127398,167.58942,13.514853,9.6507
357396544,158.92174,12.665221,9.9374
358803927,161.24199,13.13083,9.1332
263543338,144.93556,13.391012,9.6273
263543400,144.95149,13.031234,9.6031
149496548,164.21758,13.521687,9.85531
86229068,181.29779,12.160384,9.764
341500793,145.12827,12.992649,9.9822
286830987,165.98032,13.900918,9.891
233637071,159.60866,13.950885,7.8288
61047699,153.48668,13.87226,9.3943
286830958,166.04149,13.732846,9.0562
61080945,153.5872,12.111768,9.5515
357396362,158.95067,13.643414,8.94227
341500551,145.10191,13.991756,8.42132
77115337,167.47308,13.971175,9.10178
77127762,167.70473,12.252344,8.98559
357396608,158.87885,12.317992,9.7479
77127416,167.6682,13.414092,9.9899
61285033,160.17073,13.719291,9.3135
63859634,162.93767,13.566006,6.9383
63797452,162.03142,13.209119,8.6166
450300713,144.43205,12.471012,8.3935
258671206,146.96179,13.47774,6.5807
258671311,146.85599,12.983062,7.2715
61284763,160.1555,12.078679,7.1467
61102453,154.04752,12.355941,8.9734
63814402,162.1952,12.576124,9.4403
258671336,146.93147,12.838328,9.9391
61049522,153.60506,12.257947,9.9491
61102144,154.081,13.824954,8.9943
60289109,132.31754,12.334101,9.6666
437064392,135.77638,13.914528,9.58289
330658824,136.51802,13.60755,9.69709
63816874,162.40474,12.92921,8.87781
397432190,180.20326,12.027211,8.6415
293375816,131.32166,13.259681,9.69021
63816875,162.39975,12.929635,9.23276
192985175,142.8116,12.509889,9.7626
335769637,158.53033,12.374437,7.56284
238610279,160.85696,13.394652,8.7309
14824171,179.21399,12.244801,8.2417
192985024,142.84367,13.092187,9.3994
192985630,142.9306,13.357719,9.277
195213653,141.8403,13.639626,9.45863
61047096,153.37881,13.088161,9.64595
61083537,153.95581,13.46807,8.59285
195213368,141.78961,12.534213,9.6443
192985135,142.80412,12.65056,9.4094
337607732,130.31932,13.200394,7.7072
337608225,130.4219,12.175696,8.84285
337630445,130.46307,13.055805,8.13555
14824495,179.36804,13.394427,9.8591
59627557,146.70702,13.101753,8.6069
415008041,164.43518,12.713925,8.71331
372445820,165.73027,13.941657,9.73247
415008161,165.58382,12.387234,8.94792
358670579,149.55574,12.444804,5.29047
337711990,150.90572,13.468205,7.55232
377169478,150.05547,12.118831,9.1726
61284576,152.2622,12.7472315,9.4857
59627845,146.7674,12.331375,8.8099
284966374,147.58176,13.419879,9.63086
63219116,157.31487,12.597418,8.7532
70680693,156.11426,13.274052,8.679
239208476,169.77756,13.390754,6.6445
46379899,133.58626,13.818588,9.2182
63904218,163.40594,13.715059,6.438
392795018,156.98366,12.080123,8.8051
240173434,168.87935,12.657841,9.333
240173492,168.83961,12.348633,8.033
373673864,174.0731,12.130794,9.844
63904026,163.34355,12.746287,8.3939
186853184,124.75297,13.38198,9.9879
20537002,128.31956,13.027426,9.4415
192982392,142.56891,12.837638,8.2301
149493153,163.85747,13.918839,9.609
21580360,151.11,13.595091,6.3169
70710267,156.1964,13.589219,7.9694
63190066,156.6884,13.626425,5.7789
263541227,144.67131,12.045577,8.5325
77070800,166.63335,12.703371,7.04669
462518679,170.45963,13.475208,8.6123
67460419,171.77179,13.454098,9.2935
77071368,166.71278,13.925861,8.6287
86133029,180.1595,12.090501,9.6615
21580293,151.06631,13.9826975,7.8706
330658414,136.46153,12.121019,9.2634
20537457,128.36917,12.258974,9.5545
55380919,141.18748,13.752229,9.2661
55381076,141.15794,13.117019,9.6545
55381391,141.30867,12.18542,9.201
70678531,155.85858,13.95913,9.2398
149492941,163.91194,12.559782,8.5119
77071053,166.71088,12.526986,9.8288
86132805,180.04036,12.865939,9.6572
20536711,128.28227,13.876762,9.1528
77071376,166.77185,13.963506,8.7377
67402050,171.09462,13.902514,9.7867
67460479,171.81375,13.094843,9.3537
61312601,160.40485,13.978476,5.7942
193018199,143.42241,12.087309,7.7999
61312590,160.46262,13.940871,8.0927
14826051,179.52762,13.910137,9.74756
61312409,160.4242,12.884344,7.185
337657227,139.10733,12.934371,9.8576
286815311,164.95126,12.589082,9.6276
286817181,165.08786,13.192086,9.8707
193018027,143.32533,12.468303,9.6102
63237703,157.5849,12.210102,7.9288
357240182,169.84131,13.77501,8.6636
63237767,157.53458,12.533432,9.6371
77038240,166.13393,12.435259,9.8821
193017935,143.35942,12.811076,9.2317
86179318,180.64778,13.348505,9.5781
406685389,143.494,12.0704,9.8508
63216202,156.96118,13.121462,9.726
77038360,166.23514,12.085402,9.5809
63216220,156.89523,12.98002,9.4761
307646256,145.29317,13.209562,8.34225
358804232,161.38493,12.912652,9.4082
14773580,177.7322,13.226675,9.7649
14773730,177.74945,12.497364,9.00093
258673842,147.24986,12.096397,7.9806
14773776,177.73059,12.279036,6.1163
263544068,144.97917,13.682886,9.1401
258673737,147.14508,12.475272,9.10316
14773497,177.72217,13.587392,8.79466
358804212,161.42607,12.783207,9.8928
358804358,161.39854,13.784161,9.7535
55315624,140.29533,13.088506,9.6504
330621789,135.92383,13.258458,8.8979
358657504,149.0696,12.818241,8.4559
192984934,142.75491,13.485914,8.42119
155178494,144.24895,13.520091,9.60212
61035476,153.27348,12.747496,9.6095
77072856,166.90083,13.858821,6.8
55315634,140.32715,13.111454,6.2041
358657253,149.15836,13.833594,8.81755
149495070,164.1848,13.558844,7.933
77107468,166.914,13.4988575,7.56355
63278891,157.89203,12.621306,9.6821
27509882,122.51781,12.499209,9.78962
27509948,122.45962,12.629121,9.36641
155178524,144.25534,13.387723,9.3571
149494724,164.01982,12.380302,9.4817
149495046,164.10257,13.426804,9.659
61285004,160.13828,13.566904,9.4635
63797520,162.05188,12.885736,9.9968
63859664,162.88321,13.666742,8.2652
61102228,154.15079,13.441613,9.80577
61102751,154.2358,12.913534,8.5092
60327979,143.49422,13.832308,9.5896
258671372,146.9577,12.667826,9.24091
61049327,153.56467,13.361293,9.1542
55315415,140.32289,12.242583,5.6532
192982937,142.70502,13.496908,8.1699
193018408,143.4171,12.989121,8.7422
7020757,126.5376,13.551683,7.0136
55315445,140.35405,12.356449,7.0674
195216162,141.9014,12.400209,6.5164
192982936,142.67386,13.495948,6.7686
263541024,144.56691,12.736298,5.9462
77107565,166.86018,13.01345,6.80774
500207837,125.611336,13.150129,9.3915
307646965,152.90921,13.355115,5.9735
17776628,118.21917,13.3822975,9.1349
155178740,144.35014,12.474267,8.4055
60181274,115.7447,13.170983,9.7713
21183716,128.68367,13.788202,9.92827
27509681,122.48737,12.056692,9.759
14775762,178.0774,13.487042,7.2985
21183685,128.66263,13.851571,8.1942
55315001,140.17535,13.508879,9.8771
155178827,144.33252,12.012236,9.8621
77107610,166.92601,12.782925,9.4985
77109729,167.16206,13.603601,9.6587
59597815,145.93042,12.159792,6.167
86151121,180.23398,13.6439905,8.4728
373673723,173.91585,12.479827,9.3859
156380525,159.9065,12.389581,8.0679
357331971,151.87268,13.268471,9.351
63190178,156.75316,13.103832,8.8153
63190320,156.66425,12.48863,7.1441
67402320,171.04115,12.461464,7.0421
67444522,171.3341,13.289791,8.8863
357331856,151.84799,13.927305,8.0009
357332607,151.97458,13.852508,9.5084
63190684,156.77061,13.170089,9.222
67402489,171.15521,12.293356,9.9723
371831546,174.80554,13.4456,9.2341
371831599,174.81645,13.097984,9.7146
155178732,144.34232,12.504766,9.8049
286815270,164.93149,12.348997,9.9665
14826586,179.66637,12.854715,9.65541
63838851,162.68994,12.267517,7.27389
35244795,138.22661,12.2489195,7.9499
6991926,126.232574,12.23613,7.10722
14726288,177.26253,12.202641,7.7756
35228334,137.99492,13.507846,9.3955
6991289,126.224785,13.904338,9.83
6991527,126.14733,13.340347,8.9626
6992103,126.284164,12.166572,9.9897
70656619,155.14697,12.711532,9.1825
70667048,155.51312,12.19919,9.6173
70667455,155.585,13.881749,9.5093
286815361,164.87561,12.801545,9.90005
77127991,167.73692,13.600548,8.91332
357181544,152.65775,12.493678,8.7069
63239988,157.74399,12.58276,9.9159
258683119,147.40929,12.958304,9.3375
63881727,163.0327,13.843492,9.6377
330658161,136.37004,12.7387295,8.73274
6992111,126.2671,12.183515,9.6511
46257361,132.42047,12.290103,8.9243
6991747,126.142914,12.768282,9.047
6992648,126.28393,13.47634,9.3237
160325442,159.81335,13.959355,8.8927
14726272,177.24768,12.276447,9.0711
14780520,178.99956,13.052729,9.9553
77147403,168.32445,12.244687,9.06881
86181679,180.82289,13.018428,8.8328
458688424,169.40445,12.402768,7.8686
14724726,177.09576,13.87848,9.8549
77171562,168.45511,13.231653,8.69689
63216678,157.12445,13.155504,8.6352
356377788,170.26686,12.557546,8.03521
307677371,153.02258,13.741715,9.8328
77147338,168.36418,12.549256,9.1879
462537502,170.5862,13.944448,8.4045
14724629,177.18277,13.273082,9.6722
522891336,135.05386,13.84408,8.8589
380669475,179.32106,12.056668,9.90263
14445782,110.78896,13.101343,7.5831
14446365,110.7895,13.764676,8.6574
387276023,109.874886,12.66876,8.9582
46381111,133.76334,13.775032,9.8461
17674623,117.58359,13.660042,8.611
14444591,110.708534,12.205609,8.6187
17597254,117.205605,12.51719,8.8345
257217126,137.1106,13.220448,4.54316
60180876,115.82175,13.740163,8.5238
195238908,142.13307,12.171968,9.1569
195238781,142.21873,12.583977,6.529
195238841,142.13943,12.385314,5.98265
60181407,115.78067,12.969295,9.8352
60181613,115.72067,12.710392,9.3133
386617985,123.96389,13.741536,8.558
437048296,134.51231,12.493105,8.9791
55268189,139.44695,13.86496,9.2773
55268306,139.45497,13.334547,9.8568
55317608,140.50969,13.841352,9.992
60327745,143.49805,12.7449665,7.6209
55360222,140.554,12.549103,7.536
437048043,134.45811,13.423017,8.4722
60180792,115.756546,13.834402,8.7669
386938385,159.09126,13.314784,9.4156
357267799,151.61676,13.499969,9.7607
82605271,176.53087,12.978059,9.11093
82605394,176.5547,12.318248,8.7549
82605331,176.49509,12.643285,8.0361
82605537,176.71411,12.414781,9.9319
462518128,170.03064,13.021704,8.8717
462518358,170.05585,12.081754,8.8677
14828703,179.84505,12.895465,8.508
14780843,179.19482,12.589081,9.5892
14828525,179.76282,12.071197,7.9576
371590868,173.80975,13.842356,9.5667
14780899,179.11537,12.859986,9.6029
14781080,179.17151,13.816062,9.8222
82605473,176.64299,12.0961275,9.9908
14780795,179.13843,12.348351,7.3179
462517947,170.0297,13.71471,8.9435
371591124,173.82207,12.57018,7.4284
372444661,165.27368,12.046304,7.081
63904196,163.33214,13.640813,9.6758
63904107,163.34271,13.11865,6.74267
286830341,165.65231,13.602856,9.349
286830450,165.62102,12.971217,8.3436
357332009,151.89607,13.0288925,7.8299
77042897,166.45764,12.565528,7.1297
67402596,171.26178,13.007789,8.06504
373673928,173.99643,12.498525,8.99073
63882542,163.1755,13.940296,9.564
372445094,165.5282,13.692906,8.6892
290947275,168.63025,12.046024,9.5233
357332379,152.0227,12.651542,9.60477
67402493,171.2046,12.325482,9.0466
67444478,171.36617,13.588356,8.87403
373673948,174.05817,12.602932,9.3451
386938593,159.02635,12.237019,9.4246
286812994,164.49979,12.803071,9.8674
82605427,176.5674,12.128764,8.9381
286813093,164.49605,12.198491,9.605
63904161,163.36223,13.436079,9.6818
365031308,164.98094,12.081958,9.1343
293413303,131.7677,13.247276,7.3308
6893663,125.61155,13.150293,9.0361
16160535,115.158424,13.54706,8.3283
6892331,125.50593,13.618099,8.9102
82605698,176.65054,13.472027,9.98026
67445097,171.45512,13.993094,9.1388
371590963,173.82755,13.363892,9.91227
17674993,117.639,13.078711,7.8372
14564317,111.29684,12.830885,8.5527
155013179,144.0459,12.688553,7.7677
67543831,173.62534,13.312262,8.1057
350348329,166.42026,12.089107,7.9873
63218865,157.23994,12.673119,9.7763
63218876,157.18533,12.609657,9.4617
67543361,173.53171,12.747953,8.7398
800452592,132.86443,12.1279545,9.6402
77038207,166.13892,12.666985,6.86081
86178904,180.47498,12.718519,9.02446
155013086,144.02817,12.225097,8.0986
17863321,118.64933,13.456611,7.1945
14823999,179.20996,13.37741,9.2746
14824069,179.30563,12.948036,9.50808
195238801,142.13809,12.533418,9.7838
149471258,163.46849,12.81589,9.7432
60180816,115.82648,13.813957,9.00519
60181104,115.78941,13.412033,9.3723
358670931,149.52213,13.932744,9.2576
55317787,140.45764,13.208173,9.37884
55360132,140.55295,12.277258,8.8033
61324483,160.77878,12.493536,8.68536
195212925,141.68858,13.371914,9.1347
195238902,142.12732,12.199858,8.71556
60181079,115.75073,13.4431,8.6237
386618064,123.97828,13.895485,9.54158
437048411,134.53473,12.105387,9.3967
195238780,142.20387,12.584003,9.35856
46364988,133.39362,12.1598015,9.9174
17595871,117.09547,13.418421,7.4491
69365452,121.79582,12.313124,9.2578
358089958,120.85241,13.669174,7.01786
21273730,129.55223,12.384619,9.1777
21274074,129.59026,13.249536,8.5265
7024288,126.6353,13.086733,8.7068
330637319,136.0659,12.4299555,9.6497
330637419,136.1038,12.064063,9.26283
195215825,141.98103,13.748877,7.00706
61083394,153.94525,12.673904,9.9503
165428646,173.15118,13.725225,8.4736
70680238,156.00395,12.948887,8.9077
386956679,178.52939,12.056682,7.1407
17595488,117.129105,13.999898,8.9402
337607758,130.22539,13.136187,8.28817
7024037,126.64182,13.674923,8.6803
7024474,126.68308,12.654613,3.39998
330637372,136.12416,12.218848,7.4868
437052154,134.86201,13.074389,5.1834
337607946,130.32178,12.616246,9.511
195216530,142.02908,12.869104,8.7472
70721336,156.5238,13.152621,7.5778
63795476,161.8527,13.379056,7.5775
82593242,175.80943,13.608326,7.7281
14777984,178.22255,13.744307,7.6293
14778053,178.23361,13.421095,6.6331
46361340,133.25388,12.370176,8.7383
440848746,109.53567,13.655881,9.8615
358089920,120.83001,13.625164,8.8748
21273749,129.58078,12.432728,9.176
437052014,134.86748,12.575916,9.7978
307677657,152.99927,12.472344,9.6646
14778022,178.30406,13.531405,9.5619
337608229,130.42372,12.179371,9.83199
60182536,121.4007,12.500631,8.4763
358089963,120.886055,13.676129,9.9218
7024279,126.636955,13.100007,9.832
55286886,139.91115,13.526755,8.495
7024980,126.867676,12.59131,9.5853
321296545,137.68468,13.515296,9.9955
437051963,134.8133,12.381919,9.4528
55378225,141.00003,13.388219,8.027
55378703,141.08395,12.520004,8.3729
55378716,141.09026,12.566722,9.5246
233167341,159.3931,12.353158,7.3833
77171654,168.48721,13.636057,9.2169
240171819,168.6749,12.622351,7.4146
72406617,178.91559,12.5800295,9.3881
55378382,140.92252,12.777153,9.8391
55397538,141.51515,12.53087,9.8315
82593613,175.90907,12.445117,9.8247
82593658,175.96165,12.610228,9.201
82593804,175.93164,13.521183,8.8052
82597413,176.33739,13.311885,7.1055
82597590,176.24066,12.261455,7.2472
77147540,168.49895,12.498962,9.1234
77173479,168.6035,12.721532,9.5823
67458172,171.60617,13.112706,9.9455
67458523,171.68034,12.710139,8.2345
286817355,165.05786,12.389185,9.1671
155012964,143.91269,12.272054,9.0174
82593803,175.9234,13.516751,8.7862
240172035,168.72783,13.987412,9.1172
72406237,178.74344,13.906249,9.1353
86276182,182.24335,12.687416,8.52979
458688561,169.30327,13.347971,9.9061
86183713,181.0815,12.282738,9.9814
193014884,143.1038,13.9023,9.5708
258671754,146.96394,13.309139,9.87493
26638069,108.1226,12.505208,7.8729
440801724,109.282585,13.290906,9.8559
440801221,109.27168,12.8407545,9.6662
18916860,118.93926,13.331884,7.23262
21285320,129.60301,12.48783,7.66551
333800160,130.80138,12.680875,5.1568
411121180,150.94391,12.122137,6.159
149471340,163.57283,12.371137,6.70578
86151814,180.43668,13.410366,8.1034
337389421,110.36305,13.517274,9.3501
387277599,110.00307,12.669109,9.401
387278675,110.00106,13.634915,9.3914
440800694,109.3706,12.383409,9.5384
440801168,109.3426,12.791392,9.9231
440802276,109.27165,13.748654,8.927
453124325,109.833855,12.031876,9.7381
17776445,118.30485,13.032038,8.7195
27546807,122.83343,13.90669,8.1588
21277498,129.68019,12.965541,8.8391
333799372,130.55118,13.780645,8.96001
333799843,130.48712,12.361258,9.6814
20444906,127.728195,13.009294,7.8433
20445018,127.69101,13.311864,7.0141
358702239,149.83066,13.853158,9.6254
440801822,109.38292,13.395214,8.9362
337389320,110.35777,13.606166,9.5941
440801212,109.32896,12.832549,8.9055
17776656,118.23994,13.428664,9.7605
17776703,118.24896,13.507414,8.7307
16325245,115.934555,13.713667,9.4549
18915484,118.89051,12.850691,8.4502
18916881,118.953,13.375056,9.2731
186817400,124.43687,12.075848,9.8141
186817844,124.525,12.685541,9.8343
257217240,137.11475,13.642657,9.8936
20444247,127.59043,12.8472595,9.3547
293379500,131.47963,12.958999,9.5533
20444800,127.68499,12.696035,9.8117
70712579,156.46703,13.936772,9.4897
14722693,176.86153,12.655619,9.8847
388802839,172.36131,12.039448,9.3039
440802030,109.330666,13.573463,8.505
86151349,180.20726,12.514728,8.6936
86151632,180.39134,12.545141,9.9667
18916515,118.99642,12.758231,9.1234
69366858,121.991776,13.306124,9.6078
333800476,130.79137,13.667007,9.3718
20443895,127.60575,13.790191,9.5727
293410308,131.62634,12.5079365,9.4093
358702242,149.90312,13.836163,9.2529
27546823,122.85479,13.874229,9.4262
14722732,176.94052,12.900932,9.6181
86151737,180.32475,12.988932,9.9422
86268761,181.89989,12.649103,8.433
63219023,157.35678,12.187017,6.8322
67543651,173.66663,12.554564,9.5395
86268770,181.86441,12.667884,9.164
63218610,157.18875,13.678127,9.7432
20572444,128.57303,13.267236,8.7619
6923219,125.725426,12.397238,9.5561
46384178,133.8987,12.363691,8.5539
19064346,119.89021,12.812021,9.9289
17674872,117.57704,13.263234,9.8531
18998361,119.33072,12.895908,9.0656
17598082,117.23531,13.814198,9.7525
270046377,114.77404,12.073075,8.9505
17674598,117.65296,13.699654,9.6509
18998084,119.40762,13.453303,9.8627
20572315,128.577,13.68499,8.1737
330689364,136.71248,12.464686,9.5235
330689403,136.7609,12.568106,9.0311
46383936,133.89183,12.988443,9.507
35285857,139.1957,12.165574,9.8915
55276986,139.64674,13.95948,9.0175
55277019,139.67215,13.795406,9.2851
55318023,140.49191,12.248328,9.578
55396937,141.39722,13.890858,9.8092
21581996,151.44366,13.8715105,9.9428
17597783,117.25765,13.371871,4.84938
446668520,120.63649,12.452235,6.7068
19064095,119.896065,13.242167,4.90876
18998170,119.32712,13.269228,6.5636
437045186,134.42041,12.456941,7.8355
55277054,139.70253,13.652708,8.4963
14444219,110.67561,12.582164,9.6837
247113937,112.80914,12.066856,8.1985
247114387,112.789764,12.551879,9.5992
247114427,112.81206,12.600416,9.6552
453189066,111.07536,12.016389,9.715
446668420,120.63712,12.23347,7.20699
19064309,119.834755,12.880427,8.0925
17674597,117.67909,13.702465,8.1594
18998183,119.37011,13.240722,9.3691
18998200,119.34439,13.206888,7.11725
358088122,120.69236,13.069358,8.8838
358088200,120.73797,12.944294,6.4872
330689294,136.74722,12.207779,8.9966
6923159,125.73398,12.530476,8.5487
6923492,125.79089,12.1869135,8.1447
437044623,134.19388,13.288219,8.5526
437044959,134.26544,12.2228985,7.2741
55277115,139.6996,13.44239,8.608
55317592,140.45401,13.926909,8.3192
21581490,151.41263,12.962044,8.2055
357347809,152.15147,13.126371,7.9555
247133318,113.20911,12.309333,9.5557
46257721,132.52612,12.544358,9.68795
46256759,132.44176,13.95422,9.0162
46257398,132.39105,12.170744,7.2271
70667124,155.58536,12.1459055,9.1415
63838888,162.69073,12.389328,9.93282
155559273,159.29634,12.009909,9.4931
14726370,177.34576,12.1452875,9.88029
77042859,166.47713,12.407074,8.53037
55381688,141.26402,13.441755,9.2961
14726505,177.38681,12.770046,8.4584
6991364,126.146286,13.670067,9.9057
70667008,155.51335,12.42836,9.1265
155559124,159.25676,12.866112,7.7539
355216709,152.39853,13.553273,9.55072
355217279,152.46558,13.774223,9.8817
357181475,152.6436,12.921247,8.801
258683151,147.38504,12.813601,9.35312
427586728,165.90358,13.639537,9.4561
427586803,165.83101,13.165274,9.0226
14744387,177.5604,13.013675,8.279
77042943,166.53355,12.80397,8.4458
160325714,159.79485,12.523322,9.9425
46257181,132.44829,12.740239,9.65458
357181328,152.63667,13.785051,9.9428
427586791,165.92313,13.257419,9.8163
219030693,172.96338,12.265464,9.94917
372444455,165.23288,13.669071,9.5702
372445204,165.47293,12.643279,8.9374
387278754,109.9171,13.723434,8.5539
387278083,109.907875,13.107899,9.1397
437054619,135.05356,13.844075,8.6424
27650749,123.46997,13.743043,8.295
308918445,150.43286,13.40984,9.1541
17596419,117.07963,12.607367,9.3037
20419430,127.12483,12.221799,9.5498
61107605,154.39406,13.006266,9.9471
6859728,125.36277,12.956614,9.3134
21338960,130.20085,13.98242,9.7986
21339391,130.14384,12.665863,9.6507
294499008,110.45762,13.851503,8.1652
27510442,122.504944,13.756034,9.3791
16490490,116.856834,12.1918335,8.8107
20419429,127.13019,12.220945,8.9877
20419501,127.19807,12.413035,9.8532
156840475,148.0083,13.284055,7.9195
55265922,139.30716,12.14315,9.0963
82546583,175.50731,12.25989,9.5777
82546772,175.71297,12.529269,8.8279
437054594,135.01718,13.93513,9.7509
186853268,124.698456,13.190887,9.39002
330658512,136.47426,12.458483,9.47595
155010764,143.82684,12.560678,8.0045
263540756,144.58786,13.99323,9.57919
61312087,160.32205,12.927643,8.88592
149493120,163.93356,13.665261,9.5231
6859655,125.37451,12.813332,6.9917
55266135,139.34085,13.081538,7.4646
160271224,159.69862,12.761315,7.2667
16489593,116.83753,13.585646,9.2615
16490058,116.84629,12.863064,9.6748
16490132,116.82534,12.723679,9.1401
17560445,116.98655,12.140011,7.1636
17560991,116.99331,12.949415,8.7203
6859639,125.27861,12.775853,8.41202
6951263,125.98334,12.03547,8.9267
20419997,127.1896,13.731244,9.1488
408817059,127.080734,13.538092,8.85649
408817090,127.06458,13.620959,9.264
192982365,142.59888,12.939511,7.5832
67402041,171.10057,13.953503,8.1642
67402051,171.06528,13.901911,7.7913
186853008,124.64033,13.702759,8.82464
337656967,139.10353,13.920819,9.45145
70710315,156.22868,13.253316,8.8694
70710423,156.24403,12.730206,7.8987
155010776,143.74872,12.654492,6.83986
330692798,137.20316,12.945411,9.7141
156840660,147.97379,12.502871,9.2609
55266026,139.27446,12.634448,9.2888
82159116,148.7803,12.411033,9.3176
392835285,158.272,12.005838,9.1736
156380534,159.86012,12.310205,8.3262
263541228,144.70587,12.051428,8.44019
149492620,163.70583,13.277698,9.04177
149492640,163.80219,13.177657,8.88469
77071187,166.78311,13.157852,9.3251
240176173,169.41682,13.3901415,9.69074
160271406,159.64227,13.791882,9.0898
357181813,152.69379,12.750507,9.8379
61108111,154.44063,13.108803,7.5295
286813060,164.55562,12.408281,9.0056
67402269,171.13171,12.765501,8.66968
82524299,175.14888,12.806117,8.21111
82525789,175.30449,13.785436,8.66471
63838426,162.5564,13.786723,9.8892
70678013,155.72948,12.490847,9.7194
192982532,142.59897,12.201194,9.89835
186853592,124.646355,12.519349,9.68923
86270653,182.05182,12.6184635,9.9691
27510008,122.52619,12.755156,9.6095
358116668,130.9693,13.624991,9.83489
408816891,127.055504,13.140719,9.96732
35260516,138.48381,13.132575,8.9138
16223943,115.21852,12.912583,9.5117
16274802,115.50931,12.359544,8.3974
20487036,127.88875,13.472066,9.9135
293413176,131.72563,13.600804,9.7975
17596812,117.17558,12.014287,9.7582
16223071,115.13354,12.282554,9.3189
16223616,115.31878,12.444152,9.8093
6893670,125.537224,13.165096,8.9874
20486897,127.910286,13.027056,9.9754
35263223,138.75056,12.881047,9.0325
358788597,161.08089,13.552162,9.4011
358788873,161.22212,12.292838,9.6464
46305685,133.01094,12.4317255,8.924
46380387,133.63976,12.318888,9.4529
17596202,117.08614,12.937465,9.8535
17596310,117.16208,12.770639,9.7237
16160228,115.17138,13.977837,9.7483
16222884,115.17798,12.509411,9.1289
16275405,115.578415,13.24898,9.8025
16275470,115.47816,13.344946,9.176
46305204,132.83374,12.302897,8.0556
6893971,125.62514,13.858508,9.4938
20486111,127.75767,13.168424,9.0766
35263222,138.75624,12.883312,9.4902
195239380,142.31972,13.44787,9.381
247124446,112.99687,12.661303,5.65473
247134620,113.327156,13.197609,9.6224
16160350,115.12234,13.820476,8.8365
16223385,115.28453,12.133155,9.5334
408816006,121.08868,12.580313,8.416
293413355,131.72263,13.084084,9.0427
207275721,110.3714,12.093129,9.1377
207275786,110.45468,12.02539,8.3734
247134609,113.262054,13.185464,8.32184
247084596,112.47805,13.30698,9.6129
16160380,115.1966,13.771254,5.01098
16223651,115.28699,12.499047,8.5293
408815502,121.11951,13.416577,7.1142
16275552,115.46603,13.480457,3.94485
46305945,132.99164,13.167876,8.4471
6893648,125.52566,13.130272,7.5227
20486263,127.77186,12.714456,8.5715
308918205,150.48296,12.245798,6.8936
20495587,128.18419,13.552676,7.8411
46380693,133.69293,12.505434,9.6528
14365344,110.51511,12.448484,8.5156
21222271,129.02914,13.2088,8.6313
293462362,132.16475,12.546943,4.5527
293462376,132.18706,12.595997,6.8987
358670853,149.46915,13.607254,7.23977
335791112,158.72084,12.112699,7.5611
14612575,111.485245,12.732228,9.9479
14612936,111.474976,12.375375,9.7127
386938895,159.99585,13.456128,9.3871
63838627,162.53755,12.809514,7.6558
293462404,132.15808,12.664537,8.59584
366499777,127.09481,12.050433,7.8932
293462790,132.17848,13.83065,7.7849
312024625,139.50566,12.105738,9.79
358685510,149.57451,13.842211,9.2392
70666978,155.4249,12.598616,9.7477
63838705,162.57022,12.424897,8.9272
405464789,141.7487,12.115557,9.8009
69365556,121.83147,12.209575,9.08879
21273949,129.59605,12.93364,8.23727
437051601,134.77458,12.7050495,8.7105
437052398,134.8436,13.978827,9.7022
195216468,142.11192,12.674989,7.1368
61083497,153.97444,13.21502,9.6353
86181285,180.70316,12.883254,9.70703
17595877,117.0903,13.4109745,9.4289
69365250,121.87395,12.540043,9.4404
63279199,158.07042,12.91919,7.5946
165428428,173.20593,12.173594,8.6939
86181296,180.72224,12.807416,7.12613
165428376,173.0981,12.204465,7.99999
7024526,126.70607,12.536745,9.7174
330637095,136.06532,13.215016,9.20115
55286896,139.91061,13.483656,9.20143
55287020,139.9536,12.922388,8.465
55287061,139.94559,12.725483,9.2909
358805843,161.58047,12.747843,6.79787
195216319,142.0595,12.202419,9.5521
70721191,156.62434,12.419933,9.482
61322111,160.48622,13.757284,8.5969
165428216,173.11589,13.2967615,9.28925
165428542,173.1279,12.970825,9.37909
330637554,136.25256,12.414506,9.94393
330637624,136.2772,12.690834,9.868
21274249,129.57835,13.710006,9.46363
60182423,121.35539,12.320537,9.8811
761850662,114.66966,13.029855,9.2869
16452866,116.640884,13.482423,9.38
21222295,129.02386,13.278214,8.6593
21222418,129.08804,13.657078,9.8703
437058505,135.32747,12.187281,9.7931
437058827,135.39041,13.302271,9.5628
366354900,125.91898,12.070006,9.5515
35229061,138.04329,13.317494,9.3512
7060605,126.89412,13.227074,9.6149
247057234,112.33432,13.528989,7.0619
247077079,112.25039,13.704915,8.7558
14799091,113.95071,13.973681,9.5724
16452685,116.61693,13.76121,9.991
7060425,126.878265,13.700667,8.2372
7060769,126.88819,12.777574,7.5071
358116618,131.02328,13.748744,7.6221
358116656,131.08286,13.664097,8.1792
7060666,126.98151,13.047064,9.7105
7060775,126.921104,12.769002,9.16331
437058300,135.2105,12.573334,7.87434
21222478,129.0547,13.7693205,8.08
21222483,129.04564,13.777549,7.38103
14495632,111.00533,12.074272,8.39683
437058126,135.25049,13.14669,9.51929
437058314,135.26456,12.54426,8.65177
7060325,126.89824,13.979944,8.46173
16452858,116.6918,13.499046,9.9693
7060932,126.89745,12.355994,9.78653
60255742,125.011055,12.927853,9.9213
264901525,115.5555,12.035042,7.9703
27542085,122.56009,13.357412,9.7684
7020260,126.61733,12.3043165,9.7683
27542193,122.59986,13.099031,9.6112
27542328,122.59598,12.798008,7.5065
337633864,130.68095,12.726454,9.3202
321287484,137.44293,13.493928,8.1919
386865681,148.15736,12.370803,9.6433
440829763,109.470146,13.785517,9.2339
17662767,117.559654,13.45283,7.323
14673115,111.7069,12.8657675,8.3864
14446082,110.77373,13.436308,9.8434
247115116,112.78255,13.329312,9.3532
247122081,112.939186,13.990842,9.5195
247122156,112.9583,13.877426,9.0725
247161224,113.44962,13.803251,9.5666
247046639,112.03104,13.53169,9.6969
387275332,109.83463,13.261178,9.6778
387276542,109.832855,12.223142,9.4443
387277051,109.9425,12.186914,9.6743
387277428,109.979416,12.51645,9.7445
27541845,122.616394,13.869658,8.9093
386865750,148.10693,12.692439,9.8784
247161162,113.39356,13.895462,8.2891
247163144,113.50918,12.41484,9.5631
330692386,136.91493,12.726327,8.5968
35260987,138.61217,12.635061,9.0241
294525367,122.39783,13.82078,8.30573
70654423,154.9702,13.45176,8.09465
55286978,139.9344,13.143069,8.4851
61322158,160.52145,13.471057,7.67656
61322353,160.56476,12.418075,7.3963
355217229,152.50175,13.567794,8.95007
355217249,152.45482,13.652627,8.5168
60148456,114.69976,13.003658,9.9419
46296645,132.80466,13.325518,9.7507
61108050,154.4435,12.896849,7.3985
55286992,139.90187,13.070532,9.6776
55287098,139.98413,12.56803,9.2338
55287556,140.05295,13.4875965,9.4556
55287564,140.07935,13.527083,9.604
155010427,143.65904,13.016429,9.6339
761894185,113.39443,13.895912,9.9282
20423470,127.429306,12.006244,9.9537
20440936,127.45981,13.456504,9.2588
63816551,162.33205,12.84272,8.13244
155010361,143.68848,13.287426,8.2493
60148475,114.66941,13.029967,9.5413
186849322,124.56741,13.525018,8.8728
186849412,124.529335,13.721608,9.4513
20441053,127.488174,13.806539,9.0109
63308044,158.32452,12.4214325,9.7265
293376077,131.31308,12.422118,8.6661
155176238,144.22385,12.208858,8.5662
386865546,144.73077,12.2135935,8.8722
60149038,114.680214,13.750306,9.9596
294525357,122.28819,13.834937,8.9695
35228385,137.93478,13.338234,9.2627
293376326,131.37442,12.326804,8.9097
293376477,131.425,12.841456,8.2662
155010446,143.71178,12.940002,8.8061
16052556,114.48669,13.322825,8.7228
17863393,118.6806,13.342575,9.6674
63308316,158.32132,13.852134,7.0461
46296617,132.7932,13.259633,9.96827
293376344,131.41881,12.375443,9.8335
312065376,139.80623,12.03311,9.8615
440858396,109.742424,12.318103,8.9394
21289034,129.94005,13.517402,9.8406
14564644,111.31742,13.176303,9.6199
14564874,111.34742,13.446502,8.0143
14766786,113.72968,13.011681,7.4991
14766805,113.72911,13.043307,9.562
440858294,109.67053,12.411252,8.7727
14901623,114.43179,13.496278,9.0517
14902005,114.3519,12.976146,8.676
17863112,118.59976,13.785925,8.2956
17863500,118.63913,13.157002,8.3402
16418451,116.36499,13.825637,7.67547
284852455,124.022255,12.404863,8.7915
21288946,129.9482,13.729916,8.2956
21289201,129.94566,13.038873,8.4597
20423244,127.28808,12.551987,5.96946
61125299,154.60858,13.933741,7.4266
358842719,161.78856,13.663816,7.8822
358842814,161.75063,13.029812,7.4954
293461762,132.053,13.114734,9.6844
358842811,161.75797,13.039247,8.4545
20443950,127.526596,13.661447,9.5695
60148574,114.71243,13.16585,9.76978
60149195,114.64033,13.947885,9.8169
294526202,122.28824,12.157826,9.6139
437061847,135.56778,12.405949,9.1069
20537900,128.40271,13.550789,7.01034
446668698,120.63006,12.820491,8.107
46306204,132.9909,13.931661,8.2332
20537801,128.4377,13.257313,5.26926
195241555,142.47185,13.362692,7.0747
63881879,163.05745,13.098951,7.5916
59597966,146.01678,12.535165,7.8119
77113143,167.24849,13.677563,8.3599
77114600,167.31017,13.951807,8.3482
77114736,167.42204,13.273535,7.4867
386955408,172.78314,13.522082,8.4694
371815570,174.54146,13.599095,8.6769
371815698,174.50217,12.957443,6.13755
371816245,174.62292,13.927189,7.90413
86133291,180.17569,13.291799,9.8503
247163607,113.56579,12.922559,8.13
330688926,136.64696,13.055718,9.03228
386865311,144.7947,13.162904,9.11258
386865278,144.82176,13.312568,6.524
155010344,143.68657,13.395996,9.47889
386865432,144.74876,12.705343,8.86059
386865496,144.83209,12.4286175,8.8467
294525857,122.31716,12.867542,7.159
7025159,126.807724,13.04531,8.5933
7057274,126.78393,13.281725,9.1641
7057354,126.757545,13.523076,8.9158
55363092,140.8509,13.2032795,8.989
55363244,140.86563,13.852838,8.1553
450300953,144.3898,13.501118,9.1728
77113025,167.27768,13.104435,7.8438
462518592,170.42888,12.9857235,9.7041
219030788,172.93466,13.002701,9.7467
27650060,123.46635,12.114701,9.82318
437062223,135.59842,13.618973,9.0924
14776230,178.09097,12.881815,9.2288
14776444,178.13309,13.929932,9.8792
14800703,114.039536,12.058443,9.2538
20537891,128.41566,13.527063,9.7894
14775895,177.9889,12.722135,9.3344
14826221,179.5197,12.904824,9.516
195241540,142.39185,13.426677,8.9213
20572817,128.48563,12.358975,9.5542
247055665,112.218445,12.007609,9.5178
247055926,112.35085,12.19231,8.9021
341501181,170.6738,12.599134,9.62891
286813048,164.52206,12.494985,9.35344
82605759,176.6768,13.787008,9.7093
17818829,118.49551,13.760145,8.7255
440773867,108.675865,13.404593,9.7761
440774191,108.71331,13.1157875,8.4964
14565265,111.36516,13.915344,9.6786
27542557,122.5399,12.260242,9.4998
386938265,159.05688,13.813001,7.61016
357267936,151.65518,12.782072,7.16991
27654494,123.608315,12.709956,9.7156
286812930,164.57823,13.278323,8.0671
67444778,171.4977,12.222196,8.63747
82605735,176.63145,13.688843,7.7489
67504403,172.36581,12.459637,9.0916
371591108,173.81204,12.671794,7.7507
462518038,170.03506,13.492714,9.60076
341501221,170.66156,12.795636,9.26767
371590967,173.85995,13.335274,9.65878
371591005,173.78749,13.153327,8.72061
371591162,173.77867,12.332586,8.487
27654139,123.53098,13.515127,9.515
27679311,123.68902,13.495515,9.5003
387342237,110.21984,13.195001,9.5251
387342377,110.185684,13.338757,9.5221
387342420,110.161125,13.387451,9.2426
14765393,111.96415,12.6409855,9.4128
247094812,112.6473,13.293902,9.4225
17818642,118.549255,13.421172,6.28737
17818866,118.542534,13.826083,9.3708
16454065,116.73974,12.329381,8.6951
16454392,116.824265,12.817986,7.2515
27543151,122.742096,12.983041,7.5793
27654333,123.58748,13.048297,5.52583
27654425,123.55061,12.824943,9.3658
247132276,113.23054,13.529275,8.9877
16454370,116.70799,12.781872,9.1292
186816687,124.496864,13.639865,7.359
27679101,123.64964,13.022826,7.6243
27543099,122.77383,12.843513,9.6088
440773655,108.691986,13.594807,9.7203
247055571,112.19768,12.141266,9.0665
17818887,118.55961,13.865792,8.93853
27543168,122.71977,13.013734,9.41412
27654669,123.52201,12.269083,8.9687
247094740,112.63895,13.38135,9.9963
247094963,112.72096,13.122785,9.4963
16453922,116.77554,12.109693,9.95099
27654734,123.52294,12.125467,9.62256
27654882,123.709755,12.06044,9.85216
14563368,111.21267,12.137957,8.4923
16455074,116.73804,13.88759,8.2331
14563395,111.14282,12.1145935,8.5992
19064262,119.89847,12.983068,7.6145
247114129,112.85053,12.289103,9.4567
20572714,128.5343,12.613026,9.25307
330689601,136.68652,13.246902,8.822
6922616,125.72176,13.798978,9.5858
6923071,125.6947,12.735876,9.43706
46383816,133.87724,13.376243,9.39515
46384262,133.85246,12.126662,9.59109
55318014,140.45273,12.284432,9.5316
55397034,141.45639,13.4650345,9.659
247114102,112.76725,12.254388,8.26
17597496,117.2953,12.866564,8.69803
18998198,119.342995,13.2090025,9.42943
323793713,138.1878,12.09712,9.2611
330689435,136.73294,12.707594,9.6378
55277177,139.66676,13.113607,8.66352
55277388,139.73148,12.317774,8.28329
55277541,139.85834,12.313259,9.2896
55397180,141.47064,12.894086,9.13937
358703028,149.95679,13.45148,9.96417
357347720,152.10815,13.590209,9.31556
17597994,117.30669,13.685559,9.7802
55317938,140.39496,12.563403,9.96449
21581350,151.41705,13.75519,9.7258
18997859,119.347916,13.864065,9.5297
18998546,119.40308,12.551438,9.88319
358088133,120.785706,13.045536,9.6414
330689684,136.69766,13.515237,9.69945
234484185,114.21625,12.0787735,7.78442
14672278,111.62254,13.881705,9.7165
14672753,111.66908,13.284905,9.8231
387339509,110.04705,13.485159,9.9074
387339569,110.00733,13.4182205,9.947
14714910,111.91809,13.859958,9.4033
387340504,110.01594,12.489034,9.6461
387340607,110.02611,12.397589,9.8675
247161805,113.44194,13.160553,9.4262
247161811,113.420204,13.149767,9.5767
247161843,113.3865,13.1131735,8.8202
17661058,117.40924,13.167122,8.9721
17661230,117.41468,12.949063,9.8145
17661314,117.384636,12.814251,5.58629
17661528,117.40319,12.505551,8.9298
17661643,117.37249,12.359131,8.4118
17661789,117.41738,12.148763,6.03253
69370916,122.09682,13.153358,6.0123
69385764,122.08831,12.663985,9.6659
69385782,122.11013,12.632421,8.6083
27509980,122.463745,12.68916,7.0401
27510118,122.4865,13.00472,6.72508
437055444,135.09596,13.002104,8.8037
46361879,133.24654,13.982401,7.7154
337646175,131.11967,12.735011,7.7876
358117116,131.08563,12.487059,9.6691
60288640,132.23,13.624536,8.5572
408815167,121.05059,13.976305,8.98981
27510044,122.502106,12.8423605,7.12118
437055506,135.07198,13.205805,8.73994
387339371,110.02025,13.642734,8.608
247161625,113.42278,13.369735,8.8258
17661039,117.426765,13.195447,7.5737
27650803,123.41006,13.866868,8.4366
437055428,135.17752,12.948402,7.8038
437055488,135.15572,13.145182,9.4965
60284300,125.02883,13.27072,8.1364
27510289,122.50539,13.4220085,9.6355
437055713,135.13466,13.889784,9.5186
60284204,125.04015,13.475264,9.8603
60284609,125.11324,12.538918,9.1526
358117197,130.99205,12.281002,8.8673
16326961,116.05858,12.860071,5.18336
386618107,123.98545,13.979009,8.1784
321297344,137.85634,12.891104,7.3673
330637793,136.2421,13.343951,6.4941
321297169,137.80269,12.390923,8.2735
16326787,116.05425,12.611438,9.5833
321316284,137.80739,13.648255,9.1679
20495404,128.23175,12.927057,9.5471
321296984,137.73192,12.079946,8.8184
386938778,160.01636,12.823868,9.8131
60284669,125.02926,12.397427,9.2366
14714790,111.890724,13.972862,9.32693
247161593,113.447365,13.408033,7.28948
247162305,113.38718,12.573964,9.3051
408815308,121.12512,13.774461,7.59147
27650470,123.47596,13.117084,8.85093
69385730,122.10466,12.760299,8.59997
60284171,125.09229,13.541921,9.92686
60284308,125.06762,13.259194,8.62444
337646281,131.18161,13.100236,8.90356
14672694,111.72358,13.358129,9.60719
17661360,117.4248,12.752434,9.6191
17661382,117.43511,12.717399,9.99591
69370959,122.10722,13.051102,9.9477
293462042,132.05205,12.32273,9.5527
257216386,136.96866,13.686593,9.3265
293462606,132.12794,13.291424,9.35355
16126786,114.7707,12.879698,9.5737
27542398,122.55434,12.643511,9.39726
27542451,122.56655,12.515568,9.4403
70712765,156.4026,12.98073,9.52892
155176315,144.22269,12.4984,9.5817
17746533,117.85575,12.349983,8.9284
18876371,118.7583,12.569505,6.1042
46295550,132.58693,13.138405,9.8809
60255219,124.82558,12.069512,8.6973
14673244,111.62834,12.726143,9.1959
14673586,111.692085,12.359705,8.2537
14706565,111.72834,12.084067,9.9594
60183119,121.388336,13.5041485,5.70587
17816761,118.409325,13.701434,9.7276
16419365,116.40038,12.340687,8.7575
186812304,124.28392,12.037566,8.39297
16419562,116.3761,12.01365,9.9352
18876928,118.80607,13.545787,9.3987
60254848,124.84545,12.932413,9.7465
60255086,124.80837,12.397424,9.2735
60255165,124.88165,12.183209,9.7691
27630297,123.270615,13.56764,9.863
16419119,116.36916,12.694163,9.2847
46295304,132.6991,13.844883,9.0171
60254969,124.868095,12.652182,9.6124
440764537,108.57181,13.258479,9.6912
60183003,121.3801,13.272014,9.8974
17816744,118.39343,13.738321,8.9102
60254894,124.824165,12.815059,9.0567
60254972,124.82984,12.64587,9.4396
16419240,116.38569,12.51915,9.144
186812948,124.34148,13.563272,8.5227
294525534,122.358284,13.515343,9.79998
186812530,124.320404,12.601364,9.19813
186812615,124.34555,12.813691,9.2116
60255727,124.92764,12.879414,9.17658
17745958,117.94066,13.333134,9.82414
18876249,118.71198,12.372639,9.5983
440764030,108.59251,12.827728,9.98705
440764764,108.57978,13.475818,9.7968
440765193,108.63037,13.860218,9.3811
17864130,118.68339,12.091153,9.8448
440802476,109.297676,13.865697,7.35109
18915205,118.82635,13.298982,8.35005
186816754,124.40348,13.499938,9.1685
186817235,124.47919,12.426873,9.25146
186817780,124.59062,12.561977,9.0642
333799773,130.56212,12.616091,9.28778
293379400,131.49692,13.263498,8.66658
14722473,176.81418,12.664463,7.69258
14722740,176.9491,12.94468,7.79282
14722804,176.8602,13.386293,8.76917
14722818,176.96622,13.456251,8.47115
86151246,180.2646,13.008338,8.3805
86151386,180.30737,12.377789,6.8268
307677463,152.94675,13.397995,8.9053
307677492,153.02837,13.297334,9.2596
440801931,109.371735,13.49209,8.6111
337389792,110.33742,13.164725,7.2632
440800663,109.3588,12.36062,9.10968
18915222,118.84736,13.28361,9.75301
18915591,118.91308,12.669037,9.9367
27547009,122.832184,13.470296,9.41335
21277582,129.68393,12.704209,9.41033
20443859,127.542984,13.883827,9.7836
17776844,118.20968,13.741763,9.93912
257217308,137.10612,13.933176,9.80849
27546943,122.86268,13.634854,9.87817
333799832,130.46927,12.397543,9.99672
333800477,130.81032,13.668171,9.66612
186817940,124.54376,12.862678,9.48936
333799879,130.52882,12.272696,9.8983
440801824,109.288216,13.398241,9.8159
155013052,144.04158,12.078753,8.9891
63838808,162.64073,12.042736,9.23995
59612085,146.5116,13.450057,8.5759
82597567,176.29774,12.394152,9.8512
67400529,170.9917,13.178745,9.0115
67458178,171.55827,13.051396,8.6287
335790805,158.7356,13.614601,8.66023
193015064,143.03108,13.010972,9.22369
193015752,143.11975,13.846699,9.0055
258671605,147.04523,12.584268,9.1979
82597920,176.45984,13.61887,8.3517
72406779,178.86345,13.617242,8.3506
67397496,170.87161,12.835857,8.70463
67458061,171.53139,13.820509,8.94126
67458600,171.71886,13.052371,9.95074
82597898,176.3525,13.466445,9.4358
72406260,178.74695,13.767353,9.6429
55378375,140.98866,12.803128,9.9892
55397604,141.55591,12.83475,9.55484
14767304,113.79506,13.745303,9.94502
16490163,116.947716,12.670942,9.4572
160271161,159.61635,12.424489,9.7517
440735900,108.27598,13.017743,8.6986
330692794,137.2085,12.920981,9.8829
355216639,152.38857,13.876455,9.56616
82546579,175.51651,12.284914,6.5783
21339016,130.16208,13.832578,9.39152
21339343,130.11987,12.821717,8.8482
6951015,125.919685,12.681056,9.4364
358116669,130.9705,13.623959,8.07889
408816468,127.00701,12.169861,9.8682
233637016,159.53024,13.553799,9.47792
247087539,112.60927,13.86496,6.8674
247087542,112.61085,13.866447,8.659
6860042,125.341965,13.643482,8.6304
21339102,130.1396,13.556397,9.4059
437041591,134.13794,12.431896,7.8137
357181959,152.75134,13.469221,9.4673
357181962,152.74774,13.471142,9.2966
59611522,146.33698,13.272821,8.908
61107777,154.36047,12.290514,8.4764
27509862,122.4965,12.426284,9.55902
16489815,116.831474,13.230454,9.48536
16489894,116.94437,13.108417,8.97871
20419387,127.20853,12.043164,9.36848
311991053,139.27602,12.106294,9.1605
82159250,148.94153,12.279071,9.44414
160271230,159.68849,12.786174,9.2216
59611685,146.3885,12.474576,9.7264
82546997,175.61725,13.636528,9.4731
17747109,118.02592,12.603891,7.8023
294499894,110.46826,12.909215,9.9725
440735206,108.270515,12.449547,8.6906
440736376,108.38394,13.399376,9.3937
440752528,108.348976,13.762959,5.5364
247045829,112.095,12.713399,9.9632
247045987,112.02921,12.860521,9.2787
387278989,109.9048,13.943822,7.26744
17747683,118.04148,13.5946665,9.499
16275466,115.54403,13.339646,7.6147
358089097,120.83531,12.330098,9.1485
440735271,108.37145,12.509789,9.4931
440736180,108.38528,13.254945,8.5142
247125569,113.087395,13.983005,9.9957
14563706,111.36095,12.188124,8.0637
294499411,110.47775,13.411706,8.9705
294499582,110.43897,13.246386,9.8705
294499657,110.41359,13.161289,9.773
294499870,110.48447,12.931115,9.0228
294500498,110.481384,12.29994,9.3039
294500661,110.47975,12.141046,8.1677
14665236,111.53343,13.1964655,8.9368
14563689,111.34525,12.173298,7.8769
247054088,112.17297,13.72176,9.6088
18939273,119.084724,13.126487,9.6464
19111962,120.13361,13.95348,8.9182
18939565,119.13362,12.588064,9.12078
337630640,130.39908,13.601351,9.2584
437061249,135.44678,13.687178,8.106
16275101,115.5228,12.794291,9.0958
358088743,120.67326,12.052884,8.7199
358089599,120.90966,13.117304,9.6229
358089005,120.86972,12.181306,6.2533
440735177,108.329865,12.424815,9.42466
440735957,108.39101,13.074315,8.94864
440736236,108.38589,13.3008995,9.2681
14613516,111.521225,12.313273,9.53529
387278116,109.96787,13.134945,9.48345
387278386,109.955284,13.374072,9.36806
294500947,122.15993,12.173265,9.07518
358089474,120.877815,12.960634,9.8817
247045715,112.036224,12.583674,9.66816
19026268,119.61659,12.286813,9.8688
27636527,123.2836,13.628097,7.7765
18916581,119.000916,12.858522,9.2099
6997114,126.3811,13.172341,9.6094
20423005,127.35896,13.290153,9.1252
20423050,127.26208,13.166672,8.5184
20423055,127.34996,13.137632,6.92352
293413817,131.8983,12.170716,7.4984
20494807,128.04742,12.80278,6.35454
17660598,117.41943,13.858505,6.7274
271207295,119.69163,12.120648,7.54292
21285884,129.81584,12.960375,7.3706
21286180,129.7896,13.777792,9.7413
20423010,127.344406,13.277727,9.5027
247045311,111.99934,12.169598,7.1387
18917045,119.02867,13.660148,7.2544
21285586,129.73053,12.057229,7.8436
20423023,127.24469,13.246014,9.1426
247164312,113.51228,13.771418,8.4521
27636539,123.34104,13.610057,9.9365
18916754,118.98352,13.148154,9.9721
35260394,138.43909,13.567658,9.9499
18914995,118.831894,13.6624975,9.8019
69297879,121.76767,13.131254,9.98985
357245439,130.90483,12.19814,9.8452
357245614,130.95955,12.749566,9.7383
20422861,127.29177,13.714458,9.2848
293413848,131.90106,12.276487,9.6044
293414071,131.92844,12.937545,9.0704
19112056,120.064896,13.796619,9.1074
69297851,121.70267,13.065481,9.25834
18938809,119.16314,13.968387,9.9769
337630692,130.45505,13.74578,9.0926
14614034,111.5954,12.877704,9.67679
247054165,112.18303,13.628453,7.92795
270096345,115.087746,12.122695,8.9326
18916450,119.040245,12.6531925,8.893
293413685,131.73341,12.109953,5.8084
247163878,113.58854,13.245747,8.2971
337633551,130.61142,13.551598,9.292
293414051,131.93729,12.887365,8.4649
247045319,112.090515,12.17969,8.55366
19025719,119.57188,13.346011,9.5027
19026006,119.60161,12.802606,9.4194
19026010,119.616486,12.796384,8.92357
18917058,118.95421,13.681239,9.51207
337633393,130.6484,13.990475,8.78748
247045562,111.99472,12.415917,9.91563
14902474,114.43877,12.349843,9.6344
14902505,114.44713,12.304218,9.9623
16052209,114.50354,12.801452,8.1558
46310554,133.09976,13.233437,6.9671
247163725,113.57137,13.052431,9.8886
440775647,108.81981,12.202945,9.301
440776289,108.8071,12.731984,8.7294
440776350,108.858536,12.788446,8.5987
16052595,114.48788,13.373764,9.42292
46310527,133.10052,13.268377,8.904
247094237,112.635864,13.9546385,9.7053
440799488,109.25456,12.663803,9.17
440800454,109.35462,12.174979,9.7383
247094340,112.63334,13.8444805,7.3943
440776326,108.78572,12.76439,8.06821
440798853,109.25975,13.227651,9.07365
14495434,110.93469,12.080074,9.0078
440776288,108.80315,12.731825,9.8398
247124452,113.09644,12.6667595,8.73581
440800117,109.22446,12.1090355,9.0495
16153951,114.991806,12.412118,9.0506
440775621,108.87749,12.184121,9.64887
247094456,112.63908,13.71839,9.99589
60182265,121.3393,12.062328,9.893
220587225,117.43831,12.131856,9.8758
46364393,133.44058,13.8304205,6.91014
14446506,110.84013,13.916686,7.86042
247046723,112.07372,13.604282,8.8784
27542123,122.53463,13.25217,9.66992
46381039,133.69215,13.561452,8.51035
247114595,112.84848,12.774591,8.6147
46380932,133.72548,13.273202,9.1094
247135181,113.2706,13.887665,9.9515
27541914,122.6288,13.733393,9.94736
14445761,110.86808,13.072083,9.7677
247114765,112.79884,12.948602,9.3697
155579804,158.84315,12.613052,9.49292
155579981,158.77121,13.699129,9.6196
14562458,111.182274,13.107519,8.4104
14562716,111.15115,12.833205,9.4609
440856661,109.70914,13.962913,9.32418
440857005,109.73693,13.63832,8.2904
18999566,119.5463,13.3295145,6.56171
16380265,116.0902,12.828685,7.9371
16381018,116.32556,12.262626,8.6727
16381747,116.23835,13.476694,9.48643
247053910,112.183846,13.92528,9.9877
440857114,109.6956,13.528958,6.7511
16381584,116.30059,13.201974,9.5465
440856708,109.69657,13.917364,9.7565
18999606,119.48323,13.401277,9.9428
27629711,123.22388,13.006894,9.534
14366805,110.56266,13.986699,8.1402
14562858,111.23074,12.682189,9.7931
440856766,109.73544,13.854196,9.33286
18998873,119.51752,12.02938,8.64528
16380380,116.11005,12.650497,9.2935
247115660,112.856834,13.907904,9.7732
16381609,116.212585,13.251001,9.8523
357245820,130.91808,13.305972,9.67028
440848102,109.59785,13.079865,8.545
16153560,114.91402,12.043781,8.1451
294501714,122.25721,13.684699,8.4182
17676211,117.77509,12.9277525,9.4424
17775303,118.12605,12.8087635,9.8633
17775366,118.09093,12.690671,9.293
294501713,122.26759,13.6829815,7.7229
21184352,128.65752,12.253435,8.481
21184777,128.77876,12.846599,7.8933
46295927,132.68251,12.127957,7.9992
46296510,132.71178,12.984793,7.5232
321294098,137.59134,13.6518955,7.9546
46295834,132.5879,12.353248,9.5242
294501348,122.20304,12.953139,7.672
186817004,124.48737,12.934166,9.0087
17676388,117.769135,13.210617,8.7883
294501296,122.21469,12.869348,8.2254
27543334,122.756516,13.383409,8.97
21183938,128.61526,13.191285,9.7982
321288314,137.59912,13.374938,8.7094
46296359,132.76257,12.548126,9.83719
46296380,132.73883,12.622295,8.9755
294501074,122.182884,12.473485,9.9222
17676722,117.7976,13.741751,8.61068
21185120,128.78226,13.772549,9.38503
321288310,137.58437,13.357293,9.40502
294501689,122.176865,13.6409235,5.7846
17775850,118.19229,12.035678,8.9808
21184505,128.85269,12.0116415,8.80021
321294142,137.58806,13.733118,9.3933
17775747,118.13971,12.019339,9.9323
294501647,122.24509,13.562191,9.95218
46295616,132.59879,12.93743,9.61754
17774794,118.121796,13.653923,9.7719
21183892,128.70992,13.306359,9.84061
761809678,112.28937,12.879487,8.2109
21289217,129.95712,12.979456,9.89472
61125384,154.55588,13.546992,9.7398
156851081,148.62639,12.07009,9.82852
14901292,114.36176,13.9828005,8.05801
63307809,158.14049,12.730506,8.46418
61125804,154.7461,12.292405,8.38694
14565183,111.309166,13.821307,9.5278
284852092,124.07405,13.168067,8.3072
21289047,129.8569,13.466984,9.2759
61125923,154.65015,12.793834,8.40086
21289088,129.89885,13.366193,9.9373
20423387,127.306015,12.15741,9.8529
61125572,154.5887,12.621109,6.4738
16418427,116.32892,13.878288,9.58195
284852126,124.10943,13.092573,9.76448
20423289,127.363686,12.384629,8.55137
61125538,154.60106,12.763332,8.97321
386588876,123.9823,12.857837,8.46551
321296847,137.70093,12.554288,8.8051
330637903,136.24202,13.760868,9.1199
14494641,110.946106,12.964719,7.2905
16140714,114.90228,12.89427,8.31161
386589071,123.92059,13.26215,9.571
46365528,133.49174,13.310676,9.05903
20494683,128.09904,13.251393,7.78287
16326604,116.00292,12.354946,9.5352
386588503,123.961555,12.145406,9.8211
386588831,123.93694,12.748742,9.8028
20494945,128.01924,12.413665,9.703
440829568,109.40114,13.968369,9.5752
46305289,132.86382,12.127931,7.88096
46305631,133.04391,12.298293,9.32167
17596636,117.10783,12.28277,8.52442
17596684,117.192924,12.203813,8.65335
16160873,115.177605,13.083922,8.57566
6892567,125.49659,13.061089,9.5622
437048933,134.61438,13.67459,9.7945
293413122,131.75781,13.748311,9.97269
358788684,161.07837,12.998258,8.7976
293413325,131.79893,13.194533,9.54236
18999737,119.46916,13.642379,9.81308
6893917,125.61752,13.735318,9.02097
20486796,127.87569,12.751328,8.42216
321253173,137.31723,12.143825,9.7481
35263393,138.7529,12.178951,9.2876
60228820,121.50689,13.094713,9.6297
16326041,115.85629,12.451275,9.5954
16326290,115.87368,12.04604,9.127
69294652,121.22528,12.178706,6.7902
69294916,121.25622,12.700505,7.8501
60229733,121.60842,12.543253,8.757
60230313,121.645195,13.670662,8.6115
14708141,111.77832,13.59842,8.6385
247123962,112.99378,12.130767,9.4732
440847439,109.556335,12.500266,9.3414
60228799,121.538216,13.1474285,8.7089
69294605,121.18686,12.073039,9.4016
16325601,115.846054,13.124214,9.5661
16327113,115.98611,13.103104,9.2985
69295227,121.22058,13.350172,9.0484
60230216,121.55926,13.47602,9.9845
69295126,121.26871,13.118219,5.1682
14707979,111.79133,13.420514,8.9245
440831181,109.45743,12.545894,9.80183
69294599,121.184425,12.067109,9.50615
247124159,113.05558,12.3654175,9.33049
16325269,115.92726,13.66895,8.84114
16325446,115.914474,13.387283,9.62468
16325702,115.92714,12.981491,8.4591
247124197,113.08875,12.400172,9.86148
440788106,109.0944,12.239403,9.1266
17818259,118.488144,12.766347,9.61384
247170551,113.605446,13.955421,9.8192
14847453,114.205864,13.386732,8.5166
14847820,114.10809,12.918093,7.976
14847862,114.19162,12.86549,6.12767
14849289,114.25333,12.868102,8.1671
16224040,115.291565,13.059765,9.9825
16224501,115.28091,13.704073,9.1645
16224520,115.27448,13.731832,9.0406
16281182,115.69254,13.566208,9.5657
16322197,115.64807,12.640099,9.9473
453209652,116.95046,12.111441,9.874
21272886,129.3671,13.829477,9.6418
21272997,129.46796,13.537126,9.4151
21273370,129.47214,12.50858,9.32283
21273501,129.4218,12.141191,7.9747
386621949,124.23736,13.54482,8.6197
386622660,124.15884,12.1287,8.46058
46305547,133.00963,12.0875025,9.8652
333799766,130.58781,12.638216,7.96006
6951848,126.00856,13.1931095,9.7906
386621751,124.23269,13.934639,8.39006
14848195,114.13289,12.489327,9.0166
16281360,115.63095,13.318243,9.5268
16321755,115.617966,13.245106,7.5425
21273024,129.40416,13.467447,8.3163
386622354,124.2647,12.736047,8.2915
337389889,110.32175,13.0783615,9.4133
14847603,114.18921,13.177153,9.8717
14847960,114.11547,12.73496,9.8939
16224210,115.32093,13.285714,8.8652
21272837,129.40196,13.983254,9.962
21273415,129.41246,12.392323,9.3417
60285347,125.17418,13.004726,9.6718
14442934,110.64786,13.938832,7.08817
247056860,112.305405,13.120866,9.4072
6892367,125.397896,13.549046,9.7637
26638460,108.06818,12.214022,9.8767
337390178,110.32918,12.850371,7.4355
247045763,112.116005,12.640892,8.5303
60229282,121.42271,12.185867,9.4158
21244405,129.1714,13.995592,8.0452
26595872,108.08865,13.004886,9.5883
26596014,108.02981,12.888618,9.6751
14443107,110.62583,13.727994,9.21761
26638414,108.08975,12.249807,9.9137
46305776,133.06331,12.654788,9.99663
60285193,125.25215,12.690111,9.24103
60285227,125.24019,12.758898,9.48847
333799506,130.57806,13.374685,8.66834
6951998,126.08175,13.506106,8.22946
386622577,124.2539,12.294257,9.80995
46306022,133.00804,13.390643,8.35718
14848491,114.18496,12.100328,9.97274
21273383,129.36288,12.471774,9.97386
16322354,115.67595,12.424558,9.7837
440776342,108.868484,12.7831335,9.7362
440798843,109.16578,13.236523,8.7081
440799247,109.250046,12.877517,9.1163
16154235,115.08246,12.82178,7.8671
16154774,115.07456,13.541545,8.7725
16154654,115.0268,13.355391,9.9613
440799049,109.21088,13.052139,9.1685
60182332,121.392746,12.174677,9.8641
60229295,121.42631,12.163515,9.3567
21244456,129.12495,13.839922,9.4489
21289596,129.98857,12.037556,9.2966
337389888,110.25673,13.079189,7.8951
247056608,112.28932,12.879358,8.0528
26639389,108.26587,12.486706,9.9663
26527476,107.950485,12.072569,9.2408
26638034,108.11489,12.532632,8.22466
247056201,112.32743,12.448785,7.56979
247056498,112.29718,12.760013,6.38508
6892327,125.47185,13.624104,7.07071
337390566,110.37582,12.529986,9.9558
337389921,110.31152,13.055524,9.0903
337390696,110.27836,12.429494,8.91873
247046208,112.02532,13.086833,9.11767
234442907,113.597145,12.035088,9.85577
337389951,110.28501,13.027456,9.83817
14443462,110.718185,13.345619,9.3529
14443670,110.63142,13.135619,9.4745
234400045,113.09909,12.120719,9.5393
21244578,129.14714,13.481984,9.98327
247085906,112.59789,12.017313,9.7456
247086225,112.54306,12.401456,9.4144
14366040,110.54813,13.172295,9.052
421072781,112.16311,12.045681,9.8017
19026768,119.755455,12.587653,9.8497
14366208,110.544914,13.349991,8.8937
247086146,112.495544,12.326544,8.2991
14801546,114.02288,13.268431,8.5631
27548314,122.98719,13.38912,7.90751
21221218,128.88756,13.603909,7.637
21221767,128.88403,12.12513,7.68177
21222393,129.10301,13.573112,9.5236
17817299,118.414925,12.742665,7.9573
17817651,118.39102,12.078061,9.4169
18940475,119.24152,13.075275,9.8042
69292626,121.02483,13.687524,5.85772
14496400,111.0557,12.873075,9.48
14496500,111.08886,12.978044,9.7664
14496805,111.03925,13.320265,9.5282
14497019,111.01809,13.5656595,9.6288
69292084,121.0061,12.434169,8.3504
69292191,120.94565,12.676435,8.9453
17817216,118.35114,12.893618,9.4887
69292190,120.97078,12.675669,9.30558
17817317,118.3292,12.70348,8.43689
17817323,118.366,12.684673,7.9648
18940008,119.277084,12.19181,9.61
18940647,119.2998,13.411953,8.14206
27548083,122.92972,12.839041,9.6737
21221492,128.8989,12.79459,8.7431
247171140,113.68541,13.232483,8.9445
60147959,114.69363,12.43346,9.3647
247171153,113.62033,13.2201805,9.2259
247085319,112.42109,12.518212,9.6633
60147869,114.679596,12.329564,9.904
247085755,112.4491,12.00656,3.46551
60147742,114.63041,12.167136,9.1097
21221177,128.93948,13.745895,9.9869
440761335,108.414116,13.464182,8.2875
14765377,111.87565,12.652712,7.3191
19063778,119.85046,13.827553,6.91616
440760753,108.497826,13.974391,7.2308
440760881,108.39758,13.861668,9.614
234388232,112.892075,12.034599,9.3422
19026700,119.68517,12.44903,8.7507
21221252,128.94392,13.526331,8.0155
21221544,128.92735,12.663878,9.40593
21221788,128.87521,12.06643,8.38436
14715181,111.86744,13.541862,9.1284
14764965,111.90659,13.111299,9.155
14765109,111.881615,12.934419,9.0
14765119,111.96738,12.923576,8.4764
387341347,110.175934,12.297721,9.7129
14497299,111.1056,13.906917,9.1632
17561252,117.065445,13.376979,9.304
27548343,122.95591,13.445605,6.5198
17560734,116.96038,12.542458,9.8371
247085540,112.474434,12.297085,9.0014
14562244,111.17254,13.339899,9.8061
247085161,112.42837,12.685163,9.1553
14366030,110.60441,13.164451,9.9603
27548079,122.99654,12.831868,9.74537
387341198,110.190346,12.156477,8.91734
14497251,111.00503,13.834265,9.00341
14497339,111.077255,13.9397,8.31409
17747626,117.95858,13.5053,8.58716
14764644,111.8691,13.503477,9.8704
14765031,111.86848,13.030682,9.7746
14497308,111.047226,13.911232,9.8924
17561302,117.02509,13.464712,9.62043
17590817,116.994545,13.911325,9.81076
21244740,129.16216,13.03342,8.9031
21244765,129.21783,12.98048,9.8222
21245070,129.22392,12.227816,9.981
21245339,129.30437,12.403117,9.4832
21245567,129.28723,13.064746,9.423
14365096,110.56641,12.18567,7.5452
17818723,118.547615,13.582428,7.1071
14611982,111.37637,13.351961,7.7235
14612235,111.39339,13.072816,6.46608
14612333,111.38153,12.973789,7.837
14612512,111.43998,12.794388,9.8741
14800045,113.92412,12.724142,9.97216
17818117,118.4611,12.564627,9.607
16379598,116.12088,13.820842,9.4544
21244873,129.1499,12.726215,9.824
14766041,113.78714,12.066295,8.5945
14766113,113.789986,12.168248,8.76038
14799928,113.93495,12.873568,8.4648
14612516,111.378426,12.793117,9.2504
440763244,108.606926,12.110597,9.3575
14611403,111.373314,13.98581,9.7463
17662821,117.51211,13.547672,9.1587
17662833,117.49647,13.562799,9.6677
77114770,167.30284,13.095296,8.65829
219030886,172.92336,13.826724,9.5932
408816267,121.09448,12.117074,9.56292
294525896,122.38208,12.797158,9.0386
321253526,137.37927,13.35694,7.92402
55268238,139.45244,13.659476,8.40154
55268637,139.52586,12.16906,9.7895
55268685,139.5628,12.326255,9.71203
380618547,175.82596,12.082694,9.27365
77114803,167.34879,12.932641,8.45575
386955505,172.78014,13.020607,9.59306
371816230,174.62547,13.865117,9.3592
14775954,178.01637,12.438863,9.94448
55268857,139.59758,13.081984,9.92951
26595326,108.11898,13.458541,9.45965
26640944,108.207756,13.685759,9.8571
26639877,108.17449,12.856129,9.4561
26640624,108.236015,13.430279,9.7823
26641284,108.16723,13.960818,9.9595
337391063,110.321846,12.128168,9.8188
14801967,114.05433,13.855801,8.4263
247086938,112.58228,13.135838,8.9093
247087196,112.59722,13.439265,9.6293
247095373,112.675026,12.68943,9.5997
247095394,112.618256,12.66578,9.5939
247084475,112.44925,13.44904,9.0601
387275178,109.76789,13.398166,9.6637
14800488,113.85752,12.171044,9.2155
247086727,112.495415,12.939884,8.9477
247086935,112.56744,13.133171,8.716
247087176,112.59042,13.417473,9.06119
387275013,109.84749,13.549088,9.4142
247087272,112.55104,13.535414,9.7773
18999683,119.54168,13.547275,9.2238
27629812,123.221176,13.1140785,9.972
269972619,114.49744,12.016645,9.0512
18999365,119.44352,12.935525,9.8385
440734927,108.38209,12.209802,9.1918
264239035,108.63592,12.115824,4.83067
247134049,113.28964,12.5566025,8.3778
440786818,108.97635,12.784854,7.7774
440788431,109.05457,12.498149,9.9413
440789776,109.014626,13.755659,9.6513
421007365,111.98618,12.093584,9.8664
440777354,108.78594,13.750601,8.1056
440789354,109.11722,13.37323,9.7415
440789999,109.02877,13.938262,9.6155
440788366,109.098274,12.451662,8.9776
247134285,113.31073,12.828622,9.7855
247134330,113.236755,12.883046,9.62519
247123092,112.93895,12.815586,9.3711
247123293,112.98381,12.608571,9.84724
440785596,108.923996,13.864407,7.1166
440787686,108.96547,12.0398445,8.9713
440831604,109.481995,12.183568,9.7154
440831691,109.4407,12.095929,9.6225
440785549,108.977234,13.908244,9.358
440786812,108.99861,12.788906,8.2795
26527716,107.970245,12.263834,9.6894
26528201,108.018234,12.627649,9.7124
440831613,109.4917,12.17557,9.91957
26640796,108.23435,13.559715,9.7553
26640050,108.22901,12.993256,9.5763
26640097,108.23127,13.028352,9.3379
26640646,108.26493,13.446182,9.9205
26640772,108.15953,13.545535,9.6952
293458865,131.94092,13.452018,9.557
156840725,148.0448,12.215541,9.4972
155559125,159.25674,12.864824,6.188
149496511,164.32619,13.775409,8.497
903458190,167.4883,14.710786,7.7433
903443369,169.74991,14.267911,6.0181
903457221,166.63095,14.262308,9.4334
14610660,111.373665,14.83565,8.6941
903457222,166.63155,14.26239,8.36
156380098,159.88643,15.330601,8.6114
19027521,119.75274,14.09133,9.7444
293367431,131.30725,15.388119,9.4516
14709514,111.858154,15.316416,7.5944
14768025,113.7347,14.764952,9.3341
14725877,177.26498,14.572097,2.354
6894807,125.53256,15.84868,9.7154
408814881,121.09182,14.534476,9.417
55287699,140.01321,14.063871,9.887
247092579,112.651085,15.839351,9.2035
55276743,139.72466,14.893889,8.845
239208577,169.74991,14.267911,6.0181
82548191,175.80176,15.270634,8.317
55275571,139.64314,15.777218,9.9868
59598450,146.0302,14.908135,9.506
762010605,111.373665,14.83565,8.6941
55378005,141.00388,14.19784,8.5598
761911887,113.7347,14.764952,9.3341
55382018,141.28897,14.809605,8.6508
55379111,141.1103,14.194076,9.738
762113692,111.858864,15.316325,8.6053
762113693,111.858154,15.316416,7.5944
77115488,167.4883,14.710786,7.7433
77070479,166.63155,14.26239,8.36
70654164,154.97397,14.753632,9.061
800537158,135.0531,15.825217,9.7684
63817112,162.39748,14.201847,9.469
800537155,135.05374,15.825203,9.3851
437054082,135.05374,15.825203,9.3851
740005246,119.75274,14.09133,9.7444
800563562,139.64314,15.777218,9.9868
471011722,177.26494,14.57206,2.14
800714586,125.53256,15.848989,9.9408
762111171,112.651085,15.839351,9.2035
800526811,131.30725,15.388119,9.4516
247125632,113.060524,14.07249,9.042
840119849,141.00388,14.19784,8.5598
840120484,141.28897,14.809605,8.6508
7059928,126.980095,15.100285,7.234
800714587,125.53256,15.84868,9.7154
842442957,159.88643,15.330601,8.6114
440777875,108.85744,14.236686,9.615
842453185,155.68199,15.344125,9.1811
330690137,136.69168,15.216082,7.25
27631070,123.20416,14.331349,7.8914
27632493,123.245995,15.783722,8.98657
27631650,123.16906,14.918507,9.27527
27631068,123.17066,14.330394,9.5928
77127107,167.5936,15.047228,9.37
27631316,123.153625,14.588165,8.27605
27631862,123.187645,15.116508,9.8216
27626234,123.071175,14.126315,9.8002
27626380,123.092415,14.004119,6.38867
6995647,126.39039,15.135771,7.2519
16229568,115.34375,14.529427,9.1671
16229340,115.38988,14.681231,9.5985
16129402,114.769295,14.670571,9.7894
16129254,114.75257,14.563288,9.8408
16129079,114.83459,14.463313,7.3626
16137046,114.886314,15.550989,8.5525
16229787,115.4129,14.373102,9.3988
17815767,118.39423,15.515042,9.493
386909556,159.09088,14.793471,6.1616
82592957,175.80165,15.269398,9.5352
46309953,133.0863,14.119239,8.1642
293496612,132.17937,15.258146,9.7914
358745277,150.42189,14.468269,9.35579
77139245,168.02312,14.306198,8.04045
77141542,168.0798,14.900059,9.3705
358841370,161.60532,14.194647,4.7057
358744833,150.33632,15.670643,6.5615
240175630,169.21756,15.438488,9.0043
239209435,170.28226,15.229787,7.7557
371812898,174.26184,15.9290085,8.8673
371813093,174.30487,14.949078,8.438
67513048,173.44473,14.478463,8.3681
61081517,153.66435,14.630738,9.7583
61081689,153.77599,15.697006,9.6142
61047967,153.51872,15.255311,8.6098
61081731,153.75812,15.918985,9.3851
240173056,168.85645,15.113041,6.59353
77145713,168.19638,14.741095,8.8747
61103107,154.23856,14.336171,7.9267
240174861,169.05789,14.117451,9.4846
67512131,173.31313,14.123512,8.9904
371814184,174.36703,14.54055,9.0642
240174024,168.95747,15.442232,9.248
240175574,169.17218,15.045379,8.0333
239208686,169.67091,15.070166,8.9278
255829857,174.21826,14.718688,8.6755
67474072,171.93625,14.518858,9.024
67474226,171.93964,15.327912,7.729
437051177,134.6924,14.2296915,7.0902
372445761,165.78935,14.427037,9.3631
61100896,153.91371,15.423508,8.5643
240173854,168.9921,14.279415,9.664
240173922,168.98418,14.703511,8.9272
61081536,153.71915,14.729423,9.95524
67514272,173.53436,14.891415,8.1134
337647262,131.10341,15.914975,8.6211
155011066,143.7896,14.075633,7.9703
67474187,171.97144,15.146781,5.667
240175460,169.1832,14.105816,8.6441
371814294,174.43748,15.143001,8.2761
240173995,169.00127,15.251504,9.68556
240175453,169.22011,14.073642,9.60244
240175544,169.18016,14.780017,9.28157
240175569,169.28033,15.017969,8.20651
371814109,174.44432,14.064839,9.70663
77145909,168.24321,15.8406515,9.7003
239208767,169.70847,15.597529,8.8827
255829768,174.23854,14.013233,8.42114
255829929,174.12645,15.251422,9.786
18941765,119.2647,15.515998,9.9767
321286921,137.4761,15.377333,8.7307
358669725,149.43799,15.052907,8.2293
415007845,164.48312,14.461919,7.231
82526750,175.47333,15.800174,7.9549
335790555,158.69617,14.876832,9.775
372445760,165.74611,14.4298315,9.3131
415008462,165.53656,15.413385,9.7895
357239277,169.58725,14.340976,9.5357
63796033,161.8503,15.894354,9.5143
427581382,165.35767,15.00969,6.75513
258684002,147.52171,15.505867,8.1196
14780325,179.03949,14.237047,8.4744
14781149,179.11174,14.18623,5.4323
341501444,170.72807,14.323006,7.1751
341501614,170.7238,15.53278,7.2125
82605074,176.59807,14.123987,7.8017
67503870,172.29553,15.141864,8.1694
286812697,164.50746,14.90639,9.1421
357307844,151.75992,14.157993,7.1613
286812644,164.54988,15.282104,8.7323
462517768,170.10364,14.7626705,9.5297
341501624,170.73932,15.589843,9.1739
55379351,141.05148,15.212747,9.8606
82604982,176.48215,14.616368,9.3605
427581453,165.3773,14.5560255,9.3844
77172923,168.56003,15.429571,3.229
72406169,178.78897,14.387117,8.4066
258674556,147.23128,15.566054,8.1558
258674419,147.26982,14.919046,9.30412
258674360,147.27715,14.605712,7.9792
258674433,147.30302,14.957484,8.12887
293367451,131.30006,15.34195,7.43161
70634602,154.91557,15.744311,7.9758
70654137,154.96643,14.920033,8.9709
335770084,158.60329,14.849445,8.87915
192986199,142.9126,15.7701,6.6721
70681171,156.12653,15.762498,9.4244
61046669,153.32492,15.344495,8.05729
61046707,153.32481,15.169597,8.8765
192986016,142.90663,15.004522,9.3767
437050772,134.75839,15.606702,9.4232
63308672,158.26962,15.698521,8.6813
238610462,160.94276,14.673751,9.2076
293367430,131.25142,15.389263,9.5998
293375574,131.27985,14.049664,9.5016
63219461,157.28293,14.38723,9.4882
61083741,153.97577,14.400779,9.5363
82523828,174.99944,14.072435,9.1874
330693097,137.17331,14.021642,8.8024
330693424,137.21263,15.3424835,9.978
192986011,142.92836,14.986611,9.3827
63904507,163.32979,15.067056,9.2506
238610425,160.89243,14.409653,9.7681
155558857,159.28992,14.543797,9.7765
77037866,166.08794,14.7248,7.0191
67505239,172.42435,15.413265,4.55012
155558018,159.17732,15.531539,9.8319
77037894,166.10379,14.550283,9.7456
63238175,157.54933,14.308283,8.5235
155557998,159.15594,15.395096,9.7558
63215809,156.90079,15.016723,9.7016
70676532,155.62349,15.84716,9.9046
357183251,153.11458,15.870077,8.8552
63815005,162.14801,15.670938,9.0457
20445282,127.66036,14.12027,9.7167
60329425,145.38707,15.105328,7.7457
63218192,157.16118,15.583685,8.9399
60329283,145.44157,15.755187,7.0797
63218478,157.20218,14.343702,5.97752
63218473,157.2448,14.356654,9.0189
63218347,157.17314,14.907512,9.9777
335791814,169.923,15.747748,9.3764
82596004,176.11195,14.561489,8.4984
82596011,176.12746,14.608901,8.9129
82596030,176.21034,14.745133,9.6385
372444415,165.27115,14.035085,8.3188
82597042,176.26776,15.335436,6.9841
372444180,165.25891,15.966011,9.07
372444218,165.20937,15.657634,9.5696
55289085,140.18921,15.65401,9.7353
358657206,149.11607,14.014487,9.5523
358657196,149.07335,14.070689,9.7766
193018802,143.39452,14.703231,9.73244
21183113,128.68393,15.449845,9.92562
63278400,157.90195,15.155396,9.88396
63279466,158.04887,14.137376,3.6342
55316181,140.31393,15.371354,6.5624
63797230,162.01501,14.211714,7.8084
55314538,140.19374,15.496046,9.3267
55315929,140.33923,14.367929,8.89098
358657034,149.11917,14.743216,7.641
77072647,166.80476,15.017567,7.8408
358657041,149.15576,14.724217,6.5084
440791957,109.057495,15.842775,9.8887
7021442,126.55804,15.360702,7.5694
193018818,143.46394,14.76666,9.5695
63309709,158.38737,15.213242,9.7382
63191239,156.8696,15.776157,6.6773
238610661,160.90712,15.897524,9.3163
337732086,150.88367,15.280459,9.5881
263541628,144.60484,14.015093,9.29499
233637097,159.5245,14.122413,8.3397
149504018,164.38779,15.630555,8.7254
286831050,166.05927,14.248875,7.2028
286831320,166.03685,15.852694,8.0881
77126160,167.4266,15.866871,7.5414
63190926,156.77565,14.269082,9.0294
358788478,161.03062,14.30258,9.8299
149496234,164.24107,15.27954,9.144
63191208,156.84131,15.6386175,9.5105
63816126,162.266,14.775973,9.0625
149504025,164.3765,15.652902,9.91632
77126172,167.51622,15.912894,6.9762
61082720,153.81961,14.716492,8.3556
233637120,159.58653,14.267685,8.2352
149504043,164.40762,15.761245,7.46415
63191041,156.82616,14.852556,9.4931
149496165,164.29701,15.624333,9.55802
357396271,158.92357,14.136152,9.50358
70678586,155.81268,14.245438,8.8375
155557807,159.19098,14.045433,7.7176
63816143,162.28139,14.701608,9.2192
149496466,164.30063,14.032035,8.7782
155557815,159.13622,14.064616,9.91531
61048003,153.43457,15.421358,9.96217
415007873,164.44186,14.228452,9.57681
70677593,155.76001,14.534453,9.3879
337711122,150.64877,14.33947,8.22221
321286902,137.44926,15.446522,8.2126
46258558,132.48671,14.830891,8.10224
46258561,132.48273,14.833383,7.23238
335790375,158.69655,15.802593,9.71646
14776551,178.10315,14.458545,8.314
440827734,109.49769,15.741054,8.12993
18941926,119.24772,15.790278,4.71938
18941943,119.26327,15.825414,7.9784
193017168,143.27328,15.843372,9.004
193017203,143.2784,15.74211,8.1943
16324794,115.84619,14.450952,7.6572
386618890,123.947914,15.666888,8.366
459947529,172.6142,14.849393,9.52752
286812599,164.5426,15.47731,8.64902
67503862,172.27698,15.187525,8.90483
67514307,173.57346,14.695858,8.17154
67503723,172.25583,15.922405,8.1318
258683901,147.46428,14.897178,8.51642
82604903,176.47841,15.021071,8.45501
341501547,170.7276,15.0463,9.72186
341501549,170.73781,15.0565,9.94622
67514293,173.49545,14.757578,9.3026
258684048,147.4753,15.724167,9.76398
67445324,171.42474,15.21583,9.7337
63278391,157.90158,15.184829,9.8087
77109256,167.13234,15.767618,8.5902
233167638,159.4469,14.624962,9.582
6860178,125.347404,14.004341,8.9046
55360837,140.57379,15.130811,9.3255
357267602,151.65869,14.444149,9.5391
55315858,140.29086,14.022045,9.8271
55316118,140.30429,15.111766,9.9106
192984746,142.86838,14.314948,9.9376
77072761,166.81232,14.421359,9.7853
63838314,162.4868,14.282291,7.3489
160325338,159.8489,14.479808,9.8854
14722988,176.8679,14.578196,8.7558
160325284,159.79181,14.7325945,7.4947
160325102,159.77655,15.590804,8.8842
77042145,166.3757,15.467677,9.1537
67457761,171.609,15.398095,9.5368
63838061,162.47252,15.483908,9.73917
160325276,159.80707,14.758243,9.0927
14723039,176.95938,14.828419,9.7732
67402859,171.23532,14.467482,8.7584
67443344,171.18176,15.674928,9.1872
67457944,171.62976,14.432569,9.9347
60329395,145.4231,15.254839,9.3563
193015878,143.24078,14.407475,8.1396
155012593,143.87613,14.135986,7.4468
82522698,174.8717,14.369725,8.8271
286816920,164.98975,14.600365,9.773
240172099,168.66954,14.394353,9.9668
77172908,168.60281,15.514432,9.0717
63836975,162.38954,15.43061,9.6962
82597233,176.29759,14.263316,5.5305
358788406,161.05063,14.648203,9.3143
82522690,174.87784,14.297894,8.9675
82597250,176.26297,14.191711,9.9475
286829339,165.15118,15.784317,9.6752
240172083,168.76613,14.2897005,9.7102
72406178,178.72119,14.308178,9.446
67459023,171.70819,15.294009,8.9842
46381414,133.70674,14.767457,8.5365
247169348,113.65868,15.446647,9.9488
6860204,125.37574,14.043822,7.8108
308996652,150.51431,15.947948,8.7585
63795944,161.9447,15.501109,8.2083
372444988,165.44373,14.881865,8.4586
372444936,165.48215,15.40117,9.9143
192984721,142.86548,14.4525795,9.8542
440791230,109.09823,15.134743,9.8683
440791480,109.04166,15.393394,9.0269
440791593,109.06698,15.480199,9.9509
21183243,128.6966,15.096898,8.9658
195215672,141.92424,14.378386,9.6983
63858566,162.79744,15.698541,9.3904
192984418,142.82367,15.95864,9.2729
77072818,166.91867,14.104947,9.5088
63795938,161.87186,15.4720545,8.54226
14724861,177.18039,14.690128,9.3779
14724857,177.12112,14.672365,9.7105
462537423,170.57819,14.445511,9.5131
6894441,125.60538,14.992196,4.81429
294524980,122.36648,14.664455,9.0517
440783587,108.96276,15.748097,8.5336
63883980,163.22028,14.740149,8.8641
67505116,172.47755,14.880841,9.7457
63882570,163.11914,14.067213,8.93507
372445007,165.50174,14.621663,9.72327
372445008,165.50533,14.620748,8.88478
155557971,159.21764,15.186891,8.66899
63217246,157.1098,15.755815,6.88378
357239551,169.55818,15.969461,7.7928
63217169,157.04341,15.453752,9.9714
155558859,159.2956,14.54137,9.72569
357308119,151.71494,15.433556,9.68383
357239275,169.55391,14.327425,9.9503
61285245,160.16698,15.117618,9.8637
60328042,143.51262,14.126554,9.3743
61049141,153.63747,14.306321,9.6124
386618697,124.00156,15.276692,9.0827
6860700,125.364456,15.108933,9.2119
330638298,136.27501,15.185158,7.4856
55360785,140.6004,14.887847,8.03782
55360788,140.63321,14.897143,8.443
195212682,141.73627,14.303111,5.6094
27636125,123.27712,14.581872,8.3764
386618897,123.94305,15.676046,9.1237
437047421,134.44145,15.732554,8.7646
55317509,140.461,14.256285,8.6549
63858873,162.783,14.110487,9.1284
357267290,151.56088,15.8241415,8.8445
355217695,152.46718,15.946719,9.4571
357267308,151.61787,15.74392,9.6921
60180420,115.821655,14.3224325,9.4629
437047591,134.52837,15.091252,8.3457
195212415,141.6848,15.275382,9.1254
330638318,136.19768,15.262738,9.0537
55317313,140.50316,15.171567,8.9686
195216996,142.03236,14.778608,9.0546
149493473,163.90872,15.8747,9.9325
247170166,113.71995,14.4134865,9.8111
19063045,119.86754,15.238859,8.5696
20443100,127.55795,15.971671,7.4767
357331603,151.91391,15.157583,6.5421
160325016,159.74794,15.9832,8.52913
373674354,174.06,14.697683,8.08807
77042237,166.34134,14.872899,9.93229
371831206,174.77992,15.551435,9.25086
67402936,171.14911,14.913636,9.95862
63795745,161.89351,14.642341,9.9658
14724795,177.1613,14.284205,5.6895
440753992,108.31513,15.124807,8.8474
77128346,167.73822,15.258237,8.85684
307646022,145.27318,14.125954,8.9427
14826027,179.50417,14.03793,7.81768
307645990,145.24593,14.229442,9.6849
20536117,128.23456,15.67065,9.1168
20536656,128.32253,14.045973,9.06067
149493243,163.83705,14.43468,8.9115
186852132,124.68895,15.639257,8.7859
337647260,131.13457,15.912097,7.7553
21552640,150.72546,14.130498,7.8804
70682206,156.14377,15.14386,8.5282
149471950,163.69179,15.196885,7.7317
77071592,166.68294,15.182066,5.6714
77071612,166.77612,15.299921,8.6724
186852102,124.69905,15.704147,9.9067
437049413,134.66132,15.371114,8.2504
70655320,155.06186,15.565599,9.2624
55380624,141.17737,15.026517,9.5371
77070354,166.63939,15.038009,7.6231
67474339,171.9966,15.866071,8.6118
20536453,128.30684,14.637116,9.6448
21552674,150.72615,14.396744,9.9797
462518996,170.47287,15.19364,8.9286
437049493,134.62961,15.654964,9.6916
149492505,163.72289,14.025404,9.9398
77141250,168.14305,15.738889,9.2328
17594780,117.10985,15.2028055,7.6398
69367836,121.9706,15.48064,8.1056
7023211,126.70895,15.785558,8.485
156850341,148.47864,15.45873,8.85608
14777866,178.2152,14.379158,9.3746
61125163,154.54314,14.803115,8.5801
440849203,109.60778,14.106521,8.649
440849993,109.60498,14.869294,8.1487
17594991,117.131096,14.837118,8.41
69367327,122.01562,14.350487,6.81065
16382777,116.27323,15.149399,8.2681
17862016,118.6331,15.757921,9.15128
17862190,118.67505,15.4353895,7.393
17862451,118.565506,14.94196,9.33176
358090222,120.891075,14.090298,6.64844
7023421,126.720024,15.24777,8.4209
7023537,126.69148,14.928192,8.96731
7023583,126.72866,14.823577,7.5868
321296362,137.67754,14.258908,8.1718
55286456,139.90654,15.292352,8.9343
70721676,156.54782,14.900153,7.6744
70721788,156.55424,15.410514,9.1871
61082575,153.79822,15.469569,9.3717
77115600,167.42659,15.128022,7.7411
77115699,167.46768,15.7738495,8.4979
440850575,109.61243,15.484456,9.2458
82605972,176.71123,15.001937,7.5934
440850158,109.51289,15.05283,8.2504
17595136,117.1586,14.582324,9.6185
17595267,117.16578,14.405938,9.7903
17595402,117.127525,14.169119,7.8793
16382483,116.29455,14.6743555,9.8369
16382844,116.324844,15.242723,9.8403
55286399,139.93417,15.574455,8.5333
70721857,156.59373,15.738462,9.8575
293367555,131.33205,15.0469265,7.26629
337648733,138.97089,15.008653,7.47177
70677415,155.68251,15.344405,6.7409
63836899,162.38054,15.065772,9.06434
20536293,128.29355,15.185912,9.998
155012534,143.98195,14.381553,8.97125
63817111,162.396,14.201782,9.3109
437050939,134.68816,15.0429735,9.4504
70654265,154.96808,14.1732855,9.75178
195213913,141.80031,14.519324,9.3015
195214132,141.80286,15.329679,9.143
156818653,147.8066,14.328432,9.34522
156838933,147.9058,14.947256,9.8892
63904509,163.32726,15.08622,9.45672
16382815,116.29895,15.201648,9.2719
61321930,160.5627,14.844177,9.8603
14725915,177.26114,14.396428,9.0529
17862457,118.64333,14.931832,9.7845
321296142,137.74184,14.956539,8.9672
437052511,134.87222,14.395173,9.2497
63279541,158.05952,14.412329,9.6876
19065987,119.94157,14.279167,8.9826
7023481,126.71118,15.07607,9.9511
35229531,138.07312,14.996039,5.7958
14610463,111.48358,15.063253,7.9282
77115661,167.44736,15.522981,9.673
63215846,156.90388,14.842321,9.3744
63217025,157.10558,14.753443,6.7208
77146796,168.30223,15.184106,9.1752
335791531,169.96698,14.157231,9.9752
335791675,169.91135,15.032285,9.4164
63839588,162.62009,15.527826,9.2654
46377876,133.44812,14.999692,9.5978
63861265,163.03117,14.765452,8.8336
355216273,152.36938,15.978526,9.8407
357182098,152.73007,14.141391,9.7792
61106988,154.34074,15.951754,9.4369
82546228,175.4852,14.532256,7.5959
357182348,152.7874,15.522036,9.0181
437054262,134.96239,15.153298,7.9972
160271443,159.68135,14.019349,7.2023
357182160,152.7354,14.482919,7.6631
294464411,110.49025,14.379001,8.1248
247087739,112.5515,14.107092,9.9662
27510817,122.496765,14.667854,8.9333
17591092,117.01527,14.371586,8.9273
17591286,117.01949,14.664974,9.0585
46378153,133.50215,15.936009,8.6383
21338807,130.1115,14.406196,8.3626
233167694,159.39894,15.074374,8.5903
233167705,159.3888,15.148959,7.8817
233167733,159.42743,15.313225,8.7388
61107033,154.35516,15.717166,8.7041
61107064,154.31311,15.518968,8.5605
82546186,175.5548,14.727756,8.9663
408826959,127.02261,14.582061,9.8004
59598447,146.0284,14.905736,8.9675
17815832,118.38609,15.395492,9.9754
14447237,110.853905,14.750177,8.7744
17816328,118.34911,14.469799,7.8887
46295096,132.58456,14.430757,8.8866
355217629,152.4344,15.57586,9.95236
55317231,140.49585,15.581417,9.6413
195212455,141.6687,15.116089,8.7547
195212514,141.70586,14.927984,7.7995
195212627,141.70137,14.493973,7.47717
6860516,125.29135,14.707568,8.8453
6860644,125.37342,14.986276,9.0199
6861034,125.27772,15.860434,9.8307
330638342,136.20215,15.374457,8.8628
155580317,158.77986,15.978392,9.39672
195217111,142.1054,15.165544,7.94888
330690321,136.67084,15.877054,9.7805
55360996,140.51596,15.722845,9.7939
330690279,136.68266,15.739166,9.9501
358788470,161.07611,14.320983,9.8207
16276765,115.51717,15.342666,7.9609
437059426,135.31845,15.467343,9.7657
437063939,135.75346,15.606075,9.435
17598272,117.31184,14.111636,9.9018
17674094,117.69227,14.634854,9.3696
16228820,115.36765,15.37447,9.6521
18997211,119.38693,15.079622,9.6938
27650866,123.50862,14.024057,8.8497
35285399,139.1534,14.191735,9.9906
55276879,139.76648,14.401385,9.3134
55276900,139.68112,14.340867,9.9331
55276972,139.65562,14.015876,9.6752
55317351,140.46684,14.981333,8.8049
358658457,149.2825,15.0485525,9.2199
61321807,160.57143,15.557311,9.7076
21582029,151.46635,14.049415,9.7318
63239542,157.65038,14.822131,8.6388
20493987,128.07051,15.331303,7.6164
20494215,128.06764,14.587455,7.9297
20494380,128.10062,14.08876,7.9769
55381864,141.34056,14.190954,6.8721
55382077,141.26295,15.02077,9.1309
355217542,152.48502,15.023403,8.0195
355217691,152.43083,15.933134,7.7187
258683834,147.48294,14.562635,7.28
427582513,165.81528,14.483677,9.3046
6992925,126.32559,14.129152,9.5186
337710962,150.5755,15.094477,9.0187
337710991,150.5985,14.970965,9.3889
337733166,150.9767,15.32843,8.671
357187437,153.10492,14.399999,9.1407
35285128,139.22664,15.369825,9.4204
55276973,139.6945,14.014336,9.519
247120591,112.91243,15.854674,8.1617
16228688,115.446465,15.5827265,6.5605
6922439,125.71413,14.23666,9.7837
358703213,150.00053,14.263117,8.34109
18997227,119.369316,15.05079,8.9874
27651533,123.45292,15.634102,7.6872
27653271,123.53842,15.736132,9.5929
437059375,135.32281,15.265766,7.9646
55276742,139.72455,14.894675,9.9672
20493812,128.09874,15.780604,8.7805
330657698,136.31606,14.245223,7.9302
55381995,141.29726,14.724888,8.505
337711067,150.61588,14.623162,8.9388
20494075,128.039,15.04071,8.8279
46256257,132.33759,15.479902,9.5404
358842337,161.7495,15.849071,9.9488
63839334,162.58748,14.320413,9.5015
308996455,150.53995,14.969761,9.7135
337710878,150.65936,15.530968,8.5274
258682770,147.37383,14.523891,8.9749
63239537,157.70006,14.836315,9.00451
427582227,165.83485,15.939169,9.8209
437059374,135.32277,15.264338,8.019
60328150,143.59537,14.590768,8.6441
258670920,146.94576,14.810668,9.72564
20538242,128.42294,14.485352,8.8626
293461124,132.02946,15.079836,8.3415
63309582,158.48581,15.7578535,9.2359
286813560,164.6423,14.403717,8.9014
14776494,178.15948,14.214722,8.384
16159436,115.124596,15.121092,8.1707
46306358,133.06952,14.395551,9.3013
330636686,136.15082,14.543023,9.5098
55362193,140.65662,14.550918,9.1612
358711199,150.13173,15.864223,6.64
358712671,150.25554,14.684105,9.6176
286813507,164.67879,14.098087,9.4889
286814551,164.83763,15.540441,6.8352
77113517,167.21033,15.752747,9.0459
371815397,174.54245,14.544022,6.8582
371816474,174.68987,15.419329,7.3476
450301404,144.41171,15.45852,8.2567
61049008,153.58018,15.072158,8.6195
903463899,165.95064,14.603449,9.1171
27631327,123.24181,14.597168,7.93266
61048846,153.63914,15.856132,9.7161
17744701,117.83053,15.716178,9.9692
440828209,109.45504,15.255071,9.8465
16159548,115.10808,14.964046,9.5091
69299058,121.695724,15.725069,9.8195
46306270,132.97954,14.087948,9.9121
46306477,133.03944,14.82842,8.3561
293460944,132.01884,15.587352,9.9464
61127623,154.81549,14.807839,9.1353
61127652,154.81982,14.668027,7.2421
55267799,139.52174,15.478892,8.7597
55275521,139.54135,15.554098,8.7337
358711309,150.12305,15.183247,9.728
358805572,161.5728,14.615178,9.9125
77113530,167.24287,15.820925,9.1111
386954990,172.7948,15.85785,9.9587
330636319,136.1133,15.909362,8.5692
286813566,164.72246,14.4436035,8.9943
20538109,128.45537,14.099834,8.8049
14776502,178.08644,14.237357,8.6418
82597287,176.27684,14.0033655,9.13496
286829282,165.17674,15.452981,8.6801
55379110,141.10924,14.194013,9.2248
82597272,176.30435,14.070246,9.26544
286816776,164.98886,15.332516,9.31664
67459122,171.73436,15.970771,8.99316
286816928,165.0438,14.556238,9.9034
77173197,168.58823,14.074516,9.5942
82522655,174.9551,14.149015,9.75823
16158935,115.18537,15.950993,9.5578
358712530,150.29471,14.010036,9.98292
518160948,131.10362,15.914937,8.6216
14714215,111.870346,14.673411,8.5345
294502617,122.17172,15.495242,9.1239
247047903,112.05737,14.872057,9.5322
14851440,114.28503,15.882229,9.9692
16451696,116.645294,15.300206,9.6484
16452270,116.668396,14.381927,8.224
7060319,126.9903,14.0095005,9.7936
321294537,137.60823,15.092162,9.636
46385369,134.05582,15.205607,8.9392
358116274,131.04295,14.601312,9.4461
358116337,131.08322,14.462896,9.4543
14850421,114.28144,14.419967,9.3839
14850573,114.23835,14.653909,9.7347
14850759,114.31979,14.912925,9.5755
17670443,117.49362,14.693883,7.3479
17671070,117.53104,15.812476,9.8688
16451408,116.65926,15.729061,9.9996
16452160,116.6852,14.568339,8.8819
19000460,119.55272,15.02097,9.736
7059630,126.9321,15.888103,7.9944
358116001,131.07635,15.361249,9.0968
20445376,127.70328,14.4310875,6.034
440802847,109.31627,14.200739,8.5579
14803231,113.97468,15.57816,8.64632
16324654,115.954575,14.695364,9.4771
69367333,121.935074,14.361338,8.02
386618261,123.98721,14.291701,9.7159
21276605,129.70879,15.41095,9.6444
21276636,129.61682,15.322037,8.8092
6921919,125.74124,15.543494,9.7045
358701785,149.83488,15.97417,8.8307
358804547,161.37775,14.968439,9.283
59582395,145.80824,15.75071,9.2365
257217497,137.1137,14.523607,9.5664
307648927,152.97275,14.080982,9.3193
70712438,156.3841,14.705346,9.7588
440802825,109.3045,14.182283,9.2696
186815705,124.44914,15.900458,8.3547
6894849,125.52537,15.92523,7.7966
59582411,145.77011,15.833273,9.0924
307647255,152.79395,14.57353,9.2254
307648795,152.97824,14.574619,9.9222
240176562,169.41548,15.942377,9.3861
27548671,122.980995,14.159592,9.0894
321294663,137.61542,15.586753,8.30582
437046151,134.39667,15.581286,5.5067
247077656,112.305916,14.358344,7.15404
14850741,114.25513,14.889021,8.71178
7059929,126.98003,15.098995,8.4151
46385533,134.01836,15.723853,7.50614
247077675,112.30284,14.373498,8.10558
14851334,114.29395,15.733851,9.4251
16452045,116.61902,14.746273,9.46629
16324314,115.91917,15.26691,9.9932
21222651,129.05557,14.212476,9.26007
358115804,131.0304,15.930703,8.46419
247126229,113.098755,14.805197,9.92281
247077512,112.350624,14.20385,9.75467
19000274,119.503624,14.661061,9.6243
46385120,134.04059,14.355217,9.94302
21288296,129.89288,15.58098,9.4328
16325029,115.942024,14.05517,9.2496
14803353,114.00363,15.75572,9.8687
186816335,124.49013,14.452701,9.1156
46385583,134.0615,15.87128,9.7085
26642038,108.20404,14.601033,7.3532
247170067,113.648056,14.550732,9.9553
358671249,149.54877,15.221331,6.6547
19030567,119.844765,15.36552,7.0209
257216285,137.02666,14.0424795,5.665
6924442,125.80168,14.346141,7.3415
257216097,137.03497,14.711397,6.33438
335662684,151.26442,15.134485,6.5715
69370088,122.0852,14.992308,7.9979
69370161,122.138275,14.841176,9.637
330636752,136.07013,14.300201,8.3349
330657179,136.35635,15.906556,7.7166
293496670,132.0962,15.448472,8.8673
330688134,136.5524,15.862349,7.3472
14666259,111.52487,14.449003,9.5807
19030448,119.811905,15.597325,8.8607
19030528,119.804825,15.429965,9.7077
19063267,119.80655,14.854898,9.7705
19063295,119.91631,14.797396,9.2415
386939080,160.01137,14.514495,9.6728
357396177,158.895,14.835337,9.7399
335662677,151.2042,15.196815,9.829
20443208,127.61309,15.698252,8.4133
330657303,136.3225,15.490613,9.5069
61323062,160.65189,15.422382,9.5633
20539984,128.60724,15.743343,9.2944
6924879,125.86149,15.384028,9.5881
293463203,132.14478,15.016123,9.7081
800782343,123.452805,15.634479,9.1007
337648658,138.90608,14.757999,9.9088
60149837,114.666504,14.748103,9.301
60150090,114.59922,15.072072,7.8544
27541406,122.57254,14.926711,9.2029
46297551,132.79503,15.99943,6.5513
6954714,126.21297,15.269726,9.2708
6954982,126.150826,14.65194,8.3261
70654259,154.94008,14.1897135,9.8213
55286317,140.00633,15.937449,7.7907
55286444,139.94069,15.365447,9.093
55286694,140.00285,14.300315,8.794
55288009,140.0194,15.461564,8.4881
63220808,157.44629,14.680949,7.9965
27541220,122.61757,15.381423,9.866
27541442,122.56721,14.835158,8.4237
70654162,154.97392,14.754957,9.6567
70654188,154.9241,14.676043,7.5295
77146872,168.39178,14.70393,9.9577
63216886,157.01625,14.09786,8.975
63215982,156.96346,14.270046,9.0241
77146794,168.39493,15.205897,9.3927
156840251,148.04596,14.4827795,8.76105
356377303,170.18118,15.569513,9.3549
70654261,154.96902,14.185516,8.35774
46297520,132.73927,15.901129,8.0548
27541245,122.55921,15.33269,9.9872
27541316,122.586105,15.15266,8.8976
294525277,122.34232,14.043639,8.4085
46297206,132.70805,14.950534,8.5927
35244321,138.21332,14.183297,9.8001
6954405,126.24321,15.979618,9.8672
6954414,126.144,15.964235,9.819
6954574,126.23436,15.627235,7.9164
63220680,157.48622,15.267273,8.3091
63220737,157.47058,15.002523,9.4159
27541432,122.53471,14.876086,9.7477
46297044,132.76175,14.472911,9.6462
293376998,131.35924,14.438819,8.6495
293377071,131.43565,14.655986,9.2184
293377164,131.41156,15.043348,9.9668
17659977,117.40393,14.958218,9.6653
60180068,115.74027,14.797387,9.1067
440784278,108.94323,15.107727,9.2934
440784577,108.96765,14.808527,6.79642
440784647,108.89377,14.73619,9.7029
440784651,108.98368,14.731761,9.9569
19024866,119.66825,14.883688,9.97185
20487532,127.96893,14.903426,9.426
247164536,113.48643,14.006923,9.7792
14609702,111.410324,15.995375,8.8011
14610044,111.40601,15.603223,9.772
14610450,111.38324,15.0863695,8.7301
14610516,111.37322,15.004186,9.4152
17659891,117.4433,15.10647,6.78029
27548628,122.982506,14.046312,9.1498
16155517,115.071,14.553714,9.8004
16155827,115.06396,15.020444,8.994
60184111,121.37058,15.329852,8.4586
60184268,121.36999,15.606765,9.476
60179718,115.77266,15.288164,9.4141
21223117,129.0512,15.483821,9.6399
35229407,138.10762,14.529677,9.8724
46383554,133.9136,14.180967,7.0226
35260243,138.45868,14.210887,6.8398
337632868,130.6033,15.597242,7.8528
321295854,137.74942,15.99369,9.1695
293412813,131.82367,14.791457,9.6009
20487694,127.890915,15.366312,9.9621
437049090,134.64554,14.229489,9.5566
63860001,162.85393,15.271456,9.5715
14709661,111.80327,15.494296,9.673
293412520,131.77524,15.873043,8.7881
321285440,137.39313,15.18388,6.5902
321285491,137.34291,15.311101,8.8005
321285641,137.3676,15.815305,7.9289
14448375,110.796165,15.986994,8.7778
60180110,115.77316,14.727118,9.8114
16156240,115.003296,15.612844,9.4959
17660448,117.40246,14.131301,6.926
440784116,109.00526,15.252086,9.5929
440785063,108.92368,14.355987,9.3769
21223112,129.06108,15.477151,9.6929
35229374,138.08066,14.4099045,9.9272
20422559,127.327934,14.633125,9.4446
16156149,115.04752,15.471145,9.9515
16156455,114.987076,15.959629,9.8967
60231260,121.54169,15.526323,9.8108
46362449,133.23157,15.817138,8.2159
330686989,136.47067,15.908706,9.7968
46383180,133.9294,15.429467,9.5009
337632760,130.67097,15.953015,8.5438
337633024,130.60114,15.110458,9.6667
21274742,129.50415,15.000801,9.9948
21274894,129.5718,15.387928,9.7502
46381661,133.81374,15.58553,9.9999
46381741,133.7281,15.832254,9.9858
46381742,133.77768,15.837051,8.7906
386866295,148.09468,15.522389,9.7174
155580121,158.79602,14.597459,8.436
27636336,123.31538,14.095063,8.2729
408826890,127.02399,14.450609,8.2424
408827444,127.05827,15.8455515,9.4361
18917411,119.00599,14.33764,7.4766
247126749,113.03234,15.434255,9.9649
27546203,122.88422,15.365402,9.8522
27546469,122.88953,14.740818,9.3853
69301385,121.79189,14.869363,9.0613
14709662,111.847786,15.494503,7.3057
321287218,137.5221,14.33261,8.4818
440850947,109.6321,15.899983,7.761
446666442,120.49677,15.66771,7.9148
20487555,127.87897,14.977446,9.2951
358686494,149.78197,14.402674,9.9385
337696034,148.23734,15.559504,9.07936
386866050,148.18973,14.3110285,9.2404
6891887,125.47031,14.611473,8.5513
6892012,125.45164,14.319293,6.93942
35283826,138.80772,14.941511,4.2109
61126528,154.7235,15.908252,9.2591
247121919,112.93096,14.224253,8.31215
247122072,112.96064,14.003303,8.1115
247135603,113.2905,14.416979,8.6755
27541704,122.611404,14.221733,8.9041
27546095,122.88613,15.619281,9.6418
21276578,129.64859,15.504269,9.36714
46381402,133.75047,14.728129,6.90004
70666345,155.3993,15.777878,9.3652
69301569,121.79698,14.472505,9.1539
60256880,124.91035,15.648162,9.4521
46381738,133.707,15.804685,8.8458
60183785,121.309746,14.754898,8.62566
293459117,131.88881,14.160928,8.6709
321285461,137.31003,15.241049,7.99892
321285463,137.31204,15.242047,9.5988
17660071,117.36246,14.789609,9.1532
19065942,119.96348,14.169549,8.7439
14448023,110.78698,15.599101,9.68077
14609933,111.38913,15.715254,8.25713
247077853,112.28225,14.534922,9.3968
247077859,112.24309,14.541971,9.56435
16155507,114.98689,14.543602,9.1139
35229468,138.10031,14.727859,8.90244
337632915,130.70184,15.456272,9.58626
20487724,127.91552,15.434187,9.07958
293459312,131.91432,14.7902155,9.00192
14448233,110.80905,15.832002,9.3069
21223226,128.98958,15.766649,9.77689
14448051,110.801605,15.625806,9.95728
14609780,111.36895,15.908353,9.6122
14768903,113.74897,15.997971,9.58901
60183742,121.32337,14.666997,9.99478
60230900,121.558655,14.790937,9.9976
60230975,121.62609,14.92342,9.8862
21286382,129.74574,14.368598,9.94404
294525137,122.397285,14.330371,9.8868
55288008,140.093,15.443501,9.8
55288012,140.08954,15.4907875,9.6685
70655119,155.11874,14.344047,9.72241
155010136,143.69666,14.418098,9.5861
46297409,132.74632,15.510434,9.90613
63220704,157.4676,15.174451,9.7342
63220914,157.44994,14.144337,8.29828
63883753,163.24054,15.817009,8.71048
6950452,125.96645,14.023483,9.7179
46297363,132.7561,15.350657,5.7793
6949972,125.987885,15.050629,9.1001
155013584,144.05539,14.59661,8.134
55286606,139.97456,14.631233,9.51242
55287849,140.05632,14.650602,9.402
155010169,143.66498,14.305887,9.55258
155013582,144.07721,14.588324,8.36946
17670470,117.55538,14.730754,5.8585
46364022,133.4321,14.969711,9.38329
55266687,139.29942,15.376445,9.9821
55266834,139.29555,15.975961,9.9184
233167684,159.47362,15.008611,9.2429
156850483,148.45172,14.738991,7.1768
257216118,136.94609,14.668245,8.48285
358115977,131.02812,15.456205,8.8546
20420718,127.23694,15.835471,9.65393
408826728,127.08742,14.088818,9.4479
408826809,127.00516,14.225781,9.81218
293459591,131.87325,15.805519,9.86466
330657515,136.39848,14.790234,8.65409
437054160,135.00342,15.553367,9.7683
156850446,148.52242,14.962375,9.58384
63837078,162.34251,15.877177,8.7425
160271752,159.6911,15.777561,9.58989
355216361,152.39665,15.346523,7.9612
357182384,152.67888,15.70445,7.6054
27510632,122.443474,14.227158,8.5802
17591000,117.002815,14.20459,9.2484
21338819,130.15208,14.378931,7.9032
293379163,131.5479,14.062084,7.70351
20420151,127.15558,14.210826,5.76708
20420290,127.166595,14.599671,9.56979
355216384,152.35571,15.233468,8.71943
82595048,176.08342,14.96162,9.42984
14665991,111.51008,14.102947,7.4744
16382270,116.20467,14.34344,8.76686
46299190,132.82932,14.731667,9.62215
63279623,158.06354,14.828813,9.5568
70679885,155.94643,14.822418,8.1294
70721551,156.63211,14.251064,8.44187
156850410,148.48961,15.093696,9.3869
82605966,176.64104,14.96355,8.5813
386957947,178.63939,14.15135,7.4191
386956955,178.46426,14.029667,7.44439
440850535,109.56082,15.443089,8.64784
16383226,116.25248,15.895004,7.8659
7023290,126.630516,15.602036,9.1093
7023623,126.62895,14.719968,8.7477
55286758,140.01419,14.063778,9.425
61100890,153.99982,15.395066,8.2009
14725898,177.24658,14.5075445,7.85086
440850600,109.604744,15.516845,9.89461
7023560,126.62359,14.871266,9.9579
321296068,137.73036,15.185889,9.8719
63279828,158.05305,15.791479,9.99903
358805365,161.5897,15.893263,9.8161
440850495,109.59769,15.40475,9.4859
358805361,161.53226,15.908021,9.8314
27681838,123.78937,15.827647,8.7066
16382076,116.27578,14.037162,9.95104
440855065,109.65056,15.58595,8.5188
440856255,109.66806,14.363418,7.84
440767361,108.58192,15.893859,9.9396
387235445,109.77042,15.6768465,9.9478
440767196,108.63165,15.726048,9.60039
337631079,130.40399,14.865218,9.3338
337631260,130.41223,15.39039,7.8517
35229715,138.06738,15.689605,9.5618
440753395,108.27335,14.549515,9.24036
440754085,108.369026,15.220377,7.999
440754384,108.36907,15.5246525,9.2103
440766799,108.621,15.34353,9.9334
440766804,108.53594,15.350826,9.9646
247116792,112.754036,15.2361145,9.9299
247116813,112.820335,15.251275,7.5356
247125664,113.07688,14.108466,6.4485
247130408,113.20374,15.819254,8.5543
247130665,113.12986,15.486464,8.115
16276037,115.513405,14.208506,3.44489
16276697,115.57092,15.238932,9.1451
330688292,136.59003,15.27456,5.8392
440765858,108.58468,14.4556875,9.8882
440766073,108.5343,14.671623,9.6217
247116527,112.762566,14.947296,9.9835
247130525,113.178474,15.673102,7.8275
247130767,113.123505,15.339468,9.3181
247165930,113.53367,15.842176,9.3648
16276828,115.54948,15.436106,8.845
16276927,115.53328,15.577316,9.144
18913891,118.90228,15.680155,9.5725
18914018,118.85248,15.438941,9.7964
18914344,118.851685,14.808179,8.7324
27548844,123.01636,14.5477,9.5624
437060967,135.54097,14.720316,9.79271
16276868,115.56179,15.4891,9.5227
440767223,108.58359,15.7593155,7.68262
387235455,109.81668,15.664331,8.37415
330688330,136.64186,15.1253,9.33547
337630923,130.43294,14.420118,9.89052
330688501,136.55992,14.497303,8.85955
440753663,108.33412,14.802124,9.8169
440766213,108.57137,14.790481,9.7151
247131189,113.1348,14.842569,9.8213
35229516,138.03815,14.949765,9.9867
60254301,124.823074,14.188019,9.5003
60254359,124.837616,14.041978,9.9441
186849856,124.57563,14.773737,9.9508
357265887,130.96046,14.566246,9.2025
357265931,130.93478,14.727236,7.6994
321316673,137.87166,14.861197,9.5459
20441270,127.46843,14.421663,8.648
20441325,127.42891,14.573055,9.9931
358842624,161.75917,14.2131405,9.5539
247131344,113.11167,14.670642,9.1931
14901084,114.35869,14.278005,9.3861
21288411,129.96349,15.230573,9.1672
21338554,130.18137,15.074561,9.4085
46379431,133.66273,15.410377,9.6486
357265869,130.95811,14.518031,9.3239
247130893,113.20072,15.19945,9.3529
440785032,108.92526,14.379111,9.5122
14900896,114.34468,14.555919,9.0509
19027635,119.79954,14.285642,9.6383
16418119,116.4395,14.426805,9.6808
27544112,122.73804,15.255255,9.8334
27544282,122.69562,15.728707,9.79
27544306,122.75439,15.78586,8.6735
186850155,124.517006,15.437232,9.9938
437054167,134.98134,15.504511,7.7625
16327751,116.04022,14.173218,5.1335
20496163,128.18088,15.274593,6.0517
20496316,128.1593,15.739466,7.1589
18877865,118.776695,15.242266,8.2691
294502456,122.27609,15.140061,9.0467
6993533,126.2619,15.696161,9.193
321316477,137.82877,14.268938,9.2894
20485178,127.77401,15.955402,9.929
294502299,122.234184,14.803973,9.8128
16327685,116.064705,14.062052,9.7907
18877976,118.73544,15.421195,7.9408
17591630,117.050514,15.231428,9.52908
294502220,122.16087,14.677645,9.1594
294502601,122.28016,15.455213,9.4064
437062524,135.63817,14.695453,9.6879
437042526,134.13716,15.442361,8.7072
20483677,127.650406,15.245402,8.3266
20483905,127.702484,15.912413,9.2511
20483920,127.67597,15.947435,9.9872
293410985,131.61787,14.542009,9.8767
20483658,127.699554,15.209151,9.2344
20483873,127.65458,15.813971,9.432
247131664,113.15778,14.306524,8.8288
247131719,113.15356,14.228523,9.1401
247160440,113.45018,14.837604,7.9014
440783741,108.92379,15.590498,9.9736
440784372,108.981346,15.0066595,9.8488
14854349,114.404884,15.477035,9.0468
17742071,117.72474,15.367096,9.3237
17742408,117.80136,15.996169,8.4706
16417926,116.43143,14.755618,8.9302
60254195,124.81944,14.451648,8.4054
186850264,124.560104,15.677914,5.57702
437054154,134.97192,15.568885,9.315
46379766,133.61426,14.244969,6.72165
337697501,148.37845,14.717173,7.932
14900806,114.36778,14.668022,8.7993
17677383,117.76699,14.854992,9.8789
17862834,118.57972,14.260049,7.3598
16417828,116.33768,14.936525,8.4804
16418179,116.444336,14.305871,7.76374
27543613,122.690285,14.042709,8.09261
27544053,122.718254,15.10168,9.8998
27544325,122.66378,15.825058,9.2774
21338426,130.12909,15.386473,9.5919
46379759,133.68341,14.255674,9.1203
321316885,137.85622,15.577676,8.69
20441698,127.404396,15.670479,8.6276
293461115,132.04376,15.110672,7.4953
63307429,158.2043,14.620789,8.338
337697407,148.40573,14.314202,9.1272
82158546,148.73636,15.546501,8.6641
20496343,128.12721,15.823954,9.1349
437059383,135.37234,15.290838,9.6222
358658397,149.19969,14.787843,9.5825
17673971,117.631615,14.841587,6.8944
437059364,135.37413,15.192745,7.937
21581018,151.42052,15.7575035,5.9962
17598244,117.22152,14.066718,9.2073
18997128,119.427284,15.252723,9.16266
437059390,135.33603,15.319286,9.324
357333876,152.07117,15.737216,9.78319
16229809,115.42477,14.358386,9.836
21336186,130.05269,14.106362,9.54486
337387797,110.281746,15.083234,9.3271
19114493,120.216965,14.619639,9.0467
60227752,121.44759,15.131348,9.8378
19114360,120.227875,14.3598385,8.9088
19114500,120.19748,14.64694,7.9928
17594470,117.184395,15.772374,9.1495
17594571,117.141365,15.5704565,8.8098
19114525,120.26782,14.688784,8.9021
19114882,120.21556,15.344359,9.346
46308788,133.11903,15.527521,9.6802
247047673,111.99765,14.622928,9.2796
440778917,108.824936,15.238652,7.50721
440779475,108.84038,15.81485,9.8913
60228191,121.53172,14.250454,7.5865
21243928,129.1385,15.283303,8.976
247048059,112.012344,15.046845,9.0262
440779321,108.86446,15.651983,9.5799
17673303,117.659904,15.968315,7.05825
17673318,117.666985,15.954758,7.8724
437061050,135.44287,14.400324,9.8809
16228639,115.37801,15.654783,8.7788
408814687,121.083786,14.887289,9.2613
6891823,125.48826,14.768137,6.17802
440778940,108.85192,15.263569,8.2848
440779026,108.77198,15.348349,9.9056
17673514,117.681595,15.642154,9.5389
17673598,117.575096,15.474436,8.2308
19069373,120.053955,15.039496,8.7574
437061000,135.51013,14.598629,8.2368
60227635,121.53779,15.346691,7.1203
19114731,120.19945,15.081278,9.87505
247083274,112.44685,14.851261,9.9415
21244210,129.14012,14.461936,9.6071
16228637,115.39863,15.655336,9.97227
408814880,121.090645,14.534485,9.39717
60228109,121.48384,14.427006,8.65466
60228133,121.46967,14.355235,9.21229
21244016,129.19885,15.083822,9.3666
6891894,125.423996,14.6023445,9.23327
440778836,108.827614,15.146449,9.7806
21336548,130.0087,14.999332,9.9174
19111767,120.11156,14.341047,9.5886
14367179,110.55612,14.388166,9.4307
247116021,112.7703,14.341309,8.7457
247053199,112.21319,14.777318,9.0295
247053427,112.119736,14.516181,7.6528
247083431,112.43295,14.655902,7.4283
16130752,114.83918,15.60793,8.2655
27680091,123.725204,15.425304,8.9617
14367572,110.55019,14.818173,9.9866
14367412,110.50233,14.639882,8.0424
247116238,112.782135,14.614143,7.844
440856178,109.64471,14.455741,9.65717
17819466,118.469795,14.877174,9.14199
27680228,123.73465,15.822715,9.76676
440855605,109.661514,15.016078,8.7589
14367472,110.530304,14.720055,8.75593
440856389,109.73757,14.231129,9.257
440856508,109.72544,14.100656,9.39949
247121182,112.9323,15.094978,9.7354
440778936,108.869156,15.2615795,9.7765
408814660,121.110054,14.928831,9.74866
14367657,110.59692,14.926902,9.7999
247053363,112.167206,14.5942335,9.94494
247083489,112.4015,14.596953,9.92737
17819320,118.54775,14.6265955,9.6963
247170070,113.62831,14.541648,9.57826
437043841,134.22125,15.739967,9.584
293463168,132.09323,14.896178,9.22715
293496792,132.17445,15.844395,9.53698
337656557,139.07512,15.450646,9.46383
70666489,155.4596,14.975775,6.17816
358670970,149.54744,14.073455,9.432
155178054,144.33826,15.3453665,9.30647
19063283,119.81701,14.818568,8.2688
437043977,134.31229,15.322769,5.1255
155178029,144.28683,15.482129,8.922
19063138,119.91549,15.075366,8.8791
69369857,122.04397,15.562152,8.81432
69370139,122.07604,14.900466,9.39892
69370154,122.09358,14.853593,7.96801
6924765,125.852356,15.139737,9.2075
6924828,125.82947,15.271827,8.08492
293378779,131.47571,15.195994,9.7861
330657182,136.38599,15.890806,9.0582
386939141,160.10527,14.963451,7.96038
337648701,138.99837,14.8843975,8.16611
61321741,160.4911,15.8789015,9.38404
55398233,141.51857,15.339867,9.40569
35262775,138.6801,14.92358,9.89681
293462875,132.11943,14.082069,9.80457
20443284,127.56102,15.447277,9.96992
293496802,132.10876,15.870124,9.89704
69369700,122.12854,15.926761,9.8733
14806815,114.14417,15.0834055,9.6959
14714213,111.91664,14.676264,5.918
440803070,109.27919,14.420506,9.4532
440803105,109.32805,14.454453,9.6304
440823675,109.28833,15.728355,9.1607
14806691,114.18574,15.249248,9.6316
17748389,117.97219,14.834881,7.6138
19068845,120.0535,15.972749,7.8175
19068901,120.116135,15.867462,9.2876
19068987,120.134155,15.707094,8.99825
337386886,110.318245,15.987666,7.997
14497706,111.05082,14.352929,7.9789
14497910,111.11775,14.568492,9.1152
330692039,136.89317,14.03294,7.9066
333800619,130.80377,14.10759,7.1253
333800621,130.72746,14.114798,8.5664
337646737,131.11246,14.431163,7.817
446666483,120.47788,15.563162,8.9036
60258651,125.03664,15.841152,9.6017
440822587,109.37171,14.638477,9.4466
14806714,114.19977,15.217374,9.9012
27510704,122.4921,14.408679,9.9263
60259377,125.03685,14.113206,9.1301
333801060,130.7245,15.619954,8.6261
16379452,116.15048,14.049125,9.1213
21274791,129.50266,15.13487,7.8206
20487558,127.89012,14.9928875,9.62812
321287183,137.47441,14.456763,7.7406
14768149,113.81698,14.931507,8.83474
27546438,122.82663,14.821781,9.75305
69301321,121.883835,14.999626,8.69513
437056240,135.13899,15.756069,9.536
46381331,133.71391,14.495613,8.93483
27546019,122.7845,15.784861,8.94236
69301611,121.89495,14.374662,9.14478
21274501,129.573,14.330734,8.78285
21274819,129.52455,15.176887,9.36909
21275026,129.5353,15.853278,9.02897
46364199,133.43237,14.40916,8.09606
437044288,134.214,14.375927,8.90635
437052848,134.87283,15.585441,8.94863
20485557,127.78894,14.763933,9.8179
20485601,127.76756,14.62118,9.9006
35260223,138.47476,14.274446,9.84928
14709809,111.85072,15.659638,8.4276
6894614,125.55633,15.460981,8.97648
293412660,131.82565,15.329203,7.68361
308996534,150.51299,15.360523,8.0809
14709411,111.77478,15.18883,9.94281
6894335,125.52832,14.742892,9.1891
293412531,131.71455,15.841181,9.36703
60256755,125.000275,15.319392,9.72864
46381763,133.72974,15.89401,9.7734
437052706,134.92873,15.122436,9.868
155580084,158.74915,14.334301,9.76641
247121789,112.9268,14.358338,9.9657
63859901,162.83722,14.871396,9.4932
14846634,114.17657,14.506787,9.49248
19068861,120.06188,15.94222,9.6218
19068998,120.06344,15.683938,8.40817
27650884,123.506996,14.083765,9.3766
27510756,122.527336,14.507985,7.1008
27510854,122.479,14.767462,8.50264
27510969,122.42711,15.004785,9.0509
21185829,128.82309,15.729949,8.61537
46362156,133.23207,14.816452,9.0104
60258641,125.09003,15.864623,8.9945
60258791,125.05096,15.4698105,9.1511
60259216,125.083084,14.519811,9.5817
437055795,135.13007,14.1706915,9.5896
333800944,130.76585,15.202027,8.9276
55377934,141.00089,14.462369,9.30421
155558917,159.26979,14.1730795,9.21309
440802989,109.33725,14.343662,9.6478
155558941,159.33835,14.007608,9.2182
63239324,157.72668,15.906067,9.3334
6993039,126.36936,14.442853,9.2868
308996338,150.55267,14.286416,9.2052
337711081,150.6232,14.556997,7.85
355217508,152.51404,14.90733,9.6213
357240468,169.78415,15.459533,9.0943
46256406,132.44925,15.0131855,9.78255
46362056,133.23698,14.499207,9.91156
160325373,159.76978,14.31166,9.7329
63239584,157.72208,14.587539,9.81359
6993267,126.2691,15.011399,9.8881
63239680,157.6553,14.161439,9.99767
247079051,112.27304,15.913941,9.8135
14441538,110.67264,15.4522,9.2315
18937764,119.1057,15.940778,9.6629
14441421,110.74038,15.5831995,9.1032
14441612,110.67872,15.360365,8.5582
14441695,110.726295,15.280002,9.2815
14442590,110.68734,14.287719,7.739
14442718,110.6639,14.15348,9.482
19000771,119.43675,15.705392,9.5943
17677160,117.75993,14.465564,9.7111
16456001,116.73605,15.423263,9.19406
18937847,119.147675,15.768799,9.8724
18937898,119.13673,15.657546,9.9022
46385453,133.95285,15.472983,9.8966
16456063,116.719574,15.501471,7.42528
21247931,129.43927,15.981842,8.52038
437057597,135.26143,15.137824,8.7303
18999991,119.55535,14.114887,9.4532
16136460,114.85543,15.990789,9.1095
21185514,128.8471,14.88752,9.2412
284851562,124.07903,14.350549,9.9063
21185494,128.79205,14.829993,9.42181
284851529,124.12481,14.411825,8.94376
18938575,119.173805,14.34219,8.44508
14441939,110.73316,15.022472,9.3287
19000800,119.552605,15.761873,9.0495
294501922,122.25987,14.071352,8.36632
27548729,122.93374,14.261094,9.56443
19000516,119.55208,15.159463,9.5939
19000169,119.435524,14.464501,9.90425
321294272,137.58858,14.213197,9.86904
408827284,127.08301,15.400614,9.83408
186852759,124.6783,14.275743,8.29444
337646897,131.15872,14.88523,8.38297
20536119,128.3268,15.6656065,9.1749
437049464,134.63739,15.537804,9.72838
63189838,156.72684,14.861489,9.7803
67396956,170.85919,15.992861,9.06726
82525670,175.32498,14.582622,9.11571
337656919,139.03201,14.12588,7.7512
192981927,142.62114,14.916854,8.605
263540687,144.50531,14.34719,6.1668
77139286,167.93231,14.400155,6.1154
67401721,171.11053,15.88402,7.0547
337656639,139.04773,15.121102,8.35875
61324030,160.81113,15.093548,9.59778
55380778,141.25183,14.32609,9.2472
21552732,150.68118,14.812283,8.7224
70710151,156.21767,14.093211,9.42247
155011069,143.79913,14.084378,8.56264
155012536,143.97035,14.379596,6.2856
67396996,170.8731,15.807412,9.44755
67401998,171.07504,14.169132,8.35369
67474119,171.99382,14.832071,8.73888
192981717,142.53453,15.888261,9.91222
14665987,111.509224,14.099985,9.4909
149493257,163.90019,14.49804,9.9971
149471914,163.6618,14.985578,9.3981
20536074,128.34999,15.811944,9.9978
35283658,138.79117,14.1678915,9.9232
70682115,156.21637,15.493185,9.6496
337388617,110.28709,14.266812,9.92667
387337920,110.02851,15.14293,6.417
247052885,112.1969,15.109823,6.2577
14713525,111.88333,15.521857,8.7305
14497608,111.02712,14.240566,8.975
247117060,112.756935,15.528098,8.3324
440854690,109.73304,15.958803,9.5582
16155368,115.028946,14.360129,9.9323
247052668,112.14,15.361527,8.7599
387338903,110.06864,14.104428,8.9677
247117382,112.84193,15.933307,9.0877
14713332,111.92866,15.759913,9.56127
387338793,110.06866,14.222383,9.1312
337388469,110.369026,14.412361,9.68815
387338576,110.057434,14.440188,9.28001
14561070,111.20832,14.645176,9.47641
387338754,110.081436,14.251352,9.92099
247053018,112.13279,14.957858,9.5295
14561382,111.18742,14.277599,9.76483
17745488,117.8508,14.170482,6.6
27551535,123.11607,14.687228,9.2155
17815652,118.32628,15.71893,7.39771
69298433,121.77896,14.329428,8.1272
14447410,110.80114,14.939158,7.5863
14447471,110.75967,15.000135,7.6969
14447812,110.75577,15.358952,5.87219
14606337,111.3638,15.630176,9.9897
14606521,111.332146,15.868931,9.7394
17815717,118.316605,15.5990095,7.4882
17816082,118.333374,14.917354,7.1569
17816344,118.43445,14.4457035,8.2169
17816347,118.41936,14.437649,8.6556
69298689,121.7055,14.898692,9.1108
69298795,121.745224,15.155378,7.15175
18917818,119.04096,15.093885,8.2798
21246520,129.24113,15.652225,7.943
337607213,130.3251,14.6665745,8.0734
14447290,110.74935,14.819113,9.8422
17744848,117.910736,15.422303,8.9433
17745020,117.825714,15.064327,8.475
17745546,117.91074,14.08805,9.5147
27550965,123.10693,15.94334,8.6744
17815943,118.362305,15.192726,9.9076
17816112,118.35645,14.876475,7.6779
46260219,132.67136,15.879994,9.9512
46295108,132.63004,14.402541,8.2707
21246537,129.31734,15.711563,9.7466
60256214,124.902855,14.030809,9.7036
337607439,130.22176,14.047877,8.4743
14671280,111.720505,15.085438,9.4769
14498757,111.115204,15.5171995,6.6728
46295217,132.63663,14.095236,9.1619
440765651,108.639725,14.272041,9.9205
440802792,109.26302,14.142548,9.1719
16323932,115.87476,15.82551,8.67274
46294979,132.57726,14.774494,9.4128
46295172,132.6027,14.223461,9.8779
337607133,130.256,14.898655,8.9206
21276797,129.62102,14.8581705,7.63439
6894864,125.57111,15.961343,9.09255
358701977,149.92513,15.016158,9.6489
156380008,159.88625,15.883738,9.2011
307648737,153.01198,14.877069,8.62445
186815932,124.398125,15.310527,9.4005
240176500,169.51367,15.542755,9.6587
337388890,110.26437,14.0269785,8.05795
437045728,134.40025,14.214565,8.97464
293379074,131.51329,14.360298,9.28272
20445357,127.70902,14.373955,9.08873
358703337,149.97484,14.877605,8.4516
358703540,150.0232,15.787678,9.2088
14722942,176.9287,14.3217325,9.77101
149470723,163.45529,15.677472,9.7295
16324260,115.935,15.348376,9.63352
20445281,127.702065,14.11181,9.75841
20445382,127.63731,14.458059,9.87826
16324357,115.885124,15.183931,9.8927
437045706,134.35805,14.147122,9.7944
408814402,121.10541,15.36601,9.2741
186813332,124.28505,14.521883,9.9823
14666195,111.49872,14.369813,9.3297
14666943,111.54001,15.274046,9.9857
440772513,108.73138,14.643633,9.5442
247047838,111.99086,14.7988615,9.6928
247082692,112.40886,15.459174,9.3417
387280646,109.903,15.559163,9.8778
27653911,123.6406,14.135701,9.4828
14667153,111.53433,15.540418,9.5858
337606925,130.28697,15.521909,9.0087
27541592,122.63659,14.514799,9.3177
14447560,110.80364,15.099978,9.34481
17816303,118.332466,14.513372,8.4473
69298297,121.72859,14.056593,9.06363
69298622,121.740974,14.747302,9.68172
69298787,121.768425,15.136336,9.09762
46260252,132.69202,15.750082,9.3163
186813684,124.26705,15.317344,9.09791
437056011,135.13666,14.849277,9.5501
17745384,117.873726,14.406889,9.8398
17815880,118.42178,15.299823,9.85585
186813528,124.31104,14.947435,9.9962
440771452,108.67943,15.656635,9.7292
27626343,123.07833,14.043878,8.1956
27551196,123.07933,15.469725,9.9803
19024319,119.61747,15.960619,9.7632
19024539,119.55999,15.546747,9.18458
19024584,119.621056,15.453155,9.7474
17777776,118.27246,15.377383,7.95915
16156031,114.98516,15.336284,9.4921
437042409,134.18692,15.1045065,8.5801
18877768,118.70141,15.049237,9.52929
46377731,133.49416,14.544517,9.1869
46377817,133.47812,14.828543,8.28394
6993567,126.31886,15.811211,9.35663
330621116,135.8531,15.497506,9.56026
437062517,135.66779,14.67497,9.57972
293411024,131.70523,14.689027,8.99596
293411122,131.67805,15.020818,9.50927
330622859,136.03813,14.461026,8.97004
16327647,116.06108,14.00767,8.2959
294502240,122.24722,14.703791,9.10375
20485204,127.76136,15.887961,9.66631
387280348,109.95802,15.255292,9.0941
14666589,111.507515,14.841213,8.75608
440796183,109.156,15.615144,9.2524
14498412,111.06651,15.11561,8.6795
14498697,111.05338,15.439791,7.4149
14499046,111.11647,15.944964,7.47125
14565432,111.355415,14.101294,7.6365
14565463,111.31349,14.132773,8.5786
14565522,111.29994,14.200473,8.4182
14605550,111.28629,14.71123,8.8108
16455632,116.78037,14.777668,8.994
247047260,112.09115,14.166629,9.5823
14771905,113.954605,15.45812,9.5377
21286853,129.75433,15.736487,9.3537
21246336,129.28316,15.1293125,9.57981
14560407,111.23781,15.38665,8.7532
17773579,118.16398,15.893665,8.332
16379222,116.19532,14.452742,9.4455
14560528,111.14548,15.233405,9.9866
16378255,116.11962,15.983722,9.7592
247168939,113.61818,15.978736,9.3177
247169178,113.66826,15.654087,7.0142
16378578,116.19494,15.462534,7.6824
16378741,116.157486,15.19244,6.7346
16379292,116.14503,14.329505,8.76839
16379401,116.17642,14.133145,7.2448
21220673,128.87204,15.149023,8.9954
21245936,129.34749,14.03453,9.0937
14560286,111.17454,15.520132,8.61478
247169271,113.68869,15.552388,9.7542
14666456,111.59373,14.671679,9.82984
247160794,113.43085,14.37745,9.0278
17819505,118.511986,14.948364,8.76461
17819651,118.47472,15.214066,9.5951
14771682,113.892365,15.761845,7.995
408814404,121.14448,15.364253,7.6948
16455179,116.71406,14.055449,7.8815
21286874,129.83923,15.828568,9.3004
440758929,108.43166,15.680273,9.25065
440772586,108.66013,14.5614195,9.095
440773172,108.736176,14.002951,8.8718
247136822,113.277306,15.9824505,7.8668
440796332,109.22753,15.440726,9.0663
387280044,109.89085,14.948821,9.1013
16455185,116.80736,14.064788,9.84819
247131897,113.228096,14.01192,9.80115
14605452,111.36531,14.601339,9.6154
440796635,109.23331,15.122192,7.577
16054288,114.46895,15.735641,8.68204
16054337,114.48474,15.814481,9.5291
16489223,116.944145,14.20091,9.4112
16489252,116.901886,14.150299,7.0064
440796594,109.25204,15.157835,9.2335
440797471,109.16581,14.289883,9.9116
16053568,114.542816,14.734836,9.8488
16488415,116.84363,15.520692,7.38153
16488487,116.87963,15.386856,7.8153
14666592,111.550125,14.842337,8.8421
16489072,116.87698,14.475253,8.1548
17819504,118.514,14.948172,9.00308
14666588,111.549866,14.840343,8.7287
16488877,116.91546,14.795561,9.85999
16488291,116.89352,15.705631,8.6269
16488548,116.90319,15.302415,9.4516
55363324,140.7776,14.1674185,8.8747
358711466,150.08192,14.446483,9.228
330636615,136.15784,14.852281,9.30639
77113427,167.23584,15.211417,8.31637
14776538,178.08801,14.405557,9.42004
358711501,150.16843,14.274099,9.7628
386909365,159.04521,15.871935,8.5236
20538297,128.44348,14.673579,7.85422
330636336,136.05167,15.8276205,9.54332
293460898,132.06279,15.727523,8.0943
293461069,131.98053,15.239433,8.93008
63309707,158.38884,15.213799,8.56336
63309772,158.37741,14.897436,8.287
63309930,158.40932,14.11885,9.0981
55268035,139.45566,14.497363,9.7311
386864790,144.7819,15.276042,9.0253
286814603,164.79613,15.291851,9.6123
77113224,167.28467,14.101633,9.90338
371815187,174.49088,15.776908,8.8465
371816362,174.68568,14.652011,8.8734
371816483,174.6328,15.520647,9.21959
17744631,117.92914,15.864154,9.619
16159175,115.097244,15.522423,9.6849
358712647,150.26129,14.527137,9.9425
286814627,164.79494,15.114015,9.88086
20538484,128.37311,15.192697,9.66404
16280123,115.69209,15.070591,7.49884
46306609,133.03557,15.289597,8.1699
26642256,108.22341,14.816329,8.4228
14802104,114.020065,14.044455,9.3499
14803433,114.05902,15.874147,7.7847
46306408,133.01756,14.584661,8.0911
26642270,108.26616,14.8344345,9.7077
14803405,114.01585,15.829399,9.2262
69295914,121.19597,14.848928,9.0245
16280454,115.696976,14.5995,8.6823
69296169,121.22565,15.389944,9.2757
16280663,115.617134,14.304992,9.6394
27682159,123.783356,15.0399,9.6998
21221043,128.94374,14.120258,8.0658
21223063,129.03214,15.313634,5.9871
16279997,115.68032,15.259139,8.4051
14802783,114.07097,14.982352,9.3028
14803242,114.07215,15.592229,9.14561
16280348,115.62828,14.744192,9.80003
16280850,115.67757,14.052389,8.22309
14803388,113.996765,15.811072,9.88626
21223205,129.06409,15.718731,9.7516
247048590,112.01808,15.667878,8.9901
17591784,117.06363,15.475629,9.1442
69292894,121.024765,14.285354,9.4908
18941439,119.26458,14.896442,9.8503
21220486,128.90732,15.684487,9.4942
21220509,128.88365,15.625376,8.3623
21220730,128.86938,15.031705,9.9509
247048016,111.993095,14.98981,9.7849
17591779,117.010445,15.4705925,8.243
69293029,120.94263,14.572867,9.8471
14368430,110.52767,15.75687,9.0865
247048887,112.08553,15.987531,8.8476
69292901,120.9578,14.299817,9.03272
18941472,119.219635,14.966209,8.16757
21220493,128.86044,15.660384,9.61345
21220863,128.89456,14.635602,9.10513
69293022,120.98763,14.564243,8.543
247048471,112.03036,15.527339,7.9869
18941554,119.2106,15.130642,8.66231
14367670,110.609314,14.941664,9.9675
247048279,112.08541,15.296541,9.62744
21220399,128.95518,15.951019,9.79453
16328292,116.07767,14.970123,9.8944
440827699,109.428894,15.770327,7.4754
14708493,111.85362,14.065084,7.2445
60228186,121.533394,14.252873,9.4244
440829384,109.422516,14.134556,9.6305
247170392,113.7169,14.148502,9.0779
247170427,113.60625,14.101124,6.0247
19028487,119.69508,15.992875,9.3811
21248536,129.45744,14.472839,6.2701
386621229,124.14604,15.005915,9.6242
386621517,124.258896,14.430698,9.9565
6952243,126.0993,14.115987,7.6852
6952617,126.09558,15.001552,8.4579
330621453,135.88371,14.381073,7.4987
330621515,135.82779,14.183518,7.1126
337606867,130.30809,15.726415,6.909
16328463,115.97288,15.257675,6.99564
60257021,124.92063,15.975808,9.5763
60227953,121.4977,14.727028,9.03183
17773924,118.15089,15.217733,9.56652
17774271,118.146355,14.637398,8.8363
14708751,111.78392,14.395209,9.6994
16225594,115.28859,15.334077,7.5501
60286567,125.22319,15.889234,8.3034
35227718,137.96873,15.770639,9.5727
60230508,121.57625,14.046582,9.88519
21272797,129.37474,14.089532,9.9745
386621479,124.195145,14.508054,9.6831
35227980,138.00853,14.825041,9.2936
35245613,138.35852,15.038969,9.1767
330621559,135.90315,14.0505495,9.3483
330621560,135.88232,14.040374,8.84
60285843,125.23054,14.071333,8.4363
60285929,125.17037,14.27214,9.96106
21274751,129.48183,15.0304785,9.45629
6952356,126.06986,14.374943,9.13926
16224960,115.31013,14.3957815,8.39682
333798775,130.55464,15.734841,8.7846
35227918,137.92046,15.090048,9.62912
35228072,137.94025,14.476757,8.83888
35228112,137.91469,14.358443,9.4123
35245549,138.29826,14.747164,9.2655
16224908,115.33116,14.312939,9.6555
16225041,115.26602,14.52254,9.8156
14497617,111.06894,14.249083,9.6867
19063385,119.87661,14.576221,8.9964
19063582,119.860565,14.179046,9.882
19063643,119.81719,14.079516,9.5656
17748378,117.95374,14.811946,8.3591
337387623,110.34167,15.257373,9.861
14497659,111.07147,14.304874,8.4477
14497843,111.04073,14.497207,9.474
19063614,119.83259,14.128416,9.5666
17748402,118.00893,14.84608,7.7642
14667340,111.52808,15.7748995,8.3761
337386988,110.25983,15.879085,9.6977
14768785,113.80011,15.816445,9.558
14667504,111.58198,15.976336,9.9155
19063602,119.868484,14.152219,9.9376
17748642,118.00308,15.33298,9.2613
14497970,111.02816,14.631821,9.9211
17748599,117.97897,15.255099,9.75319
440760431,108.402374,14.250632,9.7245
14667211,111.566216,15.606071,9.7248
14497822,111.04335,14.466293,9.1705
247120797,112.90541,15.575684,9.8326
247165963,113.56988,15.8794985,9.2697
440856321,109.75635,14.297783,9.9601
16130018,114.746284,15.074392,9.2256
27681891,123.8509,15.700431,8.845
27680261,123.69547,15.900995,9.8582
14366852,110.57101,14.042938,8.8467
247088610,112.51867,15.157396,8.3915
247120965,112.90227,15.3448,8.261
247120989,112.90377,15.313153,6.5555
247121378,112.93034,14.865549,9.8584
247053531,112.22038,14.396035,9.8106
247083056,112.42309,15.075469,9.0591
440856108,109.64536,14.5153475,9.9344
247160368,113.36182,14.915356,9.7548
358842618,161.78726,14.233443,9.59501
14901042,114.45952,14.340617,6.80544
19027824,119.68286,14.682887,9.36157
330690138,136.69075,15.216274,7.4396
14901249,114.4621,14.041978,6.82426
60253935,124.79993,15.020056,8.28405
19028244,119.73375,15.465694,9.46038
17862899,118.62892,14.142764,9.48941
16417643,116.42048,15.286309,9.6455
16418023,116.35232,14.599684,8.574
60254141,124.81807,14.558021,9.06635
330690103,136.71078,15.106107,9.0364
20441650,127.46519,15.535867,7.9992
337697769,148.38974,15.817168,9.4789
16053222,114.57142,14.241174,9.8534
16053967,114.55656,15.317211,9.8842
19027702,119.7493,14.423262,9.9951
321316768,137.78409,15.226566,9.8447
27543843,122.74535,14.629475,6.20678
60254295,124.805786,14.20068,7.2737
46379347,133.63762,15.681953,8.32995
16053808,114.46867,15.081648,8.406
440783996,109.00053,15.3506775,8.207
16053262,114.54331,14.285747,8.8399
16053550,114.4904,14.707362,9.55235
46379369,133.63968,15.610122,9.2702
46379719,133.59285,14.429828,8.90082
46379775,133.60873,14.213872,9.59819
357265923,130.89558,14.684721,9.62672
337697348,148.4329,14.025638,9.51286
387236102,109.86544,15.0464735,7.0255
387274379,109.77132,14.087483,8.0796
387235910,109.78636,15.228631,9.2904
387273945,109.76926,14.449087,9.8498
247093478,112.67444,14.802562,9.8988
387235953,109.862015,15.185637,8.13798
14767656,113.814125,14.240357,9.63225
440759251,108.481,15.376151,9.0398
440759260,108.45086,15.365863,7.0019
14610929,111.472435,14.5336275,8.6763
14610638,111.45178,14.856505,9.9756
14610697,111.43597,14.796898,9.5285
440778219,108.76907,14.58247,9.6539
14493685,110.95495,14.006277,8.6927
247092774,112.65404,15.573917,9.0724
247092887,112.61857,15.459217,8.9638
247165155,113.602325,14.817233,7.4342
440778158,108.83017,14.520056,9.5826
247165136,113.51731,14.793699,9.4675
14493579,110.965706,14.131326,9.26371
440790477,109.073845,14.389919,9.2492
247165103,113.581635,14.753111,7.7332
440758758,108.46233,15.852029,7.2309
14611330,111.48266,14.086385,8.57805
14610743,111.44005,14.748345,9.78776
14670710,111.616585,15.789261,8.7412
14670916,111.68629,15.518072,9.53485
247126615,113.08588,15.28265,9.03273
387338420,110.08456,14.594234,8.6469
337388062,110.36808,14.829605,9.7609
14713793,111.919655,15.1785965,9.8293
247053012,112.2322,14.964348,9.863
387338332,110.10338,14.705982,9.9354
247052174,112.21321,15.962172,9.9325
247052400,112.16636,15.671836,9.7521
14492573,110.8849,15.307547,7.7089
14492647,110.969635,15.217865,8.9257
14492685,110.99201,15.166535,8.5776
247088428,112.51248,14.951093,7.4958
247160120,113.39103,15.216583,9.4998
247088516,112.55179,15.055913,9.9571
247140125,113.42561,15.499139,9.36205
247139895,113.402016,15.826641,5.19389
247160131,113.43445,15.207915,9.2814
387343891,110.15782,14.899432,7.4718
387344114,110.229645,15.168952,8.29375
247136536,113.35262,15.639131,5.73194
387344245,110.16556,15.284948,8.5096
387344357,110.23228,15.39496,7.60572
14671760,111.626114,14.514527,9.3646
14671797,111.66643,14.468624,9.7716
387344593,110.14266,15.655398,8.7051
387344758,110.168945,15.8591,9.7107
247136507,113.34481,15.603726,8.9126
387344600,110.210686,15.665525,8.97699
247135909,113.31471,14.81048,8.6652
247135948,113.26021,14.848997,9.802
14670537,111.649765,15.9878235,9.5631
14670900,111.73987,15.542374,9.2892
286812574,164.5755,15.673102,9.1446
903564705,164.13037,16.62086,9.1302
903561934,162.75911,16.053608,7.6601
186814856,124.46984,17.982925,9.544
903565817,164.61789,17.184177,9.1442
903565818,164.61784,17.184313,8.9871
192983924,142.73949,17.72271,8.551
18942979,119.2633,16.984493,9.9832
6994785,126.46025,16.902538,8.943
18919253,118.961365,17.932507,9.773
156839870,148.03557,16.463007,9.3016
16226539,115.27436,16.873335,6.2418
6953851,126.22244,17.424202,9.1044
149495590,164.13037,16.62086,9.1302
357266614,130.91638,16.8987,9.1521
7022375,126.604614,17.823902,9.6437
357183161,153.07745,16.348433,9.1282
286814041,164.61784,17.184313,8.9871
355217816,152.53131,16.516624,7.43953
358713471,150.4184,17.40905,8.6225
258684203,147.49123,16.559916,8.3954
293366959,131.21951,17.168743,8.9501
95340106,153.64067,17.890018,9.2581
46379103,133.67303,16.611269,8.1808
55276121,139.74524,17.705265,6.1118
63858490,162.75911,16.053608,7.6601
440795661,109.18561,16.147057,6.3209
60328900,145.37975,17.887016,8.4941
77041366,166.2738,16.105915,8.472
63883064,163.16058,16.732958,8.448
63883137,163.14545,17.074808,9.725
61101374,154.06685,17.740347,6.8366
800910411,126.22244,17.424202,9.1044
740049118,119.2633,16.984493,9.9832
800911240,126.604614,17.823902,9.6437
800911241,126.60448,17.823708,9.6869
840162390,150.4184,17.40905,8.6225
761944028,115.27436,16.873335,6.2418
762088769,109.18561,16.147057,6.3209
800548327,133.67308,16.610744,8.3856
800548328,133.67303,16.611269,8.1808
800844696,131.21951,17.168743,8.9501
800844501,130.91638,16.8987,9.1521
800844503,130.91617,16.898455,9.6302
840146336,145.37975,17.887016,8.4941
840170634,154.06685,17.740347,6.8366
840170635,154.06686,17.739946,7.2876
840170796,153.64067,17.890018,9.2581
840133441,148.03557,16.463007,9.3016
840133442,148.03526,16.462454,9.8765
800569555,139.74524,17.705265,6.1118
840154388,153.078,16.348415,9.1643
840154389,153.07745,16.348433,9.1282
840156148,152.53131,16.516624,7.43953
840133963,147.49123,16.559916,8.3954
70655733,155.08119,17.885204,9.967
240176679,169.50795,16.621029,9.788
155177867,144.2814,16.22581,7.372
155849013,110.53484,17.857939,8.947
63189338,156.72092,17.219374,7.375
27634722,123.34316,17.403502,7.9779
16134625,114.86686,17.495405,8.7651
247128737,113.18903,17.929878,9.887
16135628,114.93955,16.659435,9.0426
16125641,114.55172,17.854673,8.5128
16134382,114.86914,17.67452,3.473
16131533,114.76387,16.175695,9.23506
16133489,114.74338,17.674156,9.9562
16131426,114.73042,16.096436,7.1848
16136413,114.931984,16.026981,7.4351
77041936,166.33513,16.58919,8.737
16134705,114.90705,17.433365,8.04908
18942532,119.27828,16.464653,9.2996
18944338,119.38877,17.464834,9.3468
46308175,133.12418,16.481157,8.7011
46308202,133.14943,16.439201,8.9558
330704924,137.20172,17.684477,9.8443
175232591,129.72578,17.969557,6.8942
302922087,132.35237,17.954185,7.96
63189570,156.66823,16.274923,6.6523
240174344,169.0158,17.93909,9.8459
61048261,153.51967,16.843512,8.4351
61048382,153.49916,17.430334,7.6815
61081939,153.68216,16.98785,8.8642
61081948,153.66339,17.030613,9.3239
61082061,153.73352,17.637783,8.3594
21579766,151.13168,17.36208,8.7412
240174106,168.98285,16.082039,9.2227
240174475,169.14453,16.953453,9.1232
240174275,168.91838,17.37002,9.3268
240174511,169.1578,16.753647,8.63247
240174210,168.92876,16.936398,9.98079
258673000,147.20033,16.114828,8.9143
239209273,170.34148,16.436663,9.3496
357168703,152.61401,17.035967,9.9459
59610840,146.43439,16.792679,9.7187
356668286,168.1799,17.884146,9.4912
67401109,170.91682,16.851963,6.2856
61048314,153.41306,17.093334,9.6574
59580626,145.6352,16.587002,9.5851
61081895,153.66777,16.769138,8.9972
61081794,153.65878,16.241207,9.2696
61106707,154.34787,17.510098,9.7931
70681541,156.04128,17.46328,7.0381
293367040,131.26059,16.806656,8.25996
70634363,154.93979,17.026106,9.1909
70676993,155.7093,17.663439,9.2454
70681646,156.14816,17.917316,7.6626
156818280,147.80727,16.320004,6.7256
156818163,147.7189,16.979118,8.6702
195214413,141.82248,16.398611,9.6359
63219815,157.37479,16.216446,9.5357
330691328,136.87656,16.61013,6.777
70676700,155.53352,16.641077,9.0821
330691413,136.79738,16.346088,9.078
156818310,147.70447,16.144674,9.933
240174336,168.98885,17.824862,9.8036
240174227,168.91438,16.996511,9.27162
63837223,162.39227,16.506664,8.858
358789956,161.33458,16.619446,9.9526
3817616,170.27138,17.871517,8.2613
59610451,146.25461,17.024897,9.47793
77146088,168.26884,16.76886,8.9459
77146143,168.20451,17.07135,9.8795
59610893,146.45706,16.487667,8.6094
59610301,146.32155,16.26503,9.6172
357308783,151.83313,16.762669,3.508
286816116,164.93707,16.88149,9.526
63189442,156.67442,16.765167,9.0633
67474368,171.92474,16.010244,8.70014
67474582,171.93205,17.029884,9.85033
67475129,172.082,16.526672,9.92054
286752664,164.59042,16.60436,8.1008
63837349,162.36171,17.146452,6.2521
258684251,147.47017,16.838428,6.2109
462517368,170.03923,17.114841,6.46636
462517376,170.0362,17.086123,8.1661
462517446,170.05478,16.732931,6.6546
67503633,172.29088,16.378906,6.8979
427580931,165.3251,17.70955,8.3848
459947098,172.54031,17.060026,7.231
358656603,149.14565,16.355038,9.7817
67503446,172.2996,17.237173,9.0786
462517520,170.12227,16.257334,9.7914
67445501,171.50606,16.252829,9.78473
70679261,155.80139,17.737194,8.8736
263542181,144.64417,16.791134,8.8118
263542350,144.72371,17.73395,9.1778
263542453,144.86409,17.58259,8.4257
149495715,164.1806,17.346588,8.5034
238610786,160.89879,16.598633,9.0839
238610826,160.9477,16.831804,9.9367
337732769,150.94153,17.355131,9.7081
263542623,144.87276,16.76648,8.6173
358789939,161.29507,16.692451,9.8539
149495835,164.20667,17.817797,9.9042
77126610,167.5695,17.697687,9.0542
63815873,162.2898,16.040123,9.8937
358789714,161.11168,17.647219,9.132
70679488,155.92354,16.979399,8.9979
70678995,155.77072,16.244133,9.3908
263542204,144.6523,16.92875,9.9537
263542366,144.67963,17.79123,8.6719
358789874,161.32616,17.211338,9.8235
358789886,161.22562,17.128338,9.4165
63815356,162.18611,17.253122,8.61712
63815174,162.20543,16.418201,7.1551
286831644,165.99292,17.796326,9.9444
358790031,161.27821,16.337688,7.8059
149495769,164.15192,17.655596,8.26429
286831376,166.02115,16.25665,8.4138
238610947,160.96407,17.5329,9.6368
70679428,155.95493,17.280258,9.83527
70679061,155.791,16.574953,9.5096
263542486,144.89928,17.41867,9.4932
337732704,150.97147,17.633436,9.9665
358789788,161.27042,17.846525,9.69811
63861015,163.01222,16.09558,7.844
61109004,154.49966,17.186646,6.6615
97471384,164.89449,17.999392,7.8532
87954268,146.00275,17.972876,8.5912
155558225,159.15909,16.837288,8.8241
155558498,159.27058,16.942316,8.7785
63217904,157.18115,17.133495,6.29184
155558103,159.13939,16.035645,7.345
77041365,166.27461,16.105694,9.9199
63217399,157.02747,16.456215,9.8277
63217826,157.14496,17.45907,9.5752
63217384,157.08328,16.417048,9.9465
77113973,167.30185,17.403505,9.1514
458689151,169.3166,16.954136,7.7201
70676665,155.54189,16.469866,8.2436
70677123,155.67172,16.931223,8.5315
195214876,141.98187,17.653362,8.7524
358701693,149.88213,16.387096,9.87525
70681527,156.12022,17.378494,9.64188
330687217,136.42696,16.752098,9.94251
63308922,158.34702,16.783386,9.89834
70676790,155.56601,17.119743,8.8918
70676872,155.61908,17.51396,7.3876
70677155,155.64525,16.741302,8.05282
70634234,154.9233,17.720528,9.59061
70634335,154.9565,17.113663,9.56902
415007431,164.42531,17.942892,8.5912
195214439,141.83887,16.499447,9.54977
195215030,141.98552,16.983574,8.41134
63219866,157.36578,16.50633,9.5776
61036803,153.30717,16.242819,8.90464
63220061,157.27538,17.4694,9.8025
175232596,129.73273,17.961163,9.6745
193019142,143.4813,16.336683,9.6882
21182707,128.62456,16.549746,9.74026
63858354,162.7278,16.63908,8.85081
61036165,153.1767,16.276642,9.22486
77108663,166.97322,16.880913,8.95614
77109068,167.11852,16.68215,9.5471
408828120,127.095116,17.478674,9.01785
408827877,127.108116,16.852516,8.3348
257320608,148.98326,17.541517,8.02522
61036210,153.24771,16.5317,7.7453
149494093,164.02017,16.149984,8.55669
192984396,142.82251,16.027544,9.4825
77071867,166.75687,16.75982,9.3372
77108848,167.09177,17.912296,9.4013
18996676,119.402504,16.13284,9.13308
192983952,142.68661,17.852238,8.47504
156852180,148.68639,17.79039,9.90803
257320677,149.03827,17.89808,9.807
192984025,142.86435,17.699696,9.6957
518729696,151.83302,16.7626,8.0833
440792308,109.06348,16.156162,9.816
18944238,119.42157,17.556875,8.7488
156851871,148.69038,16.199966,8.1189
192984392,142.75827,16.03882,6.8075
77071977,166.70212,17.440426,9.5897
440792504,109.105545,16.345236,8.8116
156851821,148.61664,16.035881,7.3281
61036661,153.28961,17.020176,7.5822
77072037,166.68346,17.737364,4.8731
77108968,167.16998,17.200745,5.89785
6861304,125.28597,16.422985,8.8926
61311379,160.24562,17.178392,9.2926
149470459,163.48705,17.10652,8.7633
14770783,113.90216,17.02933,8.1981
14852106,114.27389,16.904251,6.7691
358804727,161.45425,16.083387,9.987
149470641,163.48807,16.220621,9.0722
27635329,123.36792,16.4298,8.51607
60328903,145.4105,17.858814,9.3685
27064335,151.66988,17.8951,7.5049
294503180,122.20448,16.747873,6.8955
77072058,166.72461,17.808842,9.9766
6890829,125.42843,17.285131,7.9672
95745513,160.20807,17.933329,9.5893
18996476,119.411476,16.59699,9.7036
7021918,126.50232,16.550062,9.2507
61036248,153.26459,16.748251,9.6284
77072438,166.8989,16.021149,8.7771
186851768,124.73802,16.493624,9.46012
20497220,128.25424,17.22664,8.7904
155012122,143.88773,16.285057,9.1042
286829962,165.69717,16.09211,8.3394
20497116,128.27487,17.48621,9.2634
55379618,141.04967,16.402323,9.5236
55380019,141.17477,17.710556,5.7305
21552981,150.79965,16.290506,8.5892
21580906,151.32236,16.46536,8.0666
263521503,144.51907,17.355383,6.6647
263521606,144.49414,16.834019,7.0483
149472586,163.7375,16.842253,7.941
149472657,163.72774,16.389116,8.5238
77141056,168.16597,16.207682,7.2279
67401469,171.1082,17.34367,6.5944
67401628,171.11311,16.44288,8.7709
186851811,124.64198,16.384697,8.6388
337647657,131.12498,17.114157,8.9689
155011831,143.9229,17.625614,9.695
77141109,168.15977,16.10772,9.53509
240175812,169.2074,16.786211,8.9973
7022135,126.60291,17.161749,8.4933
7022183,126.53619,17.282421,9.897
7022618,126.650154,17.43439,9.6332
156851928,148.60957,16.49547,9.6574
257320427,148.9835,16.633759,9.9728
192983925,142.73946,17.723831,9.6117
193019455,143.48405,17.691622,9.0372
337647382,131.14551,16.284946,8.9407
77043924,166.60783,17.203257,9.6129
437049777,134.60175,16.658733,9.9466
63837796,162.54895,16.584171,9.511
77043928,166.56345,17.183474,9.9209
95819409,161.6969,17.95284,9.71682
155012162,143.91995,16.097769,9.8978
67401636,171.10248,16.351229,9.9539
239208866,169.6621,16.464262,7.76652
358115069,120.82245,17.870993,8.3035
61048789,153.63249,16.138342,5.8303
59583126,145.90797,16.697401,9.7742
59583124,145.89743,16.69838,7.7614
307648437,152.91281,16.150124,9.6382
156839191,147.94965,16.02062,8.5079
63215408,156.92047,17.135683,9.731
307648284,152.96375,16.836958,9.8382
440851537,109.52325,16.540394,3.4717
59582871,145.90636,17.91221,9.0674
59582987,145.90082,17.306063,9.9406
77041919,166.33263,16.717937,8.2584
67443400,171.20245,16.034805,8.767
77041747,166.34671,17.662712,8.4241
67446102,171.58786,16.23277,9.0245
358703623,149.98286,16.16901,8.6268
337631830,130.45367,17.096529,7.3659
357333525,152.0619,17.358587,5.5232
337631596,130.40784,16.329964,6.18437
63815778,162.29193,16.612116,9.4238
67443788,171.38412,17.566946,9.1054
155014120,144.08255,17.22987,7.6194
307645124,145.27475,17.938143,8.6401
59626507,146.50453,17.889088,7.3877
240172375,168.66924,16.33731,6.6655
59626185,146.49805,16.239529,9.5595
59626268,146.49998,16.61297,9.5461
286829491,165.18594,16.741383,8.2953
67401283,170.98778,17.62678,9.1972
59626306,146.47836,16.786272,9.3911
77172131,168.45767,16.150066,9.32
55383079,141.38542,16.585588,5.4897
55377193,140.91689,17.795256,9.4268
55382871,141.4605,17.380478,9.2456
358713240,150.21187,17.39914,9.4686
355218062,152.46263,17.815565,7.8699
337733003,150.96785,16.216068,8.2844
55382619,141.31372,17.422462,9.7671
337710541,150.58421,17.070187,9.6276
337710667,150.57863,16.436056,8.6373
337710716,150.63158,16.216688,9.5414
355217940,152.5068,17.126137,9.1216
357182978,153.11519,17.414177,9.8054
357183169,153.06195,16.302265,9.9864
67459798,171.77687,16.801987,9.6961
159526345,172.64491,16.688059,9.9841
20493155,128.07594,17.873922,9.4134
55382754,141.46638,17.86605,8.5492
154999124,143.68484,16.446503,8.6764
70722164,156.60103,17.224693,7.7281
6926112,125.99232,17.44286,9.844
440825634,109.35218,17.89315,6.8859
321295218,137.56955,17.656244,7.0911
358656344,149.13535,17.504602,9.3451
193017025,143.24814,16.494772,7.9377
63883063,163.1606,16.73167,9.2179
286816018,164.95099,16.387293,7.2602
77128554,167.73703,16.489296,9.4496
193016883,143.35753,17.130913,8.436
193017104,143.34868,16.09038,9.3546
60287806,132.26567,16.261127,9.947
70711697,156.2928,17.527699,7.1213
415008606,165.60349,16.879667,7.3571
415008679,165.54074,17.630938,7.7007
60287673,132.20927,16.807297,9.7946
86104355,139.83168,17.988825,9.532
60287473,132.22461,17.50382,8.545
60287577,132.30128,17.1567,9.4071
61283559,152.2255,17.938726,9.4036
92006229,145.09758,17.929823,9.914
408827654,127.004036,16.30926,8.5216
63215520,156.92165,16.654097,9.8844
247127631,113.05005,16.529993,8.6888
77041419,166.28545,16.453484,9.96662
63215570,156.93138,16.351557,9.4284
155558458,159.24402,17.255297,8.52178
357308607,151.90558,17.736206,8.4722
67505563,172.4937,16.985287,8.8053
357308670,151.90092,17.311924,9.5396
77037321,166.08545,17.90009,9.30036
77037648,166.13214,16.031956,9.32259
357239630,169.58047,16.468008,9.3592
415008569,165.57515,16.50929,9.68805
386619887,123.98568,17.92047,8.8602
386619961,124.25471,17.844683,8.9399
330656147,136.27887,16.051718,8.9506
437047027,134.4516,17.181303,6.9666
437047310,134.52682,16.109716,8.5726
55361621,140.71593,17.290794,8.63559
155580443,158.85696,16.855738,9.7224
195211882,141.70879,17.431446,9.0172
357333147,152.00931,16.582203,8.9634
355217875,152.46959,16.780884,8.1206
61311382,160.32533,17.168037,8.9485
61311402,160.26245,17.03372,9.7582
284991785,147.6314,16.313118,8.5089
386619726,123.9148,17.572031,6.76755
195212062,141.65784,16.698301,6.1488
6890482,125.367805,17.661488,8.2816
70679336,156.00862,17.693232,9.9249
357267156,151.55682,16.577312,9.6491
6861228,125.29026,16.265121,7.99571
149494059,164.05618,16.316484,9.20057
35261793,138.60838,16.13056,8.8764
437063044,135.67506,16.647453,8.9321
321286388,137.46317,17.45346,9.0828
63238629,157.57936,16.501614,8.8718
61310930,160.11795,16.045536,9.5326
6890545,125.35875,17.851532,9.0976
437063171,135.59558,17.120316,9.6415
195211773,141.66048,17.800673,9.9454
195212027,141.7317,16.853031,8.4996
159505187,167.95479,17.930885,9.803
63238652,157.58305,16.608732,9.7175
46382545,133.85323,17.413116,9.1321
61323430,160.66713,17.333105,9.7428
63837443,162.41824,17.673677,9.7306
258684238,147.56078,16.760029,9.60322
427580984,165.43204,17.359749,8.00901
462517326,170.11029,17.311285,7.05346
67445533,171.40155,16.456537,5.1874
258684161,147.48709,16.332157,9.22157
286752686,164.59805,16.495321,9.8922
67443458,171.16591,16.320293,8.55343
67457623,171.58519,16.168247,9.2616
77041974,166.4224,16.409246,9.7363
67444047,171.2986,16.112358,9.65543
63860721,163.07613,17.260227,9.7971
59582833,145.7978,17.766582,8.4528
307648181,152.94945,17.275282,8.30714
156839482,147.94836,17.351606,8.80067
156839513,147.91307,17.475777,7.826
307647967,152.83388,17.761585,9.7608
156839546,147.87454,17.646265,9.36384
356377050,170.15819,16.984533,9.6162
14804299,113.982475,17.094769,9.542
293278399,118.95246,17.979357,8.796
21182637,128.69116,16.735674,8.5369
35284672,139.27066,17.412216,9.7531
16450780,116.61121,16.74846,9.1146
437059729,135.39624,16.640182,9.6405
337631921,130.38419,17.402798,9.4978
85912444,137.76239,17.981707,8.9804
35284615,139.23016,17.633827,9.4593
55316611,140.3587,17.347277,9.7965
358669439,149.43303,16.392485,9.9652
21580961,151.37105,16.100374,9.7237
14804052,114.03577,16.742079,9.8787
69368438,121.987175,16.87113,8.0374
69369167,122.076996,17.182009,9.6346
16450027,116.55851,17.796686,9.3078
16450766,116.601524,16.77403,8.7613
27652603,123.57174,17.406427,9.0284
27652814,123.62457,16.871344,9.6733
437059660,135.38458,16.389944,9.4632
337631916,130.3986,17.392857,9.7854
35284563,139.26416,17.857046,7.9801
358703732,149.97105,16.716616,7.7969
70711549,156.34734,16.92024,8.0992
357333711,152.08702,16.517958,8.9049
357333786,152.13829,16.13572,9.598
16422338,116.53862,16.438444,6.21523
358669414,149.39047,16.459078,6.1887
14804158,114.05277,16.902937,8.6906
69369076,122.044136,17.400055,8.162
337631569,130.40123,16.261436,7.93816
35284706,139.17699,17.238218,8.47366
358658927,149.25323,17.054152,8.4399
357333693,152.12582,16.620083,8.6158
27652331,123.506134,17.727112,7.7337
17672477,117.61305,17.475546,8.2128
85993213,138.51958,17.891634,9.3946
46307230,132.96196,17.210316,7.6354
7058814,126.76036,17.546728,9.6114
20442087,127.47892,16.780294,9.6134
330636083,136.1331,16.834455,9.061
7059134,126.92747,17.330645,8.3421
20539250,128.42374,17.645845,8.073
358704057,150.06133,17.459793,8.5803
450301809,144.44223,17.318739,9.873
59599005,146.00407,17.673405,7.50974
286814186,164.78442,17.82682,6.46333
286814207,164.75296,17.722054,7.0654
77113680,167.20203,16.809097,8.2907
462519568,170.54607,17.81473,8.5042
462519633,170.6206,17.437012,6.11545
286813976,164.65768,16.799683,9.747
61127320,154.77202,16.34824,9.9173
17657530,117.261604,16.462835,9.8502
27635142,123.29318,16.900267,9.8267
35284109,138.83272,16.162275,9.7816
286813948,164.71239,16.65923,9.5026
458689266,169.31798,17.57093,9.2438
61101690,154.14978,16.031042,9.04521
193014160,143.05302,16.782236,9.58589
61101631,154.04219,16.307356,9.81741
17657588,117.219536,16.562265,8.075
7059096,126.94204,17.447044,8.4936
386864480,144.77689,16.827997,9.9425
386954956,172.8463,16.081427,9.5404
17657496,117.28282,16.418337,9.443
16158076,115.19145,17.317375,9.9599
7058362,126.85276,16.203142,9.64
20442162,127.43703,17.058,9.7673
219031298,172.93488,16.931786,9.3273
20442092,127.47919,16.804022,9.9061
330636181,136.13051,16.41691,9.6484
458689102,169.29893,16.657965,9.8707
462519191,170.50319,16.345343,9.83121
17814460,118.19205,17.763273,7.4218
19115545,120.18263,16.588085,6.4317
82292582,123.53259,17.997723,7.95173
6953428,126.03406,17.200533,7.0634
358841750,161.67339,16.542902,6.475
63220353,157.43507,16.979984,7.3157
16376698,116.00989,17.087717,9.0671
16376918,116.04604,17.492235,8.0452
82292590,123.57239,17.986605,8.656
6926650,125.946205,16.091074,9.8446
154999114,143.6303,16.481688,9.9542
357333267,152.04123,17.197006,9.7872
6953880,126.21718,17.318106,9.5694
6953907,126.23284,17.2502,9.4593
82292657,123.65528,17.957243,9.6006
307645329,145.2703,17.026966,9.8263
307645531,145.30786,16.173874,9.95555
321295211,137.63428,17.637112,9.04585
358841813,161.63629,16.869484,8.83966
155014221,144.04428,17.742695,9.5155
6953932,126.18917,17.181753,6.5769
70722212,156.5969,17.438765,8.8058
55288685,140.18712,17.552357,8.5067
19115321,120.25848,16.17736,8.1118
19115354,120.25752,16.233334,8.35075
6926230,125.99301,17.114079,9.3934
6953450,126.08788,17.262724,9.17577
55288771,140.15913,17.127342,7.4338
357333086,151.92825,16.274607,8.07827
70722297,156.55188,17.933233,8.75179
293459887,131.85527,16.782536,9.1453
437053727,134.9748,17.0446,9.0842
87975946,146.75612,17.96346,9.7216
27633514,123.190926,16.969465,9.0219
18912891,118.88105,17.623482,9.5436
233168031,159.40685,17.476362,9.995
341499847,145.15683,17.410437,9.749
82508780,123.0315,17.936275,9.0327
27633149,123.24889,16.514332,5.21093
27651936,123.40747,16.646961,6.9873
46378603,133.4614,17.54509,7.2412
293460395,132.02652,17.394773,5.9475
61106901,154.30197,16.46422,9.915
62708129,115.81647,17.98248,7.52962
20420806,127.13379,16.055666,8.489
20420892,127.2036,16.325052,8.2524
293459814,131.95384,16.508232,9.5385
46255681,132.40355,17.35383,9.35735
35284337,138.852,17.135014,8.7228
63309193,158.37886,17.69371,8.2313
55267435,139.46579,17.016308,9.3597
355216242,152.35133,16.132057,9.2736
82160224,148.8456,17.33586,9.8855
286816373,164.99622,17.505644,8.90901
77172531,168.6063,17.40696,9.4227
77172625,168.57152,16.928694,8.78761
63796336,161.8745,17.447594,9.8889
247138581,113.46817,17.605806,9.6167
247138644,113.42326,17.5222,9.9894
440824205,109.29055,16.291718,6.6982
440824267,109.34521,16.353321,9.5528
440824289,109.34194,16.370457,9.2331
440824427,109.36749,16.524038,8.3662
14806016,114.13579,16.188568,9.1883
14806105,114.12889,16.075966,7.3299
27511818,122.50377,17.016493,5.254
27511890,122.43686,17.203947,9.663
333801605,130.78235,17.477144,9.3366
257218050,137.14246,16.701681,6.6692
27511914,122.477516,17.251583,7.1979
21186627,128.96843,17.6182,9.5644
60258524,125.083435,16.139366,9.8692
440823997,109.33551,16.062408,8.6298
333801564,130.73248,17.29675,9.5951
333801582,130.76381,17.37564,8.8425
35262488,138.66867,16.22849,9.9741
247138593,113.40312,17.591793,8.41597
21186543,128.91606,17.898699,8.70875
21186648,128.90088,17.552948,9.78509
333801304,130.72577,16.44988,7.7353
333801520,130.71826,17.133764,8.33354
35262529,138.74088,16.004612,7.84989
21186295,128.78958,17.262842,8.99354
333801454,130.82341,16.896912,9.48892
440824234,109.34747,16.323008,9.8448
294502870,122.26258,16.039303,9.646
333801310,130.7934,16.460575,9.61015
55382932,141.41917,17.095648,8.65059
358713349,150.19403,17.8621,9.2744
357182997,153.07948,17.299181,7.3426
358842159,161.84177,16.9222,8.435
357180860,152.66551,16.03744,7.7447
258682426,147.41936,16.37053,8.5336
20493165,127.988144,17.835535,8.41683
20493653,128.08047,16.21284,8.43029
358713436,150.34962,17.605223,9.01204
337710748,150.62883,16.052374,8.45871
355217779,152.50018,16.385376,9.35688
258684160,147.48697,16.32887,9.6937
357240689,169.90082,16.79064,9.7216
55382501,141.35522,16.889475,9.6666
55383128,141.47595,16.407547,9.7829
20493144,128.0925,17.913042,9.74008
55382798,141.39539,17.709381,9.4988
63882980,163.1686,16.312515,8.0609
63883138,163.14607,17.075588,9.17568
77128521,167.71199,16.321318,9.57496
77128654,167.72466,17.063204,9.05888
61082285,153.82263,17.0178,9.478
46298730,132.92941,16.164162,8.5135
7022866,126.66976,16.693378,8.7946
156840928,148.56915,17.16927,8.2006
446665743,120.42979,17.239609,9.72458
446665764,120.53004,17.18096,8.4324
16415654,116.26892,17.020224,8.962
16416008,116.237045,17.721571,9.2649
14601264,126.105354,17.894356,8.16575
35262229,138.69357,17.433039,8.7186
61082318,153.80267,16.85961,7.425
61313079,160.43321,16.87451,9.8531
61313136,160.43147,17.198532,8.9211
14769837,113.812065,17.354513,8.4974
165429131,173.18694,16.80208,9.5371
61108900,154.52013,16.699852,8.55079
446665678,120.53864,17.383827,9.7361
446665819,120.47816,17.036095,8.3047
446666073,120.43084,16.494318,9.2675
69368206,121.95683,16.332117,9.8677
69368284,121.93567,16.53479,8.5038
17861713,118.68304,16.379427,9.1453
16415767,116.26735,17.264965,9.9717
294503154,122.16136,16.683006,8.8274
88064022,148.08594,17.923748,9.7537
335789799,158.58423,16.890615,9.6438
19001257,119.485016,16.639563,7.1634
14769901,113.76826,17.457682,9.8494
7023074,126.65773,16.138746,9.0995
35262136,138.76558,17.869259,9.3349
165427762,173.05579,16.39518,9.183
19029395,119.81157,17.848824,9.8591
6890472,125.308846,17.643873,9.79799
55361322,140.5483,17.216604,9.853
330690443,136.69646,16.311697,9.7469
437062984,135.62262,16.445591,9.7282
321286313,137.47371,17.685446,9.9479
16124962,114.51384,17.359055,9.7769
195212071,141.63812,16.685102,9.90487
6890706,125.47474,17.601057,7.91984
61311433,160.2879,16.87396,7.7818
386620021,124.20652,17.693409,9.0643
6890541,125.30179,17.844954,8.67757
6890736,125.483086,17.534344,9.18347
55361682,140.67734,16.933111,9.21248
195211959,141.67506,17.112877,8.8356
386619916,124.236336,17.93368,8.6524
195217721,142.09993,17.807106,8.9282
437047223,134.54965,16.379457,8.5404
160272005,159.72131,17.011087,8.4656
386620106,124.21654,17.487377,8.9871
437063383,135.73822,17.946022,9.02508
437063745,135.78206,16.344246,9.43858
358671584,149.49988,16.479977,9.3539
195217332,142.08656,16.109219,9.23277
195217712,142.10583,17.769472,8.96717
63238727,157.59122,16.933647,9.5979
386620613,124.17123,16.314611,9.88591
27550294,123.05352,17.647947,6.2366
21247917,129.40265,16.02737,7.8672
415008568,165.58046,16.508247,9.59936
60287596,132.27242,17.095264,9.68091
46259052,132.55672,16.320433,9.84472
14449533,110.84671,17.37506,9.9114
437043345,134.19162,17.481352,6.7614
247079490,112.29965,16.46004,9.5542
16125626,114.54987,17.841253,8.3058
437043434,134.2845,17.143751,5.31945
61323401,160.69807,17.12469,8.0797
155177741,144.32426,16.923878,8.2482
155177829,144.26076,16.437952,4.6766
14490437,110.931366,17.85946,9.2678
14490662,110.97347,17.582129,9.9905
195192652,129.15445,17.986912,9.2663
14491097,110.96317,17.055073,9.0554
14491217,110.88052,16.906767,9.3669
247166601,113.53724,16.736336,9.4747
247166873,113.59717,17.1181,8.9904
247166929,113.50872,17.209177,9.0867
19030227,119.92048,16.074078,8.9455
20539763,128.57022,16.446165,9.46464
6925208,125.83626,16.09807,9.131
6925327,125.75732,16.364939,9.3532
6925772,125.83333,17.482944,9.1172
333798533,130.51701,16.512915,9.0841
293378236,131.52472,17.088905,9.2144
20442876,127.56391,16.66322,9.14482
386879734,148.10606,17.934288,8.2203
358684669,149.6163,17.653582,8.9733
357395702,158.94513,17.441412,9.30871
155177570,144.2895,17.835112,8.2835
14491170,110.88761,16.974089,9.2537
386775111,120.097855,17.913073,9.7822
35246763,138.43184,16.197062,8.8046
257215620,137.01743,16.518742,9.7701
61321607,160.54103,16.636902,9.9115
61323255,160.63509,16.430729,8.5766
358685029,149.60907,16.038736,9.5958
20539605,128.53215,16.945446,9.198
175265170,130.21637,17.913244,9.98297
35246480,138.41164,17.261374,9.26622
437043373,134.20691,17.379847,9.1314
61321645,160.48123,16.437267,8.9346
16055220,114.56188,17.153225,9.5518
178267619,128.02164,17.980644,9.1747
55398484,141.52495,16.474916,9.0743
358684948,149.61607,16.42887,9.7515
20441873,127.48777,16.134998,9.2454
16054642,114.50925,16.276857,9.8681
16416822,116.40444,16.779753,9.5012
186850614,124.52658,16.510893,8.8067
321317121,137.84097,16.367386,9.3433
247118224,112.78703,16.962093,9.7821
247080810,112.40339,17.707197,8.5368
16416943,116.37222,16.559542,9.7555
69300849,121.837265,16.020687,8.7692
337710126,148.37907,16.950392,8.156
440781911,108.897995,17.522234,8.5452
14668194,111.57354,16.824953,7.3304
387282928,110.12999,17.864641,6.7943
14770540,113.85196,17.383165,7.0324
440824504,109.36647,16.6078,9.4348
440825160,109.383896,17.399708,7.7794
440825273,109.366394,17.523167,7.7393
247081440,112.375565,16.884249,7.224
27540668,122.53467,16.84463,8.06196
186850400,124.631676,16.000784,9.6851
186850644,124.56988,16.585918,9.0695
186850653,124.568565,16.601063,9.4678
186850900,124.53533,17.205507,9.1899
46378483,133.5554,17.176682,7.6419
20441868,127.486,16.112143,8.1868
337710304,148.3622,17.656963,8.6375
14852622,114.27263,17.706038,8.8606
14853790,114.462296,16.347706,7.7329
6894990,125.63284,16.162493,5.681
156379976,159.8945,16.01911,7.26272
14668262,111.541954,16.909914,9.8413
440825421,109.30539,17.677069,8.4138
17742467,117.786514,16.095554,9.412
17742772,117.71468,16.713787,9.0092
14668472,111.59268,17.164042,8.6767
14669118,111.63592,17.792892,9.2067
60232508,124.81788,17.776535,9.4866
178246394,127.785324,17.937498,8.325
337710143,148.32814,17.034122,9.5128
337710248,148.34488,17.405804,8.5588
446670659,120.623985,16.821177,8.23668
14852644,114.3308,17.738495,8.792
14853397,114.3816,16.965675,9.637
16323268,115.8973,16.896397,9.72
6895760,125.7503,17.668528,6.85158
156379885,159.9645,16.566547,7.919
14770598,113.86604,17.297268,8.0384
446671064,120.64979,17.734772,9.9199
14852318,114.30912,17.236618,9.015
14853136,114.45788,17.340042,9.9456
14853237,114.42081,17.19998,9.3914
14853375,114.37078,17.00161,9.83
14853558,114.34649,16.709072,9.9676
16323628,115.94149,16.314976,9.443
46385822,133.99257,16.563564,9.4063
63306978,158.1451,16.910471,8.9137
70712085,156.39523,16.448711,9.2749
156379904,159.90047,16.44685,8.4158
6921507,125.687325,16.527822,9.6385
46385881,134.06013,16.80873,8.7296
63307066,158.18674,16.45969,9.7809
60233165,124.809364,16.069468,9.93685
186851960,124.68973,16.02916,9.0538
437050264,134.80103,17.367699,9.74664
155011963,143.96912,17.02446,9.51259
263521481,144.59471,17.4738,9.6806
77069991,166.61166,16.8731,8.7222
67474686,171.99045,17.357105,9.41654
70655423,155.09131,16.162401,8.3428
70655601,155.10378,17.211628,9.02957
70655619,155.10693,17.323645,9.7319
70655868,155.2335,17.206135,9.2061
240176677,169.50188,16.615831,9.54156
67401031,170.93909,16.39992,8.68243
67401178,170.90872,17.142105,7.10647
337647426,131.1096,16.40913,9.8367
20535884,128.33948,16.42604,9.6349
149472606,163.79831,16.71129,9.79555
149472608,163.81078,16.709215,9.99884
67396880,170.85765,16.470015,9.8121
800823400,123.05507,17.648441,5.4963
800823403,123.05301,17.647644,5.1111
186851481,124.716286,17.26369,9.9786
55379684,141.12212,16.746595,9.7786
258670435,146.8689,17.353685,9.6173
61126676,154.64885,16.54791,9.1402
293412154,131.73825,17.179663,9.97
61126733,154.68904,16.822588,9.7568
61127005,154.83644,17.695784,9.2356
195240819,142.42746,16.34597,7.9728
337695470,145.5058,17.727533,9.9011
440852607,109.6284,17.66529,8.5119
293412093,131.74083,17.400307,8.9815
195240026,142.318,16.052826,9.6962
337658667,145.50961,16.847733,9.9487
258670393,146.91716,17.566122,8.88308
387350358,110.1673,16.389252,7.6963
387350475,110.14144,16.544628,8.8761
247138885,113.403984,17.209875,9.377
440851063,109.627144,16.035835,9.834
61127193,154.87225,16.953955,7.2424
95777046,160.8074,17.94513,8.51199
195240292,142.26096,17.116417,7.5374
195240530,142.38725,17.651861,5.8653
17861488,118.56347,16.814358,9.876
17861588,118.581474,16.620274,9.6102
27680324,123.74809,16.078644,7.3438
27681381,123.77527,16.994036,8.8639
17860676,118.510574,17.582317,9.8049
17860959,118.67486,17.772686,9.316
17860987,118.67874,17.720156,8.3747
27680954,123.674515,17.670046,8.8056
21275504,129.5617,17.185408,9.0502
70434833,114.67109,17.985685,9.27471
17820092,118.48999,16.036186,7.09386
27680539,123.6872,16.587978,8.20446
387234176,109.816284,16.938396,9.8085
19029468,119.823395,17.67866,8.86975
19029864,119.823746,16.819054,7.03235
27680631,123.74223,16.86073,9.0744
17861477,118.64049,16.834845,9.71424
387233373,109.87513,17.796515,9.9493
233637393,159.5394,16.12063,9.8657
16277772,115.497375,16.900673,8.82276
27549479,122.95323,16.097853,7.57084
387335564,110.10627,17.617079,8.297
387335620,110.11776,17.549047,9.7157
387335811,110.01336,17.317572,9.1283
14712085,111.95816,17.355005,9.9685
387335905,110.0742,17.210321,8.4692
387336012,110.04096,17.110067,9.6639
60881432,112.03331,17.990665,8.287
387234220,109.801704,16.901491,7.1385
16277271,115.473625,16.119238,8.5288
16278726,115.626,17.253103,9.3902
247167854,113.69409,17.44079,8.2821
16278732,115.70929,17.241741,8.9782
171602500,158.02292,17.989737,7.2461
18913469,118.850235,16.500433,8.1384
203281075,135.93692,17.904364,9.47618
293377559,131.35417,16.38736,9.6787
293377952,131.35858,17.765377,9.26898
293459964,131.86897,16.98488,9.1307
63309085,158.35745,17.574287,8.90857
55267271,139.48447,17.89754,9.4158
293377722,131.36938,16.945696,8.607
293460056,131.83829,17.280178,8.7121
233168007,159.44188,17.278625,7.1747
160271830,159.72722,16.127424,6.1983
203281056,135.96521,17.995724,8.7914
63860909,163.02353,16.507542,9.82079
355215987,152.41205,17.581137,9.395
337658531,145.56686,16.293901,9.5936
341499948,145.10297,16.968634,8.53889
341500076,145.17755,16.29429,9.32259
14448933,110.84076,16.669142,9.9915
14449313,110.8241,17.09422,7.1446
247130243,113.16765,16.010275,9.982
14609688,111.39839,16.011742,9.8259
14769054,113.81483,16.213259,7.2863
60151091,114.63248,16.27867,9.4372
60151112,114.675896,16.29772,9.213
60151171,114.60901,16.378513,9.9248
60151759,114.69891,17.176685,9.424
17743820,117.89272,17.414373,8.8286
17743881,117.87476,17.252045,7.6428
247167529,113.69359,17.864437,9.075
60153266,115.75747,16.486362,9.004
60153312,115.75896,16.404484,8.8591
60179135,115.820625,16.140589,9.9671
46259679,132.62686,17.584574,9.3296
21223745,129.09099,17.288708,7.07445
46362610,133.24475,16.356878,6.9867
46362796,133.23532,16.93516,9.452
20492938,127.88054,17.3358,6.2795
330635430,135.93091,16.677353,9.1013
330635756,135.9741,17.850515,9.7796
321285887,137.31062,16.674109,8.7621
330704837,137.25963,17.469654,6.183
293497226,132.14787,17.328342,8.3704
321285725,137.40723,16.092411,8.6274
27549653,122.95495,16.523863,6.7375
16278628,115.703545,17.424547,8.51159
387335630,110.04198,17.53696,9.17557
387336366,110.05046,16.753973,8.84972
387235001,109.85451,16.1048,8.9287
16278483,115.64022,17.69269,7.69995
16278800,115.62244,17.127771,9.17585
17743643,117.84394,17.660778,8.8626
17743892,117.94,17.229227,9.7598
27652325,123.40264,17.698366,9.18
21223360,129.01463,16.198977,9.7198
46362977,133.28781,17.526777,9.3058
63309426,158.47688,16.497818,8.7944
60153058,115.750694,16.75273,9.6792
21223522,129.10211,16.69174,9.8287
21223718,129.0302,17.20608,8.7218
46362963,133.20522,17.443327,9.7717
184892565,130.86157,17.949728,9.5853
321285753,137.3897,16.185972,9.8728
293497094,132.13376,16.867037,8.9104
293497198,132.07895,17.225508,9.8791
46259882,132.63872,17.032017,7.90544
21223401,129.09084,16.317766,7.59058
46362941,133.29993,17.368532,6.4846
21223893,129.01405,17.7407,9.6254
21224042,129.15607,17.659853,9.7089
330704922,137.22452,17.67714,8.203
60151344,114.59817,16.579987,9.1715
46382987,133.87924,16.006697,9.15797
20421807,127.3099,16.87169,9.81296
20493111,127.9864,17.848232,9.90702
321285779,137.39276,16.317215,9.6958
293497321,132.09421,17.655964,8.3285
17743659,117.87485,17.647566,9.5346
17743909,117.86676,17.198334,9.92597
46362501,133.23874,16.005766,9.78548
46362628,133.24335,16.416775,9.2858
330687828,136.66318,16.885115,9.992
247167583,113.719734,17.789688,9.59303
247167884,113.62401,17.403582,9.3185
16277658,115.546486,16.713614,9.8065
17744512,117.93069,16.075672,9.8929
46259809,132.58809,17.251284,9.7388
46259884,132.6418,17.012184,9.7898
46363021,133.31203,17.67444,9.9009
437056658,135.17093,17.324757,9.9601
35243587,138.22247,17.249516,8.7106
337695744,148.27678,16.753233,9.0951
18918518,119.05788,16.40665,7.9693
14450550,124.86143,17.978775,9.4094
19067374,120.04197,16.888203,9.6496
19068081,120.08856,17.502644,9.4802
19116984,120.3759,16.105764,7.7861
19117015,120.41215,16.040295,9.4124
18918361,119.02454,16.126062,9.6273
18918828,119.04185,17.012955,9.7358
27545744,122.89316,16.468319,9.6999
27545879,122.87373,16.140818,8.2626
27545892,122.86698,16.102554,9.5776
46259514,132.5727,17.852322,9.5727
437053249,134.83586,17.106438,9.9204
337695860,148.21552,16.323126,9.9883
247129964,113.21088,16.345114,6.081
14608197,111.24792,17.866768,9.7138
14608335,111.37289,17.795874,8.5731
19067498,119.9412,17.138271,9.3585
19068096,120.08731,17.44071,9.7793
27652022,123.41282,16.893723,8.5885
16376748,116.00304,17.16,8.1167
16377213,116.18095,17.849146,8.8697
16377237,116.19967,17.812523,7.1169
358114981,120.916885,17.72585,6.9168
21275408,129.59521,16.91996,9.9096
19067659,120.00909,17.463459,9.061
446665768,120.48014,17.174421,9.9823
16376672,116.06288,17.038109,8.2004
27545837,122.90311,16.217691,6.29265
46259512,132.50664,17.845228,7.8646
21275980,129.68411,17.24902,7.9429
437053131,134.84998,16.664877,8.0172
14608375,111.388954,17.742077,8.8194
14558625,111.1714,17.53029,9.3196
19001424,119.45347,17.00936,8.6424
46297886,132.74771,17.130888,9.2231
7059504,126.95387,16.246344,8.0919
358115601,131.00792,16.484331,8.6266
437046360,134.32741,16.28248,7.6233
247092415,112.63134,16.039898,8.2225
247137836,113.26103,17.27914,9.28485
247137983,113.27337,17.468231,8.3439
247138098,113.3564,17.618412,9.5305
247050896,112.201004,17.455402,8.4095
14558743,111.1776,17.367666,9.7061
17671282,117.49138,16.2122,9.0425
17671858,117.55654,17.20763,9.9145
46298198,132.87381,17.75421,7.09404
46382605,133.84534,17.231274,3.857
358115537,130.99078,16.715567,9.29
437046343,134.39545,16.233644,7.0443
247092120,112.62269,16.367422,9.20148
60232149,121.63381,17.314278,9.56015
437046430,134.43114,16.531523,8.3391
17672038,117.55515,17.552187,9.56496
46297725,132.80315,16.589388,9.11118
330690830,136.73564,17.632206,8.9549
46381946,133.71927,16.406582,9.2418
7059581,126.967,16.032988,8.41068
358115130,131.04985,17.902185,9.48318
17671409,117.54496,16.421364,9.82751
60232093,121.58454,17.197268,9.9848
247050652,112.13523,17.769339,9.8329
247050975,112.120384,17.373056,9.69432
14558944,111.241455,17.10657,9.9347
14670005,111.69318,16.67038,9.3875
440779754,108.852135,16.09194,9.9961
17672478,117.645836,17.473736,7.993
63082796,117.963585,17.928139,8.9976
69369461,122.10989,16.451267,8.4958
27545512,122.89676,16.997917,7.65369
14669275,111.61921,17.582537,8.4384
387351173,110.18173,17.381668,9.0357
387351638,110.18706,17.92364,7.2409
70123833,113.08927,17.883629,7.33771
440780594,108.82327,16.921404,7.9788
14607250,111.32705,16.711914,8.8722
14607454,111.326385,16.966766,8.164
17672806,117.64901,16.87941,7.05466
63082730,117.801506,17.965496,8.5406
16226848,115.32292,17.365278,8.08292
27544920,122.779945,17.194273,9.9115
14670051,111.6883,16.605759,9.3175
14607025,111.34669,16.462065,9.9792
16226797,115.321465,17.295792,9.8796
69369578,122.034035,16.207125,9.8405
27545133,122.7717,17.744217,9.5492
14606793,111.32265,16.182285,9.7666
16227373,115.356285,17.672745,9.589
16227436,115.39091,17.580673,9.5401
440852805,109.58549,17.885366,8.6767
440854461,109.67464,16.212795,9.2538
294461854,110.46167,17.389797,9.5499
247081549,112.44274,16.772272,9.9475
440853526,109.68918,17.225946,8.6856
440854116,109.65568,16.586252,7.1793
440854655,109.69399,16.004925,9.9156
440852883,109.67215,17.942556,9.5676
440853477,109.70636,17.273104,9.0169
440852910,109.63689,17.89488,9.5831
440852929,109.63988,17.877077,9.128
440780341,108.77751,16.67337,8.34882
440780049,108.859085,16.395607,8.6911
387351231,110.15157,17.4414,8.7439
387351606,110.17177,17.87594,7.94947
17672107,117.564545,17.691486,8.4606
6891142,125.43828,16.405802,9.7166
387351465,110.23658,17.697573,9.9278
14606959,111.25479,16.392254,9.7265
27545286,122.83449,17.6341,9.92329
247168256,113.65293,16.886963,9.5318
17814419,118.27945,17.690308,8.7411
69300255,121.79567,17.323206,8.45003
17814737,118.41337,17.536222,9.4634
55276238,139.7588,17.166653,9.0107
55276301,139.75299,16.82083,9.6523
358669413,149.43182,16.459116,8.97423
357333596,152.07716,17.15153,9.6177
16422673,116.56842,17.014227,8.0429
21182400,128.68005,17.452059,9.608
14434331,124.57967,17.969437,9.5205
69369329,122.05931,16.767054,9.37303
155848986,110.512276,17.923273,7.5667
440792905,109.10907,16.735367,9.2056
440794032,109.2202,17.927916,9.7177
247168200,113.62157,16.954103,6.9642
17594032,117.12793,16.599081,8.7397
17814620,118.36974,17.780544,6.2633
17815074,118.358185,16.84598,6.50035
247167971,113.645096,17.267038,9.927
247168029,113.69029,17.193556,8.22
14804421,114.00856,17.29881,9.8263
17593820,117.15013,16.937067,9.9171
16278156,115.572556,17.576096,9.1963
17814593,118.36359,17.837294,9.365
16450837,116.66454,16.64845,8.0999
27652512,123.54642,17.675955,6.21282
55276217,139.6526,17.238451,8.35196
55316441,140.3562,16.5983,6.72142
55316585,140.3552,17.229362,9.3418
55316887,140.49893,17.159847,9.58691
70711610,156.2698,17.152218,9.4227
27652595,123.61607,17.425318,9.61847
437059862,135.3319,17.196602,9.83737
21182550,128.64568,16.999365,9.5717
70711508,156.33916,16.687933,9.3962
14803568,114.01981,16.094505,9.7867
17593785,117.08698,17.00031,9.5403
247168242,113.646286,16.90112,8.3991
17814414,118.3096,17.68046,9.0942
294462397,110.47819,16.678944,9.3219
440793781,109.11987,17.694897,9.2045
440794200,109.25164,17.718786,9.1187
17814707,118.328,17.577564,8.77992
60186216,121.53701,16.385195,8.9333
440792864,109.04092,16.694931,9.6935
17814900,118.40704,17.197224,9.9704
16487375,116.90418,17.363096,8.0061
69299722,121.73466,17.241241,8.6713
27634234,123.18555,17.770454,8.7665
16487449,116.84936,17.22303,6.9966
16487599,116.87042,16.930307,8.6323
16487701,116.916985,16.749254,9.5325
16055172,114.52368,17.075617,7.872
27634423,123.39311,17.862997,8.2689
16487861,116.90041,16.445873,8.94
16054757,114.5493,16.451582,9.77407
16487771,116.933304,16.6226,9.56486
69299577,121.734825,16.882868,9.50002
7058524,126.82122,16.681488,9.7578
20538937,128.36386,16.579796,9.64291
20539360,128.50523,17.811142,8.63661
293460515,131.97017,16.992281,9.50248
386909155,159.05136,17.040253,9.18159
450301755,144.47018,16.988583,9.5529
63277925,157.92798,17.719791,9.35312
63861001,163.04942,16.167213,9.1743
358704029,150.17485,17.567932,7.5721
450301657,144.45769,16.566431,9.52684
386864320,144.78464,17.467983,8.20247
59599335,146.14285,16.413681,8.47515
286813838,164.64865,16.1161,8.96798
458689249,169.29883,17.490808,9.9765
20539532,128.5648,17.157953,9.74873
77114092,167.32896,16.685272,9.9613
55276023,139.54587,17.730936,9.2373
286813830,164.63382,16.06925,9.89738
55276020,139.6289,17.724262,9.8815
440768136,108.53586,16.74057,9.8699
6994347,126.269066,17.878298,9.9941
440768386,108.52411,17.006721,8.7665
440769488,108.70821,17.72448,9.8309
19001722,119.500786,17.68993,7.2389
18912702,118.73169,17.9575,7.0098
35243418,138.16408,17.96693,8.459
440767937,108.63783,16.509308,9.7193
440769209,108.58577,17.862318,9.0592
387282445,109.89403,17.477282,7.0731
18878593,118.7652,16.457134,9.8307
18879006,118.75644,17.228533,8.7404
20483979,127.70175,16.12356,8.15875
20484294,127.61923,17.056877,8.865
20484539,127.658394,17.822014,9.0073
20484620,127.81641,17.748558,9.7036
20485102,127.85214,16.229128,8.96817
293411729,131.69473,17.14269,9.8071
18878702,118.79038,16.634724,9.99
18878961,118.72132,17.1378,9.8029
18912681,118.73331,17.911972,9.888
17593189,117.04157,17.81241,9.1115
6994783,126.46031,16.903538,9.9089
437042963,134.12672,16.955124,9.6464
293411614,131.65898,16.756813,8.7694
247118507,112.83819,17.312046,9.951
247137041,113.29697,16.24772,9.3424
247137055,113.27565,16.26825,9.4706
14499126,111.03216,16.04543,7.9318
6993813,126.25251,16.459139,9.9363
70465320,114.913826,17.98876,9.6857
321294873,137.54654,16.3704,9.7421
330635534,136.00873,17.104473,9.6682
440767969,108.57779,16.544592,8.148
18878522,118.7617,16.348814,9.71866
440758237,108.454666,16.372692,9.7637
247089914,112.562584,16.689749,9.8836
247090243,112.497955,17.100796,9.5583
247118837,112.85213,17.735083,9.8228
247137035,113.275536,16.242756,8.9847
440795124,109.208115,16.723074,8.7074
247049064,112.05729,16.150442,8.5159
247082029,112.47426,16.21164,9.8776
387282066,109.94397,17.097807,9.9072
186814622,124.38227,17.408014,7.702
440795543,109.15218,16.271498,9.3009
186814545,124.281845,17.21218,9.1482
247079927,112.277916,17.05752,8.6598
27550703,123.059425,16.623167,9.5924
17815441,118.399414,16.101389,9.635
18918313,118.9618,16.032171,7.3874
247079812,112.35076,16.89899,9.3417
27550842,123.10125,16.274357,9.4102
17815393,118.39543,16.201672,9.2325
14556815,111.05256,16.126421,9.9063
18937734,119.14918,16.013721,9.9919
16135184,114.893616,17.033964,9.7844
27550148,122.96038,17.810215,8.633
27550308,123.13114,17.625502,7.9304
16456682,116.79931,16.541983,8.6276
16487135,116.83163,17.751118,8.7174
18937361,119.146835,16.72571,7.6154
18937687,119.14839,16.121973,9.5007
21247251,129.25023,17.751621,9.3743
21247916,129.43958,16.027655,9.2904
21247520,129.44753,17.256414,9.66689
284850717,124.13275,16.240812,9.08574
16456565,116.73661,16.355652,8.1663
18936960,119.17455,17.536379,8.2094
21247437,129.38873,17.544266,8.7576
21247451,129.46822,17.487135,8.6832
21247488,129.42383,17.364414,9.4502
21247578,129.40216,17.074333,8.6423
307677781,129.38818,17.986414,8.8143
18937682,119.176956,16.126034,8.3866
21247350,129.44522,17.831661,8.8407
21247621,129.38216,16.945152,8.9117
21247914,129.38443,16.043993,9.9658
437057323,135.27393,16.162186,9.5265
437057336,135.26324,16.1117,9.6376
21247104,129.32167,17.328262,8.2399
82287151,123.25316,17.997879,9.8623
18919258,118.98649,17.948881,9.7651
27550665,123.03403,16.711786,9.8009
21247080,129.30403,17.25407,8.4381
82287167,123.28402,17.961536,8.61972
21247107,129.2562,17.32999,8.9329
17815326,118.43589,16.329977,9.72487
16487074,116.8818,17.870066,8.53727
440755188,108.38963,16.344221,8.9916
16486897,116.722946,17.681198,9.90563
16486919,116.726845,17.717064,9.34653
284850593,124.041725,16.52803,8.77466
284850597,124.11826,16.517008,9.7739
437057328,135.20166,16.135317,8.96274
46386013,134.0505,17.306505,9.48807
16487054,116.87848,17.947556,9.8879
27549645,122.99411,16.497042,9.73939
27550249,123.12425,17.787336,9.6446
284850348,124.139534,17.108915,9.88039
21247068,129.34264,17.223745,9.81169
186814573,124.2834,17.299053,8.3708
21287384,129.77281,17.449268,8.99544
337385470,110.354095,17.450457,9.08578
247090122,112.60781,16.95248,9.1066
247137662,113.257034,17.056538,8.56677
247137732,113.295135,17.145851,8.47995
440794540,109.24893,17.335155,8.9398
440795103,109.16826,16.742401,9.55911
247137016,113.3151,16.21689,9.8459
247137086,113.3085,16.295443,9.5437
247137502,113.35558,16.837658,9.9642
247049666,112.07075,16.843021,9.80827
247049668,112.09299,16.847448,9.62592
247082037,112.41111,16.19738,9.87456
440758041,108.4708,16.580317,6.90088
440826988,109.44258,16.512915,8.6271
440827076,109.46823,16.417404,9.6638
247079177,112.326996,16.074032,9.5888
17772219,118.0613,17.353537,9.4916
17772428,118.011986,17.752443,9.7799
17773323,118.077484,16.372276,9.7921
17773194,118.078804,16.663448,8.4832
19115867,120.19711,17.308702,4.51045
247168705,113.65779,16.28925,9.368
247079311,112.269005,16.231638,8.6955
19115935,120.18674,17.438,9.9863
67347404,120.755325,17.958023,9.5591
69368856,121.954315,17.903902,9.2126
197191998,132.82512,17.883715,8.4882
247079253,112.36723,16.164087,8.0583
247079265,112.267166,16.179462,9.1568
247079154,112.3543,16.054047,9.7987
16055038,114.59159,16.856379,9.7351
17743251,117.78674,17.582987,9.60491
27540766,122.57923,16.58172,9.9388
21337525,130.05789,17.873669,9.9205
440781111,108.77217,17.474272,8.72558
247081031,112.43995,17.382875,8.20663
440782279,108.90719,17.088007,9.3558
330693698,137.2053,16.417652,8.8789
440782626,108.9878,16.741474,8.81784
440782636,108.99887,16.737057,8.98446
17742450,117.81755,16.066319,9.8188
17743418,117.7972,17.819628,9.02281
60233145,124.786224,16.121862,7.02041
46378635,133.506,17.678509,8.42405
357266607,130.86194,16.883268,8.5921
16415741,116.24434,17.18861,9.3516
61109200,154.57729,17.676813,9.65503
195215057,141.94614,16.87648,8.51193
61109252,154.57504,17.396397,8.0152
63883507,163.306,16.97547,7.8644
69368240,122.02857,16.417156,8.32678
154998834,143.6477,17.968369,8.45664
14770012,113.732254,17.663364,8.88574
16416020,116.29678,17.74608,8.92924
294503404,122.179054,17.299707,9.21998
61109239,154.56575,17.45356,9.1933
156850170,148.48166,16.377153,9.1816
61082332,153.78932,16.787771,9.60255
17861691,118.618195,16.417671,9.74064
86071241,139.78368,17.931025,9.8662
63883453,163.26903,17.19659,9.8774
14770031,113.737175,17.700619,9.9048
186851337,124.657616,17.605288,9.85708
386775146,120.10122,17.979805,9.49147
6925800,125.76183,17.54497,9.43597
358671671,149.55771,16.937199,9.82472
358684891,149.65137,16.69168,9.16322
20539628,128.59128,16.880224,7.7927
55398499,141.62408,16.537344,8.7996
46379101,133.64398,16.614134,9.82452
335662202,151.28487,17.571667,8.9216
14449566,110.773346,17.409664,7.22525
14490935,110.93695,17.263268,9.2283
46363406,133.37764,16.988544,9.0724
6925517,125.775665,16.819817,9.00671
46378581,133.45679,17.469404,9.87949
186850637,124.585724,16.574364,9.4849
6925553,125.80342,16.894014,8.3981
437043651,134.20312,16.337273,9.327
293378538,131.58171,16.03667,8.37592
337649383,138.95721,17.49425,8.12016
61321670,160.5337,16.284338,8.73359
46379083,133.59613,16.66553,9.00025
293366844,131.28676,17.584631,9.26912
20441894,127.37287,16.209301,9.0085
293460749,131.97528,16.196747,9.85707
178246417,127.86518,17.981712,9.08937
358671655,149.5092,16.841639,9.954
88097117,148.21031,17.993757,9.629
82158304,148.72401,16.828333,9.3201
293378265,131.56537,16.985035,9.83447
331986738,131.78284,17.99647,9.87702
55398536,141.53629,16.68276,9.85327
14668820,111.56885,17.642342,9.3513
337732917,150.99155,16.608704,9.9918
155177224,144.22624,16.487204,9.99907
17861486,118.65129,16.817127,9.9218
17860626,118.536316,17.483664,9.5358
17861111,118.58798,17.460814,8.4811
19029518,119.90674,17.568176,9.7693
19029779,119.83459,16.9684,8.33763
19029815,119.818245,16.908487,9.0671
27680455,123.67851,16.397343,8.3308
27680777,123.659584,17.180191,8.8723
14712817,111.87623,16.387234,8.8797
387336954,110.03988,16.140335,6.0026
21287750,129.87593,17.26204,9.0827
21288105,129.91505,16.14155,6.60837
17658410,117.35226,17.895077,9.7002
17659263,117.349945,16.26108,8.3425
16278942,115.628395,16.90909,9.6953
195161902,128.52876,17.946827,9.5874
21287576,129.8828,17.79429,9.7831
17658297,117.3106,17.81253,9.4448
17658839,117.3439,17.068457,8.9347
17658901,117.37462,16.923607,9.7545
16279289,115.642555,16.36902,9.6833
21287871,129.9125,16.844645,9.9067
21287675,129.88129,17.4782,7.6855
437060320,135.4319,17.081064,7.40756
17659341,117.32672,16.127636,8.51847
14803581,114.074036,16.120436,9.27125
16279059,115.710075,16.724476,9.05964
27540908,122.55037,16.21839,9.6649
293324157,119.204926,17.95488,9.05843
14712644,111.93016,16.621237,9.72191
21223649,129.0987,17.026642,9.56187
14369281,110.54282,16.74477,8.2264
14369800,110.573784,17.334867,9.0532
247128436,113.02706,17.569426,9.7119
27544550,122.73291,16.357271,7.1766
294504526,122.29554,16.204807,8.371
60257136,125.005516,16.223463,6.0896
27544636,122.76232,16.57375,8.3325
294504246,122.37153,16.80541,9.1193
247128235,113.011986,17.319414,9.35429
14769574,113.818184,16.981407,9.6311
294504365,122.40689,16.559689,9.57102
294504478,122.32424,16.309183,9.0021
27511880,122.45198,17.183332,9.98982
27544819,122.70357,16.933193,9.71753
293412181,131.71375,17.060612,9.6067
335789718,158.51486,16.456276,9.64951
337695449,145.489,17.616385,9.70411
440851972,109.58787,17.00392,8.04535
61126912,154.73946,17.70589,6.83418
337695328,145.5785,17.082119,8.2517
63883585,163.24213,16.67949,8.806
440852527,109.54551,17.587782,9.384
387350234,110.1895,16.243507,9.6819
387350433,110.19583,16.484507,9.7048
387350812,110.25311,16.964695,9.72858
387351003,110.231316,17.185959,9.52668
247127366,113.01763,16.217869,8.51174
247138851,113.41746,17.263584,9.71202
247138909,113.43911,17.168177,9.4449
14770140,113.81444,17.855124,8.77765
61126873,154.70854,17.496107,9.79527
308996976,150.43675,17.748579,9.1935
195240454,142.26213,17.836245,8.9821
263544645,145.05653,16.335598,9.6177
63883569,163.3152,16.731915,9.34612
440851540,109.52485,16.542656,8.7981
14667644,111.55824,16.163578,9.8722
337386161,110.366264,16.72205,7.4632
14667587,111.59939,16.076233,8.2858
59455829,108.64111,17.867128,8.6068
14667884,111.5475,16.444221,9.0716
62947607,117.21975,17.919716,9.1534
337386484,110.3718,16.403646,9.7218
247051350,112.11971,16.93991,8.2301
247080508,112.2644,17.803686,7.6553
17671251,117.45683,16.165575,9.4748
17671492,117.494675,16.577637,8.5437
27550350,123.0299,17.529015,9.9629
16226029,115.29227,16.057177,8.7617
27511772,122.48353,16.918287,9.31998
60286990,125.20478,16.950148,7.9167
337606240,130.28508,17.618288,9.7634
6953152,126.05973,16.31768,7.6274
16322827,115.95014,17.630247,9.4694
60287301,125.18854,17.783503,9.9453
19028516,119.733406,16.057877,9.1389
35227509,137.98401,16.509264,9.9704
35227601,137.96246,16.201399,9.1774
6953130,126.039345,16.2702,9.0068
14667612,111.50078,16.11124,9.9573
59455867,108.78508,17.96095,9.99677
247080476,112.365685,17.764174,9.19626
17671513,117.48803,16.609753,9.84205
337606288,130.34093,17.482073,9.35
337606348,130.2479,17.293276,9.31551
6953066,126.006454,16.111713,9.92346
337606611,130.22731,16.49972,7.54758
247119405,112.88365,17.357105,8.7098
386747204,113.20445,17.965364,9.03512
19029358,119.774734,17.975372,9.6156
60286628,125.20737,16.037077,9.68141
247051621,112.16187,16.607094,9.9866
337606393,130.29637,17.169682,9.78669
16322742,115.93775,17.787125,9.86948
19116603,120.34868,16.951267,9.3812
19116606,120.34634,16.94945,7.9347
19116828,120.3762,16.45531,6.02046
386866477,148.11018,16.429956,8.89498
14608377,111.41859,17.73921,9.70122
46259096,132.54317,16.49885,9.88355
21275184,129.54466,16.255222,8.93349
21275457,129.5322,17.050667,9.35498
437056457,135.15666,16.565899,9.06732
46381873,133.8112,16.211647,8.02266
437053325,134.86664,17.438286,8.91909
19067842,120.00706,17.828787,9.3534
16377428,116.154305,17.47737,8.72362
16377682,116.17076,17.004595,8.4418
46259631,132.65363,17.68932,8.5861
21276042,129.62033,17.059996,7.72624
6994415,126.47884,17.833578,7.7362
440770244,108.75915,16.869942,9.9619
440770281,108.73259,16.823948,9.1626
19002565,119.63113,16.518682,4.7849
60152463,115.71318,17.64615,9.93921
19067455,120.03605,17.063591,7.9055
19067800,120.04359,17.750715,9.563
60184771,121.38905,16.540945,9.5512
60186185,121.51354,16.472065,9.27
69300416,121.84233,16.956572,9.3211
69300500,121.81716,16.768356,9.8155
69300580,121.8513,16.610218,9.0817
69300700,121.87794,16.348282,9.388
19116362,120.37542,17.42889,9.803
16157199,114.99673,17.130947,9.9928
19066918,120.0428,16.034708,9.9757
69300626,121.9032,16.515251,8.8463
46381811,133.80469,16.025414,9.7055
46381878,133.79529,16.223091,9.5327
247130069,113.20417,16.233206,9.768
19002460,119.6689,16.728643,8.5355
19002584,119.64292,16.469263,9.3474
17813573,118.23441,16.057169,8.80855
69300320,121.82907,17.178745,9.5902
440770511,108.69814,16.597271,9.5406
19024272,119.65613,16.056005,9.6556
60186162,121.47363,16.503107,9.3269
69300710,121.86015,16.31801,9.9248
14710168,111.76235,16.09944,9.2933
247128818,113.181366,17.806902,9.8501
247128972,113.14479,17.611113,9.3277
247081727,112.48725,16.566023,9.91997
14668316,111.496704,16.973429,8.8611
14668324,111.54942,16.981659,9.0283
14711351,111.85954,17.555462,9.41153
14711597,111.759415,17.888319,8.4232
387282386,110.00498,17.403877,9.37376
446670596,120.58522,16.68134,9.2642
186815144,124.513054,17.275127,9.47919
6895773,125.70085,17.634962,7.7801
6895730,125.66265,17.732302,9.92586
16323832,115.86099,16.002813,9.6334
156379915,159.88673,16.370338,9.261
16323654,115.91445,16.277918,9.4094
14370732,110.66614,17.405935,9.6623
155849029,110.66357,17.922026,9.3282
155849046,110.64437,17.95721,9.1413
14370968,110.643456,17.071274,9.6116
155849002,110.529015,17.896818,9.4011
14440714,110.687775,16.391808,9.81446
6994313,126.36084,17.778322,9.2845
20496537,128.11653,16.491974,9.72987
35243530,138.22675,17.476612,8.1461
6994727,126.457825,17.04627,5.6751
440768019,108.63684,16.606249,7.9772
387282268,109.97297,17.294443,8.18995
386839709,122.010864,17.97171,8.44106
46378181,133.4683,16.019512,9.12057
293411838,131.62286,17.495886,7.52189
440767881,108.53833,16.45001,9.99393
19002156,119.632706,17.355324,9.5908
440767849,108.64112,16.424402,9.734
19001636,119.498085,17.522766,9.72784
6994030,126.36449,17.009062,9.6415
20484387,127.70758,17.308966,9.89509
20484979,127.81955,16.602926,9.8438
21219955,128.96835,17.262972,8.6129
21220026,128.88367,17.05932,9.82696
21220299,128.91853,16.231094,9.4539
247091234,112.63627,17.579353,8.7376
14368652,110.531685,16.032782,9.48375
17592569,116.95832,16.734293,9.0869
14368954,110.61111,16.378119,9.7875
14369158,110.58615,16.607967,9.968
14369795,110.581245,17.325747,9.2029
14369905,110.59589,17.432932,9.3822
14370259,110.533745,17.858557,9.634
14369370,110.5978,16.860598,9.22982
247119634,112.95168,17.086046,4.4987
247119672,112.94347,17.033659,9.51235
247119576,112.918594,17.159992,9.6123
247120247,112.912834,16.30517,9.50413
247166278,113.49928,16.277227,9.2768
247090698,112.52677,17.638645,9.45524
440757781,108.47397,16.841389,9.7236
14710803,111.77779,16.85868,9.7114
14710850,111.83963,16.92421,9.7347
14710796,111.84827,16.845562,9.72888
247117957,112.76725,16.617283,7.0015
247117942,112.82149,16.594156,9.8487
247117686,112.83759,16.310741,8.85439
247117688,112.83932,16.313198,8.93882
247117889,112.74567,16.5247,9.7889
14491299,110.98806,16.80817,8.6954
14491415,110.94948,16.675112,5.7119
14491517,110.89699,16.55771,9.4678
14491982,110.883835,16.00257,9.4666
903575676,162.69182,18.987576,9.8684
184847528,110.18895,19.493841,8.095
471011580,127.89888,18.094421,3.74302
414968504,141.22675,19.29727,8.836
95859252,162.69182,18.987576,9.8684
91918436,143.93434,18.596226,9.9254
95432851,154.99942,19.841543,8.74
95432852,155.00119,19.841497,9.253
95435403,155.26706,18.142645,9.6784
10005000281,169.22774,18.05181,9.75
840249182,145.4762,19.56062,9.2582
840194138,149.45273,19.476582,7.917
800861597,127.89888,18.094421,3.74302
840264726,140.3711,19.715345,9.4192
840191224,150.72247,18.728403,9.5765
840178508,153.78543,19.124168,8.825
840178509,153.7861,19.12431,8.7299
840165582,152.7435,18.566294,9.7508
840165583,152.7439,18.56627,9.7844
92022735,145.4762,19.56062,9.2582
95342278,153.7861,19.12431,8.7299
63017430,117.65885,19.734407,8.8783
840244263,143.93434,18.596226,9.9254
840170091,155.26706,18.142645,9.6784
86119956,140.3711,19.715345,9.4192
26925724,149.45273,19.476582,7.917
740145379,117.65885,19.734407,8.8783
27108834,152.7435,18.566294,9.7508
26988056,150.72247,18.728403,9.5765
62899549,116.77942,18.788662,6.572
471011652,154.9931,19.84149,2.01
95431294,154.99338,19.841307,0.817
386890681,136.88776,19.85214,9.764
763320151,111.27834,19.931477,9.1301
197247034,134.16728,19.849155,5.463
800895368,130.32681,19.260408,9.739
356657660,165.45746,19.050184,9.0
62981446,117.37561,18.102371,9.2544
62981320,117.46269,18.034302,8.3297
62980940,117.28649,18.022339,7.5057
62980506,117.33486,18.314148,9.3522
62984060,117.37468,19.867554,9.0206
97491785,165.85773,18.501919,9.9747
97491170,165.8396,18.805807,8.7604
97492253,165.90475,19.60028,7.8184
95765254,160.25064,18.858614,7.1417
95770205,160.74245,18.209705,9.929
95770266,160.71942,18.382212,7.29366
175239935,129.96132,19.540813,5.79388
175233919,129.79227,19.678429,9.02805
175233942,129.76178,19.724724,8.838
175232443,129.65228,18.157656,9.3174
175232797,129.7957,18.17599,9.7462
175233914,129.77545,19.676815,7.1757
175233735,129.85408,19.459345,9.92123
175232034,129.65526,18.64772,9.60808
175239840,129.99644,19.668968,9.3988
175239917,129.98538,19.553005,7.18136
175240820,129.95665,18.34743,8.77651
91903216,143.61107,18.406008,6.3441
85996393,138.61658,18.727573,7.8864
85996422,138.63664,18.64388,6.9342
85996338,138.57872,18.935766,9.6496
17103554,163.9105,19.999819,8.7603
286751113,143.4107,18.7366,7.1216
97473063,165.07437,19.438934,9.3231
414963166,140.64423,19.81997,9.9157
95361769,154.3831,18.793108,8.5036
17103455,163.8928,19.432684,9.6989
88046690,147.49721,19.60562,7.793
60946464,112.37809,19.633177,5.60665
60946520,112.37172,19.715223,9.1814
337283824,163.98372,18.15299,6.40373
84949953,164.65634,19.622026,5.64067
87953795,145.85693,19.861069,9.4504
85996430,138.59076,18.614807,9.4024
298413819,166.0301,19.356758,9.4447
27037286,151.49507,18.101288,5.7009
17103504,163.91203,19.736279,9.3893
159505299,167.91815,18.6922,7.6772
178278369,128.47095,18.351713,8.9133
97504379,166.16621,19.44488,9.6524
97471150,164.75859,19.082201,6.4288
87954463,146.0586,18.855824,8.52204
239207628,157.24428,19.57788,9.0763
97471669,164.8641,19.609507,9.9393
171600507,156.99408,18.591768,7.352
171600599,156.93677,19.078217,9.6016
95339936,153.48775,18.88021,9.2873
97487469,165.60518,18.069124,8.242
95342284,153.74625,19.098185,8.2765
97487520,165.7006,18.34846,8.6418
95342090,153.78603,19.97978,9.9623
95361462,154.31644,18.623466,9.4374
97487221,165.54518,19.464245,9.3735
95342187,153.73814,19.574713,9.3748
95361265,154.27782,19.558455,9.2956
95471860,155.92451,19.306528,9.4329
26988603,150.88354,19.849974,8.8442
239207358,157.23611,18.086731,7.0483
97473007,164.96202,19.745886,8.5498
26988496,150.82143,19.295925,9.7996
27072924,152.54645,19.483536,9.2627
239207202,157.09036,18.859797,9.4231
97473281,165.03421,18.153614,8.5807
97485878,165.32443,19.42016,8.5667
95361427,154.28505,18.80321,9.5617
95471914,155.94066,19.633862,8.8885
95817181,161.33905,18.24138,8.8826
95816930,161.29388,19.62477,9.7709
26988601,150.80115,19.840822,9.8836
95471682,156.01111,18.33056,9.541
95311089,153.00186,19.378202,9.746
26988307,150.8538,18.375671,9.9921
95817200,161.32497,18.156124,9.7153
92022019,145.35385,19.48091,9.5768
92022144,145.39836,18.949467,8.3433
27109206,152.9634,19.297415,9.9175
87951314,145.65306,18.817894,9.0824
87951068,145.6437,19.967178,9.4951
87951490,145.6345,18.054586,8.2363
87951594,145.79984,18.131054,9.9699
91894660,141.7493,18.03727,7.4465
17102879,163.75252,19.952974,8.8826
17103312,163.86983,18.545977,7.8911
349889960,157.60881,18.53086,9.7889
26972205,150.02429,19.8455,9.1323
91894584,141.79556,18.314148,8.7132
27106953,152.69698,18.715158,9.8029
27107001,152.66325,18.887262,9.9055
349889805,157.62013,19.459845,9.3782
358789770,161.2503,18.066988,9.2667
27073153,152.52792,18.481089,8.8825
62742239,116.12344,18.601389,8.3242
386882189,122.48471,18.378008,9.5709
95817271,161.47368,18.157196,9.9101
197220087,133.48055,19.96713,5.9952
293279007,118.95496,19.09187,9.8273
95437793,155.7468,19.130949,6.25176
293278890,119.02037,18.874096,9.52411
175232987,129.77832,18.442385,9.51408
175233832,129.7879,19.592394,8.26421
175234171,129.76494,19.99975,8.12385
197247305,134.13188,18.909925,9.69038
95856949,162.44135,18.086016,9.2472
175290894,130.43956,19.26729,9.6863
293279425,118.91623,19.883968,5.43072
386881849,122.50578,19.047297,8.5718
171648677,158.98001,18.04554,7.6144
383398488,166.69771,19.132397,8.4186
62899230,116.83779,19.283607,9.37557
62899265,116.818756,19.216116,9.1699
62899505,116.80995,18.843473,9.12854
293279144,118.96297,19.365767,8.6177
293279357,118.96862,19.757345,9.07752
175290766,130.42622,19.660545,9.1605
14454903,125.05976,19.09994,9.7417
386881986,122.507286,18.778074,9.9748
62742686,116.132286,19.202063,9.67933
62742717,116.18835,19.242025,8.6892
62742753,116.11103,19.28669,8.4266
293278564,119.02228,18.299486,8.2022
14454848,125.12441,19.250866,7.77666
86039802,139.50673,18.045334,7.6925
383398516,166.71295,19.293291,8.4456
17103232,163.92622,18.03145,9.9836
27070824,152.28516,18.530588,6.00015
91894612,141.77473,18.231524,8.958
27107006,152.63329,18.904427,8.53
27073220,152.53198,18.18687,7.3119
26972587,149.92764,18.007452,9.7443
17102962,163.73967,19.486631,9.44113
349889988,157.57118,18.343134,9.7562
88022184,147.1387,19.315601,8.5301
84950133,164.64742,18.59279,8.9154
88022282,147.11235,18.806261,8.11573
88022677,147.3171,18.661253,8.1059
88022860,147.34271,19.488638,9.7676
14451234,125.00597,19.45325,7.1203
175290764,130.39609,19.662466,7.5557
88063980,147.98155,18.044756,8.9844
349887992,157.31949,19.564949,7.3819
88063975,147.97234,18.072788,9.1282
86117142,140.15788,19.090631,6.40517
86117243,140.1706,18.71382,9.4355
97490943,165.73427,19.223404,9.074
97491860,165.912,18.695108,8.763
414964968,140.76898,19.991434,9.5477
414965204,140.7915,18.968824,9.767
171602474,157.93945,18.148954,9.7074
97505919,166.30013,18.171907,9.8891
383398138,166.57808,18.61181,8.8164
91989273,144.68665,19.418398,9.4279
197251084,134.56271,19.098959,8.8963
86117185,140.14539,18.890411,9.5015
159505225,167.90988,18.172308,8.6252
175291829,130.5228,19.599516,9.8072
88046176,147.35483,18.5259,8.1644
95437440,155.5847,18.534615,9.8462
27070841,152.21536,18.460627,9.6297
95745234,160.01335,19.240347,8.0013
87953942,145.91232,19.264187,9.3283
97471250,164.70355,18.566528,8.4893
87953854,145.93988,19.640114,9.5798
97471475,164.93147,18.611101,9.87912
171648616,159.00468,18.41275,8.985
91991382,144.79712,18.704931,8.9754
386882121,122.5361,18.507736,9.9336
63172598,118.44093,19.006838,7.1874
286729561,143.1048,18.405989,9.4315
293278592,119.02518,18.344887,9.6929
175232827,129.80836,18.232964,8.9313
27001442,150.94083,19.33349,8.8885
91991439,144.90778,18.386055,9.7685
91903111,143.63678,18.89221,9.997
91966904,144.10867,18.928638,8.1028
171598429,156.75203,19.364534,5.18109
87956749,146.12502,18.863493,5.50991
95311195,152.99257,18.938576,7.4947
95359298,154.23611,19.402773,9.2556
171598459,156.72592,19.51237,7.1591
171598336,156.7211,18.854696,9.8305
171598394,156.7429,19.162794,9.8396
87957318,146.31506,19.43041,9.1467
87957418,146.29956,19.842539,9.2111
95311605,153.14252,18.899294,7.5915
95358715,153.98929,19.129522,9.9633
95358730,154.07027,19.069443,9.0846
95359428,154.18695,19.891392,8.4752
87956898,146.12036,18.29984,9.8171
95311284,153.00122,18.496279,8.879
14545749,125.71463,19.583765,8.4039
91903454,143.76033,18.576185,9.9648
87975831,146.61008,18.33677,7.2033
197215692,133.0834,19.350779,8.611
178247105,127.86604,19.884377,9.6006
178246273,127.76017,18.324362,8.1549
62742388,116.17327,18.804846,9.6469
95337444,153.28287,18.170134,8.4888
85977955,137.97334,19.637484,9.7482
95817516,161.46999,19.492346,8.9042
70582521,115.42765,18.05321,8.0951
414968237,141.13004,18.141394,6.5294
414968621,141.117,19.824091,7.8562
26959152,149.84862,18.107786,9.4954
86071762,139.73953,19.7671,7.8237
95769908,160.49858,18.414255,7.929
95779629,161.1683,19.422983,6.3361
383396444,166.46158,18.136477,9.8884
91846491,141.6669,18.627928,8.1803
358841963,161.668,18.013731,9.5558
171648433,159.02757,19.519955,8.1967
171600490,156.9718,18.479914,9.58312
171600711,156.99113,19.684578,9.82631
95340179,153.63858,18.329916,9.7119
175265061,130.21376,18.250034,8.77634
95859331,162.68695,19.465525,9.2076
293363198,119.40202,19.194567,8.4887
91989281,144.70535,19.452229,8.7103
63171385,118.27875,18.707693,9.2476
293362948,119.39254,19.729935,7.4598
293363676,119.33805,18.333452,7.1586
82330341,123.93416,19.968937,9.2072
95846061,162.10693,18.585056,9.5125
85977496,137.92174,18.063457,9.9059
293363609,119.28953,18.480635,9.46318
91986768,144.4212,19.405993,9.3937
293363317,119.29218,19.001493,8.4609
293363384,119.307175,18.892414,9.3271
293362873,119.39291,19.848347,9.9946
82352081,124.13075,19.879646,9.5449
95819194,161.60228,18.891521,4.5329
14678201,126.98504,18.79811,9.4839
95745233,160.01318,19.24213,9.97287
175262030,130.09203,19.669937,5.58274
14677757,126.83977,18.187525,8.8748
86017984,139.04318,18.892258,9.3974
86018083,138.94702,19.246634,7.9806
27109020,152.90492,18.317385,8.14838
414962758,140.70097,18.13202,6.5118
26985721,150.41855,19.226057,8.5693
88005634,147.00237,18.006266,9.4707
92022600,145.5532,18.86411,9.38707
87951327,145.59341,18.773636,9.3117
87951448,145.61449,18.223427,9.1428
87951863,145.73354,19.305069,9.69195
27108641,152.7877,19.64979,9.6607
27108656,152.81111,19.539244,9.8519
175262077,130.07343,19.78756,9.4235
414962866,140.60834,18.542856,9.6803
414963115,140.63564,19.559704,9.2577
95860906,162.83669,19.091385,9.6917
286750864,143.34161,19.871426,8.8994
286751033,143.35933,19.105108,8.5883
171578503,156.50569,18.399336,9.7139
88005662,147.07219,18.146793,9.4114
97487557,165.6812,18.542048,9.39404
70123200,112.90859,18.755482,9.5941
293363977,119.46111,18.075596,9.9245
97487213,165.48595,19.50701,7.7371
14677903,127.038635,18.020956,9.448
14678041,126.97946,18.32671,9.6188
85990326,138.24146,19.553549,9.5428
27066428,151.80794,18.612198,7.8141
95856802,162.4009,18.614098,9.2284
97504267,166.19038,18.830164,8.4212
97521723,166.8805,18.68719,7.6554
95837754,161.92189,18.962698,7.4048
27066380,151.72107,18.892605,8.457
97521823,166.9309,19.202955,9.9581
414963114,140.61743,19.55169,9.6404
95847934,162.28867,19.381735,9.0921
85993728,138.51326,19.66827,9.93203
239207521,157.2801,18.93879,8.79836
171650901,159.40332,18.349525,7.7887
171650842,159.35698,18.050196,9.69162
239207192,157.0758,18.912434,7.77797
430245532,142.49983,19.461914,8.91975
239207526,157.19498,18.979177,9.9495
97486102,165.28922,18.610285,9.99894
171650934,159.3726,18.516182,9.94567
95846393,162.27159,19.012283,9.9083
171651185,159.45198,19.976358,8.2153
95779021,161.06061,19.758833,6.0951
61029649,112.67424,19.91544,8.9471
70181492,113.39217,18.654678,9.7124
293323097,119.152,19.896332,7.4047
91967279,144.248,18.625633,9.9331
95311556,153.09549,18.671642,9.46489
171598367,156.71686,19.012657,9.2153
87956542,146.19249,19.664423,9.79623
91966786,144.08447,19.441793,9.06298
87956715,146.14763,19.00276,8.20049
91967485,144.24022,19.60061,9.1638
87956539,146.19595,19.669718,9.68751
87956544,146.11516,19.658003,9.49133
87957287,146.32236,19.299679,9.8963
95311815,153.11035,19.892094,9.30013
88114615,148.57254,18.20236,7.9657
175291856,130.56456,19.687656,9.4436
386907801,137.39514,19.020697,9.5583
383398107,166.54565,18.80908,9.5886
178277827,128.26332,19.001572,7.889
414967731,141.0528,19.877007,8.6206
97491445,165.846,18.086264,9.5868
175291778,130.52707,19.411257,7.77147
197250873,134.57622,18.308275,6.56012
197251137,134.47995,19.284191,8.30791
414965211,140.79686,18.952297,9.1223
414965879,140.89665,19.876604,9.1717
197250995,134.47,18.739042,9.9888
171600738,156.98816,19.82911,9.85859
87976246,146.83676,19.408485,9.7662
62979543,117.29251,19.660984,9.0318
95743485,159.87552,19.634613,9.3104
62979928,117.26737,19.079018,9.6588
197250601,134.37402,18.405321,9.5333
178177472,127.36254,18.418924,9.8848
67347962,120.72495,18.99451,7.6873
70226963,113.631065,18.383636,9.785
62979879,117.264046,19.159811,8.6478
62708626,115.9397,18.522322,9.4885
62709226,115.949684,19.292652,8.7315
62709288,115.92823,19.372574,9.2519
63173113,118.48038,19.885427,9.7354
82508882,123.14828,18.174988,9.8176
67347688,120.767624,18.47532,9.4629
171602774,158.13304,19.314592,9.8781
62709200,115.92061,19.26496,9.943
203228044,135.20932,18.276194,8.8188
88024859,147.47469,19.78477,8.9695
62979470,117.30621,19.769459,6.91453
62709212,115.87413,19.276325,8.19822
82509007,123.13279,18.516861,8.0456
203280857,135.96883,18.685871,7.6566
27068683,152.06113,18.765066,7.9175
88046152,147.3828,18.651016,7.549
60669504,111.14796,19.153437,9.1639
62708782,115.86727,18.711632,9.7047
62708900,115.87174,18.854876,9.10318
392088779,120.500305,18.761513,9.4104
203280685,135.89043,19.35739,7.6957
203280825,135.87538,18.832169,9.6989
63171072,118.38036,19.207413,9.56843
293363432,119.4112,18.802206,8.72774
293363787,119.38136,18.100988,7.7607
85977485,137.95107,18.033283,9.3779
85977487,137.98712,18.044119,6.83049
91986578,144.52766,18.641739,8.80458
95745475,159.99486,18.062584,7.489
293363746,119.309,18.176006,8.89374
82352204,124.03859,19.60495,9.41457
95837527,161.82478,18.294374,9.14361
91988667,144.64842,19.412907,9.1802
63171230,118.28715,18.968542,9.79
171557156,156.04971,18.538927,8.8564
82352147,124.08715,19.726328,9.80918
62707956,115.79889,18.178423,9.42754
293364529,119.42256,19.141262,8.5276
70630769,115.658585,18.10487,9.389
82291736,123.51343,19.676825,7.3621
175290697,130.45866,19.874174,6.07696
85990232,138.19661,19.258518,8.1668
86039222,139.40817,19.890244,8.2952
239205113,149.18001,19.592106,8.6365
239205703,149.34756,19.289385,7.0116
63017078,117.74505,19.226892,9.7154
63017589,117.715126,19.962986,8.9669
70631300,115.62979,19.007843,8.6213
82292555,123.58626,18.057785,9.4525
86039401,139.3823,19.20024,9.8691
239205596,149.34683,18.752708,8.9838
95435313,155.34756,18.69946,8.6128
95743290,159.86366,18.728498,9.6297
239205566,149.36668,18.55738,9.9764
63016347,117.746025,18.086664,9.1995
293364074,119.47931,18.24789,7.9403
70629962,115.58251,18.997992,8.4248
197241679,133.78728,19.865608,8.2692
86039589,139.43857,18.532255,9.8097
95742888,159.79913,19.034422,9.3016
70629950,115.53812,19.011255,9.3915
62901035,116.97605,19.094103,9.9908
86039355,139.41664,19.398481,9.5487
62901448,116.89985,19.730438,9.8371
293364002,119.486496,18.137842,9.96021
82324862,123.672714,19.516764,9.82409
86039644,139.33447,18.313461,9.68466
239205079,149.2592,19.762396,7.0485
239205080,149.25993,19.753935,7.7478
239205761,149.3413,19.603931,8.7411
70630727,115.6233,18.020224,9.07299
62900999,116.89614,19.044933,8.55428
82292704,123.7419,18.065351,9.2013
82324681,123.67739,19.099113,9.65779
171628563,158.21524,19.988438,8.85496
239205645,149.35918,19.020927,9.80837
286714970,142.89859,18.59546,9.07189
286715585,142.96393,19.994953,9.28752
184899026,131.17125,18.154314,3.0264
27001535,150.9707,18.951075,7.1716
26986189,150.60216,19.141567,7.5414
95861271,162.97115,18.719296,7.4883
171578202,156.38768,19.104643,9.3313
92005907,145.094,19.615593,9.5516
92005911,145.09933,19.600744,9.2382
84924682,164.19983,18.946701,8.89894
92006608,145.18568,19.8098,9.616
86104334,139.86453,18.058163,8.5766
286690301,142.58911,19.588531,9.2093
84913009,164.14153,19.487396,9.78
184898539,131.1923,19.894444,7.9129
86017231,138.83516,19.949375,9.7372
14544849,125.62173,18.427423,8.7726
171630971,158.53918,18.278105,9.4531
85977904,138.00536,19.475836,9.7587
14545361,125.77736,18.656147,9.70565
14545380,125.742065,18.715462,9.9157
171648585,159.05005,18.65307,8.3328
95435790,155.47404,19.79317,8.4147
171648530,159.0837,18.919044,9.29891
87954498,145.9861,18.9982,9.70828
84927683,164.55296,19.604166,9.78892
171648776,159.11935,18.285666,9.9937
286730122,143.21967,19.84155,9.9652
14433588,124.52889,19.714134,9.6175
184916752,131.52411,19.287687,8.4372
95926498,163.22798,18.290728,8.63
82353081,124.15929,18.093845,9.7635
14455347,125.11343,18.050941,8.8401
86037072,139.25125,19.359001,9.874
70582647,115.35311,18.22809,7.2223
70582868,115.38492,18.580502,9.8753
62740961,115.99411,18.996193,9.0694
82352771,124.12327,18.369707,9.9534
82353066,124.23281,18.079239,6.8116
82353307,124.20094,18.621923,9.3708
14394408,124.47029,19.694332,7.9657
14433517,124.53588,19.856258,9.9564
14455814,125.238655,18.88724,9.4187
171628960,158.41527,18.007984,9.5353
414967716,140.9741,19.930294,9.0051
414967916,140.99503,18.974436,9.0472
414968459,141.1226,19.06731,9.1577
91918323,143.96982,18.071005,9.3163
70582779,115.34699,18.450945,9.8037
82353367,124.20403,18.734009,9.6198
184869646,110.32899,19.977367,8.0241
82352605,124.01225,18.697899,8.86505
82352735,124.038506,18.455072,9.4866
175240915,129.87228,18.219313,9.8026
238609569,137.50157,19.694067,8.6635
414968611,141.1889,19.78663,5.6483
59573973,109.12753,19.486942,8.5438
59575040,109.1407,18.309677,9.4376
59575231,109.11592,18.071117,9.5837
59575791,109.30033,18.40761,9.9276
62822984,116.29899,19.876554,9.2873
86036722,139.2289,18.129047,7.3034
95364202,154.64888,18.355434,9.6865
95777124,160.95456,18.312986,5.3782
27066495,151.7371,18.271658,9.3399
70631653,115.61432,19.571653,9.9689
91901084,142.45868,19.099407,6.2538
27034727,151.29031,19.915783,7.5538
27034835,151.29846,19.439222,7.3118
87973248,146.46642,18.683584,5.5744
337284079,164.02873,19.725388,7.5045
70226317,113.45495,18.332836,5.8179
184895937,131.0374,18.227823,8.0496
184896423,131.11397,19.964046,8.61714
331989671,132.05344,19.675844,8.5082
95777005,160.80472,18.09529,9.1814
286712720,142.77751,19.756775,9.2815
286712741,142.77618,19.820896,8.5902
91991828,144.96231,19.355667,9.5061
337283911,164.02773,18.734606,9.811
91900476,142.25278,19.2885,7.8362
70631348,115.60188,19.074982,9.07307
70631797,115.61479,19.795567,9.8824
171644975,158.62494,19.927914,9.5357
91900402,142.31726,19.595184,8.8305
286712652,142.76645,19.461546,7.9421
27066958,151.87383,19.770775,8.8646
87975733,146.63191,18.697817,8.1416
337284117,164.0006,19.955944,9.8303
175240013,129.93056,19.41993,9.957
286690681,142.7088,18.252369,9.0074
86018174,138.96902,19.5707,9.9987
95471324,155.83641,19.698,8.5771
286690686,142.6658,18.27003,8.7543
27034756,151.24544,19.777113,9.913
63104772,118.00904,18.388248,9.8916
14704021,127.1869,19.146202,9.876
243244111,136.48338,18.737928,9.0081
332022595,132.2191,19.061733,9.9913
87975720,146.58542,18.79178,9.2884
14600866,126.08018,18.932606,9.0586
62823873,116.35144,18.594599,9.4522
197243862,133.86797,19.831844,9.4498
62823809,116.312164,18.681908,8.5502
62825517,116.36823,19.555313,9.2018
86117540,140.25996,18.169285,8.5736
86018244,139.0186,19.84809,8.8104
59573856,109.139465,19.621904,9.6868
184781650,109.35844,19.97677,9.8682
184782036,109.42216,19.577108,8.211
316172954,111.09271,19.304367,7.8019
316173018,111.04134,19.386183,9.7572
316173347,111.03767,19.856937,9.7327
284768611,120.20043,19.816216,5.36983
284768741,120.226654,19.566214,9.2034
62824249,116.26747,18.043873,8.396
62824884,116.39874,18.659996,8.8548
85992852,138.38428,19.120247,8.5238
178246799,127.92208,18.987724,5.1708
386907084,137.21455,19.634861,8.1888
86036312,139.14821,19.256796,8.4823
197243899,133.84988,19.699875,8.1522
197243938,133.86159,19.550125,9.7886
14638646,126.67063,19.037214,8.2829
62825329,116.3679,19.299246,9.6526
59488026,108.92834,19.847351,7.53811
60772183,111.591194,19.872686,8.7755
63172908,118.490555,19.520998,9.3467
293279323,118.97808,19.673597,9.4766
197219746,133.47186,18.811853,7.3015
203227717,135.17471,19.333138,9.949
284764245,119.96258,18.69491,8.4866
149897069,110.45393,18.254448,8.4507
59576088,109.29412,18.72961,9.7919
82503161,122.81791,19.148516,5.4101
14433964,124.58496,18.808971,9.6617
95471883,155.9255,19.45593,9.2684
70284303,113.76443,18.451979,8.8264
392088510,120.460266,18.20431,8.9783
293277555,118.82384,19.48018,9.7737
293278769,118.94677,18.654537,9.7191
26956940,149.5248,19.345709,9.6688
95471926,156.0035,19.69406,9.8083
95857071,162.52339,18.7484,8.338
14434494,124.76834,18.163628,9.0486
85912675,137.722,18.888685,6.7649
85980595,138.10164,18.67302,8.47551
91895201,141.98643,19.823685,8.5788
165963897,110.83411,19.634106,8.9942
184817569,109.88215,18.618013,9.3104
184839984,110.04108,18.578041,9.9723
293278271,118.8983,18.087616,9.6644
195188838,129.0114,18.466269,9.0469
14433628,124.629166,19.608786,8.404
85980425,138.13452,19.174587,7.9726
26983240,150.2476,19.883266,8.6103
91989397,144.68343,19.862516,9.1912
14435003,124.689186,19.30232,9.9043
197247759,134.29579,18.581678,9.99022
70376933,114.304344,18.523945,8.8153
70547792,115.120445,18.589855,7.9518
195188549,128.89293,18.161383,8.616
238607159,132.688,18.832186,6.41167
203237391,135.36205,19.037273,7.3898
197219005,133.3349,19.449066,9.2994
95837760,161.94493,18.989285,9.3615
70377062,114.22126,18.368368,8.7825
70377947,114.36574,18.67829,9.8498
195188464,128.86185,18.400696,8.3956
197219050,133.33589,19.32217,5.9499
331987332,131.86128,19.921959,6.80833
203288380,136.34395,18.949663,7.3843
26985636,150.53438,19.58579,8.6229
286729208,143.16965,19.855715,7.0596
27068740,151.95856,18.513374,6.8819
159507065,168.44466,18.593403,8.3195
95430638,154.8059,18.837748,9.5993
70375981,114.1814,19.774563,9.8057
70376913,114.23447,18.542492,9.8047
70377987,114.38023,18.71575,9.6758
70547248,114.99108,18.111181,9.9736
67379709,121.07739,19.507898,9.6509
203288321,136.36049,18.747604,7.1636
239200797,148.6981,18.836277,8.4081
239201020,148.86633,18.186666,9.9233
239201120,148.85861,18.635717,8.3553
286729411,143.0806,19.035057,9.5249
67379994,121.16122,18.831488,9.08319
63015396,117.533165,19.279896,9.4442
203237305,135.4374,19.33634,9.9876
356657682,165.43817,19.133429,9.642
85911924,137.63483,19.746897,9.6028
59489925,108.9888,18.20136,8.3842
60880892,111.94209,18.505726,9.5519
82508084,123.05664,19.697819,9.1632
82508590,123.0168,18.440975,9.5395
293364237,119.49053,18.5735,9.5195
60847893,111.961586,19.044794,6.5968
284769443,120.254745,18.226618,9.6533
284769551,120.19961,18.02142,9.14239
293364859,119.42738,19.785818,8.87348
307678025,129.47661,18.69322,8.7842
95431313,154.9014,19.895,9.387
26925692,149.40982,19.578081,6.7811
293277352,118.80504,19.89646,9.0458
243244612,136.525,19.08672,7.959
14567996,125.85764,18.136446,6.3642
14568396,125.93744,18.657366,9.8485
14601764,126.207,19.170286,7.8854
88064062,148.0439,18.103342,8.778
95770165,160.67587,18.077116,8.8808
95770211,160.63216,18.219925,6.17654
171646671,158.79553,18.01229,9.3108
171646961,158.8716,19.497179,8.2382
171647038,158.93631,19.869514,8.4317
383396576,166.43562,18.837898,7.6411
86070983,139.57048,18.780987,7.5369
203253833,135.77036,19.171005,7.3318
95770069,160.49112,18.016153,9.6115
383396509,166.421,18.51333,9.8102
383396537,166.39732,18.627516,9.8337
97524673,167.15074,18.19956,9.9571
386955806,168.10013,18.756502,9.8068
14567427,125.82452,19.396078,9.2409
14568496,125.95242,18.878838,9.0765
197240611,133.5773,19.374237,9.4162
203253563,135.81125,18.213583,9.0586
14568045,125.873245,18.023823,9.7615
14601340,126.21902,18.086967,9.4861
70122447,112.971306,19.77163,9.7475
60718689,111.27861,19.93154,8.807
386827388,120.32987,19.804737,9.9459
386827287,120.42608,19.955687,8.3315
62741923,116.18866,18.206366,9.4661
82508349,123.01018,19.112612,9.8264
82508403,123.03379,18.943022,9.214
293253346,118.7588,19.250263,9.4838
82329878,123.93229,18.962696,9.2171
386827568,120.41153,19.460037,9.9779
70182105,113.30326,19.519457,9.2621
386827551,120.32129,19.494122,9.9694
62741091,115.99668,18.784916,8.3427
293252746,118.70554,18.100224,5.9616
293253609,118.65109,19.745853,9.6334
62741903,116.105515,18.183187,7.6668
70182414,113.33025,19.918604,9.9448
293253336,118.725266,19.236341,6.8693
62741018,116.05157,18.893644,9.71377
386827501,120.31444,19.595905,8.19298
62740324,116.04873,19.88972,8.97905
27001558,151.0249,18.795877,9.992
62740326,116.049126,19.887718,9.38217
60989559,112.439156,19.255629,8.7533
203281534,136.08858,19.384212,9.5503
70464317,114.80916,19.379932,8.9282
26958806,149.7245,19.365723,9.5272
26958864,149.76378,19.012081,9.122
70464432,114.74636,19.217207,9.4561
14450744,124.903175,18.311205,9.7524
178267518,127.99807,18.22841,8.8344
203221470,134.94402,18.361174,9.6775
95435809,155.4765,19.869886,9.7737
14438516,124.815506,19.70729,9.22764
70333833,114.16993,19.007666,9.8509
70334169,114.06037,19.443558,8.5431
62946795,117.10173,19.005133,9.7769
95435598,155.51326,18.787985,9.8235
95435746,155.50163,19.575283,9.8601
414986911,141.2268,19.29599,9.7696
414987172,141.2816,18.289724,9.8974
414987557,141.45084,19.122808,9.5402
14634123,126.399506,19.165823,9.9917
184783174,109.342094,18.274515,8.9175
184783261,109.41577,18.171667,8.9755
184783339,109.380035,18.076183,8.057
184784274,109.5878,18.79617,9.6856
60944858,112.234,18.27119,9.9206
67375886,121.04813,19.594593,9.5391
197244569,134.02684,18.514809,9.0588
60945261,112.376785,18.08411,8.44222
184782175,109.43633,19.415598,9.44894
184783341,109.44422,18.075441,9.89327
184895803,130.91019,18.118828,8.80533
184783019,109.36422,18.439537,9.6599
165980973,110.981606,19.102495,8.9333
165980989,110.90636,19.085413,7.6402
165981032,110.91712,19.032112,8.6771
165981269,110.93901,18.67883,7.7935
165981557,110.96253,18.338625,7.9607
386745579,113.17018,19.95012,9.1209
70333760,114.099045,18.93471,8.1288
70334007,114.104095,19.237104,8.0548
62947297,117.09421,18.336784,5.95425
14634980,126.55105,18.840305,6.821
95951534,163.35928,18.065075,8.4898
62852950,116.531044,18.510006,3.47765
184794544,109.8331,19.460836,9.1805
67352258,120.89513,19.83848,8.8073
82330214,123.91401,19.657032,9.9859
184892625,130.7848,18.15055,6.9867
178218853,127.629234,18.942976,7.5184
293252336,118.54178,18.538036,8.08033
184892664,130.8926,18.25012,8.8791
386907197,137.15115,19.183413,9.5989
353931251,131.94034,19.779552,8.8705
178218551,127.585495,18.08936,9.232
178218755,127.68422,18.68074,8.8861
184793762,109.74213,18.569134,8.57716
67352276,120.839676,19.813723,8.993
70285014,113.83728,18.302792,8.5989
184794201,109.76158,19.038948,9.31871
293251665,118.60803,19.846525,8.64404
184892429,130.65335,18.388844,9.62218
184893020,130.77475,19.43758,9.3501
70285203,113.90469,18.525764,9.9475
14568742,125.99271,19.427755,9.9561
175239776,129.92773,19.778456,6.4119
175261953,130.02615,19.454098,9.72523
175261968,130.10641,19.475761,9.41415
175261984,130.07541,19.53199,7.40889
175262052,130.02043,19.729258,9.36255
175262019,130.05133,19.639534,9.42102
175262042,130.10892,19.686476,8.97787
175262043,130.08646,19.686735,7.53847
175262091,130.09778,19.83496,7.85317
175262127,130.04771,19.971134,6.602
175262134,130.06395,19.9943,8.5271
14677359,126.81539,19.296444,8.4492
95846542,162.24449,19.794205,9.00412
26985807,150.46767,18.874298,9.425
175261925,130.08394,19.348978,6.4987
175261992,130.11255,19.544813,6.15165
175262034,130.09695,19.673252,9.9042
86017956,138.96185,18.794512,8.1527
95860899,162.86198,19.17659,9.25021
286751240,143.36186,18.285831,8.07667
171578492,156.51282,18.349632,9.14969
88005783,147.02112,18.789032,9.249
88005860,147.05476,19.132406,9.72521
95342829,153.90105,19.23908,9.10775
95342953,153.94,19.848816,9.27365
98349223,167.72772,18.37228,8.21419
175262081,130.00261,19.806553,9.80614
14677800,126.93387,18.075745,9.6591
95860927,162.81606,18.952032,9.66269
178246262,127.771805,18.352242,8.0648
86036425,139.11295,18.810255,6.7066
26925959,149.44006,18.352882,8.6564
195193262,129.25847,19.604784,8.7363
14674075,126.770546,19.253744,8.00389
184916811,131.4439,19.049465,7.82768
70226494,113.50444,18.072369,9.6741
59488136,108.94259,19.710358,8.8013
386774215,119.7895,19.48396,8.4122
386882136,122.501625,18.467329,9.6737
392089314,120.50596,19.8233,9.1956
203224956,135.07065,18.931171,8.517
203238290,135.52426,19.777748,9.4444
178218301,127.52795,18.4621,8.8879
307677848,129.42557,18.180199,8.71778
175194923,129.6427,19.860271,8.28548
203221734,135.01703,18.304436,8.8105
175195067,129.63397,19.465237,9.1036
178246249,127.72535,18.38798,9.99391
178246326,127.80401,18.15365,9.42011
62823554,116.307556,19.050896,9.2656
386774354,119.76507,19.220205,9.43125
82459551,122.69826,19.031141,9.59725
392089272,120.51965,19.737278,7.68847
175194881,129.65776,19.98975,7.96568
67353043,120.93011,18.368784,9.37986
175195060,129.6956,19.50092,8.68315
14639341,126.700134,18.540915,9.4802
386907071,137.14693,19.705566,9.3962
86036198,139.15422,19.644838,9.6371
82459460,122.69565,18.768188,9.71066
59487963,108.84956,19.915297,9.93848
386774818,119.687996,18.39012,9.96576
386774833,119.696045,18.365767,9.8201
85977264,137.82315,18.563766,9.7226
175264638,130.19662,19.543724,9.5421
386775289,120.17184,18.245565,6.26921
197219966,133.56152,19.575449,6.9661
70378387,114.39991,19.270998,8.6861
70378542,114.43312,19.471556,8.5889
70378710,114.32151,19.698881,8.0395
70435277,114.68936,18.62111,9.2076
70435701,114.60862,19.202312,8.9182
175265360,130.26234,18.49135,8.0382
184899145,131.31026,18.177757,8.6831
86017367,138.81706,19.400635,9.8732
331956194,131.70251,19.835167,7.9859
178267386,128.07599,18.6038,7.9432
95859193,162.74167,18.672077,9.4397
95859212,162.78323,18.769672,8.9445
70378352,114.38306,19.216228,8.9265
70378614,114.32346,19.585941,9.474
70378740,114.32663,19.741905,9.9355
82411788,122.30265,18.133423,9.0002
331956201,131.68932,19.816347,8.1721
171580268,156.5532,19.440186,9.1
171580523,156.62852,18.205095,9.9318
82459552,122.69927,19.031378,9.97387
14502685,125.27921,19.454638,7.8938
86017497,138.81667,18.8937,8.9135
331956287,131.6711,19.554848,9.9156
178267235,127.96988,19.03311,8.4878
60882585,112.07487,19.339262,9.5446
184784369,109.47089,18.900782,8.4508
70226465,113.45568,18.110983,8.6506
70226748,113.621574,18.119373,9.5571
62946348,117.06597,19.705572,9.9408
62947408,117.03711,18.161926,9.3279
62979617,117.246864,19.56204,9.99595
184892083,130.66966,19.543182,9.34968
60989414,112.51817,19.420977,9.55973
70465588,114.81729,18.388973,8.4309
175265773,130.2945,19.82954,8.69452
175265807,130.30739,19.921997,8.13428
184892072,130.68506,19.579966,9.26837
60882171,112.08582,18.872791,9.69443
63172683,118.457985,19.141813,9.8991
63083725,117.99793,19.510763,9.1522
197216343,133.20041,18.573292,8.8169
386775587,120.082146,18.797775,9.6009
171580370,156.64062,18.86721,9.91748
184847294,110.13914,19.78348,9.39012
62709330,115.851166,19.43686,9.3653
60882399,112.01974,19.13208,9.8121
67347613,120.788284,18.338022,9.59152
171653185,159.63678,19.615158,8.28768
82508837,123.1908,18.035273,8.82819
86104471,139.95297,18.27041,9.2544
91846020,141.51123,18.900597,8.6416
91846605,141.64355,19.059935,7.33539
87975890,146.69641,18.115778,7.98959
87976070,146.79053,18.56921,9.70675
386828098,120.3668,18.498346,9.21056
386828152,120.31641,18.38966,8.64357
62946423,117.10083,19.593857,9.7129
197216497,133.31355,19.11251,9.8098
197216718,133.22064,19.947224,9.34762
197216720,133.21896,19.949265,9.62744
195184094,128.65964,18.67416,9.2338
61029801,112.76914,19.743559,9.2925
155849904,110.675476,19.164402,8.516
155850370,110.693565,19.84974,9.6868
70227294,113.616905,18.81814,8.6805
63082689,117.77573,18.03597,9.5083
63083608,117.98655,19.325087,5.08414
63082364,117.7877,18.588533,9.8771
63083154,117.91942,18.542868,9.8649
82456954,122.445404,18.690096,9.7879
82459881,122.68707,19.8344,9.3943
386747455,119.5779,18.235512,9.7805
195184602,128.80296,18.536192,9.0768
14392876,124.31575,19.523478,9.8068
14393288,124.27573,18.545233,9.8295
14393239,124.28478,18.645779,9.61646
70124139,113.11245,18.366268,7.53512
386840591,122.163666,19.770721,8.4604
14394483,124.45811,19.835453,8.47326
238606479,132.56107,19.27622,8.2247
386747803,119.635765,18.889626,9.8282
195184040,128.63483,18.81389,9.75339
62948646,117.14397,19.459404,9.74942
14393319,124.354355,18.464182,9.6403
14393834,124.43257,18.415936,9.68524
63104082,118.08846,19.52172,9.8872
293323467,119.075806,19.184282,7.3258
243246617,136.835,19.827198,8.8885
60840282,111.80655,18.806787,9.9413
60840347,111.83883,18.895174,9.4866
60840543,111.797676,19.106035,9.6082
60840619,111.83383,19.191702,8.6483
70181112,113.39004,18.213232,8.4323
70181722,113.3571,18.9835,9.9372
59456473,108.711205,18.561926,6.85118
59456644,108.80562,18.74849,9.3278
59457094,108.7315,19.227074,8.0942
165980421,110.89038,19.900465,8.9691
320193222,121.21482,19.882559,9.08074
63104121,118.04625,19.456375,6.7286
293323330,119.14396,19.439741,8.9894
293323493,119.09757,19.112919,8.8105
293323779,119.085846,18.58311,9.5367
82329626,123.94775,18.364042,9.72611
82329766,123.99351,18.693903,6.66687
243247026,136.79799,18.143208,7.217
67352607,120.8475,19.181787,9.9212
54235600,119.87788,19.040413,9.1126
63104260,118.119705,19.247795,9.4012
63104468,118.05506,18.922235,9.5035
62825740,116.41464,19.926485,9.5286
293323627,119.15123,18.87117,9.9845
82329711,123.976654,18.561361,8.2543
82235723,123.35698,18.151047,9.9555
82329804,123.88801,18.794973,9.9018
82329101,123.76689,18.601936,9.7834
82329560,123.97906,18.2324,9.6171
59457529,108.78173,19.712265,9.6553
60840444,111.76243,18.998926,8.70404
60840613,111.84955,19.18369,8.16836
60841162,111.87878,19.833525,8.8312
165980450,110.87924,19.863756,9.22247
320193438,121.263466,19.457872,9.49926
63104354,118.11941,19.10031,8.59074
82328652,123.799,19.621134,9.1399
82329143,123.8127,18.509766,9.5186
82329523,123.89603,18.148865,9.4493
59456592,108.79037,18.686779,9.8812
165980875,110.93596,19.258524,9.64057
54235947,119.88287,18.41807,9.5644
165980530,110.964935,19.753542,9.9475
54235505,119.83872,19.245377,9.9558
54235875,119.82847,18.543665,9.61588
70332810,113.966736,18.117752,6.5964
60778375,111.72462,19.47326,9.9483
63106016,118.1688,19.45118,9.1574
184839930,110.09885,18.514578,7.94958
60990442,112.48744,18.085175,9.0225
70227846,113.653435,19.553293,9.7157
386840077,122.10516,18.639551,9.0456
63106026,118.24383,19.46156,9.9337
386840256,122.200806,19.011778,8.8988
60990012,112.50496,18.629578,8.4595
386776021,120.085976,19.518332,9.53763
155847725,110.57166,19.676718,9.98245
70433281,114.55643,19.990206,8.8522
63081556,117.87481,19.860628,8.5306
63082319,117.778465,18.66999,7.77298
195192755,129.29729,18.149328,8.7919
195192488,129.16692,18.468842,8.35172
70434897,114.62161,18.046824,8.52035
70434272,114.49761,18.594797,9.6028
70546741,115.012344,18.822857,9.59899
60771141,111.56702,18.612576,9.9985
60770815,111.605995,18.261969,8.1866
60770847,111.58688,18.2938,9.4216
60991669,112.635826,19.294619,8.6204
60771220,111.53431,18.710224,9.3237
60771061,111.61391,18.516916,6.94882
60726493,111.61157,18.164103,8.94
60771063,111.62823,18.519398,9.8288
165981554,110.97062,18.341763,8.8876
386882508,136.76126,18.269506,9.2768
14634956,126.468895,18.778263,8.85258
70333161,114.10258,18.181845,7.59116
70333274,114.06197,18.314766,9.83718
70333345,114.09995,18.38673,8.21743
70333807,114.17278,18.980373,9.098
86120028,140.34392,19.44009,8.1455
86120214,140.4463,18.74634,7.1531
414987033,141.24971,18.81732,9.1525
414987053,141.26393,18.748972,8.43956
14634465,126.41538,18.319038,9.84562
14439076,124.86948,18.404951,9.84289
86119959,140.40587,19.68664,9.7896
414987008,141.2475,18.95017,9.85249
414987337,141.44824,18.250711,9.7807
70582524,115.433365,18.055813,9.3193
175240681,129.92899,18.55292,8.80311
14454958,125.12764,18.993261,9.59799
165964045,110.83858,19.869566,9.3594
293277920,118.89592,18.790468,9.19681
293278865,118.95598,18.839811,7.90339
195188773,129.02397,18.297523,9.5276
14433890,124.62126,18.96472,9.06006
197248131,134.32835,19.887663,9.1071
91897359,142.09103,19.709793,9.57909
165962902,110.76919,18.27341,6.3461
386839075,122.03607,19.215942,7.0843
14434586,124.7161,18.31955,7.888
238609739,137.49948,18.954147,8.46421
414967814,141.02869,19.475285,8.2182
91918204,143.86281,18.386425,8.652
70582535,115.32933,18.070053,8.6308
82353755,124.198395,19.5881,9.54973
238609556,137.43355,19.75374,9.5442
86037231,139.24538,19.98136,9.45
95777031,160.85245,18.0034,9.3555
414968122,141.02208,18.185205,8.44158
82352893,124.08843,18.132116,9.97306
70284343,113.676605,18.406317,9.17105
165962932,110.84042,18.311476,8.77377
165963575,110.818794,19.19864,8.94188
14433626,124.618286,19.609863,8.03123
14433959,124.62635,18.821918,9.44438
197215757,133.17357,19.106735,9.6119
85996540,138.56598,18.25766,8.19912
26926012,149.488,18.065956,9.273
26956723,149.55377,18.291153,9.3584
26957063,149.57808,19.94383,8.95854
26983230,150.22417,19.948343,9.0532
95471903,155.97755,19.58516,8.52233
91991187,144.88252,19.667084,9.4315
26956864,149.63297,19.017246,9.87342
26956972,149.62704,19.51256,9.78748
165963054,110.766335,18.473999,9.892
59575163,109.123245,18.145863,9.98105
70583485,115.3869,19.491833,9.7517
293279124,119.01405,19.325863,9.88746
197248036,134.275,19.558527,9.7274
95432943,155.0226,19.417574,9.8
238609600,137.4844,19.616592,9.63
14635080,126.462135,19.068914,9.64637
59575748,109.32158,18.36156,8.77804
70582666,115.37095,18.25597,8.61878
238609509,137.40164,19.903656,9.2792
184917175,131.54887,18.179722,8.07687
184917633,131.56444,19.70916,8.15467
171628646,158.27242,19.566486,7.84104
184917131,131.58508,18.036192,9.2364
86037189,139.27243,19.843105,9.8492
14455755,125.204765,18.738745,9.03481
14455965,125.198616,19.284216,9.0471
70582055,115.23121,18.455364,9.80654
70582334,115.28623,18.062496,9.39581
175239931,129.9907,19.54148,7.32621
14455839,125.2081,18.930428,9.76919
184917509,131.555,19.25249,9.7771
95363736,154.55176,19.71748,9.20059
95363895,154.56906,18.975368,8.81658
95858936,162.59985,18.567097,9.88396
184868149,110.28762,18.161543,9.763
149896900,110.4028,18.04058,9.3543
149897659,110.45234,18.94665,8.9956
149898032,110.36043,19.371622,9.6242
184847529,110.187706,19.493837,9.434
184847574,110.10749,19.429844,7.4112
184847601,110.12917,19.396996,7.4586
184868145,110.29973,18.160206,9.0126
70630396,115.56037,18.318357,8.1213
149897974,110.382996,19.304468,8.3787
59576820,109.22456,19.585993,8.4257
82287451,123.429825,18.50964,9.3858
197240469,133.68753,19.857275,8.3224
184867033,110.213425,18.936502,9.7321
386882626,136.75128,18.694311,9.9824
149897871,110.46856,19.189838,8.70595
184867074,110.181076,18.882631,8.56619
197240450,133.57753,19.907951,9.648
82502968,122.78404,19.41273,9.6309
149896906,110.40727,18.055368,9.7492
149897889,110.38765,19.210346,9.77774
446008063,121.88278,18.849768,9.63738
26983875,150.4017,19.00402,9.1008
27066969,151.92154,19.802843,9.09803
337283924,164.04181,18.827879,8.71291
171600004,156.79434,19.81339,7.824
63105619,118.18995,18.827066,8.13484
203237924,135.49513,18.604303,9.7558
14704611,127.19612,18.36891,8.86192
26983941,150.35455,19.350935,9.2599
27066925,151.86633,19.596804,9.1519
87975508,146.63925,19.710932,9.697
203237962,135.6109,18.715899,9.81548
184895333,130.97331,19.70044,9.87147
86018255,139.02057,19.893948,9.8804
70225958,113.4879,18.777882,9.8633
171600242,156.849,18.574535,9.81474
60881090,111.94828,18.243752,9.2308
60726125,111.47554,18.147472,6.14842
70581723,115.300476,18.9718,9.9331
70581313,115.21293,19.589266,8.8143
60992062,112.59747,19.813925,6.4912
61031971,112.7973,18.980684,9.7896
184816660,109.95955,19.70587,8.6497
70466620,114.91172,19.951971,9.26617
60992183,112.52536,19.980118,9.072
70466509,114.86344,19.780483,8.79573
184816656,109.96072,19.711575,9.68524
60725432,111.47025,18.954685,9.94847
184792126,109.61772,19.13951,8.5948
184792807,109.610535,18.400236,9.6531
60669914,111.23727,18.69417,9.1366
60670502,111.208595,18.021225,9.9985
184791543,109.69415,19.84666,9.1633
184791578,109.62515,19.801786,8.8344
184791597,109.66443,19.77524,9.5006
184792995,109.69139,18.197664,9.7959
184793503,109.79291,18.25057,9.3397
60670452,111.20781,18.07866,8.60992
184792314,109.62824,18.926296,9.6372
184793487,109.83166,18.236097,8.79904
184792215,109.597084,19.034395,9.3389
95431305,154.90117,19.870005,7.036
293277422,118.89853,19.7507,9.8566
307678344,129.36644,19.56255,9.22327
307678414,129.40416,19.732925,7.60411
243244636,136.53134,19.20724,9.0253
243244687,136.61775,19.429255,9.22267
386890840,136.96901,19.16549,9.57303
14601427,126.17346,18.288353,9.42507
86070816,139.68008,19.421938,8.89823
14567914,125.84101,18.332163,5.78844
239203024,148.89272,18.82122,7.59783
307678320,129.41962,19.51842,8.0319
243244680,136.57399,19.402237,9.66896
14601046,126.10376,18.531406,9.51985
27037006,151.51013,19.453308,9.2237
27037204,151.53728,18.468027,8.853
97524755,167.17467,18.682945,8.6025
159524345,168.6108,18.068512,9.69106
97524677,167.24263,18.235294,9.90314
27064468,151.66003,18.63411,9.56225
386748123,119.54064,19.466324,9.448
82287809,123.482635,19.227104,9.773
60717942,111.290764,19.005484,6.56743
316172634,111.101875,18.910254,6.3656
197192302,133.01488,18.894295,7.6025
316172188,111.04181,18.361805,9.9637
316172189,111.09049,18.362146,9.6332
316172422,111.1074,18.629534,9.8163
316172478,111.10404,18.711216,8.3192
62982179,117.44351,18.594063,9.4464
82508624,123.073875,18.367052,9.3401
386747818,119.575874,18.916191,8.7864
197192560,133.00664,19.807842,7.5512
386748197,119.56501,19.619745,9.8855
60943781,112.13987,19.653038,8.5425
60670705,111.32847,18.061548,9.6212
316172802,110.994576,19.114986,9.6261
82504983,122.960434,19.9689,9.2613
386748094,119.60815,19.41202,9.24244
67346975,120.67351,18.756126,9.2691
82508448,123.011696,18.821598,9.7953
82457209,122.46519,19.345705,9.9382
331987285,131.90456,19.79536,8.8378
331987288,131.86362,19.79847,9.5074
203288622,136.33086,19.826326,9.51182
203214473,134.71512,19.800976,8.93988
70378124,114.377045,18.917807,6.4988
203288475,136.35316,19.279247,8.9049
95433566,155.1991,19.538994,7.7119
70548321,115.099785,19.357542,8.14981
67379567,121.11056,19.797436,7.97751
195187986,128.9378,19.771162,7.34993
203288519,136.37277,19.435844,7.46018
70376105,114.25374,19.603834,8.97491
70376466,114.27511,19.074514,8.95806
740093386,117.09235,18.336891,8.30039
63015316,117.54364,19.409124,8.1209
63016048,117.54247,18.22995,8.60307
70548001,115.18319,18.877424,9.4908
203281195,136.09232,18.279016,8.64045
203217718,134.7079,18.98758,9.15546
88114316,148.43211,18.94441,8.1689
26985656,150.42674,19.494564,9.03562
386953414,157.69296,18.65063,8.52561
3812838,169.85045,18.107096,9.29321
70548279,115.0866,19.305182,9.89813
70547705,115.14797,18.468931,9.88718
331987251,131.80405,19.686707,9.8741
70377281,114.294014,18.073818,9.3977
70376449,114.30683,19.097992,9.8676
70377294,114.239,18.050203,9.7349
70546588,115.05687,19.072735,9.945
203217864,134.68501,18.57333,9.6999
63081906,117.78236,19.35802,8.755
70434864,114.614334,18.01596,8.5024
70547057,115.06768,18.367794,8.3338
70434615,114.51443,18.102919,9.8948
70434666,114.51044,18.050955,9.9641
70227614,113.64684,19.228626,9.8608
60991404,112.522354,18.964848,8.8718
70227802,113.617226,19.480858,9.7782
70227748,113.54504,19.416618,9.32794
60991400,112.6209,18.961283,7.9346
70124220,113.11702,18.481676,9.10398
70227585,113.58112,19.173395,9.84895
70283903,113.73818,19.01181,9.99933
60991535,112.62543,19.136583,9.87275
62983177,117.37551,19.289026,9.6264
184840802,110.010704,19.520811,6.12542
184840795,110.0513,19.514912,8.75962
62706796,115.779785,19.700634,9.416
195162178,128.53905,18.774605,9.1849
60778510,111.65998,19.304403,7.8012
60778894,111.72219,18.840675,9.8751
60778991,111.729996,18.705711,8.7996
60839722,111.86394,18.145567,9.5544
62707136,115.808876,19.268484,9.3907
62853531,116.619865,18.095856,8.4154
62854406,116.67173,19.255806,8.9209
293324226,119.17106,18.09531,9.9091
195162061,128.59717,18.397635,6.3184
284764776,119.95864,19.782787,8.5278
62707014,115.79001,19.420431,9.464
284764195,120.03672,18.590654,8.894
62853944,116.6159,18.619474,9.6226
62853978,116.720314,18.658812,9.6395
62854175,116.67777,18.917547,8.7107
386882373,122.491936,18.013584,9.8493
62854719,116.696625,19.746906,9.7766
293324009,119.10576,18.16219,9.8248
184898581,131.1543,19.710878,9.94725
184898660,131.19748,19.427124,8.7076
386891693,137.04518,19.907722,9.5157
95431211,154.93404,19.470917,4.3628
92006331,145.1899,18.392029,8.95229
27001676,150.93527,18.21998,7.6372
353931723,131.95557,18.055592,8.78553
239202887,148.95511,19.55755,9.12571
60778526,111.70561,19.28135,9.85656
60778815,111.71117,18.952171,8.87622
239203164,148.92336,18.116617,8.73625
171578259,156.3817,18.752388,9.1649
171578696,156.51672,19.401457,8.7912
95951850,163.4879,19.840662,9.4927
60779140,111.63152,18.514534,7.88311
62853208,116.52254,18.168224,8.53743
293324771,119.260025,19.121138,9.1359
293325132,119.226906,19.86115,8.96061
386891367,137.02817,18.682701,9.7452
284764772,119.96203,19.778912,9.83288
26985852,150.41615,18.615957,9.7635
92005936,145.14716,19.502352,9.9362
84913064,164.12886,19.229393,9.9378
155848825,110.5682,18.154886,8.9754
155849207,110.67991,18.160059,8.7824
155849415,110.73138,18.465977,9.7204
155849110,110.67402,18.043682,8.82
155848399,110.583176,18.781796,9.8179
155849328,110.62012,18.325129,9.50751
149898361,110.418686,19.730648,9.4576
60945640,112.31228,18.538177,8.6753
59455599,108.65749,18.170706,8.558
59455912,108.80853,18.009796,8.2358
59455936,108.75859,18.030716,9.7081
59456021,108.739746,18.107254,9.6761
59456144,108.69177,18.248428,8.9129
59456193,108.74339,18.297462,9.0472
61030979,112.77237,18.139698,9.7341
61031041,112.7466,18.076694,9.9429
61031624,112.785706,18.556572,9.4851
60945477,112.27256,18.337479,9.0958
60945942,112.29766,18.926674,8.7114
60946015,112.39248,19.021727,9.116
62947786,117.22374,18.190258,5.94873
70332295,114.03306,18.731232,9.4983
61030690,112.65672,18.546127,9.0644
82504033,122.74134,18.10242,9.4923
61030940,112.67729,18.195728,9.9847
386774854,119.76279,18.325874,8.4764
70122622,113.01404,19.51699,9.7989
59488400,108.92063,19.38291,9.9214
59488906,108.832985,18.814579,7.8647
59488934,108.90189,18.790794,9.4375
59488990,108.827156,18.737736,9.3344
59489115,108.91575,18.579662,8.8107
59489269,108.886086,18.393929,9.1259
184784854,109.50295,19.49522,7.9475
63015050,117.54979,19.827188,9.3275
70332695,114.04891,18.257618,8.9396
60847231,111.91974,19.932379,9.3975
70122312,112.9281,19.965242,8.8131
59490344,108.99377,18.692085,8.3323
59488686,108.84432,19.062138,8.28455
184784894,109.46972,19.54714,8.20174
70123698,113.003105,18.086552,8.63259
59489535,108.9082,18.07484,9.5316
60847192,111.95585,19.995955,9.63235
70331928,114.03171,19.18394,9.9964
184784924,109.53647,19.585255,9.3301
60839862,111.869514,18.317295,8.8135
70331322,114.02068,19.998129,9.8301
70332472,114.041824,18.532637,9.70919
70332642,113.944565,18.32678,8.3175
70332785,114.00481,18.141533,8.2964
149898421,110.43482,19.814026,9.22213
59456313,108.81045,18.407393,9.73782
60945573,112.26857,18.456753,9.1522
70331549,113.93426,19.686148,9.92172
14502672,125.34367,19.477434,9.1647
14502774,125.30718,19.271784,9.6941
70435768,114.6863,19.29079,9.71016
386775785,120.15639,19.148537,9.81992
175264491,130.23723,19.934855,8.43088
175264729,130.19202,19.3096,9.15252
175265687,130.36241,19.542465,9.39222
184914347,131.3584,19.820463,9.0683
197250295,134.42462,19.575315,9.4699
178267903,128.10593,18.657623,9.656
70435054,114.59179,18.291616,8.6214
178246058,127.75195,18.968384,7.2109
171598173,156.78503,18.0624,8.665
171598174,156.78319,18.062735,8.6997
70435557,114.63816,18.999088,9.06176
386775621,120.13506,18.843134,7.10693
14503989,125.45975,19.489075,8.47469
175264571,130.18002,19.719316,6.64804
175264623,130.23456,19.580341,6.60764
175265597,130.32666,19.260992,7.8414
175265668,130.29176,19.508907,9.63286
14677935,126.97438,18.068792,7.52204
197250319,134.45401,19.499317,9.538
171598162,156.76869,18.00111,9.802
175264659,130.21886,19.483213,9.81328
175265364,130.38141,18.500618,9.88809
70435105,114.59602,18.376062,9.88149
82411160,122.331726,19.511156,9.9785
14678140,127.01555,18.604935,9.56539
70286072,113.908,19.60954,8.8588
60945430,112.3331,18.279854,8.9466
60847524,111.97871,19.529808,9.9688
60847587,111.89449,19.440992,8.4934
155848039,110.53008,19.250137,9.76474
70124907,113.14915,19.481544,9.55759
155847788,110.50415,19.591389,9.81238
70225610,113.510765,19.240976,9.7485
70283498,113.71861,19.610693,8.7769
184868298,110.26842,18.329597,9.2253
184868780,110.28195,18.9099,8.7485
184869049,110.29963,19.237482,9.2806
59361675,108.55822,18.028948,8.2756
59490662,109.05833,19.064674,8.5637
59490764,109.02908,19.177814,8.59
59491461,109.06942,19.94691,9.0302
60990658,112.64725,18.033777,9.8934
70286271,113.86062,19.838133,9.1383
60990022,112.51926,18.61492,8.14493
184868365,110.2452,18.401934,9.58835
60990289,112.44834,18.279673,9.09389
60990293,112.42533,18.275873,8.87999
59491127,109.02791,19.580338,9.04874
59490841,108.95268,19.251879,9.82
67289437,120.67906,19.129137,9.4763
82503078,122.83951,19.26935,9.25426
175265992,130.31375,20.476831,6.6261
171628419,158.26878,20.869377,9.7287
316209252,111.03726,21.457754,7.62267
349888690,157.52663,20.8012,7.589
386906973,137.27112,20.054577,8.873
87974017,146.45662,21.828068,9.589
95430283,154.79362,20.563322,8.283
10005000048,143.04213,21.50083,8.792
95310671,153.0207,21.298143,8.2156
95339414,153.57985,21.07495,8.314
27034315,151.29715,21.970684,7.52967
801036841,120.99864,21.325895,9.89956
800954701,130.31375,20.476831,6.6261
840216300,151.29715,21.970684,7.52967
67376663,120.99864,21.325895,9.89956
63106336,118.24574,20.039318,7.248
840420544,157.52704,20.801266,7.9738
840420545,157.52663,20.8012,7.589
60667261,111.12277,21.848734,8.852
70229315,113.60455,21.628267,8.71732
62898617,116.77855,20.15575,9.3889
740325515,111.12277,21.848734,8.852
740324147,111.03726,21.457754,7.62267
740324148,111.03681,21.45744,8.42229
840211001,153.0207,21.298143,8.2156
840419248,158.26878,20.869377,9.7287
840182832,154.79362,20.563322,8.283
740152851,116.77855,20.15575,9.3889
740300356,113.60455,21.628267,8.71732
307733352,129.5185,20.129597,9.003
203252471,135.61754,21.277351,9.672
86070453,139.6511,20.8137,8.173
62851247,116.5331,21.121988,7.002
840290639,145.56358,21.729298,8.7435
197191023,132.84409,21.080462,8.151
87950702,145.56476,21.730675,8.662
171654378,159.6686,21.040386,9.8827
95764634,160.33972,20.35397,8.25569
175239399,129.88927,20.169506,7.9764
175234803,129.78287,20.797218,7.7543
175239511,129.97943,20.065025,9.6515
175239084,129.97636,20.560211,8.95021
175239508,129.87675,20.06905,9.7145
70330247,114.050156,21.508224,8.5402
175234793,129.75711,20.787981,8.3256
175234289,129.7718,20.117168,9.00129
175239543,129.99614,20.031424,8.8536
175239494,129.92828,20.086224,7.618
88006275,147.06406,20.800703,9.8081
95779881,161.1661,20.70614,9.0853
95779998,161.22737,21.278152,9.4936
26987416,150.70395,21.949259,5.8484
95362384,154.49376,21.69377,9.4592
95362023,154.44026,20.003426,6.5009
95781038,161.30937,21.204609,7.6793
95362277,154.44566,21.294607,9.5148
95362448,154.49556,21.968561,6.8167
203235018,135.33754,20.308205,9.6867
26973193,150.08853,20.855263,9.5925
332023388,132.28555,21.892656,8.1757
87973670,146.51294,20.551094,9.63474
87952251,145.81111,20.912712,8.0596
349888673,157.48987,20.678043,7.7943
175262138,130.02675,20.007788,5.5741
14676672,126.8153,21.311497,8.3381
203220430,134.93016,21.977606,8.2231
175262481,130.11429,21.123674,7.4753
414963430,140.60103,21.015352,8.6565
95343002,153.87471,20.126621,8.8873
95343240,153.91252,21.365534,9.9101
414964533,140.744,21.949123,8.8739
414964567,140.82399,21.80119,9.0225
91901562,142.45624,21.426908,9.9857
286751854,143.42966,20.674055,9.8384
88006390,147.05795,21.263153,9.8433
386906970,137.17682,20.060293,9.903
175262272,130.03137,20.38032,9.5531
386906833,137.16035,20.608139,9.7074
26987618,150.78435,20.748608,9.624
26988859,150.87358,21.325226,8.9952
27071736,152.37875,21.802492,8.2948
95310608,153.07559,21.59949,9.3
95310935,153.01236,20.118551,6.3534
171558013,156.21829,21.895798,8.922
88063474,147.95576,20.16465,6.3678
171651431,159.35997,21.58055,9.8863
95778953,161.08806,20.116108,8.5386
95310916,153.03111,20.216345,9.1643
171651453,159.42192,21.681852,9.4564
14546161,125.7356,20.56943,8.75203
27109662,152.86035,21.73433,8.51
203213887,134.62816,21.739264,9.6208
386892149,137.12843,21.694292,9.1478
95436062,155.45837,21.34699,8.6675
14543849,125.554146,20.918772,9.762
203214363,134.67096,20.18654,7.5715
171630634,158.55498,20.105335,9.6262
414988177,141.41072,21.817207,9.7301
27109541,152.8951,21.043861,9.6638
87954753,146.03116,20.219082,9.9161
87954950,146.045,21.091145,9.7988
87955121,145.95735,21.83236,9.9742
95434987,155.30475,20.26058,9.2949
95779966,161.2517,21.16324,9.5872
95779978,161.23154,21.200026,9.9849
26959653,149.80022,20.414505,8.9951
239207974,157.1891,21.591722,8.9341
87953721,145.84363,20.19319,5.73852
239207888,157.27266,21.176044,9.4135
203288674,136.25745,20.002922,9.6705
67351268,120.83666,21.888988,8.6109
95360886,154.26096,21.291796,8.9072
62898230,116.7481,20.744297,9.1148
27071443,152.33174,20.332355,6.103
175234227,129.8322,20.052977,8.4377
85978158,137.9404,20.353693,7.9623
14454264,125.08738,20.747723,4.84825
184939005,131.64767,21.634281,7.87161
14454211,125.1375,20.885908,9.44321
197220159,133.50209,20.230396,8.1317
175290574,130.43257,20.226877,9.9678
95857383,162.46935,20.49167,9.3067
14453744,125.02637,21.941595,8.7361
14451930,125.01586,21.199015,9.42026
14453974,125.10154,21.4518,9.3658
14454167,125.074165,20.992708,9.2445
175290605,130.47142,20.15944,8.25289
95436972,155.55405,21.133919,9.0737
95857425,162.42714,20.759075,9.55121
82288689,123.48923,21.364927,9.7285
95436960,155.59053,21.181572,9.66544
171556786,156.10074,20.745356,9.5497
27071433,152.39513,20.302383,8.9744
171600812,156.9519,20.319426,8.97513
62743493,116.14497,20.357903,7.6236
171650254,159.24265,20.947903,8.2906
171600790,156.92932,20.129667,7.5058
86069156,139.45747,21.781586,7.5026
184898142,131.25858,21.329344,8.9076
195181293,128.59477,20.694801,9.8785
86103651,139.91449,20.546509,6.2431
286689901,142.58537,21.581923,7.933
286689970,142.55606,21.24858,8.3875
27000999,150.97037,21.50544,8.4743
27002471,151.14894,21.53158,7.874
92006844,145.19803,21.024355,7.64863
171652171,159.55621,21.834087,9.5213
92022892,145.55405,20.338148,8.6982
92023139,145.5212,21.573086,7.9352
171646022,158.7165,21.709723,8.1603
349889494,157.57875,21.568253,7.4953
95858607,162.54208,20.571903,8.5869
27001291,150.98074,20.143072,8.7536
171652237,159.55798,21.50042,9.541
171652345,159.54646,20.852278,9.8125
92022823,145.46565,20.021782,9.4768
84912890,164.16609,20.210184,9.7527
88048485,147.71541,20.799528,7.7895
88048638,147.72578,20.256958,9.97997
88049977,147.79448,20.888227,8.7258
26972149,149.99638,20.124432,9.3734
26973354,150.12985,21.660772,9.308
27107219,152.6126,20.132183,9.5673
88024537,147.45872,21.17942,5.8658
26971901,150.00798,21.262327,6.0759
95362186,154.43324,20.859896,9.929
27072758,152.537,20.363533,9.8414
86103571,139.86185,20.940035,9.4757
26986433,150.65297,20.413355,9.5288
184898496,131.21721,20.05564,9.8035
91845563,141.60579,20.447977,8.1928
62898243,116.85358,20.727194,8.9014
171556557,156.11885,21.891233,9.9222
171556787,156.04433,20.740274,9.0626
171650083,159.21973,21.92912,9.4805
171600886,157.00299,20.69578,9.264
165964210,110.769966,20.09719,9.2752
14391796,124.29997,21.948395,9.3752
171646087,158.82225,21.378817,7.3435
26973309,150.14043,21.4583,8.661
349887661,157.35979,21.812634,9.8813
349887692,157.3282,21.553894,9.8984
349887892,157.38696,20.235418,9.9558
349889569,157.56769,21.08089,8.1819
26973345,150.03557,21.604504,9.32513
70463318,114.69047,20.860476,7.6612
14452184,125.00536,21.843323,9.9129
95339553,153.5878,20.435795,9.05749
349888635,157.53006,20.461836,8.85695
95340650,153.69998,20.345758,9.7949
82325739,123.70657,21.42698,7.6856
14454145,125.0327,21.038395,9.9998
197220293,133.51993,20.723953,8.7575
337284132,164.05933,20.062914,9.0964
95429206,154.6753,21.766394,9.9231
87950691,145.61522,21.78861,8.95673
195185675,128.77765,21.39302,8.0278
87952426,145.74777,21.778454,9.8113
27036547,151.47519,21.865448,9.3375
184893364,130.82162,20.600397,5.6373
171598633,156.74352,20.433653,7.0684
95312110,153.1678,21.318432,8.3235
91967863,144.26062,21.36358,9.9035
95359509,154.14362,20.186531,9.9764
88021798,147.19052,20.75457,9.9773
95340781,153.62396,21.168049,5.5081
95764544,160.35487,20.553158,8.0187
95360749,154.25165,21.913044,7.1892
95747150,160.30576,21.247114,9.224
171648347,159.0307,20.156557,9.7485
27035832,151.36302,21.854504,9.51298
95472085,155.96243,20.635292,9.63125
27035758,151.41402,21.472853,9.4957
26987570,150.6951,20.9671,9.85392
95310775,153.0873,20.905035,9.7792
87953383,145.9421,21.768913,9.8175
87953682,145.89915,20.357533,9.9441
239207978,157.20065,21.633858,9.70073
27064783,151.66599,20.136972,9.05515
61033088,112.79691,20.5406,6.1279
70379569,114.413956,21.01585,8.8048
14703091,127.15241,21.933796,9.9368
86105207,140.05894,21.243998,9.7805
86116819,140.12642,20.42544,7.3055
86116730,140.10739,20.763725,7.7858
414966175,140.84428,21.30917,8.0418
171602131,158.06532,20.088472,9.9744
85911360,137.58081,21.92932,9.0947
85911344,137.58691,21.996416,5.25995
175291987,130.58388,20.036585,9.2197
14569697,125.98205,21.601898,9.7264
178279052,128.35506,20.465137,8.5019
175292074,130.61743,20.271996,9.9172
414966330,140.93971,21.969656,9.87778
386883297,136.70776,21.383837,9.81327
175262171,130.09297,20.106756,9.60703
175262180,130.0054,20.135632,9.2552
175262405,130.09589,20.826643,8.8642
175262465,130.03212,21.062733,8.94825
14676601,126.88943,21.4609,8.2957
14676790,126.81951,20.941137,9.72452
95837026,161.82333,21.034657,8.64292
91901300,142.3802,20.136219,8.48159
171649358,159.17104,21.60326,8.0334
95343276,153.93219,21.529526,7.8005
175262196,130.11145,20.182032,7.89973
175262275,130.1144,20.383074,9.6608
414963253,140.6103,20.274204,9.4853
171649333,159.10953,21.450802,9.50701
171578851,156.49355,20.349035,9.2255
95343217,153.85966,21.236717,9.516
14676815,126.89888,20.864157,9.89133
286750705,143.34967,20.618126,9.6635
70549317,115.16132,20.880594,9.847
293362665,119.37968,20.292995,8.8514
91987033,144.4312,20.643797,9.24479
63170457,118.26953,20.17862,7.224
63170334,118.35117,20.384312,9.3835
293362506,119.376625,20.644815,9.4176
86016944,138.83763,21.029469,7.7552
171557720,156.22621,20.280502,9.9654
171557790,156.24709,20.72595,8.4625
95744730,160.07785,21.819138,7.1653
386890157,137.00294,21.827908,9.9481
197251628,134.56221,21.313292,9.7963
203214233,134.65909,20.546751,8.0605
95837065,161.82977,20.78674,8.5694
178270357,128.24019,21.575993,9.9607
91845382,141.50319,21.146206,9.6312
91846867,141.70828,20.040083,9.6606
27069262,152.0832,20.003733,7.6194
62979297,117.31995,20.045282,9.6869
62979334,117.259445,20.003798,9.5393
386890384,136.98204,20.897093,7.6332
27070341,152.24329,20.957565,9.1097
171630603,158.46019,20.3041,6.8079
88024389,147.39825,21.73468,9.5859
95779880,161.16647,20.705141,9.0516
85978411,137.95076,21.112642,9.68556
91916343,143.71996,21.201845,9.42533
95339436,153.48799,20.970827,9.77485
184846922,110.194466,20.298534,8.5932
62978884,117.31286,20.707561,8.9175
386890213,136.988,21.586893,9.1419
386890353,136.93141,21.00902,7.8327
178277347,128.34605,20.390085,6.2058
88024636,147.3879,20.794086,6.8331
62978693,117.27216,21.058435,9.6472
62979159,117.31043,20.252354,8.0362
386890203,136.88734,21.62919,8.296
14543565,125.55731,21.603165,8.2268
14543635,125.5517,21.43496,8.3215
178178285,127.43404,20.796429,8.8907
178277365,128.31552,20.350672,9.0824
91845166,141.56216,21.868635,8.5959
91896905,142.02827,21.45464,8.6194
87976570,146.82883,20.85071,8.6673
87976676,146.73454,21.319405,9.8567
203252287,135.65222,21.968348,9.5186
70463044,114.697,21.269575,8.0266
14391793,124.30987,21.954397,9.9683
14392023,124.33741,21.427542,9.993
171630328,158.54884,21.754374,9.748
95363322,154.51112,21.741749,9.4739
91895651,141.98569,21.448183,9.6949
91989484,144.6764,20.330109,9.9992
91991058,144.87419,20.297472,9.7341
63173361,118.39782,20.31472,9.77139
91846873,141.72453,20.05833,9.8837
184898012,131.22829,21.856388,7.8509
197248662,134.27144,21.860445,6.24824
91989504,144.78859,20.459791,7.9985
91989737,144.67195,21.53955,6.3739
91990852,144.8043,21.197414,6.8163
165964247,110.75785,20.141535,8.7343
165964273,110.85291,20.171,9.2101
165964302,110.74713,20.221897,9.9309
165964324,110.84032,20.250145,8.4848
195189417,129.0869,20.155558,8.7128
243243542,136.47015,21.054071,7.5871
243243581,136.3832,20.9702,9.6128
184898025,131.18292,21.793247,9.6664
95363268,154.6017,21.914228,8.6983
26982875,150.26723,21.578777,8.6294
91989670,144.76244,21.193237,9.0617
284768472,120.18068,20.07271,8.6878
85997796,138.71913,21.959002,8.5936
178219574,127.59384,21.15755,7.33
62825824,116.46808,20.062023,7.8093
414986644,141.23378,20.482674,8.9516
238607813,132.80484,21.213522,9.9816
14636172,126.473885,21.98552,9.6803
62822300,116.2586,20.894133,9.8312
14397295,124.530556,20.788897,8.8929
14637861,126.6533,21.118263,9.8966
70583854,115.38813,20.131601,9.3061
62822615,116.24576,20.41471,9.4066
82325810,123.71153,21.589466,9.8313
14500003,125.16031,21.532875,9.7336
414967383,141.02043,21.43581,9.8901
91917387,143.80539,21.930206,9.1513
91917622,143.7808,20.769857,9.9905
27108472,152.78568,20.696146,6.2528
62822630,116.31827,20.387917,8.9185
62822833,116.32875,20.108395,8.5169
238607699,132.79997,20.74506,8.7161
14499895,125.214096,21.25856,9.5516
14637789,126.66729,21.285013,8.5265
86037270,139.2549,20.114466,9.9095
86037531,139.19862,21.142206,9.6103
82325729,123.69869,21.400272,8.7513
243243442,136.39777,21.565834,8.9712
95835934,161.75986,20.581453,7.6526
171629575,158.42802,21.568195,8.626
95777770,160.93483,21.488556,8.3271
414968930,141.14552,21.208874,9.3445
414969048,141.21777,21.713127,8.2613
238609058,137.5117,21.774382,9.4624
184870347,110.266205,20.885628,8.7835
91986959,144.43475,20.247103,9.5276
286751789,143.46481,20.3232,9.5243
26959838,149.86722,21.321486,6.5682
26959767,149.84624,21.033594,9.4401
91988288,144.66347,21.152248,8.48014
95860701,162.86719,20.27749,7.6988
91967987,144.28651,21.940172,8.78022
91967872,144.28307,21.39545,9.12633
95311933,153.15445,20.482767,8.8061
95359732,154.2207,21.176561,9.61449
95847829,162.38258,20.009197,9.0034
27065991,151.69179,21.033659,8.95789
95778799,161.02809,20.90317,9.62118
60845690,112.00773,21.975172,9.5869
85990463,138.21393,20.022627,9.2748
203281975,136.00423,20.948639,6.8404
332022961,132.17189,20.337805,6.9871
332023307,132.18213,21.558193,9.0308
171645234,158.60002,21.594027,6.4687
91900052,142.34492,20.914764,7.366
27034339,151.27345,21.824152,8.0824
27067259,151.83385,21.163343,7.955
91918753,144.00888,20.045586,6.05462
171599652,156.8407,21.615435,6.8742
87973656,146.55516,20.489197,6.587
87973745,146.53937,20.811928,7.4625
386776451,120.14662,20.363918,9.055
184894724,131.01747,21.90477,8.5906
184894910,130.97133,21.17792,8.7788
184896709,131.08006,20.876839,7.1379
184916143,131.4781,21.40753,8.971
171645107,158.6328,20.763594,8.9817
171645216,158.59636,21.485975,9.9888
286713054,142.74855,21.291628,8.1825
27107460,152.62547,21.358465,8.5847
70632135,115.66045,20.41092,8.7001
86018422,139.02475,20.603231,9.711
332022901,132.1881,20.139887,9.96395
27034442,151.2548,21.309904,8.9456
91992024,144.9513,20.267683,9.3451
87975064,146.66771,21.664934,8.3434
87975167,146.7084,21.257017,9.9047
178268553,128.17706,20.441164,4.2728
165968104,110.98197,21.704979,7.8819
386882986,136.63503,20.1193,6.654
386883091,136.67886,20.509861,6.898
14701539,127.0298,21.148489,5.97519
197249837,134.35953,21.350878,7.2165
171579848,156.56178,21.817585,8.1819
61032945,112.866615,20.327057,9.3604
165979451,110.91494,21.31495,9.0851
70379027,114.37384,20.172783,9.9887
70436416,114.56883,20.243546,8.5423
332024759,132.44078,20.942343,7.86439
184914719,131.36255,21.213985,9.9878
331955668,131.70714,21.636787,8.5889
331955804,131.7753,21.035711,9.8665
178266376,127.99908,21.697996,7.9564
178266792,128.01968,20.345898,9.7904
171580098,156.63327,20.312962,9.1325
70436316,114.68051,20.075977,9.8802
293276518,118.87642,21.643173,9.6406
178266658,128.03787,20.776766,9.5501
14705719,127.31216,21.338324,8.739
184916128,131.49744,21.457233,8.9681
286713028,142.78133,21.156845,8.3283
70632450,115.645164,20.93335,9.6337
70632550,115.62495,21.104326,9.3027
14451827,124.93915,20.981995,9.3286
184896826,131.11032,21.319038,9.7128
60667305,111.24534,21.803007,9.6988
184810669,109.73923,20.232138,8.9773
184810731,109.76197,20.305786,9.2807
184810769,109.75236,20.361624,9.9093
63170085,118.35086,20.836878,8.9506
386776995,120.0619,21.529545,8.767
386777016,120.171814,21.56638,8.7531
293251302,118.52685,20.550026,9.686
293251367,118.5948,20.42846,8.8952
67351978,120.89222,20.338526,6.18126
67352146,120.933235,20.026745,9.7917
82349005,123.95491,20.74585,7.21782
82349219,123.93069,21.291605,8.041
82349467,123.91403,21.870808,8.1195
178219488,127.584656,20.85782,8.0684
178219693,127.69966,21.474138,8.1497
82349260,123.88075,21.39666,9.2743
197220349,133.47931,20.918432,8.1675
178217242,127.47317,21.77654,8.9678
60667168,111.15931,21.956085,9.4521
14569540,125.97468,21.200584,9.5525
178217567,127.460144,20.748943,9.0057
70549579,115.1248,21.28322,9.9611
178217696,127.504295,20.32102,9.7815
70379110,114.41948,20.31406,7.4087
70379463,114.36888,20.8711,9.4564
70436561,114.6721,20.456821,9.8239
178245130,127.75186,21.754704,9.9483
178245268,127.76609,21.321886,9.0489
70379395,114.308945,20.756027,9.4958
332024723,132.54514,21.066378,9.1127
63170084,118.34653,20.837332,9.29329
293251400,118.54985,20.360994,9.07413
293251486,118.54289,20.181038,8.66285
82349337,123.99053,21.583866,8.7849
197220580,133.48456,21.781672,8.84208
197243408,133.94933,21.453314,9.7185
197243640,133.89105,20.592056,9.82138
178217206,127.453636,21.929092,9.29677
353930849,131.97783,21.44257,9.4476
353930862,131.92009,21.378391,9.53427
70628696,115.56449,20.97647,6.92531
62902001,116.94818,20.526937,8.2183
67349391,120.72079,21.849417,9.0389
286714592,142.89569,20.270657,6.44682
70545934,115.05336,20.1128,9.8376
70629200,115.523125,20.197336,9.4207
70629231,115.4657,20.152657,9.8736
62901855,116.98524,20.3155,9.3693
67348753,120.770546,20.499165,9.5176
14674817,126.685104,21.240028,8.6246
239204818,149.15572,21.067583,9.114
286715798,142.97037,20.816103,9.799
95742465,159.78217,21.149097,9.159
67348711,120.80445,20.446238,9.9666
85913245,137.68718,20.851221,9.5733
14674533,126.7384,20.527445,8.4951
197245387,134.02235,21.584587,8.4012
86069069,139.54161,21.412607,8.7901
86069152,139.52109,21.770758,9.3052
63017641,117.74108,20.037624,9.5674
70628846,115.51416,20.736336,9.6692
203254108,135.77957,20.051672,9.8571
286714480,142.88701,20.740147,8.2536
70463011,114.71323,21.341272,9.7441
195189483,129.07268,20.341505,7.36853
197248447,134.32611,21.109774,8.6797
184842090,109.97884,21.1281,8.39176
14391926,124.330864,21.647123,9.07777
14392134,124.31352,21.181084,8.60582
197248213,134.23836,20.199835,7.74622
26957094,149.53644,20.110786,9.86245
26982826,150.23839,21.84837,8.9933
91989480,144.72775,20.297558,6.8339
27002462,151.12996,21.458982,8.179
27002565,151.12794,21.99481,9.6689
27070163,152.2475,21.968828,9.82963
91845231,141.56126,21.635485,9.8969
88024494,147.45912,21.319271,9.93251
26986611,150.62047,21.318594,9.13172
26986644,150.62749,21.504808,8.83114
286689852,142.59813,21.812689,6.71336
27001259,150.92192,20.27433,8.99685
27002492,151.16179,21.636005,9.35586
184898199,131.17438,21.103382,9.62
184898422,131.26761,20.357742,9.87964
86017083,138.88951,20.441532,9.75938
203226933,135.10828,21.933504,9.8833
203227093,135.1977,21.453712,7.9675
95743867,159.93465,21.415087,8.4387
88024328,147.47496,21.951534,8.6227
184847060,110.12665,20.115206,8.2133
184847134,110.10664,20.00143,9.30198
60668765,111.207,20.000858,7.5888
178178156,127.363525,20.42975,8.37745
178270256,128.2889,21.875893,8.77513
171602972,158.16924,20.356005,8.782
91847266,141.65506,21.498978,9.5954
27070196,152.29341,21.790344,7.78829
27070286,152.28957,21.25831,9.23733
88004994,146.92847,20.604755,6.94186
92005695,145.17007,20.627504,9.71491
63017615,117.650894,20.004452,9.82286
63017620,117.65473,20.009226,9.85748
95470173,155.65233,21.890049,9.92885
70628495,115.550156,21.348482,9.6988
175238539,129.88106,21.317009,9.1612
175239414,129.99323,20.158247,8.59755
14675072,126.7538,21.956861,9.2834
91898529,142.1868,20.707628,8.4261
175290433,130.41672,20.6722,9.21795
197245424,133.9957,21.692179,8.27963
86039023,139.3662,20.69361,9.44027
239204862,149.2332,20.777166,8.13463
286715602,143.00829,20.042849,9.31212
286715604,143.00626,20.046993,8.16995
286715775,142.93726,20.70695,9.75614
386744978,113.28663,20.726074,9.4521
14571510,126.0607,21.545162,9.1535
86019992,139.1537,21.056164,8.8939
386744644,113.23375,21.131845,9.5847
386745037,113.20676,20.652,9.2447
14600134,126.15898,20.522236,9.5053
14674380,126.737625,20.119637,8.7766
86018499,139.03613,20.92454,9.2767
70125734,113.07052,20.550638,9.0836
70183013,113.37258,20.733425,9.7059
70183050,113.36876,20.774853,9.9958
386745262,113.223595,20.340874,9.7628
54234224,119.857925,21.77446,9.1171
54234365,119.81905,21.483114,9.4218
284768181,120.26192,20.687227,8.5564
14502030,125.30506,21.14638,8.8792
184893687,130.81999,21.844639,8.9425
88098077,148.36418,21.812176,9.2259
86018590,138.99709,21.280281,7.2067
502921811,116.74817,20.744123,9.6765
59572212,109.101425,21.5263,8.5585
59572309,109.08201,21.41654,9.66
59572581,109.153305,21.093977,9.5972
59573277,109.1602,20.327,9.949
184780554,109.41121,21.289152,6.1426
184780788,109.34678,21.006617,8.71952
184780879,109.45058,20.887905,9.7696
184781533,109.443375,20.115324,9.0904
60846596,112.01188,20.759893,7.7453
54234901,119.882904,20.46818,8.2217
54235027,119.854294,20.21681,9.1414
54235110,119.91385,20.025248,9.4783
14501750,125.36725,21.909334,6.40914
197243821,133.91531,20.00473,8.2456
86020052,139.1696,20.836042,8.6456
86035906,139.16531,20.62324,7.66
86118066,140.29582,20.189268,9.1248
284768290,120.17797,20.436443,8.6353
14501920,125.38159,21.474367,9.2926
14638103,126.63483,20.411764,9.1713
302922920,132.40877,21.213903,8.4587
175194486,129.69455,21.159454,5.8647
59572087,109.13642,21.690115,9.6944
184893600,130.8528,21.481237,8.2209
175292047,130.59006,20.181656,8.8481
414965996,140.9462,20.364452,7.1254
95742357,159.82289,21.599413,7.776
14569596,125.98111,21.375036,8.864
85911418,137.62488,21.671371,7.3772
86106388,140.20117,21.671679,8.56923
14569376,126.01763,20.904697,9.9885
61033689,112.904236,21.378633,9.71848
82505495,122.85651,21.267128,9.82164
60842657,111.84552,21.71192,9.9059
184811467,109.821556,21.2386,9.2756
203227310,135.11865,20.74816,7.72195
85911640,137.54053,20.817478,9.5339
60842449,111.81491,21.4267,8.6235
155851672,110.668144,21.838572,9.3407
60951043,112.423454,21.795542,8.5506
184811730,109.7788,21.58401,8.8565
243244864,136.51938,20.146803,9.3593
86072153,139.72903,21.201092,9.9171
95431431,154.97476,20.404245,6.5556
293322119,119.12986,21.876507,9.9741
195183115,128.71341,21.493544,8.0181
195183445,128.68275,20.561506,7.8827
60951081,112.42835,21.737448,9.7918
27036617,151.5447,21.51455,5.9525
14435897,124.72728,21.494133,6.83633
26925450,149.50323,20.612818,8.9044
14602813,126.20818,21.812456,8.7535
386772981,119.7868,21.906517,9.0363
307733245,129.52798,20.380682,7.0256
293277151,118.83676,20.268923,9.6465
293362036,119.395035,21.706749,9.8262
14435967,124.74453,21.700874,9.9813
14602238,126.17292,20.32521,9.4263
60947457,112.29641,20.939384,7.7851
95430203,154.82693,20.959183,8.463
286727768,142.9277,21.751352,9.8311
60947224,112.331116,20.646215,8.5409
203237031,135.48717,20.3351,7.7326
197218659,133.43175,20.64448,9.128
331987803,131.81085,21.542807,7.6948
95433870,155.17749,21.13455,9.5864
26957332,149.62831,21.269623,9.1194
86071955,139.72116,20.52513,9.9288
86071972,139.70883,20.58338,8.4927
95431419,154.91592,20.368706,9.661
91918997,143.92546,20.989876,9.9324
26985235,150.52417,21.691137,7.4896
286715590,142.93338,20.005486,6.24551
286728740,143.0551,21.856398,6.6687
286728787,143.14922,21.641201,8.9226
286729009,143.13869,20.77079,7.916
67351282,120.8508,21.850246,9.6985
197218482,133.41347,21.259092,9.7207
67379477,121.15968,20.01573,9.7677
95433673,155.18996,20.044537,9.7764
286729054,143.13559,20.594925,8.4843
91968976,144.33792,21.226912,8.7484
386940107,157.7663,21.197363,9.723
293365132,119.45231,20.353642,9.9942
195183152,128.70639,21.393377,9.99739
203227398,135.19165,20.424915,9.6885
203227485,135.20464,20.11056,9.7238
197193110,133.0339,21.849148,8.8224
184811274,109.8017,20.959993,8.0358
85911609,137.56087,20.979134,9.4522
175235454,129.78929,21.684084,9.0454
85976590,137.84883,20.849222,9.7705
85976610,137.87447,20.770756,9.5278
184811737,109.76472,21.5951,9.4138
85976712,137.87173,20.419266,9.8066
14604857,126.39011,20.598518,9.8158
85992320,138.34816,21.007711,8.964
184785637,109.50532,20.382465,9.5876
67376138,121.02612,20.135878,9.9581
67376142,120.95206,20.141434,8.7033
293322132,119.09784,21.836391,8.4044
293322664,119.06279,20.817522,6.8721
203280363,135.89713,20.554558,7.3652
85992345,138.35452,20.908136,8.1743
293322120,119.13086,21.874628,9.3034
203280496,135.93367,20.063063,7.336
85992252,138.40526,21.283207,6.45859
67376122,121.05572,20.09772,8.20184
203280489,135.9014,20.102205,9.30749
14604394,126.30117,21.825941,8.49128
60951660,112.40233,20.899235,9.94602
243245030,136.59532,20.82491,9.9947
14435934,124.689644,21.593407,8.3741
197218550,133.39723,21.007326,9.4094
67376252,121.04716,20.334751,9.6347
203236966,135.48431,20.5393,9.1408
70228903,113.66035,20.988232,9.5639
203235372,135.25443,21.449692,9.3862
203235492,135.33853,21.90369,9.8115
63106341,118.171844,20.043604,9.9544
195183116,128.66325,21.49303,7.61382
95817630,161.41093,20.172855,9.5403
88006518,147.0083,21.83177,9.98918
82501214,122.76591,21.601637,9.526
82288539,123.386955,21.031704,9.7269
62739816,116.05292,20.658102,9.2177
62740051,116.03748,20.311403,9.5402
60883113,112.12988,20.067205,8.0239
70228280,113.65126,20.100395,9.3035
63106342,118.170235,20.043833,8.325
63106608,118.24805,20.468513,9.9683
63106804,118.24854,20.811535,9.9305
63167335,118.231735,21.837002,9.5199
63167389,118.20099,21.931929,9.9885
70282668,113.68296,20.75658,9.2389
155846845,110.580185,20.926083,8.4645
59578590,109.21018,21.750029,8.9435
59578702,109.21491,21.902983,9.1136
386744407,113.23135,21.43186,8.8449
60718791,111.280075,20.071331,9.0744
386827247,120.344315,20.02348,9.8684
155846700,110.50075,21.138405,9.08286
60883245,112.03889,20.228918,9.859
60883601,112.03007,20.707197,9.31088
63106334,118.245735,20.038086,8.66021
63106696,118.18398,20.616915,9.48459
63167351,118.19114,21.861116,9.7719
386830107,121.61779,21.253836,9.7698
238606037,132.6335,20.830858,9.6782
414988111,141.44664,21.56039,9.3389
60777605,111.70061,20.474743,9.5891
60777807,111.6472,20.220173,8.8753
60947986,112.37257,21.638332,8.3244
14437874,124.84996,21.257256,7.03301
86131286,140.49718,21.498575,6.5494
60777774,111.7347,20.257555,5.60514
60777884,111.67682,20.12602,9.8868
14635861,126.43411,21.190603,7.94909
203289073,136.32239,21.552477,8.5888
95435841,155.48132,20.053602,7.8302
414987859,141.43822,20.38067,8.2604
59577981,109.26121,20.984121,9.56084
59578599,109.23638,21.754313,8.0939
85994047,138.54692,20.703354,8.95585
85994169,138.48941,21.129295,9.24838
62740103,116.05791,20.201458,6.7404
203225492,135.00252,20.721935,9.7393
62740147,116.041245,20.139977,9.60807
243246162,136.81923,21.93654,9.04249
238606195,132.67635,20.251778,9.5344
195191669,129.15982,20.858738,9.756
155850560,110.62912,20.110756,9.212
155850631,110.699844,20.194292,9.7101
155850927,110.719955,20.615082,9.4158
60724619,111.40301,20.048306,8.70776
62975156,117.189575,20.792288,6.85689
63013798,117.59373,21.992104,9.6702
293365360,119.51474,20.796362,7.8552
195191516,129.11595,21.314709,9.0164
62975317,117.13063,21.076712,9.2333
63013886,117.54055,21.870556,9.4679
293326034,119.18358,21.71836,9.7756
238606164,132.58698,20.354385,8.1222
195191750,129.16418,20.634062,9.57
195191783,129.12108,20.545572,9.423
175264140,130.19028,21.034857,9.3493
175263994,130.24841,21.559896,9.6332
175264279,130.17902,20.57008,9.9621
70584323,115.443146,20.907927,9.95815
62975231,117.15107,20.947699,9.39864
386840760,122.11919,20.127037,9.70096
386840832,122.1673,20.28416,9.38687
195191362,129.14467,21.798729,9.29011
195191388,129.18584,21.723314,9.47561
195191561,129.15085,21.18993,8.8579
175264089,130.1722,21.22729,8.95964
70584300,115.37159,20.861609,9.84871
60846114,111.92752,21.425373,9.7348
184786559,109.4765,21.539131,9.9415
60846305,111.89021,21.18772,9.3289
284848429,121.4202,20.426897,9.3428
67395489,121.53581,21.209373,9.9544
67395586,121.46296,21.437202,8.813
307733351,129.5198,20.13015,7.7082
203252414,135.68816,21.519234,7.2388
386892064,137.02412,21.314363,9.0924
386892089,137.09283,21.409952,9.4597
307733197,129.6023,20.502663,9.7713
197246526,134.20482,21.887848,8.6751
60846087,111.92725,21.4549,9.4294
63173464,118.43618,20.493166,9.69815
307733317,129.59634,20.207323,7.36485
85978176,137.93843,20.427433,8.19707
203252824,135.64934,20.125357,8.5446
197246535,134.09833,21.859354,9.1422
316173696,111.034874,20.264462,9.8532
62946152,117.064026,20.010399,9.9943
62705525,115.747505,21.377666,9.3961
293254130,118.75536,20.802336,9.8799
197217034,133.25774,21.133286,8.7736
293254626,118.65657,21.839214,9.9833
62945931,117.068275,20.368126,9.48367
197217015,133.25789,21.058533,9.49304
293254152,118.691574,20.844313,9.19154
197192663,133.04651,20.143425,9.5538
14499717,125.26304,20.789925,8.9398
62740166,115.992905,20.112837,9.8261
62822177,116.33127,21.070402,9.7913
238607605,132.74869,20.376125,9.77374
414968785,141.14317,20.570536,9.7593
62822682,116.28889,20.316048,6.53189
82325582,123.73102,21.080204,8.18048
14635504,126.49691,20.193457,8.6063
184938748,131.58435,20.616539,7.06999
95313240,153.29958,21.419888,7.37972
184938686,131.58896,20.414026,7.0454
95926000,163.16026,20.175617,8.7098
184870248,110.321754,20.770586,9.27625
62822321,116.32128,20.866287,8.2972
82458026,122.44278,21.265657,9.62153
238607583,132.79698,20.313845,8.8695
14499897,125.24091,21.26173,9.1379
14637736,126.67135,21.438711,9.88217
86037370,139.23993,20.499687,9.15387
171629424,158.41466,20.748709,8.2122
95777743,160.96582,21.325785,9.94505
87957938,146.239,21.933472,9.98562
87959153,146.44237,20.826672,9.7009
184814901,109.909294,21.97172,9.9613
60719900,111.296486,21.537565,9.997
184814882,109.886444,21.99217,9.4738
195187262,128.9277,21.782578,8.9538
70432209,114.562775,21.58306,9.7945
82507552,123.01141,21.05951,9.71181
165968190,110.91037,21.575035,8.74976
386883017,136.72731,20.242167,9.35213
175264376,130.21866,20.266521,8.2327
184914505,131.36772,20.395391,8.255
184914538,131.37686,20.511482,9.4984
184914555,131.37704,20.590166,9.401
184914665,131.31116,20.997595,9.09268
184914825,131.38693,21.612955,9.34131
197249961,134.4553,20.828152,8.15891
197250059,134.44896,20.474485,8.87972
331956029,131.71039,20.3102,8.38161
178245299,127.7783,21.224712,9.52329
178245435,127.76146,20.771715,9.41758
178245478,127.73431,20.648119,8.91576
203286956,136.19176,21.846947,9.6031
386883040,136.69077,20.33471,9.0623
61032896,112.79275,20.2462,9.92742
293276511,118.78577,21.67133,8.3373
14504399,125.44351,20.508785,9.54213
178268439,128.16422,20.147072,7.92642
171580104,156.54918,20.276161,8.63634
332024745,132.53142,20.975992,9.81938
14703658,127.18612,20.233747,9.84732
430245277,142.48167,21.13172,9.80068
82290852,123.51161,21.667969,8.1912
82354456,124.18946,21.23102,6.8045
165964793,110.75028,20.98771,8.6674
165964811,110.83587,21.012611,9.8122
14566434,125.82089,21.873425,8.9055
14566443,125.85351,21.857893,8.3819
14566458,125.9054,21.821213,7.3397
203254375,135.81905,20.938326,8.7749
197242017,133.723,20.997988,8.8111
197242229,133.73756,21.809063,9.1069
184873208,130.7102,21.212856,8.2975
14701793,126.97512,21.931877,9.46935
353930803,131.95546,21.621475,9.1524
331989256,132.10141,21.201382,9.6102
70463576,114.695526,20.434238,9.4487
70463846,114.816185,20.008392,9.9073
82354691,124.25969,21.732697,9.7765
82354752,124.228775,21.867315,9.722
203236776,135.4507,21.188902,8.851
14566415,125.79605,21.911123,9.8225
175288741,130.37823,21.40845,8.9003
203254560,135.74951,21.553564,9.7366
70463557,114.72812,20.476088,9.8728
184873396,130.6505,20.554106,9.9362
203218860,134.81657,20.542831,9.5663
86119442,140.42441,21.849318,9.5167
14437913,124.801315,21.180857,9.08203
86119420,140.43356,21.960592,9.16686
239205876,149.33174,20.235031,9.38853
239205895,149.33693,20.341652,9.9548
239205932,149.28816,20.606207,8.5928
95436068,155.42834,21.393742,8.38
95436086,155.4366,21.499325,9.316
414986486,141.24648,21.107384,9.4655
414987854,141.42064,20.365217,9.0249
14451803,124.93191,20.918081,8.1802
86018302,139.01848,20.073164,8.3839
171645232,158.5968,21.59347,9.3751
26984298,150.33594,20.997484,9.25869
26984364,150.39813,21.39931,9.3297
286712902,142.70535,20.556646,9.27687
27107372,152.59445,20.945572,7.04601
87973890,146.50194,21.343369,9.04017
87973885,146.5679,21.322002,9.12568
87975182,146.58765,21.186575,9.51201
184916538,131.4586,20.022276,7.1
331989415,132.09996,20.696474,8.0666
26984489,150.33432,21.990322,8.6987
286712787,142.78595,20.019632,8.6739
184896493,131.11815,20.20114,9.96691
184896495,131.11646,20.202093,9.73796
286713008,142.69452,21.037449,8.45609
184896461,131.03058,20.076937,9.71614
14705630,127.23169,21.101915,9.91288
95364604,154.6413,20.233776,9.8998
332022898,132.20985,20.124296,9.7635
95776575,160.78029,20.348656,9.96235
95471106,155.84831,20.834518,9.7679
86131259,140.51147,21.41764,9.7019
61029281,112.72716,20.412481,8.2879
61029416,112.750725,20.224049,9.743
60723435,111.464584,21.55969,9.9398
60841964,111.773445,20.80419,9.1656
60887916,112.26483,21.123896,8.8633
60841543,111.82628,20.284468,9.63895
60724240,111.398476,20.49647,7.86465
60724242,111.39706,20.495142,7.07909
60841650,111.85899,20.424726,7.8016
59572284,109.200584,21.44318,9.8258
284768274,120.20286,20.463108,9.52502
14502045,125.37067,21.10353,9.83766
203220969,134.86087,20.100613,9.6066
184781578,109.3888,20.071255,9.2847
60847060,111.97025,20.14681,9.14577
14571434,126.137665,21.739428,9.52275
60846097,111.93481,21.44533,4.7877
184893591,130.82144,21.468504,4.6771
195193587,129.3601,20.4871,7.51232
14501870,125.38376,21.595345,8.52388
14502219,125.380066,20.675938,9.4809
60997061,112.77535,20.811422,8.6508
59572194,109.12987,21.541397,9.9543
184893654,130.84404,21.671696,9.9529
386906989,137.26538,20.022013,9.1458
184893283,130.80196,20.328753,9.3803
184780138,109.34931,21.790834,9.62965
184780426,109.34121,21.460897,9.55311
14571584,126.094315,21.332333,9.64996
184916214,131.50046,21.18556,9.3976
178247340,127.93523,20.66378,9.76065
178247570,127.8477,21.390884,9.28702
178247700,127.94955,21.762503,9.4381
302922773,132.39125,20.508087,8.94136
302922823,132.41986,20.725794,9.79533
86019990,139.13327,21.058218,8.9941
149899610,110.4125,21.307755,7.8055
165979684,110.94461,20.966167,9.5176
320193143,121.22864,20.09054,8.5375
62825910,116.47053,20.171957,9.4697
197191139,132.91544,20.707418,8.8838
243246445,136.77185,20.59907,8.3294
149899519,110.42176,21.177656,8.7208
165979994,110.88607,20.519745,9.2686
62902349,116.9829,21.034863,6.5934
386773680,119.77165,20.510612,7.1952
70224751,113.418076,20.459522,9.098
386773666,119.72744,20.55296,8.8472
62826565,116.45215,21.199745,9.7577
70580781,115.285515,20.428984,5.0451
293322956,119.14364,20.198149,9.1896
63017891,117.73291,20.4282,8.486
165980070,110.931625,20.416292,8.76
62902271,116.945435,20.93601,8.08811
197190848,132.85345,21.78247,9.61156
197191132,132.89253,20.726522,8.7656
197191203,132.91615,20.48556,9.4939
59458015,108.81152,20.246494,9.7642
63103639,118.0802,20.294306,9.89424
165979886,110.94701,20.68444,9.92918
62902183,116.94586,20.814371,9.8093
197191081,132.83775,20.89002,9.8642
70375304,114.195076,20.762901,9.6593
195185384,128.76746,20.658436,8.8897
70374749,114.29659,21.610556,9.3785
184791308,109.703255,20.160915,9.8259
60772736,111.53401,20.56769,9.3505
60772983,111.59925,20.921852,9.8129
70125857,113.14015,20.723537,9.3154
70375479,114.22626,20.487312,7.4339
70375685,114.272804,20.156796,5.59124
60996952,112.76838,20.949316,8.8556
184790207,109.66567,21.496792,9.6752
184790455,109.60183,21.188824,8.623
184790830,109.633934,20.71922,9.6677
70375753,114.233315,20.05168,7.0902
59487462,108.9454,20.522482,9.6064
82234156,123.34379,21.61058,9.1468
82234270,123.29831,21.353296,8.4801
386880499,122.525795,21.958475,9.1026
195194054,129.33826,21.980034,7.53767
203238555,135.49565,20.623243,9.3601
70179285,113.14385,21.407757,5.97397
195193961,129.30257,21.681171,9.69118
70375524,114.255356,20.409878,9.2721
70374908,114.30683,21.372963,7.80152
70375044,114.26135,21.163527,8.35424
184791348,109.61989,20.098345,8.88559
70375439,114.2338,20.555132,9.7277
195185351,128.82405,20.564598,8.17841
70375093,114.27597,21.085098,9.91126
70179370,113.09741,21.550648,9.9865
70179468,113.117424,21.711134,9.5523
203238659,135.56905,20.991352,8.1943
175194404,129.66095,21.42133,9.9118
62984915,117.3849,20.525345,9.96432
70126045,113.055016,20.993565,9.89241
70126108,113.09486,21.104237,8.07359
70179240,113.149376,21.345634,9.2711
178217250,127.54058,21.746119,9.60623
70125935,113.04911,20.835217,9.85131
386773870,119.7015,20.101711,9.83163
392090031,120.50924,21.601406,9.7805
175194605,129.66797,20.802778,9.9686
82510041,123.16895,21.073061,9.8361
70232698,113.74742,21.31529,8.9549
62945392,117.0438,21.249056,9.0218
70232738,113.79619,21.261507,9.6172
59577882,109.308136,20.85619,9.1731
184786824,109.55745,21.887735,9.0911
59577538,109.32673,20.43359,9.3189
60887435,112.21815,21.821365,6.2548
60667988,111.188446,21.006714,9.2824
60668089,111.15549,20.864424,9.1092
67287685,120.62006,20.570978,9.3368
197221740,133.63431,21.820303,7.2331
197222069,133.58968,20.586182,7.4866
59577785,109.328026,20.74459,6.84315
184786543,109.48721,21.521585,9.88613
197222074,133.63974,20.572613,9.8102
60887417,112.16609,21.851732,8.8491
60887537,112.1864,21.678858,8.1749
197221857,133.60905,21.394537,9.3565
59577249,109.20489,20.092245,9.83771
316209266,111.0657,21.471249,9.5634
59577450,109.2588,20.323133,9.9954
70286608,113.86959,20.219849,9.7418
70286855,113.87372,20.569304,9.9267
70121968,112.92359,20.446398,8.8376
386827015,120.4264,20.44721,8.2396
60996543,112.70936,21.511477,9.3109
70121845,112.96156,20.607409,7.4298
82507583,123.07371,20.950836,8.726
386748480,119.56267,20.156614,9.6118
386748723,119.64283,20.592123,8.53537
63080925,117.775314,20.85056,8.92
195181237,128.58446,20.50621,9.71522
184842550,110.023155,21.761204,9.5069
60992675,112.56781,20.65543,7.5623
82234410,123.330315,21.087755,8.9545
67376828,121.00605,21.736254,6.68133
62706295,115.83923,20.369143,9.706
63080856,117.84287,20.952343,9.7501
63081012,117.87975,20.704966,9.3031
284765147,120.011765,20.54314,9.6304
62705857,115.81938,20.9732,9.1875
62705915,115.79733,20.903687,8.8727
307678515,129.39091,20.013664,8.40728
184895186,130.89807,20.189585,9.65423
86070266,139.65468,21.555637,8.83839
26925183,149.45186,21.878456,9.2722
26925374,149.51465,20.982502,7.4221
26925532,149.4288,20.170809,7.5196
63080937,117.82863,20.836845,8.59172
62706009,115.814415,20.798893,9.8224
62706478,115.79024,20.117205,8.258
82410885,122.329765,20.118763,8.77872
293362029,119.32313,21.709152,8.75495
27036776,151.50508,20.570503,8.44654
27068169,152.02481,21.584171,9.8807
14435997,124.70734,21.807447,9.77165
345840740,121.74039,21.622576,9.7976
70433120,114.52976,20.234426,9.4286
195187465,128.95537,21.217651,9.1048
63081345,117.78784,20.175903,7.6439
14395002,124.46817,21.177593,7.2655
184842717,110.02949,21.981163,7.3653
195187769,128.92682,20.373896,9.62527
195187836,128.86687,20.19634,9.78563
26958551,149.71771,20.594227,9.074
386940097,157.7808,21.26075,8.8899
195187596,128.93298,20.846773,8.40472
195187789,128.93044,20.330305,8.16656
197218597,133.35933,20.85656,8.98299
239201449,148.77881,20.35464,9.08111
239201459,148.86148,20.385197,9.26291
26958591,149.69505,20.438717,9.50238
331987734,131.86417,21.33473,9.88038
60773694,111.59308,21.86258,9.9536
14566446,125.8788,21.849358,8.3217
203219063,134.73221,21.166288,7.0358
70463626,114.80736,20.365604,9.53965
203254388,135.81622,20.986717,9.7677
184873310,130.7211,20.819239,8.5303
85990469,138.21832,20.047966,9.3281
203282240,136.12224,21.964832,9.42957
331989034,132.04817,21.961035,9.704
85990653,138.17717,20.673409,7.881
165964524,110.76528,20.555449,7.41952
165964617,110.84696,20.709486,8.35781
165965459,110.77588,21.970589,8.7718
70463607,114.70906,20.387188,8.69889
82354782,124.23604,21.919811,7.90962
386906623,137.1636,21.385643,8.7995
203218828,134.81664,20.447624,9.9194
70463619,114.76212,20.372696,9.62082
184873096,130.73663,21.64285,9.76208
238609490,137.50334,20.010742,9.9422
184842719,110.03075,21.982307,3.1624
184841865,109.9825,20.845154,9.5556
70283067,113.68409,20.171148,9.46577
70437251,114.57161,21.463327,8.27393
60776506,111.6322,21.950293,8.6983
60776577,111.68264,21.859938,8.9942
60777194,111.74098,21.030386,6.81178
70330844,114.01827,20.641178,8.32249
70437110,114.682106,21.287062,8.5442
70330588,114.05239,21.012749,8.7659
284848442,121.4032,20.454792,8.942
184841868,109.97857,20.846443,9.0781
184841861,109.99558,20.840916,7.9282
184871077,110.3433,21.862568,8.8035
184870774,110.22972,21.474342,9.5321
184841382,109.9889,20.216602,8.61414
70287658,113.90599,21.72953,9.99964
60776796,111.709404,21.535652,6.0435
63099908,117.91304,21.062283,8.6683
60776632,111.69728,21.774246,9.80948
70330926,113.9642,20.515907,9.9673
70290672,113.93568,21.635017,9.96529
70330296,113.9969,21.419605,9.9842
70282959,113.78233,20.318268,6.8932
70282820,113.734215,20.508707,9.2027
70331255,114.00766,20.083553,9.4285
70122037,112.985664,20.35098,9.5492
60951503,112.51895,21.114105,9.6634
60951836,112.49009,20.66676,9.1588
60992989,112.53605,21.082762,9.5706
70186740,113.51116,21.62823,9.4578
70121355,112.97375,21.323261,9.2977
70121434,112.91149,21.20669,8.2344
60951613,112.43374,20.960518,9.33639
60951704,112.43947,20.847937,8.85614
60992834,112.62643,20.864534,8.91135
60951040,112.45896,21.800379,9.87641
61029285,112.709946,20.408566,9.6694
59571879,109.18899,21.968119,9.89234
60992774,112.5616,20.784374,7.47031
61029230,112.66219,20.491623,7.1147
61029266,112.7556,20.441883,7.2308
62851218,116.50827,21.167772,9.0578
70580123,115.30291,21.446909,6.8471
60884245,112.10305,21.549393,6.30237
184815833,109.86637,20.788977,8.9346
184816061,109.95141,20.46507,6.88489
184816144,109.86534,20.346317,9.3773
70466914,114.873375,20.407171,9.66644
70467059,114.9183,20.631012,8.3152
70467182,114.864944,20.840614,8.06229
70467217,114.827255,20.893217,9.4145
67378691,121.13585,21.62706,9.4709
320192560,121.267235,21.429684,9.9605
320192970,121.27484,20.458326,9.0519
82288804,123.398346,21.6527,9.22204
62851535,116.57686,20.660627,9.8408
60883831,112.106834,21.025509,7.9901
70466927,114.92183,20.425539,9.4238
70467375,114.85016,21.161522,9.88
70580188,115.29669,21.350203,9.8495
70580426,115.25985,20.99132,9.9396
70580801,115.24247,20.402164,9.8468
70466751,114.8242,20.148546,6.8791
67378887,121.14428,21.243458,9.62609
320193080,121.21937,20.233072,8.82731
62851707,116.534065,20.428074,9.89351
59491800,109.0447,20.34347,9.72966
70580892,115.26966,20.266232,9.55188
82288915,123.39918,21.90689,9.4529
60884190,112.09846,21.486267,9.6698
184815615,109.92594,21.0913,9.98476
70466826,114.85733,20.26085,9.89086
62851699,116.53884,20.435719,9.80307
60773717,111.52712,21.89117,8.1067
60773737,111.50817,21.912783,8.7715
60773337,111.564705,21.362886,9.97399
60846530,112.00734,20.85424,9.036
60846979,111.906784,20.240227,8.8278
184785828,109.50355,20.627846,9.96045
70335263,114.17992,20.892572,8.749
60846605,111.973885,20.747074,9.924
70187109,113.50134,21.123816,6.5247
70187215,113.519104,20.977081,7.9169
316174001,111.066124,20.678751,9.3783
70335382,114.17751,21.06956,9.0749
70330942,114.03432,20.498613,7.4375
70335436,114.085976,21.142687,8.915
184785755,109.52376,20.54331,8.5541
316174102,111.05786,20.802128,8.99152
70121100,112.91936,21.668455,9.58384
149898981,110.43501,20.490227,9.6878
59492493,108.97984,21.127274,9.9556
59491873,108.99073,20.414808,6.889
59492272,109.0575,20.845667,8.2774
59492462,109.061134,21.093815,8.0015
59492691,108.9798,21.386143,8.8532
70225011,113.48249,20.092014,9.26556
60988812,112.42358,20.196516,9.20065
59491941,108.98209,20.489119,9.8273
60988801,112.400536,20.206892,9.9667
155847178,110.486916,20.44366,3.60247
155847064,110.512505,20.618933,9.9894
67286218,120.63953,21.87203,6.6209
195190867,129.23242,23.246653,8.5288
155851846,110.68019,22.075144,9.5777
293281206,119.01146,23.69258,6.7359
414966867,141.07777,23.579205,6.27027
239201977,148.80743,23.242249,9.384
238605392,132.61238,23.131214,9.26305
414964484,140.82915,22.179104,9.6698
386825419,120.431595,23.70758,9.0792
92007769,145.3939,22.578106,9.877
95360263,154.13318,23.502113,8.395
95360047,154.23099,22.520689,9.1271
801137861,120.431595,23.70758,9.0792
91902076,142.3868,23.760723,9.11773
95339128,153.50793,22.456013,9.2171
801265609,132.61238,23.131214,9.26305
801265610,132.61304,23.131361,9.48035
27036232,151.4321,23.752178,8.629
840293644,145.3939,22.578106,9.877
800985777,129.23245,23.247393,8.5971
800985778,129.23242,23.246653,8.5288
840278240,141.07777,23.579205,6.27027
840330589,142.3868,23.760723,9.11773
840273357,140.82915,22.179104,9.6698
840273358,140.82922,22.179462,9.8488
840213773,153.50793,22.456013,9.2171
840213774,153.508,22.455887,9.5686
840441477,154.23099,22.520689,9.1271
70585666,115.36018,23.194534,9.3855
62821429,116.25605,22.226604,9.336
740374450,115.36018,23.194534,9.3855
740335081,110.68019,22.075144,9.5777
740251531,119.01146,23.69258,6.7359
740237948,116.25605,22.226604,9.336
85911195,137.53215,22.484802,9.761
14391602,124.26752,22.416605,9.0985
801137674,120.252884,23.583595,9.1622
94843300,113.427895,23.93041,9.0718
178244582,127.82394,23.623781,7.9648
87974462,146.4628,23.77425,2.1232
95338633,153.46992,22.946806,7.0934
504580492,146.46245,23.774303,8.9352
92007514,145.39172,23.842703,6.526
88006675,147.0254,22.497307,8.8158
88047771,147.6768,23.889322,8.1687
88047818,147.65135,23.655376,8.29146
197217461,133.28699,22.729998,7.9216
197218047,133.41124,22.853418,9.7727
197217265,133.20831,22.007246,8.7244
197217604,133.24695,23.295671,8.4234
197217840,133.4042,23.68672,9.3216
197217848,133.37778,23.665415,9.3559
197218051,133.44695,22.8439,9.7652
332023493,132.24353,22.245863,8.4446
87974505,146.48878,23.9211,9.3917
349854816,157.3401,23.062101,6.1132
95338532,153.41098,22.527834,9.6769
88023726,147.29156,23.221796,9.925
85979461,138.05861,22.80256,9.1293
27002591,151.10246,22.154303,8.0244
92007206,145.20299,22.512558,9.9991
86102593,139.72745,22.911804,7.7485
86102798,139.76387,23.742176,8.981
239204271,149.13438,23.762604,9.0731
286689732,142.58685,22.310966,9.5896
27002679,151.15297,22.569578,6.981
171599106,156.79118,23.229986,7.3287
178280036,128.39052,23.692171,8.0925
92007271,145.1912,22.776964,9.8718
86103232,139.93652,22.392488,9.6892
27002604,151.12936,22.206928,9.1324
26973645,150.03218,23.03663,8.7505
171558505,156.38338,23.214655,8.937
88048166,147.71587,22.199118,8.8114
91893522,141.84615,22.869114,9.4674
332023677,132.25708,22.973972,9.7059
332023914,132.27399,23.952585,9.57446
332024022,132.45271,23.549229,9.46275
332023477,132.22165,22.202732,8.9011
332024199,132.54364,22.889618,9.55951
91893034,141.68507,22.792995,9.6701
171558561,156.3388,22.901714,9.9921
95293412,153.0815,23.55845,8.2087
95310480,153.08302,22.211273,8.0331
175263062,130.08401,23.083447,9.4497
175263167,130.11546,23.45507,7.2477
203219532,134.76118,22.739061,8.0117
171579369,156.41771,23.102694,8.1945
88006907,147.085,23.592304,9.3084
88006931,147.0519,23.671486,9.18321
88021385,147.21935,22.609364,6.63545
88021514,147.20497,22.044016,8.2684
414963933,140.68594,23.311954,9.0109
26984987,150.4581,23.029474,9.7238
241189521,152.73386,23.995508,8.2234
386883435,136.65967,22.013895,8.3072
171652125,159.50081,22.074093,9.043
26973853,150.16461,23.555984,9.2872
171558482,156.37144,23.360725,9.1826
26973750,150.15067,23.6562,9.8585
26973526,150.14763,22.453262,9.5724
195186176,128.81918,22.717207,8.493
95429272,154.69386,22.11592,7.7262
95429411,154.66559,22.761951,9.4569
27036215,151.53238,23.834652,6.9263
92007778,145.40753,22.556215,8.8878
87952805,145.70651,23.60195,7.8069
87952922,145.83551,23.783184,7.7244
195185947,128.73929,22.080706,9.9681
195185986,128.75041,22.195147,8.724
195186096,128.73936,22.498177,9.828
27036167,151.43181,23.751516,9.9956
92023391,145.46161,22.902323,8.5497
92023464,145.49437,23.316008,9.6731
87952607,145.81883,22.604183,9.6513
86105425,140.00366,22.115461,9.6664
86105653,139.96828,23.020817,9.947
414964447,140.77571,22.307888,9.69103
293281044,118.973946,23.336071,9.4069
95360236,154.17256,23.417309,3.0952
95341439,153.81467,23.118425,9.1057
95360267,154.20619,23.51547,9.5334
95360466,154.3543,23.233274,6.4416
95360659,154.35727,22.38572,8.6324
197220705,133.51315,22.30364,8.20497
86016347,138.81117,23.379835,9.0385
86016416,138.80945,23.096748,9.65873
14452937,125.00306,23.809324,7.92424
184939174,131.62042,22.352167,7.985
197221419,133.61821,23.015497,8.8602
171556398,156.04466,22.83239,9.9295
88065104,148.01202,22.545856,9.8836
293281028,118.91009,23.303709,9.6339
197220668,133.46155,22.161175,9.7182
171556364,156.12354,23.028078,8.8426
126349553,135.66664,23.91602,7.2298
95338547,153.40846,22.617373,9.66457
88023519,147.27216,22.174032,9.40688
88023744,147.27365,23.303137,9.1064
88023544,147.22115,22.321404,9.813
14543155,125.64466,22.742685,9.8715
238608845,137.49193,22.677458,6.2432
184939555,131.57042,23.86005,8.9776
27000631,151.02856,23.59386,8.8069
14453203,125.043724,23.366037,9.9651
238608829,137.4477,22.727512,8.8254
62849774,116.54299,23.54868,7.7625
197220840,133.47775,22.755056,8.3346
88098148,148.26842,22.12332,6.1791
95436666,155.61906,22.836102,9.012
386939915,157.79178,22.518759,9.3842
414988252,141.47044,22.154263,9.9673
415007403,141.42923,23.822529,9.0958
286730911,143.2159,23.36022,8.3173
91902268,143.555,23.111221,9.9037
27109902,152.92615,23.093872,9.6779
26826409,112.00008,23.985405,8.6557
197242760,133.86185,23.88614,9.1848
175292843,130.57983,22.971483,8.8034
86106161,140.16849,22.647896,7.5389
14570315,126.04113,23.205755,8.4676
87955173,145.97919,22.067343,8.0848
87955240,146.04726,22.403658,9.2827
14570333,125.93999,23.260653,8.2829
86105460,140.07709,22.260763,8.988
171601198,157.0243,22.508785,9.95328
14570334,126.03007,23.263128,8.8536
85978719,138.0265,22.278362,9.0281
86016254,138.84543,23.769978,9.0046
91896134,141.93983,23.336193,5.9066
285009985,146.29413,23.985434,9.9479
95429605,154.68813,23.84492,9.94729
87952511,145.80351,22.212093,9.1022
91919464,144.01894,23.19134,6.6728
91968060,144.21854,22.244078,6.7
87955767,146.1013,23.09925,9.3909
91965908,144.04292,23.670492,9.734
91966095,144.09114,22.774168,9.7541
62976530,117.140144,23.14097,5.5739
62977117,117.32572,23.73447,8.3502
95360511,154.30853,23.107275,9.80288
95360514,154.31058,23.106218,5.32
95360348,154.16649,23.954025,9.334
95341230,153.60808,23.503944,9.62653
95360400,154.25673,23.64716,9.6538
95360265,154.13455,23.503113,5.3601
95341130,153.6878,23.000969,9.64393
95341296,153.69995,23.887928,8.9604
95341367,153.76297,23.555677,9.3419
95341586,153.84506,22.479824,9.70471
95359965,154.22664,22.124262,9.60138
95360006,154.2192,22.321144,9.6438
95360141,154.16524,22.94389,9.2153
95360588,154.25136,22.749655,9.4146
26987295,150.71463,22.68596,9.08618
27071844,152.35843,22.433207,9.64688
95310318,153.00685,22.979729,9.55599
95310409,152.99565,22.45958,9.92224
88062671,147.74263,23.859829,8.2935
126217461,110.73559,23.996794,9.9525
293276324,118.80034,22.064697,8.5592
203286788,136.24567,22.461145,6.9231
87950393,145.64172,23.389202,9.2597
88062735,147.85953,23.657372,9.7277
67284738,120.65581,23.686794,7.9361
82350426,124.115425,23.663849,8.9377
91987997,144.66237,22.514576,8.2743
26971116,149.89694,22.675673,8.2324
286752363,143.49641,23.45392,4.88702
286752192,143.4666,22.61054,9.1792
203236414,135.41277,22.505878,9.4003
286752222,143.53645,22.746798,8.2811
203235789,135.36055,23.024683,9.8973
203236088,135.39629,23.6279,9.6348
91987746,144.58589,23.617903,9.9238
82351117,124.092804,22.007435,9.9859
91987394,144.49306,22.523098,8.7066
67285380,120.67048,22.642828,9.96258
70633760,115.69338,23.162813,7.7824
63013785,117.51353,22.017103,9.3704
243245964,136.82533,22.872652,7.1595
62896276,116.71207,23.884903,7.7816
62737334,115.860435,23.296421,8.3593
60994112,112.631294,22.615532,9.8088
63012739,117.535706,23.84573,8.9834
175262948,130.08647,22.75337,9.61855
203219663,134.8286,23.207499,9.83152
414964448,140.77638,22.30568,8.5982
386883517,136.72496,22.401888,8.3919
126319605,134.6891,23.966719,7.4276
203219548,134.78532,22.798792,8.03619
203220352,134.9179,22.271866,9.21772
414963768,140.64436,22.591864,9.40637
414963852,140.68475,22.966343,9.5201
286752207,143.52878,22.659508,9.4015
171579692,156.54456,22.728975,9.24669
95343543,153.88734,22.845837,9.6436
386883683,136.66118,23.081825,9.95203
203219534,134.73073,22.744486,9.93709
88006672,146.98055,22.493486,9.6949
27065443,151.65448,23.736715,9.9439
27065530,151.79074,23.605145,8.0894
27065490,151.7816,23.918682,8.2894
86102657,139.78862,23.135448,9.77953
286689725,142.6152,22.331959,9.37691
289704722,145.4314,23.880852,9.3689
86103178,139.91953,22.611618,9.4045
92023470,145.51054,23.329185,7.712
239204158,149.13503,23.137154,8.66661
26986790,150.6067,22.26702,9.1292
92007246,145.29822,22.694021,8.95891
95357816,154.09657,23.301071,9.4169
92007386,145.25896,23.348545,9.6589
82350872,124.12895,22.584251,9.69564
154966096,142.0514,23.996372,9.9845
82350738,124.13277,22.940237,8.8389
91987762,144.5556,23.546925,7.4098
91987864,144.6476,23.048428,7.6733
82350797,124.11879,22.778187,8.8893
82351043,124.02093,22.17078,7.81102
95362836,154.43065,23.809614,9.04081
95362840,154.45981,23.83184,8.3834
203235915,135.36263,23.4523,9.5989
54233894,119.857574,22.563135,6.7616
165966950,110.98403,23.462101,9.5506
165966900,110.92767,23.544302,9.3994
165967843,110.98155,22.094915,9.7714
60949481,112.27263,23.801558,8.2707
60949683,112.51186,23.792046,9.22643
60950167,112.405014,23.058176,8.2306
238608121,132.79039,22.226408,8.6227
149361797,138.69858,23.922266,9.7596
178220033,127.63217,22.62746,8.7685
178244689,127.738075,23.236748,9.0697
178266151,127.96963,22.397,9.4303
95431846,154.88191,22.61719,9.4558
293255269,118.66579,23.304014,9.4429
293255385,118.66061,23.554579,9.9491
62737943,116.002975,23.539461,9.8879
14636425,126.51933,22.718456,9.4588
149397965,139.63419,23.964573,9.8609
238605674,132.66365,22.119995,9.4641
88115554,148.60898,22.242828,9.3531
62849316,116.41869,23.53706,9.86877
178248158,127.9398,23.08034,9.61596
178219996,127.61783,22.480183,9.7191
178266269,128.03386,22.003714,9.8999
184915051,131.35281,22.475574,9.6685
14702263,126.99796,23.37722,9.8105
14702889,127.111725,22.461952,9.9438
331955560,131.66637,22.03455,9.1452
203289300,136.28305,22.389086,9.5964
14636477,126.4329,22.845266,9.20129
14636760,126.44186,23.660286,8.0354
86131498,140.52011,22.359642,8.9453
95436267,155.43304,22.802809,8.4249
414986121,141.25505,22.799343,7.27348
239208097,157.22034,22.445324,9.88108
91965971,144.07259,23.354326,9.9975
14603046,126.21677,22.422346,9.2986
293327462,119.28537,23.008501,8.5251
184894534,130.93985,22.7133,7.8187
85997992,138.71976,22.711767,7.1061
386892469,137.11438,22.91756,8.278
386892571,137.10172,23.376642,8.2719
349888880,157.4696,22.067186,8.6755
386772466,119.67306,23.02409,9.3614
386772628,119.78227,22.667618,9.7581
14436587,124.71955,23.36847,9.8751
14436909,124.7789,23.70988,9.9785
307680253,129.60953,22.819092,9.6805
172516928,142.4556,23.989786,9.2451
307680374,129.56,22.528788,9.6408
330796067,144.44415,23.926899,9.7922
307679924,129.61151,23.758654,9.3784
86070043,139.66295,22.410086,9.4129
27067909,152.02115,23.140867,8.8346
149369113,139.20958,23.916843,9.6404
85911074,137.61209,22.965466,9.6224
14706497,127.29609,23.583187,9.0221
178178879,127.423996,22.651045,9.9786
386890000,136.91447,22.531887,8.9133
14543044,125.60852,23.034216,9.7517
178178847,127.362465,22.544966,9.552
82462219,122.79073,22.076921,9.4411
63188529,118.44926,22.653229,8.0209
85910879,137.5808,23.744478,9.4392
14543338,125.54987,22.257767,9.9544
178178768,127.425964,22.301937,9.3686
178269603,128.18155,23.820446,9.8295
91844996,141.53354,22.644842,7.6395
88003924,146.8185,22.813026,9.6749
88096084,148.2143,22.620174,7.0281
27107886,152.65303,23.881527,6.8903
82510742,123.2266,22.988007,9.3166
91899286,142.18251,23.73985,8.988
27002963,151.20737,23.630672,9.8364
171599403,156.91608,22.952484,8.6136
171599440,156.79393,22.766232,8.0294
14705955,127.31299,22.02261,9.2564
184915608,131.47617,23.341652,9.7161
88065058,148.01978,22.332418,9.6024
171599415,156.81178,22.871483,8.7767
87974517,146.60309,23.944408,7.8905
175293032,130.5911,23.5979,9.47185
414966572,140.92137,22.826515,9.14689
171601801,157.9956,22.039436,7.89916
203226723,135.13626,22.726852,7.9986
88004283,146.84248,23.647682,5.58859
88047314,147.59023,22.131037,8.6916
392090613,120.55686,23.024794,7.0256
197245899,134.03566,23.52326,9.9367
14706030,127.28181,22.241987,8.43131
88024068,147.45691,23.12817,8.6345
414966715,140.9362,23.530529,9.8589
60721849,111.46703,23.771002,9.5442
14637016,126.55647,23.501394,9.4177
203226799,135.12498,22.468908,7.8175
67396343,121.51878,23.248104,9.8842
302240969,125.53354,23.99235,9.48798
26984656,150.3542,22.737648,8.7843
14452946,124.960915,23.846981,9.9867
63012076,117.4955,22.82793,9.7783
386825198,120.0698,23.657433,9.5127
386825473,120.32016,23.57136,8.6114
386825738,120.32216,22.989115,9.6906
386825842,120.30703,22.803885,9.7631
386826052,120.34317,22.358347,7.907
67396169,121.570854,22.837057,9.3564
67396577,121.5254,23.85739,9.3572
331955107,131.78116,23.860516,9.9271
87958303,146.2321,23.607298,9.0808
92005130,145.13951,23.573309,9.4015
184915477,131.4858,23.838549,9.9777
82326348,123.694664,22.722197,8.6971
95312539,153.20119,23.197718,9.9313
386825991,120.32056,22.50438,9.603
14396115,124.522896,23.732677,9.69
63012345,117.37809,23.281368,7.6148
63012437,117.428535,23.47887,9.7294
87958268,146.31137,23.474564,5.63535
60721372,111.32322,23.455921,9.584
70586685,115.52112,22.928812,6.33301
386825335,120.3762,23.912731,6.21944
386826004,120.41397,22.455767,8.3666
67396104,121.576645,22.635489,3.97231
82326857,123.77693,23.938448,8.42047
14396634,124.6072,22.430471,8.61027
14500213,125.27048,22.03171,7.31608
14636508,126.54233,22.95497,7.6411
14637199,126.57924,22.960775,8.0681
86038419,139.4402,23.07882,5.9875
239199928,148.63191,23.535826,9.4603
239200020,148.74294,23.015793,9.1971
414969123,141.11917,22.091373,8.8703
87958851,146.37752,22.155146,8.9522
70462119,114.789764,22.586563,8.8668
95126394,114.95755,23.902462,9.9543
14346817,124.334915,22.976128,9.0187
14346899,124.35247,22.751976,9.9997
14346964,124.32229,22.577099,8.6779
14391765,124.314,22.024181,9.7182
91990103,144.7387,23.21376,9.4707
86038343,139.38234,23.353388,9.80058
60721765,111.40589,23.869755,9.99178
14676340,126.87212,22.144545,9.9398
70468671,114.9138,23.358904,9.8269
14675613,126.74741,23.480516,8.9965
14675694,126.76755,23.727629,7.62487
95470698,155.87686,23.061523,9.2221
197245821,134.05034,23.243843,8.2371
197245851,134.07951,23.341726,8.7781
95470266,155.65169,22.395695,9.9411
91990476,144.91322,22.870953,8.7157
286728252,143.0206,23.784185,8.7576
195190206,128.99373,22.487617,8.5199
14676124,126.87268,22.85246,9.8396
14676191,126.81136,22.63463,8.714
14676244,126.93467,22.439636,9.7967
14675579,126.722244,23.388268,9.0073
197246381,134.15149,22.443111,9.8135
286714184,142.79805,22.053972,9.7372
239202051,148.75938,23.626072,9.9473
27000622,151.02206,23.64327,9.7198
70439122,114.65591,23.799276,7.90246
203252200,135.71129,22.258554,7.0566
95431827,154.91202,22.506613,7.42
95432458,155.06424,22.011425,6.5253
91896037,141.94511,22.986435,7.7578
27000569,150.95677,23.931248,9.7581
70439606,114.71676,23.254215,9.2215
197214834,133.0962,22.451225,9.5927
197248693,134.26453,22.007444,9.4956
91895987,141.90788,22.787363,9.991
82223467,150.85295,23.996761,9.9887
82349606,124.00393,22.194422,9.8153
61034693,112.89443,22.89059,7.693
60667069,111.171425,22.07288,9.5823
63012798,117.60158,23.75174,9.6949
70550166,115.102776,22.319605,8.6097
63168819,118.362755,23.110247,9.1185
63169294,118.27357,22.240114,9.65
386777476,120.12141,22.492393,9.8327
82350089,123.90418,23.329796,7.9582
243245620,136.53343,23.458612,7.9559
203279636,135.96031,23.23125,8.5534
178217171,127.48645,22.029848,6.5474
178219874,127.61759,22.04804,7.9352
60994092,112.61003,22.596624,9.1603
243245570,136.55559,23.222475,9.9651
203279787,135.99358,22.687119,9.3887
178216950,127.49597,22.765884,9.3455
203286394,136.08987,23.789898,9.9664
353930309,131.96356,23.48896,8.9183
243245859,136.76146,23.326551,8.13326
243245932,136.8621,22.980875,6.5625
243245935,136.86136,22.97887,6.9128
203286672,136.24982,22.832363,6.7972
63168763,118.31165,23.214436,9.319
60994243,112.56564,22.807693,8.989
61035312,112.835014,23.876999,8.46931
386824923,120.06873,23.079065,9.33713
332024028,132.50508,23.529789,9.61924
332024104,132.52055,23.247992,9.69351
332024230,132.50067,22.770344,9.8044
243245504,136.538,22.973068,9.63493
203279847,135.91895,22.438915,9.84253
63168660,118.30971,23.434328,9.82276
14676022,126.85918,23.145475,9.47623
332024292,132.48317,22.56862,9.9786
345841148,121.71398,22.758142,8.3254
197245836,134.04706,23.298534,9.9316
14675204,126.70181,22.323738,9.05093
197245552,134.03186,22.150492,9.73208
70469638,115.07082,22.850788,8.88976
195190518,129.06093,23.462023,8.86557
302302173,126.23008,23.94541,7.09773
14675571,126.760376,23.36509,8.4459
14676018,126.85701,23.152111,7.99847
197245782,134.01686,23.071413,8.39445
95470426,155.77167,23.21875,9.15111
27109999,152.95029,23.755196,7.8031
171601691,158.04816,22.661436,9.0421
171601730,158.04672,22.452702,9.4428
95338845,153.51834,23.814636,9.49702
386892309,137.05003,22.266388,9.99303
197218115,133.37662,22.605764,8.9296
286728047,142.93015,22.967989,2.8593
243243085,136.38452,23.055208,7.616
95429991,154.7918,22.043882,8.0208
26957513,149.62674,22.3138,7.201
26984835,150.41165,23.849249,8.8521
26984852,150.47095,23.98124,6.0186
286728244,142.94037,23.72401,9.0762
386939960,157.78563,22.22401,7.9898
85991349,138.28981,23.266981,8.1451
63100732,117.91948,22.450235,8.4052
171601803,157.9972,22.036072,8.13942
414988379,141.40909,22.632256,8.6336
286750366,143.31287,22.17502,9.00353
63101717,118.090515,23.667084,7.7112
63102310,118.05961,22.602345,9.9099
91968279,144.19954,23.298895,7.8531
91968520,144.3317,23.406769,9.708
414988369,141.35896,22.597313,8.96983
27109927,152.83571,23.276901,9.35287
95338753,153.36658,23.546394,9.6272
95339054,153.54295,22.784061,8.94737
3577100,126.71596,23.983776,9.83886
238608607,137.43823,23.696009,9.8576
286728431,143.14981,23.293736,9.8153
243242972,136.4864,23.56313,9.8869
184872242,110.24738,23.501812,9.641
14542351,125.50588,23.097118,7.8654
70231510,113.79729,23.045885,6.5315
184871851,110.333565,22.94645,9.9488
70231570,113.68509,22.95313,7.3042
70469166,115.0592,23.672678,9.4502
70469495,115.021255,23.08914,8.8816
62848712,116.36116,22.5796,6.4636
62943358,116.880104,23.153389,7.57355
70231831,113.76499,22.580519,8.9431
284766043,119.981834,22.525698,8.9725
62942865,116.93682,22.331678,9.3358
62943570,116.92169,23.518892,9.7642
70231628,113.77816,22.866282,9.52819
62943697,116.90777,23.782743,9.41066
70231821,113.69249,22.592182,9.754
63078009,117.67966,22.072464,9.9221
175289496,130.49185,23.798885,7.5922
203279104,135.8515,22.611294,7.26149
82355458,124.1437,23.621717,9.3464
197242463,133.71942,22.787281,9.6268
203279234,135.76012,23.078981,8.5327
86016628,138.86316,22.270983,8.7318
353930236,132.02649,23.804018,9.4726
70231194,113.746124,23.51075,8.874
82290252,123.54948,22.985695,8.9375
82290482,123.52532,22.517614,9.1852
97386395,124.01062,23.949703,9.6852
126351989,135.8918,23.881971,9.0082
197242316,133.7864,22.166027,9.7729
184872959,130.66911,22.108988,8.0121
175289638,130.45338,23.251705,9.1506
197242313,133.7919,22.145144,9.972
197242695,133.82307,23.78465,9.5521
86016650,138.90134,22.216166,8.4393
331988850,132.04579,22.614285,9.1903
70231237,113.7593,23.42907,9.6948
175289646,130.46008,23.21868,9.8137
14702007,126.98275,22.638763,9.8389
353930595,131.97636,22.445192,9.8751
331988953,132.15921,22.264347,9.4915
353930634,132.03354,22.306267,9.7151
197193616,133.05453,23.727282,9.0903
178248402,127.89511,23.936192,9.11132
86131557,140.58195,22.537426,9.2949
86131563,140.4771,22.554913,9.1374
414969753,141.28561,23.0012,9.34215
70230688,113.62718,23.581198,9.82937
239206449,149.27808,23.62837,9.9977
63013377,117.52847,22.73166,6.59502
62736746,115.842415,22.399445,5.43312
60665739,111.14855,23.855028,9.7767
63013708,117.60295,22.160084,8.5538
63013262,117.601265,22.899439,9.9909
70585432,115.357,22.82424,8.5806
70585863,115.436104,23.514406,7.1831
62896459,116.78748,23.663712,6.6824
62897381,116.781876,22.106146,7.4879
62736953,115.89644,22.713531,8.53301
60843737,111.82716,23.159075,8.813
60843812,111.876434,23.246216,9.7339
60843900,111.82274,23.399149,9.0318
70585675,115.40494,23.207884,9.593
62896616,116.83722,23.384207,9.2251
62896736,116.751915,23.191988,9.8853
293326431,119.1582,22.590462,9.955
70585372,115.40793,22.705036,9.2294
195190916,129.18607,23.062155,8.9086
175263400,130.13835,23.63328,9.8504
293326762,119.226074,23.229115,9.8088
184787727,109.57234,23.026926,9.657
293280622,119.01413,22.380417,9.8529
293280870,118.934906,22.934896,9.3015
85914193,137.85095,23.10975,8.0133
197293135,134.47787,22.987463,6.7847
386908527,137.33977,22.04544,4.32535
85914183,137.80618,23.149963,9.8353
197293051,134.57564,22.697989,9.5428
70585596,115.40443,23.090914,8.15153
62737644,115.8953,23.789408,9.28021
195191227,129.16658,22.172922,7.94082
203226437,135.20525,23.780045,8.2671
175263871,130.24562,22.024437,9.4049
60843612,111.8136,22.98563,9.76638
63013347,117.58727,22.787008,9.44834
70585872,115.40063,23.527063,8.96357
70585928,115.411446,23.614573,8.74634
62737662,115.87256,23.820782,8.6459
62896240,116.656944,23.83249,8.71366
62896437,116.79897,23.711401,8.51047
203226475,135.12636,23.640724,9.15361
62737652,115.893425,23.80033,9.8266
293326495,119.182274,22.700933,9.8167
82461812,122.79095,23.145506,9.56423
386908567,137.33585,22.209492,8.4198
293281956,119.08196,22.57169,6.7097
175236158,129.81036,22.80676,8.3666
14603830,126.35188,23.412542,9.2831
14604228,126.36119,22.321636,8.8917
197249065,134.33646,23.280508,9.6707
70230140,113.61377,22.80054,8.2452
97310251,123.13304,23.979076,9.9513
386749889,119.547615,23.060299,9.9294
95166413,115.09964,23.947191,9.6821
320191975,121.31635,22.898296,9.8703
293281842,119.085266,22.79862,9.7703
293281871,119.06862,22.7434,8.814
293321920,119.14731,22.319483,9.2713
82350273,123.923996,23.81893,9.2301
14603778,126.339516,23.549538,7.5075
14604215,126.33083,22.353392,7.71
197249089,134.2359,23.389002,9.872
155852494,110.62913,23.122366,8.62753
70229928,113.61347,22.491844,9.30444
14604177,126.36902,22.484528,8.97895
320191712,121.21766,23.613665,7.6534
197249083,134.26543,23.363132,8.7793
155852410,110.61638,22.971315,8.8302
155852428,110.6193,23.009375,8.9784
60723063,111.39044,22.069181,9.27553
293281395,119.061874,23.766998,9.51371
14603946,126.38526,23.0792,9.23126
197249107,134.32365,23.450846,9.5448
197248996,134.24666,23.024467,9.9298
155852484,110.73056,23.111996,9.361
85994982,138.56598,23.77385,9.52244
184915409,131.32127,23.79377,9.4916
14701843,126.99221,22.10206,9.2514
14702720,127.108955,23.047094,9.52515
178220036,127.594505,22.632824,9.4371
178220311,127.686226,23.485706,8.65303
60950345,112.513466,22.825222,7.8465
165967283,110.86723,22.945349,6.19282
67350357,120.75574,23.955933,9.8758
14702068,126.94836,22.841164,9.17996
14702978,127.08097,22.230207,9.47786
238608127,132.6958,22.248894,9.98325
197249654,134.37497,22.10268,9.92289
184915113,131.30376,22.715454,9.89327
178219933,127.6657,22.22255,9.88876
293276061,118.86217,22.634169,9.5937
171579728,156.59174,22.478823,9.83539
67349964,120.72349,23.055431,9.7415
149900973,110.47655,23.136505,7.837
62704060,115.76064,23.449484,7.9821
62976809,117.14715,23.593859,9.7929
14570908,126.05263,23.18529,9.6437
86019057,139.03674,23.126348,9.5584
86119368,140.37735,22.157791,9.2274
85991955,138.32353,22.395868,9.4843
178248043,127.87465,22.71798,9.9404
60995451,112.69534,23.142662,7.988
60948816,112.32574,22.788637,5.3159
60720280,111.335,22.04651,8.7578
62976124,117.14812,22.403353,7.58017
3799060,128.57895,23.976566,7.0906
14500719,125.178566,23.38658,9.6413
14569888,125.91707,22.09243,8.7964
184893836,130.78415,22.415447,7.7781
184893856,130.83781,22.527048,8.9195
178248054,127.92025,22.752003,9.1496
86019133,139.0468,23.402729,6.48514
86119191,140.33873,22.89068,7.5299
86119217,140.42552,22.80946,8.8871
86119221,140.40947,22.766516,7.0734
62976716,117.19336,23.448442,9.1134
14501090,125.32964,23.559427,8.5839
149365827,138.84831,23.974024,8.8631
86019412,139.10954,23.426603,9.3144
386772317,119.70895,23.336702,9.69539
62849751,116.50413,23.600803,9.59862
85998162,138.78917,23.37555,7.4502
243245686,136.5195,23.741081,7.78265
14437086,124.88092,23.296904,9.25626
14437488,124.85457,22.326603,9.01326
307679955,129.54654,23.681086,9.04787
307680078,129.53694,23.276321,9.90595
386892694,137.04082,23.87859,9.58828
203235649,135.32962,22.522491,9.88306
386892695,137.0391,23.880188,9.98233
82510800,123.128716,23.144236,9.15958
88065220,148.00621,23.002901,7.99002
286713822,142.79256,23.20049,9.07271
27002986,151.20796,23.503687,9.51159
27067454,151.90067,22.137115,9.8608
70633199,115.67911,22.224049,6.7198
91899310,142.17883,23.805676,8.7195
91992468,144.98212,22.361372,9.3272
27067451,151.87146,22.110798,9.26288
171599510,156.83078,22.333973,9.72567
3716664,128.10422,23.988039,9.5059
87974891,146.5898,22.301256,9.979
82460875,122.67632,22.28606,9.7795
307679659,129.39795,23.235332,9.5468
60886746,112.2168,22.815529,8.8488
82461037,122.72806,22.728662,6.76462
184787070,109.50504,22.178608,8.4279
307680141,129.4957,23.116238,8.7141
307679291,129.37791,22.14691,9.9589
54233348,119.89653,23.882877,9.0195
63100875,117.897606,22.690172,9.9616
197221641,133.57794,22.211258,7.2589
307679747,129.37553,23.561567,9.3815
60844641,111.94054,23.437372,9.76904
307679245,129.44017,22.015797,9.88818
197214850,133.14835,22.384262,8.9726
197214944,133.13118,22.001848,9.68982
203252224,135.70921,22.188133,9.8893
239202327,148.94467,22.631649,8.73024
91896002,141.94385,22.834625,9.37502
462509795,111.74289,23.927687,8.8758
91896462,142.01233,23.284891,8.06982
82223473,150.76033,23.93204,9.6164
91990056,144.68053,22.976103,8.9467
91990637,144.89616,22.168533,8.5748
14346882,124.342155,22.804985,9.92905
63101291,117.8851,23.401178,9.18819
54234020,119.91102,22.256674,9.9839
63101423,117.991196,23.625444,9.70674
70230896,113.63375,23.860792,8.66505
82289852,123.50616,23.896864,9.7068
175289001,130.37067,22.268185,9.54283
14565947,125.86546,23.179913,9.33597
386892897,137.16258,23.247828,9.4413
331988641,132.1205,23.412281,8.79466
82289479,123.423706,23.137735,6.45948
82355125,124.242805,22.762554,8.35023
14547634,125.88059,23.53448,7.827
86016501,138.86154,22.808058,7.6614
386893106,137.15317,22.401995,9.27948
14547326,125.688446,23.567503,9.96755
126351993,135.8796,23.897501,9.98382
14547439,125.70726,23.851904,9.96951
203279277,135.83167,23.24498,9.9341
184842920,110.01245,22.22603,9.6277
345841158,121.73437,22.775356,6.8472
67376975,120.96033,22.070805,5.83409
67377534,120.99522,23.40581,7.65058
67377992,121.08932,23.30741,8.2034
67376987,120.986,22.103426,9.3647
195181867,128.5211,22.460056,9.128
97386343,123.80579,23.998775,9.2006
67377841,121.161446,23.736855,9.404
82289663,123.43328,23.53765,9.8339
293281173,119.02688,23.623806,6.88361
195181877,128.5834,22.508064,9.0529
184842866,110.00586,22.159958,9.4598
82289816,123.37503,23.907227,9.46075
345914153,121.79719,23.022284,9.9222
82289817,123.39345,23.908905,9.99469
67377438,120.95619,23.171766,9.7926
63188942,118.42686,23.444809,9.99458
149901064,110.43333,23.257734,8.17159
149910579,110.36393,23.702692,9.7182
284849598,121.336845,23.0823,9.84317
178269772,128.23135,23.493673,9.9739
386908722,137.38445,22.827183,9.91743
203226768,135.20934,22.583973,9.7225
203226705,135.22594,22.796453,8.4887
85910914,137.64032,23.573063,9.5379
85911185,137.63895,22.550964,9.37318
178269459,128.19942,23.338638,9.5954
91844998,141.5814,22.643797,9.2037
91896516,142.11842,23.1096,8.9701
27070028,152.31377,22.826023,9.39746
27069801,152.18488,23.480532,7.4255
392090537,120.44159,22.84715,9.07388
392090647,120.43937,23.093473,9.30048
392090993,120.51953,23.86664,9.3452
284849733,121.382126,23.392183,9.27946
82506614,123.09313,23.556488,9.12166
203226725,135.1368,22.725555,9.6403
14541974,125.51572,22.106794,9.08113
14542297,125.46311,22.95297,7.93556
14542721,125.59285,23.793814,9.43016
14542853,125.548386,23.504395,8.866
178216489,127.41783,23.60414,9.0277
178269181,128.13557,22.411156,8.48681
178269571,128.10078,23.746431,8.12276
386890011,136.97359,22.456448,7.57358
386908875,137.30968,23.50491,9.1806
88003893,146.75502,22.63965,9.5061
60774956,111.53683,23.731346,7.4987
70288964,113.89593,23.623734,8.4006
59579616,109.32369,23.027699,8.4128
63167973,118.23782,22.996222,9.0194
60885617,112.03925,23.4184,9.5986
94748585,112.913315,23.99983,6.74048
59579922,109.29883,23.419401,8.5368
458359386,109.737724,23.94519,9.4102
63167613,118.25421,22.334534,6.195
63168333,118.21714,23.748585,9.1488
60885255,112.11916,22.872198,8.0832
184812104,109.81488,22.043722,9.3714
197193147,133.01205,22.007534,8.0992
184812949,109.720406,23.18766,9.1159
386837197,122.07121,23.185587,8.4565
195182277,128.555,23.703249,9.12854
197214443,133.0591,23.971148,8.6531
117275382,130.86447,23.993456,8.2069
195182628,128.68117,23.039042,9.1111
70185004,113.30287,23.730928,9.7515
70185615,113.503174,23.243332,9.0472
82289308,123.449554,22.793762,8.9667
197193542,132.96214,23.45681,8.0913
331988236,131.90012,23.090029,9.11044
386836993,122.04954,23.688192,8.5837
91968683,144.29726,22.694143,8.1434
286728437,143.06784,23.255789,8.71164
91968220,144.23782,23.031069,7.09457
91968604,144.36891,23.027334,9.5643
91968626,144.3655,22.958973,9.1547
91987487,144.52815,22.955278,8.81022
63078578,117.65462,23.02068,7.7277
63079231,117.81519,23.778124,9.186
67378138,121.08704,22.952682,9.9677
67378395,121.13518,22.282112,8.8673
392090301,120.495544,22.237885,9.772
195194234,129.3135,22.550446,8.0029
175193945,129.6573,22.769722,9.3765
178216684,127.49425,23.60859,9.1813
60885920,112.11969,23.871332,8.66579
63078417,117.7456,22.763828,9.9069
60885856,112.08426,23.775766,9.784
60886028,112.187035,23.839104,9.6064
26984838,150.34468,23.85516,9.9016
27067753,151.90366,23.735498,9.4475
67377237,121.06481,22.719845,9.56181
70185627,113.507805,23.221645,9.16288
195182563,128.63177,23.236286,9.36926
332109230,133.09282,23.959675,9.2022
62977645,117.34055,22.812572,9.1484
63078523,117.654526,22.93506,8.8712
175193904,129.7181,22.891115,8.7722
175194148,129.73418,22.162138,9.8409
27067557,151.89021,22.716492,9.8511
70119743,112.92852,23.659721,9.5456
63167717,118.24835,22.556381,9.542
203226151,135.09283,22.89553,9.88
85994482,138.46465,22.350359,9.1754
63167585,118.22234,22.28213,8.88371
195194161,129.32008,22.31191,9.9606
175194122,129.62387,22.259714,9.5113
63168201,118.205635,23.499567,8.42627
63078670,117.71564,23.156866,9.75412
63079053,117.68636,23.783657,8.09351
178217053,127.47345,22.442299,9.42415
175193677,129.68967,23.685905,6.3687
62977466,117.27882,23.119675,8.5325
63078056,117.73455,22.13888,8.902
62977961,117.272514,22.240747,9.2695
126278009,134.10463,23.947937,8.63154
70180146,113.12821,22.795858,9.58782
63079326,117.76788,23.613672,9.9011
67378189,121.168724,22.82252,9.9024
59579721,109.22886,23.166992,9.8075
85994610,138.51901,22.870987,9.7537
184844450,110.19024,23.606623,9.013
367503107,109.49065,23.892729,9.849
293254850,118.71755,22.348013,9.4766
62703990,115.79755,23.54444,8.211
62704163,115.75941,23.278465,7.61713
62704360,115.75702,22.984453,8.3214
284766359,119.92753,23.182909,6.04467
284766753,120.29335,23.846048,9.3496
284766873,120.25326,23.583082,5.4859
293366507,119.51343,23.393068,8.6364
62704085,115.831955,23.416636,9.3061
284766309,119.944885,23.086922,7.16515
70119750,112.94335,23.648136,8.45375
446005940,121.92687,23.52911,9.79193
63100533,117.9004,22.124594,9.06697
293366452,119.51338,23.28867,9.68939
62737730,116.05121,23.941648,9.80893
239199946,148.6346,23.454836,9.54314
14396325,124.632454,23.190193,9.42693
86037993,139.25949,23.107061,9.4482
331955298,131.67635,23.080423,9.93821
67396559,121.46493,23.81472,9.87351
82326160,123.648415,22.330715,9.7193
331955233,131.6969,23.323706,9.97023
82326933,123.7874,23.747013,9.04949
14396716,124.6091,22.220428,8.41296
86038285,139.3309,23.654167,7.7762
86038287,139.33005,23.65272,7.4972
95312926,153.2716,22.868832,8.52432
70586611,115.48046,23.048182,8.9755
386825263,120.0901,23.804268,9.14981
386826061,120.36165,22.34353,9.55444
62821337,116.318634,22.360752,9.92433
67396487,121.551704,23.63858,9.34653
14500269,125.18279,22.195797,9.7989
3960336,152.06412,23.93856,9.28273
87958113,146.25465,22.80731,9.05213
87958218,146.2298,23.296743,8.93249
95312368,153.09492,22.36905,9.3923
95312394,153.21317,22.490402,9.2531
95312935,153.34724,22.815742,9.97478
184813485,109.91107,23.964937,9.2352
184813511,109.95579,23.913942,9.0255
184814848,109.84946,22.024555,6.8903
70230528,113.576294,23.330923,8.22184
82505914,122.88145,22.40985,9.813
82506273,122.89263,23.289732,8.5698
62819476,116.17841,22.455704,5.8156
62820013,116.13356,23.345201,5.5645
62820929,116.25789,23.01961,6.5781
67350962,120.83854,22.562761,8.2659
195186916,128.91261,22.861322,9.4898
26770563,111.13195,23.992085,9.4148
184813705,109.88599,23.60231,9.9495
62819593,116.13672,22.637161,8.2301
62819942,116.10912,23.228449,9.0194
184813636,109.84822,23.717627,9.2739
82506165,122.86538,23.087784,9.4423
82506345,122.87798,23.482273,8.58591
67350639,120.81812,23.29331,8.963
14395522,124.43766,22.514366,9.80821
82510530,123.20522,22.37983,9.1705
82506140,122.87807,23.01722,9.59071
82506275,122.94558,23.293291,9.71249
67350615,120.87631,23.346727,9.60484
70381030,114.43064,23.213657,9.6562
386826101,120.42535,22.251411,9.6851
386836188,121.64345,22.456738,6.4852
70381557,114.48719,23.836168,7.4632
70381288,114.402275,23.63548,9.5665
284767398,120.17816,22.376764,9.8052
386830485,121.63352,22.07331,8.0569
386830584,121.69385,22.26112,9.78226
386836248,121.65159,22.579485,9.6236
386836640,121.58378,23.359848,8.6268
284767543,120.267784,22.023554,8.9503
386836234,121.665695,22.536837,9.71203
82506675,122.99574,23.394209,9.4718
386703009,113.22744,23.471312,8.9248
386702820,113.184814,23.790333,8.7797
367566901,121.02848,23.98623,8.8863
82289008,123.434105,22.118013,9.6166
82289027,123.418205,22.157648,9.89766
386702743,113.239,23.900616,8.8879
82289083,123.46085,22.279697,8.30747
70338110,114.29166,22.49554,9.9542
63079699,117.874374,22.947239,8.9223
386837113,121.98831,23.397982,9.1048
386837303,122.07379,22.973066,8.71
316210800,111.092094,23.629482,9.7882
63080105,117.76033,22.248432,7.39263
70338051,114.260315,22.58315,8.5563
63079906,117.861664,22.611729,8.7652
62976335,117.20307,22.815866,9.6507
14501053,125.356064,23.659616,9.71543
86019535,139.1657,22.910683,8.18173
60995591,112.651726,22.95497,8.6093
85979054,137.96861,23.630873,8.7561
302923209,132.2984,22.466106,9.4287
86119273,140.43745,22.556145,9.44342
14501163,125.33579,23.352379,9.74454
14500663,125.25184,23.23973,9.86951
14500602,125.25206,23.071781,9.3999
184779790,109.37169,22.214405,9.33258
14570293,125.964,23.161312,9.40162
386743350,113.27218,22.911928,7.8231
70438943,114.68042,23.515654,8.6394
70184560,113.33387,23.075432,8.8356
415593787,109.83847,23.982761,8.916
70438328,114.68981,22.514622,8.8872
70438502,114.59238,22.794903,8.7773
70550728,115.11272,23.228521,7.902
70551630,115.24383,23.018532,4.48623
60845145,111.95859,22.738148,9.4177
63100631,117.934494,22.285152,8.7995
70550977,115.160866,23.698643,9.624
70551639,115.225,23.004929,8.9664
70184324,113.351395,22.698122,9.8354
70550739,115.188805,23.246532,8.40261
60844181,111.82327,23.779858,9.6493
70184401,113.3766,22.831768,9.50179
70184412,113.292854,22.850094,9.38979
63100608,117.97553,22.257359,9.337
386743362,113.21091,22.887625,5.70089
184788525,109.67135,23.750427,8.9111
316210259,111.046715,22.830177,8.3616
316210371,111.11636,22.964165,8.991
316210669,111.10633,23.416409,8.194
386743600,113.26064,22.556192,7.3378
386743365,113.21103,22.88438,8.45776
316210340,111.10275,22.927605,7.74164
184788506,109.66907,23.778215,9.25295
184788710,109.606834,23.467287,9.0531
184789077,109.678795,22.95978,9.77675
62944769,117.093315,22.29437,9.46102
293193325,118.63075,23.729946,9.5362
367516700,120.79479,23.936823,9.026
293249907,118.55952,23.503897,7.9255
59580022,109.310356,23.552338,9.2003
293250326,118.60647,22.569324,8.2562
293193257,118.547104,23.880938,8.9243
293250317,118.59035,22.592745,9.7276
62895461,116.63114,22.54659,9.23572
82289248,123.3987,22.66196,9.8543
60950476,112.50208,22.630075,8.08763
149910696,110.44992,23.851929,8.5654
95010762,114.43274,23.90853,9.70611
70337016,114.17298,23.595926,8.0523
60774948,111.5945,23.717226,9.3577
70337250,114.25903,23.889,7.31131
70336657,114.06338,23.022612,9.58
446006199,121.90131,22.949318,9.9795
60774944,111.58191,23.70119,9.3052
94920828,113.756165,23.931543,7.5104
446006272,121.96151,22.782654,8.78551
446006511,121.89164,22.24461,9.52799
60774490,111.545425,23.030083,9.85614
462485960,111.52422,23.98156,8.7934
155791606,110.49488,23.703207,8.9423
165966708,110.8949,23.90096,9.7632
70288801,113.86155,23.417517,9.3603
165965991,110.78675,22.821117,8.70881
165966247,110.85175,23.2372,9.595
62821170,116.34833,22.619856,9.3194
197190566,132.84105,22.826002,8.975
14395970,124.42432,23.75929,9.5101
82505970,122.94926,22.548683,9.2675
82506387,122.96561,23.600294,9.8338
82233323,123.30868,23.511654,8.9221
62819898,116.18777,23.161806,9.2934
386837396,122.03137,22.795992,9.4291
67350732,120.90387,23.08161,9.861
195186864,128.89392,23.01598,9.9054
195187004,128.87918,22.616808,9.66
195187080,128.87065,22.363836,9.0138
14395442,124.39532,22.30541,8.6112
184844329,110.18625,23.763458,9.3818
184778461,109.42949,23.996487,7.85926
184843942,110.07077,23.60217,8.4888
184845014,110.13666,22.915644,9.0151
184778664,109.45537,23.649082,8.9268
184779052,109.35189,23.115538,9.277
70180494,113.03746,23.328766,8.9397
184778695,109.33473,23.60277,9.94919
70180422,113.0971,23.207937,9.4329
184778624,109.42373,23.724901,9.6885
184844433,110.19246,23.630693,8.18956
184843968,110.06563,23.643482,9.28323
70288509,113.80088,22.977371,9.5212
70288630,113.8253,23.1717,8.9937
70288694,113.87327,23.277212,9.648
67285645,120.623436,22.41249,9.9488
70119574,113.00875,23.961872,6.8147
155791587,110.517685,23.723276,9.68713
423083606,116.14126,25.959045,9.439
307959807,149.0263,24.555353,9.9154
307960095,149.18661,25.05392,8.7572
330795748,144.35522,25.360256,9.6473
171367974,118.65286,25.2134,9.5402
130183819,117.58214,24.531803,8.9033
126194427,110.38696,25.231815,8.83778
462510581,112.74461,25.166742,9.7011
462510935,112.62638,25.776472,9.82664
355184778,147.49126,24.77728,8.6108
117275265,130.76163,24.137201,8.8169
117416813,132.92184,24.96713,9.9477
98369754,147.13689,25.219381,8.775
117274704,130.75546,25.976439,9.1322
3960275,152.1165,24.310263,9.535
740630649,118.65233,25.213512,9.6641
801372627,130.75546,25.976439,9.1322
840329794,144.35522,25.360256,9.6473
801276617,132.92184,24.96713,9.9477
840304138,149.0263,24.555353,9.9154
840314180,149.18661,25.05392,8.7572
801280651,130.76163,24.137201,8.8169
840311751,147.49126,24.77728,8.6108
740394271,117.58207,24.532415,8.9555
740394272,117.58214,24.531803,8.9033
740550008,112.74461,25.166742,9.7011
740553516,112.62628,25.777052,9.921
740553518,112.62638,25.776472,9.82664
740486859,110.38696,25.231815,8.83778
740630648,118.65286,25.2134,9.5402
126323315,135.2362,24.28885,8.687
392093275,120.33133,24.32371,9.952
82225103,151.00945,25.358007,9.722
801288207,132.46162,25.280663,7.3188
330755009,144.17697,24.305038,9.0284
117247505,130.14087,25.776054,7.304
171389914,118.932976,24.66167,9.7971
171390001,118.86458,24.74263,9.4803
171388970,118.81864,24.107563,9.7408
171388907,118.724266,24.169044,8.4638
171389480,118.96222,24.228134,8.48199
171387771,118.77563,25.218643,9.16579
171389624,118.88081,24.36316,8.436
171387305,118.761505,25.669165,9.3273
171390370,118.971344,25.076057,9.6617
95620957,121.60688,24.03505,8.8645
95620265,121.4244,24.459528,9.18856
95619519,121.460815,25.208296,9.94266
95630347,121.744316,25.873781,9.9068
95621880,121.620895,24.987497,9.6451
95620929,121.59903,24.011559,9.7376
95618755,121.40898,25.935472,9.85981
149362052,138.77045,24.577698,9.1705
149361849,138.76126,24.1266,9.26972
149362404,138.65648,25.566986,8.82235
149365500,138.78891,25.020237,9.35677
332066154,133.0636,25.608263,9.26
94844573,113.6646,24.82737,8.6699
94842071,113.48548,24.781754,9.73964
94843866,113.61829,24.2699,9.69364
94843912,113.6476,24.302395,9.3378
94844136,113.64896,24.462564,9.96614
94844795,113.63778,24.999619,9.9547
94841915,113.51559,24.879686,7.9767
94845076,113.60665,25.243294,9.4276
330707895,141.95064,25.246616,8.9959
117247507,130.14091,25.774921,8.73073
117254909,130.40884,24.057325,9.2823
117248661,130.32077,24.015251,9.538
117247496,130.1404,25.784369,9.64322
97464398,124.37737,24.873098,9.5164
97464413,124.401184,24.837118,6.6977
172531694,143.12932,25.280632,7.488
26826446,111.98105,24.027529,8.6898
3908536,151.70908,24.606918,7.9144
97599600,126.57942,25.695507,9.085
241195556,153.54457,24.183578,8.7116
233432697,147.63954,25.279016,8.3028
149345219,138.53789,25.29228,7.5394
172531689,143.0862,25.27196,9.2449
172531748,143.11917,25.475246,8.7721
172531444,143.15108,24.183914,9.2809
172531738,143.04024,25.432062,8.1338
149345193,138.59666,25.429193,9.951
1027928,154.04257,24.33865,8.6301
332109447,135.07251,24.82289,9.9967
308073466,152.70607,24.877241,9.9231
241195534,153.52264,24.009245,9.7528
332109669,135.09442,25.739916,9.4147
97366116,123.6814,24.734816,4.8153
85243892,152.36577,24.958828,7.2374
332109475,135.07486,24.929348,9.9913
172533700,143.2773,25.062721,9.4004
302205229,125.17082,25.336264,6.0131
233432812,147.58067,25.959711,8.8814
302205203,125.14976,25.403416,8.9602
302205453,125.121574,24.676416,9.4391
302206071,125.29695,25.060368,9.8078
355184865,147.42874,25.365873,9.1913
302205443,125.16525,24.709711,9.7827
172531040,142.94595,25.704403,9.6791
172531178,142.9651,24.963442,7.7884
241193455,153.24504,24.021137,9.0638
117410578,132.30063,25.16831,8.5348
149469345,141.62221,24.87324,9.6332
149469471,141.61382,25.512335,9.8801
149469539,141.6184,25.854816,9.3476
241189564,152.71886,24.206491,8.8404
239198524,146.76692,25.804268,9.8207
355184883,147.42906,25.476929,9.861
355184871,147.49255,25.40895,7.7722
330708033,141.92448,25.664799,8.4996
308052969,150.49112,24.040133,9.393
149398337,139.76826,25.708654,9.4727
171367419,118.62538,24.14794,9.8189
149400218,139.90396,24.257118,9.4357
361977604,144.0506,25.677464,9.986
125530724,144.95746,24.923334,9.0924
125530806,145.00545,25.32466,9.9802
126349591,135.63823,24.129517,9.6366
149441313,140.66931,25.75819,7.0956
149441771,140.89182,24.318459,8.0011
149441868,140.77881,24.76388,8.8276
149441973,140.8824,25.18284,5.60154
233431036,145.58841,25.590162,6.3359
117296466,131.43399,24.780415,8.0008
3942122,152.02509,24.812262,9.7761
349823762,143.7281,25.792706,9.3369
149441542,140.66666,24.56294,9.6196
97465290,124.46143,25.267027,8.7263
97599112,126.57435,24.36598,9.33
97599376,126.66399,25.040205,9.0536
97599687,126.56141,25.945799,9.3609
117295918,131.32613,24.807873,9.2418
117296150,131.30925,24.091162,9.233
117296450,131.39044,24.746712,9.8407
149441738,140.86374,24.195557,8.9211
233430999,145.59335,25.414122,9.5493
117122467,129.0802,25.207441,8.9962
285004409,137.46922,25.248278,6.634
3576767,126.80876,25.156858,8.8001
3577615,126.9528,25.431667,9.0672
3576835,126.8094,24.946114,9.7183
125553052,145.41035,25.912876,5.17769
3645392,127.12618,24.541355,8.38475
349793704,143.49136,24.873383,8.95998
233431029,145.59991,25.559437,9.6986
126349649,135.68445,24.452894,5.50334
3645269,127.15326,24.144915,5.82397
349793830,143.45587,24.262846,9.0875
3644849,126.96017,24.973068,9.42753
97361645,123.41547,25.684944,9.29789
3960276,152.11633,24.308779,7.4858
367502465,109.48782,24.696949,8.4921
171367593,118.675705,24.484228,9.9426
171368312,118.671906,25.851597,9.8355
462487317,111.57628,25.954515,5.6632
308073410,152.64098,24.549974,9.29525
308073387,152.64165,24.463375,9.6812
82202718,147.83997,24.958721,8.1689
82203114,148.06102,25.108206,6.7031
82202744,147.87723,24.829754,9.7996
82202657,147.90273,25.281574,9.9002
82202696,147.81357,25.109932,8.4078
82202771,147.90947,24.710032,8.789
82202850,147.86049,24.32942,9.7169
82202888,147.87056,24.152359,9.9011
26921823,112.56677,25.205477,7.7945
233635280,146.04741,25.353184,8.60894
233635093,145.94496,24.065172,9.92046
423121160,116.99607,25.117664,8.212
126349932,135.63684,25.855413,6.37609
307931337,148.47179,25.153692,9.4779
308015862,149.84221,25.49458,8.67665
446001961,111.310936,24.51383,8.5346
423120742,116.9931,25.911415,9.0843
117220465,130.09117,24.370049,9.3526
302305669,126.32583,24.350098,7.6735
82221113,148.40398,25.667376,6.00854
154998601,142.26268,25.211678,9.3372
125528204,144.5887,25.366617,7.5965
125528507,144.73145,24.350464,8.4019
125528796,144.74759,25.938921,8.0107
423120974,116.89466,25.46923,9.2722
172516664,142.37074,25.081718,9.9876
423120697,116.94158,25.994482,8.5447
126349935,135.5944,25.886578,8.0238
126349944,135.66557,25.908089,9.929
82221233,148.42313,25.035177,9.8988
302305674,126.3208,24.343418,9.2344
117220833,130.09982,25.642181,8.9756
423120856,116.976494,25.691713,9.8291
302305709,126.34736,24.256598,8.9906
82221255,148.4236,24.92245,9.3393
3906393,151.36151,24.822638,7.3962
126349936,135.62764,25.889425,8.8362
349824284,143.93518,24.567112,9.9055
349824492,143.88113,25.602861,9.8601
3645378,127.09485,24.500515,9.816
149415566,140.08926,25.71206,7.2524
125551393,145.17459,24.104252,8.0961
125551177,145.0997,25.021868,8.1051
233636632,146.09378,25.240795,9.44024
307954002,148.92381,25.21587,8.7443
172531198,142.92993,24.806562,8.9199
307953738,148.79468,24.032352,9.88928
171526406,120.23391,24.99221,9.1936
3695648,127.50121,24.738781,8.3733
307960079,149.21902,24.97762,7.7538
233634968,145.85168,24.587029,8.17007
117413894,132.55971,24.58136,8.1211
307959539,149.02376,25.999363,6.8013
171525648,120.13316,24.45309,9.5719
171526310,120.23072,24.821976,9.3883
117413589,132.5741,25.739685,9.702
3695293,127.54258,25.932703,9.4262
285005017,138.44624,25.09999,9.5128
233635021,145.81711,24.257147,9.4887
332109114,133.09137,24.334406,9.6194
126278446,134.02922,25.809372,9.6731
233635264,146.01967,25.299313,8.1898
239196409,146.50832,25.705423,9.1682
117125159,129.17812,25.937284,7.4856
3644613,127.055855,25.78177,9.0991
126369498,136.10458,24.122238,9.4935
171366838,118.47313,24.797531,9.0196
171367092,118.497444,24.34648,9.9556
302205977,125.30329,24.74581,9.6582
355184906,147.44893,25.606903,9.87142
302205701,125.1339,24.022312,5.97577
233432588,147.54309,24.56205,6.4183
355184905,147.41399,25.602764,9.3172
302206017,125.32134,24.883972,8.72769
1027918,153.99881,24.291687,9.9137
117122093,129.01028,24.051151,6.8918
349793842,143.50008,24.209578,9.1229
117122120,128.96156,24.14773,9.30632
349793598,143.4434,25.389238,9.56525
349794296,143.62764,25.841307,9.21443
117122687,129.0762,25.91849,9.7119
149398323,139.7257,25.655949,9.69169
149400010,139.87509,25.182516,7.8912
1066319,154.34828,24.280529,9.6849
149400175,139.9564,24.416508,7.41935
361977960,143.98503,24.0345,9.1532
307951854,148.61237,25.292015,9.8925
98413772,147.17757,24.54701,7.6032
97255459,122.61325,25.507336,4.9952
415640891,112.85901,25.663952,8.8791
97365717,123.59303,24.053677,8.6973
97365937,123.705986,24.26333,9.3362
117166117,129.76126,24.450474,7.3547
117166247,129.78175,24.894655,8.326
117166266,129.79558,24.962383,7.87299
155232220,124.78833,24.174728,6.42693
138708756,136.9348,24.812605,6.6808
149417943,140.3635,25.358984,7.8389
98414018,147.37369,24.40039,7.4733
98414039,147.29991,24.444033,6.6107
95620032,121.432625,24.69225,9.8135
97365479,123.53403,24.578497,9.3954
97365965,123.6812,24.33799,8.9619
97382175,123.74428,25.503185,9.5952
117380322,132.05757,24.865004,9.1117
85243933,152.42966,24.746235,9.6976
98413849,147.18466,24.20229,9.1649
138708571,137.01277,25.613695,9.7211
3645222,127.1673,24.00616,9.9507
125553332,145.32697,24.376823,9.8195
130203984,117.786964,24.458979,8.989
126351677,135.82909,25.45747,7.5498
126351727,135.83464,25.141949,8.6642
302301670,126.118065,25.450848,8.767
302302387,126.17857,24.695053,7.1806
138708917,136.91629,24.155273,8.4225
138709216,137.15791,24.855942,8.2784
130204761,117.8193,24.957657,9.3855
130204997,117.84045,25.485205,9.7383
302301821,126.03868,24.98938,9.8903
302302654,126.279976,25.562973,9.4987
149439179,140.44734,24.33885,9.9016
285009967,146.27914,24.05899,9.5291
241197447,153.75009,24.399858,9.6051
117419209,137.738,25.677094,8.7785
241197488,153.75986,24.08142,9.9597
130205041,117.87929,25.576601,9.9624
138708823,136.94849,24.496479,9.602
138709211,137.086,24.841034,9.9975
285009615,146.26778,25.76094,9.7461
233634898,145.83594,25.006248,9.91406
117414307,132.75784,24.838379,9.7132
117414377,132.71967,25.038116,9.89519
126278347,134.10883,25.397547,9.248
233634965,145.84503,24.604801,7.96754
307959770,149.09012,24.723965,8.91455
307959786,149.08125,24.654312,9.0535
239197028,146.6264,25.66657,9.7269
233634860,145.83263,25.184364,9.872
117414373,132.78775,25.026243,9.4979
126278235,134.01675,24.966812,9.6794
130204505,117.80698,24.435352,9.6802
241191544,153.06985,24.164616,9.70686
302302547,126.22689,25.234941,9.88543
302306402,126.54983,25.825567,9.76057
117419234,137.82347,25.52726,9.33138
117419188,137.79636,25.783226,9.7914
302306220,126.4345,25.187971,9.8285
302301663,126.08064,25.464182,9.74057
130204157,117.66567,24.161022,6.88043
302301997,126.12474,24.417866,9.17445
149362340,138.68118,25.374855,9.4774
285004800,138.46779,24.252424,9.5297
117220142,129.90468,24.620443,8.33929
126319995,134.91516,25.534084,9.1419
172531019,142.90843,25.791632,8.841
1043581,154.14801,24.267288,9.4454
239198517,146.80574,25.814503,9.94044
126217353,110.73119,24.145443,9.9783
94843092,113.520584,24.092205,7.04
126216856,110.64878,24.858736,9.2108
126217404,110.68919,24.066713,8.995
355125651,133.00189,25.718618,6.55226
149345278,138.61604,25.011496,5.87253
138660249,136.21451,24.605145,6.709
285004816,138.38792,24.29325,6.6474
149451157,141.06055,24.456377,7.6028
149451450,141.03325,25.918343,5.74498
367516272,120.732056,24.98414,6.9802
126314584,134.36581,25.911503,9.3681
149345314,138.5509,24.704819,8.4498
149451097,141.0792,24.203007,9.8845
149451311,141.1155,25.174713,9.4016
154965713,142.0222,25.927685,8.1833
367516038,120.841354,25.519924,9.6521
367516422,120.76571,24.647469,9.1621
138660274,136.16756,24.522848,9.3448
149395766,139.4611,24.4953,9.8715
149451030,140.93152,24.043713,9.7624
154965722,142.00874,25.891296,8.9175
154966450,142.1212,25.841286,8.6356
154998480,142.25813,25.978294,9.9332
171515514,119.770584,25.839462,9.21
171366400,118.54631,25.634344,9.8771
149395354,139.41829,25.61633,9.67006
82202587,147.84874,25.662426,9.44761
82202854,147.86731,24.317455,9.7462
82203007,147.97086,24.395308,5.0736
126194002,110.431526,25.917112,9.29
117278972,131.04475,24.110834,9.6194
95126511,114.9914,24.099194,9.9303
95127629,114.981575,25.8054,9.32565
171519937,119.79251,24.825575,9.581
117219859,129.97418,25.510654,9.6888
3663805,127.25503,24.597805,8.948
3663962,127.250946,24.042295,8.9212
462509604,111.73727,24.26086,9.7822
3696352,127.713486,25.14883,9.5929
26920228,112.42694,25.031956,9.4643
26920594,112.414696,24.521769,9.1378
415638631,110.0128,25.1572,9.7047
130203517,117.751686,25.485264,9.3749
95663098,122.00196,24.900059,9.8391
95663173,121.9219,24.73876,7.86
117159134,129.29991,25.265577,8.1438
117159248,129.22672,25.579178,9.1112
117159363,129.33597,25.98458,8.5402
462514996,124.88087,24.243946,9.35987
117357422,131.75508,25.023748,9.0693
117357445,131.86728,24.967833,9.4592
117357463,131.7682,24.92692,8.042
117357521,131.85622,24.798151,9.004
117357818,131.92252,24.02327,7.9926
117377675,131.96182,25.535719,8.2693
117377730,131.8819,25.71582,8.595
117377788,131.95569,25.959827,9.0754
3696159,127.74186,24.607243,9.7608
95663199,122.025345,24.715178,8.13021
130203297,117.79235,25.945118,8.3191
3696356,127.71089,25.151619,9.8253
307988056,149.43245,25.670992,9.4741
458382889,120.522446,24.976511,6.6212
3663664,127.27348,25.046637,7.3362
450302917,149.33449,24.795048,7.53626
450303061,149.27936,24.01795,7.4125
94822213,113.27824,25.385897,8.548
94822472,113.33281,25.729485,7.9337
462509530,111.697235,24.368404,8.32133
97309984,123.09725,24.465792,8.5068
130203688,117.74007,25.11068,8.1691
171519887,119.86372,24.915844,8.4818
138665466,136.52495,24.760141,9.178
307987867,149.44994,24.61546,7.8396
82223668,150.87444,25.156797,9.0898
462514988,124.87331,24.258574,9.76513
3696177,127.70224,24.652662,9.84265
3696263,127.70643,24.89644,9.52964
138665498,136.59575,24.907257,9.0285
462509671,111.76826,24.156116,9.8703
117377673,131.98537,25.53047,9.61612
284993347,137.29762,24.72208,9.7045
130258450,117.96094,24.515707,9.8527
95657632,121.66629,24.67484,9.6263
95657744,121.64208,24.463547,9.7325
126234551,133.26297,24.925602,8.8249
126234718,133.19653,25.529774,9.684
117506752,138.21135,24.341558,9.7825
172517246,142.60829,25.391516,9.4606
117506753,138.21274,24.341568,8.0012
117419751,137.96854,25.067184,8.5451
126137157,110.245865,24.99947,6.3992
117419818,137.84111,25.419943,7.096
284993556,137.36711,24.005465,8.2157
284994013,137.34236,25.835325,7.408
172517088,142.5244,24.680573,7.5443
126137022,110.29081,24.792883,9.5833
126137293,110.25685,25.212624,9.917
130257956,117.93897,25.602205,9.8442
130258162,118.020454,25.131577,8.7978
130258208,117.99018,25.030998,9.1359
130258593,117.93855,24.228632,9.49006
126234355,133.22485,24.039822,9.0522
126234392,133.3189,24.19346,8.7051
126239446,133.67859,25.886383,7.915
117419821,137.89981,25.421669,7.9611
125530488,144.76538,24.436043,9.5632
302240317,125.553024,25.923685,7.7834
302241578,125.68145,25.73728,7.56627
3716738,128.25043,24.084795,5.48849
26825997,111.90337,24.463821,9.78906
415640746,112.876816,25.413578,9.1128
458382707,120.52679,25.32022,8.28829
320194232,121.3649,24.190636,7.85734
149361922,138.68471,24.278467,8.1017
3716092,128.12598,25.947647,8.9098
3716356,128.12885,25.066221,7.6264
3717135,128.21262,25.316055,8.2136
3717225,128.1591,25.575178,8.2131
172533621,143.21811,25.375883,9.797
172533652,143.21223,25.247686,9.4478
320194176,121.24678,24.082903,9.6587
117249199,130.33331,24.909153,9.2631
3716257,128.07896,25.40491,9.9627
3717210,128.2182,25.55049,8.6337
3717248,128.16766,25.65422,9.768
149439447,140.62662,24.843792,9.8197
98414393,147.38763,25.88246,8.9328
165325819,125.48665,25.188877,9.7215
171526733,120.23525,25.654346,9.2512
130159683,117.18346,25.715204,9.7414
171426337,119.147415,24.282429,8.8655
149453091,141.27727,25.824707,9.9703
138687977,136.842,24.848633,9.1659
171526657,120.23626,25.483118,9.3962
165325634,125.3737,24.496567,9.8137
165325865,125.420715,25.388977,9.7568
3755438,128.45296,25.44527,8.688
126316582,134.50311,25.26299,9.1194
117380683,132.25258,24.180416,9.8543
117380762,132.17378,24.452799,8.7409
117380772,132.25508,24.475586,9.5842
117381009,132.24,25.252129,8.8748
149453441,141.22281,24.233679,9.4771
149453464,141.24985,24.087152,9.0673
308052912,150.33095,24.014715,9.5836
172529086,142.87473,24.414143,7.5856
3906416,151.34862,24.718136,8.80442
349823921,143.75816,24.90425,9.33998
149415515,140.08292,25.472271,9.30409
125551571,145.21725,25.173647,9.90828
149400471,140.02686,24.856012,9.8629
367502982,109.5165,24.077463,8.1224
171389597,118.94241,24.341446,9.4024
138687923,136.87083,24.639473,9.7123
172529247,142.77563,25.047174,5.4312
367502867,109.534935,24.22404,8.7757
138687962,136.8432,24.796066,8.7727
149362490,138.66232,25.787949,8.0259
3755225,128.44919,24.779179,8.6452
126316976,134.63406,24.212437,8.6616
367502381,109.552086,24.793434,9.9824
367503416,109.62168,24.324793,9.8731
367503464,109.58694,24.39262,8.1773
367503493,109.65636,24.43191,9.7496
446002521,111.39486,25.258047,9.6731
171526610,120.2328,25.392838,5.04265
126369236,136.10454,25.371035,7.9935
126369306,135.99786,25.04139,8.4941
3755103,128.4144,24.421257,7.7974
126316940,134.52733,24.098957,7.3553
172519123,142.72656,24.871866,8.54983
172529120,142.80309,24.601557,9.7737
172529265,142.86427,25.12188,8.92
82225122,151.06114,25.223862,8.5091
82247701,151.12311,25.230234,7.1666
117220401,130.01288,24.158176,9.6341
125528227,144.5495,25.170986,9.33565
125528336,144.54556,24.487873,9.69501
125528410,144.48451,24.067434,8.37309
330795902,144.45789,24.670279,6.0919
423121318,116.86852,24.775837,9.08102
330795961,144.39505,24.397259,8.5115
117220592,130.03789,24.816423,9.67754
446002104,111.38667,24.693703,9.7419
172516624,142.39714,25.266539,9.6029
82221524,150.60666,24.20619,9.78927
117220805,130.02776,25.523045,9.8952
172516840,142.38675,24.346312,9.8666
392093244,120.35348,24.406738,9.7441
117417387,137.66881,25.519354,9.7005
392092751,120.3288,25.61702,9.6632
130160916,117.28173,24.804346,9.66861
392092911,120.43213,25.185846,9.6783
392093359,120.426315,24.144718,9.9278
95658364,121.81138,24.707647,9.9418
3798453,128.66148,25.780321,8.2298
3799003,128.56093,24.113916,9.8198
126236792,133.42743,25.495102,9.4478
126237586,133.4987,25.64382,9.2338
117417345,137.57964,25.338093,9.9434
117271948,130.58336,24.525364,9.8273
117272096,130.60487,25.041315,7.6837
117299322,131.59592,25.921955,9.4927
285005105,138.40614,25.433628,8.6576
26921293,112.507614,24.40961,9.9045
26922001,112.60118,25.448633,7.2915
26922201,112.49758,25.776226,9.2223
130161059,117.378555,25.091892,7.90874
171444938,119.51625,24.789278,9.355
3798547,128.57709,25.510406,6.9001
332109365,135.10779,24.49652,6.2864
138665030,136.39563,25.022902,7.9315
3798861,128.61372,24.52819,8.7554
117219749,129.99753,25.891562,9.0877
117417445,137.60773,25.81628,9.5372
117272097,130.54158,25.041582,9.7212
94922006,113.81964,25.565397,8.3122
94747245,112.92267,25.790546,7.77777
26694919,110.94914,24.457014,8.9451
26695956,110.908356,25.987038,9.1754
415639819,112.781395,24.121323,8.7079
26858857,112.180504,24.280397,7.865
26859468,112.34615,24.4248,7.7495
95289863,115.99185,24.244019,6.80539
26859169,112.27507,24.017086,9.997
26859326,112.2507,24.217077,9.7505
26859389,112.29906,24.298748,9.6631
95290213,115.9391,24.818132,9.218
332108866,133.14862,25.286655,9.3855
95620229,121.41562,24.48656,8.6373
95620706,121.46855,24.035437,8.36262
95289992,116.00463,24.455849,9.46179
26859216,112.28442,24.073627,9.82767
117274945,130.76753,25.265318,9.8299
415639856,112.78091,24.16199,9.915
95167396,115.23529,25.302801,9.9892
95167008,115.21838,24.776213,9.1492
97365181,123.61376,25.295576,9.8181
117159079,129.28638,25.091803,7.4746
3664132,127.41693,24.344707,6.22015
95167130,115.263054,24.965132,6.74336
355125646,132.99086,25.727947,7.88772
355125800,133.05284,25.158998,8.3954
117353757,131.51593,25.35308,8.075
95167074,115.199425,24.863358,9.4662
117158561,129.19998,24.474735,8.4947
367566655,120.989296,24.59355,8.93914
97361508,123.38259,25.327286,9.75919
117158460,129.101,24.8104,9.96725
3664090,127.45888,24.200912,9.63481
3699159,127.851715,25.73694,9.4681
3699866,127.887764,24.22183,9.0006
130183478,117.465935,24.020433,8.993
423122443,117.0598,25.386375,9.4639
95289586,115.829865,24.015923,9.9826
117416627,132.80481,25.64041,8.4509
117416671,132.87126,25.500446,9.8449
3577758,126.88917,25.914125,9.9199
117354694,131.70403,25.47364,7.4202
3713298,127.96373,24.716702,9.9143
97599606,126.63236,25.707787,9.72534
3576581,126.812935,25.72525,9.26824
97599181,126.665794,24.534174,6.691
97599183,126.66714,24.53517,7.184
149453648,141.3079,24.734169,8.43277
3577245,126.891014,24.29296,9.3561
97599655,126.657005,25.847662,9.7099
149453594,141.3573,24.500092,9.4868
149453731,141.38748,25.126108,8.96
149468796,141.54413,25.57575,7.82687
149468823,141.56088,25.437223,9.33934
233430847,145.56847,24.500801,9.264
3577548,126.93712,25.242702,9.92811
94965513,114.016624,25.31081,9.9829
423122571,117.023315,25.692179,9.747
423122704,117.06928,25.970015,8.313
117416742,132.91135,25.232922,8.08334
117416862,132.81085,24.811653,9.202
3699438,127.871666,24.98118,6.7142
149398070,139.83467,24.402317,8.361
94965851,113.97873,24.906778,7.45249
3713472,128.01393,25.234243,8.2953
95289177,115.91847,24.63126,9.8615
415638202,109.99519,25.70419,8.5684
117162134,129.45158,24.443628,8.4637
462508742,111.80452,25.525505,9.0076
95125174,114.84742,25.680561,8.7421
171449533,119.54299,25.407911,9.2965
171301569,118.32096,25.45481,9.7464
171302005,118.21837,24.645334,9.7059
95619034,121.44993,25.67254,9.2236
95620069,121.431335,24.647373,8.9526
367566154,121.02876,25.747145,9.2957
94822129,113.39633,25.272482,9.6839
94822159,113.35288,25.312183,9.1098
171431297,119.326614,25.497644,8.3373
171301378,118.264244,25.846653,9.2701
94966667,114.15853,24.135033,9.8928
94920618,113.74714,24.265467,5.8051
126233930,121.12633,25.034136,9.4753
126234207,121.19349,24.24979,8.5086
126234214,121.21551,24.235222,8.4171
95290642,116.06037,25.503962,9.8465
171525279,120.08,25.286627,8.2709
97464433,124.30486,24.79365,9.2956
97464447,124.36969,24.770494,8.5593
97465358,124.44418,25.442192,7.47321
462514821,124.961525,24.755041,6.5064
126277727,133.96231,25.068163,8.864
97464828,124.45476,24.022202,9.9086
302262918,126.0122,24.877031,9.7925
302262138,125.88841,25.150824,9.1079
97253988,122.57346,25.85938,8.81712
126234175,121.17813,24.33024,7.7975
171525295,120.142006,25.248005,8.8588
171525393,120.10896,25.033987,7.94023
97464484,124.320366,24.67799,9.0286
462514812,124.83332,24.783514,9.22559
302262896,125.9457,24.819592,8.93295
117162060,129.46533,24.676777,8.9657
462514427,124.860565,25.999496,9.26155
462514758,124.883995,24.974485,8.80622
171525497,120.07542,24.794106,9.93161
117419404,137.73492,24.59778,9.7284
355125987,133.03943,24.308725,8.36785
302187609,125.07307,25.496756,8.04426
171301335,118.19762,25.926483,7.5967
95125741,114.82177,24.818407,9.50349
82247375,151.04648,24.79775,9.5795
117162242,129.43588,24.114906,9.1157
26770861,111.23449,24.258627,9.7174
302187179,125.070915,24.286263,9.7791
26771004,111.21203,24.465086,9.8855
423087428,116.29623,25.992373,9.3524
26769276,111.08981,25.754324,9.8135
26858637,112.16926,24.648613,7.151
26858625,112.17603,24.665222,8.7739
95693006,122.103905,24.42585,9.5476
95693148,122.08957,24.709293,9.0846
138687456,136.7032,25.133305,9.4222
97463987,124.32569,25.884008,9.83889
26858294,112.17594,25.267721,9.9143
26858469,112.12019,24.974583,9.6241
458359470,109.756004,24.076714,9.5925
138687627,136.68074,24.38913,6.609
26769139,111.1248,25.956015,9.3058
458359886,109.82278,24.599596,9.4131
171427177,119.191376,25.976274,9.7105
171524985,120.14474,25.892574,9.61411
171427137,119.21804,25.884504,9.5109
458359736,109.80207,24.405342,9.89095
171427120,119.12959,25.849356,9.3694
26825096,111.89942,25.796532,8.84814
458359522,109.71452,24.118395,8.9488
95693019,122.06615,24.45373,8.99106
138687435,136.71436,25.193302,9.27329
149395927,139.53441,25.277153,9.6121
126216795,110.6263,24.926092,8.6201
126313893,134.19243,25.006681,8.2404
367516443,120.78597,24.589666,8.688
367516464,120.74466,24.524935,9.56039
26825051,111.91302,25.855701,9.855
285004743,138.39575,24.057049,9.72449
126321778,134.92445,25.688562,9.0058
126322070,135.03197,24.373896,8.7361
82205219,148.3204,24.760048,9.668
117161769,129.42575,25.600834,9.97441
26769339,111.10845,25.657997,9.5496
355125593,133.02031,25.925943,9.8322
126321987,134.95587,24.7083,9.8367
154965742,142.0819,25.784046,9.68249
302301636,126.07958,25.559978,9.95019
172517178,142.5905,25.111767,9.5259
98369628,147.0473,24.642834,9.9416
98369493,147.07278,24.003899,9.75272
117507035,138.13216,25.76385,9.9023
98369753,147.1368,25.218096,9.83423
98369737,147.12851,25.174934,9.59212
126137165,110.27117,25.010807,9.7176
126137472,110.34579,25.48756,9.48506
95657715,121.650024,24.503654,9.6269
740397695,116.10992,24.397018,8.5556
95657209,121.73935,25.53386,8.913
125530326,144.8034,25.367378,6.9427
126137184,110.284225,25.042664,9.3697
126137581,110.26378,25.668823,8.55462
95657884,121.65381,24.146776,8.531
95657904,121.68276,24.104977,9.72785
95657939,121.70375,24.044163,9.36564
126234598,133.26915,25.053734,9.22263
165325508,125.48983,24.023752,8.0183
126239481,133.61507,25.77362,9.5453
302262995,125.905045,25.083754,9.43212
302263174,125.963295,25.691957,9.7928
284993424,137.2917,24.465994,9.5635
94819633,113.17451,25.854738,8.5031
126195454,110.59356,24.128761,9.3684
95698613,122.3536,24.82613,6.41831
95698939,122.42647,25.559057,6.086
126349261,135.50247,25.445034,8.1865
94922304,113.863686,25.972778,8.7718
95698681,122.42595,24.964062,9.9984
126236689,133.43668,25.899845,8.8993
171520919,119.99478,25.020748,9.0074
95698500,122.35756,24.590292,9.7836
95698509,122.38546,24.606436,9.63622
393764964,116.79009,24.868885,8.1132
95622392,121.53053,25.493893,6.4159
95697494,122.2136,25.327047,9.1266
393764413,116.6355,24.164413,9.0685
393764906,116.81447,24.749922,8.8471
117162388,129.49585,24.305557,8.6572
126367263,135.85529,24.71371,8.3689
82204644,148.08543,25.94263,9.7768
149368957,139.04195,24.74937,9.274
149369249,139.1887,24.637968,7.7724
95622805,121.62645,25.87867,7.9626
126319269,134.6637,25.3803,8.4123
95697853,122.22687,24.623959,8.9216
423086438,116.2743,24.032576,9.8951
3799103,128.68994,24.011177,7.0935
117162430,129.59438,24.474277,9.6536
126367498,135.89697,25.871641,6.4198
138660766,136.35919,25.171556,9.1543
138660880,136.32101,25.627548,9.1139
149368841,139.10034,25.363243,8.9641
94747317,112.931244,25.679571,9.8985
138665517,136.6276,24.98317,9.6027
95126094,114.77342,24.314043,8.7879
95126158,114.80002,24.222532,6.17368
95127588,114.95742,25.745958,8.88
117506425,138.00632,25.239897,9.13448
149366050,138.96457,24.522404,8.95628
117278634,131.06741,25.075735,9.7312
117506647,138.06808,24.002502,9.5209
3663620,127.28607,25.180677,9.79003
458383481,120.680984,24.277946,9.1358
393763836,116.69825,25.420597,9.2077
117162765,129.58417,25.460913,9.9861
117162785,129.49013,25.556183,9.8193
138660656,136.27278,24.739222,9.7539
138660798,136.32687,25.297935,9.1962
155786026,109.32447,24.191132,8.7408
126194311,110.46976,25.39975,7.5913
126194331,110.45451,25.372776,8.224
126194583,110.35967,24.957058,8.4822
126194618,110.465034,24.907679,8.9798
126194799,110.44839,24.64232,9.4747
26859990,112.26615,25.199202,9.58972
26860231,112.31727,25.537773,9.3413
367503607,109.634094,24.58487,7.9795
367504140,109.6286,25.299486,8.8524
367504250,109.689316,25.443373,9.123
367504360,109.682335,25.594835,8.44893
367504416,109.65178,25.656298,9.5972
130183761,117.570015,24.425528,9.4022
26860040,112.22897,25.268467,8.1925
126194615,110.44717,24.914307,9.5901
130183934,117.58748,24.75984,9.8075
367516881,120.94818,24.372623,7.869
95216176,115.424126,24.32264,9.18155
95621273,121.57968,24.378216,9.1158
171444340,119.33507,24.217981,9.8378
171444402,119.349434,24.10372,9.1755
367516590,120.72953,24.235268,8.3787
367517043,120.9413,24.700268,8.9937
367517326,120.92311,25.38448,9.9133
367517385,120.867165,25.539314,9.9005
94841489,113.42724,25.400473,7.5012
26769997,111.04818,24.75078,8.9695
171431556,119.32272,24.973774,8.759
97314759,123.29479,25.052296,9.97428
462510904,112.72007,25.734774,8.8797
97361256,123.40263,24.707085,8.95653
117165865,129.64738,24.284658,9.4163
117166209,129.80493,24.76676,9.28681
95076423,114.57886,25.321218,9.4891
95076851,114.58994,24.68775,8.4252
95078080,114.621056,24.842659,9.6749
95078117,114.709335,24.90562,9.9907
95078720,114.70785,25.783432,8.5194
138708566,136.97168,25.626299,6.8679
307953584,148.83678,24.752428,9.543
149417907,140.29417,25.163223,6.6918
85243963,152.33386,24.544144,7.8384
95078759,114.60948,25.840508,8.4341
95078802,114.64121,25.913416,7.8924
95237245,115.59212,25.062426,9.3617
95238134,115.70311,24.131298,7.8281
95238739,115.74519,25.12857,9.4064
171520453,119.969475,24.074718,8.4355
307953612,148.77473,24.63711,6.52687
155231697,124.56896,25.407925,8.85133
117166213,129.83809,24.779749,9.38442
302206337,125.257416,25.961973,9.51894
241191474,152.92305,24.117418,8.52092
171444802,119.387924,24.513012,8.9986
98413789,147.13718,24.479448,9.489
171425751,119.00623,24.66573,6.88475
117121417,128.86075,25.851482,7.0534
117121833,128.92249,24.601854,9.0009
117121936,128.86893,24.312054,8.32668
117121968,128.92586,24.23114,9.6042
126323350,135.2646,24.148548,9.8709
126234827,133.23866,25.994658,9.3125
117254702,130.50047,24.356771,8.0273
126239693,133.6585,24.888031,9.9904
126239935,133.74696,24.038183,9.2803
95078358,114.734474,25.230997,7.1189
95078248,114.609856,25.076025,7.541
126322968,135.26498,25.889744,7.8165
367517030,120.96234,24.674196,9.50118
367517459,120.922195,25.714682,8.98057
95237645,115.601074,24.459423,9.824
171426932,119.23014,25.447638,9.5188
117121903,128.93657,24.392347,9.4285
117254142,130.42117,25.464682,9.6851
95217233,115.41079,25.999468,9.67605
97365228,123.59204,25.207466,9.84212
97366167,123.75248,24.853518,9.8814
97382093,123.710014,25.332859,9.7672
149417730,140.32166,24.333754,9.8065
98414108,147.40257,24.701159,9.7939
149417705,140.34605,24.268595,9.8623
117121960,128.86192,24.260952,9.98506
94748223,112.97717,24.503485,6.2254
117122321,128.94951,24.74598,9.184
126323129,135.2889,25.1,9.2279
117254372,130.52684,25.012815,9.59306
117254374,130.52615,25.012096,9.27099
126239657,133.7193,25.037565,9.0312
126239850,133.6685,24.21802,9.3924
95237106,115.547485,25.303354,9.94933
462511028,112.61737,25.933136,9.54167
95237701,115.537674,24.386194,9.60203
126239939,133.7595,24.046585,9.73959
126240001,133.77838,24.382086,9.673
126240002,133.83786,24.383137,9.54913
95238242,115.69167,24.323967,9.75485
117122535,128.96684,25.435331,9.69628
95237475,115.642624,24.723164,9.9658
95238055,115.74796,24.02024,9.93642
171426506,119.248535,24.62284,9.97366
126193934,110.42918,25.99405,9.7269
126194045,110.41561,25.862286,6.94605
320194871,121.24797,25.78183,8.26806
95663521,121.96344,24.018103,7.08331
95165085,115.01209,25.9614,9.7195
95165436,115.06308,25.443235,8.4204
95165698,115.019104,25.034342,9.6217
95697338,122.28139,25.679972,8.7658
3755333,128.48106,25.1288,8.8614
95663328,122.03754,24.429901,9.903
3754994,128.43135,24.045156,9.5833
171526723,120.188545,25.626465,8.21733
3754450,128.35565,25.510893,9.59338
117380974,132.13557,25.075468,9.42751
3755160,128.54276,24.593327,8.9357
117380661,132.14694,24.128717,8.6629
149453227,141.2497,25.224867,8.4882
172529457,142.80818,25.995121,9.4796
3960259,152.15755,24.449535,8.62177
26772024,111.24708,25.905397,9.658
367503480,109.65521,24.414953,9.06313
3755369,128.52728,25.233416,7.85297
171526712,120.21734,25.617561,9.5591
117380908,132.14864,24.85313,9.97864
172519036,142.69435,25.304087,9.6419
172529398,142.78595,25.775211,9.9247
95077078,114.55987,24.360445,6.0354
126194003,110.43036,25.917063,9.3846
320194569,121.248665,25.074015,8.7201
423121761,117.05624,24.031612,9.45539
95076648,114.57336,24.982471,9.6345
95165587,115.108696,25.20546,9.75976
126193976,110.437645,25.94619,9.5013
95126662,115.00078,24.316511,9.1366
26858380,112.14895,25.112022,9.2207
95658725,121.8012,25.490538,9.422
117411025,132.50615,24.263098,9.1963
117411474,132.50594,25.966412,9.8059
462510508,112.689445,25.039778,9.8814
462510611,112.74435,25.236748,9.7747
94966756,114.18592,24.222324,9.5515
94967216,114.20776,24.887634,8.7485
94967465,114.094765,25.281912,8.0371
94967858,114.09216,25.876781,8.208
95236774,115.56778,25.858665,9.6265
97253998,122.55461,25.84448,5.2145
462510580,112.7457,25.166231,9.21167
462510616,112.735825,25.241043,9.7047
94966468,113.97204,24.008297,8.7996
95693534,122.083786,25.552868,7.7053
94967032,114.167076,24.63812,9.0993
367502612,109.44525,24.527925,9.1816
367502155,109.44712,25.08417,9.89319
367502744,109.54413,24.354626,9.969
94967850,114.174904,25.85888,9.75668
94749667,113.11375,25.409971,9.5748
94748196,112.95215,24.535261,7.4892
94748297,112.89432,24.379093,9.524
130183023,117.4279,24.961128,9.8526
95216265,115.51264,24.474634,9.5859
367566442,121.015945,25.107307,9.4632
367566696,121.03735,24.508139,5.8849
171303172,118.39653,25.319237,8.3544
97360764,123.26126,24.208637,9.1068
393744782,116.4873,25.113365,8.23866
393745049,116.498375,25.662495,8.5886
130183356,117.40036,24.269224,6.334
367566704,121.00146,24.491415,9.39522
171302848,118.44889,24.732576,8.9704
95216013,115.501045,24.05045,7.9431
367566371,121.05463,25.290348,9.86512
393744821,116.47205,25.202225,9.73748
462487307,111.55645,25.943117,9.9414
171303253,118.3407,25.458193,9.9541
97361176,123.45691,24.521723,9.9288
95658347,121.90292,24.682161,9.87887
392092958,120.43232,25.089468,6.31147
285005062,138.42477,25.254377,8.41539
130160443,117.17196,24.08357,8.60129
97255640,122.57603,25.89303,8.56542
95658046,121.870224,24.04056,9.49054
130160780,117.32855,24.488728,6.5892
3699722,127.87717,24.081108,5.4112
3699158,127.81611,25.740408,7.46143
3699611,127.81453,24.410421,8.5882
95288496,115.86963,25.63711,9.15867
95289501,115.81259,24.120619,9.76288
117417040,132.86815,24.074148,9.10651
97414168,124.07718,24.064243,9.06114
97414364,124.21161,24.253311,9.2937
117353767,131.5348,25.317247,8.8571
3699273,127.84899,25.438774,9.46671
3699708,127.77982,24.11982,9.6117
149397725,139.62445,25.209036,9.7343
423122041,117.04817,24.573412,9.93777
95288843,115.93059,25.121677,9.55082
462484750,111.45385,25.911179,9.8956
149398188,139.7134,25.085283,9.8541
94748251,112.982216,24.455452,9.7901
95214629,115.32255,25.888735,7.26807
95214917,115.30599,25.44979,8.9709
393744008,116.377365,24.429598,9.6513
126321892,134.95125,25.146652,9.8283
126321937,135.03969,24.95293,9.905
117508752,138.3595,25.439928,6.7162
126322004,134.93591,24.622683,8.6389
126278130,134.05632,24.447763,6.3473
95215789,115.32382,24.130842,9.5702
393743853,116.381424,24.73395,8.45231
130183967,117.647484,24.859385,9.7041
126319262,134.7078,25.404964,6.8648
126367228,135.89595,24.514534,9.71399
126319158,134.7346,25.925755,7.4685
423086494,116.27933,24.127296,9.2665
423086585,116.23405,24.320475,8.04448
126367184,135.88863,24.280703,9.81272
126319267,134.72275,25.384485,8.98442
126319332,134.7723,25.13221,9.04516
94747555,112.914474,25.367361,9.7995
97386584,123.94806,24.479479,9.64427
117162768,129.48149,25.477266,9.90586
138660824,136.3828,25.411245,9.5447
82204677,148.09671,25.74831,9.8944
126136828,110.303955,24.464382,9.5622
26771539,111.22202,25.166122,9.7196
26771581,111.21052,25.204035,9.8935
415640398,112.84917,24.919027,9.1965
458382934,120.56448,24.865368,9.20716
117278621,131.03435,25.123798,9.0908
117278732,130.9411,24.799133,8.7997
117279296,131.10287,24.796597,8.97184
126316755,134.45271,24.493406,8.92677
3716612,128.065,24.136587,8.47483
172533606,143.22853,25.439516,9.2534
172533774,143.2479,24.675722,9.00586
98414238,147.33746,25.209925,9.10772
82200884,147.67635,24.315529,9.36512
82200888,147.78555,24.320745,9.9448
458382530,120.472115,25.744852,9.0718
97413893,124.073166,24.69577,8.8822
126237232,133.48381,24.088917,8.61242
117278691,131.00536,24.901077,9.83224
415640650,112.878365,25.27604,9.96802
117414604,132.74454,25.9515,9.56724
97413337,124.06135,25.99353,9.98533
3716488,128.0398,24.546562,9.63697
95290841,116.05526,25.776295,9.6256
462486255,111.64714,24.310879,8.4046
171450484,119.773605,24.314444,8.54669
415595388,109.91682,25.900316,9.8518
462486473,111.670746,24.661177,9.8696
94821061,113.23514,24.00018,8.4186
94821291,113.34946,24.142984,9.7621
423083452,116.192986,25.65461,9.9241
423083605,116.14122,25.957615,9.1393
423082848,116.11184,24.398014,2.7503
95290850,116.02882,25.78416,3.85134
94820992,113.145454,24.087463,8.7417
458377363,109.788475,24.905973,9.3629
458378040,109.77806,25.793541,8.6525
423082940,116.18224,24.602518,9.1042
423083387,116.164894,25.528137,8.9548
367517525,120.89773,25.863468,8.7499
95011217,114.36401,24.567919,9.9503
95011557,114.44332,25.079802,9.9378
458378143,109.728745,25.941349,7.6071
94821208,113.2893,24.037266,9.64181
423083261,116.15747,25.228065,9.8541
171514958,119.71073,24.842434,9.71625
171450428,119.76873,24.229233,9.7296
393743311,116.38388,25.98865,5.9849
97386206,123.7789,24.337992,8.0763
97386093,123.770294,24.608952,9.9953
97386817,123.965775,25.124952,9.2917
97386904,123.976875,25.31385,9.7153
97386991,123.9443,25.515575,9.7126
126217560,118.16274,24.05127,9.6592
94920145,113.710045,24.954472,6.7855
95239288,115.703255,25.976114,8.6307
126217758,118.09515,24.47519,9.81972
97385864,123.86525,25.153269,9.83999
97386170,123.79518,24.401108,9.88494
94921756,113.843796,25.226532,9.931
26865477,112.47512,25.815462,9.8326
26693634,110.83376,25.388649,7.672
26693841,110.8688,25.050531,4.2322
26693885,110.756424,24.975687,9.9625
26694011,110.75945,24.794611,7.9607
26694285,110.85015,24.363274,9.6489
94844859,113.56088,25.059929,9.9251
95009358,114.27705,25.853926,8.8637
95009666,114.28279,25.435194,9.109
458383717,120.680046,24.810501,7.6928
458383877,120.61445,25.243988,9.217
95010876,114.35402,24.068617,9.5556
95009452,114.229294,25.732845,9.8718
26826987,112.06301,24.79852,9.7361
95010169,114.28995,24.742432,9.374
458383739,120.580124,24.874037,7.6332
458384101,120.66934,25.69885,9.9205
462485385,111.43586,24.838322,9.46134
26694287,110.81127,24.362171,9.4078
26693554,110.85249,25.51625,8.9333
95009954,114.2332,25.016834,8.08455
26827135,112.01274,25.027952,8.12398
95009448,114.2487,25.735607,9.12793
95010343,114.31296,24.515787,9.16636
26826936,111.9688,24.73594,9.77613
95009590,114.33962,25.531322,9.64568
95009932,114.31722,25.053776,9.67296
95010404,114.21539,24.420343,9.68236
126135231,110.15551,25.756502,9.6612
126136733,110.288826,24.3231,9.8884
126135999,110.14454,24.599651,9.6692
126136366,110.2041,24.045553,8.5883
126136663,110.32188,24.237719,9.5232
126136915,110.277374,24.631063,7.9757
94747423,112.910904,25.53943,9.136
126135768,110.15623,24.979673,9.0499
130258307,117.949745,24.820726,6.84392
94919551,113.70662,25.822891,9.857
130258581,117.94627,24.26561,9.9549
462485290,111.422676,24.989971,9.0026
130258285,117.95426,24.857485,8.87134
423083685,116.16976,26.11908,9.8044
171365169,118.55821,27.883951,9.228
149443322,140.97726,27.898478,7.9564
367515732,120.82701,26.2676,7.4518
126317519,134.531,26.563911,9.3107
801164830,120.82733,26.267681,7.7072
801164831,120.82701,26.2676,7.4518
801302406,134.531,26.563911,9.3107
840375083,140.97708,27.898169,8.8961
840375084,140.97726,27.898478,7.9564
26831874,112.14526,26.819162,7.5496
740671962,118.55821,27.883951,9.228
740671964,118.55889,27.883348,9.8345
740431354,116.16976,26.11908,9.8044
740568059,112.14526,26.819162,7.5496
840366431,141.16313,26.181643,8.6507
801196506,122.20602,27.479633,9.6997
840317207,148.18999,26.00649,7.9719
423084600,116.10754,27.950966,9.53
302265118,126.15071,27.955858,9.94
801372695,130.67749,26.055317,9.9278
330754178,144.17493,26.592999,9.3493
330753946,144.17485,27.13039,9.276
330756098,144.21585,26.23268,9.8315
97600027,126.69574,26.934874,5.931
171391693,118.85648,26.391716,8.5747
171385638,118.83759,27.250572,8.8861
171398154,119.03535,26.62737,9.57306
171397608,119.00026,27.235811,8.5962
95618587,121.39173,26.115892,7.1891
95618424,121.493774,26.281357,8.51531
95629673,121.67415,26.567707,8.6841
95628487,121.76474,27.85426,9.3266
95628771,121.658295,27.545578,9.65687
95629334,121.73324,26.895142,9.604
95618351,121.49765,26.342056,8.7866
95624322,121.64155,27.425068,9.00844
95624755,121.58496,27.894445,9.00495
95624792,121.54998,27.929821,9.45782
149364553,138.88618,27.914774,8.34837
149366757,139.03738,26.46784,8.1031
149365161,138.81941,26.00999,9.96052
332065236,133.19478,27.282051,9.0329
332065396,133.14159,27.015839,9.1226
332065741,133.13898,26.447182,9.96682
94846743,113.60709,26.507135,8.6309
94847193,113.63589,26.818602,8.8936
330705899,141.69731,27.649174,8.1537
330706082,141.7684,27.133694,8.1069
330708456,141.94627,26.70794,9.7533
330708652,141.8986,27.309097,9.6805
117246865,130.23424,26.89028,9.9549
117246751,130.26077,27.104689,7.1433
117253836,130.52711,26.11201,9.3569
126368758,136.06447,27.666079,9.1132
349793294,143.50482,26.805647,7.3794
349793388,143.44795,26.357603,9.4719
126349096,135.48419,26.204355,9.1883
126275754,133.73328,26.19829,6.1115
171368499,118.61821,26.167158,6.6797
171368418,118.64469,26.05494,8.5883
117418768,137.73404,27.87479,8.889
302241857,125.717766,26.68382,9.59864
302242144,125.70102,27.523787,7.13873
302261515,125.762634,27.09386,6.9083
302204686,125.18257,26.968708,8.12253
302204929,125.11656,26.20476,9.9164
302204809,125.1049,26.590237,9.6486
302204865,125.17022,26.38716,9.1498
302204940,125.10992,26.179686,8.8789
117274681,130.67769,26.055695,8.7728
302261563,125.79985,26.95053,9.8547
349793453,143.50081,26.053194,9.5571
233635471,146.05519,26.754385,9.4166
171368428,118.66899,26.068346,8.2003
302241665,125.73862,26.085756,9.7701
302241714,125.71436,26.236414,8.3279
3645854,127.206635,26.030529,9.7352
3646072,127.098335,26.705755,9.9532
126313352,134.23526,27.413794,9.9629
172532078,143.15092,27.085688,8.1562
97286493,122.82042,27.573568,9.881
171368440,118.649155,26.090155,9.9877
302242056,125.744446,27.25054,9.929
302242132,125.6634,27.491428,9.7579
302242209,125.759605,27.718496,9.9454
117418771,137.73344,27.85621,8.7844
126313421,134.20073,27.075424,9.8197
149441234,140.65869,26.23162,9.8849
149468669,141.45012,26.20462,7.40028
97465919,124.484535,26.793823,7.76587
97465814,124.54254,26.563803,9.9757
349823666,143.7976,26.256374,9.1619
349793396,143.4386,26.325533,8.4971
349794664,143.58847,27.522152,9.9516
349793326,143.51898,26.61974,9.4529
149398459,139.81401,26.251842,5.3522
149399727,139.92258,26.595884,9.832
149399573,139.93352,27.422155,8.09135
307931149,148.5571,26.20818,9.1934
307931131,148.46776,26.292374,8.4664
117279680,131.11311,26.028177,8.6845
172530838,143.01672,26.827875,7.1049
126320109,134.84364,26.104862,9.3848
289705305,145.53802,26.998665,8.7298
117164880,129.65497,27.413515,9.4346
117165277,129.73825,26.168905,8.87
3666587,127.59077,27.76534,8.94954
239196353,146.54088,26.053837,8.6084
117506070,138.09818,26.879145,9.0858
117506108,138.03656,26.776085,9.6155
117506133,138.10205,26.670042,8.9247
117165030,129.7419,26.877964,9.60188
239197159,146.70905,26.378475,9.9715
149452916,141.18347,26.683163,8.3247
233635503,145.98172,26.969002,9.61711
239198426,146.84334,26.303486,9.30354
3798319,128.6168,26.229668,7.2391
125551003,145.1419,26.00388,6.8083
125551848,145.25731,26.630835,8.0038
149415756,140.0532,26.663933,9.087
349824640,143.8796,26.353975,8.4225
97382638,123.6637,26.730005,7.27787
117166935,129.81548,27.152193,9.1035
149418348,140.3029,27.466585,9.488
149418445,140.29501,27.936274,8.302
97253456,122.558014,27.089193,6.98819
117166665,129.7914,26.258778,9.5431
155232943,124.69873,26.322569,8.3272
149438640,140.4301,26.84667,7.5475
117166613,129.8,26.084198,9.8659
171448371,119.54448,27.746946,9.778
415670361,112.78411,26.416267,7.6196
415670461,112.83277,26.583426,9.4528
97253270,122.5042,27.51006,9.7218
155231289,124.59972,26.65242,8.8973
117166760,129.82205,26.589191,8.7474
302206559,125.326805,26.647696,9.1757
117379816,132.11136,26.638258,9.3167
149415823,140.06895,26.927206,8.3124
349824800,143.8852,27.116217,8.6068
458382184,120.5462,26.637884,6.89491
126237874,133.5886,26.923754,5.4298
117277980,130.98004,27.224052,6.7787
149439862,140.54846,26.994421,8.6145
130159073,117.187546,26.962872,8.8816
117167058,129.85199,27.623272,8.3121
302240041,125.613525,26.632631,8.1369
117277996,130.97455,27.167242,9.1743
126316377,134.46234,26.17335,9.5142
117507481,138.17203,27.802204,8.8233
149439771,140.60098,26.523817,9.0451
126316311,134.5122,26.490591,9.1753
126237828,133.52036,26.731033,8.9886
130158762,117.177925,27.654543,9.5344
171527027,120.30084,26.301838,9.689
117167095,129.86086,27.733082,9.7693
155233181,124.8067,27.063574,7.7339
155233231,124.809814,27.211397,9.4459
302240121,125.601326,26.435091,9.1928
117278210,131.05292,26.454676,9.7757
3715800,128.09618,26.931467,9.6111
117166825,129.80873,26.786077,9.4022
302206964,125.35107,27.97662,8.6864
149418305,140.26471,27.193293,9.892
330706410,141.81476,26.19485,9.7223
302204604,125.11826,27.196533,9.4523
332109817,135.06491,26.255497,9.9739
332109819,135.07532,26.261917,9.2106
97412771,124.08224,27.38068,9.7236
130158935,117.229645,27.28853,9.6148
97412532,124.094215,27.960453,9.5912
302239724,125.6197,27.656593,9.0017
302239907,125.54832,27.074987,9.6229
3715584,128.13196,27.691587,9.9483
149439737,140.56532,26.339218,9.8463
172533432,143.19777,26.264992,9.4281
117120875,128.84296,27.603254,9.5209
97413230,124.08098,26.270176,8.804
97415238,124.193855,26.508934,9.2466
97415688,124.23692,27.598244,9.0095
149396119,139.43878,26.174517,9.5813
149396307,139.51732,27.150852,8.8955
423122849,117.02878,26.253937,9.9443
149397263,139.58856,27.567436,8.9069
95288228,115.92105,26.044046,9.3603
3578168,126.86975,27.18706,9.9395
3714087,127.947296,27.148417,8.3096
98369999,147.05789,26.317759,9.5231
125531026,144.99753,26.559778,9.5011
126317546,134.59328,26.68821,9.3518
126278565,134.04318,26.360939,7.90651
155230872,124.61152,27.815926,8.40411
149469656,141.67989,26.350685,7.7611
289705241,145.52672,26.726196,9.6324
307960254,149.18306,26.031977,9.537
154965411,141.98102,27.802988,9.9141
155231013,124.57494,27.408472,9.6788
239197165,146.68886,26.425713,9.9537
423123003,117.03015,26.62585,9.7848
171365281,118.45844,27.670542,9.1752
3698684,127.816444,27.08023,9.5511
149397282,139.61806,27.493032,8.74415
94964863,114.04211,26.224455,8.35928
393765706,116.76743,26.533497,9.9975
3578067,126.88074,26.846199,7.9535
149344935,138.51953,26.677258,8.6674
3698598,127.836624,27.354101,9.1458
302265446,126.1004,26.966288,8.9399
126317501,134.59506,26.488962,7.21613
130257672,117.98086,26.205677,9.172
126239233,133.64006,26.871761,9.6073
126317558,134.64098,26.774979,9.3279
125530088,144.7661,26.669027,8.4975
125531011,144.944,26.468002,9.2734
126239032,133.67119,27.701815,9.9834
172517513,142.513,26.704626,8.95
117274273,130.78474,27.394032,9.99029
149397312,139.58968,27.311565,8.1573
149397420,139.69261,26.753063,9.70445
130205273,117.86335,26.060726,9.9273
94818944,113.20212,26.844698,9.9123
126139062,110.238556,27.978317,9.7623
349793180,143.49898,27.353218,7.1962
349823678,143.78671,26.192596,7.64074
349823408,143.71277,27.522928,9.86189
125527977,144.54652,26.66249,9.5373
117220948,130.09483,26.001356,7.5445
117221084,130.03821,26.427746,7.2777
117221245,130.08527,27.010017,9.7264
126350172,135.63196,26.918833,7.5586
302306779,126.43245,27.087267,8.8273
125528930,144.724,26.726707,9.6698
125529054,144.65121,27.370361,9.6
126351321,135.81271,27.21127,6.6022
233634677,145.93896,26.346832,9.6236
95662323,121.9691,26.519539,8.9472
95662467,122.03953,26.233772,9.7876
126277314,133.89664,26.748985,9.6589
302303282,126.26775,27.548449,6.3193
302306989,126.44611,27.681778,9.3209
302307008,126.53209,27.75461,9.0419
126277076,133.91533,27.927483,4.39388
302303136,126.19315,27.120533,9.5516
285009393,146.29507,26.908937,9.8537
126351252,135.74242,27.575134,9.6065
117419052,137.78691,26.419746,9.571
138709483,137.11743,26.015396,9.4592
126277261,133.89597,27.057838,9.6469
307958169,148.91396,26.094633,9.3684
172531928,143.08932,26.38771,9.35745
172531946,143.02614,26.44544,9.75036
172531894,143.02707,26.217173,9.8339
172531977,143.13658,26.611986,9.4081
126277256,133.86867,27.080048,9.891
233634591,145.93637,26.873259,9.68577
126351266,135.74426,27.50982,9.8578
117418911,137.74567,27.198177,9.8016
149438774,140.4292,26.265387,9.72558
95661771,121.991745,27.609184,8.72426
302306950,126.55082,27.550936,9.53187
95164830,115.08408,26.351892,9.1543
415637464,109.99661,26.63292,8.645
82202467,147.93077,26.3132,8.75107
149398786,139.76155,27.933989,9.70349
330708494,141.90498,26.823843,8.91861
361977189,144.0412,27.644032,9.5815
239199224,146.89142,26.229713,9.02672
97466297,124.43746,27.80169,9.4092
3662729,127.25217,27.980488,9.4503
330756451,144.28618,27.13192,9.2665
138665788,136.55128,26.130857,7.4659
94822656,113.40412,26.00184,7.6692
126197885,110.529976,27.954546,9.0752
330795572,144.35564,26.12676,9.9728
138664813,136.51332,26.169147,9.7803
172517589,142.58353,27.136433,9.6562
126137938,110.34397,26.236128,9.805
126137890,110.2755,26.167265,9.93245
126137791,110.24268,26.038918,9.70519
302263382,125.99292,26.432066,9.09484
302265618,126.0911,26.46573,8.40965
423083961,116.074486,26.626102,9.7907
3578287,126.9127,27.56181,8.52419
3578290,126.91228,27.564295,9.20185
149344972,138.62656,26.485563,9.4525
3699009,127.79409,26.162497,8.2402
149396076,139.46147,26.01253,8.35505
393765498,116.743774,26.024773,7.9024
149397543,139.62576,26.203606,8.8075
423123068,116.99874,26.760878,9.59246
3642664,126.91525,27.841652,9.8753
149451504,141.16357,26.182323,3.4074
171446234,119.423836,27.48824,6.81235
117161569,129.4442,26.237589,6.91734
149394867,139.31667,27.911816,8.3594
149395176,139.3692,26.448212,6.706
154998436,142.23004,26.213629,6.8768
171515607,119.7313,26.031017,8.5627
171515700,119.6801,26.220085,9.1264
171516149,119.78384,27.151937,9.16449
171365312,118.470604,27.616451,9.1436
117416443,132.81,26.29845,8.4418
126314637,134.37096,26.11583,8.6174
82219810,148.28592,26.179087,9.3251
154965554,142.07547,26.92231,8.5503
154998205,142.26553,27.573387,8.1621
392091804,120.341774,27.935476,9.7085
171366130,118.53025,26.149605,9.84794
117416242,132.86029,27.170017,9.2349
117161262,129.34668,27.222624,9.6248
171515636,119.721146,26.100216,9.0731
117420140,137.96979,27.00013,9.2597
149363013,138.64612,27.148619,9.0871
149363045,138.71814,27.25293,8.8018
284994346,137.35184,27.263845,9.9179
154998340,142.34668,26.74022,9.5682
125552848,145.29105,27.103268,8.8146
125552951,145.29771,26.479237,9.75369
149415872,140.01648,27.16549,8.32691
97385021,123.86931,27.121397,9.0265
171397215,118.99634,27.693018,8.2313
415636794,109.96508,27.534616,9.6566
171445654,119.44425,26.266655,9.824
171445683,119.43145,26.318525,8.2245
130202442,117.74344,27.868034,9.3145
95287284,115.90825,27.622839,9.3837
117159398,129.30513,26.118076,9.4552
117159415,129.27106,26.171795,9.1199
117378015,131.94518,26.875664,9.6017
3696650,127.733406,26.022808,6.9099
462483666,111.43165,27.798079,2.8953
138664574,136.45053,27.307924,9.4864
95287879,115.8712,26.595304,7.3946
117417532,137.59412,26.226631,9.3114
117377918,131.98482,26.469307,8.666
138664569,136.4461,27.340555,8.2759
462484337,111.44384,26.628273,8.2037
171397851,119.09414,26.973944,9.687
3696995,127.70191,27.155296,9.961
3697144,127.63184,27.66556,8.8205
117417579,137.60355,26.408388,8.24839
117505857,138.10422,27.884472,8.89733
138664590,136.42526,27.206064,8.6903
117417512,137.67566,26.142353,9.1561
3696717,127.65574,26.264616,9.96057
3697165,127.74374,27.745657,9.78441
117505846,138.01118,27.90651,9.95491
149442280,140.82327,26.697172,9.69512
97465745,124.52752,26.42461,7.07879
3576220,126.69613,26.93549,5.99153
3576222,126.69514,26.934353,6.10354
172518679,142.64114,26.943724,9.4675
172529528,142.78519,26.307201,8.9163
289705262,145.42068,26.828728,9.1447
26772418,111.16619,26.433598,9.5277
95696698,122.26604,27.029299,7.3206
95659361,121.89193,26.807224,9.6979
138688389,136.90675,26.598755,7.8052
165326069,125.42657,26.055883,7.8341
95696510,122.25045,27.439148,9.2458
149453015,141.28445,26.262959,8.5859
26831522,112.16626,27.55294,5.32107
26831573,112.093666,27.42865,9.8594
130205287,117.82315,26.08984,9.7655
130205416,117.80628,26.357552,7.24319
130205840,117.87452,27.404661,9.1677
367565293,121.0788,27.872425,9.7107
117297166,131.44572,27.12902,9.5761
415670907,112.82108,27.275036,9.8784
26831299,112.09189,27.991493,9.9324
26831596,112.10359,27.391254,8.9784
26832124,112.17238,26.408178,9.9642
130205406,117.898766,26.341967,9.2255
446003423,111.3102,26.521431,8.7237
172518510,142.69083,27.929531,9.2616
26772277,111.21017,26.273418,9.2914
26772568,111.20245,26.6275,8.0157
95696486,122.20667,27.480406,6.05788
95659496,121.78497,27.06646,9.8569
165326353,125.373245,27.164621,7.77192
130255091,117.805374,27.831427,7.3429
138688459,136.80392,26.828495,9.9785
355125426,132.98633,26.69232,9.7957
355125438,132.99425,26.626526,9.9771
172518675,142.73079,26.964764,9.6813
302304679,126.367744,27.492086,9.46613
302305072,126.405685,26.304836,9.18563
3664719,127.456406,26.19285,6.83717
171300311,118.317894,27.914797,7.90806
171300396,118.231964,27.746632,9.1435
172529577,142.76791,26.543695,9.6393
97364658,123.605255,26.561895,9.81895
130179191,117.35801,26.750122,7.69452
130179293,117.31711,26.955912,8.6186
94968194,114.16844,26.35612,9.4502
95236485,115.57347,26.295141,9.7008
97253884,122.49854,26.088749,9.7357
26923601,112.576744,27.888224,9.708
130179119,117.26166,26.555132,8.0567
130179693,117.28686,27.776554,9.3483
94968102,114.178444,26.229158,9.9214
95235660,115.60689,27.666512,9.8004
94968509,114.1239,26.849884,8.87634
95235818,115.60241,27.388676,9.5298
95236059,115.61622,26.99518,8.89178
172530847,142.92628,26.754059,8.63635
126235208,133.20499,27.630249,9.80615
172530781,143.01802,27.160744,9.93309
117279856,131.12964,26.694447,9.6775
138689655,136.92743,27.958035,9.54916
138689744,137.01143,27.559021,7.5894
155232953,124.72802,26.335396,6.81569
149418073,140.3127,26.013098,8.13037
302206442,125.306305,26.325758,8.30206
302206656,125.25217,26.952831,9.47032
302206796,125.27046,27.352772,8.2403
171448540,119.55886,27.37173,9.55206
415641261,112.763985,26.210419,9.83219
138689713,136.96059,27.706228,9.69175
415671125,112.855865,27.622519,8.7518
97463375,124.385,27.402313,6.63609
97463524,124.345474,27.049284,6.2592
94822967,113.32121,26.45987,7.4178
97463797,124.32548,26.368128,9.7477
94822717,113.302956,26.113798,8.2363
423088276,116.26923,27.81434,9.9509
117411688,132.40846,26.79876,8.21364
138665904,136.54402,26.665037,8.9914
117506254,138.02122,26.05085,7.9693
117219284,129.97095,27.631605,9.57302
97463796,124.32438,26.369476,9.89729
330756588,144.24525,27.452044,9.9296
95123847,114.76789,27.722322,9.6177
393745816,116.57524,27.377031,9.9865
393762984,116.65661,27.312391,9.176
393763103,116.60173,27.036009,9.5436
393763011,116.71006,27.249346,8.9184
393763072,116.622375,27.121986,9.5954
462487626,111.56419,26.415413,9.6749
26692612,110.813324,26.928808,8.8594
26692731,110.84228,26.758078,9.5793
26692894,110.7971,26.48543,9.6511
393762755,116.67939,27.780804,8.4237
117219202,129.91318,27.913553,9.9552
117253853,130.4927,26.074797,9.521
117299194,131.55736,26.312983,8.945
117299217,131.48703,26.224318,9.4919
3714327,127.9716,27.942183,9.9352
462504105,111.681625,26.640936,8.6776
26692685,110.85038,26.828966,9.2205
26693045,110.77725,26.26068,9.8882
26699664,111.098335,27.991148,8.8337
26699780,111.064545,27.830591,7.5008
393745931,116.51007,27.64061,9.2204
285005290,138.50182,26.176338,8.33681
462487573,111.61624,26.322111,9.7791
117298795,131.55968,27.594793,6.4527
138659820,136.23865,26.36337,9.1453
126322765,135.32132,26.845972,9.9791
94915359,113.64539,27.408434,9.1012
94918864,113.690346,26.87355,9.9996
94919064,113.70658,26.575119,8.9998
97255849,122.616356,26.413551,8.6292
97255852,122.69758,26.418097,8.6498
95291377,116.05218,26.639452,9.8068
171524716,120.17907,26.549345,9.90792
95740502,122.33111,26.77383,9.0507
95740548,122.33032,26.866478,8.6725
302261616,125.76571,26.795984,8.00295
302263456,125.96322,26.685303,8.2206
126277471,133.87909,26.104212,7.9477
126314738,134.30626,26.559654,8.7653
126314771,134.28923,26.684654,9.2181
126314871,134.30984,27.088833,9.3163
3644468,127.07605,26.198673,8.0152
3717768,128.27936,27.297878,8.6187
3717824,128.18655,27.504187,8.6276
3753870,128.39696,27.44823,9.8357
3753910,128.40862,27.344957,7.7878
126314933,134.37155,27.325346,9.1699
94919091,113.71506,26.530489,8.5494
171524828,120.090294,26.307674,9.6844
462514154,124.92763,26.86475,9.3104
95291692,116.03805,27.140905,8.85269
97466072,124.44317,27.168697,9.33445
138666152,136.5441,27.661566,9.59411
462514237,124.882515,26.640913,7.93935
302261834,125.85222,26.21824,9.2879
302263606,125.92136,27.216705,8.66201
126277401,133.8642,26.409836,7.3623
95659796,121.89153,27.828636,8.97342
94918702,113.729485,27.13796,9.5856
138666226,136.62944,27.98599,9.9663
458382239,120.4603,26.536957,9.6292
155233279,124.696884,27.36797,8.27435
155233426,124.70032,27.805912,8.68544
126237775,133.54759,26.490055,9.66497
3717468,128.27017,26.284962,9.41119
172533237,143.24808,27.197058,8.14576
462512093,112.6649,27.908737,6.6813
171303795,118.438446,26.56419,7.038
171303902,118.37424,26.76579,4.8648
117507448,138.12971,27.675177,8.9913
172533278,143.18233,26.98853,6.3208
458382104,120.5049,26.850313,9.7434
117414820,132.69214,26.826841,7.12714
97413190,124.151215,26.369228,9.68914
130158779,117.21583,27.59161,9.61885
117415004,132.70158,27.564087,9.7402
97413127,124.14147,26.54197,9.51018
172534611,143.32213,26.870394,9.97131
94750820,113.05368,27.125156,6.19425
95168345,115.19097,26.786768,9.9995
446004422,111.365265,27.956179,8.96388
130182403,117.44877,26.263828,5.97859
95168510,115.17088,27.027605,9.1937
95168904,115.24942,27.649984,7.6396
94750809,113.02652,27.114536,8.32241
95168062,115.15512,26.303492,9.742
94750544,113.08159,26.726181,9.5934
130182388,117.40537,26.319216,9.10595
95169085,115.207375,27.94538,9.2023
26824714,111.83496,26.335371,8.8982
95740563,122.31587,26.90269,9.1563
95740934,122.399895,27.785275,9.4378
171427730,119.139,27.10539,8.9918
26923509,112.52436,27.761095,9.1957
95740667,122.42799,27.174503,8.1775
171427244,119.19968,26.105265,6.70275
171427751,119.14283,27.141981,9.2654
130181866,117.479416,27.363182,6.2683
171515604,119.66405,26.023413,8.23825
149394950,139.42596,27.48062,8.89388
149396367,139.48341,27.526041,9.22243
154966712,142.10036,27.071104,9.38426
149394965,139.39957,27.422184,6.3556
117161446,129.40674,26.621233,8.77248
154998136,142.27956,27.933441,9.44903
154998359,142.25873,26.64724,9.6847
117416525,132.80492,26.066526,9.8482
355125202,133.05609,27.666056,9.6465
171427673,119.16241,26.985481,9.49479
117221023,130.09114,26.20979,8.9258
126350298,135.61032,27.502916,9.4975
117378334,131.97588,27.98063,8.26544
125528859,144.74748,26.271982,9.523
125528903,144.63844,26.544281,8.74216
97384842,123.8374,27.532032,9.01689
117220981,130.09505,26.079681,8.76117
126278770,134.00096,27.240513,9.7326
82221051,148.4291,26.092716,9.1673
172516225,142.397,27.39385,8.31886
172516274,142.47986,27.163853,9.1408
117221165,130.08861,26.666529,9.82379
26700357,111.05497,26.971586,9.86503
171427503,119.24976,26.64123,9.4261
138687224,136.67366,26.056656,9.92161
95128211,114.97276,26.721746,8.0855
94819211,113.24142,26.496023,7.8563
126138203,110.22728,26.624092,6.8118
126138726,110.275406,27.43981,9.2455
94819335,113.20018,26.317146,8.5755
95074775,114.51915,27.937714,9.9467
171430264,119.30884,27.553274,8.8663
302188351,125.078224,27.814949,9.2026
332109952,135.1604,26.833494,9.76
94922482,113.82079,26.240326,8.7945
94818881,113.24333,26.967863,9.1576
94819418,113.16839,26.174473,7.6706
126192667,110.379456,27.923573,9.863
415637139,110.00536,27.09062,9.5302
415637148,109.989815,27.071173,8.6254
126197457,110.49507,27.285053,8.8864
26696134,110.93305,26.281265,8.44176
95124200,114.84937,27.126352,8.2499
95124602,114.808716,26.533535,9.8556
302187864,125.02055,26.371109,8.35555
302188024,125.003075,26.867565,6.78032
95740236,122.30905,26.205858,9.8322
126236377,133.4245,27.336693,9.5764
415637921,110.07784,26.0388,9.2873
462508285,111.787254,26.190502,9.6587
94746559,112.91464,26.709015,9.3974
171524143,120.12603,27.861528,7.9759
117163119,129.49344,26.564651,7.9607
458382084,120.53798,26.889572,7.8458
97256438,122.6009,27.876133,9.8933
302188066,125.09402,26.993872,9.8212
462508166,111.78424,26.373747,9.9559
171521841,120.01428,26.98918,9.2479
126236560,133.4264,26.498987,9.91803
126218564,118.1751,26.484835,9.96978
126138121,110.314964,26.494406,8.22056
126325291,135.48105,26.689651,8.7148
126349094,135.48418,26.207184,9.9098
126236473,133.45808,26.913244,7.7657
126138675,110.28583,27.3602,9.23413
126138677,110.23698,27.362747,8.54939
94819021,113.200005,26.720919,9.5908
126218915,118.16822,27.304953,8.84633
95740304,122.380295,26.335585,9.27195
126236648,133.33823,26.06018,9.25722
95740270,122.35543,26.271212,9.8341
94919291,113.735245,26.195343,8.2461
94922721,113.87423,26.589144,8.0183
94922737,113.83811,26.60231,7.2861
367518274,120.96438,27.778843,8.7323
367518331,120.92903,27.950325,9.9234
126321388,134.9712,27.517685,9.5628
97599880,126.56396,26.511751,7.1307
97599889,126.56784,26.531023,8.865
97599897,126.600525,26.552862,9.1801
97600389,126.630974,27.929602,9.6419
367518279,120.87957,27.794363,3.9731
97600373,126.61544,27.893583,4.32977
302188141,125.01608,27.217707,4.6583
126197293,110.58664,27.02604,9.80752
95617587,121.49342,27.157917,9.57888
97600051,126.594055,26.995996,9.9712
171368921,118.70042,26.939522,9.7747
171369332,118.63871,27.771746,9.7327
367518297,120.86645,27.845554,8.7731
462504636,111.647064,27.505415,7.0427
95123922,114.8434,27.58593,9.69718
302187965,125.02841,26.684381,9.9856
126321615,134.99141,26.434513,6.60145
367518278,120.96773,27.793343,8.63087
171368715,118.61466,26.56931,9.7248
126233260,121.23086,26.977182,9.393
171524594,120.12459,26.800892,9.8836
126233055,121.18344,27.600346,7.5268
126233371,121.19345,26.61997,9.1802
95662081,121.970085,26.987345,8.5948
95662410,121.95223,26.365541,8.203
94823207,113.390076,26.79038,9.1906
94964485,113.99193,26.762926,9.8984
126233272,121.1839,26.93637,9.88267
126233350,121.23572,26.68963,9.21991
95662068,121.933304,27.013287,7.8114
94964412,113.98063,26.895754,2.5255
94818438,113.222435,27.615686,8.8163
26827887,111.97895,26.175848,8.2179
26773346,111.214516,27.72272,9.8939
130181789,117.47684,27.518778,9.2435
130182288,117.49925,26.537895,8.8519
94964828,113.96001,26.275864,8.4663
171518792,119.82261,27.100073,8.52259
171518846,119.79757,26.997683,8.5023
130182275,117.505974,26.560312,9.8726
94963998,113.96526,27.514437,8.3458
95217377,115.5148,26.182634,9.8624
393745315,116.47286,26.252909,8.7488
26773447,111.15919,27.875156,9.5456
94818399,113.197945,27.650143,8.13952
26773115,111.17417,27.35528,8.74944
130181828,117.468575,27.443712,8.83592
171518598,119.80154,27.449123,9.37149
393745538,116.47099,26.725555,7.91042
26827924,112.003815,26.227526,7.22252
26773273,111.278076,27.6125,9.05833
26773454,111.193275,27.883596,8.62742
171518469,119.83079,27.742746,8.69658
393745465,116.464806,26.564333,8.70243
130182439,117.45701,26.2021,9.34887
117413096,132.58455,27.587013,9.5246
117413334,132.655,26.714882,9.269
117413422,132.54118,26.354362,7.2064
130257136,117.95004,27.498743,9.0355
130257363,117.9436,26.975752,9.2824
26860927,112.22488,26.618078,8.8009
117413144,132.56577,27.408514,9.50768
82204610,148.1909,26.00695,2.8345
95009168,114.21704,26.131363,8.6657
149363223,138.64949,27.783869,7.6317
138663199,136.26967,26.164759,6.3199
95008026,114.21316,27.874655,9.0161
95008688,114.270775,26.863504,9.6214
423084399,116.14539,27.480917,7.45676
95661680,121.91468,27.813139,8.0228
393763281,116.66798,26.626812,9.4562
393763574,116.68563,26.008097,7.6978
3800136,128.68446,27.49369,9.1282
138663357,136.34146,26.742062,8.4933
117410340,132.36711,26.001238,8.0398
149369679,139.25227,26.76904,9.2407
138663266,136.36255,26.442581,9.143
149364773,138.88814,27.265293,9.8695
423083786,116.09178,26.329231,9.7012
423083876,116.1689,26.489723,9.7893
423084249,116.07484,27.191853,8.779
393763419,116.72324,26.305458,8.9516
3799737,128.77141,26.062757,9.5656
117125013,129.19725,26.360748,8.3328
117355149,131.6829,27.100279,9.475
126318788,134.75882,27.635353,8.56
117381481,132.19456,26.977282,9.4862
97387625,124.00969,27.21278,9.5556
117354999,131.66075,26.529818,7.9549
117355317,131.71846,27.72412,9.7188
117355357,131.65417,27.907898,9.7925
117409957,132.33221,27.57458,9.7305
423084264,116.08143,27.220387,9.9213
285003976,137.48024,27.044905,9.8174
285005394,138.38635,26.549953,9.6378
149368676,139.08064,26.260975,9.5743
97463347,124.30664,27.474045,9.9967
97463718,124.29942,26.58094,7.5139
284992904,137.2233,26.661053,9.45605
393743167,116.431404,26.310379,9.2995
94961182,113.86185,27.918375,9.5873
26697142,110.9856,27.794523,6.59739
95213589,115.307434,27.550972,8.58906
171385806,118.78588,27.079767,7.41014
26922751,112.54492,26.558783,9.7681
95239524,115.668915,26.411448,9.6063
95239358,115.777275,26.109074,9.8055
171385435,118.83502,27.454943,9.4368
393742629,116.44633,27.526567,8.8455
97385241,123.81981,26.605364,9.9241
26699907,111.13939,27.637856,5.4399
26692934,110.78056,26.418953,8.98767
126322656,135.24768,27.336473,8.5747
302263865,126.015,27.98436,9.71719
126321593,135.01477,26.534388,9.42975
26692581,110.79656,26.987759,9.8272
117219581,129.93015,26.522116,9.8409
117299081,131.56685,26.684273,8.12167
117298797,131.56099,27.583445,9.7573
462487517,111.58567,26.24225,9.7596
126238058,133.5365,27.738981,9.7456
95572271,121.40421,27.530703,7.36165
97387277,124.02895,26.256832,9.40749
393742747,116.37958,27.234583,9.66843
26923271,112.49433,27.397783,9.8669
95572273,121.404396,27.529737,6.7075
138709820,137.11314,27.54313,7.7398
138709816,137.09946,27.53544,7.7191
126369027,136.02972,26.406021,9.7471
172518755,142.74344,26.540165,9.1824
138688613,136.9096,27.475388,9.71064
149451816,141.10616,27.655611,9.95133
117356954,131.77003,26.743702,8.7973
126368710,136.0411,27.898308,6.63162
172529744,142.82245,27.38724,6.56371
165326412,125.460686,27.438015,8.7493
26772502,111.206085,26.551565,9.62653
446003112,111.29242,26.115883,9.9807
95659095,121.88063,26.259874,9.56807
172518716,142.74796,26.759352,9.5874
95163954,115.12823,27.726192,8.0947
95164204,115.042046,27.315304,7.35869
126323923,135.4098,26.408499,8.1194
126324147,135.42935,27.544905,8.8183
126133983,110.17519,27.775705,7.7652
126134132,110.097755,27.517212,9.3282
126134349,110.116974,27.17187,9.4642
126134386,110.102905,27.113632,9.8166
126192734,110.42543,27.822165,8.6434
126192817,110.48511,27.681469,8.9729
126193804,110.386734,26.159235,6.54725
26776036,111.94616,27.540865,8.69019
117163503,129.55156,27.815369,9.2245
95164363,115.01683,27.057318,9.1723
95164895,115.01727,26.26119,8.6299
320195088,121.35738,26.29704,9.9654
126324227,135.43657,27.927187,8.1591
26776107,111.89483,27.412798,9.8753
95164004,115.12859,27.644154,9.7372
462511062,112.72144,26.002089,9.4218
462511351,112.63284,26.499653,9.0334
462511589,112.68037,26.95187,8.6264
462511699,112.620285,27.149252,9.2511
95072179,114.42176,27.790266,8.9896
458384864,120.612144,27.45908,8.8169
95079507,114.66798,26.898516,8.609
171516243,119.65905,27.339605,8.9269
130200155,117.55956,27.144884,9.981
367515103,120.81072,27.822353,9.16513
367515262,120.764404,27.450066,8.4733
423120110,116.87981,27.247171,9.6891
126324085,135.36787,27.19117,9.7969
3797881,128.62753,27.478256,9.8155
117123198,128.95883,27.433836,9.6647
117123201,129.02472,27.449383,8.7207
126322885,135.25433,26.252268,8.2955
126322908,135.20457,26.152977,9.6428
95079430,114.617325,26.787298,7.6785
130200423,117.55273,27.686628,9.6907
171521531,120.02676,26.346924,9.5554
367515314,120.72282,27.321476,8.7503
95079104,114.6714,26.304348,9.29904
117121070,128.81891,26.902481,9.34546
367515060,120.799164,27.931896,7.5577
171521630,119.91821,26.518402,9.2548
3797909,128.54863,27.413807,8.13867
171516248,119.69819,27.353258,9.7255
126193171,110.36838,27.068813,8.19481
26776168,111.82012,27.298746,7.86887
126323918,135.4257,26.3905,8.01939
126324222,135.45348,27.902597,5.8533
462511274,112.69356,26.36948,9.8683
126134331,110.19983,27.206053,8.9896
126134938,110.156845,26.214918,9.73572
95164757,115.0229,26.473791,9.39945
149367534,138.96986,27.884983,8.2747
26824659,111.85145,26.436005,9.8516
126134629,110.13405,26.726671,9.5816
415595789,109.898865,26.418503,9.9542
458384707,120.65793,27.096249,9.0391
95013064,114.37492,27.409973,8.8282
95072152,114.45301,27.750206,9.4146
95072143,114.44504,27.739065,7.94644
94923134,113.91292,27.204597,6.9823
462507471,111.72613,27.498037,8.0992
126215719,110.68872,26.5208,9.1544
26828636,111.95367,27.292479,6.54007
458384285,120.65461,26.144812,9.3707
94923042,113.89722,27.070522,9.7013
94923183,113.92826,27.268925,9.0087
126215722,110.651436,26.5168,8.4071
458384381,120.61328,26.381517,9.6143
95128647,114.96805,27.380074,9.824
94915607,113.56569,27.771557,9.5638
117276367,130.85368,27.077873,9.9519
95009179,114.33843,26.110567,9.7375
94923096,113.85556,27.148857,9.2894
95128920,114.87382,27.83959,8.5444
26828511,111.98083,27.091803,9.5509
26828810,112.02048,27.5678,9.65955
26865232,112.38667,26.186811,8.97214
171392291,118.92032,27.011614,8.7425
423083666,116.127014,26.077381,9.3225
415596116,109.87822,26.822918,6.13327
415596230,109.901215,26.954842,9.1284
415596537,109.87448,27.367775,9.6583
415596764,109.87594,27.679296,8.7382
458378437,109.82058,26.352446,9.636
171392542,118.93906,27.271782,9.7991
367518101,120.924484,27.325222,7.8259
458379181,109.79756,27.385511,9.50383
458378788,109.81456,26.807001,9.6999
458378916,109.810814,26.999954,8.04694
95629251,121.71016,27.011616,9.91034
95628583,121.758194,27.770897,9.9592
95630106,121.65103,26.138288,9.95766
367517787,120.95794,26.53699,9.62909
94746319,113.00617,27.065899,9.1875
94746743,112.91171,26.462032,8.4777
462504735,111.60579,27.659998,8.8226
26864144,112.45318,27.916128,4.07657
26864779,112.383385,26.928507,6.6135
462504401,111.65504,27.144289,8.2744
462504667,111.6758,27.553215,8.7579
462504706,111.591896,27.61303,9.8363
26864357,112.36847,27.586506,9.4139
95168295,115.23126,26.707443,7.8558
94750862,113.1321,27.19886,9.3106
446003965,111.37412,27.326235,9.583
462504690,111.60717,27.58683,9.7424
171521752,120.01783,26.823252,9.5388
26864858,112.480156,26.796242,7.273
94836898,113.28621,27.433912,9.2828
117162940,129.53545,26.048977,6.974
284992911,137.19722,26.629112,5.3497
423083856,116.1673,26.45211,9.14688
97387549,124.01092,27.014248,9.26374
149344678,138.5646,27.898567,9.52073
285003796,137.56433,27.90527,9.72292
285005362,138.40166,26.448622,8.9692
3799869,128.77365,26.556036,8.512
3799975,128.78337,26.944214,9.2098
95008247,114.27725,27.559267,8.8158
393763429,116.65028,26.292461,9.32023
393763565,116.67866,26.027443,9.47485
95623162,121.554436,26.231955,8.67553
117124776,129.18379,27.14573,9.2113
149364549,138.88742,27.915976,9.90519
126318876,134.69829,27.23345,8.7789
126319011,134.78558,26.65552,9.25029
149364546,138.8888,27.922174,9.8439
126367850,135.9753,27.60116,9.9882
117410241,132.37447,26.43382,9.6091
393763538,116.68302,26.092491,9.9766
117410015,132.26857,27.307034,9.40279
462508152,111.73014,26.402744,9.782
94840943,113.49053,26.149494,9.49673
462507625,111.74428,27.276873,9.73122
462508124,111.75738,26.443766,9.6118
320195931,121.27337,28.45625,8.9826
171523543,120.13276,29.207355,9.995
171305601,118.58674,29.658278,7.825
471011551,117.86077,29.167997,6.25245
367519122,121.05594,29.927517,9.9499
126214059,110.648964,29.244778,9.7711
801648882,121.27337,28.45625,8.9826
801648884,121.2742,28.45606,9.51078
801657881,123.18566,29.541834,9.4471
801657883,123.1851,29.541925,8.9593
801661929,121.05594,29.927517,9.9499
97312554,123.1851,29.541925,8.9593
740683097,117.86077,29.167997,6.25245
740941346,110.648964,29.244778,9.7711
117507742,138.1624,29.034842,9.902
149396581,139.47269,28.560568,6.264
471011546,116.32912,28.0262,1.16
423088367,116.328964,28.026136,0.443
171394304,118.8636,29.158546,7.7207
171394761,118.954155,29.66469,9.6116
171395944,119.01647,28.99726,9.856
171393984,118.961174,28.76638,9.6005
95625080,121.60084,28.207518,9.78012
171396007,119.078094,28.931799,8.547
95626631,121.5818,29.926964,9.766
95625368,121.513275,28.515034,9.1301
332064010,133.13687,29.526857,9.9261
332064718,133.11913,28.259163,4.1395
332064601,133.18564,28.457735,9.45531
332064600,133.18802,28.458126,9.46015
332064670,133.14922,28.330822,5.2058
117251373,130.35976,28.853165,8.2515
117251391,130.3527,28.87969,8.0628
117251893,130.41321,29.994476,7.7351
117251573,130.29517,29.278114,9.5385
117252547,130.53146,28.661917,8.75228
149467716,141.34381,28.315573,9.1103
149442602,140.79459,28.283873,9.7149
3575626,126.79764,28.931421,8.5332
126235447,133.27989,28.699184,7.932
126235710,133.25041,29.961538,6.40875
126235638,133.26633,29.533495,9.734
126235605,133.19678,29.404713,9.2454
284895869,132.41443,29.90094,9.5261
3646799,127.16243,29.121376,9.71098
126276225,133.84416,28.114288,8.61986
367518899,120.876396,29.407337,9.8171
367518947,120.855385,29.533892,8.65
3646511,127.11244,28.185799,7.7187
3646548,127.18316,28.310987,9.7534
302242754,125.67053,29.423086,9.1152
126312975,134.2131,29.270412,9.677
367564730,121.07888,29.273954,9.3207
171365067,118.5664,28.06692,9.8715
126318171,134.57504,29.458721,8.3676
171305837,118.51816,29.21139,7.0326
367564638,121.08405,29.480747,8.86415
302264657,126.04231,29.435608,9.4114
149416101,139.9913,28.292494,6.7461
284895856,132.2548,29.932512,9.5149
320196326,121.30757,29.549223,9.461
155230568,124.62475,28.764797,8.3258
320196346,121.30119,29.607346,9.8038
3666278,127.60175,28.636665,8.9429
138688729,136.9142,28.005856,7.08903
138688839,136.7995,28.375463,9.0214
155230596,124.69289,28.686438,9.9852
149416083,140.07149,28.207623,9.855
117108370,128.8404,29.04716,9.31912
117108286,128.94104,29.406397,9.5392
126351129,135.78185,28.170399,8.4025
126276959,133.89694,28.506405,9.271
126276880,133.96786,28.959368,9.1795
302303498,126.25921,28.356613,8.3349
97466549,124.462166,28.497522,9.05249
126351148,135.74254,28.086609,9.7821
302307264,126.49748,28.559893,9.98054
117277324,131.04434,29.586517,9.9847
117378878,131.984,29.845324,9.6807
302303562,126.25692,28.565353,9.4953
149398850,139.72986,28.27264,8.3055
117356243,131.79688,29.075678,9.8955
165326618,125.44113,28.143095,9.9397
165326940,125.480194,29.413725,9.4225
149451912,141.06805,28.11608,8.4719
165326784,125.39093,28.817907,7.4508
126350453,135.69496,28.30861,9.608
117379429,132.11111,28.113129,8.9549
95741840,122.35765,29.834478,9.7268
97252353,122.441635,29.851757,8.6473
97252473,122.53677,29.5436,8.7584
126350615,135.60262,29.117655,7.7879
302307215,126.52996,28.402975,7.09381
302307281,126.525696,28.628569,6.63151
117379248,132.01625,28.745398,7.5007
126350645,135.59209,29.208948,9.5186
302307277,126.43848,28.618196,9.739
126350401,135.68567,28.03478,9.7763
126235906,133.43272,29.144714,9.5896
392091356,120.406364,29.010916,8.2999
393766962,116.73148,29.447313,9.9676
462483335,111.52527,28.377432,9.9056
97253037,122.46749,28.133295,9.0431
95571734,121.5067,28.703833,9.7273
95571939,121.40067,28.25914,7.9181
95572074,121.39956,28.004753,9.9109
171305602,118.58672,29.6574,9.44166
393766894,116.79823,29.298595,9.7956
126324736,135.48515,29.524734,9.8629
3698178,127.878815,28.766985,8.6007
26924386,112.59293,29.191517,6.7796
26774175,111.19677,29.08608,9.3529
367514302,120.74568,29.86808,8.966
302207065,125.26752,28.331663,9.0382
302207233,125.26354,28.911295,9.0681
26863489,112.41265,28.969353,9.0889
97363017,123.46283,29.108704,9.9963
302206990,125.27829,28.087654,8.28164
138664273,136.40991,28.715107,8.2332
149418537,140.33304,28.458254,8.7108
126235328,133.32631,28.184954,9.9306
95121589,114.63315,28.309767,7.6401
97289919,122.85325,28.464752,9.4638
393762072,116.71362,29.336565,9.7444
302264453,125.9407,29.837599,9.7155
393762289,116.606,28.795973,8.83094
462513071,112.71033,29.667583,9.8367
26830394,112.126724,29.635147,8.8511
97252721,122.57264,28.900557,9.7857
94962620,113.96063,29.592062,9.9694
95122130,114.60742,29.231688,9.4838
95123595,114.74135,28.192476,9.366
171370665,118.83553,29.212881,9.8097
117252680,130.52853,28.360308,8.9867
117298364,131.53455,28.968723,8.0954
117412048,132.468,28.175074,9.5758
138688761,136.84767,28.120546,8.84764
126312589,134.0618,28.932644,9.04438
138689035,136.81514,29.081963,9.338
126312524,134.09563,28.667883,7.9668
462512815,112.73948,29.161572,8.05484
462513146,112.667274,29.829323,8.6423
97252630,122.49127,29.124989,6.135
117218706,129.87737,29.545776,8.3044
126321231,134.97525,28.236477,8.7603
95122614,114.79307,29.908936,9.6943
126191770,110.454834,29.404934,8.3654
126214243,110.65568,28.899754,9.9163
171364746,118.58486,28.757061,9.6416
302264415,126.02218,29.720959,8.64566
302264864,126.07243,28.750961,8.51552
367564774,121.09403,29.152351,8.65636
367564866,121.08348,28.960869,9.7174
367565108,121.0277,28.318756,9.6381
117164641,129.62744,28.190302,8.859
117356230,131.81613,29.111889,8.31023
117356344,131.84874,28.762617,9.72425
149451947,141.12553,28.323011,9.5066
117356522,131.78035,28.161802,6.0123
126368660,136.0163,28.090311,9.46464
95240559,115.67173,28.05605,8.3259
94838250,113.39793,29.64873,8.3948
415636187,109.98332,28.369774,9.4082
171447273,119.455086,29.679502,9.6166
171447617,119.524536,29.449894,9.1648
320195896,121.285904,28.341883,6.9826
320195990,121.37242,28.632858,9.2223
320196048,121.35107,28.78371,9.6137
117123880,128.97772,29.597212,8.4733
117123954,129.04066,29.856901,8.9452
117160057,129.3421,28.29439,5.88507
3697528,127.640366,28.965849,7.8614
95286503,115.82804,28.883522,3.2604
117505645,137.98926,28.871574,6.8737
95286831,115.84105,28.337112,7.6906
415635894,110.02137,28.75747,8.9721
95286916,115.93022,28.205942,8.9432
171446568,119.51842,28.184532,8.67305
95241564,115.7315,29.834213,9.00747
3575432,126.768875,29.573935,8.0953
94838021,113.324974,29.286955,9.35983
171447709,119.59498,29.224733,9.11052
26924603,112.51879,29.58387,9.7686
117418088,137.58559,28.742231,9.2371
138664398,136.47195,28.128077,9.77425
94817759,113.2258,28.659458,8.0769
26655053,110.78939,29.416658,9.0737
26655126,110.77755,29.304787,8.79306
26655496,110.84939,28.710104,7.4918
415672106,112.82294,29.216003,7.36309
446004922,111.41264,28.654991,9.9759
446005030,111.37774,28.833883,9.8012
446005045,111.31057,28.858145,8.9244
95211770,115.16072,29.234592,8.7971
95211881,115.24441,29.43471,8.5354
415671852,112.76285,28.780674,8.24782
95169587,115.15848,28.827934,9.01418
95169589,115.17214,28.831196,8.57027
26775532,111.88431,28.445415,8.90826
26654798,110.795784,29.855803,9.5772
95169341,115.24911,28.387974,9.06908
26655283,110.77084,29.075766,9.5014
149399420,139.91617,28.277674,8.804
171447193,119.474625,29.51683,6.9462
130180713,117.48832,29.935486,7.4354
130180751,117.456154,29.813742,9.7158
171447394,119.62364,29.961657,8.1283
171447395,119.63521,29.945507,9.683
117160255,129.2395,28.994778,8.7339
3800384,128.8085,28.190289,9.4779
117160407,129.28625,29.573145,9.9537
392091694,120.35869,28.172466,9.9293
171446684,119.4381,28.414667,9.2162
3800877,128.79929,29.782476,8.2181
117160607,129.35709,29.630892,9.3498
117418155,137.6054,29.037148,9.3279
117415691,132.89503,29.335419,9.3027
117415501,132.76425,29.707216,9.9746
3646917,127.10749,29.481068,9.4164
149416090,140.02663,28.24888,8.9959
284868743,132.12183,29.886414,9.8746
149396561,139.51706,28.499485,9.2295
101549643,130.81277,29.995361,9.8409
126213721,110.64108,29.824354,6.7431
154965348,142.04391,28.189392,8.0826
126198035,110.56214,28.18912,9.7567
126198317,110.51437,28.641918,8.8451
3662563,127.29928,28.58038,8.1309
149367597,138.99258,28.237883,8.143
117420343,137.87378,28.020746,9.7319
117420341,137.8712,28.019924,9.7336
423089829,116.9936,28.66743,6.84525
97290138,122.93918,29.009602,9.4027
171555450,120.23387,28.185146,9.6589
423089280,116.90964,29.884527,8.8272
423089498,116.96007,29.396507,9.5255
423089567,116.969894,29.25199,9.4806
117164379,129.68517,29.015131,8.81808
117164540,129.66998,28.569656,8.9981
117164652,129.67554,28.180403,9.5227
423089489,116.883545,29.416214,9.9884
423089556,116.944756,29.286415,8.9327
423090005,116.940384,28.299566,9.0201
415671357,112.78866,28.001488,8.3827
446005391,111.343094,29.36405,8.7899
130180185,117.327675,28.846073,9.0743
171395112,119.06464,29.852076,5.56763
117412361,132.4388,29.448883,6.3992
171395993,119.068275,28.946384,9.7375
130180024,117.31455,28.480446,8.12691
139253947,123.565956,29.986536,9.8672
171555434,120.26765,28.159119,9.7479
171396874,119.07263,28.0584,9.87963
117164031,129.5858,29.633001,8.437
423089601,116.99226,29.160122,8.76068
117164155,129.64914,29.803253,9.84
117163747,129.58415,28.639746,9.8118
97290352,122.851555,29.515068,9.53095
393746502,116.55514,28.825304,7.9626
95695642,122.28082,29.46628,8.9993
95741462,122.426834,28.907228,9.0198
95741538,122.39659,29.093077,5.7694
126322345,135.20978,29.083603,8.082
97600437,126.67052,28.06354,7.4307
117276686,130.88416,28.315962,8.9389
355124694,133.04028,29.853724,6.1811
367518629,120.88527,28.7532,7.7655
126322200,135.21393,29.796783,9.2335
367518551,120.94916,28.469063,9.8714
126322236,135.2798,29.625036,9.9382
126322325,135.28099,29.16803,9.6784
97600897,126.58874,29.342747,9.525
117280852,131.22783,29.954426,9.7153
393746575,116.543724,28.973417,9.1524
117280921,131.29214,29.66992,8.4093
117294757,131.2726,28.61641,8.6927
117280403,131.11334,28.453573,8.136
117280404,131.12003,28.456358,9.40371
126322311,135.24721,29.234528,9.2227
97600947,126.58106,29.463121,9.9023
367518777,120.95036,29.146185,9.8976
117280343,131.1445,28.300976,9.4277
126324608,135.41725,29.76083,9.859
126238229,133.50308,28.501348,9.5779
126238518,133.57097,29.792803,9.10858
126238729,133.70752,29.010405,9.96404
126324434,135.41241,28.966682,9.5589
126238324,133.51659,28.914112,9.909
171428934,119.244286,29.536293,7.5438
126368434,136.0936,29.268005,5.429
3715114,128.07225,29.319311,6.49428
94918003,113.73126,28.264292,7.7979
97257029,122.62835,29.461266,8.3672
171428581,119.162926,28.816456,9.9368
97412344,124.08415,28.401163,8.0956
97412475,124.103745,28.075806,9.0323
155233671,124.716934,28.680777,9.748
117277008,130.90839,29.257189,8.4155
126368558,136.09993,28.701923,8.4427
95006395,114.15432,29.458992,8.3058
95006625,114.127884,29.809875,8.9223
95007134,114.317215,29.28013,9.7472
171304601,118.427734,28.224136,9.6236
171305385,118.34712,29.756674,9.979
289587296,127.93141,29.995243,9.9925
3715210,128.02765,29.036758,9.9526
3715317,128.07483,28.589853,9.7643
117415130,132.72015,28.100769,8.4953
126368431,135.98749,29.272028,9.1889
284992519,137.2542,28.310816,9.6157
126350675,135.67424,29.375223,8.6427
155234034,124.751884,29.915455,9.88954
94917704,113.70205,28.751957,6.813
26698056,110.91086,29.269838,9.6456
95660017,121.844475,28.349892,8.9369
117221876,130.05722,29.093325,9.6802
117221930,130.02473,29.283169,7.9093
130158358,117.20794,28.579128,9.5431
171517851,119.85214,28.951534,9.8664
171299917,118.26191,28.640055,9.8438
355125130,132.94058,28.021734,7.9311
117273166,130.54956,28.88757,9.1454
171428346,119.15373,28.305933,9.6244
117221628,130.06458,28.337988,8.4494
117222134,130.18275,29.866943,9.4686
95741124,122.39282,28.196321,7.7059
171428444,119.14443,28.50582,9.1166
3665745,127.359505,29.544525,9.8307
95660125,121.81255,28.591846,7.82961
95660349,121.81677,29.085588,9.8228
117221549,130.07054,28.09988,8.3668
117221830,130.0208,28.9313,9.3179
117222320,130.22655,29.206442,7.0082
130158205,117.195114,28.918718,8.0923
171517751,119.84115,29.165346,8.885
171517805,119.8292,29.035166,9.5066
171517943,119.80917,28.765148,8.834
171518034,119.83774,28.577057,8.8929
171299822,118.280685,28.845612,9.3995
95628055,121.67376,28.3467,9.4028
355124946,133.0723,28.85652,6.3675
117273289,130.60667,29.245964,8.6172
302304060,126.3312,29.651747,6.732
302304222,126.40191,29.070934,9.9641
302304346,126.39071,28.621197,9.0052
94839528,113.45202,28.221916,8.8692
26697794,110.970825,28.839418,9.5031
117222524,130.17961,28.572798,7.517
117297820,131.34225,29.2191,9.3314
117297836,131.38815,29.268036,7.75784
3665410,127.37277,28.43353,9.683
130158363,117.253525,28.573961,7.73165
367565233,120.98177,28.026888,9.69468
117273344,130.60536,29.446882,9.2246
117273662,130.68,29.38738,8.68243
3666477,127.54155,28.081305,8.22602
171518076,119.80776,28.494753,7.8819
117297589,131.38007,28.445305,6.9019
117298176,131.56654,29.576355,9.5285
355124881,133.04227,29.134115,8.09347
171517846,119.86228,28.963612,9.05155
367565110,121.03036,28.313177,9.4019
117273306,130.55022,29.307743,9.41341
117298350,131.48698,29.009924,9.21269
130158421,117.248955,28.471361,9.7068
97311996,123.161964,28.136702,9.8871
171299875,118.31008,28.725601,9.98057
149438319,140.4299,28.50021,7.3562
149418554,140.2944,28.530014,9.2496
285003119,137.39322,29.080843,9.7996
117297957,131.40088,29.573883,9.4745
26863017,112.459526,29.7585,9.6037
3666051,127.61339,29.33428,9.80737
130158361,117.25343,28.57623,9.84542
26831281,112.17166,28.02416,9.9662
94745152,112.9222,28.836906,7.67816
126214721,110.69877,28.158545,8.8341
393742075,116.362335,28.752508,8.346
94916081,113.66888,28.502096,6.27815
94916210,113.63163,28.686579,5.86263
126214540,110.680016,28.443039,9.9883
126214558,110.670906,28.420536,9.6814
95212825,115.36064,28.76007,9.5063
95240539,115.73723,28.026516,8.7042
95213012,115.33961,28.467844,8.2034
95240578,115.76072,28.087807,9.3196
94744952,112.908264,29.235783,9.3225
126214274,110.622665,28.84253,9.7717
95212109,115.173965,29.827152,8.545
95240663,115.72177,28.24058,8.8841
393742077,116.44052,28.750141,8.3893
117222142,130.26328,29.82037,9.6187
94917566,113.74356,28.975924,9.94325
95660224,121.8425,28.791826,9.93573
126214128,110.73473,29.111338,9.9556
94916022,113.617744,28.410732,7.71208
94916244,113.64166,28.733389,8.0182
94961631,113.8499,28.627666,6.80577
171371047,118.78454,28.384184,6.9092
94916203,113.55047,28.673664,8.93209
26697618,110.97082,28.539545,9.12881
126214266,110.6991,28.85521,9.61759
4198454,114.96255,29.97649,9.48728
95241238,115.750046,29.262835,9.31142
393741754,116.414024,29.550968,9.57
95240949,115.77898,28.774881,9.43687
393741870,116.418594,29.28294,9.93069
393742163,116.40184,28.543707,9.7687
94816042,113.118,28.522585,9.1359
95234963,115.66788,28.833858,6.0998
95235262,115.62383,28.293348,9.6813
95235321,115.59673,28.220758,9.5135
97291114,123.0032,28.327736,9.253
97291039,123.01925,28.529295,9.7141
94838630,113.51155,29.65147,9.1409
332110381,135.08627,28.668701,6.0304
94838747,113.43528,29.450594,9.7963
95073851,114.583,29.368322,9.0662
95073946,114.58429,29.200903,9.8906
392091557,120.36544,28.499052,9.9843
97290791,123.05775,29.161947,8.9322
97290835,123.00925,29.047344,9.8724
138659336,136.13304,28.4285,9.017
138659160,136.20187,29.192541,9.7518
138659277,136.20053,28.728874,9.5087
26924482,112.593056,29.380655,8.6177
26923943,112.53394,28.4023,9.12
462483381,111.49427,28.30576,9.2932
458385714,120.68021,29.658045,9.19209
367514579,120.74687,29.18948,9.07305
3642856,126.83585,28.423605,9.22709
3698130,127.79874,28.922255,9.4537
393767031,116.83427,29.591562,9.431
138659348,136.20642,28.380037,9.7604
171523537,120.13387,29.212355,6.2749
392091144,120.36289,29.597298,8.57541
97290954,123.08287,28.757444,8.1429
392091376,120.35081,28.962906,9.53411
171522367,119.98949,28.05069,9.5988
171523480,120.06558,29.35858,9.83369
171523495,120.14488,29.31422,9.78645
171522343,120.01495,28.013802,9.8042
138666449,136.58057,28.965511,9.3517
95292898,116.031906,29.218327,9.8851
95694834,122.15937,28.494457,8.6354
97466778,124.47463,29.172007,8.2862
462513742,124.84867,28.227623,7.8124
3752590,128.27089,28.035372,9.5148
3752952,128.26921,29.334463,9.5678
3753269,128.32204,29.474285,8.9508
3753353,128.3825,29.214203,9.9196
3753358,128.40933,29.206884,7.7891
3753598,128.28638,28.381197,8.3344
3753322,128.29184,29.321949,9.8081
117508077,138.26895,28.965128,9.8408
3643551,127.047806,29.080023,9.7301
95122164,114.6271,29.291039,9.7826
171370342,118.80822,29.901901,9.83313
97290026,122.86641,28.752861,9.4288
95123244,114.811424,28.777145,8.84042
117298560,131.50084,28.389833,7.90701
302264267,126.00793,29.247158,9.2979
3714875,127.965485,29.711267,7.8294
171369897,118.627106,29.001837,9.01834
95694880,122.0728,28.597277,8.84679
95695075,122.12947,28.997637,8.9648
97466750,124.56059,29.079058,7.91598
97466973,124.4869,29.724789,8.99273
126315379,134.27779,29.21588,8.7837
3643547,126.964836,29.088444,8.43453
3753281,128.37439,29.452608,9.7962
149394777,139.40599,28.29868,9.90098
149396498,139.51031,28.148243,8.53977
117160476,129.253,29.782673,8.6352
117160934,129.42259,28.374468,8.574
138666445,136.55801,28.955202,9.78612
117160089,129.30289,28.386024,8.55927
332110668,135.1224,29.80562,9.6569
130181355,117.469055,28.491776,9.98398
117160706,129.4153,29.220228,9.84008
3800517,128.68205,28.674217,9.4536
95122978,114.74481,29.183613,9.76682
95122775,114.74479,29.59604,9.9535
117412177,132.52634,28.720446,9.7032
95121594,114.61303,28.317179,8.62325
126238166,133.56781,28.253315,9.5648
126321081,135.01553,29.040958,9.99653
126232900,121.13995,28.098484,8.7548
126191841,110.4243,29.29563,9.9481
126191604,110.43209,29.652142,8.60194
371209067,111.58257,29.968931,8.3499
126140341,110.454994,29.83695,7.8585
126192010,110.36787,28.976067,7.4084
126321087,134.94931,29.013638,6.5491
94839509,113.52368,28.252361,9.0114
97256483,122.683525,28.010273,9.9413
302203326,125.01849,28.44201,8.5292
302203561,124.9715,29.263498,9.6199
302203871,125.159096,29.569813,9.986
302203959,125.17013,29.28387,8.4819
302204016,125.183655,29.102468,9.9017
117355618,131.67426,28.759893,3.2186
130256382,117.97394,29.179783,7.24249
117124313,129.09354,28.7077,7.25502
130256311,117.96074,29.340992,9.7416
149344619,138.58308,28.209398,8.8368
117381797,132.17616,28.339474,9.7924
117409019,132.15971,28.612429,8.2706
95661050,121.986496,29.205717,9.2649
95661164,121.986664,28.956432,9.5993
117124256,129.14331,28.9399,7.9502
117124504,129.19705,28.01226,8.879
139359893,124.70764,29.880087,9.8193
302207636,125.51304,29.526888,9.5705
302207642,125.59833,29.517529,9.5671
302239317,125.56991,29.047209,9.1198
117355836,131.64828,29.512135,8.7612
117409235,132.22342,29.50887,9.2543
117355570,131.64064,28.633736,9.7974
423084918,116.17379,28.62861,9.3646
117124072,129.11739,29.558456,9.8384
423085054,116.11817,28.893051,9.8843
171523886,120.06614,28.452488,9.99147
302203479,125.01718,28.981104,9.69538
302203885,125.10155,29.523043,9.73434
171523945,120.06467,28.349543,9.7935
302203338,125.01765,28.470108,9.35154
95161955,115.000725,28.787153,9.9152
95162414,114.899445,29.607014,9.4987
95163255,115.093956,28.823502,8.27054
95163596,115.03201,28.266174,9.6029
117409109,132.23685,28.980894,9.5871
97312357,123.12813,29.053932,7.3676
126219579,118.15998,29.111687,9.9272
117412950,132.6485,28.117538,7.936
97312425,123.12037,29.25814,9.9878
130256347,117.9491,29.26787,9.8595
97312331,123.112946,28.986609,8.9624
462505211,111.62131,28.447153,8.3227
462505829,111.61684,29.6172,8.9914
462505923,111.55828,29.764729,8.5895
95162072,114.923096,28.994434,9.3735
95162639,115.050644,29.938366,8.0661
126219428,118.07294,28.696724,9.1238
126219810,118.188736,29.725676,7.7148
130256220,118.00947,29.59773,9.7697
95162797,115.04895,29.618559,9.49633
97312259,123.150536,28.82017,8.0087
126219872,118.12958,29.934195,8.6974
26697345,110.96379,28.122505,9.7317
26698834,111.129845,29.294233,9.2263
95072549,114.46829,28.338003,9.8451
95073119,114.45093,29.312405,9.802
130200917,117.57556,28.731262,6.72165
3797598,128.57132,28.469116,9.8259
117251524,130.282,29.168087,9.7661
172828023,126.38554,29.9977,9.5188
117252450,130.49374,28.88968,8.34227
458385132,120.6813,28.180836,9.9063
130200615,117.55743,28.0935,9.7699
117251638,130.37122,29.391804,9.8671
4166514,114.6427,29.920834,9.7622
3797604,128.66185,28.44372,7.99941
3797669,128.65204,28.22024,9.2736
126350884,135.84657,29.377361,8.7816
4623889,118.38564,29.995317,9.734
171516998,119.745865,28.995724,9.99135
126133786,110.091644,28.096325,8.1329
26774737,111.8508,29.87118,8.17958
26775025,111.91212,29.336826,9.0269
126232441,121.14292,29.43893,8.9495
26774831,111.93622,29.702646,9.9642
130180259,117.274925,28.993269,9.0271
130180367,117.3691,29.22853,9.7739
423088618,116.25333,28.544287,9.3783
130179968,117.34443,28.360693,8.722
423123746,117.095276,28.2106,9.0009
423123915,117.08628,28.553493,9.4142
423124016,117.1192,28.788748,8.1412
95219176,115.48086,29.125372,9.949
95219255,115.48847,29.283104,9.3049
95219362,115.51398,29.463568,9.8083
95234733,115.56727,29.244888,8.7514
423124005,117.12004,28.764244,5.99747
95219111,115.525505,29.02986,9.27085
415671446,112.80179,28.138924,8.0763
458381580,120.55793,28.184195,8.9825
94818014,113.27575,28.24982,7.6718
94818023,113.26493,28.238234,9.9522
94818066,113.22131,28.175873,9.3467
26773756,111.2585,28.392672,8.9863
458381541,120.48087,28.28442,9.145
95162597,114.99288,29.898884,8.0352
97312231,123.22836,28.741222,9.6881
130181399,117.44734,28.349741,9.12383
130181474,117.48759,28.198753,6.6933
458381175,120.51724,29.225485,9.9736
458381145,120.50107,29.312523,9.58763
458381402,120.46743,28.633663,8.17589
130181076,117.43029,29.075916,9.7676
94817541,113.19545,28.9877,8.95937
117219024,129.95732,28.503124,8.2404
126198850,110.56585,29.5477,8.50081
117415646,132.86287,29.521389,8.3096
126199030,110.517784,29.83768,7.7478
126198114,110.504364,28.30367,9.6547
126198250,110.55108,28.528196,9.98243
117418168,137.63524,29.070242,7.62118
3647181,127.318405,29.469309,8.28
3647213,127.34904,29.3527,9.50626
239157022,113.094406,29.971674,9.8272
26775034,111.88648,29.313442,8.47342
26829960,112.050674,29.425007,7.4364
126139629,110.26233,28.889633,9.8694
126139769,110.24253,29.089098,9.68539
26774703,111.93245,29.95189,9.75875
94837881,113.33212,29.02144,8.8324
95211736,115.25517,29.18636,8.7701
26775214,111.90601,29.017412,8.8603
26775296,111.899414,28.868425,9.8788
94837820,113.3572,28.917852,9.7985
415672327,112.84802,29.606586,8.9025
95169357,115.24992,28.424458,8.762
415672066,112.795586,29.162317,7.4087
94963260,114.03258,28.629496,8.3788
4131513,114.23296,29.908934,9.8063
97312857,123.32112,29.579544,8.9653
97312819,123.28696,29.65655,5.6573
95293002,115.9958,29.406052,8.3973
171393734,118.88575,28.521017,8.2929
462506995,111.763275,28.276829,9.5014
462506411,111.79078,29.287882,9.272
462506516,111.75358,29.098906,9.55333
462506527,111.76605,29.080666,9.3853
462507130,111.76842,28.0284,8.72656
171394944,118.91954,29.854864,8.44968
95292788,115.963455,29.029514,9.74237
26861880,112.33517,28.118277,4.9792
26861990,112.33214,28.313194,9.23949
95129250,114.99354,28.369236,8.2732
130201386,117.64954,29.741499,9.60887
130201595,117.66653,29.668165,8.88321
130201889,117.7204,29.043962,9.9237
94917204,113.72908,29.612194,9.9808
95129090,114.95729,28.107115,9.5915
130201318,117.5659,29.617142,9.7307
95129148,114.96364,28.20075,9.4516
130201322,117.60741,29.619873,8.7777
95162390,114.88667,29.559784,9.33556
95007188,114.33776,29.202194,8.9216
95007814,114.298676,28.23054,9.61305
117355623,131.66658,28.76506,6.5481
117409745,132.33092,28.340399,9.049
117123701,129.01515,29.034403,9.89575
95007757,114.25698,28.320972,9.9867
130255581,117.89132,28.907429,9.7072
95661386,121.98637,28.454361,9.99254
117355441,131.63312,28.190739,9.3724
95006597,114.16244,29.781178,7.91279
95006869,114.23746,29.68544,9.46618
171304504,118.33777,28.051992,6.91964
171428839,119.19375,29.331724,8.99515
117167455,129.84673,28.968674,9.32924
332064546,133.13948,28.557579,9.10713
462512239,112.71752,28.131308,8.6562
171429067,119.21733,29.822737,9.4677
3715063,128.07431,29.46708,8.2668
95006744,114.31606,29.869825,9.4279
117167361,129.78513,28.681265,9.3371
117167259,129.82478,28.31436,9.4417
117167344,129.84613,28.64406,9.8745
117277268,130.98798,29.75593,9.67753
171305342,118.39002,29.678282,9.9844
94917386,113.80165,29.310549,9.97272
97256847,122.60328,28.963617,9.53338
95005928,114.11365,28.690382,9.70634
95571451,121.43325,29.278028,9.7973
94962286,113.940704,29.7531,8.7568
26863984,112.45997,28.141516,9.197
171522779,119.98195,28.872005,9.6892
126133583,110.20267,28.404413,9.2903
126133294,110.137726,28.879276,8.8687
126133800,110.17711,28.07896,9.3174
94917054,113.72132,29.86859,9.67972
171523180,119.948586,29.849934,9.46672
126133148,110.12085,29.137756,9.6374
126133774,110.0952,28.122206,7.06756
126100598,110.20662,29.73419,7.06713
126100630,110.19446,29.680984,9.82055
400640127,111.77531,31.28556,9.2252
4285868,115.63293,30.060867,8.331
4624110,118.386635,30.479914,9.4441
741249816,111.77531,31.28556,9.2252
257241936,112.01705,31.28695,8.082
139254164,123.80818,30.503918,8.4547
740758591,118.386635,30.479914,9.4441
801682822,123.80818,30.503918,8.4547
302584473,133.55338,30.123495,8.48682
43104237,119.65638,31.295794,9.6608
43106200,121.60246,31.587627,9.87787
43104937,119.76185,30.305054,9.7212
43105421,121.67905,30.223154,9.8425
333523082,126.17249,31.585665,9.23734
333523953,126.13478,30.112894,9.2804
4130556,114.03381,31.844614,8.1387
165850495,122.78303,30.725763,9.4758
165858635,131.10097,30.486588,9.50088
165851903,122.85845,31.01224,9.3692
165852082,122.87938,31.304564,7.1516
165852154,122.89095,31.40801,8.30766
341526537,130.03006,30.553444,9.3358
341526362,130.08038,30.047525,9.4351
392071108,110.75611,31.766182,9.64579
392071145,110.67323,31.730625,9.82732
101547333,129.82204,30.49791,7.7075
101547524,129.78062,31.297756,9.8216
361985205,130.35625,30.847778,9.1969
101547376,129.72946,30.690952,9.317
4385592,116.36434,30.77815,9.5082
4374226,116.15884,31.11393,7.911
4374023,116.140625,30.72497,9.7395
4374147,116.129135,30.977072,9.16291
14858093,118.74183,30.858362,9.71943
14857313,118.537865,30.811838,9.4662
165851863,122.927605,30.973366,9.95647
14857852,118.76196,30.2828,9.3963
14857969,118.727135,30.568773,9.1353
4487068,117.081116,31.923866,9.1888
14857877,118.69117,30.341856,6.87097
361985297,130.31206,30.525078,9.58937
101547272,129.80093,30.260798,9.80052
14857458,118.61212,30.479315,9.4646
14857514,118.613304,30.352161,9.7141
14857770,118.656006,30.07383,9.3355
14858055,118.73801,30.782074,8.4451
14858123,118.68596,30.934395,9.792
172774695,125.41444,31.09518,7.3711
165884459,131.33926,30.697752,5.32474
284868858,132.11232,30.307419,9.2515
284868889,132.19383,30.479635,7.1167
462515791,119.24178,31.814909,7.5794
165797117,122.01948,30.516554,6.5772
284868879,132.10484,30.436012,8.4718
172825301,125.92315,31.393217,8.7608
4132133,114.206985,31.241152,8.0588
172824468,125.74026,31.585516,7.318
361950669,126.597145,31.846138,9.6339
361951186,126.4946,30.25994,9.8029
239139263,112.4473,31.895277,9.2441
4136259,114.37961,31.61369,7.861
139151768,120.879425,30.42893,9.4419
4298356,115.74316,31.88301,9.0564
172842493,127.72266,31.430668,8.7093
172843067,127.83427,30.723328,9.044
172897268,128.17384,30.387505,8.4734
172896951,128.29646,31.508926,7.4327
4298305,115.70662,31.993328,9.0092
4299018,115.74354,30.647453,9.1263
361920125,127.25184,30.127132,8.5724
172843381,127.78833,31.890902,9.4421
172897065,128.25012,31.113737,8.5116
172897078,128.31108,31.044817,9.9168
172843042,127.79992,30.625902,9.4332
4606380,117.98406,30.455173,9.7014
4606429,117.96898,30.336329,9.8043
4606456,117.95854,30.2464,8.132
361920308,130.45238,30.461336,8.9824
400728192,126.81969,30.340363,9.78
400728194,126.882904,30.343151,9.1632
172830980,127.36462,30.382381,8.714
239182276,113.37117,30.820078,9.9293
239182247,113.393394,30.85898,6.9869
239182369,113.38324,30.62858,6.4561
400711784,125.953606,30.657583,8.6898
4427590,116.72225,31.319422,9.2492
14898975,119.199005,31.584513,9.4544
239189644,113.76802,31.700035,9.9833
172775094,125.52933,30.204384,9.8663
172775423,125.53554,31.359797,8.7886
165884041,131.15802,31.018854,9.5314
289587327,127.93927,30.093716,9.8219
172775383,125.64962,31.230247,9.8021
139230599,123.35402,30.63433,9.8436
139201915,121.400665,31.315742,6.9761
139346374,124.64872,30.311878,8.0044
165884080,131.17844,30.877672,8.13765
14899021,119.08027,31.474062,9.5453
239151362,113.001236,30.941317,8.4186
4516484,117.66659,30.166462,8.9344
4386315,116.459984,30.362045,9.9651
172774621,125.439186,31.402948,9.881
461654792,121.833855,30.191433,9.4465
4161286,114.58054,30.695965,7.9076
172903369,128.82602,31.192167,9.4919
101547031,129.65881,30.712204,6.3113
239145441,112.68451,31.559162,8.13738
239138505,112.39612,30.630363,8.8419
239138780,112.45624,31.101665,8.4387
239139072,112.38801,31.58762,9.8271
239139195,112.4771,31.768972,9.6823
172900631,128.60258,30.347183,9.9729
172900760,128.62079,30.792885,9.2565
461654353,121.742294,31.563593,9.941
172903538,128.78264,30.637396,9.7686
172903554,128.76797,30.577982,9.56435
239143726,112.603,31.2704,8.5451
239143804,112.60428,31.14511,7.26298
101546935,129.6644,31.16065,7.4128
101547006,129.59964,30.829397,8.7199
239143889,112.53858,30.991325,8.906
461654359,121.84391,31.544691,7.8933
461654624,121.72967,30.731464,9.4778
400711526,125.99297,31.49784,8.9149
239157081,113.26053,30.017052,9.0336
172753254,125.1816,31.951918,9.8136
239156965,113.15008,30.085936,9.9648
4558309,117.6676,31.82345,9.1889
284899124,132.71007,30.341211,9.621
172753744,125.158516,30.174234,8.7249
239143609,112.624596,31.528906,8.965
239151932,113.03337,31.962082,9.68342
239143424,112.5374,31.87632,9.61853
400711585,125.97715,31.311115,8.8948
4136137,114.37648,31.843124,9.6683
257241994,111.933716,31.378948,9.7382
14899445,119.13464,30.501657,9.8326
239138216,112.344246,30.025612,9.6753
341526598,129.99362,30.684633,9.2922
165915073,131.75388,30.367401,9.1593
332110737,129.89186,30.05274,9.0598
257241937,112.01722,31.287914,9.29292
367435768,111.23878,31.546255,9.6443
4165887,114.60031,31.328663,7.23861
4166031,114.6048,31.000963,9.6049
341526758,130.03587,31.023932,7.50558
257242092,112.01263,31.512514,9.32406
332110930,129.9269,30.717588,9.05309
361920514,130.51799,31.193943,8.9115
43132255,127.04704,31.279203,9.97983
139365340,125.07623,31.506197,9.97298
361920436,130.52151,30.912264,9.22786
4432157,116.875885,30.437231,9.5446
139206081,123.118454,31.250736,8.049
4486028,116.8562,30.097446,7.4134
202356420,120.73159,30.639643,9.2053
172936154,129.11609,30.296837,9.7625
172936203,129.14684,30.115051,9.8808
4431490,116.86673,31.740683,8.2171
172936058,129.0228,30.692547,9.9787
172935812,129.09578,31.56912,9.34145
165820053,122.3458,31.764816,9.32153
139206118,122.99804,31.13019,9.85158
165819944,122.41405,31.327648,9.7126
139206183,123.128586,30.930956,9.84128
165884497,131.26176,30.860632,9.4711
239144891,112.728745,30.573933,8.5418
400644392,119.42852,31.334393,9.2055
302546286,133.39851,30.316462,8.9528
400711591,126.02449,31.300985,6.501
400711750,126.05227,30.740763,7.952
139203128,121.53511,31.720278,9.757
4246728,115.15648,30.535625,8.9543
139202952,121.55353,31.223343,9.9184
139203161,121.558945,31.802662,8.696
239183321,113.48877,31.04413,9.5233
284865089,120.17105,30.618065,9.4441
284865142,120.05794,30.731531,7.6712
14857223,118.5996,31.010334,8.49694
4373486,116.06656,30.137539,9.7683
239183418,113.59008,31.231459,8.53919
14857229,118.643234,30.99403,8.94097
172951278,129.54541,30.018888,8.57681
172824505,125.735275,31.454931,9.67164
172824770,125.75653,30.539467,8.66485
172824973,125.86827,30.176058,8.46472
172824651,125.70786,30.972105,9.616
14856834,118.55513,31.874182,9.39531
172951305,129.46204,30.092651,9.9325
4373146,116.09085,30.809755,9.99973
239123093,111.02151,31.951307,9.20778
101546875,129.68224,31.411348,9.28671
165914991,131.74268,30.695673,9.3541
165830903,122.544,31.952772,9.70702
172900988,128.6617,31.554077,9.6319
172843253,127.76819,31.374918,9.80704
172897053,128.19754,31.164759,9.8803
361920093,127.28971,30.210571,9.0015
4298680,115.781006,31.243334,8.7913
361919590,127.26505,31.792725,9.1194
361919884,127.32122,30.790169,9.01272
361950692,126.55919,31.781694,9.9268
361920076,127.27059,30.283337,9.6571
172897041,128.23567,31.216463,9.3917
239132010,112.16392,30.277859,9.9996
400728484,126.77094,31.285892,9.161
172900354,128.55544,30.460537,9.3897
4299486,115.95217,30.076008,9.5635
239132174,112.198074,30.540918,9.0681
4300058,115.91189,31.172964,9.6308
4300258,115.976746,31.630062,9.2719
4300388,115.976974,31.887667,9.6951
172897877,128.44153,31.72731,9.5817
239157484,113.233894,30.740847,8.9253
139202399,121.380646,30.117773,8.2385
4299609,115.84576,30.295498,7.9615
14880613,118.88057,30.007015,9.3915
302584331,133.53839,30.387989,7.7688
392064101,110.54265,30.279787,7.6619
239128288,111.187294,30.183638,8.5255
139253633,123.58654,30.927273,9.1898
165819612,122.34786,30.342813,8.7527
165819618,122.34978,30.34704,8.1732
392064455,110.57245,30.867487,8.21759
165819683,122.29143,30.552916,8.28435
139254453,123.71629,31.294054,8.83181
139254215,123.80051,30.664507,9.52499
172933554,128.93007,31.359768,9.7776
239151722,113.025955,31.58038,9.9072
4516679,117.64978,30.645338,9.68086
239151356,113.00999,30.929224,9.08343
400730914,127.0816,31.62159,8.6989
239158098,113.258095,31.785059,9.3963
239181781,113.38706,31.695034,8.66673
172903259,128.77771,31.537611,9.27149
239151897,112.99982,31.874685,9.86409
239151874,112.95723,31.857895,9.9107
239158222,113.25397,31.995663,9.66092
400638313,111.44616,31.380348,9.092
139201656,121.36106,31.991003,8.4578
302905664,110.34491,30.651262,9.58253
400638471,111.48188,31.124872,9.39639
139201677,121.31109,31.93385,8.8547
239194146,113.976456,30.979311,9.6775
361980750,120.01876,31.591778,6.8119
361980881,119.9677,31.264393,9.3909
361981790,120.27441,30.78307,8.8461
239188900,113.85373,30.236227,8.75639
361981569,120.278435,30.256779,9.65768
426643313,120.35954,31.6114,9.7984
165834598,122.72327,31.983572,8.7912
426643352,120.362175,31.732872,8.06852
139151721,120.827774,30.57701,9.8346
426643322,120.3755,31.638674,9.7024
139152147,120.98203,30.572905,9.71816
139152204,121.009865,30.746965,9.65397
239132979,112.1492,31.86388,8.2445
367435273,111.32783,30.721926,9.4886
367435286,111.32203,30.7472,9.55788
4165965,114.712776,31.130074,9.45992
4558420,117.77572,31.615953,7.57809
4558423,117.750824,31.613537,6.65368
139254618,123.78238,31.827848,8.34171
43110864,126.953896,31.841425,9.9244
4427861,116.792274,31.937569,8.1043
14898930,119.10241,31.695576,7.2364
172753606,125.18473,30.65858,9.91814
172830698,127.46358,31.375593,9.11095
172830702,127.459366,31.369654,9.54823
139270094,124.00374,31.491388,9.8611
239127889,111.1593,30.856525,7.1312
165831483,122.56247,30.011915,9.7812
172830643,127.354485,31.61588,9.851
239127429,111.22156,31.664621,9.8774
361950907,126.52337,31.135824,9.30052
361951010,126.51615,30.861734,8.73598
239127995,111.10498,30.682728,9.18213
426643141,120.42603,31.172579,8.91474
239127301,111.106544,31.923388,9.69009
165831790,122.5886,30.809069,9.8868
4132158,114.25735,31.314337,9.8271
289587343,127.901535,30.138681,8.1607
462515547,119.281944,31.134718,8.80018
172774724,125.4685,31.006947,9.70292
165884122,131.14357,30.641712,9.9781
239189252,113.78044,30.93863,9.5527
239189396,113.82265,31.221832,9.1674
4623069,118.22875,31.824436,9.8325
4623146,118.26213,31.633722,9.5636
4624086,118.428444,30.42941,9.8221
172828351,126.36955,31.049671,8.41425
172828460,126.359406,31.367409,8.2744
239189268,113.786674,30.960924,4.461
257242219,111.94744,31.71558,9.8253
172828353,126.44554,31.060774,7.9915
239137106,112.25737,31.993843,6.8591
4624167,118.38799,30.605074,7.6291
139227185,123.23635,30.443169,8.49369
4623151,118.26572,31.62822,9.5868
139227189,123.16023,30.459282,8.76721
4623657,118.258446,30.375954,9.54322
139227256,123.20596,30.661306,9.6923
172828543,126.44041,31.68775,9.96578
4198632,115.13305,30.199265,9.7558
239187687,113.65086,31.889149,9.0868
239156270,113.159004,31.352308,8.5004
165796344,121.92387,31.712378,9.8681
139192957,121.057465,31.592201,8.8582
4490942,117.124565,31.15489,8.8389
172950834,129.3831,31.447588,9.7128
4198596,115.03963,30.132343,9.9162
4490841,117.22858,31.371658,9.7639
239156345,113.061516,31.2197,8.9199
239156407,113.06611,31.102058,7.0222
239187716,113.60965,31.850023,9.12701
139231179,123.505585,31.106876,9.8807
4490815,117.23449,31.432428,9.5389
239132819,112.14589,31.610474,9.5769
239132906,112.125984,31.753336,9.972
302911201,110.46867,31.084364,9.1661
302911204,110.45393,31.083632,7.1008
4385884,116.28088,30.23452,8.9866
4386196,116.41621,30.12291,7.2996
4387064,116.46385,31.824219,7.7357
43105782,121.59034,30.829561,8.2715
139206402,123.12581,30.364067,9.2025
239194063,113.99677,31.130465,8.7032
4385814,116.38021,30.359913,9.7131
4386686,116.49757,31.080015,9.436
4387065,116.540344,31.830706,9.7949
332145803,130.17995,31.240047,8.981
289587491,127.89667,30.643099,7.7759
239187696,113.65603,31.869495,7.4167
165796397,121.91565,31.551317,7.5776
165796686,121.900444,30.68291,8.1536
165796775,121.964516,30.43661,8.1645
4491044,117.1849,30.909952,8.21693
239137207,112.278076,31.784876,3.8275
139193206,121.14413,30.869568,9.85673
289587855,127.90844,31.754156,9.8198
165796533,121.97714,31.179289,9.4799
4198591,115.08587,30.125278,9.3187
302911780,110.494865,30.032412,9.2237
239183636,113.46663,31.647654,9.0348
139152292,120.928345,31.015299,8.48573
202355990,120.70986,31.878542,9.2682
239137326,112.24111,31.536549,8.9733
239137662,112.210106,30.858154,9.8868
239137664,112.26052,30.856997,9.7114
239138010,112.29894,30.23753,9.5122
20657751,119.83049,30.449364,7.7159
361981384,119.95625,30.09586,8.6196
202356188,120.70423,31.320757,9.0279
332146314,130.63474,30.645449,8.5392
172933260,128.98187,30.410835,9.3502
239137272,112.29182,31.64205,9.24902
239137596,112.302414,31.009094,8.58686
20657310,119.85744,31.502436,8.96274
172933154,129.00613,30.018013,7.6011
20657638,119.79158,30.720098,8.19045
239137960,112.26155,30.338615,9.49964
172933328,128.9967,30.643936,8.81725
4559860,117.922646,31.285902,9.166
4560045,117.844315,31.651188,8.4818
139230733,123.38137,30.204916,8.1889
139193951,121.17852,31.168386,9.3445
139194115,121.29995,31.611174,9.8189
400639994,111.6505,31.059195,9.1975
239194279,113.97246,30.708433,7.7319
239193906,113.98706,31.461449,7.661
239194017,113.96284,31.219296,8.8685
4197988,114.98276,30.964613,9.1709
4198000,114.96923,30.931604,9.7205
4198270,114.943855,30.37108,9.6776
4246286,115.224365,31.310394,9.9677
139203166,121.452126,31.813229,9.7273
4491940,117.35004,30.718273,9.384
302911227,110.41367,31.044344,8.1666
4559061,117.75561,30.261885,7.2567
400708178,119.60986,30.406363,8.5088
165831070,122.466255,31.378576,9.03847
302911375,110.38856,30.747303,9.5626
4559036,117.78224,30.300552,9.8961
239121738,110.86967,30.285347,9.5872
400708191,119.54877,30.447767,8.5312
400708205,119.626465,30.469248,9.8531
139360153,124.89222,30.716429,7.6424
400708314,119.54487,30.674927,9.7987
400708468,119.58689,30.998371,7.7998
239121455,110.88892,30.786316,9.994
239122804,111.01484,31.44135,8.4113
139206212,123.06025,30.846481,7.7087
101549433,130.71121,31.04684,9.3711
239145234,112.66347,31.186258,9.2776
239150949,112.92737,30.226025,9.9456
239151488,113.003815,31.176147,9.66
239121495,110.82736,30.730007,9.2598
239122131,111.01149,30.262585,8.6829
14880081,118.8435,31.29385,9.807
172900394,128.47038,30.331852,8.4771
361981956,120.191734,31.166761,9.7803
361982160,120.26551,31.718187,9.2146
139359864,124.705765,30.013508,9.0609
139359916,124.94826,30.008434,9.9981
139360089,124.843834,30.545502,9.6123
165890672,131.51082,30.729155,9.7107
165890685,131.44008,30.659225,9.5514
172844620,128.17181,30.65893,8.3141
172844681,128.1343,30.834063,8.0928
371209447,111.597404,30.486204,9.0406
4197696,114.95748,31.53939,9.41679
361982177,120.21443,31.742258,9.87639
165831158,122.56064,31.061539,9.4067
4285235,115.51277,30.99416,9.4876
4286360,115.67761,31.009857,9.0101
4286574,115.62304,31.430582,9.8083
139269385,123.8755,30.552332,9.7218
4285916,115.58055,30.167858,5.4949
4286478,115.631256,31.237886,8.4067
4286117,115.623764,30.56512,8.3715
139269112,123.856926,31.38657,8.6156
4286342,115.63005,30.972486,9.4054
4285867,115.63444,30.060556,9.60193
4286080,115.64291,30.509148,9.40136
4286466,115.611534,31.210445,9.05804
239182894,113.48274,30.223463,9.77114
239182983,113.52885,30.381647,9.3131
139269002,123.92835,31.769518,9.2481
302911308,110.41841,30.873299,9.2657
4559468,117.87599,30.530325,8.246
302911288,110.38896,30.911922,9.9082
239157786,113.215546,31.2838,8.91118
239157790,113.27809,31.286486,9.147
239132512,112.090065,31.122696,9.10757
4299199,115.707535,30.33715,9.66502
14880356,118.88221,30.569386,8.45157
14880467,118.92345,30.355654,8.2848
302584410,133.59746,30.217821,7.69237
4299179,115.82959,30.365202,9.798
4299535,115.844955,30.156374,9.9283
239122788,110.96502,31.42124,8.7037
239122686,110.98833,31.234928,8.2887
239122485,111.02546,30.86278,9.37894
165818992,122.14672,31.395842,9.4673
165819067,122.26333,31.195393,9.3524
139253814,123.555336,30.393515,9.5547
139253843,123.57247,30.316612,9.8912
239149639,112.842636,31.9612,7.4652
239150140,112.8491,31.045874,9.9823
400639027,111.46593,30.279985,9.8274
400639724,111.66302,30.650831,8.7399
400640345,111.66503,31.619993,6.42535
400640451,111.73784,31.750843,6.9151
400640577,111.761375,31.937595,9.5716
400640332,111.70486,31.60233,9.5428
239129191,111.920746,31.149706,9.75336
239129020,111.8172,30.905859,9.4948
239129202,111.85576,31.163157,9.5675
139206132,123.11128,31.101784,8.2399
43104160,119.67946,31.394474,9.2328
239129364,111.814865,31.444948,9.7927
165832137,122.63545,31.798208,9.7593
257241533,111.97939,30.61698,9.207
4246986,115.14623,30.06334,8.4782
4247571,115.39355,30.899738,9.0398
4247872,115.31124,31.491537,9.7268
4247977,115.309586,31.677855,9.3919
4130926,114.111885,31.10912,8.1898
4131086,114.1407,30.79133,8.834
4247397,115.32736,30.55541,8.1974
4130654,114.10316,31.66449,7.8562
4130943,114.06414,31.081331,9.8997
4131446,114.088974,30.023027,9.9788
4131548,114.27049,30.015133,8.6163
257241363,112.018135,30.322403,8.2558
400639658,111.76377,30.542082,9.8806
239144880,112.7548,30.563715,8.1618
172900250,128.50116,30.880985,8.58207
14880038,118.80383,31.435043,9.51785
239144596,112.66165,30.0497,9.8334
139359993,124.86982,30.232574,9.78523
139360038,124.91616,30.353613,9.81592
371209683,111.507034,30.814884,8.7969
371209827,111.55868,31.007345,9.5763
392088074,110.67526,30.390274,9.8721
239183645,113.50795,31.664923,9.658
239188067,113.64601,31.201157,8.6659
371209666,111.601456,30.790518,9.9519
239188122,113.67064,31.114616,8.3208
371209963,111.63369,31.192678,8.79881
371210100,111.61006,31.382586,9.9172
4607449,118.08936,31.888208,9.7464
4607191,118.13696,31.225626,9.9117
400731218,127.10569,30.559313,9.96254
4607245,118.16153,31.367815,9.97458
4606714,118.215744,30.166174,9.31771
400644739,119.48235,30.465857,8.8219
400728256,126.899994,30.550018,7.8171
371210476,111.527435,31.896688,7.0702
239188267,113.680984,30.815296,9.97607
239188270,113.65873,30.801825,9.4668
4386873,116.41255,31.424318,9.92283
139151372,120.86544,31.63124,9.9687
4386944,116.447685,31.574032,9.609
801691222,123.95583,32.177193,6.8645
801704556,122.3765,32.221138,6.6968
801704554,122.3769,32.221893,7.4579
741321701,114.62594,33.71153,7.6093
741315096,115.383575,33.40868,9.1297
4196732,114.899216,33.462666,9.81398
165818533,122.23479,32.81983,8.407
4248829,115.383575,33.40868,9.1297
165820201,122.3765,32.221138,6.6968
4164713,114.62594,33.71153,7.6093
139268899,123.95583,32.177193,6.8645
239129929,111.87502,32.383736,8.324
139192487,121.03496,33.030815,6.606
4300927,115.87401,32.446907,5.2147
4301259,115.89777,32.790726,9.9146
4301593,115.861046,33.133934,8.3424
4301808,115.98206,33.37109,9.8911
4301810,115.93089,33.37232,9.6361
43110779,126.92092,32.025967,9.19324
43106686,121.59154,32.32152,9.77241
43107119,121.70057,33.04395,8.7123
43103141,119.674866,32.986683,9.9915
392070599,110.77941,32.266838,9.4199
4375248,116.19335,33.13631,9.70443
4374833,116.18714,32.345963,8.12184
14858698,118.72577,32.28471,6.9715
4487243,116.98702,32.320595,8.9362
4487675,117.099464,33.272293,7.6265
4375107,116.234474,32.869484,8.7744
4375457,116.13924,33.565273,8.1956
4487483,117.02874,32.856968,6.22582
4375383,116.162964,33.415607,9.4077
14858763,118.71564,32.493347,8.0558
4487769,117.05158,33.485985,9.185
14858602,118.75073,32.033485,9.9526
239126220,111.14129,33.897736,9.8301
462516001,119.26623,32.428955,7.7191
4165260,114.60258,32.54876,6.54
239146577,112.68092,33.710472,8.911
4387651,116.53904,32.95923,9.8062
139150973,120.86809,32.887638,9.5081
139205678,123.06707,32.554066,8.6105
139203468,121.4733,32.704517,8.2198
4512117,117.24717,32.493702,8.72108
139203296,121.56183,32.217434,9.6253
4245385,115.248924,33.03144,9.5681
165796176,121.97542,32.311638,9.8203
4487578,116.96613,33.06371,7.7817
371230149,111.55631,33.37241,6.8048
4517368,117.61635,32.101936,8.3622
239187055,113.64114,33.210876,8.2459
4162176,114.54733,32.438465,6.58413
4555425,117.565605,33.1996,8.5452
239152177,113.04333,32.449257,8.9862
239126827,111.0871,32.745773,9.6246
239126864,111.21477,32.693813,9.6041
367436148,111.29966,32.18592,8.436
367436470,111.32796,32.741997,9.8242
239126671,111.116875,33.039158,7.3427
4164940,114.58638,33.18676,5.75282
367436855,111.2435,33.4409,8.2197
367437005,111.25426,33.71544,7.4194
139205823,123.09999,32.085926,9.02
239126766,111.17613,32.85196,9.6005
4624902,118.46253,32.334713,7.3796
4625079,118.40475,32.705807,6.8739
4625247,118.48026,33.1248,7.3548
257243235,111.998566,33.445034,9.0731
4607810,118.149734,32.69903,7.534
400709176,119.493515,32.94101,6.2486
257243047,111.98326,33.102535,8.7651
4607514,118.15104,32.00561,8.8855
400709059,119.49473,32.602573,8.66383
4377691,116.285995,33.49481,9.929
4283893,115.51864,33.6803,9.4753
4377925,116.27225,32.99675,9.9764
4384664,116.36801,32.733334,8.5154
4384921,116.38667,32.21237,8.8257
4287299,115.62344,32.917133,8.0448
4604982,118.03684,33.610672,9.1038
4287359,115.67434,33.03046,9.7169
4287627,115.59183,33.627136,9.5484
4287686,115.59879,33.752697,9.0178
4390805,116.6664,32.03664,9.8737
4287670,115.59583,33.723625,9.9444
4133066,114.272484,33.262367,9.6338
4133148,114.221664,33.443497,7.6769
4605242,117.95106,32.97431,8.8657
462515874,119.29515,32.066467,9.71536
4605059,118.04449,33.4437,9.8253
4390436,116.67092,32.793743,8.88775
43106478,121.672066,32.02479,8.5651
239123734,110.95602,33.04064,9.7091
4197116,114.88708,32.6801,8.451
239181602,113.32521,32.04011,9.591
239124127,110.98371,33.667656,6.4534
239124129,111.04996,33.66795,9.1539
4490222,117.20202,32.673378,9.6182
4196783,114.89993,33.370594,9.8164
4555606,117.62396,33.64816,9.94635
400730816,127.10095,32.04985,9.82447
4162799,114.54124,33.708218,7.8715
4490412,117.15602,32.278183,9.40185
4196781,114.91577,33.377293,9.0452
4162152,114.55172,32.392643,9.2635
239189887,113.86031,32.204746,8.7047
4428193,116.79979,32.76024,8.66558
4428290,116.81294,33.011066,6.4962
14898643,119.15447,32.41863,9.7366
14898489,119.16517,32.88118,9.1398
4162476,114.54571,32.976578,9.3248
14898793,119.179504,32.045544,8.6458
14898806,119.08646,32.030277,8.8745
239142832,112.57365,32.94891,9.775
4135255,114.34743,33.65996,8.0147
4135489,114.42266,33.20305,9.8959
4135613,114.39142,32.903713,9.657
4135886,114.334076,32.34304,8.9625
400709272,119.56754,33.181885,7.8912
239142758,112.54827,33.10885,8.9388
239142759,112.619514,33.107944,9.78275
400709359,119.538185,33.399315,8.63962
400709314,119.525795,33.275654,9.69995
239124216,110.94993,33.869053,9.6145
4489956,117.18519,33.265354,9.97614
239186807,113.63945,33.73248,7.8327
239186871,113.70559,33.589245,9.1812
284865993,120.054,32.778683,8.8619
361980544,120.04015,32.059155,8.7034
165818614,122.285126,32.57578,8.5816
284866059,120.14829,32.920902,8.2933
165818534,122.23099,32.81797,9.61495
165818644,122.173904,32.484386,9.97315
239186891,113.65705,33.561928,9.4223
239129930,111.87348,32.38384,8.9904
239130028,111.92034,32.565525,8.7989
139304549,124.22543,32.46365,8.3295
4371825,116.00161,33.457195,9.8941
4372518,116.10668,32.0846,9.4286
4371941,116.075516,33.233242,8.7679
14856549,118.50911,32.54247,9.38394
284865709,120.079216,32.088352,9.61796
4297963,115.83708,32.665344,8.97735
284865719,120.09448,32.12277,9.4605
4298296,115.731094,32.0104,8.7165
400636947,111.4607,33.779594,9.4717
202355898,120.68342,32.185863,7.6886
20657047,119.79755,32.17166,9.135
400637832,111.47014,32.148796,8.9733
400637625,111.50138,32.500416,9.87716
14881892,118.9758,32.974716,7.3865
139150978,120.77681,32.864185,9.73576
239130428,111.87467,33.314133,8.8603
4387871,116.45999,33.36219,8.3835
239193381,113.98969,32.452232,9.7492
239193521,114.00578,32.17138,8.7904
361980271,119.90986,32.695786,6.8435
361982536,120.31951,32.70734,8.9334
4387396,116.438385,32.469322,9.9293
4387778,116.50968,33.19253,9.3284
4607644,118.17151,32.299515,9.94851
361982350,120.26502,32.20744,9.252
239152963,113.034676,33.87562,9.87358
257243310,112.012665,33.590237,9.62589
4515250,117.392166,32.246162,8.75253
4197458,114.97539,32.009743,5.80372
239193209,114.02153,32.839905,9.0181
4196986,114.89712,32.94184,9.0749
43106577,121.66646,32.165314,8.53083
371210800,111.58351,32.347775,7.3497
139229977,123.37174,32.61315,8.4762
139230091,123.31402,32.226204,9.387
371230059,111.51548,33.234478,7.8555
371230257,111.59539,33.537304,9.7481
371230270,111.52097,33.55151,9.37
239142789,112.59661,33.06406,9.1038
4487300,117.0207,32.46541,8.9348
4487851,117.08085,33.70424,7.51273
239142428,112.503975,33.759747,9.3243
239142537,112.51342,33.54478,9.4355
165820251,122.37645,32.362682,9.5658
239142966,112.57965,32.70754,8.91202
400637055,111.45447,33.56718,8.15498
371230165,111.60711,33.396805,8.99248
371230191,111.52958,33.434933,8.7602
165820256,122.319374,32.375706,9.52526
371229998,111.5595,33.153576,9.97015
239142538,112.612724,33.539757,9.92056
400636863,111.40627,33.92184,9.6136
20656665,119.81144,33.063725,7.553
367437153,111.328094,33.983345,7.7106
14881549,119.03179,32.081898,8.67249
239120161,110.82548,33.17585,7.7078
14881940,119.047264,33.103218,9.72359
14856192,118.61482,33.35615,9.43645
4430642,116.84295,33.564342,6.4384
461654074,121.7652,32.41491,6.85968
4430718,116.87635,33.4157,3.5026
461654118,121.859505,32.317673,9.8916
426643707,120.35236,32.662945,9.7227
400643882,119.38593,32.65671,6.9311
4244980,115.25053,33.828373,9.25149
4512352,117.27125,33.024437,9.17507
4512501,117.37347,33.34119,8.6552
400711283,125.96683,32.29349,7.499
400643950,119.42005,32.48332,9.65821
426643504,120.44688,32.150585,8.09253
4245726,115.22773,32.418064,9.765
461653896,121.79177,32.98218,9.32346
461653899,121.84213,32.971767,9.785
4164712,114.62579,33.71241,8.7825
4557781,117.8046,32.9799,8.5928
139254713,123.73706,32.149235,8.90512
4557666,117.75982,33.233654,5.9349
239126929,111.19913,32.5891,8.00149
172753130,125.1713,32.3956,9.1311
4557868,117.760254,32.78019,9.76809
139254844,123.71134,32.502106,9.97623
367437042,111.29425,33.784836,9.9679
462515957,119.21951,32.316948,9.9861
4165500,114.587524,32.02457,9.4539
4557950,117.672195,32.631413,9.8952
239146688,112.70187,33.936813,9.3266
4077282,114.04645,33.7983,9.3615
4284612,115.49899,32.252087,9.718
14882094,118.99832,33.460316,9.2583
239152209,112.950615,32.528355,9.5757
239139552,112.37591,32.450607,9.34319
239139830,112.4844,32.970413,9.0485
139192519,121.06006,32.90823,8.8873
139268810,123.90633,32.468628,9.4414
139192531,121.1194,32.884907,9.8003
400728712,126.83401,32.065506,9.5761
239146578,112.67959,33.710827,9.148
14879806,118.821655,32.062996,9.29891
239155129,113.10122,33.500896,7.7441
400637797,111.39744,32.225506,7.9687
4284576,115.55464,32.310703,7.7617
239155120,113.0887,33.5103,9.1317
239149492,112.89661,32.24755,9.2609
139201595,121.37653,32.17079,9.5622
400637750,111.49733,32.29589,9.12145
139201467,121.3956,32.49927,8.84284
4077860,114.12652,32.666397,9.5709
4248199,115.36956,32.184387,9.0095
4248429,115.42226,32.61103,9.5114
4077588,114.14959,33.202896,8.0654
4248151,115.354225,32.076122,8.9708
4248568,115.3862,32.8949,9.9878
4248830,115.38329,33.409645,8.67278
4077772,114.05851,32.836067,7.4388
239134119,112.07494,33.943283,9.0676
4248446,115.30037,32.633076,9.54948
4077323,114.11523,33.7007,9.8436
400637694,111.3843,32.378674,9.9617
400637427,111.48209,32.86111,7.46187
14859021,118.66959,33.149075,8.20496
4377577,116.34655,33.73613,9.908
400637445,111.42028,32.83776,8.9915
239184381,113.60014,33.135048,9.1012
239180753,113.358505,33.683155,8.8784
239184282,113.568,32.917778,7.4726
20658929,120.55791,32.588226,9.62437
4560428,117.84586,32.4835,8.2474
4560533,117.90503,32.69118,6.9455
239184732,113.55498,33.81453,8.1839
239189987,113.84571,32.399883,9.8483
239190039,113.75452,32.491978,9.5545
239190113,113.75536,32.641937,6.5414
239136591,112.277016,32.954865,7.806
239136764,112.24702,32.677216,7.97
239137036,112.322655,32.13305,8.456
257242413,111.92791,32.035923,8.6474
4514590,117.453804,33.67594,9.5627
239136498,112.29331,33.14321,9.9391
165852561,122.87554,32.09275,9.88059
239181282,113.38864,32.626198,6.997
392065317,110.61583,32.309372,7.9792
239190062,113.81333,32.537487,9.8836
239148630,112.874504,33.88991,9.6998
239184815,113.5403,33.98108,9.2148
239136340,112.234184,33.4551,9.10641
165852811,122.91106,32.45716,6.152
4194258,114.80839,32.81741,9.1425
4622906,118.30828,32.2012,7.8698
239181336,113.39846,32.55639,9.92842
239181476,113.37924,32.288918,9.14856
239137012,112.30313,32.179287,9.29807
4193943,114.81845,32.221523,9.49892
4622725,118.35659,32.595413,9.87191
4622908,118.34052,32.19766,9.4148
20658959,120.57691,32.66914,9.4547
20659019,120.56556,32.869347,9.6278
14882061,118.95937,33.353493,8.8182
239149032,112.89258,33.147564,9.3754
239119870,110.914154,33.732536,9.6152
43103604,119.632,32.236275,8.5918
400708892,119.53498,32.17118,9.0464
239158828,113.27,33.20271,8.3133
239158668,113.31165,32.86184,7.45187
239152605,112.98546,33.19625,7.812
239178757,113.25812,33.991405,7.6523
239178697,113.294685,33.869072,9.4958
239158708,113.22324,32.923485,9.9023
239184377,113.60288,33.122562,7.83728
165832314,122.622284,32.401344,8.99146
239178731,113.290276,33.946247,7.5922
371210625,111.52136,32.10908,8.47822
239178691,113.22743,33.85661,9.31747
239158691,113.20454,32.89765,9.9062
239155253,113.16352,33.19659,9.4423
239149601,112.77027,32.034336,8.7843
239193257,113.934875,32.718452,9.8163
400640883,111.66686,32.50703,9.5536
239133619,112.19614,33.04238,6.59556
239133071,112.09859,32.031384,8.6907
239133465,112.19616,32.740322,8.4044
239133670,112.20133,33.12902,9.1657
4284339,115.473595,32.76289,8.8153
239133764,112.14868,33.290886,8.1842
4194549,114.83389,33.518356,9.6806
4283806,115.48102,33.84762,8.4322
239193187,113.951546,32.891495,9.6531
239133160,112.130196,32.133667,9.3098
4194583,114.84001,33.59396,9.70206
139203370,121.48076,32.42413,7.91124
4608167,118.19245,33.575466,8.3422
239139779,112.46186,32.8662,9.83465
239140041,112.40983,33.405697,9.81599
239126169,111.22057,34.019833,8.4514
400641712,111.69975,34.08401,9.77251
371230656,111.56929,34.18359,7.1667
371230552,111.58335,34.00458,9.7796
239178764,113.23637,34.007214,9.1725
1002549140,203.5682,-0.31412563,7.8757
1002549141,203.56773,-0.3137734,6.9888
96243247,181.19957,-0.22667143,9.8222
953310411,181.19957,-0.22667143,9.8222
953168508,194.11066,-0.9545986,6.7906
953168510,194.11098,-0.95463204,6.9845
62858091,160.22998,-0.783423,8.742
130725942,203.56773,-0.3137734,6.9888
78272077,177.27666,-0.338332,9.32
78290370,177.61133,-0.515905,8.958
10005000136,191.28615,-0.46191,9.945
10005000106,193.09213,-1.19969,9.491
175711766,194.11066,-0.9545986,6.7906
175741087,195.11171,-0.514187,8.414
62857734,160.15141,-0.466204,9.983
289512435,180.0841,-1.131912,9.379
51778958,191.10516,-1.4895985,6.9005
56772587,182.82343,-1.9339929,9.66547
380164625,175.85425,-0.6736429,9.8752
380164692,175.89664,-0.85800165,9.6582
380164732,175.8586,-0.94504774,8.7972
502564326,190.41476,-1.4494021,8.2587
81988659,176.18915,-0.08665507,8.4693
81989250,176.15025,-1.3848407,6.2265
81988809,176.10939,-0.37879652,8.7593
81988876,176.16,-0.5722822,9.84308
8002833,157.57283,-0.6370288,5.21414
8002966,157.59607,-0.96544546,9.6616
8002682,157.54832,-0.29340348,9.4885
35097098,181.0497,-1.5378637,9.8522
114982916,201.25504,-0.27838528,9.7178
175394700,198.94089,-1.7855211,9.8457
130711875,202.93764,-1.2393547,7.0925
114958965,200.92984,-0.7191739,8.8194
114958785,200.83542,-1.4978844,8.8303
130717522,203.35663,-0.06287422,9.8361
130717900,203.40256,-1.6388927,9.6467
157858620,204.48283,-1.5741032,8.1965
61098840,205.43498,-0.26671645,9.9168
130717850,203.43462,-1.4248558,8.7152
82157145,197.98854,-1.476163,9.0749
157858476,204.51083,-0.8442916,9.3414
61098812,205.4543,-0.12806493,9.87229
61098813,205.48204,-0.12914178,8.3924
66779495,200.47302,-0.8735531,8.9821
115071316,202.07796,-0.84019387,6.8321
157843665,204.09145,-0.5668953,9.766
130692119,202.77109,-1.0347219,9.9447
115011101,201.77657,-0.69892794,9.5913
115011114,201.77415,-0.7413537,9.9957
124654383,196.54192,-0.9331066,9.169
130717539,203.43425,-0.16232328,9.64435
130717355,203.24763,-0.61438805,9.73848
130726180,203.67331,-0.59583545,3.1856
130725832,203.58939,-0.86648214,8.4165
130726287,203.64192,-0.99993503,9.40475
157858555,204.56384,-1.2875893,9.163
124654309,196.54529,-0.6383427,9.2693
114985234,201.40292,-1.7713292,9.5713
82072938,196.62787,-0.49728668,9.6515
82086616,196.80608,-0.45154747,8.8873
82117851,197.4034,-1.8522413,9.5877
115008065,201.43713,-0.4539301,8.1081
157843530,204.1833,-1.2605926,7.4593
82118237,197.36148,-0.097805984,8.51057
82154079,197.68443,-0.6951597,9.0018
82118422,197.517,-0.6167554,8.30634
82153664,197.62639,-1.0205781,9.7725
82086541,196.72363,-0.18960035,8.2628
82086890,196.72343,-1.9046556,7.2827
82154015,197.6798,-0.418809,7.3072
66693528,199.07794,-0.968983,9.8717
175406480,204.90666,-1.5952022,9.98097
175406431,204.8507,-1.8251435,9.4854
273727520,195.70282,-0.7944273,7.2291
273727634,195.6106,-0.19368918,9.8284
115082805,202.6768,-1.6948233,9.4813
130711848,202.87535,-1.1425177,9.7246
66779265,200.49611,-1.7842404,8.2503
157838641,203.85323,-0.38910183,8.6501
115010567,201.55627,-1.4378787,9.4337
115011186,201.75214,-1.000318,9.5994
157843405,204.19405,-1.8862444,9.31758
82118592,197.47774,-1.4036834,9.06482
124614057,195.99997,-0.8687515,9.7084
82088773,196.81976,-1.6856948,8.91374
82089581,197.03662,-1.9751923,9.73777
114959622,201.0452,-1.986627,9.38212
257787524,198.5248,-0.25652912,9.0161
157858441,204.44614,-0.6258328,8.9286
115018303,201.82121,-0.26979956,9.8724
157858244,204.41174,-0.1658511,9.93917
115018254,201.89525,-0.56224364,9.964
157858229,204.37643,-0.22148469,8.41033
157858434,204.5516,-0.59348387,9.85589
115071771,202.14708,-1.0984322,8.4484
66693422,199.10619,-1.3905399,6.35919
115018082,201.80397,-1.2977486,8.8241
115018334,201.82983,-0.1374916,9.3226
115078931,202.3351,-1.07092,8.8298
115018461,201.96013,-0.20013893,9.4839
175740826,195.08687,-1.6118199,9.5782
1002739455,200.92955,-0.719535,9.2622
114959626,201.02975,-1.9942627,9.47571
114982772,201.08754,-0.3158508,7.68231
130711786,202.95041,-0.8635467,9.47153
115079547,202.44707,-1.3969091,7.5366
115018287,201.87238,-0.37707108,9.044
130691942,202.86731,-1.7241464,9.65519
157838845,203.99806,-0.5776708,6.8759
157838906,203.96916,-0.9648952,7.5431
115081836,202.562,-1.8950628,7.83578
157838982,204.0192,-1.3495878,9.3188
66782242,200.75761,-1.5127105,9.66824
115018497,202.01161,-0.31683496,8.4002
157838901,204.06104,-0.93098986,6.528
115010633,201.54756,-1.1924725,5.8209
292113060,198.1908,-1.7583894,4.2929
82156321,197.8597,-1.5434127,9.2356
66769068,200.39919,-1.9670854,8.9115
66779422,200.55418,-1.163784,9.8154
66779671,200.53224,-0.06776353,7.03804
114982948,201.19164,-0.48285818,9.50787
66734016,199.76842,-0.09390102,9.94916
66733702,199.7428,-1.2694638,7.70999
175406554,204.89781,-1.2242883,8.55531
115018898,202.01466,-1.8818386,9.4344
175401675,204.76094,-0.16097398,9.4967
386640031,195.19725,-1.3483155,9.9322
130714410,203.04863,-0.49922597,8.1495
130714506,203.02823,-0.05421432,9.8895
130714291,203.03508,-1.0269244,9.11007
115018139,201.85703,-1.0695316,8.84875
53280806,192.79059,-1.7483058,8.3172
124611259,195.7381,-1.507217,8.696
175740811,195.09412,-1.6888144,9.8448
53280050,192.59946,-1.8250436,7.5539
175709867,193.91875,-1.7199695,7.7932
175713915,194.37952,-1.9744409,9.1591
175714498,194.4781,-1.2118063,9.9986
82115322,197.1273,-0.88298213,9.91909
82115395,197.07394,-0.48305598,9.6709
175401406,204.60197,-1.0003184,8.66359
175401223,204.60788,-1.7682624,9.9501
175401348,204.67476,-1.2380999,9.37224
82089303,197.04398,-0.7467701,9.6997
66768691,200.33963,-0.585217,7.395
115078869,202.31215,-1.3644277,5.51189
175737289,194.73183,-0.8437897,7.9818
130714470,203.02805,-0.2236935,9.44901
175741086,195.11168,-0.51529306,9.8263
115010865,201.60646,-0.21801397,9.6816
292115556,198.42596,-1.565866,8.4506
115017960,201.89815,-1.8380507,9.5766
130634940,187.68109,-0.10601044,9.6967
124622925,196.12639,-0.10065153,8.6844
124622599,196.12297,-1.6875134,9.8338
124622773,196.16054,-0.7283097,6.0205
124623231,196.29634,-1.1652669,8.1671
124622608,196.10477,-1.6531641,9.5316
175709677,193.98958,-0.8253125,8.58587
175714366,194.40962,-0.5531689,9.9473
53280771,192.74336,-1.5856043,9.29438
115011008,201.72382,-0.25462756,9.69879
115071828,202.15248,-1.3380847,9.2861
53280799,192.73082,-1.7201633,9.56048
115011391,201.70761,-1.8668065,9.9836
115071805,202.23299,-1.271199,8.36801
422244511,193.88582,-1.1246006,8.2945
175370783,188.98369,-1.4146078,7.7518
130634938,187.62602,-0.10988875,9.6914
124622539,196.09337,-1.9737675,8.91389
66766055,200.10393,-1.6575149,9.68564
175736908,194.61504,-1.0518094,7.85777
66715027,199.37439,-0.6760711,6.1032
66715232,199.42291,-1.6404129,9.46341
66715246,199.36324,-1.68413,8.41884
51735845,190.41516,-1.4492974,2.0688
66779859,200.62006,-0.57882684,7.4419
51759579,190.8906,-1.0959877,9.4711
51759656,190.92694,-1.4385824,6.6113
349554362,192.04858,-0.15661743,9.8187
51759266,190.8205,-0.20455989,9.6402
51759568,190.99394,-1.0725788,9.8674
51759683,190.90854,-1.5769961,5.1385
115018224,201.85576,-0.7336905,9.9826
175740933,195.03192,-1.1859468,7.26201
257739428,195.27142,-1.3364619,9.3325
124613695,195.89352,-0.580554,8.802
115018701,202.00923,-1.1524748,9.5781
115082423,202.7241,-0.23107578,9.4245
124623292,196.2346,-1.4429461,9.239
292114865,198.28436,-1.5273886,9.43572
287175958,198.83745,-1.7460148,8.2021
292115251,198.50127,-0.08168822,8.6666
292115462,198.4177,-1.119875,9.9278
287157044,198.84477,-0.054621037,8.9853
147679098,185.31837,-0.25165528,9.11668
94923981,186.38562,-1.2393734,8.8249
94924078,186.27278,-0.72583187,9.8908
130642387,188.54668,-1.3054671,9.6753
401442862,193.50346,-0.34842384,9.9548
147679114,185.40758,-0.15799701,7.10075
53287638,193.0508,-0.92901933,6.3705
66666691,184.80945,-0.13835128,9.7481
349551577,191.63492,-0.8215455,7.4238
349551609,191.66676,-0.66244054,7.4547
124614045,196.07588,-0.8071183,9.6878
53311488,193.36699,-0.7637196,7.875
94924490,186.46266,-1.1105902,9.0565
130609884,187.53365,-0.80744076,9.6475
51625175,189.49316,-1.092576,9.997
147684227,185.76965,-0.9359965,8.9486
147684115,185.7045,-0.24973048,8.85612
53312543,193.6633,-1.8528494,9.4386
53304435,193.27504,-1.166117,8.7613
130590700,187.34552,-1.2330186,6.9629
51688270,190.26509,-0.6205053,7.8948
53312788,193.5544,-0.6613324,9.526
130590642,187.25642,-0.90154177,8.7464
269977892,194.84102,-1.1303425,8.0419
175737401,194.70372,-1.416657,9.1464
130590733,187.26535,-1.4266798,9.7599
114985216,201.3229,-1.847195,9.00566
175738529,194.97163,-0.23032601,8.00945
175741475,195.45526,-1.1830945,9.9354
175741554,195.39934,-1.5287619,9.72529
66629232,184.42131,-1.9157392,9.7335
51758898,190.80106,-1.8852109,9.6566
66628676,184.31964,-0.71285385,9.6477
386639866,195.13692,-0.52992433,9.0644
386639979,195.23436,-1.0969524,9.4411
349554423,192.02658,-0.3592827,7.4878
51759194,190.77513,-0.5383393,9.22924
51759306,190.79175,-0.0022886246,9.66938
56813183,183.34735,-1.4453577,9.3164
51759782,190.9817,-1.9729017,8.35732
124614255,196.06792,-1.8798064,9.4053
94924318,186.4191,-0.28217793,6.99908
94940137,186.69106,-0.18331695,7.4721
94926525,186.57526,-1.7382742,8.7043
175712243,194.17436,-1.6284944,9.4834
175712103,194.17,-0.8486641,7.6439
56755309,181.77536,-1.0378834,9.878
349527991,191.3825,-1.3258808,8.612
175712150,194.2356,-1.1034616,8.0277
56755345,181.71545,-0.81670964,9.5713
130635109,187.76254,-0.7256665,9.5071
175377614,189.18651,-0.18780805,9.4827
175377780,189.22878,-0.49478197,7.7059
94940302,186.66849,-0.9213563,9.4106
175377592,189.09462,-0.2934046,7.6841
147679292,185.48935,-0.59530246,9.7501
147679321,185.53053,-0.76196665,9.406
53287585,192.97934,-0.63398266,8.7836
115018440,202.00108,-0.13172194,9.83042
124613550,195.90936,-1.1290692,9.21279
292073853,198.13141,-0.89970815,9.9978
53304448,193.2235,-1.2516009,8.79373
130609534,187.42398,-0.65668464,9.51679
401443065,193.53506,-1.4713923,9.02936
130642510,188.54834,-1.8471582,8.83245
349525678,191.16219,-0.37373394,9.4731
175370643,189.00246,-0.70929587,9.13292
130637818,188.01854,-1.7723576,6.7315
130588265,187.10097,-1.1987156,8.9038
130588236,187.02344,-1.0973041,9.6074
94924521,186.4871,-1.2756001,9.8109
130689532,188.67334,-0.23719832,8.3354
130689343,188.58571,-1.1769049,8.2436
56810620,183.09587,-1.1703718,9.1166
130689350,188.657,-1.135152,9.986
56810645,183.0631,-1.316344,8.9659
130689297,188.5966,-1.407611,6.0843
56810606,183.00774,-1.0979264,8.7066
56755325,181.71167,-0.93651116,9.6622
94924019,186.32492,-1.0699224,8.60931
51738696,190.75197,-1.9892164,8.96252
349552035,191.78427,-1.1299075,9.6676
94924597,186.40866,-1.6134098,9.4853
66666611,184.80757,-0.5979596,8.85539
66666693,184.70631,-0.11241666,8.88599
147679020,185.31645,-0.6495402,9.30122
94924543,186.4866,-1.4045748,9.63123
130635318,187.7926,-1.6564771,9.9014
349446655,183.85068,-0.26674905,8.0034
349446302,183.75008,-1.3265929,6.6154
269918709,192.48322,-1.5329559,8.9576
51690308,190.38194,-1.9618189,8.542
175394202,189.39156,-0.40385446,9.2774
51690554,190.34889,-0.7165435,9.6273
51690417,190.29547,-1.4545504,9.1554
51663524,189.85269,-0.2960967,8.2126
349554460,192.08023,-0.48912406,9.73895
175737593,194.71762,-1.9455078,8.5643
269919151,194.78096,-0.42835298,9.2537
175737515,194.74272,-1.762388,9.8388
51688029,190.04782,-0.58158445,9.88703
62941119,176.96896,-0.7513249,9.7741
62940978,176.94632,-1.4299109,9.0905
349456864,184.0436,-1.7603885,9.3717
35016989,179.4125,-0.17916758,9.5613
349446462,183.76659,-0.57003886,9.48334
130640065,188.30339,-1.4386399,9.64346
130639861,188.24535,-0.2734648,7.91375
53287532,193.04475,-0.37727648,9.17842
130637553,188.0491,-0.43267596,9.5084
53304380,193.23856,-0.9124736,9.17103
53287537,192.95465,-0.3921887,9.94421
56810771,183.02309,-1.8410391,9.26498
56810421,183.06297,-0.12413456,8.7839
35063280,180.36638,-0.3787534,7.50509
277226097,183.49994,-1.2153816,9.2856
277226163,183.54071,-1.5908072,7.3559
175394243,189.31946,-0.18739745,8.56963
173144460,172.9037,-0.6245135,9.4744
173110161,172.78261,-0.82588017,9.1041
78274082,177.40733,-1.3720672,9.283
78288091,177.46399,-0.20428143,9.65259
96177906,178.9113,-0.077943735,9.58062
96178138,178.90096,-1.0701914,9.6234
421192215,178.43192,-1.6942165,9.7817
147677012,185.22441,-0.22442235,9.51133
51663692,190.00046,-0.5293466,9.2227
421192400,178.49893,-0.5295974,9.5876
180203437,188.85414,-1.7635652,9.567
35028503,180.2343,-1.2337699,9.3377
78311976,177.96071,-0.88241565,9.6071
35028453,180.31631,-0.94388163,9.2156
94940126,186.64226,-0.14881364,8.8466
94940337,186.68704,-1.0831676,9.6324
35017238,179.59477,-0.7272424,9.7953
35028593,180.25725,-1.7681658,5.26093
35028591,180.27934,-1.7315518,9.8438
175377586,189.16273,-0.33458176,9.69051
175377736,189.28487,-0.2441214,9.5774
66664300,184.668,-0.7871857,5.74657
175377527,189.15698,-0.6106478,8.96906
96197710,179.35219,-1.0943303,9.6962
96197822,179.31645,-0.5902655,9.6409
35022318,179.87363,-0.7293904,8.8467
35022044,179.89153,-1.9186122,6.30702
35063870,180.48529,-1.9225105,9.6668
35017111,179.59573,-0.20376216,9.3752
56760449,182.22234,-0.7589022,9.59081
49417695,173.49582,-0.9358529,9.5102
56757936,181.9863,-0.66044986,9.3512
82070280,176.7626,-0.9515296,9.9908
82070329,176.80595,-0.72253364,9.3777
82070372,176.71092,-0.46721223,9.8027
94893076,186.11014,-0.4805933,9.67433
94893296,186.20735,-0.38802332,9.9181
130610137,187.58134,-1.9425249,8.7961
94892918,186.04262,-1.2435274,9.4431
66672266,185.16966,-1.1254348,9.1245
66671861,184.97646,-0.6668332,3.8581
66672076,185.14186,-0.2652077,9.5709
51642736,189.78392,-1.3870094,9.4479
96198073,181.16397,-0.28076643,9.6665
96198313,181.1459,-1.308662,8.8418
82050576,176.22661,-1.4029287,9.1338
82050764,176.25577,-0.517851,6.48348
62941209,176.9443,-0.33227372,8.3254
62941177,176.97314,-0.4656681,9.4193
173144396,172.86456,-0.31308824,9.77756
446674377,178.27892,-1.4067794,9.9148
35063289,180.36423,-0.36462995,8.47333
277226175,183.54411,-1.6421453,9.15673
173146553,172.93657,-0.89387494,9.8928
66630950,184.4684,-1.9767785,9.8289
66630978,184.51175,-1.8238614,7.2647
82070510,176.81638,-0.15905143,9.03256
66672050,185.06325,-0.14460087,7.93939
82070121,176.75012,-1.6293389,8.27295
66672079,185.14497,-0.28596348,9.6852
49430829,174.37547,-0.54752713,7.0797
49430557,174.23721,-0.82374614,3.4462
49430837,174.31984,-0.57802916,6.7568
81988385,176.07368,-0.40196747,9.9623
35020198,179.83493,-1.6014942,9.2496
35019521,179.69688,-1.0332323,8.94314
35028572,180.2607,-1.5924263,8.5245
289512916,180.10094,-0.6917592,8.69372
62941680,177.12946,-1.6148134,9.7593
78272078,177.27518,-0.33836797,8.8946
96243063,181.19348,-1.1602619,8.1897
96243486,181.3666,-0.97183,8.6157
56760791,182.35768,-0.75853354,7.4607
35019845,179.84016,-0.16412754,9.50356
82053244,176.55455,-1.660719,9.8774
49431003,174.36255,-1.4849029,7.66727
49430929,174.31982,-1.082552,8.96861
180203207,188.8204,-0.5633148,9.98177
35022052,179.95935,-1.8816136,9.94183
78312155,177.91719,-1.8466945,7.861
49463236,174.67265,-1.6843181,9.909
446672462,178.14474,-0.5681839,9.4842
51642769,189.78561,-1.5518836,9.8818
51642640,189.73468,-0.8541372,7.16656
51738126,190.57361,-0.30796817,7.5067
51735865,190.42883,-1.5201215,8.46057
51738283,190.70055,-0.20210563,9.61182
49463727,174.84882,-0.81648505,9.7667
82050693,176.24478,-0.81551695,9.19301
443583262,167.74962,-0.40141734,9.5323
78290520,177.73433,-0.2609174,9.8261
443583062,167.83044,-1.3945961,6.53582
443583618,167.91928,-1.1016698,7.5661
78290369,177.61281,-0.51596147,9.2659
49454669,174.47606,-1.1510855,7.3774
49454767,174.4307,-0.68123585,9.86
78272071,177.25534,-0.3186707,5.682
49454591,174.49626,-1.5994375,7.0775
49454698,174.48904,-1.0417292,9.58582
35088625,180.71144,-1.4343398,8.8646
38065387,169.44742,-1.1563158,9.4273
38064734,169.30693,-1.9818543,8.6382
443585913,167.99774,-0.78386617,7.9386
49503253,174.86987,-0.6254085,9.2788
56721471,181.64523,-1.702355,9.8783
56762775,182.41669,-1.9888313,9.5347
130590069,187.19011,-1.8754922,9.6369
130588091,187.04004,-0.4470344,9.3734
35090660,180.81436,-1.6295404,7.5808
56762967,182.45337,-1.0061511,7.7224
130590057,187.13464,-1.9712944,8.9772
47495853,165.26,-0.5011965,9.4362
443618524,169.22131,-0.3729408,9.3524
14345160,163.90489,-0.10270582,9.8299
443610011,168.65718,-1.2708468,5.69
53210103,166.96571,-0.9638943,7.6566
443609220,168.44957,-1.8130171,7.8037
53210174,166.93867,-0.60009557,9.23
173103266,172.37079,-1.1550505,9.4105
14345163,163.94643,-0.117551535,9.8787
173103111,172.33289,-0.3427692,6.3023
173103195,172.35107,-0.8488978,5.7985
173102708,172.24873,-1.852554,8.9502
49545610,175.65396,-0.93826795,7.8634
49545829,175.75908,-0.10073854,9.81828
14344965,163.76762,-0.8052401,9.0536
49454844,174.49045,-0.27351862,9.7412
49417988,173.61365,-0.47468656,9.4423
173146824,173.16373,-0.40650818,9.2932
49524554,175.54234,-0.8092014,9.757
173146365,172.99908,-1.78238,7.3738
173146825,173.07745,-0.41474974,7.5797
173146766,173.05598,-0.09447202,9.70916
49524678,175.54393,-1.475259,9.9522
56813205,183.26999,-1.5277746,9.0642
47386106,163.00029,-0.372869,9.32249
443585835,168.06807,-1.1871955,7.5531
47386139,163.01126,-0.16057682,9.3156
443585996,168.04337,-0.40957952,7.93214
443586295,168.10175,-0.7908456,8.5212
443585991,168.0638,-0.44326872,9.2505
49503076,174.93431,-1.4407784,8.2603
82053406,176.53564,-0.9805722,9.4321
82053455,176.51315,-0.75330204,9.5955
82053797,176.66257,-0.9550304,9.3563
446672588,178.23567,-1.2710098,9.14499
49463592,174.84781,-0.046705414,9.8928
82053561,176.56726,-0.17190795,8.77187
173164345,173.18565,-1.4465178,9.23429
78290210,177.5872,-1.2524564,8.5594
82053897,176.60484,-1.3797024,9.608
38116901,170.13321,-1.6985503,9.85762
38116878,170.0998,-1.7969698,7.8145
173097780,171.99701,-1.9214319,8.81176
173097986,171.97346,-0.9196112,9.0967
34944746,163.99112,-1.3965456,7.76
173097832,171.9738,-1.6999439,5.2824
443615567,168.97566,-0.100413255,8.4445
173096096,171.85925,-0.28304845,9.0183
443615153,168.95659,-1.9131323,9.0548
14342679,163.65561,-0.9246229,8.3159
49428006,173.90668,-1.5758984,8.5889
421194507,178.66101,-1.6983321,7.2964
14342678,163.71022,-0.9182178,7.8756
56755654,181.79762,-0.6299503,6.7996
56763017,182.41266,-0.77364904,8.93105
14345291,163.85574,-0.81302625,8.3752
14344831,163.82072,-1.4246725,9.3335
49455114,174.56653,-1.0131931,9.7316
49505534,175.12573,-1.8376672,7.6529
49505756,175.23291,-0.6743316,6.0448
421192319,178.5091,-1.0395449,7.2899
49455006,174.51517,-0.4415995,9.8335
96243602,181.3022,-1.5090387,7.4575
173090570,171.76152,-1.8743699,9.7894
34944673,164.03218,-1.052917,9.9679
38114470,169.88849,-1.1429615,9.2329
53187817,166.23947,-0.04580103,9.6102
38114294,169.87477,-1.9756765,8.4011
35090807,180.90645,-0.8629704,9.08979
56815166,183.40082,-1.237061,7.8298
56815340,183.47249,-0.39348733,8.56338
443615828,169.16841,-0.8125759,9.4554
53207768,166.77982,-0.46688548,9.8846
173097992,172.01476,-0.89782804,7.12875
38206646,171.51125,-0.968266,9.8739
38140385,170.71324,-0.9751733,8.3882
62903357,167.32933,-1.5999815,9.903
14328275,163.29773,-1.0452217,9.43653
14342616,163.70049,-0.5897157,9.79046
14342817,163.64204,-1.5186285,7.62944
38140375,170.65437,-0.9246939,8.6796
443618354,169.18768,-1.0716504,9.0844
443618592,169.23083,-0.05465473,9.7751
992499,165.60887,-1.566877,9.9181
992800,165.63823,-0.09360286,7.0641
38142546,170.75977,-0.6832057,9.5704
443588695,168.31677,-1.3693316,8.3672
38114611,169.87857,-0.5235414,9.3126
38161301,171.30798,-1.6152687,8.2054
38204553,171.47299,-1.0060326,9.6776
169225390,160.35077,-1.7414906,5.4668
47350947,162.48473,-1.9590105,6.5288
62902791,167.1479,-0.5629124,7.2587
443588682,168.28629,-1.4096144,6.7362
38142461,170.82277,-1.029949,8.5898
78288384,177.44952,-1.8124449,9.8595
443615199,169.04211,-1.7468444,8.51068
443616087,169.15167,-1.9030502,9.8663
38204493,171.45032,-0.7668417,8.2262
173164734,173.39348,-0.32164466,9.7668
173164898,173.38364,-1.2574846,9.862
47390811,164.9227,-0.27851394,9.7789
318184988,162.16898,-1.9588962,4.18413
124523895,158.38701,-1.1688968,8.5567
34946699,164.13528,-1.9902167,9.77889
34947234,164.26686,-0.22024634,9.31287
34947367,164.24008,-0.8511252,9.46081
38114366,169.8418,-1.6556051,7.2292
38114367,169.84433,-1.6548884,6.5679
173090785,171.73215,-0.52834076,9.91768
34944662,163.98909,-1.0022779,8.3219
34944805,164.02159,-1.6180393,7.1363
34947067,164.18681,-0.34541467,7.8679
34947258,164.2831,-0.3119652,6.4588
34946881,164.16861,-1.1689026,7.62627
53188203,166.27325,-1.8007518,9.2923
443580906,167.59534,-1.1714475,9.6465
443580972,167.62373,-1.4041119,7.2786
990206,165.29529,-1.0501332,8.1485
53210712,167.05957,-1.8128344,8.319
53210727,167.04988,-1.8617164,9.9132
34987565,164.33148,-0.7039008,9.5874
34987768,164.46805,-0.18114494,8.9022
34987662,164.33865,-0.16780953,7.15079
53210510,167.09824,-0.84072757,5.5688
53210737,167.0706,-1.9031159,5.80533
38133564,170.48705,-1.1823035,9.6785
38133342,170.4529,-0.05378735,7.182
47380416,162.87415,-0.48382208,8.9234
318090848,161.41634,-1.4951016,9.4753
124598205,159.34431,-1.3264648,9.6011
124598448,159.26625,-0.2545464,9.8937
124598599,159.46037,-0.21681432,9.0448
124598335,159.3546,-0.7313957,9.3736
124598397,159.29726,-0.45740965,9.1763
62905709,167.4724,-0.16249588,9.1608
443580846,167.68814,-0.89425325,9.6715
96195395,179.22577,-0.5037444,9.9734
62938757,167.47464,-0.8721413,9.9771
318184956,162.1418,-1.8038452,8.92943
35088166,180.6663,-0.389436,9.191
318090592,161.5045,-0.08488046,7.6729
1008115,165.83871,-0.92547137,8.125
49425736,173.77068,-0.66901517,9.8034
1008254,165.82492,-0.28928158,9.399
47380446,162.9114,-0.651515,8.9161
49426108,173.86603,-1.2422405,9.787
169248738,160.72728,-0.10712908,9.8293
96194989,179.02509,-0.7984344,9.4832
34987653,164.358,-0.247169,9.1749
34988057,164.44598,-1.7203426,9.76728
62938628,167.47618,-0.26132658,7.719
38158582,171.08777,-1.8986118,8.6462
38159086,171.22485,-0.36969674,9.0656
38159135,171.1308,-0.60336256,9.2878
62938976,167.50806,-1.8122272,7.75605
7978031,156.6689,-0.56015414,9.7773
7978298,156.59906,-1.9186554,9.6869
318092521,161.54016,-1.8516681,9.7473
7978123,156.65381,-0.9880552,5.0187
38139888,170.56615,-1.2092992,9.67073
38139913,170.59654,-1.0773593,8.58556
169225105,160.3976,-0.27247894,7.7969
38114675,169.88724,-0.18829247,7.3711
169225106,160.3846,-0.28530577,9.94555
443612367,168.79462,-1.3877323,6.7748
14326003,163.17604,-0.40069392,9.01879
14325973,163.15039,-0.20165886,4.92097
443612446,168.76753,-0.97300375,7.5891
169225104,160.39629,-0.27163765,9.89551
421194567,178.71649,-1.4515196,6.9823
421192208,178.39795,-1.7149954,9.72363
421192443,178.39876,-0.3169905,9.60616
49505943,175.25218,-0.03528756,9.99602
49522108,175.32785,-1.778172,7.9426
421194990,178.75304,-0.55615556,7.9414
49522116,175.35419,-1.8239402,9.156
49428453,174.0309,-0.6900079,8.79535
49505599,175.18266,-1.5230672,9.41428
124598391,159.33232,-0.47466576,9.01786
124598660,159.43742,-0.49394587,9.15156
124598686,159.3997,-0.59814763,8.82744
169248494,160.69705,-1.3434364,9.8507
62857625,160.20395,-0.87255853,9.5144
7983423,157.10077,-1.1237042,7.9634
1008153,165.81058,-0.75234085,5.8731
124537245,158.90038,-0.8499069,8.9371
169248465,160.77512,-1.4780266,8.91599
169248427,160.77762,-1.6334817,9.79114
124536611,158.78853,-1.5310766,9.5691
318119618,161.8515,-1.8404061,9.4945
35008691,164.72327,-0.12995127,9.2821
318119640,161.83994,-1.7249148,7.47093
38158652,171.07233,-1.5290732,8.345
14326163,163.19562,-1.1796192,8.4852
124607563,159.56635,-1.8241419,9.2182
124607708,159.5326,-1.1435956,9.7677
318093186,161.65692,-1.6323824,9.1364
14326229,163.17415,-1.5380944,7.9732
318092775,161.60355,-0.37351567,9.593
14326122,163.13217,-0.9661035,8.5255
62902608,167.16542,-1.4632007,9.37395
38206629,171.4975,-1.0783538,7.83387
62902601,167.13147,-1.4892656,9.933
124607779,159.49603,-0.8235166,9.8105
38204541,171.45781,-0.95605487,9.95109
443588780,168.21013,-0.90207136,8.0624
47350118,162.28568,-1.8221185,8.8777
124521330,158.1824,-0.8665893,8.64138
62892769,161.41072,-1.4960059,9.39582
169251690,161.14616,-1.1480519,8.93041
169251573,161.15767,-0.5713871,9.4269
169249072,160.83891,-1.20993,9.8835
169249207,160.89908,-1.7995387,8.729
1713457,155.86821,-0.9022437,5.6416
1713395,155.89465,-1.1492461,8.6727
47350711,162.49657,-0.7916672,9.50681
318120169,161.96535,-1.2253331,8.7399
35065753,180.63503,-1.5746082,9.2881
49425966,173.81857,-0.5528332,9.7622
96194842,179.00523,-1.442216,8.06024
49503763,175.05266,-1.9228021,9.33491
62903306,167.30692,-1.333259,6.6653
443589040,168.4398,-0.069502495,5.42937
47350220,162.37943,-1.3476791,9.6956
47377470,162.56775,-0.2758771,9.6961
47377473,162.56845,-0.2543877,9.0177
8052588,157.74332,-1.1890317,9.7637
8052491,157.73276,-1.5980242,9.3616
47427086,165.0961,-0.8316022,9.1884
38206842,171.47766,-0.07303523,8.8545
38133144,170.28087,-0.76145285,8.2272
38133638,170.4294,-1.5217456,8.6118
38132881,170.35559,-1.9337969,7.8738
62830773,154.715,-0.42781,9.7311
1710742,155.65405,-1.2994494,9.6057
38133425,170.48503,-0.42905775,7.2425
62830756,154.72261,-0.3760952,9.0282
1711128,155.76062,-0.3555657,8.6393
124536907,158.81052,-0.37713826,8.7414
318119611,161.81715,-1.8765947,8.30897
62847128,160.00563,-0.14696294,8.27922
62847299,160.05948,-0.89501935,8.78757
169227379,160.53058,-1.5451527,9.9862
8053288,157.87526,-1.7722536,9.278
8053122,157.87619,-1.0337956,8.2939
8053230,157.83351,-1.5543054,9.1388
7977475,156.4873,-1.7935131,9.0138
7977666,156.52338,-0.8631371,9.3532
62892750,161.35614,-1.4175458,8.8607
14341492,163.41586,-1.3540052,8.5701
175299533,151.76385,-0.10879444,9.3704
1732947,156.2482,-1.478761,8.7676
62892583,161.30861,-0.7821655,8.754
124523933,158.33113,-1.0245997,9.8167
175299632,151.87057,-0.256867,7.953
77644342,153.91878,-0.7683216,9.6391
77561831,152.73305,-0.25429553,9.99014
143404311,155.18086,-1.4698262,8.3678
47377999,162.68947,-1.9347931,9.71736
38207104,171.63205,-1.0922723,9.17388
38114806,169.97438,-0.30640107,8.30155
38207256,171.67798,-1.7315067,9.3598
1730275,155.97928,-1.4712572,9.61101
124527488,158.7335,-0.342631,7.6516
318092905,161.71048,-0.15558104,9.06864
318093199,161.67755,-1.6879625,8.4648
318092959,161.68504,-0.48136446,9.02043
143401454,155.00008,-0.8286664,8.7843
47380671,162.91214,-1.6621583,9.8095
47350486,162.37518,-0.15160602,9.7676
175320841,152.34003,-0.34780303,9.6364
8071472,158.14154,-1.1670996,7.91242
8071657,158.04854,-1.9263169,9.0984
1713737,155.98517,-0.17220794,9.4632
1730298,155.99138,-1.5577563,8.895
1730324,156.04495,-1.6868302,9.9921
47350298,162.27968,-0.9611164,9.32185
47426521,164.95735,-1.9950984,8.70214
124524230,158.50752,-0.025396619,9.298
38133173,170.2881,-0.63072735,8.9045
38133475,170.50371,-0.62672836,8.91214
173108058,172.68678,-0.31205112,9.95276
38137986,170.45389,-1.7276899,8.4211
38133408,170.48212,-0.3575883,9.55768
62830303,154.56638,-1.2445157,7.7114
7980206,156.80232,-1.5311182,8.6485
124575432,159.02725,-0.42225346,9.5672
7980297,156.72527,-1.0398927,8.5339
62857927,160.264,-0.1490433,9.4664
77644776,154.07213,-0.6415594,9.1275
8070815,158.0165,-1.8753518,9.259
7985934,157.18166,-0.33623475,8.0549
143453583,155.51424,-0.7515391,6.40792
7999580,157.36963,-0.8822253,8.3088
62827439,154.4078,-0.6424771,9.4782
1713849,156.06148,-0.7891833,9.8524
1750038,156.36789,-0.09665791,9.9628
77562011,152.88193,-0.2993811,9.7505
1749883,156.42392,-0.8014457,9.66994
175320994,152.35707,-0.16826482,9.74014
8071050,157.92986,-0.8394077,9.118
175320870,152.32045,-0.24753451,9.5891
1732730,156.21309,-0.40185058,7.5528
1732455,156.19171,-0.7902404,7.80517
7977523,156.54837,-1.5459347,9.13253
143401309,154.9133,-0.20992485,7.35781
318090677,161.41724,-0.6435607,9.8609
7983039,156.99496,-0.5610926,9.26762
62816480,154.26756,-0.7348931,9.76291
143406721,155.34276,-0.22030365,7.3555
124607523,159.54588,-1.9747587,8.60532
77611827,153.12447,-0.63712746,9.58975
1711443,155.80032,-1.680751,9.92219
7980490,156.7244,-0.14851126,5.7698
7980799,156.89803,-0.9629115,6.56
143453503,155.59674,-1.147505,9.1074
7999630,157.3596,-1.0903829,9.02319
7985925,157.2444,-0.36118525,9.97494
8002071,157.47928,-0.9520448,9.52971
62847555,160.08325,-1.9312525,9.31378
124575151,159.09523,-1.7739317,8.27466
62857950,160.29384,-0.27630624,7.1476
62858044,160.23686,-0.66903687,9.2403
124575984,159.11787,-1.729623,9.1932
62857923,160.25328,-0.1190787,9.7584
77614646,153.26059,-0.54907954,9.9286
77614732,153.30148,-0.16572948,9.9014
7980836,156.9287,-1.1980413,9.739
77558785,152.50941,-0.08952001,8.9825
1008348,165.90247,-0.00082912075,4.93111
1008352,166.00612,-0.031024614,7.3029
180203101,188.86412,-0.023467775,9.8985
175377692,189.29958,-0.021437414,9.4903
66628848,184.35051,-0.011031208,9.07871
51642470,189.73853,-0.056338668,9.8609
953123989,198.23018,-2.2188196,9.3873
903006881,160.16434,-2.1870365,8.894
902965752,163.99475,-2.892744,7.8656
902864928,175.23456,-2.7794912,8.52973
952763832,180.88239,-2.4469264,8.2379
952763836,180.88246,-2.4465766,8.2443
94940908,186.75377,-3.5353296,7.8793
953231225,186.75377,-3.5353296,7.8793
8053446,157.84164,-2.439795,9.3188
34945061,163.99475,-2.892744,7.8656
35090467,180.88239,-2.4469264,8.2379
62857332,160.16434,-2.1870365,8.894
53209595,166.86775,-3.442764,8.818
82053046,176.49167,-2.448064,9.768
49505350,175.23456,-2.7794912,8.52973
82050221,176.26883,-2.913429,8.067
841798826,157.84116,-2.439251,9.8004
841798827,157.84164,-2.439795,9.3188
292113169,198.23018,-2.2188196,9.3873
34947868,164.2153,-2.940913,8.699
51778364,191.09332,-3.0018554,9.5015
56773107,182.84564,-3.2104597,8.5121
56773361,182.83278,-3.7314792,9.92731
56770412,182.71945,-3.1409223,8.40289
56773499,182.79973,-3.9778244,9.4606
56772858,182.84181,-2.6991134,5.7753
380165220,175.93918,-2.007692,9.3351
380165961,175.87245,-3.9501827,9.72139
380165355,175.95938,-2.346932,7.8037
35098174,180.97205,-3.8791847,9.7007
114959887,201.0049,-3.200971,9.9149
130716941,203.23833,-2.424262,6.3885
130716581,203.28566,-3.778681,8.1674
115010251,201.56413,-2.7367325,9.984
157843273,204.14403,-2.5164552,7.1801
130716537,203.29582,-3.9905062,9.3398
114958263,200.90309,-3.546351,9.81448
66714288,199.35664,-2.6870852,9.986
115008863,201.53612,-3.661092,6.20825
115070878,202.08783,-2.3603072,8.97934
115019019,201.9312,-2.4059,9.62823
157857827,204.39842,-2.310639,9.90881
66695750,199.24344,-3.8655286,9.42128
66695960,199.33867,-2.98108,9.02485
257741041,198.51826,-2.806978,2.4459
115008787,201.5083,-3.3787305,9.4506
114959639,200.97305,-2.0470974,9.858
175394863,198.95865,-2.4550962,9.8454
114961224,201.1507,-3.440945,9.9269
115017837,201.80484,-2.3152523,8.6307
115083208,202.71428,-3.049829,6.01304
114958158,200.86404,-3.992991,7.4017
66780299,200.61002,-2.4809577,9.23348
115019225,201.9506,-3.1729958,8.5885
66763617,199.87015,-3.650254,9.1977
115070550,202.05534,-3.6614306,9.239
257788212,198.71786,-3.1680753,9.5418
257788222,198.75069,-3.2353268,8.2855
130725369,203.50694,-2.8778908,8.18454
82118794,197.54138,-2.370291,9.6411
115083129,202.72629,-2.7863197,9.3916
130691636,202.75488,-2.8167198,7.9601
115083313,202.74922,-3.5107124,8.1912
82118747,197.50478,-2.193271,8.819
175394764,198.96498,-2.0814123,9.7978
257787995,198.71312,-2.020373,8.6661
114959700,200.99225,-2.3313093,9.52492
82119011,197.42795,-3.3895395,8.07595
82118920,197.47,-2.9674625,9.83907
82087169,196.69734,-3.2041214,9.963
82072593,196.62227,-2.2830045,9.7462
175395004,198.98976,-3.1129532,8.1432
82087051,196.76396,-2.6703794,8.77653
82087176,196.75224,-3.267817,9.5129
82087188,196.77148,-3.302381,9.01809
82154555,197.74077,-2.728955,8.16241
82072503,196.5861,-2.775899,9.47115
175402124,204.72266,-2.2631304,9.99267
157839442,204.043,-3.484384,8.8477
157839365,203.99435,-3.145443,9.5485
114985116,201.30742,-2.225301,7.89859
130712073,202.87627,-2.0043023,9.8101
66780223,200.57077,-2.2099934,9.2921
115079968,202.40727,-2.8003194,9.9877
130712175,202.91641,-2.3173933,6.5789
82157442,197.99472,-3.0073986,8.7379
115083276,202.70587,-3.348918,9.99157
66781902,200.72913,-2.9300182,9.70952
115078435,202.32681,-2.9608197,9.21795
292115691,198.5056,-2.0752215,9.1313
114958222,200.89738,-3.7113645,9.92804
66733343,199.7363,-3.0716848,9.8029
292115765,198.48969,-2.4310372,8.76038
66733462,199.73006,-2.5315142,8.81172
66733457,199.814,-2.5384881,9.91034
66692829,199.0125,-3.9061358,8.0403
66780653,200.62305,-3.775855,5.8373
292073507,198.0875,-2.5029087,8.9284
292113295,198.23743,-2.8551002,9.0694
130691783,202.793,-2.2621813,7.6182
66780363,200.60756,-2.629929,9.3391
66780347,200.65564,-2.5902882,9.205
157836816,203.80565,-2.5733538,8.42088
157836797,203.8332,-2.4793873,8.95106
115078670,202.30284,-2.036575,8.9151
157837100,203.81047,-3.9353435,9.9434
157838187,203.86035,-2.8141062,9.9682
115083396,202.7348,-3.834934,9.0083
82088498,196.82841,-3.1352139,9.7228
157838205,203.95291,-2.7212825,8.3468
157839327,204.02922,-2.9325323,8.9615
66764835,200.07996,-2.9897106,8.8823
66764875,200.08069,-2.8466496,9.8419
66765062,200.00758,-2.006467,9.3175
66764665,200.04396,-3.706635,9.8587
115078413,202.38568,-3.0599895,8.6146
292114661,198.30505,-2.5543492,9.2076
82072306,196.57503,-3.6428416,9.5921
157844379,204.25722,-2.9725664,9.65863
82116097,197.23845,-2.3024418,9.9841
82116401,197.24431,-3.6735373,9.1703
82117566,197.37909,-3.2066236,9.3135
66764817,199.9958,-3.050349,9.92137
66766487,200.17627,-3.5344946,8.5816
82116421,197.27237,-3.7233014,9.3502
175737981,194.7263,-3.9326537,7.1559
114982307,201.10065,-2.3152604,8.02226
175737776,194.66656,-2.903643,5.44977
66766478,200.11136,-3.4958575,9.3601
82117416,197.37335,-3.9502897,9.8977
157858731,204.4717,-2.0892994,8.19303
157839328,204.07764,-2.938829,8.31604
66780224,200.68959,-2.2109985,9.4981
66715570,199.44017,-3.0285223,9.7074
66692945,199.02347,-3.3566709,9.54196
66692973,199.06714,-3.225356,9.7197
82114912,197.12466,-2.6789968,7.4555
66767745,200.24191,-3.2728016,9.1609
66692839,199.06425,-3.8668532,8.66563
66692851,199.10918,-3.7970715,9.31951
82089662,196.94806,-2.4547155,9.6275
82114882,197.10503,-2.7966435,8.29028
66768011,200.24716,-2.1281822,9.70108
82114909,197.11824,-2.68878,9.6957
287176210,198.7913,-2.996286,8.8822
82115010,197.17215,-2.1563518,9.5499
66717042,199.51656,-2.344815,8.7928
82089909,196.93877,-3.6700652,9.86108
82088369,196.92395,-3.7198648,9.68264
66715700,199.35884,-3.5810282,9.7456
66716968,199.50795,-2.6512017,9.4549
82154696,197.6831,-3.291887,8.29093
175740743,195.02397,-2.038249,9.11771
175740589,195.07082,-2.704785,8.5535
66716767,199.50052,-3.5374837,9.62
124614677,195.97675,-3.6631372,6.5114
292114660,198.3073,-2.555728,7.1724
292114528,198.30489,-3.1732128,9.9883
292113533,198.2033,-3.8946013,7.5159
292114461,198.33864,-3.4945626,6.0083
292114549,198.29988,-3.058516,7.6227
287176132,198.8216,-2.6522694,8.709
66717063,199.5934,-2.2627323,9.5237
349508441,191.16792,-2.7077765,7.9381
66766144,200.11238,-2.121453,9.5076
175737896,194.70886,-3.5329478,8.51846
114959656,201.0542,-2.1082988,9.49843
175737927,194.73947,-3.6565342,8.67231
94924973,186.47176,-3.3242939,8.9936
257739641,195.29062,-2.5413814,8.6592
292113181,198.18243,-2.265036,6.7671
130691479,202.86842,-3.507894,9.87589
124653616,196.36412,-2.557509,7.98849
115083012,202.71214,-2.3891265,9.58517
124623445,196.29677,-2.1311533,9.52381
130713776,203.04591,-3.1007233,6.6371
386640465,195.14978,-3.3684883,5.0836
51664204,189.97316,-3.0663502,7.16464
130715139,203.15439,-2.5982566,7.062
53256883,192.29237,-3.6993773,9.073
175735063,194.39717,-2.7601006,9.24801
51760003,190.95886,-2.95848,9.7035
175770865,195.48955,-2.0005994,9.30988
124653725,196.38226,-2.1281853,9.7974
175734936,194.47556,-2.052851,8.9546
124612838,195.89569,-3.9468248,8.71274
292115683,198.46808,-2.0257845,8.69201
130635695,187.81932,-3.5351384,9.8314
114983428,201.17763,-2.7092128,9.9832
130718209,203.38042,-2.9244537,7.7169
130718372,203.41791,-3.585519,9.2171
115082992,202.68095,-2.2760856,7.8113
130713772,203.04694,-3.1288557,8.63256
130715489,203.15251,-3.8324902,9.8138
386640300,195.16173,-2.5629601,7.66711
130713658,203.06604,-3.5658414,8.238
386640303,195.17279,-2.5903635,9.2078
53312486,193.61261,-2.1507616,9.6028
53304943,193.29648,-3.5530968,5.6643
114982350,201.06107,-2.1073768,7.66761
422244655,193.85535,-2.0012553,9.6961
422244696,193.88892,-2.2206488,9.7979
422244764,193.80878,-2.5874436,9.8592
51778421,191.04657,-2.8425612,6.6251
175770539,195.5479,-3.325476,9.0423
124622448,196.20132,-2.369021,8.6778
124622519,196.1433,-2.056404,8.5952
130718055,203.47252,-2.2354033,9.595
157839247,203.98466,-2.5564659,9.27638
157839190,204.01723,-2.292669,9.96297
175770542,195.51927,-3.3128126,9.9712
175741937,195.41718,-3.2865021,9.3256
175741944,195.4513,-3.3190458,8.7515
175741865,195.3638,-2.9881363,9.87136
147696983,185.89934,-3.6773655,7.9658
175711266,194.13222,-3.5894167,8.3814
51641684,189.5711,-3.9692402,8.8385
175711379,194.12202,-3.0467684,9.9382
175370995,188.95062,-2.34183,8.3776
130587302,186.90297,-3.30934,7.7733
56813594,183.32242,-3.3814285,8.9471
94942061,186.79283,-3.2875214,7.493
130587166,186.95523,-3.9780817,8.935
94941980,186.81021,-3.6457865,9.1482
94942072,186.83266,-3.238268,8.8511
130587198,186.92303,-3.7779558,9.7809
94942001,186.75711,-3.5406358,9.5178
422244952,193.81886,-3.6077976,9.4067
66671442,185.03523,-2.529516,9.8747
53258314,192.42606,-2.2893019,8.0967
175711551,194.10092,-2.1308415,9.221
175711562,194.1104,-2.0567508,9.0991
124621113,196.05254,-3.9751174,9.9293
175737629,194.74773,-2.0815716,6.89391
349567081,192.2049,-3.9776695,8.7423
124614557,195.971,-3.2178743,7.31461
147683512,185.586,-2.7761884,8.37735
147683350,185.5473,-3.7761807,9.4161
147683544,185.646,-2.5973172,9.9447
175710156,193.99709,-3.2336366,9.8344
175710221,193.92049,-3.550664,7.1739
51640878,189.504,-3.8831258,9.63055
53279678,192.68346,-3.7071028,8.4768
130587413,186.8851,-2.7898703,8.8141
130642856,188.56396,-3.6892736,9.4002
175739094,194.87659,-3.0384858,9.6752
175739104,194.96487,-3.0925992,9.1729
82155789,197.82254,-3.915431,7.5903
130636723,187.92351,-3.7130976,8.728
94893881,186.26859,-3.227976,8.6978
56754949,181.78162,-2.9202187,9.7013
66629263,184.38089,-2.057516,7.6521
66629375,184.41145,-2.6961603,8.9785
51738958,190.69115,-3.1689868,9.9872
51665565,190.13147,-2.7993772,9.0721
51758857,190.82506,-2.0777032,9.9553
175737690,194.66356,-2.5129359,8.80178
175713794,194.35832,-2.6956646,9.9573
349457767,184.18372,-2.739548,7.1776
269918549,192.5686,-2.1995418,9.2246
269918585,192.49889,-2.0069325,9.6715
35021689,179.89168,-3.5117702,8.9295
180203526,188.92206,-2.2928047,9.4217
82120205,197.57254,-3.4553375,9.1256
180203542,188.8679,-2.3929763,9.566
94924927,186.39337,-3.0042477,9.0659
82157433,198.01501,-2.9751565,8.98716
147682288,185.46944,-2.619895,9.6252
94924945,186.42519,-3.109383,8.5004
35021598,179.93863,-3.9549181,7.1418
51625482,189.5082,-2.569397,9.9747
56720639,181.4429,-2.5287051,9.4286
130642862,188.5553,-3.7211604,7.9456
51738760,190.73369,-2.2510996,8.2016
56773393,182.84082,-3.7788708,6.5396
51758661,190.80438,-2.9646401,8.5461
51758734,190.84111,-2.7148876,8.6558
66629486,184.35556,-3.3014085,8.38042
51758689,190.84802,-2.8747342,8.5808
130588576,187.05655,-2.9332433,9.76116
66664646,184.67969,-2.3708534,9.6037
66664771,184.64346,-3.022271,7.1076
51688838,190.19382,-3.3798316,8.8013
66664917,184.67648,-3.599833,8.6532
94941008,186.67067,-3.950687,9.84907
56720709,181.52083,-2.1628978,9.2555
56720514,181.49922,-3.1315906,5.52233
421191802,178.46687,-3.7768588,6.5209
421192135,178.40552,-2.0102017,8.8721
96178363,178.95438,-2.1746829,8.9364
289446466,179.97896,-3.6559923,9.1818
56763699,182.61159,-2.2406473,9.0985
35010505,179.42935,-3.5997162,9.7363
35010589,179.38231,-3.261553,9.7901
56763721,182.60905,-2.3553233,9.093
56763701,182.61815,-2.2415519,8.77987
56811134,183.0311,-3.6453202,8.5947
56768144,182.54822,-3.7668,9.6467
130641703,188.44116,-2.334111,9.6302
66630737,184.54495,-3.030832,9.27082
147677406,185.24472,-2.42634,9.91013
56720647,181.4777,-2.463259,7.92514
56720722,181.44821,-2.1093595,9.48926
130640262,188.31216,-2.5748467,9.5869
35090515,180.90608,-2.228996,9.924
56762677,182.45624,-2.432166,9.0966
130690031,188.71056,-2.0788143,9.87494
78273701,177.31992,-3.3126955,5.6158
51735986,190.47508,-2.0901606,8.2214
78273749,177.41252,-3.0417564,9.8043
96198709,181.15659,-3.382964,9.0299
96198667,181.0986,-3.157388,8.8087
78273799,177.40047,-2.7456608,8.2077
56721871,181.57611,-3.8458235,9.191
96198605,181.06322,-2.8308573,8.9433
56721819,181.59227,-3.563484,9.9453
49523789,175.35756,-2.6098046,8.7797
173109772,172.76103,-2.9550605,8.3729
82156129,197.83562,-2.4104803,9.68608
175739009,194.94075,-2.6369538,9.6658
66665989,184.79222,-3.786294,7.9344
147677610,185.20743,-3.6139364,9.832
147678484,185.36261,-3.5383682,9.0425
53286693,192.86261,-3.381265,9.7496
53286796,192.82597,-2.9001093,8.6022
175739267,194.91934,-3.8084753,9.935
175739268,194.91473,-3.8119364,5.6303
130690119,188.74997,-2.5364978,9.67661
56762693,182.44377,-2.3760056,9.3578
62940450,176.94939,-3.6990235,8.4235
66666326,184.78111,-2.0402508,8.3109
66667311,184.90643,-2.4545062,9.999
56757399,182.01973,-3.0477324,9.9985
35019292,179.71692,-2.145315,9.1032
78288564,177.50049,-2.718731,9.7309
78312562,177.99542,-3.8985355,9.7999
78312510,177.96004,-3.5766919,9.5455
173144767,172.83951,-2.2911086,9.52119
173144759,172.8585,-2.2219725,9.5329
49523757,175.39832,-2.7388947,9.83951
349456475,184.08154,-3.7344193,9.8973
62940598,176.98004,-3.0127974,9.91485
349456601,184.0695,-3.2355497,7.0615
349456634,184.02856,-3.0167005,8.23032
124611672,195.75066,-3.1582882,8.38187
35020566,179.81079,-3.322671,5.6427
96199974,181.27698,-3.152881,9.9184
96200179,181.19598,-2.3125942,9.5156
124611625,195.82126,-2.964104,8.41915
289513456,180.17453,-2.930843,8.70816
56757372,181.95459,-3.1305127,8.06
56772613,182.81181,-2.0138004,7.8245
66672676,185.08075,-3.0005162,9.7163
51736087,190.4882,-2.5524874,8.429
51736243,190.40303,-3.298424,9.38881
130589631,187.19478,-3.9923837,9.8357
66672642,185.13835,-2.8291247,9.3318
96178597,178.93143,-3.295068,9.1335
66630526,184.53839,-3.9541368,6.5793
66630557,184.5219,-3.8281248,9.9136
349446059,183.75874,-2.4882815,9.2325
349446030,183.82663,-2.6245155,9.9155
82071035,176.93082,-2.6670887,9.3159
66671515,185.02263,-2.2291331,9.8974
82071132,176.83765,-3.085177,8.2815
130609015,187.42805,-3.3329687,8.3384
66630532,184.53989,-3.9487808,6.2398
175378162,189.27846,-2.322104,6.484
51736132,190.45824,-2.7504508,8.40248
53288161,193.01901,-3.3957083,9.43235
51736120,190.48427,-2.699555,9.84548
147698287,185.97522,-3.0416098,9.90475
130640220,188.26198,-2.2907143,8.2964
53303458,193.08594,-3.6972716,8.6599
53303719,193.1218,-2.382392,9.9122
82050173,176.24303,-3.1333961,8.992
82050412,176.25168,-2.1185694,8.9893
82050427,176.21738,-2.03839,9.0066
82050220,176.27019,-2.913518,8.8744
94892463,186.12886,-3.4981687,9.5301
66671500,184.95657,-2.3180356,9.9307
82051519,176.36871,-2.7569046,9.4338
62940659,176.9517,-2.7473004,9.123
96243779,181.3689,-2.3298504,9.1365
35089083,180.80502,-3.395424,6.48141
96195837,179.2163,-2.5767295,9.1537
96195963,179.14705,-3.1856523,9.664
446673862,178.36465,-3.8836517,6.8602
96196000,179.15056,-3.3144288,8.498
56812358,183.17538,-2.4727325,5.9426
446673941,178.38686,-3.5574248,9.8981
349447162,183.89764,-2.7928934,9.02314
130635386,187.7912,-2.0668797,9.31127
56754815,181.72696,-3.6179266,8.92468
130635403,187.7976,-2.1440136,9.43943
35063948,180.4918,-2.2383409,8.51638
56759817,182.22552,-3.9006014,8.67327
66672791,185.0586,-3.464303,9.6164
130610498,187.55153,-3.7810214,9.7362
66666079,184.80621,-3.3197887,7.4142
66667264,184.85086,-2.2306259,8.69506
66672906,185.1636,-3.9951875,7.4483
51736165,190.45175,-2.8909907,9.6019
51736116,190.42928,-2.6831872,9.42839
147677665,185.20862,-3.9890237,9.6484
53256587,192.30043,-2.3638387,9.94963
51664169,189.98819,-2.9009807,9.5092
66670087,184.82162,-3.2989814,9.502
82052796,176.45038,-3.626334,9.3725
49431309,174.35655,-2.892176,6.8078
49430090,174.22302,-3.21279,9.8521
49430212,174.23753,-2.7091162,9.0435
49428993,174.11209,-3.1702144,8.4794
49428775,174.0513,-2.3857586,9.8884
49427875,174.00523,-2.295558,9.1931
49505115,175.12697,-3.8285155,8.7616
446671649,178.03233,-3.4382558,9.6303
446671773,178.03719,-2.864658,9.9277
421194361,178.72794,-2.3751721,7.50055
49427853,173.91158,-2.4339907,8.4117
78311123,177.80519,-3.287332,9.87208
96195878,179.1716,-2.7789543,8.6509
96195768,179.13568,-2.2751558,9.932
49426398,173.80939,-2.865802,9.7002
49425409,173.69763,-2.4909909,6.83673
49425457,173.71983,-2.2302384,6.1711
38158211,171.10318,-3.6456816,9.9144
35065549,180.65038,-2.615607,9.2061
49430158,174.15935,-2.9765644,9.9064
49462799,174.66185,-3.8612852,9.4827
49463069,174.7072,-2.540241,9.4924
38131474,170.23431,-3.7792165,9.6924
49463020,174.72623,-2.777744,8.5267
51690078,190.36641,-2.9447489,9.7649
53208451,166.82664,-3.391588,8.0324
49463022,174.70552,-2.7723656,9.1263
49546471,175.81808,-3.5164206,9.6399
49464162,174.83186,-3.0145218,9.2301
49464083,174.789,-2.5889895,6.8742
53208435,166.78705,-3.3256104,8.5485
96197097,179.33867,-3.9700527,7.5242
35028996,180.28654,-3.5723367,8.23955
82051349,176.34901,-2.1401646,9.69645
173098855,172.16139,-3.3209448,9.7796
173098878,172.09865,-3.445994,9.2114
173098868,172.16203,-3.3773265,9.1149
173097676,172.01588,-2.4720266,7.3263
173098847,172.13158,-3.2797344,7.8322
173098606,172.13332,-2.0525866,9.089
38131518,170.25618,-3.9964662,8.48204
82054418,176.66948,-3.7424104,7.1522
82053045,176.49089,-2.4481568,9.54924
82054253,176.58145,-3.0024269,6.59405
35062804,180.4347,-2.6882248,9.242
35062897,180.36073,-2.2235422,8.5901
421195480,178.80794,-3.1061518,9.5786
56812239,183.12018,-3.0844746,6.797
49465330,174.90643,-3.5145307,9.733
49465435,174.96156,-2.9884863,9.1781
49465491,174.87195,-2.7164147,8.0465
49502967,174.93105,-2.0602214,9.7522
443586780,168.0999,-3.022932,9.3031
49465434,174.93791,-2.9910195,8.9882
35028797,180.22255,-2.692864,9.4387
49463072,174.63446,-2.5081706,9.98021
53208565,166.80478,-3.865377,9.6127
53209593,166.86789,-3.4439976,9.8707
53208154,166.86353,-2.1789489,8.10489
49427697,173.97421,-3.1131861,9.45493
421192034,178.48083,-2.5200756,9.9005
421194169,178.63972,-3.3970904,9.9603
49522392,175.29721,-3.1312356,9.96288
49429089,174.12596,-3.5861216,8.7546
421194234,178.69109,-3.0828106,9.3118
49505147,175.20937,-3.6661158,9.44417
49505418,175.12807,-2.459632,8.98467
49522544,175.31279,-3.8731816,8.8409
443618101,169.2103,-2.0867245,9.92945
992137,165.6533,-3.5126145,5.9917
49455402,174.60028,-2.4359033,5.32145
82048882,176.08246,-3.2004418,9.7008
421195365,178.81654,-2.5411267,8.923
421195539,178.81581,-3.4437506,8.42258
289446753,180.01144,-2.2435687,9.31054
421195580,178.84872,-3.5994751,8.209
38140837,170.74448,-3.3060892,9.295
38140966,170.6908,-3.8981612,9.543
1008931,165.90907,-3.2043135,5.1536
1007649,165.86172,-3.2493138,9.9025
38132755,170.28311,-2.4945724,9.9005
38138397,170.46466,-3.6831505,9.5134
173108471,172.68434,-2.590279,9.8846
38132458,170.28535,-3.7626019,8.1694
173108537,172.57872,-3.003492,3.36704
1007703,165.83223,-3.0618756,7.8595
38132846,170.3306,-2.0761247,9.833
173108596,172.60103,-3.269941,9.9018
902865863,174.59892,-2.4356723,9.05293
49525021,175.55846,-3.1881003,8.8393
49418557,173.58864,-3.5035822,9.25252
49454165,174.38557,-3.6340258,9.48271
56758804,182.119,-3.4925323,8.89701
56758507,182.07945,-2.0903919,8.41002
49545325,175.65854,-2.4348195,8.9161
443583968,167.95738,-2.6363013,9.13887
49524993,175.50934,-3.0419674,9.19175
49545082,175.70802,-3.5451353,7.57041
173146026,173.03006,-3.5331986,9.3273
443583930,167.85002,-2.4503853,7.4822
173146028,173.02766,-3.5313802,7.9173
49545111,175.70149,-3.3750668,9.4256
49545198,175.62201,-2.9847605,7.7621
49426345,173.8976,-2.603351,8.53443
49504024,175.07286,-3.3184233,8.6676
49503974,175.03644,-2.993874,8.8787
49504139,175.0669,-3.8708494,9.06681
47385685,163.11214,-2.4628713,9.9917
991098,165.513,-3.487334,9.1619
38204944,171.4462,-2.9710464,9.1046
53178442,166.18523,-2.5132182,7.42073
53211161,167.07591,-3.896811,6.8787
62894650,167.22299,-2.718009,7.379
62902493,167.1224,-2.0682085,6.7535
38143217,170.95215,-2.6077871,8.0697
38143347,170.89488,-3.2894132,7.6527
53178226,166.24333,-3.5354002,9.935
38160796,171.33206,-3.9114568,9.5819
38204762,171.4648,-2.1264005,8.2437
38204997,171.37233,-3.226401,7.9909
62846311,159.84196,-3.3485377,9.9673
38140706,170.7294,-2.6438313,8.97195
38141956,170.86432,-3.6905396,9.7913
38140680,170.6848,-2.5061874,9.88664
38138114,170.49083,-2.355565,9.60849
14327728,163.259,-3.8051474,9.6732
38139644,170.5337,-2.3891537,7.6403
78272707,177.27354,-3.808111,9.436
62964860,177.17091,-3.1862645,9.4742
34988195,164.55309,-2.2933478,8.864
62903738,167.30888,-3.4384,9.6241
38159665,171.2321,-3.0424922,9.20514
34988436,164.55128,-3.4846706,7.2866
14328047,163.35399,-2.2551696,5.3187
14343092,163.63033,-2.7969654,9.3394
14327864,163.25655,-3.1282153,8.8935
443614759,169.0488,-3.4719713,7.6132
443615040,168.95134,-2.2993128,8.9758
991159,165.41922,-3.8141026,8.83181
62846368,159.89636,-3.0889199,9.60391
443607621,168.4287,-3.7698433,8.403
443607626,168.38919,-3.7954333,9.1929
38138380,170.49141,-3.595844,9.03034
443616524,169.14233,-3.6431103,8.0966
38138098,170.45776,-2.2876246,9.2912
173107650,172.45946,-2.0429254,9.1596
38138083,170.40797,-2.1905496,9.8455
1006575,165.74284,-3.3813863,8.1192
1006572,165.66364,-3.3615153,9.6504
1007603,165.77971,-3.4521189,9.34894
173108636,172.62451,-3.478487,9.86658
1006573,165.74435,-3.3752363,9.6086
47351051,162.39635,-2.4297633,8.6166
47386812,163.48367,-2.8966672,9.4369
53205542,166.57294,-2.3749826,8.899
53205666,166.6049,-2.8228352,9.1452
53207123,166.71829,-2.6285505,9.4246
53207181,166.66307,-2.3712828,8.8387
38065794,169.50204,-3.1926045,9.154
173102523,172.27286,-2.9023426,9.2144
1008989,165.96141,-3.5030212,9.151
173102559,172.31378,-2.6844397,9.3527
173103655,172.40779,-2.9922779,9.1876
38161203,171.24242,-2.2123578,6.50205
273727140,195.66747,-2.6193032,9.3037
53178458,166.2278,-2.4504786,9.8128
53178352,166.17622,-2.9722152,8.5289
38161157,171.29846,-2.4148624,9.69895
62858842,160.28958,-3.7624028,8.85351
62858723,160.3174,-3.3398073,9.9655
443609022,168.50868,-2.6657765,9.78285
443610240,168.60551,-2.4280257,8.29649
443618125,169.2719,-2.0115097,8.58052
47428889,165.18988,-2.2491322,9.9881
62964871,177.10898,-3.2388988,7.6178
443616599,169.07784,-3.93483,9.43984
443616551,169.06958,-3.7616386,8.2868
47391270,164.8295,-2.7028298,9.3591
173165274,173.31752,-3.052839,8.8791
169225749,160.3558,-3.374214,8.2828
318185205,162.2279,-2.97423,9.57693
62905210,167.42503,-2.2118795,9.487
62939320,167.50468,-3.3185062,9.915
47379607,162.77254,-3.0926664,4.64997
318120439,162.00296,-2.5410025,9.9836
1009044,165.99243,-3.7645626,9.8317
443616609,169.1519,-3.9667828,6.6279
443616529,169.16542,-3.6516013,4.2606
14327882,163.23701,-3.051231,8.49212
14343299,163.65094,-3.7833714,9.2017
14343100,163.70465,-2.8471122,8.34297
14328044,163.35434,-2.264989,8.19
124524837,158.42941,-2.4593356,7.9978
47427328,165.15811,-2.0008864,9.2806
34988411,164.53331,-3.352283,9.7464
53206818,166.67987,-3.9487965,9.97529
53206929,166.71149,-3.4656246,9.0586
38115560,169.9644,-3.8519056,9.5636
38065672,169.45604,-2.5561342,8.65458
47351262,162.39825,-3.3826983,9.5612
14345768,163.95987,-2.9183052,9.75126
173103766,172.344,-3.723263,9.1427
124526779,158.53741,-2.2847703,9.8319
34947792,164.25832,-2.5588236,9.0912
34987059,164.37485,-3.0603504,9.6423
34987098,164.44087,-2.9273345,8.5214
443588074,168.2356,-3.832132,7.8291
318120596,161.99593,-3.309849,9.67879
47379491,162.74788,-3.6240156,9.934
62891798,161.24179,-2.238448,8.98254
169250773,160.97662,-3.0453122,8.83158
124523466,158.35939,-2.8093517,9.666
62905117,167.36699,-2.7005725,9.7923
47352297,162.62576,-3.9520156,9.27774
47352485,162.53375,-3.203979,7.4896
124610162,159.8394,-3.1016507,9.6543
38115157,169.9477,-2.0604734,9.8491
38211847,171.69345,-2.9831429,9.087
38211862,171.68593,-3.0402799,9.9469
38212086,171.6259,-3.9800928,9.122
47391193,164.809,-2.2475328,8.8374
443617661,169.18593,-3.942917,7.9675
173165388,173.40387,-3.533243,9.746
173165359,173.31993,-3.4022965,9.56913
173147443,173.11186,-3.562539,9.7154
78309900,177.7036,-2.7795126,8.8112
173164111,173.18176,-2.6093996,9.0286
318092288,161.57631,-3.0182254,9.8873
169248275,160.79724,-2.3073707,8.4007
169248336,160.69809,-2.0421684,9.5647
443614922,168.96248,-2.8349447,9.8455
124599123,159.35892,-2.3744483,8.5261
47384341,162.92697,-3.6586661,9.222
62893218,161.33418,-3.2771516,7.7635
318092365,161.54568,-2.635193,9.4406
62905053,167.43347,-2.9951942,9.1736
318183972,162.13412,-3.255312,7.897
124523520,158.3425,-2.6327782,9.5466
124523559,158.33308,-2.5070472,9.187
47352608,162.62384,-2.695298,8.48952
124574835,159.01297,-2.9991612,9.05655
443588390,168.25108,-2.6237795,9.58501
318184211,162.09576,-2.0728471,9.498
318185293,162.14685,-3.4359827,8.222
62847661,160.01283,-2.3666673,8.9998
38116680,170.13347,-2.8981624,8.8701
38211722,171.65569,-2.40224,9.27827
169247946,160.7871,-3.5589013,8.84122
169248301,160.7022,-2.183756,6.6934
124608585,159.66075,-2.500603,7.6401
14326514,163.19003,-3.0009768,9.9571
14326720,163.20462,-3.9171953,7.02533
124608700,159.67146,-2.991153,9.0737
14326336,163.15115,-2.111053,8.7205
169252134,161.05602,-3.2599924,9.6805
8052247,157.7602,-2.697275,9.0638
8052280,157.75954,-2.5409105,7.55656
169252305,161.09604,-3.9924264,9.4796
169252283,161.05173,-3.9017594,9.6902
124536326,158.83006,-2.6298778,7.5318
169228279,160.63687,-2.5218441,8.0123
169225629,160.40312,-2.766177,9.9057
47384092,162.9247,-2.5966141,6.7917
47384311,162.9517,-3.5366788,8.5687
124537550,158.97166,-2.1744387,8.703
14341652,163.43213,-2.1292026,4.63375
35009098,164.70868,-2.2362046,6.8133
318119565,161.88872,-2.092971,7.3834
318185342,162.18423,-3.6812165,8.5231
443585219,167.97305,-3.872272,7.8938
124536246,158.84238,-2.9865088,9.86144
318118253,161.71361,-3.090411,9.6766
38087870,169.7474,-2.3267002,8.7093
47349947,162.31473,-2.7517571,9.9268
173090284,171.82568,-3.5532577,9.5086
38114118,169.8487,-2.789298,9.0376
318118261,161.69868,-3.1337283,9.9358
34945262,164.0786,-3.8557053,8.458
34946342,164.19292,-3.7180748,9.0223
173090530,171.81561,-2.1357415,9.6908
124600892,159.52234,-2.2355132,8.846
318093257,161.73494,-2.1391118,8.82358
124608473,159.63376,-2.050634,7.64593
14326379,163.15765,-2.3222694,9.7753
47351075,162.4,-2.52356,9.1602
47351187,162.39459,-2.9969432,8.2757
8071841,158.02974,-2.6573465,6.89489
47351112,162.4705,-2.6972802,7.7581
7983621,157.1057,-2.0886235,9.9217
169249678,160.86778,-3.8984935,8.919
169249674,160.83008,-3.880731,9.6061
169228185,160.61581,-2.1345942,9.0586
47384342,162.928,-3.6595764,8.6363
47384065,162.92993,-2.467423,8.0203
124537525,158.9676,-2.052926,9.5013
7985528,157.27824,-2.124993,9.0326
8070677,157.9772,-2.4063532,7.7512
47349943,162.32831,-2.7761376,7.9301
318185375,162.18109,-3.8570719,9.21829
14341825,163.46194,-2.840502,9.23718
35009375,164.77484,-3.544051,9.5027
47378327,162.62723,-3.2927213,9.9155
124536233,158.859,-3.0411909,8.91603
169226822,160.55869,-3.8350723,9.62959
7985489,157.19887,-2.275061,9.6432
7985542,157.30045,-2.0588174,9.7401
8070739,158.02394,-2.1605814,9.079
78289978,177.6099,-2.418552,7.31528
173147143,173.07565,-2.0970721,9.9535
124576162,159.17319,-2.3781884,9.59483
124597741,159.31406,-3.0712376,9.2637
62893042,161.3972,-2.646168,9.51875
443581527,167.64932,-3.8754718,8.1355
443581542,167.6959,-3.941773,8.7626
47378024,162.73883,-2.0563862,8.3031
318092405,161.54851,-2.4434817,7.6935
124521732,158.16728,-2.635942,9.791
443581488,167.69173,-3.7203965,9.5179
8003653,157.60172,-2.4168417,8.3079
62846548,159.89426,-2.3469281,7.7426
169250731,160.94278,-3.1878924,8.1673
173090545,171.77493,-2.0454435,9.96891
173090233,171.82283,-3.8131156,9.5916
8001634,157.50833,-2.2032049,6.6764
124521773,158.22385,-2.784722,9.41289
169251967,161.14287,-2.4744332,8.46706
169251938,161.12302,-2.3383596,9.3522
124599324,159.42014,-3.2579088,9.4959
62858432,160.25314,-2.2983227,8.5647
1732212,156.20387,-2.0041554,8.56504
8001557,157.44887,-2.5821276,9.63068
169227270,160.47672,-2.0620043,9.6979
902825061,166.16985,-4.223956,8.5844
902961612,162.32198,-4.0239296,6.97255
902961613,162.32213,-4.0232725,7.3481
47336144,162.32198,-4.0239296,6.97255
53178073,166.16985,-4.223956,8.5844
10005000098,192.14961,-5.80085,8.897
81986423,176.01704,-4.807245,7.133
471012428,196.87996,-4.422686,9.917
130610666,187.59514,-4.490667,9.448
56769777,182.63629,-4.6647835,9.3645
56768359,182.52524,-4.1622734,8.3974
380166215,175.86256,-4.5935946,7.8019
380166510,175.85559,-5.440381,7.4833
114983781,201.24101,-4.172783,9.9695
157837831,203.88351,-4.3898683,6.0453
130712829,202.97792,-4.8737082,9.5242
114957880,200.82872,-4.924428,4.57484
130716281,203.28314,-4.9796176,9.4401
115072732,202.17616,-4.465574,8.16715
179000315,201.39188,-5.917666,9.73108
616919,203.12231,-5.9454484,9.20274
135040633,198.68692,-5.984899,9.6862
130727182,203.64064,-4.6225176,9.28733
66716320,199.56772,-5.478573,9.81313
66716333,199.48357,-5.452886,9.91546
66716251,199.57405,-5.7892604,7.82663
115009140,201.5122,-4.687847,9.89369
82119509,197.48746,-5.539005,4.3607
179032375,202.26152,-5.9554987,6.29556
66695708,199.3204,-4.064297,9.74092
175395325,198.97975,-4.436227,9.3554
175395391,198.9816,-4.660729,9.0524
175395401,198.9375,-4.7038465,8.3259
175395524,198.9086,-5.2285657,8.86687
114984088,201.19647,-5.255967,7.2292
115019940,201.96136,-5.7503743,8.4657
130713076,202.91652,-5.8901424,9.6656
175395361,198.90393,-4.5444813,9.77394
175395638,198.90001,-5.6357317,8.90349
114960770,201.13853,-5.1639338,5.3505
114960417,200.98492,-5.148622,7.46259
130691359,202.85718,-4.0068116,8.00749
130712783,202.94789,-4.668789,7.4979
130727110,203.5998,-4.3666015,7.81983
82119562,197.4977,-5.7706614,8.62886
82119505,197.47017,-5.528779,9.2201
130713121,203.00064,-5.76614,9.24476
115016755,201.7079,-5.255674,9.65028
82119507,197.48686,-5.53714,8.27518
66692489,199.01292,-5.6687226,7.03568
82158076,197.91545,-5.792876,9.35421
114960833,201.16296,-4.9168344,6.19245
82157882,198.02344,-4.9702177,9.81112
66732386,199.62718,-4.684278,8.7667
82113765,197.00363,-4.268642,9.5731
82088183,196.92183,-4.430105,9.8429
82088187,196.87993,-4.4226956,9.9553
115081240,202.51305,-4.233959,7.9018
66780779,200.58789,-4.2418923,9.50801
115081244,202.53438,-4.216051,9.7634
130691335,202.77571,-4.1055546,9.5126
115083566,202.68765,-4.4576964,8.8158
292116509,198.49821,-5.8150473,8.23421
82155077,197.67653,-4.941845,7.20865
115009817,201.65817,-4.445815,8.6176
130724515,203.45576,-5.214491,9.88854
130724614,203.37573,-5.661296,8.72898
115016791,201.74911,-5.392603,8.9543
269978773,194.8487,-4.906776,7.1438
66781306,200.71417,-5.4661407,9.814
115016684,201.76814,-4.979897,9.65326
66763711,199.89659,-4.110475,9.95463
66764043,199.9079,-5.5078883,9.94042
175736062,194.57536,-4.7630444,9.5693
115019758,201.91391,-5.1215215,9.06199
257740556,198.60266,-5.027254,9.3019
130724900,203.56181,-4.9572477,9.12124
257740361,198.62839,-5.9596963,8.1486
66781223,200.79672,-5.7674646,8.23094
292116307,198.49455,-4.864254,9.6298
257788701,198.6628,-5.4922476,9.14553
115016905,201.75587,-5.8626647,9.5665
82154934,197.74553,-4.381235,9.19016
115073453,202.34969,-4.5005608,9.48469
292116204,198.4182,-4.377163,8.0798
257788393,198.72014,-4.0553584,8.76467
175740275,195.00215,-4.1205654,9.93276
257788461,198.70027,-4.314802,9.76972
257788642,198.75114,-5.2477136,9.80998
124655388,196.51616,-5.135324,7.78325
124655367,196.46202,-5.0741067,9.91144
115080529,202.43004,-4.9061575,8.86067
115019713,201.94444,-4.969048,8.86822
82117002,197.40364,-5.715216,9.9458
82116920,197.20728,-5.831328,9.9231
82116927,197.2027,-5.843943,9.5363
66764207,200.07065,-5.6604905,9.3679
114983747,201.20374,-4.028375,7.7029
66769511,200.374,-4.1028385,8.12195
66770253,200.54771,-4.662707,7.15412
82116625,197.24191,-4.598827,9.4727
114957936,200.864,-4.753786,9.9403
82116640,197.29321,-4.655769,9.3385
66769676,200.44342,-4.82942,9.7466
114960194,201.03017,-4.2045794,9.5732
273726697,195.63275,-4.6345763,8.2046
66695533,199.25182,-4.725726,8.21253
273726668,195.6334,-4.809434,9.1648
66694902,199.14163,-4.3952646,9.9071
66694966,199.13037,-4.6111465,9.02246
179018511,201.73077,-5.9844575,9.75898
175742726,195.51697,-5.024499,9.6314
273726553,195.62457,-5.3219824,9.29324
273726638,195.64856,-4.987389,9.10579
66695166,199.16696,-5.5735025,7.3025
115019916,202.00731,-5.662957,9.37739
66694858,199.18312,-4.1740913,9.7719
273726700,195.68925,-4.609039,8.31361
273726823,195.60759,-4.0005608,8.9685
134940427,197.20549,-5.9957004,8.08102
82087374,196.75964,-4.04452,8.77964
53257418,192.31229,-5.82246,8.7292
82072028,196.60837,-4.845917,7.3377
82071923,196.6469,-5.413303,8.8878
82072143,196.62163,-4.341111,7.29245
82114441,197.16385,-4.772622,7.4945
134979895,198.06487,-5.946845,8.8148
66766748,200.19185,-4.5214744,9.7224
66767053,200.11224,-5.6835513,9.994
66767059,200.09413,-5.71939,9.7027
66767382,200.2721,-4.695746,9.3255
66767514,200.25165,-4.2135973,9.8896
66767173,200.25249,-5.6655865,8.0546
82114397,197.11708,-4.9520054,9.46485
82114451,197.07329,-4.709751,8.99534
53314327,193.76898,-5.848081,9.9116
175742662,195.57475,-5.2828836,9.3866
124621116,196.02205,-4.0104465,9.7412
130713426,203.09416,-4.4663954,8.909
386640831,195.1427,-4.88648,9.10401
386640697,195.16093,-4.336623,9.93115
257740121,195.25214,-4.8184495,9.98965
257740243,195.2507,-5.3686028,9.33875
319443688,194.40533,-5.943066,9.28269
94925311,186.48488,-4.6140275,9.7893
53305883,193.40886,-4.224622,5.51156
53305085,193.24635,-4.130936,8.67278
66716111,199.46996,-5.5233607,9.33254
422245101,193.8408,-4.5041447,6.5489
124621476,196.06152,-5.360255,9.9182
175742933,195.5066,-4.229339,9.1254
124621694,196.17418,-5.5839705,9.3235
130636421,187.91135,-5.052594,5.28498
114960274,201.03102,-4.536558,6.94284
114960997,201.10861,-4.30898,5.9225
134880094,196.70195,-5.9527626,9.7091
287176759,198.82228,-5.4799986,8.8812
66716456,199.51195,-4.8411684,9.4811
175739403,194.9977,-4.308064,9.5967
134909914,196.86612,-5.9325886,9.41034
292113611,198.23819,-4.2741075,9.8797
292114133,198.30652,-5.0236874,7.6002
94941819,186.76686,-4.440358,9.7425
292113590,198.16411,-4.181751,9.82
292114056,198.30629,-5.395668,8.89299
178941761,199.95238,-5.959012,9.0383
115016575,201.6694,-4.6037407,9.7735
124624047,196.28311,-4.574593,9.3828
124624070,196.3201,-4.675162,9.09
124624586,196.38324,-5.1915593,7.899
292073122,198.04285,-4.2903843,9.86761
292073174,198.03119,-4.1086373,8.0448
349550717,191.64786,-4.77266,9.10547
257740004,195.33441,-4.247426,9.46072
114960911,201.10733,-4.616507,8.3093
115016581,201.70511,-4.620787,8.75937
115070119,202.09953,-5.2411466,9.0769
115072738,202.26633,-4.4914865,9.29601
124653242,196.37646,-4.21364,9.3269
115016915,201.72298,-5.9306984,7.77554
175739449,194.93962,-4.4302926,7.9677
51760565,190.89384,-5.2727675,8.5643
319358810,193.58435,-5.919944,9.1915
53257304,192.28804,-5.445049,7.7999
349507915,191.15973,-5.3086743,9.2911
175713420,194.38332,-4.4222884,9.4431
124611877,195.75282,-4.0113335,8.62353
124611935,195.77423,-4.2864513,8.31137
130587078,186.88289,-4.4002247,9.8635
147682703,185.4888,-4.6145062,9.481
82120025,197.63423,-4.15904,9.0154
82157640,197.92163,-4.0063086,9.2717
203250469,193.33379,-5.9501324,9.4559
124612531,195.95691,-5.1618147,6.856
203250472,193.29256,-5.9610667,9.5696
319404595,194.0339,-5.9630847,9.922
130642986,188.4708,-4.4221234,8.498
130642991,188.54459,-4.446475,7.98964
147683167,185.62239,-4.7013454,9.1448
130643234,188.51009,-5.7987766,8.5542
130636106,187.78516,-5.3217373,8.8849
130610698,187.51158,-4.6275887,9.6313
51662538,189.86609,-5.0708766,9.9957
175371902,189.16357,-5.4226923,9.31547
53257631,192.40175,-5.129951,8.9155
94894052,186.26802,-4.042713,9.06
94894087,186.16292,-4.299516,9.12528
349550230,191.53778,-4.9034166,9.5108
124655176,196.55579,-4.3107457,7.8092
130643422,188.63644,-5.2145066,9.773
51643802,189.80989,-5.547804,8.2923
94894075,186.2456,-4.2256513,7.4619
53257875,192.41039,-4.137749,9.6787
130608443,187.44414,-5.8976483,8.7289
175712832,194.20508,-4.7054367,8.1961
51643580,189.68443,-5.327668,8.2691
51643581,189.68678,-5.328148,8.7358
51662749,189.85396,-4.1896944,9.23162
130587025,186.98459,-4.6777186,9.0992
130587035,186.96478,-4.615277,5.8087
94941391,186.6988,-5.592167,7.1586
94892136,186.14449,-5.0333576,6.6905
349445364,183.76723,-5.8440866,9.1617
180203927,188.92508,-4.376195,9.7973
94892068,186.0553,-5.3191957,8.7128
94892122,186.07095,-5.0904474,9.0003
94941301,186.74962,-5.106159,8.9026
94941406,186.69841,-5.6843996,9.3672
66670638,184.8543,-5.7522163,8.0327
56811264,183.1093,-4.2581415,9.2243
147678031,185.38757,-5.895807,8.9676
147678132,185.4124,-5.380296,8.0044
66671076,185.03549,-4.2041926,9.3131
94941066,186.70981,-4.161544,9.76842
147677682,185.27832,-4.077418,9.4492
147678030,185.33705,-5.9164014,9.6741
94941110,186.72318,-4.338538,9.7482
349445652,183.84149,-4.425259,8.9731
180203870,188.83684,-4.0655394,8.76875
180204128,188.85797,-5.32263,9.4568
35021038,179.75063,-5.402948,9.9586
56811301,183.05934,-4.401972,6.5707
94894604,186.33894,-5.2110915,7.8607
94894607,186.32,-5.1714163,8.448
94923295,186.36197,-4.416209,9.6122
94923326,186.37039,-4.304105,9.7831
66670625,184.93077,-5.6916924,9.43606
349552971,191.82693,-5.753804,9.38344
349566432,191.9891,-5.066339,9.4192
349553016,191.88306,-5.890694,8.0247
51664656,189.92473,-5.0139737,9.8565
349552919,191.78365,-5.503893,9.894
349566623,192.04674,-5.9555964,8.29187
349566798,192.09583,-5.2590985,9.5061
66670666,184.90585,-5.8511224,8.52892
349553167,191.93759,-5.2752194,9.91621
66670337,184.88431,-4.542426,9.8383
421191545,178.3977,-5.0690002,8.1246
94894381,186.18684,-5.648117,8.1379
94923274,186.32002,-4.506897,9.66997
51760932,191.04073,-4.976479,8.27495
147682663,185.46298,-4.386403,5.7384
175371764,188.95274,-5.7506313,9.8153
56719971,181.42815,-5.688883,8.1474
56719941,181.45341,-5.857768,6.6926
130588947,187.04643,-4.684371,9.837
349456056,184.06648,-5.667043,9.89599
130586924,186.95036,-5.190101,9.7936
349456168,184.02751,-5.174539,9.23512
289446034,180.08093,-5.683944,9.77778
56754501,181.7433,-5.065736,8.0073
51689149,190.25461,-4.756447,9.1396
152826985,181.65895,-5.882152,9.63391
175378605,189.28857,-4.6510453,8.3679
130610845,187.58827,-5.351345,9.8641
349566642,192.15169,-5.8926716,9.65044
56769748,182.67131,-4.7469745,9.2695
175378495,189.2826,-4.0815363,9.92409
56769661,182.65747,-4.9190335,9.613
66665256,184.60017,-5.0315866,8.2068
66665023,184.6399,-4.0682106,8.6223
53303087,193.08427,-5.3813663,7.9575
130638570,187.98871,-5.7890353,7.5188
130638759,188.16374,-5.192701,9.2151
130638990,188.17256,-4.0341654,9.9381
53288778,193.14206,-5.6622596,9.25134
289513810,180.12996,-4.558871,8.1458
56759530,182.24979,-5.149104,6.9022
66673032,185.07028,-4.510287,6.22186
289514084,180.09944,-5.7923207,9.9163
56759751,182.15306,-4.23621,9.3658
130589291,187.13454,-5.603424,8.6313
130589524,187.16504,-4.4389534,9.1713
51643346,189.6798,-4.327839,9.3325
51643362,189.68054,-4.373551,5.0888
147696729,185.81404,-4.9745007,5.47655
147696430,185.7264,-5.468457,9.4901
147696493,185.67754,-5.750654,9.8056
51641261,189.4799,-5.7793093,9.4128
51641566,189.60287,-4.5925393,9.8588
147684835,185.71141,-4.007679,9.9288
51641420,189.57986,-5.358554,8.9189
175710487,194.02373,-4.706934,9.2585
349526806,191.28053,-4.963364,9.5672
349526845,191.36002,-5.126684,7.72763
349527276,191.38345,-4.8109465,6.06357
349458373,184.20647,-5.5750628,7.5407
349458434,184.09361,-5.845731,6.24907
56773896,182.81924,-5.103325,9.8299
56811718,183.14473,-5.5224266,9.6711
53288694,192.96106,-5.8138523,9.45438
130638249,188.0536,-4.156324,8.3933
147696496,185.73424,-5.7800207,8.32914
147696746,185.79341,-4.911836,9.14652
175711092,194.12419,-4.484024,9.16965
147696405,185.67122,-5.3092637,9.2792
147696467,185.75572,-5.5865884,8.37579
175710990,194.06255,-4.864027,7.20166
147696903,185.79549,-4.171791,9.3641
175710989,194.06339,-4.8654137,8.70573
289513804,180.11441,-4.548809,7.5515
289513921,180.15929,-5.120632,8.7492
130589557,187.18556,-4.29068,7.83099
51643369,189.78528,-4.3902235,9.82093
51643365,189.69524,-4.3788404,9.5319
53288587,192.9763,-5.354564,9.3825
130591245,187.29114,-4.109804,5.7765
56836232,183.60301,-5.389432,8.8862
130591337,187.34639,-4.5933733,9.2862
130611347,187.70961,-4.0608034,5.5232
130611271,187.69266,-4.445536,8.91219
130611274,187.61975,-4.4276757,9.258
130690707,188.72235,-5.154721,7.7782
130690522,188.71492,-4.42414,9.1116
130690634,188.7125,-4.8702917,8.9976
82055086,176.79086,-5.1805387,6.887
152829569,181.90926,-5.886176,8.3072
35089772,180.8979,-5.4795785,7.08113
66670807,184.96512,-5.403473,9.5341
173145178,172.83347,-4.299759,5.7214
173145149,172.91106,-4.11421,9.9675
173145170,172.84938,-4.227173,9.8235
51758060,190.78711,-5.7402353,8.9264
349527081,191.42703,-5.6536613,9.79323
66604041,184.26218,-4.250841,9.2863
349526871,191.25833,-5.272561,8.60647
56774275,182.82443,-5.9260783,7.6205
349458389,184.11546,-5.6933737,9.93459
94925939,186.53465,-4.48073,7.2012
144191563,177.4857,-5.994518,9.9441
96196925,179.25449,-4.761943,9.4736
96196392,179.20828,-5.0520463,8.9541
35064753,180.45052,-5.6371937,9.5933
94925839,186.54039,-4.897989,9.86082
94925792,186.59315,-5.1073995,9.60452
96196913,179.25124,-4.782773,6.2825
277227048,183.5644,-5.7165976,6.2998
94925382,186.45761,-4.8619566,7.7166
96196441,179.16136,-5.226827,9.4748
96196163,179.21465,-4.063227,9.46683
96196277,179.15416,-4.608691,8.19782
96196281,179.15364,-4.6122775,9.65669
49416976,173.4666,-4.7825813,7.2845
96193410,178.92143,-4.0468106,7.895
96193776,178.96486,-5.794467,8.4592
78273391,177.37137,-4.8065414,8.8147
35098299,180.9971,-4.1170506,8.4058
49454013,174.38971,-4.5052905,6.87628
130641129,188.38428,-4.9364758,9.6277
56720281,181.43282,-4.1554513,9.3339
66629713,184.41328,-4.423499,9.40196
56720262,181.5204,-4.2756424,9.6692
56762094,182.44897,-5.225744,6.8551
130640881,188.26332,-5.6618056,8.9457
130641082,188.452,-5.242263,8.46311
130640615,188.32552,-4.326406,9.94747
56754243,181.57703,-5.62207,9.98557
56756959,181.97623,-4.9867907,7.9691
144298726,178.85661,-5.9669347,9.7128
56756910,182.02081,-5.1839767,9.4901
81986049,176.03777,-5.5731654,8.2744
82071590,176.88109,-5.2636194,7.23305
82071381,176.90707,-4.2039337,9.9608
421191633,178.43364,-4.582128,8.8471
289446123,180.0213,-5.297027,9.4112
82071641,176.88254,-5.4587,9.17233
421191604,178.41069,-4.7486944,9.01946
82071577,176.88487,-5.1798306,9.7792
49453621,174.33025,-5.4070063,9.9893
49453430,174.30296,-4.5923023,7.2977
98669397,186.041,-5.985099,9.1129
56756737,181.8308,-5.853324,9.3647
56809443,182.8876,-4.735206,9.8976
175379091,189.31804,-5.0046754,9.2181
35010130,179.3909,-5.313214,9.7024
35010167,179.45848,-5.1710277,8.8966
66630250,184.51334,-5.13959,8.7169
66630382,184.53838,-4.5513444,9.7569
96196440,179.16272,-5.22585,9.9483
56756712,181.8128,-5.7337804,9.526
147698655,185.92378,-4.7207127,9.2613
35064844,180.59132,-5.7879915,9.1141
175378869,189.19731,-5.8319,5.8428
35064448,180.48003,-4.2523603,9.5833
35064829,180.57896,-5.8377714,9.1665
56756428,181.80608,-4.4082146,9.9384
82049844,176.2078,-4.5929008,7.8902
96199381,181.1871,-5.7732368,8.22245
56761708,182.27505,-5.0242524,9.70627
82049203,176.17317,-4.510813,7.9053
82049359,176.0917,-5.218511,9.19711
82049171,176.14421,-4.3965654,9.88099
78312952,177.9588,-5.762273,6.9951
96199711,181.25905,-4.326653,8.9319
35018381,179.53302,-5.758056,9.1885
96193941,179.10634,-5.358393,9.5036
96194184,179.02364,-4.247111,9.5613
96194226,179.06349,-4.1097584,9.687
35018360,179.50114,-5.657197,9.652
96199779,181.25348,-4.0370064,9.02606
96199448,181.2582,-5.5046763,9.7198
96199536,181.22359,-5.149273,9.9908
35018079,179.52835,-4.3704863,6.5158
96199292,181.11006,-5.7499404,9.6165
35098725,180.99597,-4.762933,8.1957
62940137,176.96077,-4.986218,9.2183
38205983,171.50105,-4.1588807,8.075
38141879,170.76842,-4.049778,8.8482
38141302,170.65115,-5.278361,7.6254
38141692,170.82433,-4.860772,9.5308
38141733,170.78728,-4.6998425,9.6959
38141586,170.79086,-5.3405476,9.3864
38141638,170.84027,-5.125441,8.8438
38141840,170.8112,-4.2225814,9.56668
38141337,170.71423,-5.4178357,9.36654
96244566,181.39601,-5.845887,4.7173
49504360,175.10307,-4.832262,7.7735
49504793,175.21442,-5.198665,6.7207
421193672,178.68828,-5.965974,8.36241
49504803,175.13284,-5.15324,9.3935
49419400,173.74544,-4.361287,5.46906
421195697,178.82555,-4.199922,9.2299
96199091,181.09744,-4.922472,8.9198
289446197,180.02287,-4.98716,9.9868
96199094,181.07184,-4.930392,9.763
49429194,174.02658,-4.1258063,8.7844
49427268,173.98567,-5.0577197,9.3286
78310428,177.75928,-5.333333,4.7187
49429287,174.1029,-4.703089,7.9525
49429338,174.10909,-4.9892426,8.4294
96244333,181.4092,-4.7406597,9.8193
421195897,178.86005,-5.134541,7.00369
96244465,181.35907,-5.4391003,9.9635
62940295,176.99196,-4.278733,9.58975
35089503,180.7916,-5.255934,9.6309
35089505,180.74553,-5.2657604,9.16035
49427515,173.96985,-4.0176516,9.5939
173098986,172.08923,-4.066757,9.667
173097138,171.9909,-5.6428657,9.41129
173098993,172.11917,-4.1159883,9.5936
173097259,172.05077,-4.9217734,9.8087
173097388,172.06494,-4.2445807,9.2012
38144328,171.09503,-4.049988,9.79904
49426665,173.80713,-4.0146194,9.78996
49504440,175.10403,-5.217431,9.88396
49504746,175.1376,-5.3896103,9.5932
49464407,174.83049,-4.1372643,7.7201
38086116,169.60394,-5.896211,7.3381
49546773,175.82884,-4.978351,9.0986
49419255,173.68875,-4.9544244,7.88199
421193363,178.55446,-4.3700423,8.51265
49419327,173.71805,-4.6460614,9.67646
421193767,178.64867,-5.429738,9.8204
78272840,177.21086,-4.478812,9.6323
62965524,177.11798,-5.8324394,9.42618
78273082,177.2773,-5.7837296,8.55877
49427341,173.96468,-4.755695,7.7645
78310494,177.73361,-5.6020575,9.1679
49505061,175.15971,-4.04808,9.09191
78310789,177.88185,-4.889242,9.25986
446671367,178.12254,-4.779952,9.8212
49427234,173.90399,-5.2201743,9.94473
78310846,177.88658,-4.6471057,9.82267
173163069,173.10757,-4.728429,9.9005
173163124,173.12077,-4.980136,8.5869
173163290,173.09955,-5.6248493,6.7963
173163333,173.13599,-5.807498,7.6011
78288999,177.468,-4.8492923,6.8784
443582440,167.74292,-4.137862,9.8111
173163022,173.16704,-4.4760456,7.6923
173163236,173.12854,-5.4011335,7.5835
173163387,173.20428,-5.793302,9.0681
173163432,173.27576,-5.607733,8.0328
173163511,173.22491,-5.28275,8.5745
49464670,174.81964,-5.223205,9.52349
49546777,175.75888,-4.9926333,9.87573
38086090,169.44151,-5.8576503,9.1809
38086261,169.55731,-5.190294,9.7743
38085685,169.44223,-4.185952,9.63006
35020891,179.76285,-4.7774825,8.46
81985889,175.9998,-5.854159,9.627
38138845,170.44533,-5.718501,7.17668
173108898,172.62457,-4.6912036,8.3334
1006906,165.74794,-4.961796,7.3188
1007418,165.79494,-4.436571,8.7896
38138562,170.42682,-4.46605,9.7924
173104408,172.46724,-4.9588685,9.5675
53209334,166.87813,-4.648068,8.2401
53209265,166.92638,-4.9461718,9.8892
173096846,171.94295,-4.6937685,9.6588
173096901,171.86876,-5.0485106,9.57656
53208687,166.76323,-4.4401426,9.9168
49419022,173.60913,-5.752202,9.5987
49419107,173.7704,-5.714753,9.7584
49419119,173.71527,-5.64967,7.9376
49419124,173.66806,-5.59021,7.7703
49455944,174.6098,-4.93221,9.806
56758978,182.05191,-4.287022,6.60955
56758992,182.1158,-4.3380885,7.3566
991479,165.4856,-5.3004465,9.8705
286278416,170.34937,-5.9159665,9.6434
318185565,162.16109,-4.6900535,9.53375
183640442,171.4768,-5.921973,9.5354
38138902,170.51857,-5.9389305,9.81944
173108835,172.61757,-4.406618,9.9166
38086286,169.59172,-5.0673018,6.5866
286278418,170.35368,-5.9231334,9.5902
35029483,180.2245,-5.538339,9.753
82054628,176.68427,-4.695588,8.10361
82054765,176.58786,-5.3489,8.22257
35062473,180.35912,-4.1987524,8.03499
35062481,180.35808,-4.1524615,9.2131
443582101,167.81741,-5.4701815,8.1164
443582139,167.78645,-5.32165,8.06946
443582221,167.79623,-4.9856043,9.4973
443582257,167.83144,-4.843498,8.9145
443581979,167.59981,-5.8868,9.9868
173145542,172.85132,-5.973488,9.6139
173145312,172.90054,-4.911228,8.3404
96197057,179.29199,-4.126541,8.0276
35029216,180.2312,-4.487304,8.75648
173145790,173.04071,-4.8013606,9.7419
349456320,184.06728,-4.4519033,7.2261
56759324,182.14247,-5.75704,9.45118
56759380,182.1581,-5.8429255,9.22174
62940285,177.02875,-4.329173,9.96075
62939940,177.01495,-5.83061,9.9486
47391783,164.82632,-5.4006834,9.328
443587066,168.14656,-4.07685,8.181
443587335,168.19342,-5.116937,6.6492
47391773,164.85248,-5.3622475,9.4817
173165643,173.38315,-4.6878943,9.1501
173104410,172.46762,-4.95692,9.7264
38131684,170.20784,-4.7992573,8.3624
38131671,170.19258,-4.757591,9.8055
38132148,170.34268,-5.1369934,8.5912
173145220,172.90356,-4.47693,9.574
173145389,172.83504,-5.2593083,8.65726
35029242,180.24637,-4.5942326,9.90732
443608534,168.44801,-4.5796027,9.3709
991806,165.59683,-5.050298,9.7819
443608414,168.47575,-5.0759363,9.9394
47425894,164.94055,-5.370019,9.7282
173165895,173.36298,-5.7601933,9.75194
38132318,170.29529,-4.3801775,8.77334
173104166,172.34021,-5.753323,9.3647
38132321,170.318,-4.3661966,7.43385
38064016,169.40341,-5.379314,8.9604
38132095,170.319,-5.458033,9.736
443617359,169.20448,-5.1524673,8.5875
49418721,173.65184,-4.3048954,9.2161
443616889,169.11823,-4.999073,9.1859
49417099,173.51678,-4.1660542,8.51181
49418981,173.58897,-5.5271,6.4563
349455996,183.88937,-5.934807,8.0097
49465029,174.89192,-4.887362,9.9751
62939831,167.48988,-5.6052985,9.7099
62939882,167.58011,-5.8109946,8.8964
38139092,170.5927,-5.1476393,7.4955
285930023,171.09068,-5.909985,6.4424
49465009,174.91583,-4.9844704,8.2339
49465016,174.98311,-4.960816,7.9327
47385285,163.03209,-4.33307,9.70987
38139147,170.6181,-4.937047,9.66189
443608054,168.35367,-5.4468102,7.4356
443607879,168.37273,-4.7701,8.3456
443614500,169.01974,-4.4997387,9.2042
443616641,169.13094,-4.0716953,9.5882
173103859,172.40353,-4.2721806,9.6737
1025858,166.10526,-5.3900256,6.9996
1025904,166.06303,-5.166781,9.0244
47378646,162.69156,-4.7384357,8.6875
443613897,168.84654,-4.9337516,7.5726
443613784,168.92601,-4.509112,8.7212
443613819,168.92229,-4.6297307,9.7114
443614071,168.8204,-5.6185136,9.4373
443613801,168.86887,-4.5851564,8.9667
318120763,161.98953,-4.0283446,8.9359
443613858,168.89268,-4.803389,9.23544
443614185,168.96048,-5.8022633,9.75945
1009315,165.97365,-5.196034,9.9301
14343482,163.6258,-4.6028795,9.816
185220695,173.78719,-5.949414,9.8751
38116129,170.02306,-5.2332563,8.5907
173102267,172.31038,-4.451655,6.9318
38212131,171.68863,-4.1440787,9.3412
38116210,170.13397,-4.7821693,9.8483
38115935,169.98953,-5.661168,9.8929
38116298,170.1017,-4.4189267,9.9655
38212433,171.59879,-5.319882,8.5126
173102222,172.24065,-4.668632,9.71614
38115934,169.90974,-5.6539335,9.6288
14343469,163.70471,-4.541848,9.0947
38143659,170.9193,-4.6963644,9.4917
53177833,166.26147,-5.333974,8.7695
62894271,167.11787,-4.3966103,8.8723
38205300,171.40178,-4.549559,9.176
38205828,171.49007,-4.9241776,9.6486
443616717,169.11334,-4.378195,9.4048
53178040,166.18236,-4.3643727,9.7166
62894198,167.14006,-4.71351,9.8245
47386580,163.50468,-4.04163,7.83006
53178075,166.1728,-4.221088,6.9091
62894313,167.15585,-4.2332096,9.8842
38160002,171.11433,-4.448433,8.4738
38160150,171.22325,-5.133468,9.9151
62903897,167.3342,-4.071048,7.9542
38160330,171.31224,-5.8689528,8.0061
38160635,171.27403,-4.580544,7.8429
38159981,171.13014,-4.384266,9.34154
38160654,171.24011,-4.477937,9.0098
62904024,167.301,-4.6069717,9.43673
38159980,171.12773,-4.3839717,9.60584
53206780,166.63982,-4.097851,9.8857
47386484,163.56657,-4.599767,9.5564
47425931,164.93246,-5.187691,7.4993
47428096,165.05792,-5.8518357,9.6874
47428376,165.2185,-4.661375,9.3972
53206460,166.73512,-5.5880113,9.1445
53206790,166.72995,-4.0800204,9.30349
47428347,165.22752,-4.778549,9.90593
47428090,165.05989,-5.8070536,8.11691
47428177,165.2853,-5.69054,8.59459
38088360,169.73605,-4.57145,9.2299
34946025,164.18279,-4.8953066,9.2031
53188775,166.31229,-4.30141,9.0983
53188811,166.3181,-4.4468184,9.3577
53189325,166.4741,-5.111541,9.9011
53189383,166.48514,-4.8460965,9.577
34945569,163.97888,-5.118376,9.94804
34946049,164.16655,-4.8027062,9.0169
53188894,166.37991,-4.876762,9.62088
53189164,166.4819,-5.828433,9.85324
173090159,171.77594,-4.292317,9.99069
38088661,169.84003,-5.938115,8.6988
38088676,169.83022,-5.829432,9.9779
173090065,171.73111,-4.855857,9.6746
38088391,169.71422,-4.727008,9.03341
14342109,163.36627,-4.2671504,8.7752
14342121,163.42358,-4.304153,8.4367
53189260,166.4186,-5.3926477,8.83409
14342208,163.44547,-4.631119,9.7836
53189262,166.50363,-5.3811746,8.45693
14326811,163.15851,-4.2636824,9.7243
1009252,165.91443,-4.7903743,8.7536
14326983,163.19966,-4.888304,9.703
62904394,167.44804,-5.811798,8.58256
318092044,161.58609,-4.172049,8.9424
47351457,162.49881,-4.2632556,9.042
47384447,162.97891,-4.1202946,6.5321
173145745,173.00536,-5.011776,9.9053
49525227,175.52397,-4.1105433,9.58262
443584494,167.84413,-5.0010552,9.79692
443611473,168.69226,-4.6922584,9.10319
443610892,168.58353,-5.0195684,9.9971
47352090,162.56667,-4.8798637,9.6486
49544838,175.63525,-4.649266,6.88939
443584291,167.95341,-4.065009,9.0812
443584448,167.89035,-4.775323,8.8678
443611240,168.79616,-5.5919867,6.9856
443611351,168.7237,-5.183177,9.9653
443611380,168.70695,-5.0607467,8.7556
443611410,168.7095,-4.963109,8.1775
49544634,175.627,-5.632794,8.9313
47379235,162.82689,-4.7365108,6.0329
47379322,162.78534,-4.399006,9.6039
47379331,162.80588,-4.3555284,8.49546
902805406,166.35823,-6.441421,9.7703
902805404,166.35854,-6.4415298,8.6408
952724263,182.78612,-6.553198,7.9997
952688693,184.02577,-7.4656844,8.6453
952693980,184.68445,-6.6776643,8.4642
952679248,186.70744,-7.724777,8.9156
98591987,185.10704,-7.613516,7.339
98720302,186.70744,-7.724777,8.9156
286278284,166.35854,-6.4415298,8.6408
143046410,167.71147,-6.001208,9.251
144213784,178.06464,-6.284931,9.713
144213555,177.87039,-6.629745,9.996
98797951,187.50717,-6.023292,6.944
143058329,167.73758,-6.325202,8.741
183640104,171.37523,-7.852947,8.204
111014182,189.15283,-7.262058,9.262
176868306,182.78612,-6.553198,7.9997
183651228,184.68445,-6.6776643,8.4642
176942561,184.02577,-7.4656844,8.6453
178942051,199.97089,-7.44505,8.491
196685221,202.80394,-6.824749,9.3235
178941873,199.93713,-6.541624,7.8852
179011993,201.53941,-6.2388535,9.3506
179018447,201.69203,-6.3009214,7.5296
178948294,200.14519,-7.4832325,8.2793
179011836,201.44794,-6.916719,9.813
196679639,202.46484,-7.5878057,9.5971
179018787,201.80182,-7.211965,9.0121
196685465,202.96753,-6.0147605,6.86944
196685368,202.82617,-6.177159,8.91137
196682212,202.63313,-6.3505635,9.51634
179000129,201.20107,-6.840335,6.5987
179021573,202.0847,-7.665704,9.8482
134877462,196.49669,-7.2964835,9.03287
178926698,199.63783,-6.265769,6.7688
134966624,197.59811,-6.0982065,9.9597
178926823,199.65616,-6.9658484,9.8075
196682336,202.65314,-6.09593,9.64
178920164,199.40454,-6.3965936,8.5492
179020819,201.92154,-7.867514,8.7807
179000166,201.26027,-6.643821,7.8738
196682173,202.6072,-6.470266,5.8012
178950400,200.28925,-7.281608,9.993
178950509,200.31883,-6.8350906,9.8774
178950510,200.30815,-6.831962,9.0857
178950822,200.3931,-6.6806355,9.0756
179021017,201.92207,-6.815816,7.39298
319480346,195.18037,-7.7541914,9.021
179020991,202.00429,-7.0271716,7.404
178999952,201.26216,-7.6974583,9.6143
183670435,196.0504,-6.6622815,8.60474
179011878,201.54643,-6.7633777,9.16021
179011865,201.46396,-6.796428,9.4983
183653269,195.63133,-7.980212,9.0817
179000076,201.25569,-7.092188,8.3487
178944039,199.97073,-7.443791,9.9123
179012293,201.56615,-7.1016273,9.74148
134982884,198.33432,-6.03246,9.4412
196685528,202.9912,-6.255827,2.86059
196685342,202.85484,-6.2621427,9.9026
178997684,201.13136,-6.188843,7.92217
178956946,200.68678,-6.0352416,9.11419
179000059,201.26535,-7.15834,8.8857
134982399,198.31667,-7.933353,8.6684
134982447,198.36797,-7.7334437,9.42819
183653496,195.68678,-6.8950977,8.7457
134963342,197.38591,-7.213769,9.25288
134866321,196.10307,-6.8782277,9.2897
134979938,198.24377,-6.070883,8.5914
134980326,198.1821,-7.6318693,9.5863
134941082,197.21367,-7.445971,9.934
178941731,199.79344,-6.0227113,9.87739
134910014,197.00383,-6.2791805,8.6694
134979752,198.09514,-6.50045,9.11135
135040451,198.56232,-6.8133254,9.66348
178956981,200.62895,-6.2021494,6.016
178971807,200.77992,-7.8587236,9.4082
178972347,200.8872,-6.5045643,9.9208
319481076,195.23137,-7.322334,8.4892
134877482,196.53894,-7.3806295,9.73128
319481173,195.23106,-7.8206797,9.97299
134879647,196.6653,-7.8255177,9.1751
134880122,196.79698,-6.0820255,7.84972
134880413,196.74359,-7.1941595,9.49251
134963687,197.50607,-6.0488925,9.9026
134880137,196.78004,-6.1367965,9.88723
156673329,193.05255,-6.090198,7.67758
156689103,193.25963,-7.9501486,9.857
156688943,193.24086,-7.12574,8.34059
156673105,193.10106,-7.274583,9.2332
156673231,193.0784,-6.6048822,9.4021
156673381,193.274,-6.0226555,8.76848
156688879,193.2172,-6.872375,9.0669
179012148,201.63336,-6.330495,9.5175
183653575,195.69955,-6.5213366,9.003
319404561,193.98314,-6.0667257,9.0948
134964055,197.44272,-7.655413,6.41114
134876839,196.4221,-7.159371,8.651
319359178,193.6121,-7.610449,8.12736
134877540,196.45888,-7.660777,7.8621
134880434,196.70438,-7.292204,8.1609
134963690,197.42213,-6.0599384,8.7703
319404317,193.88692,-7.225305,9.2054
319404380,193.99692,-6.926693,9.62999
156638893,192.48274,-7.0596414,9.7979
156638913,192.50725,-7.1974754,7.6456
156638998,192.52145,-7.6322,6.5533
319446399,194.75072,-6.090939,7.09048
178917716,199.2066,-6.934778,7.83639
319326850,193.4923,-6.8291,9.7963
110998489,188.98463,-7.739576,9.9825
319462166,194.77562,-7.3231397,9.268
110997857,188.88162,-7.200729,9.7494
319326798,193.4711,-7.060067,8.4575
319462255,194.80655,-7.753618,9.8268
110997731,188.7778,-7.748412,9.066
319326644,193.43633,-7.776788,9.971
319358990,193.57956,-6.732157,9.87331
319446593,194.82265,-7.1149836,8.7514
319443995,194.59344,-7.3305964,8.9032
319480292,195.13998,-7.9939365,8.354
319444053,194.57,-7.655262,9.10294
203284233,195.852,-7.286974,9.676
178957250,200.6612,-7.53985,9.3181
178957251,200.59085,-7.541799,8.40736
178972582,200.8767,-7.7199407,9.31818
134969872,197.91405,-7.399715,9.23214
179009618,201.3393,-7.583778,9.2644
203284223,195.835,-7.336728,9.6465
319443716,194.611,-6.048451,8.75072
319444051,194.55605,-7.650928,9.26845
179009619,201.33766,-7.5841336,8.23863
98797471,187.46419,-7.998903,9.8966
203234336,184.42905,-7.5709004,7.9469
203234375,184.5082,-7.371147,9.4511
203234612,184.42784,-6.298978,8.6454
203234587,184.47246,-6.4310794,7.3827
319446594,194.7948,-7.1156483,9.47116
183653573,195.70067,-6.5217624,9.07908
179032327,202.17343,-6.2199783,9.28441
134939682,197.16187,-7.5014215,9.84092
98723726,186.92325,-7.5817485,8.5171
156643893,192.7303,-6.061029,7.6487
156644230,192.67685,-7.6362267,7.96074
380194874,187.64658,-7.384575,9.0208
156643558,192.60387,-7.363556,8.6053
134939764,197.10745,-7.30846,7.45693
134940246,197.16328,-6.296352,9.8127
288530982,191.74237,-7.4488964,9.4724
156643547,192.62732,-7.422387,9.0548
156643980,192.67174,-6.4603662,9.12645
156644097,192.74492,-7.059851,9.53723
319464457,194.87646,-6.396614,9.81193
156622330,192.26135,-6.7024174,9.3858
380194612,187.598,-6.030121,7.7563
380199964,188.13765,-7.304679,8.9285
288605378,192.08763,-7.3443623,9.3582
134969087,197.84598,-7.810673,8.4386
134969123,197.81245,-7.6800766,8.24444
178941970,199.85031,-7.057542,8.25833
32481664,190.35281,-7.3869495,8.7469
32481560,190.25539,-7.7671127,9.4865
98663961,185.93222,-7.3238425,9.0654
288548104,191.746,-7.799832,7.1003
98663347,185.78975,-7.2991266,6.1379
32479349,190.20259,-7.805259,9.6203
135042984,198.77538,-7.9728813,8.93526
98663450,185.84825,-6.8214054,9.56558
32481722,190.23903,-7.182531,9.33323
98663691,185.86482,-6.118795,6.7052
98663897,185.8542,-7.052853,9.0156
98581715,184.83905,-7.3979383,9.2112
380194619,187.66966,-6.0580025,9.845
380199737,188.12708,-6.0979934,9.4155
156638270,192.34421,-7.457579,9.60473
156620602,191.18214,-6.6010313,9.403
319429864,194.12825,-6.3270173,7.8992
319446169,194.64961,-6.948351,6.84174
319446148,194.68385,-7.081152,9.579
176942652,183.9733,-7.979045,9.7081
176942328,183.95203,-6.4030795,9.8577
152827173,181.8121,-6.765578,3.58411
152719609,179.94194,-7.2082934,9.8079
176908463,183.23444,-6.805235,7.8563
152719858,179.92694,-6.234924,8.6837
156670655,192.91812,-6.133099,7.3657
98797908,187.53534,-6.193459,9.5
156670404,192.81021,-6.944978,8.3001
156670267,192.85425,-7.65092,9.3411
156670328,192.84491,-7.3083034,9.7873
156670498,192.8208,-6.51006,9.6164
176908520,183.21593,-7.0385337,9.54694
152720386,180.05902,-7.817979,8.4266
98717994,186.61702,-6.0406604,8.0526
952666866,182.8271,-7.8904915,9.9678
156670528,192.89183,-6.34176,9.26319
156638589,192.41124,-6.079129,9.0289
98797950,187.50803,-6.023407,6.9282
98675119,186.45285,-6.2442465,9.3892
98675347,186.40952,-7.2846026,9.7138
98675110,186.36203,-6.216909,9.0265
98717662,186.57965,-7.330082,7.848
152827028,181.79578,-6.1225057,9.8912
156597227,190.82904,-6.4139175,9.4306
156597474,190.75822,-7.7729206,9.9323
152827019,181.82706,-6.0739474,8.5649
319429838,194.2108,-6.4714217,9.90222
98675437,186.40125,-7.6132646,8.2147
110995704,188.70145,-7.1003103,9.3623
156620702,191.18071,-6.172951,8.3383
429302730,188.37538,-6.5584574,8.4043
203250837,193.31702,-7.4886956,9.226
319404825,194.05055,-7.256068,8.0875
152827024,181.80461,-6.084022,6.43878
156670928,192.9152,-7.4790354,8.99075
98675206,186.36531,-6.60436,9.69225
98674680,186.29204,-7.555597,9.46347
98675287,186.4435,-6.9852085,9.48863
429302623,188.29974,-7.268152,8.74708
319404852,194.07555,-7.408075,9.03664
429343757,188.48036,-6.7777257,7.5804
110998425,188.93707,-7.446829,7.6625
110998317,188.99594,-6.8769755,9.55044
319404813,194.11601,-7.193032,9.8719
98720585,186.76067,-6.2394295,8.4382
98720618,186.7429,-6.0620675,7.9109
98720419,186.74515,-7.1571712,9.1672
98720583,186.72984,-6.243997,9.3199
98720526,186.78693,-6.527654,9.11262
98720535,186.75233,-6.4623785,9.4673
429344013,188.51007,-7.941206,9.1257
156618366,191.05916,-7.8587317,8.3567
429343997,188.50801,-7.8772707,9.4327
152827142,181.71524,-6.7008057,9.083
98629896,185.49329,-7.718574,9.904
156620955,191.28328,-6.9526696,8.8271
110977295,188.75772,-6.686018,9.1898
152803012,181.06847,-6.9504833,9.87258
156597325,190.72614,-6.98865,9.9353
98627890,185.46344,-7.876468,9.5797
98669034,185.99596,-7.5077353,7.7354
98669487,186.10631,-6.314448,9.3748
98627181,185.35332,-7.2615056,9.4622
32448045,189.81152,-7.995567,3.64306
98627774,185.40254,-7.384774,9.25655
98627897,185.4306,-7.91764,8.9728
98627347,185.35513,-6.437141,9.93693
98627328,185.25475,-6.523913,9.7415
98627502,185.43196,-6.166511,9.1087
98627794,185.40489,-7.4807153,9.80158
288550158,191.92012,-7.171177,8.7734
288550455,192.00467,-6.0116715,9.8724
288550165,191.91681,-7.138786,9.90217
156599995,191.0085,-7.2700276,8.6996
183648559,179.50362,-6.1276293,9.6069
152829465,181.95312,-6.478626,9.1001
152829494,181.84532,-6.3328867,9.4269
156638841,192.42796,-6.880159,7.67376
98797769,187.51054,-6.732255,9.0652
380197440,187.82065,-7.665427,8.8171
176944369,184.09018,-7.531885,7.0079
380196853,187.69313,-7.2639217,8.9533
111013735,189.12573,-6.7456675,9.9833
111013792,189.0539,-6.4137053,9.3459
288550345,191.88927,-6.3017516,5.7604
176910439,183.3177,-7.7157106,9.05511
176944546,184.0951,-6.6325917,9.47007
111013928,189.14171,-6.0655503,8.31487
111013933,189.19841,-6.0911207,8.89225
176879415,183.0926,-6.955556,9.9651
98797734,187.5375,-6.8846383,8.8946
176879405,183.06192,-7.001062,7.8397
368439200,186.9623,-7.0102587,8.7855
368439217,187.01541,-6.922572,8.4364
176879529,183.09473,-6.359595,9.0197
368439116,186.99904,-7.5680995,7.6523
98797704,187.52063,-6.992712,8.2834
152829744,181.99628,-6.730756,9.2238
32424466,189.52501,-6.5935583,9.435
156599641,190.87898,-6.256299,9.6935
144248958,178.18791,-7.5966887,4.9312
144248654,178.24326,-6.2378607,8.0574
183648827,179.52321,-6.96575,8.7743
144169291,177.15527,-7.081253,9.39625
144169296,177.16423,-7.053129,8.7733
144169473,177.10107,-6.3284516,8.5015
144169162,177.15988,-7.6438746,9.8721
183648954,179.60492,-7.629932,9.0818
144248150,178.15135,-7.9321327,9.38688
183648880,179.55225,-7.2445264,9.4903
144248509,178.06467,-6.28422,9.7714
144169493,177.18047,-6.238374,9.6507
183650860,184.15388,-6.8378077,8.0165
183651225,184.66078,-6.6500483,7.6786
368439081,186.99791,-7.721817,8.9362
144158624,176.67319,-6.5239534,9.6421
152719676,179.8964,-6.9638667,9.7668
152719506,179.97885,-7.641732,8.3195
144191570,177.536,-6.0161734,9.1542
152822365,181.51164,-7.3211503,9.67293
183650771,184.25981,-7.315204,8.8252
203232564,184.31335,-7.812202,9.3513
368439284,187.00493,-6.661749,9.56941
288528297,191.5661,-7.874397,9.37336
183653869,195.71606,-6.635876,9.8248
319443447,194.47911,-7.140965,7.59682
319443598,194.41664,-6.392278,7.6634
319443496,194.41942,-6.897913,9.399
183653930,195.8268,-6.9479127,8.823
183650713,184.16333,-7.623697,9.4938
319361106,193.68912,-7.636425,9.59548
319361376,193.73337,-6.3386035,9.2774
319326630,193.40297,-7.8391647,7.87061
319361752,193.7638,-7.6005836,9.80085
319361790,193.78847,-7.764005,9.77392
319443310,194.44717,-7.7768497,9.65171
183653986,195.74063,-7.2717605,9.94473
319443462,194.39581,-7.063721,9.7753
183654123,195.76634,-7.924104,8.71833
32448059,189.76826,-7.9175158,8.0153
98725027,187.14462,-7.351277,8.9159
156582910,190.57748,-6.594706,9.5775
319361109,193.69408,-7.6161804,8.34014
156597049,190.61594,-6.138654,9.4528
156583079,190.49037,-7.5002995,5.1545
156596872,190.71088,-7.016705,9.54286
156597023,190.63611,-6.2650013,9.7263
156596729,190.60469,-7.6109467,9.4078
156596808,190.66089,-7.215932,9.70844
152773137,180.57063,-7.006545,8.6905
152852741,182.14668,-6.854506,7.248
98751953,187.25505,-6.5918794,8.0823
98751969,187.21523,-6.5302787,6.8909
98751772,187.19357,-7.5129004,9.837
176867792,182.61328,-7.7739754,6.3315
152853254,182.26147,-7.580663,9.9843
152821930,181.4629,-6.5403724,7.9155
152821936,181.4281,-6.5313272,9.874
144167132,177.0736,-7.5168233,9.8716
152821898,181.35872,-6.742114,9.3604
144166658,176.8887,-6.4682364,8.77567
176939705,183.65285,-6.035764,8.1064
286396158,171.51219,-7.31661,9.929
286395900,171.5563,-6.065559,8.6442
152802662,180.8862,-6.576277,9.6006
152868934,182.35606,-7.934117,9.8899
152869240,182.39859,-6.669201,9.8159
176939578,183.5779,-6.649709,8.3241
152802579,180.97136,-6.928703,8.3645
152869005,182.34583,-7.6495767,9.47
152869194,182.34073,-6.8737793,8.9761
176939352,183.60298,-7.7596426,9.2138
152869146,182.41943,-7.021155,8.8999
176868035,182.66893,-6.596769,9.2639
144105665,175.43771,-6.6845245,8.6697
176877188,183.00471,-6.8870053,9.54537
286396200,171.51709,-7.516984,8.2141
144105557,175.43144,-7.2213387,8.61715
144106144,175.53813,-7.7364483,9.4421
144105878,175.56409,-6.2337265,9.8967
144106130,175.60674,-7.6262426,9.2665
152869122,182.35225,-7.116547,9.84467
176939573,183.66115,-6.6820593,8.61761
152802692,180.91347,-6.426718,9.84774
286396042,171.54189,-6.7482295,9.8544
152869501,182.44685,-6.334283,9.0172
152869492,182.53615,-6.2954345,9.29363
185259481,175.03305,-6.108488,9.4077
144124311,175.97968,-6.677162,5.22956
152772769,180.48007,-6.282652,8.3452
185247517,174.83504,-7.416953,8.778
185247595,174.83363,-7.0435443,8.8242
185248183,174.96368,-7.5154166,9.608
902760862,169.24217,-7.1349564,9.6026
185247865,174.93831,-6.0149374,9.5011
185247985,174.9179,-6.607538,8.5196
185242316,174.34268,-6.262295,9.5042
144272305,178.51068,-6.800475,9.8598
152773204,180.59946,-7.3044558,8.9012
144197527,177.78893,-7.216341,8.6446
176910916,183.45122,-6.497681,9.38982
288523550,191.43044,-7.8072166,9.21762
144197290,177.74472,-6.133567,9.8572
144196884,177.63974,-7.496822,8.5141
185239953,174.24522,-6.818046,8.1787
185240087,174.19434,-7.393223,9.7556
144197176,177.62242,-6.2108903,7.329
144197304,177.75665,-6.204941,8.128
144197711,177.79558,-7.991623,5.8086
144197693,177.76443,-7.8860826,9.5086
144213913,178.0157,-6.8736377,7.9316
333788312,169.01561,-7.4861536,8.4984
144145758,176.53319,-6.639076,7.6464
144214079,177.94351,-7.585553,8.4906
333788789,169.08127,-7.1391034,8.95489
144146013,176.53835,-7.7691994,8.4447
333788742,169.10948,-6.7983127,9.89039
144274572,178.59917,-6.7811017,8.65018
183640653,179.31522,-6.976888,8.5974
176879376,183.07423,-7.143961,9.6828
144137877,176.06937,-7.1338167,9.9111
144124621,176.09213,-6.5584044,8.4272
144197649,177.72183,-7.7151546,9.6875
176879271,183.12935,-7.6127815,9.5854
185247941,174.90851,-6.3773794,9.2209
144196917,177.57779,-7.37593,7.22756
144274437,178.55356,-7.491331,8.507
144274459,178.55931,-7.383855,8.4965
183640546,179.30746,-6.416526,9.70373
185239372,174.09415,-7.97977,9.929
144274543,178.56717,-6.935773,9.82955
144213337,177.85909,-7.7086864,9.9274
203234728,184.58618,-6.1699677,9.8226
152821992,181.43494,-6.2746677,9.7046
152869669,182.56366,-7.053064,8.66769
144213327,177.8602,-7.7328243,9.64491
144213554,177.87051,-6.6310625,8.72885
176940024,183.77542,-7.2573843,7.4983
176940023,183.77736,-7.25732,7.282
176942274,183.96986,-6.16041,6.712
98591936,185.06558,-7.8219647,8.7404
98592118,185.03076,-7.0773015,7.6941
144305798,179.061,-7.139208,9.4119
152701252,179.7489,-7.6121054,9.27172
152701708,179.77156,-6.194984,9.2238
152701483,179.75423,-6.653676,7.65225
144298775,179.03197,-6.091587,9.2749
98630200,185.56367,-6.429551,9.3861
144189049,177.29413,-7.5846205,9.0952
144189014,177.27727,-7.4285436,9.282
144191084,177.38222,-7.9136214,8.6802
152701596,179.6678,-6.1618247,9.4974
152701693,179.8109,-6.120496,8.5358
144274853,178.74828,-6.3217974,9.6073
152775187,180.71526,-7.683625,4.8689
152800345,180.82343,-6.7788205,8.8525
176942034,183.85239,-6.981479,8.6292
176941957,183.78455,-7.2837873,9.5837
144169815,177.31361,-6.89486,6.0117
144189004,177.29495,-7.360634,5.5381
98630063,185.56836,-7.066726,7.6991
144274697,178.56866,-6.1756854,9.4648
144274919,178.72813,-6.6508307,9.3328
144191188,177.40872,-7.421229,8.97788
98592252,185.10054,-6.557012,9.00539
152869344,182.43857,-6.2887187,9.99498
203250290,190.37738,-6.693463,9.6031
203250349,190.44948,-6.4140434,7.6158
152775518,180.69128,-6.465881,8.4283
152775253,180.71265,-7.4267993,9.81503
98591986,185.10841,-7.6136446,8.52409
185223224,173.92436,-6.73796,9.1221
185223273,173.80853,-6.492521,7.9047
144298460,178.83588,-7.2262397,8.2068
176876572,182.8269,-7.890965,8.0609
176876705,182.92374,-7.314014,9.9615
185223050,173.91362,-7.443934,9.6973
176876644,182.90582,-7.6063733,9.1092
176876821,182.91585,-6.789909,9.3212
176876840,182.86435,-6.695164,9.7863
185222969,173.90167,-7.8779945,9.6654
176876559,182.86867,-7.9885535,9.948
185259209,175.12871,-7.432031,9.5671
380090104,169.40977,-7.2145386,8.8774
453453566,169.88115,-6.2426195,9.1173
203250088,190.37273,-7.6095448,9.49258
453453815,169.84288,-7.5735526,8.7543
453466512,169.93144,-6.8971033,8.45554
287400077,172.44223,-6.8938575,9.4696
287400217,172.42992,-6.308697,8.5801
152829236,181.8469,-7.525206,8.9154
144120899,175.7007,-6.415236,7.9557
144306113,179.17798,-6.41587,9.6452
144166374,176.91513,-7.7203426,8.2576
144166539,176.94318,-7.003581,8.3013
143046209,167.57664,-6.6887755,7.0503
143046569,167.70735,-6.7528815,9.8092
143046578,167.70609,-6.795387,8.8763
322733313,171.77568,-6.687974,9.5465
322733324,171.80743,-6.6247883,8.7021
144105609,175.46954,-6.9425125,7.7192
144105790,175.46645,-6.041371,8.1374
396901635,168.80464,-6.2684608,9.9023
396901640,168.78914,-6.2468305,9.9346
287399956,172.3661,-7.4464903,9.84028
144120763,175.65132,-6.768183,9.60446
144120823,175.64122,-6.6415367,9.7564
152804981,181.1839,-7.976674,8.13691
396901751,168.90079,-6.1529946,8.55356
396901914,168.83577,-7.017763,8.8936
396901952,168.82222,-7.2085433,9.26674
144145579,176.45848,-6.082472,9.558
144298439,178.83311,-7.3220143,9.61718
144298671,178.85588,-6.219377,8.76688
185223179,173.89635,-6.926926,9.9126
453466511,169.93298,-6.898546,8.09989
143046411,167.71135,-6.0019717,9.2454
286278867,170.29698,-7.845005,9.9709
322733616,171.88475,-6.8823595,9.9476
286278376,166.30124,-6.06052,9.7978
144250852,178.35591,-7.54451,9.4234
152805400,181.21591,-6.199082,8.6699
176868509,182.70132,-7.5732827,8.6967
152739663,180.20671,-7.0545073,9.20965
185223680,173.99982,-7.590646,9.8215
183638286,171.35289,-6.8395658,9.4004
183638345,171.32448,-7.1813273,8.0546
143070892,168.39392,-6.767468,9.7495
185223400,174.00229,-6.087113,9.28535
144250882,178.31705,-7.3743477,9.7085
183638177,171.35493,-6.340799,9.9416
185191335,172.98587,-6.470525,5.8534
453453308,169.68301,-6.910197,7.1036
453453460,169.70087,-6.0902214,9.9095
185191586,173.03102,-7.6177564,8.347
285971448,172.51303,-6.8344574,8.1665
143070457,168.2151,-6.9283414,8.423
453450762,169.53471,-7.5111103,9.4852
185194540,173.19807,-7.827523,4.7463
144191930,177.47084,-7.5883975,7.8668
287348203,172.02434,-7.7358847,9.87369
185196639,173.34833,-7.223599,9.4844
287347434,171.70393,-7.7919807,8.19509
185218191,173.49046,-7.5720177,9.3592
185217674,173.40758,-6.5369477,6.7344
453451394,169.6074,-7.7283893,8.7333
285971725,172.6281,-6.317624,8.94911
285971889,172.69339,-7.147544,8.72906
143070393,168.31598,-7.2017727,9.9803
453451392,169.59169,-7.723368,9.89388
453450891,169.45932,-6.749009,9.6964
285971508,172.54344,-6.543368,9.8979
185193894,173.15208,-6.913284,9.05153
185194445,173.1992,-7.4143605,8.94126
185194236,173.25633,-6.4937763,9.7786
185217684,173.35893,-6.49886,9.5193
144166831,176.97203,-6.2450476,9.15668
143027662,167.0716,-6.310579,8.3092
143027845,167.13152,-6.4176087,7.4885
143027784,167.20525,-6.14173,9.2813
185245205,174.74391,-6.2785845,9.2248
185245495,174.70595,-7.6000395,7.90727
183640238,171.44502,-7.0977726,9.8715
185190754,172.94362,-7.920145,9.8926
185191147,172.84125,-6.180906,8.716
185191370,173.00865,-6.679529,9.5119
183640432,171.37529,-6.00848,8.1164
142986223,166.71394,-6.382454,9.9382
286278638,170.36784,-6.87226,9.4746
183640213,171.42953,-7.2489758,9.0482
285929883,170.94911,-6.6500487,9.6153
185245362,174.76335,-7.058276,9.7688
143058216,167.75378,-6.8939233,9.99255
285927005,170.72758,-7.892989,9.9734
396874618,168.5411,-7.2074976,9.6167
142986251,166.7226,-6.5312495,9.3479
183640381,171.41974,-6.2573414,9.34004
183640356,171.37294,-6.4102945,9.6374
286278645,170.27876,-6.891011,8.75958
183640371,171.47694,-6.322808,9.71544
185190968,172.88588,-7.0093555,9.2894
143067834,168.03261,-6.648205,9.8686
143068126,168.14696,-6.5483284,9.715
286311250,170.45859,-7.0495257,8.2556
285930000,170.88252,-6.038737,9.8512
286311770,170.57472,-6.95312,9.87743
285929794,170.9642,-7.147646,8.24419
286311568,170.61128,-6.13881,9.6105
285929952,170.95998,-6.2649474,9.9351
185221114,173.71417,-7.927024,8.87607
285997978,172.71259,-6.719019,7.16107
285930184,171.02313,-6.7192383,9.64746
285997980,172.71126,-6.7166452,9.58389
211445651,165.7679,-6.213723,9.9181
143033813,167.40999,-6.1667914,8.2214
333795461,169.26378,-6.5169826,9.5842
286395671,171.20808,-6.9340687,9.4428
286395675,171.23398,-6.904181,9.871
285927209,170.6801,-6.9114757,9.2128
144139872,176.15675,-7.8215294,7.9582
144140414,176.3236,-6.5082436,7.583
287378834,172.16907,-6.182665,7.4073
287379057,172.2973,-6.698345,8.3514
333795377,169.28986,-7.0499344,9.8907
285927570,170.86273,-6.7587194,9.817
285927467,170.77017,-6.2886343,7.9396
287348117,172.04126,-7.298213,7.3855
285927327,170.75476,-6.3301625,8.6072
333795437,169.2657,-6.6773334,9.3375
287348016,172.00256,-6.8356934,9.79977
285927351,170.74092,-6.200445,9.05518
143058371,167.73695,-6.1517453,7.7688
143058593,167.86165,-6.7911606,8.1824
143058327,167.73271,-6.3285046,9.2481
143058579,167.92381,-6.7185073,9.9374
143058605,167.87495,-6.867651,9.45853
333795367,169.2424,-7.1346865,5.97097
286396133,171.49995,-7.212572,9.14367
287378685,172.15294,-6.86675,9.7412
333795366,169.25742,-7.136933,8.08218
286395704,171.20485,-6.7680817,8.47971
287378854,172.13333,-6.101848,9.18975
143024819,166.75009,-6.251646,9.65075
143024848,166.79047,-6.1062264,9.0702
287378686,172.15358,-6.865593,9.74827
134945057,197.40036,-7.780919,6.0564
902488848,173.35526,-9.125021,9.6913
902488849,173.35513,-9.124444,8.7754
380195002,187.67447,-8.034389,9.647
10000696038,192.25911,-8.664303,9.194
203234185,184.40027,-8.389531,7.437
203283928,195.92824,-8.515125,8.45
203283982,195.83714,-8.302086,9.78
185196201,173.35513,-9.124444,8.7754
178949762,200.30098,-9.999109,6.40213
178948552,200.16551,-8.740931,8.85627
178948633,200.09193,-9.059722,8.1323
135041366,198.71391,-9.20926,9.78243
135041136,198.64714,-8.23578,9.9061
179017700,201.69885,-9.649231,9.6641
179012732,201.57825,-9.019134,9.762
135041464,198.67912,-9.555953,8.63853
178957489,200.68573,-8.83146,9.4063
178957587,200.69083,-9.316268,9.72189
134879211,196.67076,-9.572321,9.2191
134877735,196.53836,-8.423544,8.3015
134983602,198.50095,-8.811992,9.2814
178920597,199.43378,-8.733269,6.7592
178919567,199.29698,-8.333183,9.19098
178924764,199.40636,-9.661863,9.24013
178920609,199.47728,-8.788341,9.66176
178956342,200.57819,-8.699586,7.71595
178919549,199.24377,-8.405129,6.8007
178920657,199.42853,-9.071801,8.13
134877809,196.48747,-8.692576,8.92579
134970204,197.93394,-8.859956,9.81701
178957460,200.62456,-8.685828,9.4337
178972931,200.85541,-9.407035,8.09333
178974288,200.98021,-8.796797,9.8659
134980620,198.17334,-8.977262,7.4505
134982262,198.32849,-8.567421,8.825
134982188,198.30435,-8.931727,8.3417
178954898,200.3902,-8.720946,9.99243
178956268,200.5233,-9.059895,8.1388
178918124,199.23958,-8.911403,9.3327
178918135,199.12889,-8.964389,9.5281
179019202,201.87358,-9.192706,8.89047
319430799,194.36902,-9.761289,6.8125
319465063,195.02881,-8.130216,9.81868
203277238,195.41286,-9.831337,8.7766
203277326,195.37305,-9.4527855,9.08732
203277284,195.42004,-9.640858,8.15798
179009854,201.31181,-8.785855,7.97844
183655984,196.02495,-8.0744,9.89861
319463897,194.91786,-8.916681,9.94581
183653248,195.60497,-8.091116,9.6792
319465192,195.09962,-8.639852,7.5476
203278775,195.47345,-8.576682,9.2539
319359632,193.59935,-9.796421,9.1828
319465345,195.09045,-9.338608,9.0352
319359575,193.58818,-9.538993,2.7839
178884805,199.05782,-8.455723,9.92529
319359287,193.5448,-8.123767,9.19322
203278993,195.55946,-9.490243,9.0808
178884728,199.04224,-8.816632,9.4296
319465198,195.07211,-8.657607,9.90409
178941077,199.79109,-9.160615,8.83245
178940917,199.82208,-9.891061,9.7203
134966000,197.5813,-8.59997,9.1924
178940901,199.80363,-9.973408,7.676
178999548,201.18864,-9.572882,9.6752
319481327,195.33125,-8.440382,8.3052
134877758,196.52116,-8.543861,9.8984
134880637,196.74414,-8.038278,8.79353
134876569,196.34117,-8.149677,8.30765
319432043,194.42722,-8.713279,9.66275
319462683,194.75652,-9.8340845,6.7894
319462450,194.74802,-8.738951,6.7312
319462414,194.79446,-8.5584135,8.6394
319326168,193.42664,-9.998834,9.93292
183653043,195.6718,-9.018801,9.1124
134865855,196.07643,-8.734598,7.6238
134865910,196.19574,-8.571056,6.98658
319326246,193.42395,-9.618174,8.4911
111057887,189.49493,-8.623419,9.2703
111058169,189.39589,-9.969091,9.7506
134876248,196.41156,-9.37408,9.7514
134878110,196.51768,-9.791653,9.6295
134879495,196.6353,-8.475649,8.508
134874593,196.20982,-8.198291,9.3899
134979259,198.08217,-8.476829,8.45228
134979346,198.0262,-8.151747,8.24282
134980569,198.19478,-8.702688,9.8498
134979307,198.11145,-8.318289,8.2221
134979353,198.03316,-8.130592,9.35776
319326351,193.404,-9.064562,6.01909
111058144,189.4489,-9.866273,9.67309
319326436,193.42537,-8.740649,8.7418
134865837,196.14267,-8.817334,9.24437
178927068,199.6816,-8.142949,7.8054
156643195,192.55106,-9.034375,9.3111
156689375,193.26775,-9.2276535,8.95743
156689261,193.1896,-8.7088995,7.5788
952882185,194.36856,-9.7611685,9.5999
98724284,186.86137,-9.9606695,9.5064
183654393,195.7167,-9.001797,8.13725
135042956,198.84007,-8.089812,7.9449
156618467,191.02705,-8.272637,8.44903
429344124,188.49368,-8.478122,9.58131
32479882,190.21661,-9.771015,8.9856
32481024,190.29002,-9.823091,7.8211
32481154,190.2871,-9.24554,5.4915
134983551,198.42345,-8.6182785,8.1237
178925842,199.57655,-9.576367,8.2459
134983435,198.49483,-8.118629,9.7102
179011343,201.49959,-9.111677,9.9859
203249597,190.40128,-9.791113,8.9797
134944163,197.38028,-9.723816,7.4498
178942403,199.94797,-9.105579,7.75034
134967353,197.74295,-8.923965,9.36369
178942549,199.90317,-9.791583,8.82746
319444371,194.55006,-9.029433,9.6141
319479942,195.18861,-9.409278,8.3976
203283948,195.88678,-8.432875,9.4896
203249683,190.41138,-9.323928,9.86382
203249799,190.45064,-8.902127,9.05262
319480016,195.12303,-9.100416,6.74492
319480126,195.1196,-8.627769,8.81967
203283929,195.92725,-8.515077,9.72376
203283983,195.8381,-8.302063,9.32133
319444384,194.56252,-9.073975,9.63835
134944251,197.30933,-9.538096,5.44822
134944229,197.37134,-9.598733,9.1636
135042617,198.83269,-9.524549,9.94136
32479528,190.16957,-8.448455,6.7637
134968999,197.82877,-8.123354,8.83333
98719868,186.71043,-9.6365385,8.4032
98719927,186.78531,-9.40176,9.92065
156645830,192.81505,-9.203605,9.32452
156671356,193.01831,-9.359563,9.59468
288529788,191.6241,-9.855535,9.58435
319430600,194.32932,-8.910829,6.86924
32481279,190.2485,-8.776617,9.68285
32481280,190.32426,-8.776275,8.43613
32481289,190.25194,-8.756212,9.5049
98797431,187.55356,-8.171043,9.28684
203234237,184.43188,-8.182619,9.5868
288528632,191.47649,-9.221787,9.5274
288528675,191.48793,-9.455426,9.19475
98797422,187.5384,-8.19423,9.569
111015754,189.37988,-9.65924,7.5143
156672525,193.03583,-9.6913,8.4385
134968671,197.82848,-9.580584,8.34333
135070915,198.8782,-8.055138,7.4211
156671159,193.01689,-8.523596,8.81135
156671199,192.93816,-8.723578,9.88556
288604804,192.14925,-9.766811,8.1983
98581371,184.83414,-8.914657,5.9208
319429373,194.13077,-8.569425,9.6669
319429460,194.14058,-8.184807,9.7992
288528647,191.50488,-9.313413,7.4573
156618809,190.9943,-9.761521,9.8556
98581389,184.82683,-8.840511,9.99752
98582511,184.9183,-8.331666,9.98359
380255420,188.12659,-9.386797,9.33996
288605211,192.11891,-8.044987,8.7866
380199185,188.00594,-8.611764,8.2681
32425517,189.73952,-9.79864,9.8802
32425556,189.64317,-9.984046,9.724
319403830,193.97147,-9.5197935,9.6143
319405096,194.09747,-8.495963,8.1544
98674274,186.2543,-9.258062,9.5001
98718672,186.64516,-9.120854,8.7787
98718879,186.62692,-9.96451,9.2688
152719085,179.94005,-9.573525,9.2921
32448990,189.87157,-8.016561,9.625
98718810,186.65302,-9.636108,9.2447
32449128,189.98285,-8.578217,9.84204
32425264,189.70787,-8.773821,9.2049
319404094,193.9474,-8.185128,9.4796
319360755,193.75186,-9.17734,7.9604
319403981,193.89467,-8.724385,9.1209
429302445,188.29953,-8.190428,9.1114
429344116,188.45726,-8.454638,9.61952
429302462,188.38112,-8.106435,9.71444
288551040,192.02356,-8.621086,9.9923
288550966,191.97437,-8.308344,9.64406
32426528,189.82333,-9.901215,9.4157
156597744,190.83519,-9.108525,9.9745
156621542,191.2756,-9.626268,9.9681
288551173,192.00603,-9.144388,8.4521
156598990,190.9519,-9.066072,9.6772
156621486,191.31096,-9.381729,9.1686
98725213,187.15906,-8.282722,9.27652
32448034,189.84578,-8.030806,8.39844
152827477,181.74283,-8.260684,9.7317
156621301,191.2486,-8.53201,6.53042
110976552,188.58194,-8.61253,9.3792
156597813,190.72694,-9.480539,8.3879
156599121,190.9312,-8.485073,9.209
98725542,187.18243,-9.567228,9.6447
32447980,189.7611,-8.291847,8.6698
32448005,189.75133,-8.157746,9.5554
319360896,193.73067,-8.536891,9.3048
319360995,193.69746,-8.10892,9.7157
319402522,193.79736,-8.631149,8.9129
144247854,178.17604,-9.265986,8.6929
176869913,182.9153,-9.721857,9.5811
176869927,182.88402,-9.637144,8.92918
380195405,187.6606,-9.824455,6.9651
380196407,187.793,-9.486988,7.8492
380196425,187.69582,-9.404588,8.6597
98724153,186.89499,-9.365207,9.8959
98724230,186.89583,-9.712021,9.3557
98675605,186.39418,-8.30034,9.8183
110976597,188.63248,-8.393176,9.4723
110995893,188.67445,-8.05726,9.0742
156598845,190.95247,-9.768644,7.38422
110976501,188.53345,-8.849573,8.45743
156599043,190.90852,-8.834215,9.07239
144248074,178.15215,-8.267663,8.4861
144249454,178.28377,-9.8953085,9.3771
183647999,179.45818,-8.986758,8.3061
176910158,183.33621,-9.0796795,8.18993
176910319,183.40239,-8.306775,7.7731
144249207,178.21315,-8.72699,9.9652
176910181,183.30539,-8.982233,8.705
98582669,184.88379,-9.06725,9.5292
152851087,182.04227,-9.131349,9.2847
183648073,179.43877,-8.548713,6.0485
183648137,179.44244,-8.275278,7.4999
144247918,178.17842,-8.953875,9.8022
144249107,178.21,-8.270168,9.93731
98668837,185.97977,-8.368817,8.0091
429301042,188.23456,-8.677686,9.8558
98627990,185.393,-8.391317,9.571
429300999,188.26816,-8.458832,9.2562
98594308,185.30576,-9.5492525,6.77152
429301038,188.18857,-8.649347,9.1686
183649433,179.60329,-9.945226,8.739
98668641,185.99461,-9.238803,9.6084
152822591,181.55472,-8.228114,9.9194
176910080,183.34662,-9.481579,9.9775
98593228,185.17146,-9.626244,9.9103
156583554,190.5251,-9.7542305,9.3283
176868865,182.70111,-9.397226,6.6587
176910071,183.40536,-9.513382,6.922
152773617,180.53432,-9.121572,9.825
152853511,182.23337,-8.784268,9.9784
156597638,190.7708,-8.610139,8.46549
98594426,185.285,-8.988328,8.39785
98628241,185.39273,-9.399949,7.641
144167426,177.07184,-8.874406,6.73772
152852456,182.15901,-8.118368,7.2294
98724224,186.84032,-9.680088,9.66464
152852076,182.12932,-9.999427,9.3492
144138518,176.00958,-9.999456,9.1348
176941476,183.7882,-9.440629,9.7322
176941693,183.8086,-8.467393,8.9858
380195003,187.67523,-8.034438,9.5622
380196353,187.76595,-9.787486,7.98636
98724161,186.88945,-9.387723,9.9497
152870109,182.4439,-8.82079,8.7644
176879072,183.16133,-8.569821,9.7804
98662826,185.81802,-9.77135,6.6903
144158127,176.66452,-8.706192,8.717
176942777,183.9258,-8.576428,7.709
98661745,185.7014,-9.761492,8.3105
144146282,176.5678,-8.835267,9.049
144146410,176.51308,-9.257572,8.7916
144158186,176.69847,-8.454028,9.3894
144158189,176.64069,-8.445433,9.2727
144144785,176.46823,-9.638687,9.65683
144144831,176.3911,-9.41323,9.4573
98661727,185.64255,-9.69629,9.69879
144158234,176.62276,-8.274641,9.3488
98661365,185.66106,-8.229746,8.9596
98629672,185.51761,-8.557662,7.933
176867456,182.67175,-9.401916,7.15115
176867594,182.58339,-8.79609,9.27199
144297929,178.81552,-9.585755,9.0893
176867428,182.60335,-9.527611,8.4346
176867701,182.6211,-8.269649,9.3859
176911223,183.45296,-8.123658,8.41783
144168791,177.12865,-9.375966,6.91962
144168679,177.09624,-9.897439,8.9933
152803643,181.05609,-9.68547,8.2535
152803574,181.0774,-9.358311,8.91619
144167463,176.97443,-9.06379,9.6606
144192034,177.46027,-8.060915,7.7707
144192185,177.56917,-8.598236,8.58598
144167377,177.00131,-8.627712,9.10252
185218559,173.53221,-9.085482,9.1188
144167264,177.01202,-8.131379,9.4477
144167304,177.0154,-8.314227,9.82601
98751274,187.21463,-9.667732,8.7001
144167376,176.9987,-8.626094,9.31707
98629601,185.54932,-8.877986,9.20632
288551178,192.00047,-9.167446,8.32148
156636802,192.25746,-9.693352,9.4525
203232833,184.3064,-9.090035,9.0917
203232948,184.33748,-9.621749,9.0494
203233927,184.41647,-9.703485,6.963
183651728,184.74405,-9.0252285,8.2666
156636708,192.25261,-9.220329,6.5761
203232758,184.38297,-8.7739935,9.8487
368439002,187.04926,-8.1454935,9.5049
152806068,181.25565,-8.527713,8.00748
144272753,178.45378,-8.708,9.5854
152739164,180.14917,-9.051847,9.6048
152802084,180.8824,-9.170265,9.72965
152738973,180.19832,-9.960037,8.67198
98664429,185.86417,-9.22128,9.9251
288548416,191.77644,-9.21447,6.38778
98668803,186.07489,-8.511067,9.8932
287399837,172.35493,-8.01551,9.715
144306736,179.18518,-9.538501,9.254
144107826,175.73744,-9.119955,6.59224
144306618,179.19547,-8.995211,8.8448
183651707,184.63383,-8.90442,6.9431
183650577,184.17664,-8.336785,9.8146
144107724,175.6526,-9.497193,9.4252
144107759,175.70296,-9.341763,8.0107
152829041,181.94629,-8.486025,7.1261
144306705,179.2769,-9.419234,9.5857
98752964,187.34409,-9.718019,9.83745
32423786,189.54762,-9.323322,9.9284
98752708,187.31958,-8.622147,9.9454
152830098,181.99335,-8.522194,9.3573
32424050,189.53566,-8.261955,9.07078
32423814,189.59218,-9.232254,9.97988
183640997,179.2815,-8.769761,9.1495
152719229,179.91406,-8.909203,6.969
98720243,186.81857,-8.029669,9.3731
98720068,186.74529,-8.82961,7.5924
98720114,186.71228,-8.633953,8.93152
98664541,185.94487,-9.66597,9.75316
144189246,177.2478,-8.389444,9.2823
144296610,178.7705,-8.312168,9.3656
144189356,177.28902,-8.845934,7.565
144189415,177.26251,-9.117938,6.5092
144296830,178.71672,-9.408124,8.46193
185242896,174.51071,-8.4962,9.9955
185260125,175.20293,-8.84673,7.3161
185224098,173.99797,-9.437226,9.5538
185260070,175.19693,-8.550834,9.8247
185281685,175.2774,-9.203739,9.4108
152701034,179.71133,-8.518286,9.9283
152701146,179.73639,-8.063582,8.75113
144299545,178.98878,-9.464999,9.24656
183650406,184.16895,-9.126365,8.4075
380197554,187.86278,-8.158475,7.8854
380197685,187.88635,-8.667853,8.86734
111014703,189.16188,-9.70115,8.9506
185260035,175.15245,-8.405659,6.9159
144305295,179.12848,-9.555594,9.4132
152702419,179.78801,-9.262332,9.60873
152701161,179.67271,-8.007883,7.92579
152700838,179.73006,-9.314223,7.10835
144299366,179.01909,-8.700017,9.6545
152701058,179.72151,-8.403398,7.8782
380197792,187.85562,-9.181616,6.26853
98797251,187.50865,-8.903026,9.67603
380197643,187.89857,-8.521625,9.3991
111013121,189.07571,-9.614507,9.99136
176942888,183.98192,-9.212221,8.2863
185258954,175.06706,-8.6271305,9.969
152868552,182.3863,-9.66535,9.8866
152740375,180.35924,-8.159129,7.73893
152868789,182.414,-8.559724,8.5665
176939120,183.58705,-8.785746,8.5941
185258825,175.0351,-9.304186,9.7662
185247253,174.88354,-8.690115,9.2512
144299441,178.98502,-9.031963,9.6441
185221349,173.73793,-8.94096,9.9627
144299293,178.9367,-8.352003,9.388
185242819,174.4275,-8.151076,7.17
185247048,174.77687,-9.569213,9.0064
152741771,180.48358,-9.278798,9.7249
152800762,180.78578,-8.646554,9.2647
152800780,180.74553,-8.747169,9.3681
152806269,181.27469,-9.30858,7.8801
176939163,183.57103,-8.577369,8.70926
144214454,178.06288,-9.1934395,9.8263
185221347,173.6885,-8.936996,9.4955
152740709,180.2928,-9.875116,8.7706
152806278,181.30896,-9.362319,9.4549
185222631,173.80519,-9.271564,7.9378
144299262,178.92743,-8.203759,8.93159
176939067,183.6573,-8.990089,7.72806
176940306,183.73729,-8.622449,8.76247
185241816,174.39389,-8.846293,9.75743
152741979,180.4275,-8.3879,9.4499
176938920,183.57445,-9.752083,9.86078
98591687,185.0891,-9.000024,5.54678
98591763,185.03598,-8.7060175,9.7582
152821570,181.46722,-8.140371,9.0856
152821314,181.35146,-9.40567,9.2356
176911483,183.50749,-9.43464,7.7575
185194583,173.19624,-8.0035095,9.7516
144195296,177.56276,-9.996978,6.9059
144198170,177.7971,-9.862857,8.9141
183651881,184.70856,-9.776068,8.9056
203234186,184.4013,-8.389505,8.82964
144198028,177.75853,-9.27329,7.33966
144212802,177.83733,-9.976855,7.99048
152823977,181.68112,-9.41009,8.1728
98591877,185.01651,-8.12597,8.37424
288523317,191.36795,-8.682962,8.36687
98591818,185.12054,-8.4877405,9.7643
288523491,191.33194,-8.034583,9.8943
185257717,174.9147,-9.466179,6.5102
368438802,186.96127,-9.141679,8.7012
185239173,174.08151,-8.944495,7.5059
144123760,175.97954,-9.132405,6.00046
144196381,177.67546,-9.947324,6.6449
144196511,177.68365,-9.397396,6.8311
144197765,177.78442,-8.233673,8.4446
144273987,178.64624,-9.715615,7.5523
185239253,174.14592,-8.5883665,9.4157
185239321,174.05234,-8.194886,9.5635
144122520,175.8398,-9.792887,9.9783
144124011,175.93393,-8.044465,8.4905
144272645,178.4933,-8.393329,9.2952
368438895,186.9812,-8.677996,6.2092
322733843,171.87085,-8.0373955,9.1285
144196491,177.69171,-9.473918,9.57634
144196547,177.58646,-9.1902075,9.19053
144123749,175.89061,-9.176649,8.93867
144272751,178.5242,-8.705077,9.27084
144196510,177.64722,-9.403238,9.9414
185244343,174.57271,-9.427884,9.2204
183651798,184.75066,-9.369574,8.8926
287379488,172.33864,-8.757438,9.526
144214320,177.9482,-8.607004,9.7662
144139522,176.15788,-9.476339,9.4767
144139585,176.12146,-9.149971,9.4532
144141132,176.32011,-9.953117,8.9952
144160940,176.90964,-8.356014,9.6989
144159427,176.76698,-9.157523,9.3133
185218548,173.50871,-9.05339,9.9947
144139584,176.18394,-9.156823,8.78019
287379319,172.28355,-8.016351,8.71575
285971208,172.5,-8.059651,9.9542
285930540,171.10413,-8.261515,7.6832
185219932,173.59044,-9.066824,9.862
185193422,173.18623,-8.947839,7.42456
144105163,175.43591,-9.076765,6.4608
185240401,174.21631,-8.921363,8.138
285972223,172.6395,-8.834928,8.6781
285972083,172.67427,-8.095274,9.58888
285926984,170.75563,-8.044462,9.7698
286312047,170.63165,-8.074321,7.3487
285926970,170.69586,-8.097025,7.95276
185190596,172.92548,-8.595039,8.521
185190678,172.86787,-8.2320175,9.3224
185240496,174.16942,-9.313068,7.36609
98627001,185.24786,-8.048664,9.5788
134941568,197.27649,-8.501107,8.27515
134939034,197.13527,-8.984384,4.54814
952633173,182.64003,-11.449918,9.6671
902443409,177.13493,-10.718265,9.6835
385350456,196.10678,-11.937627,7.921
10005000029,189.9979,-11.62307,7.73
135041892,198.73215,-11.369411,6.391
178998611,201.10483,-10.438676,8.557
144168472,177.13493,-10.718265,9.6835
183654658,195.82605,-10.181531,9.847
152804085,181.01932,-11.631582,9.742
176941311,183.79398,-10.312468,5.622
176866991,182.64003,-11.449918,9.6671
178949188,200.18846,-11.450384,5.8729
178948882,200.1169,-10.190426,7.18702
178949447,200.23499,-11.309265,9.5197
178949498,200.23956,-11.067334,9.5018
178949037,200.19077,-10.824555,9.63538
135041671,198.72243,-10.432472,8.0838
178924936,199.41206,-10.42359,8.6625
178924969,199.36386,-10.54629,6.5583
135041655,198.68797,-10.370383,5.2976
135042182,198.75366,-11.348473,7.0407
135041808,198.68825,-11.047393,9.40639
135041619,198.72157,-10.198012,9.2543
135041689,198.66884,-10.494012,9.67684
134878400,196.5102,-11.028104,8.2672
178958100,200.59857,-11.533676,8.7265
134878456,196.44139,-11.2573,9.5361
134878582,196.53557,-11.789334,9.9699
134878859,196.63432,-10.899014,9.6451
134878935,196.63402,-10.612095,9.1703
178957915,200.5897,-10.680488,9.6105
178973421,200.86816,-11.581121,9.7018
178971011,200.7925,-11.392417,8.80417
134879068,196.6017,-10.051449,8.41341
134878970,196.62135,-10.461793,8.91256
134943592,197.30931,-10.933883,9.91294
385347211,195.95113,-11.90888,9.86022
178955667,200.56842,-11.623899,9.3575
178918886,199.34157,-11.483529,6.39694
178918749,199.2133,-11.770662,8.48219
178955668,200.56415,-11.623303,9.7261
178999290,201.28474,-10.611396,9.7264
203277075,195.38004,-10.526153,9.52569
183655270,195.98354,-10.966604,8.9925
203276939,195.34924,-11.1569605,8.24881
178925302,199.48448,-11.853007,9.4653
178925431,199.58386,-11.287816,9.7862
178925490,199.55838,-11.036328,9.5819
178925543,199.54448,-10.829002,9.215
178925545,199.5091,-10.826989,9.6648
178925643,199.53348,-10.404847,8.6342
178955293,200.36798,-10.4615755,8.5342
178955399,200.41072,-11.00496,9.3671
178955900,200.47461,-10.681683,9.5088
178955551,200.39713,-11.74705,6.55658
178925381,199.59364,-11.518064,9.11933
178971265,200.8195,-10.34807,8.8743
178973308,200.82764,-11.041361,8.2633
178971186,200.7568,-10.697897,8.1588
319430956,194.27655,-10.387327,8.9921
319431315,194.42436,-11.888641,8.86788
319431116,194.36278,-11.118614,9.73586
319431452,194.44113,-11.268869,9.37227
1730142,197.01146,-11.986151,9.50864
134911455,197.1163,-11.762782,6.27841
134911756,197.10625,-10.565834,8.629
178943195,200.08325,-11.304189,5.84389
178943156,199.98323,-11.45145,9.5515
952818275,198.73132,-11.370756,6.4697
134911095,196.97421,-10.74041,4.1839
134981313,198.17203,-11.581469,7.45524
319463269,194.8782,-11.548833,8.7059
319463052,194.8315,-11.440294,9.12791
319463533,194.97404,-10.334051,8.7414
178973987,201.03459,-10.007069,9.7881
134978636,198.10689,-11.015516,8.2827
183652752,195.62155,-10.264708,9.65318
134978856,198.09312,-10.118472,9.1524
319463486,194.9425,-10.496974,9.9779
178919161,199.248,-10.359816,9.7991
134981275,198.16922,-11.4617405,9.10769
134911653,197.12143,-10.996386,9.86847
203283049,195.5164,-11.786983,9.88918
203283127,195.9077,-11.788223,8.9582
203283005,195.4703,-11.621332,9.92641
203283177,195.90419,-11.582612,7.2964
335638946,199.7654,-11.982975,9.01267
178999334,201.21141,-10.424607,9.31371
134984257,198.46696,-11.554518,8.17806
178942872,199.95923,-11.306373,9.3054
178942840,199.8603,-11.148365,7.78497
178942975,199.93378,-11.672981,7.14962
178943184,200.01328,-11.35289,9.54354
1756862,197.25725,-11.939596,8.4448
178973157,200.8543,-10.43179,9.8279
134968435,197.83679,-10.514107,4.7077
178998544,201.10478,-10.097013,9.1425
134968310,197.8668,-10.948749,9.4209
134968066,197.82727,-11.927859,7.50463
134968266,197.82253,-11.105905,8.71777
178973785,200.98528,-10.870956,7.45221
178973807,201.04324,-10.760359,9.89699
134967633,197.70929,-10.102968,7.86777
345943183,193.29652,-11.921372,8.2137
319445012,194.51926,-11.776695,8.3925
319445134,194.71246,-11.504575,8.99957
319445151,194.70796,-11.445307,9.4697
203282706,195.57968,-10.313722,9.48664
203282742,195.50569,-10.452974,8.37835
183652483,195.67818,-11.3853445,9.2566
319360011,193.52284,-11.551907,9.1374
178884352,199.05794,-10.593132,7.67696
319359840,193.59341,-10.726045,9.34025
319360001,193.5885,-11.513891,9.6075
178884091,199.11462,-11.752166,9.72518
178884344,199.02501,-10.620204,9.92158
385350455,196.1068,-11.938796,9.17802
386703593,188.96002,-11.980238,8.9099
319360031,193.57774,-11.64857,5.9568
203249158,190.44023,-11.591593,8.20034
203249363,190.42842,-10.773868,9.4504
319479144,195.0468,-11.246432,9.74453
178940812,199.77585,-10.441517,9.81046
32425866,189.7137,-11.218992,9.0552
32425895,189.65678,-11.321467,9.2437
110975800,188.6195,-11.837941,9.37489
32425872,189.69328,-11.238388,9.774
32425903,189.64047,-11.358831,8.658
319403667,193.96736,-10.2218075,8.98562
134908449,196.79848,-11.617915,7.6757
135042499,198.78937,-10.065972,9.607
32480350,190.23027,-11.518148,9.8754
32480695,190.25928,-11.08843,9.8463
134908473,196.70018,-11.739723,8.87947
134908646,196.89102,-11.389836,8.1866
178940892,199.79234,-10.026352,9.168
134911779,197.15128,-10.470892,9.7575
429301734,188.39815,-11.621869,7.4446
429301837,188.29503,-11.134249,7.79123
110975918,188.5489,-11.4543085,8.75602
288549115,191.8874,-11.684299,9.5217
32425773,189.68544,-10.802652,9.9768
156642846,192.64357,-10.571689,8.71605
178927848,199.61761,-11.633959,9.3533
319481751,195.23367,-10.244645,9.5972
134942841,197.18465,-11.251423,9.5443
134942852,197.2927,-11.276981,9.3431
134942356,197.27815,-10.237443,9.8823
32425957,189.63963,-11.538031,8.58874
156689684,193.234,-10.560719,8.64012
2470723,194.03146,-11.986817,9.38106
156689588,193.22185,-10.221847,9.3413
156689761,193.22743,-10.903876,9.7778
319403384,193.89584,-11.464191,8.96528
32480583,190.24219,-11.528747,9.88913
135071553,198.8981,-11.002374,8.6663
32480569,190.27396,-11.584337,8.73536
135071620,198.98424,-11.240784,7.96208
135071690,198.90556,-11.54209,9.31532
319402945,193.8574,-10.395862,9.6822
319326153,193.52003,-10.106143,7.7637
110996738,188.6986,-11.779587,8.6365
110996964,188.79459,-11.186632,9.1734
32450068,190.09645,-11.811161,9.476
32450084,190.06671,-11.719575,8.70169
319479440,195.16367,-11.356064,9.59423
110997096,188.83957,-10.612976,9.17924
134865084,196.09494,-11.698961,8.92115
110996913,188.8003,-11.396534,8.82183
156618976,191.06938,-10.465665,8.9674
110997039,188.83235,-10.874438,9.3598
176869739,182.91791,-10.570617,6.2761
176869680,182.88512,-10.749368,8.3559
176869847,182.85483,-10.044404,9.3349
902393427,179.54901,-10.746216,9.6459
176869564,182.89548,-11.295609,9.4215
176869838,182.851,-10.092329,9.1535
176869686,182.81786,-10.724375,9.98775
156645559,192.84555,-10.338207,5.59312
203276362,193.3064,-10.183059,8.0737
203276544,193.3313,-10.921184,7.81232
380195551,187.58743,-10.483609,9.5949
156645006,192.75078,-11.184303,9.2996
156645506,192.86978,-10.530658,9.5162
156645561,192.83821,-10.334375,9.01454
203276684,193.31712,-11.515404,8.2528
32450216,190.03226,-11.465912,9.7939
203276430,193.30531,-10.435247,9.47485
203276660,193.37276,-11.414434,9.7747
156645029,192.787,-11.26701,8.65009
156645202,192.83315,-11.8451395,8.52066
32450063,190.04665,-11.830129,8.6988
156621857,191.22191,-10.796125,9.41376
32426104,189.86218,-11.6690645,9.67575
98750454,187.1526,-11.022238,7.7119
319360443,193.71323,-10.434131,8.1618
319325851,193.51309,-11.388629,9.3694
2455102,193.65567,-11.892838,9.4994
319360498,193.69139,-10.179779,7.8693
288528827,191.49117,-10.054195,9.2123
98724561,186.90392,-11.098787,9.1558
98724701,186.90784,-11.710199,8.40599
288551360,192.01657,-10.039677,8.1069
98629090,185.58989,-10.94511,8.1807
181915477,191.03851,-11.936267,8.5323
288548767,191.77858,-10.751693,9.4101
288522714,191.35068,-11.165851,9.8192
156637048,192.27798,-10.931247,9.1844
98668308,186.09012,-10.475111,6.55326
156619496,191.10168,-11.3187895,7.7932
156619786,191.11592,-10.081318,7.1892
156637265,192.24983,-11.8361025,8.8641
288604481,192.0648,-10.976612,8.5909
98751018,187.22063,-10.664115,9.57273
319405762,194.01193,-11.309633,7.0964
319405909,194.17935,-11.943681,5.682
98580792,184.7946,-11.52195,7.7532
98581108,184.8676,-10.190865,8.449
156619636,191.09665,-10.679871,9.70725
288548930,191.80977,-11.475308,8.21936
319428809,194.24106,-10.88296,8.52392
319428730,194.2025,-11.248636,9.90366
368438292,187.04622,-11.30207,9.85373
368438572,186.96233,-10.167103,8.2255
203233602,184.4297,-11.142496,9.44162
156637569,192.36783,-10.750962,9.58982
156637288,192.33984,-11.932372,8.7123
98671024,186.33708,-11.090557,9.25441
98670899,186.29903,-11.610589,5.9449
98751019,187.22148,-10.663511,9.52084
176878375,183.10318,-11.659151,6.54502
176878358,183.12482,-11.766721,9.35602
152823481,181.62999,-11.654744,9.8416
152823474,181.69252,-11.682495,8.89149
152823485,181.63705,-11.64003,9.79595
952642200,183.79413,-10.316772,5.6328
180280054,180.84546,-11.956084,9.4464
111012680,189.02454,-11.483671,9.7684
176943225,183.90816,-10.826611,9.8049
183649888,184.2302,-11.710865,9.4264
176943111,183.9137,-10.274751,6.7928
183650229,184.15413,-10.053038,7.283
183650004,184.15479,-11.233956,9.62778
183649871,184.22293,-11.814177,9.61014
111012936,189.03537,-10.3842125,8.86072
98676539,186.49368,-11.889863,7.9447
152868412,182.37132,-10.392924,8.771
98591145,185.07445,-11.243539,9.7569
98591257,185.05481,-10.79606,8.4656
176937977,183.50468,-10.135737,8.4144
98591111,185.041,-11.386798,8.8651
183649522,179.55109,-10.363693,8.7498
152828504,181.94211,-11.073961,9.2977
183649450,179.59422,-10.0260515,7.7883
183649501,179.5985,-10.290808,8.1758
183649600,179.5498,-10.745604,8.6987
152828501,181.8951,-11.09455,8.2335
183649804,179.53189,-11.710446,9.8207
98594208,185.36067,-10.021317,9.7863
183649782,179.63524,-11.575577,8.23998
152828580,181.84167,-10.739525,7.89494
183649647,179.62231,-10.949779,9.2883
152828070,181.73312,-10.9080715,9.50938
152828677,181.92876,-10.311007,9.83637
152851965,182.10245,-10.599062,9.94018
98719194,186.6352,-11.280536,9.7557
98719223,186.58852,-11.40112,9.8799
176943782,184.03247,-10.337805,8.7691
183650182,184.14645,-10.324469,7.94692
98719706,186.7217,-10.352303,9.38165
32449698,189.9174,-10.827356,9.30804
98718910,186.59122,-10.082886,9.78411
32449785,189.86899,-11.169165,8.91935
32449963,189.93837,-11.647124,9.50466
98719218,186.59277,-11.379008,9.8568
152854208,182.36888,-11.857071,6.2163
152854209,182.37154,-11.857016,8.3872
152854210,182.37057,-11.854604,8.1612
134875650,196.421,-11.522437,6.4534
134875744,196.40771,-11.20273,9.43408
134965134,197.42163,-11.74998,9.77482
134875553,196.3726,-11.879162,8.6238
134875683,196.33061,-11.395437,9.9319
134876060,196.37016,-10.114687,9.59123
134881327,196.79279,-10.845013,9.55191
134875995,196.36258,-10.324938,9.9277
183647782,179.44833,-10.1576,6.47998
176878653,183.12299,-10.452207,9.6441
98582905,184.90167,-10.171988,9.7643
98583114,184.95456,-10.97965,7.2249
183641755,179.49536,-11.491198,9.8803
98583281,184.88373,-11.721795,9.6188
32423258,189.61523,-11.528451,7.5166
32423262,189.58305,-11.516946,6.2879
156583854,190.56952,-11.03236,9.8169
156584485,190.6593,-10.098822,9.7944
98753239,187.41666,-10.738692,9.3899
98753043,187.34998,-10.057901,9.6503
32423493,189.62123,-10.545194,9.6167
98753217,187.37633,-10.640516,9.19509
98719781,186.76862,-10.013472,8.8546
32423285,189.62233,-11.446503,9.83431
98593501,185.22122,-10.832183,8.6589
98594050,185.30191,-10.749092,8.3971
156583885,190.54707,-11.185187,8.0762
156584225,190.69502,-11.137819,8.0426
156584396,190.71086,-10.444105,8.478
156584444,190.63101,-10.265589,9.5496
156621920,191.26797,-10.999427,7.06981
178973357,200.86975,-11.3427105,9.97057
183647728,179.45593,-10.383054,8.53996
32423308,189.55127,-11.351402,8.95501
32423259,189.57576,-11.524142,8.5985
134978237,197.91898,-11.221652,5.81966
134875945,196.42384,-10.501885,8.2819
134965335,197.63425,-11.36149,9.9509
134965466,197.63248,-10.814645,7.0083
134965112,197.47028,-11.662916,9.5992
134965131,197.42021,-11.740572,8.5083
176909679,183.31631,-11.455826,9.51578
144198478,177.77692,-11.207833,4.095
176869092,182.73566,-10.384535,8.79164
144198202,177.74217,-10.014185,9.7253
176869351,182.76866,-11.600469,9.4154
183652040,184.68718,-10.618998,8.7376
203233849,184.46043,-10.073338,8.3782
203248726,184.52704,-10.408265,9.2122
176869165,182.78969,-10.707461,8.8448
203233637,184.46098,-11.009672,8.3853
152851459,181.95987,-11.019232,9.5933
176940566,183.71976,-10.0421505,8.7252
176940644,183.71617,-10.400523,7.5807
176941054,183.8482,-11.641159,9.9514
176941177,183.80742,-10.998555,9.1523
144139336,176.17343,-10.337757,9.07425
156597990,190.82558,-10.283137,9.48274
98628650,185.39793,-11.053332,7.8067
98676025,186.39746,-10.038414,7.083
110976041,188.57857,-10.882912,8.052
110996664,188.69185,-11.442395,8.0866
110976168,188.63045,-10.378399,9.3082
110996585,188.72981,-11.087076,9.9188
288549308,191.92792,-10.839099,8.8182
288549316,191.87756,-10.789495,9.7289
288549436,191.87988,-10.249873,8.2009
288549428,191.83485,-10.297752,8.9244
134964762,197.43867,-10.329341,4.54243
156584099,190.65157,-11.747094,9.84484
98594011,185.27173,-10.906014,9.37805
98593867,185.28574,-11.479401,9.1646
98593869,185.28526,-11.475749,8.45523
98661898,185.6688,-10.39003,8.3333
98662363,185.73535,-11.64217,8.5112
144146633,176.58182,-10.267739,8.7269
144157814,176.71768,-10.267368,8.1767
98662223,185.67915,-11.641556,7.98521
98662322,185.82861,-11.812122,4.38607
98661956,185.70677,-10.601001,9.9845
98628827,185.38452,-11.781709,8.45129
156598775,190.95778,-10.050489,9.70341
144146577,176.59525,-10.002767,9.5061
98662202,185.64505,-11.564458,8.2509
98661969,185.6803,-10.641606,9.96
144144595,176.40813,-10.479671,9.3135
952550487,180.18568,-10.447809,9.6772
152718466,179.85568,-11.667953,9.79073
98668217,186.00046,-10.831772,9.29692
183641324,179.36584,-10.309516,8.1357
183641639,179.3465,-11.804247,7.12764
152718320,179.78671,-11.130822,7.9295
152718445,179.87386,-11.604963,7.6391
183641540,179.38509,-11.280683,9.7522
183647676,179.40398,-10.63722,9.5796
152718189,179.78905,-10.475898,5.1854
183641582,179.38689,-11.513149,9.65632
152718890,179.8974,-10.416166,9.80587
319465526,195.01978,-10.166134,9.50473
176938510,183.54681,-11.514115,9.8825
152774514,180.6644,-10.713639,7.8864
144214961,178.04225,-11.3098135,8.2448
176909258,183.21808,-10.573955,9.9617
176938494,183.62372,-11.585963,9.0309
152806740,181.26744,-11.1778,9.8639
152774654,180.66191,-10.151512,9.92572
152774526,180.68817,-10.649275,8.0928
152774278,180.7331,-11.813022,8.6185
152774490,180.64859,-10.831991,9.64975
98676800,186.52727,-10.819984,9.1882
152806541,181.23166,-10.461145,9.81431
152806446,181.24806,-10.068314,8.60036
176909205,183.20471,-10.345311,9.8912
176909363,183.24217,-10.982136,9.9179
152870445,182.46895,-10.3824625,9.396
152870772,182.51236,-11.748457,9.6645
288529277,191.51541,-11.859505,9.3248
152801178,180.84465,-10.546869,9.9161
152801226,180.74931,-10.752394,7.0076
152801271,180.7564,-10.959118,9.8089
152803777,181.00143,-10.296135,6.3006
176878175,182.96431,-11.398843,8.739
144168603,177.10231,-10.176745,9.8976
144167744,177.08572,-10.255293,9.8718
144168511,177.17622,-10.544287,9.6545
152803914,181.01857,-10.879444,9.9403
176867192,182.68718,-10.59157,8.8708
144168571,177.12115,-10.302676,8.7126
180276978,180.62535,-11.974741,7.64063
144168568,177.09787,-10.313104,5.7126
176866979,182.57317,-11.508807,8.86309
176878208,183.04323,-11.559524,9.18876
176867186,182.61273,-10.654863,9.7257
144195545,177.53326,-11.045214,8.0174
288529330,191.62851,-11.812442,6.2649
111015078,189.2525,-11.269742,9.86385
98753377,187.3469,-11.276854,9.89984
152700277,179.67883,-11.634176,9.47152
152720909,180.08667,-10.184752,8.0779
144306902,179.25896,-10.310503,8.838
152738707,180.18094,-11.009978,8.9064
144299739,178.97736,-10.264537,9.90659
144307008,179.18985,-10.7247,6.9791
152720990,180.1255,-10.491081,9.27761
144304863,179.04305,-11.578973,8.36203
144305001,179.051,-10.925903,9.4597
144305028,179.04738,-10.758951,8.5394
152738837,180.18526,-10.446126,4.8741
152741107,180.2562,-11.579149,8.687
152853735,182.2336,-10.016311,9.32919
176878268,182.99496,-11.833425,8.58599
144273683,178.65488,-10.9699335,9.3856
144123538,175.94556,-10.066706,7.6438
144273612,178.60764,-11.340391,8.18806
152804333,181.17802,-11.125134,7.89393
144273036,178.52065,-10.053118,9.9025
144195460,177.5517,-10.664048,9.3342
144297476,178.80583,-11.674902,9.0882
144106648,175.5848,-10.008666,9.2964
144297473,178.88168,-11.686442,9.9284
144160560,176.88855,-10.2038,7.8684
144159796,176.82967,-10.765202,9.42061
144215576,178.10693,-10.196503,9.5529
144215618,178.12814,-10.014556,9.9244
180276964,180.47879,-11.88411,8.4882
180276970,180.61055,-11.934177,6.73966
144215337,178.08621,-11.124749,9.3225
144297302,178.74306,-11.46892,9.68411
144297216,178.67267,-11.049565,8.04035
144250208,178.34952,-10.773988,9.23323
134943482,197.36285,-11.149921,6.6785
952366459,192.25874,-13.630822,9.8771
952438931,192.55322,-12.593888,8.5721
952805566,196.11201,-13.262781,9.0809
952372932,193.6515,-13.530092,9.338
952371868,194.45634,-13.1342125,8.7835
952371869,194.4558,-13.13441,8.46523
290026244,192.55322,-12.593888,8.5721
290021436,192.25874,-13.630822,9.8771
2454696,193.6515,-13.530092,9.338
2518007,194.4558,-13.13441,8.46523
180262574,180.41988,-12.233098,9.937
385350116,196.11201,-13.262781,9.0809
308151110,197.37616,-13.210491,9.479
335589911,183.56677,-12.37431,9.799
290025862,192.5057,-13.175507,9.62425
290025931,192.51712,-13.062071,8.6008
1672423,195.55353,-12.108918,6.3539
181912724,190.80612,-13.058904,7.9013
1672615,195.61028,-12.079028,9.037
347675788,182.05072,-12.142729,9.4056
335628704,199.24353,-13.158835,6.86666
335628517,199.1792,-12.440204,8.998
347811820,199.13174,-12.50657,9.5918
347811850,199.05705,-12.621224,7.2625
308182384,198.00754,-12.402662,7.9741
335656684,199.6773,-13.956965,9.4248
335639254,199.70671,-13.195824,8.14097
335656614,199.70392,-13.681491,9.4085
1757301,197.24014,-13.441183,7.14132
335659288,199.90483,-12.483591,6.6072
335659304,199.79085,-12.4401245,8.3139
308182666,197.9768,-13.391804,9.9657
335659184,199.88069,-12.87102,8.2898
357444159,200.07326,-13.194049,8.1452
357444256,200.12027,-12.820018,9.4131
308182734,197.995,-13.587455,8.21176
357444389,200.10818,-12.366371,9.46245
335659115,199.89801,-13.237383,9.65759
357492066,200.5302,-12.186234,9.20866
335659116,199.83003,-13.2275915,9.75477
347754080,198.47015,-12.192182,7.8739
335639038,199.69003,-12.384446,8.9015
335639000,199.69118,-12.218278,9.97275
385347342,195.96205,-12.384304,9.5939
385347707,196.04335,-13.824762,9.2846
385347471,196.03403,-12.908565,9.96199
335639087,199.74432,-12.648088,6.96566
308182371,197.99466,-12.341685,8.6011
347750685,198.27289,-12.28345,9.903
347750910,198.31969,-12.407333,9.4221
347751296,198.40475,-13.773256,9.4168
308182684,197.95894,-13.45332,9.1723
347751203,198.33748,-13.471232,7.1348
347750863,198.3705,-12.224657,9.72284
1695855,195.76744,-12.812902,9.0159
1695893,195.7736,-12.6868305,9.95519
1696095,195.76184,-12.01587,9.94999
335635702,199.36996,-12.2550125,9.6749
335636253,199.5344,-13.778063,8.6753
335635854,199.53519,-12.103996,8.7488
357491971,200.3583,-12.011364,9.84821
335659539,200.00127,-12.469992,8.1839
335635637,199.30074,-12.525955,7.6815
339384573,197.84023,-13.962354,5.95621
1696323,195.9307,-12.57488,8.5435
1696364,195.89307,-12.694372,9.5933
385356575,196.57706,-13.23573,9.5325
1729645,196.91591,-13.591795,9.59915
1729933,196.85092,-12.668378,8.769
1733952,197.02602,-13.118114,7.98351
347811542,198.97488,-12.350138,6.18818
308180519,197.57596,-12.098529,8.046
347754547,198.55212,-13.397654,9.407
308180243,197.5551,-13.0919285,8.2552
308180766,197.74338,-12.734455,8.77269
347754049,198.46205,-12.264391,9.9111
347754506,198.61649,-13.200044,9.4571
308212681,198.12318,-13.234638,9.54004
347811204,198.9219,-13.637646,8.8731
339384903,197.88916,-12.639118,7.6977
347754327,198.557,-12.574964,9.5787
345942762,193.2802,-13.307367,8.3294
385357389,196.68619,-13.990056,8.4629
405628161,191.2753,-13.807145,9.73364
181915295,190.9049,-12.592202,7.8085
181915858,191.041,-13.469947,9.51624
2489039,194.30281,-12.06695,4.75255
345943668,193.42482,-13.644933,7.9373
181915442,190.94873,-12.014222,5.45405
1673079,195.6064,-12.86453,9.2052
2470994,193.9689,-12.957697,9.4121
25996683,195.15501,-13.689634,9.77021
25996592,195.10522,-13.892334,7.1137
25965062,194.91853,-12.125979,9.27044
181915417,190.96342,-12.106096,9.94637
181915184,190.98306,-13.141921,6.6569
181915435,190.96584,-12.049952,9.10995
357495411,200.53438,-12.579544,5.2658
335638959,199.70834,-12.015503,7.52437
25964992,194.92424,-12.415033,9.76645
1726738,195.84369,-12.981123,7.8518
2470267,193.91893,-13.561036,9.63945
2470675,193.92441,-12.049242,8.436
1726819,195.89769,-13.243312,9.14134
1726862,195.9033,-13.379002,8.2493
385350634,196.20656,-12.587856,8.7736
386738936,189.17319,-13.198643,9.8201
386704050,188.97202,-13.922576,9.907
386706460,189.10324,-12.547747,7.8406
386706518,189.01186,-12.265104,8.27591
386706683,189.2104,-12.379996,7.8076
386706160,189.02399,-13.88987,9.3596
385350343,196.11522,-12.331295,9.1499
385350374,196.1723,-12.2342,9.2255
385350377,196.1605,-12.228033,9.2608
335638392,199.54152,-13.979386,8.2988
386703603,188.88832,-12.02109,5.88361
386738813,189.20164,-12.711676,9.53214
386738969,189.21028,-13.366147,9.73914
386703479,188.79826,-12.263304,9.8387
181915021,190.88756,-13.859561,7.05843
386703601,188.93076,-12.017412,7.8652
386703605,188.93196,-12.024958,7.5213
385350679,196.294,-12.781217,9.1743
339384811,197.87044,-13.000042,8.31441
2470248,193.9606,-13.612566,8.1122
386703614,188.96982,-12.069135,6.27994
1757053,197.25606,-12.565375,7.8665
1736749,197.10338,-13.509824,9.1361
1737007,197.13362,-12.506627,9.0631
345946172,193.55553,-13.9865055,8.3711
1736985,197.12074,-12.589899,9.8321
308150874,197.32628,-13.635598,9.2251
1736657,197.0872,-13.825891,9.74755
385353952,196.44704,-13.045265,9.4484
385353997,196.47821,-13.17026,9.8485
385354129,196.55019,-13.74918,9.0206
1671868,195.5412,-13.063329,9.6833
25956250,194.68242,-13.139665,9.8333
25956439,194.629,-12.513342,6.0017
25961744,194.82097,-12.405651,8.7081
25956376,194.58856,-12.706117,9.3605
25956415,194.6113,-12.574551,8.9977
1672160,195.49828,-12.585435,9.134
308152747,197.44336,-13.630446,9.4562
385353493,196.39299,-12.788715,8.60019
385353606,196.42776,-12.370034,8.62213
385353610,196.3734,-12.3635435,9.4569
385353655,196.34784,-12.127404,9.7636
181875753,190.59412,-12.71447,9.398
2454640,193.62675,-13.761635,9.669
308151108,197.3764,-13.210641,9.9665
25964624,194.86133,-13.725822,9.8199
25964829,194.88725,-13.035196,8.7173
405664593,191.82481,-12.278937,6.15805
345898340,192.75638,-12.347549,9.509
345898892,192.85498,-13.491158,7.17474
349062269,184.93047,-13.356722,9.27103
349062190,184.9455,-13.055198,9.5458
349062451,184.98515,-13.859776,9.674
345897894,192.74593,-13.912068,9.76249
25964740,194.92351,-13.402895,9.70829
1733966,196.99991,-13.164849,9.89852
290022363,192.46854,-13.841731,9.4423
432195123,187.84988,-12.4816885,7.0476
181822656,189.5717,-12.385536,7.12823
289945025,191.94556,-13.204058,9.2796
181822819,189.61363,-13.033973,9.6668
181822921,189.55931,-13.466237,9.3321
181915811,191.09029,-13.289531,9.5448
290021816,192.28096,-12.162646,8.1073
432194818,187.87526,-13.564138,8.36147
349090290,185.53749,-13.163279,6.3226
349124576,185.7653,-12.076757,9.8713
290036059,192.61919,-13.034671,6.17288
349124759,185.76154,-12.441629,9.7718
335541797,183.2649,-13.174293,8.9886
432195411,187.94888,-12.54472,9.3874
335541894,183.23659,-12.790515,7.93363
432195450,187.97032,-12.67951,7.7225
345926866,192.97462,-12.0005045,9.91157
290021435,192.25891,-13.631765,8.5157
1629892,188.19548,-13.722798,7.4122
2492160,194.42253,-12.893997,9.9497
25965150,195.05736,-12.072402,9.7268
26022912,195.43697,-13.657212,8.73481
26023045,195.44286,-13.17027,8.1228
26023263,195.40977,-12.370744,8.1776
26023285,195.38284,-12.274381,9.8625
26023287,195.3477,-12.271589,9.8811
345927379,193.09682,-13.7697735,9.13757
345927030,193.1062,-12.437892,9.81116
2492183,194.39784,-12.812702,7.7661
1671437,195.4823,-13.81869,8.2075
1629901,188.23184,-13.765671,9.92756
290036012,192.61298,-12.891596,9.77354
289944868,191.92938,-12.580007,7.2179
181875843,190.6081,-13.029721,9.04905
181915970,191.0794,-13.913263,9.38699
181822069,189.4096,-13.904167,9.89868
335542237,183.33447,-12.499426,9.3392
181915915,191.08827,-13.7054615,8.0694
181862539,190.31647,-13.013899,5.4558
181862541,190.31763,-13.014874,5.4319
40557927,185.50072,-13.661835,7.60739
40557939,185.41637,-13.62455,9.28507
405664757,191.74956,-12.890233,9.50345
405665001,191.75792,-13.8780775,9.0166
405664285,191.71764,-12.7324095,9.806
405663960,191.67671,-13.945229,9.69373
181862543,190.30391,-13.024639,9.5518
952421350,187.51964,-13.392644,8.1963
2454845,193.60713,-12.937431,7.0668
2455538,193.77927,-13.452752,5.92269
2455329,193.74202,-12.708014,9.8525
2455556,193.76456,-13.539097,9.9739
2455689,193.82027,-13.99549,9.4679
1629931,188.15,-13.859105,5.3926
289988543,192.20282,-12.600172,9.6581
181861767,190.1348,-13.766249,9.9194
405631319,191.60378,-13.396264,8.1815
297074374,187.2716,-13.300816,7.48822
181862168,190.13722,-12.283916,9.7828
289988713,192.11407,-13.327311,7.0077
289988732,192.20432,-13.389127,7.71538
1695530,195.69704,-13.845128,9.5544
289988650,192.16307,-13.046554,9.80324
181915580,191.03775,-12.344161,9.4291
405630845,191.44647,-12.220762,7.8394
405630592,191.43306,-13.116593,9.7057
181915646,191.09999,-12.650915,8.9569
1652548,188.39275,-12.830203,4.821
1652567,188.42622,-12.876006,9.3441
180262436,180.19788,-12.157547,7.6971
180262549,180.37796,-12.149082,9.7963
1652080,188.3352,-12.641171,9.35118
1652489,188.38872,-12.670035,8.81623
334937404,186.19893,-13.507609,9.4918
386741560,189.36073,-12.847498,9.429
349088770,185.34561,-12.780924,7.27757
334937331,186.18349,-13.220835,9.41352
347679247,182.30658,-12.999685,9.7675
297026321,187.07411,-13.801208,9.55247
349062076,184.94623,-12.567061,8.9595
349062467,185.02238,-13.933368,9.0073
347679062,182.36223,-12.237996,8.4072
347679228,182.34238,-12.940083,6.8228
334968376,186.40068,-13.111378,9.73967
347679253,182.3165,-13.030142,9.25648
386686004,188.59856,-13.921179,8.9518
385312634,181.51497,-12.333651,9.6188
390497299,183.14182,-13.116513,9.93067
349054331,184.88301,-13.453196,8.9118
349054634,184.87268,-12.3602705,9.0277
181855586,189.72333,-13.33039,9.8104
181878401,190.64973,-12.743582,9.0736
386686265,188.51436,-12.91035,8.80173
181912776,190.79596,-13.313038,9.1476
40560993,185.96945,-13.973612,9.14669
181878214,190.73148,-13.631016,6.54497
25998023,195.31583,-12.617859,7.2518
334971008,186.60722,-12.65174,9.4942
334971104,186.54498,-12.311115,8.3168
334971271,186.757,-12.13112,9.637
25997688,195.22815,-12.054901,9.23018
181878874,190.82846,-13.047233,9.99196
348967149,183.95789,-13.8167,5.75847
348966270,183.8524,-13.44587,7.8603
348966508,183.90118,-12.460545,8.299
349125118,185.76973,-13.183527,9.9554
348966261,183.86415,-13.475361,9.1065
348966320,183.82718,-13.262434,8.4122
348966439,183.87712,-12.762596,8.5752
334936580,186.0961,-13.617665,9.91
334936910,186.13249,-12.282232,8.3717
335540416,182.94933,-13.107047,9.523
289988529,192.10442,-12.531539,8.2648
181861865,190.2044,-13.377306,9.31441
432195393,187.95663,-12.468437,9.7093
335541654,183.20456,-13.681618,9.7632
347695051,182.49203,-13.435494,7.8165
334939786,186.36192,-13.337479,8.3469
347695149,182.55,-13.0795765,9.3436
181858697,189.98695,-12.882939,8.9918
347715888,182.89119,-13.691339,8.33989
347715889,182.89072,-13.692564,9.99435
181878288,190.68706,-13.250924,9.71493
181878634,190.79163,-12.014742,9.4192
181878236,190.6131,-13.52514,8.7684
181875322,190.4426,-12.877397,9.87186
335589578,183.53874,-12.824962,8.3222
347715480,182.82877,-12.003345,9.7612
335589492,183.52306,-13.158066,9.3579
347715497,182.80998,-12.097191,7.717
334940102,186.34645,-12.157308,9.3365
1628754,188.07492,-13.809328,8.8295
1629429,188.15562,-12.198697,9.5023
1629601,188.1874,-12.784704,8.23352
349051026,184.54935,-13.830598,9.48957
349051035,184.64903,-13.802141,9.59681
349051922,184.7536,-13.5423155,7.0976
40557961,185.52101,-13.490452,8.5497
349064774,185.0302,-13.334923,9.318
348999747,184.51349,-12.674144,9.004
349064825,185.11423,-13.16041,9.0281
349064729,185.04094,-13.540178,9.57818
348999640,184.426,-12.277057,9.63616
335628013,183.72107,-13.497513,9.3812
348988966,184.1618,-12.3536,8.8101
335628204,183.6833,-12.633135,8.2567
385331163,181.71536,-12.508869,9.69307
348989059,184.05865,-12.020743,7.44468
348988785,184.15071,-13.013692,9.67115
335628205,183.72726,-12.627712,9.08985
348988584,184.09242,-13.783468,9.9866
347637236,181.97282,-12.680323,9.2427
348966899,183.98378,-12.872768,8.3635
335589679,183.48395,-12.387232,9.6621
385331108,181.69717,-12.240848,6.4616
335590063,183.6086,-13.0137,8.54027
335590214,183.65903,-13.610097,8.7726
181859143,190.04828,-12.667676,8.5451
181859208,189.99475,-12.955156,9.54015
181859082,190.08601,-12.434778,9.90223
508957849,180.19792,-12.157652,8.9641
348999211,184.38333,-13.214389,8.9161
385346952,181.89174,-12.916425,9.6887
349088502,185.30971,-13.901939,9.4451
348999460,184.33348,-12.275386,8.182
385347072,181.8415,-12.426257,9.656
349088576,185.3933,-13.681317,8.35672
348999171,184.37167,-13.382085,9.83427
348999411,184.39859,-12.43165,9.8779
385309326,181.16986,-12.826983,9.5938
385309578,181.28935,-12.081428,8.7476
385309331,181.08003,-12.800506,9.60372
349065349,185.21251,-12.853372,5.8432
297140213,187.73128,-13.7172575,9.5303
349065204,185.16473,-12.353811,9.9242
349065534,185.23213,-13.565724,4.2346
349065087,185.05408,-12.0094,9.2532
297138738,187.5199,-13.39319,5.8901
297138950,187.52475,-12.978642,9.72757
180277032,180.57794,-12.251716,8.1237
347695551,182.5749,-12.50161,8.8102
180277095,180.69019,-12.4610405,9.9558
180222509,179.68178,-12.039058,8.7145
180222455,179.56491,-12.0035715,8.4617
180222525,179.61499,-12.115641,9.74694
297140152,187.67099,-13.6040125,9.55422
308152629,197.46779,-13.403952,8.8383
308152086,197.53285,-12.372151,9.7889
25998322,195.30235,-13.215607,9.5287
349125090,185.6912,-13.115576,8.30427
952388203,188.678,-15.265503,9.4313
952352003,194.43317,-14.463422,8.0901
952325254,192.24042,-15.642991,9.4347
952325096,192.1345,-15.719422,7.0047
289990656,192.24042,-15.642991,9.4347
289989388,192.1345,-15.719422,7.0047
2491738,194.43317,-14.463422,8.0901
386687398,188.678,-15.265503,9.4313
290024860,192.58261,-14.762967,9.3285
290024066,192.58226,-15.999852,9.0814
347809018,198.81839,-14.294782,9.0086
347809360,198.8456,-15.580058,9.8625
347809209,198.90712,-14.982837,9.30534
385351179,196.21555,-14.7897,9.6254
385352656,196.36382,-15.974778,8.9434
385352680,196.35068,-15.860062,9.23669
385352681,196.42004,-15.851943,8.3388
385352837,196.31688,-15.289057,9.3281
385351391,196.24336,-15.498089,9.5239
385352881,196.35043,-15.100547,8.7503
385352748,196.32118,-15.598416,9.9563
347753175,198.45853,-15.425402,9.2792
347753275,198.54724,-15.027314,9.68187
308179626,197.58603,-15.358075,7.7115
308179549,197.58904,-15.61689,9.24
308179673,197.63188,-15.171237,9.1213
308179962,197.6387,-14.110088,9.4431
335636504,199.52448,-14.780012,9.4484
1758077,197.18248,-15.9769125,9.8383
1757989,197.28664,-15.747057,9.92165
1757499,197.21751,-14.149632,9.7565
335636312,199.48476,-14.071839,8.55962
385348190,196.04729,-15.662919,9.29403
1734492,197.00967,-14.924876,8.8161
347811104,199.008,-14.049403,9.795
385354680,196.5123,-15.706909,9.9933
308149529,197.40251,-15.862184,9.7373
308150469,197.33675,-14.37119,8.08454
385354234,196.46523,-14.111939,5.783
385354433,196.51459,-14.831843,9.24106
308150232,197.32512,-14.811836,9.14726
347810771,199.01572,-15.24355,9.8267
347810802,198.96667,-15.119935,9.5534
347810968,199.01476,-14.540738,9.24806
347750184,198.23676,-14.126001,9.7969
347751598,198.41602,-14.910465,9.8314
308210738,198.0499,-15.860158,8.1993
347751733,198.42413,-15.400633,6.39574
347751751,198.31476,-15.460525,7.24772
347750134,198.17831,-14.287515,9.83855
345946023,193.56363,-14.461992,9.83437
345945939,193.52051,-14.7649975,9.7944
335630746,199.33412,-15.273593,8.69009
385356146,196.61246,-14.916038,6.21632
339384506,197.8099,-14.242351,6.73687
1728875,196.90962,-15.828768,9.2786
1734299,197.00833,-14.288463,6.7551
385356182,196.62624,-14.779132,8.8715
385356203,196.66518,-14.701778,9.6987
385355918,196.66516,-15.77195,9.99637
339384405,197.90605,-14.570958,9.66009
1729435,196.91313,-14.188051,7.2951
345945816,193.46559,-15.179482,9.0802
347756781,198.70279,-15.017975,7.78654
335638244,199.5564,-14.5821,8.8247
347756937,198.7259,-14.457511,9.9225
385354464,196.54414,-14.960774,9.4604
2471579,193.97185,-15.3270235,6.17965
2518500,194.51485,-14.98567,6.17951
26021077,195.32202,-15.793881,7.80993
2518346,194.48656,-14.346112,7.4169
2518520,194.47717,-15.072623,9.7661
26021074,195.22516,-15.791472,9.50271
25964270,194.94424,-15.105899,6.8732
181856591,189.85825,-14.788011,8.7665
2471507,193.99521,-14.992213,8.986
25955969,194.60156,-14.088936,9.7813
2470130,193.86884,-14.099648,8.71892
181823402,189.5445,-15.558463,8.0309
405665223,191.80792,-14.75695,8.8935
26020711,195.22769,-14.4884815,9.4414
26020723,195.21281,-14.527161,9.32357
405631535,191.5537,-14.307757,9.4843
181861664,190.15018,-14.09981,5.6971
1734353,197.04909,-14.446592,9.0209
289989020,192.15408,-14.417165,8.16663
25955433,194.6211,-15.8792515,8.9106
297075258,187.41493,-14.212844,9.1321
297075622,187.39403,-15.610768,8.9264
181861363,190.12369,-15.299319,9.42145
181861631,190.1245,-14.208572,9.5735
345926308,193.03725,-14.036172,8.0921
25955853,194.64278,-14.53003,8.8331
25992487,195.07442,-15.250842,8.1339
181853880,189.58577,-15.978084,8.9001
1695291,195.73975,-14.6001835,8.3115
290022685,192.44595,-15.078918,4.24264
297024200,187.0075,-14.450933,5.48261
289990571,192.2262,-15.965662,9.3766
289990868,192.33679,-14.8405075,7.4693
290022877,192.44032,-15.883052,5.22605
345899372,192.88243,-15.0892725,8.1025
345899457,192.86281,-15.33785,7.0417
289990689,192.29245,-15.508744,9.4261
289990927,192.31404,-14.6027,9.5584
289990949,192.33786,-14.526999,9.994
290022568,192.42334,-14.707696,9.9873
297024207,186.97668,-14.469522,9.6009
345899572,192.93663,-15.692321,9.24295
952779533,198.3151,-15.460221,8.8632
405662126,191.5026,-15.536122,7.1655
345897427,192.77234,-15.502264,8.7587
345897689,192.8055,-14.668523,8.2845
345899201,192.96393,-14.479549,9.9983
405662215,191.57927,-15.863417,9.81988
405628455,191.2824,-14.898072,8.2346
405631503,191.55646,-14.183852,8.20718
1695296,195.72455,-14.586902,8.07826
345926304,192.96881,-14.058704,9.3243
1695417,195.7814,-14.205979,9.63972
345926303,192.96771,-14.059012,9.4144
347753435,198.47281,-14.46873,9.4933
2473360,194.1406,-14.510256,9.4957
386687088,188.67792,-14.237365,8.89564
345942372,193.24503,-14.620635,5.5
181823066,189.57346,-14.059631,7.69941
2473230,194.11375,-14.877727,9.4102
2489719,194.25429,-14.787041,9.7065
347753484,198.53874,-14.282116,7.3536
432196056,187.882,-14.594574,9.5776
386685723,188.58075,-15.054758,9.69398
345942287,193.28969,-14.96559,7.1765
432196369,187.95473,-15.715627,7.11005
25991883,194.98524,-14.189289,7.1468
25995719,195.16936,-15.358546,8.0053
2469727,193.8957,-15.603772,9.6645
25992877,195.01285,-15.944507,8.1975
386687293,188.71889,-14.91946,9.5305
26022390,195.39302,-15.476353,9.6297
1630050,188.2392,-14.245303,8.7383
1630179,188.24365,-14.690627,8.988
1630540,188.17294,-15.870534,9.4296
345927650,193.18016,-14.6933,8.68091
26022601,195.38113,-14.786849,9.3171
1670274,195.47574,-15.7616415,9.9444
1630438,188.13536,-15.522917,9.893
181914604,190.87398,-15.434822,9.3726
432196107,187.95012,-14.731753,9.11
432196104,187.96661,-14.720529,8.37695
432196402,187.88147,-15.834428,9.82625
25962259,194.79793,-14.130597,8.90518
25962303,194.81894,-14.30738,9.1121
25962430,194.71182,-14.751032,9.7835
2454334,193.63487,-14.933291,9.6629
2473171,194.20299,-15.109317,7.31862
1736166,197.10938,-15.627999,9.9369
1736232,197.1746,-15.351989,7.6653
1736241,197.13176,-15.326197,6.9103
1651457,188.37013,-14.671708,9.5548
26022247,195.40053,-15.989006,7.4983
26022252,195.43231,-15.954009,9.8678
2472959,194.1861,-15.816079,9.5454
1693252,195.6207,-15.049162,9.81855
386705748,189.09927,-15.41477,8.40452
386705996,189.03867,-14.550296,9.8277
385349823,196.16747,-14.323462,8.80797
385349369,196.18677,-15.960477,9.0492
181859462,190.08337,-14.0220585,9.70755
2454121,193.6873,-15.622814,9.93085
405630003,191.37729,-15.508301,7.85019
385349417,196.09511,-15.78256,9.06725
386739586,189.21161,-15.572333,6.518
386739649,189.22934,-15.722085,6.3059
386739583,189.24364,-15.55431,9.59
181878000,190.7196,-14.494855,9.3268
181912953,190.78285,-14.115924,9.9702
181912998,190.81137,-14.250576,8.5275
1653125,188.49893,-14.638663,8.0408
181913150,190.81662,-14.851473,7.7396
1695023,195.7838,-15.450412,9.9754
2473207,194.10756,-14.949698,6.8886
386741160,189.27292,-14.59582,9.7778
1628157,188.04135,-15.947662,9.858
1628236,188.07129,-15.613139,9.8252
1628320,188.04085,-15.271265,8.4463
1628571,188.0709,-14.382293,9.3941
349002159,184.64752,-14.407191,7.18954
349052178,184.67995,-14.411567,9.75355
289987480,192.03397,-15.09069,8.9342
181821842,189.41946,-14.854554,7.63004
181821872,189.42876,-14.7520685,8.455
405663562,191.626,-15.440545,5.993
386689034,188.80714,-14.652605,8.6191
181863070,190.35857,-15.455373,8.86155
405663813,191.62798,-14.522854,8.1276
2455713,193.71439,-14.102545,9.4585
181864370,190.4627,-15.817157,9.94584
334968821,186.4984,-14.947778,6.6979
181864894,190.41823,-14.083764,9.75905
1695149,195.8048,-15.104649,9.8629
1695058,195.73184,-15.361449,9.08502
1695088,195.79536,-15.271244,9.15136
1695131,195.76915,-15.150043,9.79884
349088467,185.33199,-14.062224,9.62418
297026259,187.03496,-14.045299,9.0426
297024318,186.98291,-14.892808,9.4075
297025967,187.09685,-15.162016,9.724
297025961,187.10304,-15.196485,9.62599
181858134,189.93716,-15.156371,9.5403
181821608,189.46965,-15.685466,9.7665
334970468,186.64107,-14.861094,9.989
181860009,190.06296,-15.999402,9.3412
348966097,183.87794,-14.072069,6.1764
334991037,186.64336,-14.987339,7.28512
181876347,190.57346,-15.083666,6.90039
181876382,190.60243,-15.237867,6.73993
289945632,191.93687,-15.487865,9.88239
289945654,191.96814,-15.61905,9.5966
335627891,183.71365,-14.095224,9.36537
297076945,187.6034,-15.320973,7.8191
40559028,185.88518,-14.519591,9.6691
40559093,185.78981,-14.791019,9.21853
349090042,185.56357,-14.062545,9.26201
181877779,190.70488,-15.4641485,8.44633
289945444,191.88123,-14.744482,9.25832
290036519,192.66374,-14.667859,9.30612
290036525,192.59709,-14.676094,9.95169
349064504,185.0424,-14.348008,9.72942
349064565,185.04144,-14.125522,7.78868
386687446,188.731,-15.432182,9.98932
349125959,185.72871,-14.662896,7.0215
334992750,186.88416,-14.850319,8.1074
334992777,186.79654,-14.765412,9.96937
334992780,186.79501,-14.757325,9.94598
334992898,186.88503,-14.349632,9.63174
297140643,187.63492,-14.674936,9.2832
297140564,187.7012,-14.513227,9.4802
25992511,194.96931,-15.290084,8.9846
349125919,185.69725,-14.599221,8.2205
25991907,195.07404,-14.232504,9.2211
347824671,199.05396,-14.731025,9.9581
952049962,196.01152,-17.625563,7.8088
952034535,196.5456,-17.885406,9.4545
952046773,198.5391,-16.55879,8.1506
952046774,198.5395,-16.558725,8.0935
385348719,196.01152,-17.625563,7.8088
347752831,198.5395,-16.558725,8.0935
428714930,196.5456,-17.885406,9.4545
1669095,195.55283,-17.481884,8.6263
347756338,198.69742,-16.52311,9.37991
347756351,198.72693,-16.464403,9.70058
308148627,197.36264,-17.232805,7.02338
308148778,197.35791,-16.994083,9.9806
1758136,197.22565,-16.153967,9.8851
308149111,197.4266,-16.515196,6.60516
308179434,197.63918,-16.004467,8.41501
308179230,197.67091,-16.602615,9.1243
347752094,198.37312,-16.775608,9.62789
347752231,198.38786,-17.218216,9.85434
1735019,197.02861,-16.677216,9.56234
385352625,196.35347,-16.095314,9.8592
1727727,195.83897,-16.279549,6.8951
385352357,196.3618,-17.004446,6.81688
385351879,196.23247,-17.243332,9.353
385352171,196.36588,-17.72239,9.84688
1727745,195.91254,-16.336575,7.224
385352011,196.2587,-17.678093,7.4898
385352085,196.19661,-17.909239,9.29878
452735180,195.45447,-17.882454,8.7356
385355415,196.61241,-17.604586,9.06813
415871574,197.65562,-17.897932,8.68277
385355452,196.64491,-17.46018,8.8862
1694828,195.79428,-16.055681,9.3444
408555248,195.34352,-17.882053,6.53127
1694542,195.73949,-16.881367,6.29221
1694701,195.78452,-16.407677,9.5702
1694834,195.80548,-16.03616,9.0508
2518922,194.55644,-16.530453,9.9498
2519045,194.54501,-16.944946,9.8413
2519257,194.5031,-17.681116,8.70401
1758323,197.28404,-16.75107,8.7072
385348466,195.98602,-16.763878,9.48968
385349011,196.07988,-17.23727,7.46785
1758607,197.26912,-17.676498,8.01764
308210914,197.97049,-16.513704,7.7711
308211090,197.9676,-17.159018,8.7545
308211216,197.97978,-17.564816,9.3616
308211377,198.15059,-17.830265,9.9438
339383510,197.91716,-17.834606,9.20843
339383704,197.80663,-17.152185,8.75724
347749559,198.25688,-16.354702,9.5335
347749593,198.2793,-16.235718,8.7636
308182051,197.70747,-17.25102,9.49793
308210841,198.00194,-16.274069,9.3185
1728462,196.84674,-17.079224,8.93195
385359327,196.71774,-17.583805,8.9214
1735106,197.01018,-16.912884,9.5658
1735578,197.12268,-17.44007,8.6126
1693978,195.58675,-17.268705,9.36166
1735435,197.12091,-17.90849,9.36792
2472727,194.1612,-16.72659,7.82268
345944610,193.40703,-16.834772,7.89735
2472584,194.13882,-17.152502,9.282
2472619,194.20653,-17.046762,9.3341
2472712,194.09914,-16.78137,8.709
1693561,195.68153,-16.024343,8.7617
1735983,197.1652,-16.168722,8.5964
2472754,194.10997,-16.567883,9.9283
345944630,193.42755,-16.89738,9.6704
345944735,193.4392,-17.197336,8.52801
2472624,194.17824,-17.034132,9.36919
1693618,195.62912,-16.201822,9.43279
2472582,194.08574,-17.15569,9.9917
308182007,197.7722,-17.089851,6.8054
308210818,198.01477,-16.198605,4.5612
181913586,190.83105,-16.513441,8.6901
452731123,194.22829,-17.943256,9.1517
345928071,193.16846,-16.143917,9.1357
345928488,193.20491,-17.560066,8.56225
2518954,194.51509,-16.647547,8.4585
2472268,194.04965,-17.678001,9.16474
345928513,193.1033,-17.620687,8.73797
2518982,194.54385,-16.771965,8.0185
181913714,190.78142,-16.996546,9.07219
386704581,188.8824,-16.067225,9.29446
385349183,196.0859,-16.655354,8.534
385349070,196.10126,-17.033463,9.9772
2472034,194.03044,-16.892492,7.0722
2472146,194.06671,-17.229734,9.7224
26021854,195.33827,-17.413605,7.8401
26022019,195.36763,-16.862133,8.7336
26022094,195.43391,-16.58047,7.0767
1694373,195.71025,-17.421791,8.8978
1728006,195.88916,-17.262001,7.8937
1728143,195.93793,-17.770487,7.9739
1694235,195.7918,-17.787897,9.4198
5914309,193.21547,-17.914814,9.1765
25963971,194.94495,-16.08139,9.7161
26021802,195.35054,-17.5599,9.91401
290023608,192.55104,-17.381935,9.3771
290023585,192.54088,-17.47872,9.95783
2456966,193.92967,-17.265697,8.4615
2457004,193.89606,-17.127375,9.4843
2457127,193.89027,-16.73209,9.5364
25993050,195.02527,-16.227753,8.3116
25994920,195.1388,-16.597855,9.73114
2456882,193.86235,-17.51178,9.7442
181856980,189.75948,-16.24728,9.8449
345928831,193.30077,-17.199705,7.2461
345929009,193.30077,-16.592178,7.1323
2490165,194.22375,-16.34029,9.5483
181856957,189.83617,-16.150276,9.3375
345928764,193.26825,-17.400637,9.68745
345929044,193.22972,-16.468763,9.90684
405663247,191.61412,-16.538475,8.2597
405663249,191.65182,-16.531504,8.62392
405619650,191.13194,-16.485395,9.41235
405665733,191.75883,-16.685888,9.3579
2490535,194.23914,-17.445457,9.6172
2490540,194.24266,-17.455196,9.3278
2491184,194.42699,-16.415129,9.3802
2490883,194.3969,-17.394823,7.4409
290023903,192.48045,-16.42367,9.4599
181864122,190.42595,-16.64257,9.7497
181863496,190.28543,-16.859352,9.4928
290037280,192.62509,-17.174063,8.8018
289990505,192.30667,-16.194355,8.3581
345925114,193.03798,-17.804667,8.4112
289990429,192.255,-16.465363,9.2096
345899735,192.87033,-16.161936,9.0713
345900040,192.91853,-17.155554,9.9462
386739798,189.13882,-16.385592,8.45282
345900177,192.8615,-17.619299,9.1963
289990493,192.32306,-16.23392,9.82064
345896850,192.76283,-17.334602,7.16695
345896985,192.8371,-16.916117,7.4111
2453521,193.66046,-17.85875,8.80228
2453945,193.68341,-16.271358,9.0702
25962874,194.78583,-16.199915,9.991
25994229,195.17186,-17.64657,8.8284
181863426,190.35745,-16.607273,9.4288
289946105,191.86237,-17.249878,9.51081
289945966,191.94377,-16.769444,9.92492
405628858,191.24454,-16.382233,9.9511
405628920,191.24875,-16.603048,9.5022
181861109,190.17914,-16.14678,7.3377
345925122,192.97144,-17.785326,9.1448
405628981,191.27982,-16.777664,9.8989
289990183,192.34157,-17.286188,9.6887
345925313,192.99792,-17.269775,9.0867
25955021,194.61618,-17.333096,6.5626
345896766,192.82713,-17.587069,9.9725
290023226,192.36256,-17.145784,7.9916
25963824,194.85968,-16.533571,7.0676
25963043,194.81628,-16.771235,9.4568
25963227,194.77783,-17.3485,8.9639
25963330,194.71323,-17.728777,8.8687
347756438,198.77383,-16.248352,9.21098
290023187,192.37503,-17.029812,9.6405
290023243,192.3601,-17.19064,8.60976
25963327,194.7519,-17.716812,8.25477
405628765,191.25856,-16.043354,7.96795
181861059,190.21089,-16.342485,9.3706
345925086,193.02972,-17.876724,9.6641
289989699,192.15771,-16.744358,9.85387
289987077,192.0357,-16.453459,9.4032
345944976,193.5114,-17.88331,8.6782
405662503,191.56529,-16.731949,9.39838
289946481,192.0182,-17.37265,8.50804
289946543,192.02696,-17.162003,8.77907
181914336,190.88065,-16.553905,9.9404
181914290,190.91055,-16.74928,9.62123
308148319,197.36226,-17.737377,9.3133
308148905,197.37814,-16.799593,9.3599
308149096,197.35191,-16.539974,9.9155
25994338,195.1551,-17.488476,9.1738
25993067,195.00383,-16.238823,8.9989
428715069,196.48517,-18.486855,8.8304
428714603,196.36949,-18.979244,8.1065
428718693,196.60907,-18.9495,7.92994
428714646,196.44257,-18.825857,7.7553
428714820,196.4407,-18.25961,6.6126
408555194,195.29506,-18.122482,5.63594
428710945,196.1137,-18.291098,9.3017
101645684,196.96649,-19.035679,6.65049
101645994,196.95723,-18.00435,7.19905
408551544,195.05992,-18.556599,7.9294
452735401,195.63464,-18.72079,9.87629
415871417,197.58365,-18.495832,9.23669
415871312,197.53542,-18.89985,7.58931
452747050,195.71652,-18.438292,7.0694
452747115,195.72238,-18.21831,9.9728
415842060,197.38174,-18.72036,9.987
6011208,194.10664,-18.328249,8.5141
415824888,197.01997,-19.020222,9.0135
408511121,194.5368,-18.14984,8.8856
6011181,194.05307,-18.244617,8.70743
428699420,195.88306,-18.331556,9.1911
5969276,193.495,-18.03491,7.87836
428699487,195.84615,-18.092016,8.0885
5969274,193.5012,-18.037622,6.89083
428715084,196.56606,-18.534119,8.81613
