ID,ra,dec,Tmag
611061024,0.050467152,1.771427,9.49897
611061025,0.050977472,1.7714843,9.77105
630321552,26.657999,0.11207022,9.40136
630321553,26.65825,0.11260223,9.60551
610782347,13.361397,0.8990271,9.9906
630336186,28.97495,1.8507698,5.8992
630336168,28.891426,1.7658182,9.4393
630308111,28.750217,0.20566845,9.4694
630313490,31.16197,1.9090546,9.8633
422677870,29.791735,0.506926,6.839
419958558,31.16197,1.9090546,9.8633
630424154,22.153856,0.15289737,9.2441
422653075,28.97495,1.8507698,5.8992
422651096,28.750217,0.20566845,9.4694
422651435,28.891426,1.7658182,9.4393
293456057,26.657999,0.11207022,9.40136
344279292,22.153856,0.15289737,9.2441
257468344,0.050467152,1.771427,9.49897
250394765,30.802618,0.130422,7.942
344623799,13.361397,0.8990271,9.9906
422437786,340.00256,1.2095888,7.8355
415967045,344.82657,0.17710347,9.2233
271997667,337.25552,1.3046143,9.88912
271997677,337.25342,1.2801878,9.2298
422548408,352.38138,1.093445,9.509
270480235,34.298943,1.508698,7.23294
270480141,34.30616,1.8604352,6.9449
176132201,342.14224,0.015873384,9.7019
279009358,348.0539,0.013584044,9.80811
248609670,358.74564,0.013734276,9.7787
369533064,25.216877,1.62836,7.88
610764856,19.330761,1.8413242,9.9524
344719623,16.041458,1.042234,8.441
422846663,36.99969,1.96084,5.806
332742571,32.952576,0.11978063,9.6603
420077321,36.916565,1.7636824,9.9827
262622322,348.61566,1.8593134,8.5354
262622237,348.63953,1.6658219,9.958
262629043,348.828,1.7392375,9.7624
176079654,337.39154,0.0083318185,9.61864
422689365,30.39797,0.9103782,9.1777
422689552,30.385624,1.4488078,9.8512
422689223,30.366219,0.4756477,7.95373
176006953,336.24988,0.01464151,9.8705
420014268,35.167625,1.1203674,8.937
272157616,9.44783,1.6239899,9.19781
265932904,336.79028,1.2206514,9.99045
265932405,336.8764,0.44633558,9.23939
265939156,336.9447,1.0015109,9.0966
262622019,348.5862,1.2261316,6.9853
293219541,1.5518315,0.51715875,9.6483
293223917,1.6160607,1.9213711,9.9487
293223913,1.6169324,1.9231943,9.66498
293219890,1.5407833,1.2360777,9.97
293219184,339.36923,0.2489155,9.1716
269530777,14.103212,0.0024720812,9.9988
293341252,356.54584,1.1615593,9.8267
241713689,26.586464,0.07306684,7.5052
419902521,354.6683,1.5732014,8.3678
419902585,354.694,1.263422,8.0533
293341579,356.64432,0.5300421,6.3381
293341265,356.63754,1.0903499,9.3495
267215931,356.46902,1.0132815,8.841
293341752,356.73486,1.4441144,9.7181
267209388,356.07587,0.7123436,7.47605
267215778,356.5004,0.2619436,7.652
422831330,359.34018,0.6888887,9.5447
267216044,356.4479,1.672016,8.0979
293358115,356.92395,0.19660068,8.6608
422604876,353.6332,1.2179114,8.4392
422790528,359.1558,0.69272673,9.28905
422604596,353.58337,0.20138057,9.59514
422790561,359.11087,0.48128986,8.391
422828754,359.23987,0.15916467,9.49213
293358420,356.9291,1.7886095,9.798
422790502,359.09192,0.8516532,9.947
422443545,350.88312,0.29132685,4.7975
422443129,350.85632,1.9924414,9.45313
422843443,359.96237,1.8703604,8.84026
422738776,358.07016,1.4985528,7.80532
422728176,357.8635,1.57589,9.8957
422785332,358.69424,0.10931407,3.10496
293308304,356.20422,0.7186892,9.9624
419939076,355.74637,0.59916097,9.9468
422618666,353.86908,1.3131367,5.49163
422618449,353.95535,0.44551188,9.3742
422618576,353.87805,0.97180605,8.97364
419902435,354.6068,1.935808,8.50276
419939011,355.73563,0.23973544,7.976
422440293,350.64066,1.7511162,9.42338
422831656,359.55368,0.9725291,9.6904
419918140,355.05664,0.054586817,8.9948
419918447,355.00037,1.5399692,8.2595
422788180,359.0165,0.66925615,9.69303
422788286,358.97156,1.1201879,9.2503
422788379,359.03232,1.5592046,9.73698
293218079,339.31924,1.9249328,7.17556
422831663,359.5325,0.9977188,9.8043
422440327,350.61133,1.6110244,9.5799
422631400,354.27066,1.6924468,7.0133
293303819,356.01965,0.3819101,6.7778
310781249,345.15796,0.18587053,5.43691
310805340,345.18936,0.7977693,9.175
310805451,345.2073,1.253586,8.7647
310918091,346.13046,1.5954977,7.23116
310780893,345.07104,1.2611434,9.8951
310781064,345.07047,0.5888381,9.705
293341385,356.57745,0.5654645,9.668
419936129,355.33047,0.28311455,8.3923
419933468,355.16766,0.4159755,6.39938
419933426,355.085,0.6356643,9.3811
422723785,357.61188,1.0764878,9.4963
419933472,355.10526,0.3937878,8.3488
419902894,354.7681,0.12360136,8.0921
419936304,355.50043,0.66162914,9.251
422836083,359.5829,0.32480732,9.2674
419936031,355.3134,0.673959,9.5377
419903078,354.79703,0.97575355,9.17918
422752724,358.52103,0.22675407,9.3705
422752766,358.5435,0.4122365,8.8987
419935914,355.3662,1.1690856,9.5852
422752376,358.3869,1.703346,8.0304
419936581,355.5117,1.7800388,4.3293
311000192,347.54,0.6864306,9.05529
311000215,347.5241,0.5877408,9.3268
311024055,347.5792,0.5489935,9.8707
422550972,352.58435,1.9933858,9.07968
293369350,357.24127,0.4375334,8.2573
419902826,354.70227,0.318692,9.6987
419936373,355.5305,0.98360074,9.77604
419936480,355.4927,1.3543818,9.33929
419933718,355.26105,0.71861297,9.5797
419933742,355.29346,0.79008096,9.1787
422752672,358.42596,0.17432407,9.7382
293369439,357.1712,1.0049663,9.0099
422723892,357.60718,1.662892,9.58683
422723944,357.58664,1.9179502,8.44066
419933657,355.25873,0.4232679,9.7716
422740730,358.1322,1.0745002,8.2672
419939122,355.73767,0.7900696,9.4632
333566723,12.438603,0.025749048,9.6528
419939115,355.6743,0.7536491,9.1127
422785273,358.6289,0.39367798,9.9601
262785397,350.57132,0.5000916,9.4347
422752804,358.46725,0.59616756,5.4725
422787902,358.90015,0.6958328,8.5199
422787917,358.86774,0.6372251,9.49029
422790268,359.12778,1.9185566,8.4102
422843277,0.0008748713,1.0890012,8.6692
422785188,358.66595,0.77281123,8.3252
267255553,357.27713,0.8240925,8.99695
422726231,357.8289,1.0836059,9.7617
267255510,357.36447,1.0761278,5.6293
422785764,358.71628,1.8497237,9.1617
422725680,357.63995,1.7245753,8.8721
419918468,355.035,1.646542,8.9566
422726202,357.84415,0.90741104,9.9162
422726363,357.77637,1.5912825,9.0888
422507622,351.8451,0.37077802,7.7348
422507457,351.81165,1.1226059,5.38647
422507551,351.85284,0.72228765,8.3326
293357823,356.81345,1.158291,8.6407
422508064,351.93124,1.887022,7.3688
293358231,356.89233,0.869858,9.1694
421998625,340.99753,1.744751,9.3198
422548852,352.48294,1.1637638,7.12635
422548947,352.4206,1.6338404,7.4749
311463873,343.47205,0.51115876,8.99284
422548404,352.39615,1.1037244,7.9505
422548575,352.36368,0.2980482,9.6833
311463577,343.34665,0.8115545,9.64124
311463742,343.41956,0.17984575,9.52276
262582562,348.07983,0.30966324,9.7766
262750278,350.12534,1.9218678,9.0569
422604600,353.5139,0.17941001,9.04226
422443339,350.87906,1.1010935,8.9452
422443139,350.9101,1.9586673,9.9316
422738779,358.0254,1.5033036,7.7548
422443653,350.9595,0.30630907,9.9541
327952154,355.81012,1.1130577,7.8273
327952196,355.81107,0.9046437,7.6732
422631450,354.2586,1.4231452,8.4318
2052736429,356.4999,0.26139545,9.2079
267216068,356.47128,1.7709365,9.91295
267209274,356.06406,1.2368197,9.486
419883535,354.57825,0.78097516,8.101
422835813,359.59134,1.5906597,9.4504
422835769,359.66458,1.7666295,9.3466
419883194,354.41705,0.7767731,9.94159
250108219,355.4808,0.0023396416,8.1475
310781009,345.02417,0.77798355,9.7969
310805330,345.2409,0.76673156,9.8777
262690988,349.35623,0.21561936,7.2658
422458198,351.1564,0.6291122,9.0289
422594185,353.47565,0.556293,9.1403
262024925,343.29636,1.2457541,8.9063
415966861,344.86438,0.96292394,4.6023
262691233,349.27805,1.2316674,7.4241
421998505,340.96454,1.274762,8.6131
310844954,345.62347,0.40404353,9.26971
310844746,345.60114,0.4393487,6.86
310844529,345.5754,1.2715285,9.14065
421998650,340.91223,1.8491459,9.7418
310844760,345.51318,0.3986362,8.6752
310844921,345.68295,0.26353312,9.41029
262747834,350.066,0.1743899,9.80519
422035536,341.08588,1.1600572,7.7861
422096700,342.6914,1.8651619,8.6751
422035402,341.11182,1.6930207,8.92979
262567350,347.74866,0.78809726,9.0732
422790414,359.16217,1.2323881,9.6574
422790411,359.13678,1.2510837,7.6716
422594028,353.30188,0.23735072,9.0071
262715591,349.52814,0.4947901,8.2227
262724912,349.61426,0.52149695,8.7392
344659320,15.011857,0.38044727,8.6701
344659507,15.0117445,1.1272678,9.5935
344658953,14.902533,0.6707028,7.3601
422618321,353.8378,0.31653956,9.7116
262724919,349.68488,0.5038605,9.8356
422508016,351.92023,1.675423,9.46409
422588918,352.92117,1.7324895,8.8485
262715603,349.58475,0.52496874,8.6988
422618350,353.78098,0.1909207,8.77283
422618003,353.75116,1.6053983,8.03
262725099,349.81024,0.28217503,9.45385
310917630,345.99207,0.6576795,8.67294
422621099,354.1326,0.2628829,9.592
422588819,352.94077,1.2206112,8.55343
262567237,347.7613,1.3146442,9.8185
262567433,347.71097,0.40973362,8.2452
422593968,353.2481,0.46373975,8.86673
422594064,353.26483,0.08017479,9.83105
293358146,356.8875,0.41971004,9.9524
293357695,356.76965,1.7507795,9.4049
293357818,356.86856,1.1738259,8.0594
310933452,346.40137,0.18816978,9.3884
310920463,346.3235,1.3071257,5.57933
422604297,353.5301,1.3822846,8.8162
310920441,346.2385,1.3724159,9.94411
310934130,346.4073,1.5111026,9.271
310920755,346.32895,0.082780324,9.9972
422441058,350.74268,1.6696532,8.1175
262725449,349.8448,1.7081167,9.0833
310937509,346.60846,0.3670362,9.9555
262750755,350.18082,0.15953425,8.6488
422440707,350.80457,0.15115824,8.7725
310937557,346.6815,0.5604908,9.082
262782776,350.2854,1.8942614,9.4809
422441135,350.72916,1.9589816,8.9396
310997494,347.2274,0.56441563,9.02747
310997688,347.34778,0.45778745,9.1766
310937059,346.52206,1.8113611,9.21479
262750957,350.23648,0.835666,9.8204
262750591,350.14783,0.7190533,9.562
419917856,354.90393,1.5022795,9.395
310997753,347.38727,0.7110435,9.198
422835828,359.6444,1.516699,9.8134
422058632,341.57983,1.685576,8.5601
422058644,341.56396,1.6293436,9.6714
262661659,348.90405,1.7592955,9.6173
262725374,349.74643,1.3576081,9.6806
422548809,352.4197,0.90862346,9.4359
422549013,352.50717,1.9752834,9.4635
422551122,352.53165,1.4343313,9.5777
422723927,357.55896,1.8272727,9.9101
422723951,357.533,1.9701756,7.332
311000185,347.45358,0.71071744,9.7425
311024184,347.59125,1.1705163,9.7194
419933392,355.0741,0.84544563,9.2641
419933952,355.22787,1.647825,8.6643
293369292,357.2099,0.11826566,9.4968
422059590,341.69382,1.9624411,7.1895
422591203,353.11133,0.46445715,9.7024
422525930,352.24646,1.272794,7.9266
422591315,353.23758,0.1804405,8.1617
262661743,348.91782,1.3082963,6.2442
262661938,348.99338,0.6699058,9.01683
422058933,341.5674,0.50414306,9.84145
422059025,341.55313,0.13849713,9.02699
310851199,345.7626,0.17446543,9.65353
422059033,341.56583,0.108846836,9.32922
422058936,341.6019,0.49009904,9.81558
422096526,342.5883,1.2034,8.7896
422035642,341.067,0.77145034,9.3233
310917953,346.16602,1.0372146,8.7808
422620946,354.00555,0.68786603,9.953
419883796,354.51294,1.8661388,9.0889
419007832,344.21982,0.8905325,7.8451
311519179,343.6872,0.72204864,6.6177
311519281,343.74786,1.064902,5.93948
311519336,343.77682,1.2646165,9.53889
422036267,341.24753,1.6458935,9.0275
422113876,342.7073,1.3734541,9.86043
310808191,345.3183,1.0844247,6.1644
310808386,345.33554,0.3067621,8.1803
310808442,345.31793,0.079556845,9.8323
272102397,338.1641,1.4900963,8.205
272102262,338.17224,1.1039176,6.40994
310808433,345.3461,0.12134047,7.7531
310808593,345.48288,0.6883516,9.3114
310808766,345.46786,1.3754084,9.707
310808897,345.4041,1.857047,8.5225
310808307,345.36896,0.55138665,9.68807
310850867,345.79947,1.5087811,9.2533
272102428,338.13596,1.5824571,7.43969
422114339,342.93027,0.58838165,9.51649
422114668,342.92242,1.778688,8.3553
422059151,341.7029,0.4807439,9.9815
422058952,341.51315,0.42297453,9.0102
310851566,345.9485,1.4118868,9.2566
422484930,351.41037,1.6751311,9.7386
422485014,351.37933,1.2581898,9.8267
422059095,341.7233,0.27862984,9.9021
422062449,341.92953,0.33531094,9.5249
422061931,341.846,1.7958275,8.18744
422062114,341.85464,1.1553625,8.35959
262589481,348.25153,0.030787889,6.71006
267256099,357.49075,1.898248,9.7162
310990634,346.953,1.3320618,9.8417
310991210,347.14383,1.531427,9.3834
310990869,347.00052,0.119495556,9.2784
310778128,344.8991,0.39739692,8.75448
310991300,347.07376,1.9970354,8.49893
262582470,347.93933,0.22345307,8.07366
262589353,348.1762,0.52275395,9.9361
262589521,348.32065,0.1990047,9.7673
422740810,358.21167,0.7252959,7.59
422842793,359.8581,1.2586322,9.1932
422505205,351.77884,1.8289995,9.9161
422785562,358.72894,0.9981705,9.8846
422725830,357.7186,1.0353591,9.9388
422551633,352.66867,0.8775507,5.738
311550475,343.96918,1.3387877,9.2127
278967103,347.57254,0.0440697,9.7468
262024111,343.15445,1.6829356,8.9383
422045158,341.34512,1.7525707,6.61293
422045446,341.3434,0.678242,9.4144
136841107,354.73367,0.01836517,9.97608
422505171,351.70224,1.6964942,8.61691
422741058,358.24768,0.58545476,9.0157
422045523,341.31512,0.38398975,8.2348
422046033,341.46783,1.6790371,9.2112
262024463,343.14227,0.4834831,8.2741
422487889,351.6446,1.2261496,8.8045
422505084,351.71918,1.3022764,9.1563
422045271,341.28564,1.3192416,9.7066
310997947,347.4073,1.553317,8.9175
310998023,347.39624,1.9261985,7.6376
262715696,349.52417,0.88297045,9.7388
311550635,343.9949,1.9505553,8.24998
422485195,351.40204,0.53279954,8.3831
262024135,343.12466,1.5877517,9.5649
422045258,341.34363,1.3421522,8.60783
310997788,347.3401,0.8662869,9.7562
310937832,346.70215,1.779633,9.9248
310937213,346.49197,1.1744142,9.9026
278951834,347.21024,0.0146619305,9.76385
422485555,351.4744,1.2277157,9.7547
422551668,352.73914,1.0204473,9.8255
262691262,349.2929,1.3235173,9.9822
262037012,343.19095,1.5017306,9.6563
311518938,343.55942,0.41513386,6.4803
311518936,343.60608,0.41888902,9.911
310808264,345.26562,0.74051017,9.7192
301139221,349.91315,0.031478703,9.7867
272124120,338.23636,1.4590548,9.6613
311518825,343.63242,0.81955725,8.922
422076941,341.9962,1.8941267,9.3004
422077085,342.02612,1.3404937,8.16408
422113989,342.71902,0.8819453,8.5053
422114596,342.8986,1.4465405,9.3971
310759507,344.4833,0.9806126,9.9369
310759594,344.48682,0.6918114,9.72418
262661622,348.9896,1.8575399,9.399
422525406,352.07022,1.3828869,9.0897
422525445,352.0379,1.1659037,9.8041
422117054,343.0049,1.224597,9.8573
272101779,338.04266,0.36387286,9.7669
272101899,338.16272,0.11695454,9.9836
272102360,338.2035,1.4051521,9.7861
272102501,338.20056,1.7806244,9.6308
422505074,351.73315,1.255604,4.9291
422443651,350.98715,0.2987439,8.56382
293195286,339.28787,1.2861776,9.6082
422437736,339.94067,1.0388736,8.21405
310759672,344.49582,0.3961385,9.6752
421998380,340.89972,0.81639266,9.518
265939817,337.0907,1.3560712,9.9561
293195492,339.2575,1.7830565,8.6728
421993188,340.33307,0.47870848,9.86815
265939695,337.07986,0.9696928,8.81695
271994271,337.2259,0.45943737,9.16857
421993046,340.3005,1.050192,9.82267
421993149,340.3946,0.65597916,9.66155
421993224,340.39197,0.3431503,9.97909
422412174,339.44724,0.25854063,9.7864
422080864,342.39676,0.3113258,8.5674
422080323,342.22214,1.9008427,7.6319
310805621,345.2147,1.812015,8.5528
262690584,349.22537,1.5163213,9.4852
422077580,342.1143,0.62998945,9.3742
422077222,342.0096,0.87984484,8.7378
422077612,342.18457,0.75491685,9.1501
422077831,342.10815,1.5222837,9.7475
311550038,343.80435,0.57346505,9.6885
311550105,343.79694,0.275574,9.83938
419007693,344.1751,1.4512582,9.06155
422077136,341.9874,1.1289433,9.24825
418997935,344.23276,1.6097307,8.4063
311570052,344.11194,1.2559515,9.54237
293117926,338.64993,1.7082182,9.9945
293118039,338.61993,1.3608224,8.9849
293118314,338.64975,0.595178,5.16895
293119049,338.7222,1.6425931,9.50483
422421024,339.73962,1.024515,9.4744
422421198,339.74896,1.6560402,8.9863
421995164,340.74203,1.2173493,6.83326
421995165,340.743,1.2181526,9.25805
293158765,338.95676,1.3221886,9.1581
421997690,340.81763,1.8560458,9.7651
310759933,344.56824,0.66293776,8.5641
422412203,339.5526,0.3954015,9.6662
422412460,339.43903,1.1573243,9.7691
265915931,336.60294,1.9696087,8.1203
272008621,337.55127,0.83679307,9.3722
272009480,337.67722,1.8449155,8.243
272008528,337.5859,1.1508945,9.26338
272009486,337.65195,1.8540195,9.2541
272008631,337.59488,0.8070703,8.8557
272008877,337.54132,0.13830374,7.31438
272008973,337.6675,0.31174916,9.0837
272009447,337.69296,1.7259281,9.0044
421994668,340.5992,0.7704624,7.6223
421994923,340.7415,0.401877,6.9307
272070399,337.89044,1.0758141,9.6369
318480510,340.1603,1.7945316,9.39442
318480543,340.20462,1.6781877,9.19474
421994874,340.70496,0.2318377,6.64949
293158373,339.05,0.16861062,9.096
272070442,337.9373,1.2039019,9.74561
422420359,339.65076,1.1354448,8.0371
422420437,339.6372,0.90202004,9.4169
422420338,339.64716,1.1919801,9.0487
422420499,339.59634,0.6846092,9.29308
265914758,336.51498,1.9753453,8.794
265939307,336.97195,0.538581,9.3983
439863268,336.04715,0.06832927,9.80563
421998618,340.95462,1.7175558,9.8728
421998655,340.93115,1.8667802,9.7319
311464176,343.46732,1.843151,5.2205
265939408,336.97397,0.23353311,9.1503
265939253,336.89722,0.6728423,8.883
176061842,336.9331,0.043935202,9.63852
265938797,336.95663,1.6573273,7.86045
272101768,338.02487,0.39524898,9.0487
293158363,339.0519,0.14515623,9.9862
293194733,339.17563,0.39372438,8.9556
250323823,340.61197,0.027898021,9.5182
250323800,340.4062,0.114372335,8.0427
293194539,339.0696,1.0850886,8.60576
271998097,337.45105,0.17447676,9.4172
271998263,337.44827,0.75754446,9.8805
271997666,337.25552,1.3054724,9.51859
293194313,339.10422,1.6452436,9.9526
250327460,340.67737,0.07100884,6.79567
293194746,339.16675,0.36404276,7.62427
421992845,340.3362,1.7825707,9.83322
265938615,336.99368,1.9689695,9.2819
272101765,338.0729,0.40038866,9.64835
265918597,336.6709,1.7746867,9.8191
318480808,340.2603,0.8767839,9.5689
272070012,337.84485,0.23265937,9.22325
271994526,337.22107,1.3288107,8.4452
293218807,339.32712,0.8275263,9.3531
293195091,339.22092,0.6916951,9.7199
265939531,337.09036,0.37781113,8.8817
271994443,337.20538,1.0351737,9.9897
293195155,339.23636,0.87850773,9.7168
265911941,336.31927,1.3773978,4.61358
265912084,336.30124,1.8771331,8.3945
265915733,336.63644,1.3544284,9.1659
311550477,343.96594,1.3470805,8.9191
311550478,343.94684,1.3499001,9.4814
293106026,338.42145,1.1928449,5.6715
265914792,336.4286,1.8744007,8.5847
293106488,338.52576,0.23587655,9.40832
293106351,338.34607,0.2697001,9.1602
293105789,338.448,1.859876,7.4557
311550369,344.02777,0.83744556,9.8229
421998089,340.79242,0.3543233,7.88724
271997555,337.2744,1.6633806,8.82906
272005451,337.46146,1.6515802,9.59425
272005345,337.4118,1.2938433,8.52541
265791464,335.54507,1.6262724,9.48833
265791516,335.55225,1.5575289,9.89552
265918994,336.70663,0.49957132,9.906
265838322,335.79456,1.159448,9.75959
265838844,335.86505,0.6086147,6.7724
265838955,335.91364,0.9822935,8.98615
265918935,336.71634,0.7202116,7.8884
265919013,336.75854,0.44571698,9.897
265932882,336.88776,1.1888297,9.07457
265858510,336.10425,1.1906116,8.9678
265858395,336.13055,0.847704,8.7122
265858561,336.08365,1.3710635,9.9701
265857725,335.9853,1.4260646,9.2673
265858004,335.9315,0.5574521,8.10592
265857994,335.94617,0.5874701,9.8299
265911202,336.22028,1.2595677,9.01143
265835257,335.60425,1.79363,9.9645
328032508,9.943004,1.3013848,9.8943
310933461,346.45352,0.19029382,9.3165
310934271,346.36478,1.7626357,8.1176
262809543,23.645601,0.23262684,6.7585
310933935,346.36768,1.1242723,8.40364
262809788,23.703606,0.9447661,6.3818
257393049,12.028722,0.8450938,9.7157
257293079,7.3491454,0.1046047,9.4445
257293086,7.291618,0.04072441,7.8723
257395151,12.600413,0.3161518,8.6332
328085031,14.087697,0.3961119,8.3465
38381059,3.2201054,1.4022398,9.646
257393153,12.055144,1.3844169,9.8828
257394792,12.160696,1.6320213,9.1307
257395052,12.138421,0.38205552,7.5836
257394938,12.1834345,1.0133803,9.20157
344754922,16.46062,0.3438205,7.8915
344297375,22.787823,1.6581668,8.93472
344754970,16.497757,0.5994098,9.1925
333640550,13.251385,0.11459993,9.2406
407588802,11.112057,0.5251145,8.2321
399673145,20.094313,0.37221473,9.3432
468871678,6.2904835,0.9391419,9.6996
399672918,20.027668,1.7640095,9.69786
468869782,6.072274,1.5561484,7.19
468871473,6.169729,0.21009247,8.9105
344279424,22.191927,0.71167535,8.6904
293361913,5.2416434,1.1917992,8.44857
365005192,16.784657,1.8710526,8.8401
365005467,16.795506,0.33307597,9.5615
365005475,16.802248,0.2807157,9.98
257218613,12.283519,1.91779,8.9588
257202349,6.512676,0.4375475,7.6896
257202219,6.5503798,1.1642919,7.6794
365005345,16.832985,0.9519791,9.7356
293361880,5.257166,1.0027138,9.7332
272157589,9.394389,1.7270567,9.62958
365005367,16.817612,0.8560581,9.1736
257218452,12.356009,0.99662966,9.8084
365005268,16.803589,1.355181,8.24797
257218319,12.3251705,0.26663902,9.67443
248385140,18.930346,0.01766985,9.0783
269504711,13.888277,0.019583585,6.7429
328084792,16.929502,0.7573703,9.1025
344281428,22.455559,0.58054316,9.4457
293504455,27.85623,0.8210272,8.6552
293504493,27.756992,0.5876299,9.4896
293504322,27.859486,1.4158616,9.50729
318716008,8.967314,1.6235607,9.21623
257569452,11.507414,0.5161635,9.15391
272146723,9.174318,0.78145695,8.408
344587685,13.318891,0.8080344,8.9894
257245504,6.7051077,1.0343351,9.879
257436497,14.716438,1.5957435,9.05098
344587797,13.291614,0.16969737,9.9738
272146736,9.166754,0.7109642,9.837
388814760,18.543737,1.4979341,8.3782
427317838,2.21768,0.6924661,5.9479
293258758,2.0648053,0.67437816,9.6355
344658923,14.844001,0.7859883,8.0369
293283277,4.164262,1.8506067,4.5447
293283284,4.2029343,1.8346528,8.5797
272158252,9.488211,0.4376084,8.7926
257428779,12.548773,1.207843,7.5706
344658925,14.847131,0.77876604,6.2791
293258831,2.0282383,0.9509551,9.1383
293259005,2.0354779,1.7473183,9.2263
344659408,14.98737,0.6739028,9.62424
429051305,25.158934,1.9143208,8.1433
293258784,1.9820964,0.7908954,9.3371
344773831,17.246702,0.59590256,9.2582
399702810,20.719645,1.1724398,9.20138
399702910,20.653973,1.7263327,4.7739
399702914,20.736673,1.7406257,9.8539
344773698,17.255625,1.392369,9.5606
420047279,35.922623,1.1387054,9.5453
422916123,38.426304,1.8302388,9.7433
328032397,9.948624,1.0127414,7.7283
388766661,9.61174,0.20971707,9.1268
344625835,13.475441,0.33347338,9.2452
344626066,13.702907,1.1008083,8.3062
344774131,17.437424,1.2252876,9.17937
399702497,20.511305,0.6230533,9.0579
399702726,20.709562,0.71205425,7.6014
399702837,20.677778,1.2815495,9.4642
344625640,13.545136,1.4622422,9.1407
344625787,13.515127,0.65675914,9.6794
388797154,13.075898,1.0248799,9.3072
427332476,5.8255258,0.16370791,9.057
427332480,5.7215476,0.17662139,8.5983
344717344,15.807651,1.0482378,9.0396
388778908,12.867422,1.9028763,9.0953
293283708,4.368327,0.3194589,9.3244
388777703,10.739943,1.2927897,7.7438
58734571,3.7071147,0.24007297,9.4425
293283588,4.159724,0.39289707,9.6472
388777719,10.700899,1.3974156,9.3249
388777806,10.744566,1.8266906,9.6967
388777788,10.733536,1.7599277,9.1535
293283762,4.3325315,0.58985806,8.38012
380941335,19.199125,1.9014976,9.30917
58734758,3.6523495,1.296838,6.5806
293283710,4.369876,0.32123584,7.3116
293283510,4.206461,0.77172554,9.47722
388777619,10.718988,0.85241276,9.60293
248957223,21.649118,0.026512997,9.8324
422840726,10.101258,1.1344907,7.60589
429051149,25.109457,1.1057773,8.2424
422840656,10.178032,0.7662495,9.5588
272144982,8.988633,1.3518627,9.2148
272144991,9.064874,1.3893538,8.2488
293284068,4.2798624,1.8920623,9.8564
429051239,25.150915,1.5912865,9.9219
270372475,32.433277,0.7970466,7.7217
422653294,28.991163,0.77328116,9.81925
293284025,4.3199863,1.7325437,9.3267
257569257,11.480908,1.5121894,9.542
318718284,12.396237,0.5881694,8.5036
257590202,11.720243,0.37688515,7.96164
429051032,25.213839,0.41040227,8.3197
318718211,12.445333,0.25948027,9.18536
318751563,12.474518,1.6702617,9.2427
35665516,23.75841,0.019380167,7.3442
344717835,15.945097,1.5818391,9.3054
399735515,21.56779,1.255287,9.34898
257558586,11.402987,1.7082402,8.1268
399722699,20.810236,0.57598555,8.2892
399735573,21.515612,1.1275202,8.6153
422913331,38.246643,1.6641296,7.6584
388766444,9.597923,1.5032834,9.981
398569902,15.25547,0.0154156145,9.7373
422846739,37.05122,1.641599,9.9341
293359148,5.00425,0.99126977,8.9703
344242814,22.018925,0.44678238,9.2172
399723119,20.860355,1.7498965,9.22599
419941687,30.662073,1.2820983,9.0063
422680053,29.975632,1.1451478,8.8697
422651017,28.76302,0.6693089,9.29689
344717624,16.00844,0.52888787,9.6725
422650863,28.831045,1.4606235,9.76615
344770349,16.552101,1.9504966,8.35843
420051595,36.40748,1.2256596,8.4517
427317722,2.2055132,1.2542436,8.0587
344770435,16.571798,1.4482858,7.8519
257430768,12.642556,0.4952779,7.3738
399722889,20.887453,0.61819136,9.577
420051560,36.340656,1.3741252,7.7919
420047796,36.082283,1.9122214,9.9952
420052111,36.509956,1.9126986,9.6116
420051515,36.346584,1.5876615,8.5499
344770385,16.521467,1.7064142,8.8915
420051632,36.36395,1.0578308,9.4752
257431023,12.85905,0.909947,8.30018
293359113,4.991753,0.8699861,9.42352
344242831,21.963041,0.61179024,9.64745
422680634,30.05574,1.9409696,9.4888
257558320,11.295673,0.25328684,6.4778
388766534,9.700598,0.9463641,8.1721
388766485,9.605752,1.2779875,8.44964
388766579,9.668034,0.65388376,9.4803
399722516,20.794285,1.511389,9.9727
399723151,20.904905,1.9017318,9.40811
344717788,15.950027,1.3656307,8.7736
344717790,15.954284,1.3668472,5.853
257468647,0.16292761,0.22293322,6.9644
257468809,0.14341712,1.0662153,8.0963
257468409,0.026666943,1.3319579,8.4789
257468980,0.13484374,1.9556609,9.5905
257436173,13.123371,0.43542826,9.6023
257435869,13.1090765,1.9868522,9.4137
257468504,0.11809763,0.7361815,9.8035
58713977,3.0412667,0.27625784,9.4638
257468602,0.11556779,0.2050585,8.79395
257436049,13.115849,1.0990151,8.9012
257468419,0.038559154,1.2894914,9.69708
420051459,36.416885,1.9801291,9.9396
427327558,2.3668203,1.2440383,6.2424
344755099,16.409475,1.2010105,7.9537
422632053,28.719948,1.604236,9.8729
422631996,28.613964,1.2695537,8.9231
369481062,23.39094,0.46288353,8.1494
369481090,23.33702,0.29316318,7.8228
369481465,23.5123,1.9792502,8.1099
422631983,28.630903,1.2153207,9.2953
369480833,23.29165,1.7318364,9.048
344299486,23.027979,1.6595631,9.5588
344299442,23.034056,1.3417307,9.4048
344299310,23.029264,0.6233945,9.14386
422632069,28.618471,1.6619215,8.82342
369480832,23.317974,1.7328129,9.96573
257522631,0.91238314,1.5861388,8.1843
257522426,0.9597492,0.61800975,8.6188
344623863,13.375831,1.2339412,9.2441
388814799,18.523169,1.6838928,8.7233
388814618,18.487648,0.826298,9.8483
399733220,21.264563,0.26904893,7.9813
420016452,35.453964,0.9700268,5.7631
388777326,10.345106,0.7092095,8.6826
388777443,10.429115,0.11229035,8.91992
328084650,16.93366,1.4134306,8.0384
420014655,35.266685,1.0314338,7.9426
420014820,35.31591,1.8152304,9.9781
262809052,19.726831,1.9815974,8.4158
257522451,0.9607672,0.7756646,9.6473
344623987,13.411385,1.9095697,8.53995
293361535,5.118211,0.51966655,9.2445
388777133,10.391661,1.7479535,7.6358
399732990,21.333778,1.4608577,6.7953
420014785,35.26709,1.6238341,9.35652
293361638,5.120585,0.12418188,9.1143
344225427,21.613804,1.1238087,9.71551
419999996,35.108635,1.5892781,8.2819
244137489,4.714662,0.070171215,9.03868
38272417,4.0763235,0.044061273,8.5781
422965305,39.09483,1.995534,9.535
388777271,10.362973,1.0104349,9.96295
257569907,11.55312,1.8685141,9.5476
344627954,13.755833,0.7895559,7.18436
257330220,8.050633,1.1881331,8.1956
257330338,8.12919,0.7135659,9.5251
399724916,21.035412,1.0082347,9.9493
344627935,13.7999115,0.9326507,9.4345
419999831,35.098064,0.5807517,9.9124
420047222,35.956776,1.5024108,9.8437
422884466,37.272224,1.5289854,8.7243
344719544,16.018827,1.5087527,9.03
293286598,31.62213,0.035357628,5.51454
270372544,32.375362,0.33446917,9.9789
270406741,32.86571,1.711091,8.3594
270406752,32.84467,1.6826857,7.4016
270407017,32.933735,0.22355357,7.2748
419994887,34.50601,1.7578094,5.0782
293468767,27.055138,1.8915637,8.4788
270406920,32.852448,0.69535005,9.62786
399694980,20.443869,0.7892938,9.61903
420033150,35.832184,1.8768529,9.6611
422847376,37.09549,1.48154,7.9574
270430277,33.544567,1.5533786,9.906
420033135,35.81372,1.8071313,9.57929
399694652,20.278015,1.0834715,9.7912
293469369,27.25141,1.3315331,7.1371
293469472,27.201979,1.8976358,9.36975
270407314,33.00284,1.4511303,9.6756
630437407,20.73679,1.7404548,9.8684
257304222,7.5645704,1.8723352,9.0516
257304924,7.722986,1.6150291,8.8684
419955561,30.795712,1.7403905,9.5029
419955638,30.77936,1.3639598,7.8087
419955823,30.885128,0.3258397,8.9929
419956070,30.948463,1.1640745,9.8809
419956151,31.012165,1.5992765,7.8535
419956179,30.960808,1.757304,8.561
344719704,16.073164,0.61534184,6.7956
419955592,30.88952,1.6101959,7.1873
419956123,30.944176,1.4749854,8.584
344719887,16.183132,0.4818843,9.0433
344720077,16.20118,1.5877519,8.5515
344719838,16.154327,0.24527241,9.79285
344720026,16.147013,1.2849069,8.94721
419955595,30.860144,1.5992674,9.45335
419955858,30.798542,0.12850784,5.2913
419956026,30.900936,0.90480727,9.0187
344301251,23.245367,0.12692837,5.6455
369493032,25.674131,1.2110587,9.1017
422945793,38.669083,1.9579523,8.7567
422651027,28.826565,0.6087078,8.62507
270379046,32.55271,0.49437475,7.3086
369492920,25.651838,1.7192223,9.7749
369493054,25.633434,1.0577427,8.6442
422651274,28.955847,0.9062904,9.30708
293361448,5.2216706,0.91783315,9.2828
344301395,23.248098,1.0213253,9.06008
344301319,23.220943,0.53124875,9.76172
270483927,34.292805,0.7879899,9.7233
422677666,29.796926,1.6123443,8.9663
406414524,33.418102,0.26363543,9.0722
422653719,29.16833,1.6360774,8.3942
293566040,28.595608,1.577685,8.97385
422677869,29.79307,0.50691456,7.94097
422677836,29.745155,0.71194965,9.93759
270465028,33.94694,1.6540867,8.71361
270478052,34.06835,0.34570125,9.4213
257247603,6.868858,1.8998718,8.8677
257247711,6.85785,1.398709,8.4904
365003566,16.62142,1.5752909,9.7337
293561403,28.335594,0.38740656,7.8616
270477967,34.09798,0.83274937,7.4091
419941810,30.694756,1.9382671,6.75391
270370117,32.15605,1.9296832,7.91461
270370109,32.15928,1.9715989,8.3742
270477918,34.088657,1.1176131,9.669
257322373,7.9856024,1.5104492,8.41835
293561409,28.326548,0.37313202,9.14822
270372320,32.423145,1.7061001,8.7784
419941788,30.770119,1.846636,8.0899
270370295,32.173958,0.9292078,7.97399
270477988,34.086452,0.70847064,9.5295
301034682,2.9194806,0.12208711,9.3179
270370507,32.303226,0.45914367,9.9768
380907442,19.617622,0.97076416,8.0301
380909751,19.082806,0.46555427,9.6303
293479070,27.502241,0.9863115,7.9948
422678284,29.867619,1.8388565,9.8659
293480812,27.586267,1.7877119,9.7409
380941026,19.277855,0.29824108,8.86913
344281374,22.449099,0.27585223,9.9993
388814290,18.338652,0.8764429,9.7361
270464674,33.90959,0.44482338,9.158
344281390,22.470753,0.37454593,7.0443
270464639,33.89101,0.67241865,9.0397
388814575,18.549477,0.6495408,8.5188
293504870,27.924433,1.4827627,9.3287
293504808,27.927877,1.2188041,9.4416
344281216,22.328957,0.9064165,9.997
388812003,18.340519,1.3989795,9.5366
2025239032,337.25342,1.2801878,9.2298
2025239216,337.25552,1.3046143,9.88912
364956673,5.943851,1.2219598,9.0837
364956799,5.8426623,0.45196152,7.6766
257571281,11.691857,1.9681704,7.4446
257571365,11.697877,1.5441021,7.92923
344242671,21.896011,0.58599955,8.1855
344714931,15.624409,1.6897731,9.8813
318718010,10.653068,0.9824463,9.9131
344242603,21.926765,0.98320943,9.6065
422677993,29.883831,0.23164576,9.4353
318717882,10.670553,1.695158,8.11679
318718064,10.678791,0.73629516,8.26565
344242752,21.849113,0.0577344,8.04761
293405902,5.652537,1.146418,9.711
344715052,15.572675,1.0127636,9.75378
419993347,31.430489,1.8878988,8.94362
318718019,10.673588,0.89309704,9.74264
344715272,15.743749,0.27550238,9.9562
364956659,5.898588,1.3148122,9.7819
344715281,15.729854,0.31450677,9.835
422692526,30.507397,1.8200936,9.7801
399673352,20.245428,1.2088697,9.3931
270345396,31.775116,0.35254666,9.4596
380943217,19.37105,0.73652846,9.9772
344772076,17.184582,1.6389068,8.1289
270345114,31.701258,1.4421256,5.6526
422675715,29.607035,0.75845,8.5386
328068313,9.99081,0.5203875,9.794
270345536,31.854921,1.1377215,9.1644
422692502,30.430742,1.9231187,9.6686
270431878,33.638752,1.9356838,9.8141
419997102,34.701466,1.9671682,8.2023
419997244,34.650135,1.191543,9.1884
344771449,16.9986,1.9930501,5.6602
380943033,19.331232,1.8412558,6.1347
399735753,21.551458,0.64431804,9.0126
270431925,33.654102,1.6775991,6.2588
419955880,30.999283,0.13285986,9.3944
2052829246,344.82657,0.17710347,9.2233
422688794,30.267878,0.92000794,9.1205
344772038,17.135132,1.4646219,9.3966
419997232,34.6941,1.2544354,9.30325
419992982,31.329716,0.32284334,8.0437
344661460,15.056067,1.7177877,9.5589
344816336,17.583666,1.8369093,9.6458
369491325,25.433384,1.9092314,7.5436
270345177,31.696655,1.1492101,8.9993
422688997,30.18486,0.36290857,9.2746
422689517,30.414076,1.3431495,8.06847
419993157,31.452412,0.82608205,8.1519
269592004,16.039404,0.016648488,9.1181
293406276,26.226822,0.74836695,9.7727
293566315,28.549849,0.09235087,9.971
344816339,17.563562,1.8174224,8.772
422631844,28.622053,0.49354365,9.8666
369491100,25.373219,0.70692116,9.6215
293406248,26.271133,0.65546334,9.3108
293458324,26.899445,0.1552385,6.87489
344661545,15.089276,1.2853495,9.2776
262819551,23.780922,1.7563223,9.1149
58721113,3.1469193,1.8044474,9.9829
293458254,26.889593,0.5200176,9.6758
293518771,28.198986,1.7206172,9.87087
422655370,29.282011,1.6780418,9.3339
422675485,29.46371,0.7383813,9.47738
344712699,15.380915,1.463869,8.6656
344713034,15.479216,0.41791162,8.8141
270416609,33.30969,1.1224141,9.15741
293518685,28.157597,1.2572379,8.13852
262819644,23.834036,1.2806047,9.6427
262819883,23.966385,0.10454408,9.1459
262820103,23.982561,1.2751287,7.79675
422631891,28.709854,0.78378177,9.13853
2052854233,340.00256,1.2095888,7.8355
422890390,37.81924,1.5155599,7.3203
388816797,18.63191,0.15234144,8.2515
344283637,22.733948,0.8928154,9.088
344297310,22.761702,1.3188013,9.2441
58721219,3.074737,1.1667289,9.9888
270345069,31.71696,1.6789273,9.89562
420001714,35.19197,1.4027458,9.0541
344283272,22.63094,1.3589926,8.45492
422916900,38.522934,1.7316415,9.6642
429033097,1.2750584,0.73004645,6.9185
257487620,0.36507806,0.3015921,8.3236
257487710,0.40162247,0.23595731,9.5984
380886593,19.524546,0.6326079,8.8295
257569442,11.477412,0.5794066,6.82845
257332582,8.275097,1.7445813,8.6997
257332774,8.340638,0.8525014,9.3573
293342927,4.8591547,0.20385337,9.1239
293343040,4.8227015,0.6318334,9.7434
344754544,16.328594,1.8898422,9.5576
336893690,18.160864,0.76607305,9.9202
293342786,4.7293477,0.51010823,9.9885
399671028,19.928528,0.10578483,8.3411
336956934,18.899097,0.40168363,9.5465
369493479,18.760918,1.1651628,9.3503
257193139,6.35868,1.369305,7.3486
257342862,8.461831,0.52265054,9.5473
318706889,8.599142,1.0026827,7.7082
318707119,8.696985,0.09726551,9.0074
318707252,8.723222,0.83077294,8.2818
318707342,8.628512,1.2285327,9.7863
369493491,18.767504,1.2340264,7.8697
318707483,8.6349745,1.8803518,9.8718
336956804,18.876976,1.0446107,9.3583
293342916,4.7932177,0.17101055,9.8368
336893526,18.130201,1.6493756,9.185
336956726,18.890793,1.4539181,9.21083
336956836,18.898539,0.9124558,6.62214
293343013,4.8193083,0.5205741,7.5294
336893636,18.131449,0.98116046,7.8671
429033018,1.2646673,1.0377083,8.18363
318707460,8.731373,1.8141257,9.66885
380886682,19.427341,1.1518143,7.84302
257487686,0.4913864,0.12857595,8.763
257342916,8.427242,0.7638925,9.8028
293304772,4.448745,1.6887293,5.38078
293305236,4.5130897,0.4804261,8.3398
293305274,4.5150537,0.61665356,6.1454
272146525,9.201167,1.855594,8.3341
293456091,26.677076,0.19483827,8.18238
293305254,4.58788,0.52438724,8.8323
293372476,5.4084554,0.66620356,9.8877
293433847,26.498247,1.6318775,9.7314
293372432,5.451318,0.91718656,8.9059
293304691,4.3931956,1.9770235,9.468
293456246,26.751291,0.9823064,9.3621
293305075,4.477746,0.37782487,8.3299
293305337,4.503997,0.87364966,9.982
244166874,5.954752,0.12189969,7.8124
388766918,10.210504,1.1737217,8.158
293258440,1.8754444,0.8800468,9.4704
369553628,25.945467,0.9024594,7.05595
369553846,26.151724,0.33698976,8.0393
369554145,26.148006,1.9734583,7.651
257501680,0.5940283,1.226693,9.6207
399724900,21.057383,1.0625082,9.5411
270416241,33.170975,0.6101589,9.2798
270464387,33.865387,1.8337693,9.1325
270478132,34.17933,0.2666407,9.9943
344225838,21.721464,1.2976558,9.3763
257501958,0.622961,0.39152843,9.1771
388810222,18.196262,1.5022105,9.0425
419995026,34.4124,1.1221633,9.5118
419958002,31.032215,1.0382264,9.5199
293258348,1.9135342,1.3466392,6.1168
270416098,33.158455,1.4432417,9.3375
257290687,7.189953,0.7671519,9.5821
257290825,7.2274694,1.3852178,9.764
369554049,26.103111,1.3913139,9.23709
369553544,26.061188,1.3897437,9.73602
257558202,1.4385906,0.58258754,9.9642
257558242,1.4327061,0.300511,9.6912
399724892,21.043108,1.0929747,9.9156
399725055,20.992577,0.35244542,9.7241
427332402,3.9324474,0.11799577,8.4943
262846131,24.625246,1.3612053,6.0582
293256256,1.7830431,1.0464824,9.60091
293256435,1.7181517,1.8610271,8.5166
293258274,1.8310354,1.6650761,8.3585
257524979,1.1928082,1.5368922,7.8345
293258397,1.9166687,1.094206,8.1029
328068776,10.47513,1.7980193,8.1989
241444490,24.968351,0.080026716,9.9965
262840487,24.407204,1.3867109,8.8373
344630680,14.415235,1.7856131,5.8896
328068628,10.509494,1.0236427,6.4591
328068636,10.528001,1.0634602,7.05847
262878286,24.881369,0.94805694,7.9388
293256180,1.827036,0.6927249,9.9842
262845999,24.624756,0.6515892,9.54886
262878194,24.96787,0.3558712,9.9704
262837965,24.116175,1.2223777,9.17336
262838412,24.20632,1.447177,9.0107
262878239,24.8546,0.6121238,7.35853
257501838,0.5269896,0.41534188,8.7253
270416253,33.08689,0.5385175,9.44958
419994998,34.425602,1.2743524,9.19683
388810146,18.256212,1.0784013,8.1206
399725075,20.991856,0.2594592,9.65615
270432324,33.79003,0.72017974,6.67946
270464383,33.824715,1.8657801,9.7314
270478361,34.160812,1.6015337,9.9542
257501822,0.54657155,0.4732796,9.7784
262838069,24.061636,0.54185873,9.7508
262845713,24.545834,1.2046459,9.3645
262845719,24.578745,1.1557041,9.4498
58733658,3.4482324,1.3835877,5.7352
293458185,26.84033,0.8122201,6.7932
293458434,26.920113,0.4289497,9.7184
293469046,27.07105,0.45215368,7.1303
58733136,3.393546,1.4967687,9.6684
293469018,27.137346,0.617568,9.2166
380907792,25.45916,1.0941819,7.8446
293433601,26.479599,0.2336426,8.3043
257392772,11.271201,0.60840774,9.8881
369495257,25.015808,1.576447,9.6195
336957199,18.942322,0.9387228,9.0005
369532950,25.264084,0.9190717,9.6383
257392565,11.2703905,1.7855214,7.1188
58733648,3.4680257,1.3159007,9.48422
272124780,2.8014815,1.2649938,9.3386
293458138,26.87471,0.99124765,9.76457
344300996,23.077213,1.5720437,7.884
369495198,25.074848,1.8559527,9.0594
369495686,25.321892,0.7426276,8.34982
380907942,25.484108,1.9026089,8.379
369534101,25.929966,0.7289467,8.90264
380907798,25.538233,1.1198272,9.4765
293433342,26.359838,1.4179834,9.8863
293433645,26.488554,0.45964715,9.46813
293458074,26.859947,1.3522897,9.44802
293433463,26.375355,0.7245708,9.6462
58733660,3.4322317,1.3914988,9.97895
611064061,0.696564,2.130152,6.7599
630386266,30.757137,3.3586705,6.274
610898163,8.763539,2.1577194,9.9051
630444540,22.281595,3.785308,8.8131
610901980,12.475324,3.6597047,9.6539
419942117,30.757137,3.3586705,6.274
344715666,15.689331,2.2281575,8.8547
610796719,15.689331,2.2281575,8.8547
318709141,8.763539,2.1577194,9.9051
318751934,12.475324,3.6597047,9.6539
422965379,39.014908,2.374302,7.976
262819255,23.780499,3.350759,8.021
344279974,22.281595,3.785308,8.8131
257502302,0.696564,2.130152,6.7599
611064060,0.6966757,2.12973,8.5034
421991047,340.146,2.297792,9.7737
293157452,338.87424,2.5617678,8.3845
422524908,352.1252,3.5647228,9.3759
293105584,338.38098,2.446281,9.052
262591858,348.48785,3.4302285,9.5787
262592191,348.39938,2.2283666,9.9189
293307675,356.26538,3.775107,9.691
422752017,358.43652,3.272785,8.173
318944412,42.719975,3.314698,8.395
422898450,37.92754,2.73906,8.233
336956561,18.864023,2.270667,9.137
293457646,26.809027,3.765401,9.995
328030874,9.805289,3.133924,6.738
262625910,348.75293,3.9441957,9.09614
262626258,348.64963,3.3298995,9.6283
262623224,348.54803,3.4639277,9.53987
262629278,348.77338,2.1546152,9.5788
293198190,339.33417,2.8341212,9.6758
422692085,30.513226,3.9403124,9.3266
422690313,30.411982,3.6840312,7.87631
257593119,11.912431,2.9931488,7.8787
257593145,11.946801,2.9041724,8.0802
328224758,43.241283,3.5539482,7.1013
522415725,30.511393,2.7637026,4.9703
272157440,9.411472,2.094811,9.4934
272157314,9.46111,2.3945446,9.3583
293223798,1.6677688,2.105329,9.4723
293220579,1.4659088,2.7643225,9.656
293220597,1.5845786,2.7855802,8.3326
293303356,355.96478,2.6853871,8.6455
293303205,355.96732,3.4292307,9.0096
419902416,354.59384,2.0329795,8.7516
293303172,356.00735,3.537449,9.8473
419902022,354.68033,3.7031941,9.6546
419902103,354.69043,3.3866234,9.2313
293340820,356.598,3.4868128,2.2574
293341099,356.5591,2.0924635,9.0222
419902008,354.6087,3.7415535,9.30872
419902354,354.6131,2.2505143,8.27753
293356360,356.7443,3.7555957,9.6053
422843546,359.96432,2.5077472,8.8819
422442893,350.9092,2.9323823,9.7224
344655593,14.598617,2.5993657,9.24828
422442685,350.9127,3.7014217,9.2453
344657789,14.91096,3.9779973,9.0628
422443021,350.85837,2.4567287,9.284
422618843,353.94266,2.0745337,7.8361
422619142,353.96918,3.2281132,8.91797
422753446,358.58115,3.6778574,6.34463
267209100,356.03958,2.1460564,7.4039
422753136,358.55325,2.2549417,9.4514
262750147,350.2098,2.4553416,9.8417
422619313,353.88788,3.9209058,9.7677
422725508,357.66107,2.6368148,8.9614
422594627,353.38403,2.6567779,9.4298
422788596,358.94952,2.7355342,9.4096
267216466,356.4083,3.8553984,9.0745
422752016,358.436,3.2734196,9.78291
422725554,357.73312,2.30019,9.9623
419918755,355.02164,2.8684554,9.22976
267216276,356.45715,2.8970785,8.8767
267216147,356.4015,2.1714659,9.86519
293309134,356.3899,3.272699,9.8538
293307999,356.26794,2.0914059,6.83597
293308933,356.2864,2.3001573,7.6204
422829556,359.19128,3.741685,8.31806
293307674,356.26392,3.7751224,9.77413
293307676,356.2446,3.7709405,9.64872
419934362,355.21207,3.6271787,9.1293
293357473,356.83237,2.8891659,7.0199
262727499,349.9268,2.304974,8.008
293357511,356.84616,2.749967,9.0528
293358690,356.97504,3.1296778,9.87938
422829413,359.2609,3.0261767,5.8514
422829420,359.27405,3.071055,6.56018
422740477,358.1086,2.3895037,8.21826
422829404,359.28424,3.0029194,9.22503
422830806,359.35132,3.009918,7.2407
422835344,359.59836,3.570795,7.7513
419882922,354.3702,2.1387522,9.45148
422835641,359.60092,2.2980216,9.70389
419882680,354.37988,3.1547844,9.82153
419938377,355.6695,2.383817,8.4568
419938197,355.60406,3.365834,8.5862
422459045,351.207,2.909538,9.93697
262748283,350.0103,2.0816917,8.8064
262749819,350.11652,3.8259692,9.52293
419882634,354.45468,3.3702352,6.873
422784782,358.60605,2.4639118,7.93197
422835339,359.65866,3.6089706,9.77151
422835643,359.58673,2.289365,9.03977
422835679,359.61026,2.1344142,8.9365
262750146,350.21017,2.4563475,7.33748
422603731,353.53964,3.9909344,9.42821
262784519,350.4338,3.0603836,6.8337
262786182,350.51547,3.6006918,9.0467
422787382,358.83817,3.2396939,7.1142
262785894,350.53583,2.4860058,9.5347
422787320,358.88507,3.5014443,7.0442
422787512,358.89926,2.5058346,9.5498
422834121,359.464,3.1484265,9.862
293358472,356.93185,2.030529,9.4432
2053152543,358.60556,2.4639075,8.9376
262583216,348.08414,3.0425143,8.3166
262583358,348.04333,3.5666208,9.23293
262583373,348.15097,3.6179595,7.4954
422739061,357.991,2.9303858,4.1476
267217374,357.3041,3.5285919,7.7564
267256125,357.4641,2.0335255,7.9851
422726500,357.77832,2.2378507,6.00866
422739017,357.9896,2.67819,9.63914
422785872,358.709,2.2816808,9.31379
267255100,357.25482,3.1811702,7.5438
267256469,357.45822,3.6421287,9.615
267256327,357.3829,2.9897256,9.1062
267255253,357.3022,2.4012232,7.10284
422738984,357.9931,2.5491352,9.72479
422789925,359.10983,3.5722487,8.3809
419935670,355.32578,2.4676158,6.2207
422836841,359.71744,3.1827447,8.5465
293369972,357.1387,3.7372034,8.98394
422752139,358.4177,2.731151,8.40638
293369666,357.2057,2.2144132,6.0123
419903644,354.76117,3.378922,8.87291
419917395,354.93283,3.5126593,9.4673
419935433,355.32645,3.63011,9.63985
293369798,357.1952,2.9094439,9.50556
293369898,357.19073,3.4538326,9.7344
419903670,354.7145,3.510803,9.48046
310845397,345.73224,2.2231493,9.3055
422605358,353.61856,3.2781045,8.25607
310780698,345.01422,2.0868938,9.885
310918313,346.213,2.5339944,9.2407
422788838,359.05392,3.950789,9.7503
310780602,345.0581,2.4069338,8.8436
422788756,358.99368,3.543479,8.21692
419932773,355.0909,3.6827667,9.9512
293368767,357.10532,2.5315192,9.7346
422724148,357.52396,2.8771725,7.6676
310999889,347.47412,2.104781,9.96761
293368663,357.0105,3.0818963,9.6556
293368631,357.12238,3.2341576,9.7783
422724164,357.59106,2.9631274,9.99169
262690020,349.21216,3.9454758,7.0382
262690256,349.16574,2.9035132,8.51183
422617879,353.8464,2.2253275,7.752
262690188,349.13782,3.2281811,9.32459
419900738,354.57962,3.1973715,9.32517
422457422,351.14468,3.714336,5.4018
327951513,355.89737,3.929404,7.9279
422631275,354.287,2.2969437,9.94238
422457421,351.0686,3.7155159,5.6165
422457687,351.14975,2.609843,7.8294
415966360,344.76886,3.1625116,8.6514
422457423,351.06708,3.714248,8.8691
293358568,356.93753,2.4621809,9.4282
422592014,353.1815,3.2121944,9.4312
422592052,353.22696,3.3816626,5.8532
311463320,343.42712,2.0095842,9.3195
262727224,349.91855,3.3713036,9.71766
422591966,353.21252,3.0037491,8.8931
422058483,341.56235,2.2626104,9.59966
422439883,350.6029,3.6061223,7.6238
422786213,358.8139,3.800131,9.8386
422553477,352.84235,3.2834618,9.2595
422784499,358.63025,3.7108414,9.5809
422553703,352.77762,2.3633757,6.7449
422439855,350.68396,3.7400723,7.1836
422786111,358.7463,3.3289316,9.5225
422631078,354.26968,3.3364851,8.3091
310853387,346.0772,3.5429015,7.70106
422630949,354.22937,3.952879,9.1777
422631048,354.2989,3.4865677,8.362
310853458,346.02185,3.2932742,6.9796
422589303,352.9746,3.430465,8.473
422629660,354.09702,2.1022203,5.2275
422631019,354.2237,3.639128,9.6225
422753153,358.54507,2.309992,9.69503
422753154,358.54553,2.314055,9.0761
422753175,358.54044,2.382232,8.8152
422829526,359.31046,3.587551,9.7677
419939633,355.72525,3.2807403,9.965
422594588,353.37665,2.405453,9.4872
262784329,350.39832,3.9051006,9.6455
262584603,348.2712,3.8999863,9.0739
422605360,353.7163,3.294655,9.4768
422605474,353.6326,3.81719,9.7901
422605482,353.701,3.8508313,9.5868
262785967,350.51248,2.7591152,9.9235
262784339,350.3383,3.8453677,8.5648
422790141,359.15964,2.5095704,9.7107
422830589,359.40088,3.883806,9.9648
267256127,357.43878,2.0520751,9.5229
422726651,357.7355,2.9321277,8.5507
422788510,359.0278,2.191153,9.7202
419918588,355.01862,2.1837842,9.6566
422046496,341.40836,3.6311603,7.9514
310780595,345.0824,2.4382904,9.8931
257373247,11.265859,2.49362,9.3515
422457713,351.1016,2.5154622,9.9739
262750163,350.1678,2.3902357,9.3087
419938340,355.5665,2.621487,9.7875
262749966,350.16772,3.2227407,9.6338
422603728,353.50696,3.99603,8.7597
310852121,345.9692,3.8200443,4.6959
422551901,352.68472,2.0088038,9.1692
422552222,352.7392,3.3959079,9.6827
422617838,353.81497,2.4032495,9.4439
422552180,352.72726,3.1849225,9.75377
422095637,342.5689,2.236382,8.9476
262691441,349.32053,2.0683541,9.5724
422095302,342.49258,3.3490677,9.87886
422034999,341.04483,3.1404476,9.77234
262662856,349.1137,3.2153835,9.44789
310917083,345.97614,2.821039,7.1068
310851846,345.9376,2.6089056,7.21906
422484534,351.32956,3.2403264,8.4047
262568307,347.80576,3.1530247,7.70695
262568291,347.88956,3.0781295,9.9892
310978793,346.93152,2.1811574,9.6345
310979042,346.8516,3.1874158,9.5651
422590806,353.07724,2.3558948,7.9986
422590590,353.0936,3.3419645,9.6918
422059722,341.6693,2.4599402,9.2776
310978978,346.8643,2.8764706,9.132
262023585,343.13696,3.5522316,6.50817
422590653,353.1183,3.0401688,8.46378
422550916,352.6049,2.297071,9.0173
419933043,355.0816,2.430617,8.3206
293368593,357.07462,3.4626946,8.9585
310938033,346.69504,2.707507,9.7881
262725960,349.8434,3.8740063,8.7375
262782837,350.29694,2.1972914,6.5676
422620419,354.02426,3.151076,7.58768
422441354,350.72177,2.8183098,7.03827
422441378,350.7069,2.9201243,9.4486
311549328,343.88525,3.4776464,9.396
262590167,348.34906,2.6754408,6.5114
422076604,342.08673,3.1152327,9.9199
311549379,343.85968,3.242854,8.9128
311549521,343.8747,2.6392503,9.5024
262590323,348.29752,3.3611822,9.2897
422076412,342.0715,3.807413,9.76167
422620574,353.97916,2.4455507,8.37029
262590278,348.30508,3.157098,9.7915
310991334,347.17047,2.1278765,4.6063
422741532,358.28107,2.879562,8.4624
422505279,351.74695,2.1317885,9.4632
422836979,359.77878,3.77551,9.9666
262591900,348.51724,3.3100147,8.0318
422505365,351.68185,2.4783726,5.777
422741441,358.23993,2.4638934,8.115
422842603,359.806,2.144447,8.7367
419917377,354.9066,3.590646,8.3624
311462952,343.42392,3.6453476,9.4373
422741418,358.27872,2.3311138,7.5229
262592197,348.42102,2.2035732,6.7649
422079878,342.23422,3.5085876,8.2736
422047816,341.5746,3.779529,7.834
262748465,350.071,2.8323584,9.0288
310853297,346.07236,3.9129417,9.09336
422842321,359.90662,3.447354,9.4095
422842581,359.89618,2.2526705,9.6584
311549190,343.8908,3.9351907,9.7747
310990234,347.0581,2.9454436,9.359
310991368,347.16425,2.2612388,9.0647
311549184,343.83542,3.9457753,9.0197
422074621,341.90683,2.0382679,9.4462
422075135,341.91272,3.929411,9.4218
422061401,341.77893,3.752548,9.7102
262584907,348.1608,2.6862211,7.13
310990132,347.02902,3.3289928,9.125
422074958,341.9626,3.2232654,8.92374
310991602,347.1155,3.1443799,9.95087
422074870,341.87534,2.9046533,7.6647
262727297,349.9286,3.106118,7.7002
422741374,358.26984,2.0906174,6.30663
262691761,349.2914,3.2822864,2.8162
422044623,341.34067,3.6898713,6.60145
422044675,341.28705,3.4923215,9.1245
422044719,341.29315,3.3724394,7.582
422044933,341.27362,2.5961854,9.158
262591851,348.49973,3.4462018,8.2801
422593210,353.26987,3.813861,8.2081
262691817,349.2669,3.5072203,9.1704
262691907,349.293,3.8270466,8.9527
422486188,351.4884,3.9799957,8.1278
311550694,344.0068,2.1480837,9.7704
311550916,344.00525,2.8681486,9.9517
422046157,341.38486,2.2131717,8.7725
422593349,353.34567,3.0877528,8.9158
262691851,349.3145,3.6179502,8.6642
422485975,351.4827,3.0344365,9.9936
262591809,348.46368,3.585495,9.0717
422044758,341.36575,3.2316766,9.33283
422444184,350.98444,2.2947862,9.2789
262626510,348.75357,2.8651254,7.8262
262566716,347.72855,3.2983925,8.9709
310760700,344.6278,3.447734,7.6715
310842607,345.43158,3.5309079,5.6022
272101010,338.09085,2.586098,5.652
272101002,338.01892,2.6009605,9.5244
272102924,338.19244,3.005052,5.9815
422603891,353.49142,3.1857123,8.9378
422604148,353.59726,2.0009303,6.8846
310845545,345.62646,2.795733,8.492
310845676,345.69916,3.2843385,9.56101
422604090,353.56012,2.3015323,8.7516
422506916,351.88443,3.4380434,9.8652
422095314,342.5604,3.325343,8.9606
422034864,341.07858,3.5904355,9.87148
262662855,349.04156,3.210606,7.5802
262691448,349.33212,2.0862024,8.5305
422095441,342.47205,2.935104,9.3324
262661325,348.95325,2.9907587,7.5571
311519858,343.72556,3.3356378,9.1715
262622883,348.53336,2.8680243,8.9026
422115187,342.8832,3.7067955,7.9736
422098797,342.8055,2.8666975,7.7237
422036408,341.2112,2.1320796,8.4984
422113685,342.73395,2.126657,9.3435
422036535,341.2396,2.588792,7.8531
422036541,341.2338,2.61476,9.4374
422098664,342.82034,3.4027529,9.9303
310999525,347.50955,3.834018,9.7189
310998059,347.34387,2.1443863,5.985
310852104,345.86215,3.7295444,9.7885
422059631,341.7078,2.0995562,9.9792
310807703,345.3567,2.9802396,8.8252
310938000,346.62753,2.56846,9.8701
422620228,354.0816,3.9954715,8.86964
310936981,346.47568,2.166165,9.2479
419918930,354.9535,3.7266047,9.1244
422620526,353.99075,2.6848276,8.8158
310917145,346.03427,2.5557628,9.6905
422115043,342.91824,3.2005827,9.7841
422115174,342.85922,3.6397793,9.45
262629759,348.81662,2.9770648,8.8405
262659867,348.78104,3.5761223,9.3742
293119577,338.7724,3.1034915,9.1909
293119464,338.79822,2.8087842,8.11572
293119409,338.8012,2.6736012,8.44216
422078049,342.1084,2.232176,9.7814
422078408,342.16968,3.509769,9.9366
262037365,343.2934,2.795838,8.821
422419973,339.6219,2.298943,7.6023
422414814,339.63376,3.463725,5.8988
262725595,349.76767,2.2918823,8.8276
310977867,346.7595,2.0182445,9.949
262037662,343.27127,3.8082774,9.3764
310805873,345.20627,2.669781,9.89
310977869,346.81924,2.0159755,9.9249
262717724,349.70084,3.2466288,6.0907
310805963,345.17874,3.0118036,4.66331
311464271,343.44073,2.1770794,9.4437
421999146,340.95105,3.8149855,8.1555
311570828,344.3696,2.0163162,8.8339
310977626,346.76114,3.0522444,5.99811
262037501,343.19754,3.2782226,7.7964
310806119,345.18152,3.5810924,7.9911
310977810,346.74762,2.278754,7.8079
262037242,343.21457,2.356044,9.8608
311464422,343.474,2.7844465,8.80013
310977569,346.73474,3.2476003,9.8298
310977629,346.72354,3.034214,9.08932
262037279,343.27106,2.5064664,8.8694
310806020,345.1759,3.1860104,8.2297
310806059,345.1918,3.3436897,8.02548
311552599,344.14853,3.0315218,9.56847
310778962,344.88745,3.567475,9.19999
421997634,340.86942,2.088685,7.7947
421997637,340.78754,2.0855348,9.0117
272008039,337.55777,2.6900785,9.2604
422423430,339.82703,3.5474026,8.0015
422423501,339.8561,3.3432465,9.62873
422423665,339.88464,2.8215806,9.48354
422414784,339.59464,3.5742168,7.9232
293195900,339.27945,2.8747592,9.2499
422420036,339.57745,2.0787923,9.86939
311571086,344.3778,3.0488553,9.1542
422421328,339.7278,2.1226268,9.85419
422421443,339.73914,2.5223444,9.51426
311571307,344.3867,3.8102412,5.34392
310762069,344.65103,3.70485,9.6887
310759236,344.51056,2.0063202,8.4659
422081575,342.426,2.750847,9.8154
293105364,338.44696,3.11387,9.5586
262569753,347.92035,3.7341757,9.6742
422081423,342.3881,2.247593,8.3235
418997702,344.20633,2.5941806,9.63928
310758735,344.4546,3.965688,9.3307
422081620,342.42892,2.9208732,9.6304
422081703,342.367,3.242585,8.587
293105517,338.41656,2.6486316,9.67761
422438371,339.95685,3.2424433,7.1158
293107375,338.48474,2.7449827,7.5638
310758923,344.42606,3.2275689,8.77039
422081538,342.33963,2.5977764,8.0161
422081616,342.41574,2.8974583,8.91082
310758884,344.48932,3.4097965,9.9239
421994071,340.55273,2.9818702,9.44572
421994096,340.63284,2.9022667,8.82079
293105704,338.35666,2.109996,9.6832
293157587,338.9188,2.1860454,9.6915
293157439,338.89188,2.5940692,8.9521
421997350,340.77124,3.1783051,9.8798
422438076,339.98557,2.2944264,9.59045
421999162,340.96133,3.8868415,6.8847
272008230,337.58746,2.0417624,7.4056
421993815,340.53006,3.9560392,8.5898
421993900,340.57123,3.598483,9.20109
421993952,340.5865,3.37595,8.3966
421995772,340.75183,3.2116678,8.6708
421992356,340.3428,3.603725,7.374
421992410,340.37552,3.425753,9.79339
293117634,338.61865,2.4916153,7.9072
293117675,338.67322,2.363461,9.6668
293119222,338.7381,2.1685884,9.9839
293119196,338.79102,2.094045,7.9922
293117497,338.6615,2.8884523,9.80949
265933430,336.78775,2.0756133,6.9642
272101208,337.99338,2.0224195,8.2937
272005628,337.38852,2.2360756,9.94365
318480205,340.1653,2.7892413,9.42102
421992311,340.34113,3.7469323,8.0984
293196080,339.28217,3.3782227,9.8795
422414846,339.62384,3.3424287,7.8326
422419902,339.67084,2.5421484,9.6157
422412853,339.44012,2.4306576,9.4822
422412863,339.47827,2.4587634,9.9429
422414786,339.6341,3.5661993,9.2892
293159407,338.9709,3.1797717,9.87914
272008100,337.51562,2.4847617,7.8495
272009622,337.6343,2.313715,9.1481
318513529,340.46863,3.9942281,9.4952
271997285,337.26273,2.5329769,9.9471
318837973,41.307632,2.71503,9.2386
318837996,41.309822,2.6542897,9.3836
318944526,42.723763,3.8169968,8.4806
257502617,0.6962574,3.860416,8.1398
257393398,12.056495,2.7295172,7.8921
257503547,0.7391892,3.8550699,9.6555
257393356,12.050149,2.5416598,8.0255
38380758,3.2519796,2.9496424,8.141
257503709,0.7643757,3.0073001,9.8595
257503826,0.7594196,2.3576515,8.4801
257291244,7.1940827,3.3608732,9.9819
257502475,0.63780236,3.0843735,9.6186
257503609,0.7507633,3.5728984,9.1188
257393287,12.110185,2.131409,9.4118
38380662,3.271529,3.391665,8.69791
257503666,0.75629556,3.2618268,9.2354
257502510,0.6657055,3.3050427,9.7821
257503647,0.7431925,3.3819325,8.0779
272155133,9.306435,3.6998527,9.7329
257292651,7.362251,2.092441,9.88939
318885812,41.989574,3.7506502,8.9151
518406113,14.33618,3.314995,9.8012
344279940,22.28273,3.6093035,8.7698
344297465,22.72687,2.2212577,9.3605
468877413,6.2753024,2.8785288,9.9108
257219832,6.568727,3.8257515,7.0056
640038405,43.058006,3.8636255,9.1455
344773461,17.300985,2.7737129,7.0929
336585933,11.041446,2.4764793,9.7391
272158920,9.504017,2.5706031,9.3298
344720267,16.181705,2.3137157,6.21956
344716866,15.858305,3.2555685,6.2915
318716200,8.906777,2.3690202,8.7355
318967119,42.900787,3.7286494,9.6682
318967023,42.964043,3.3248854,9.81874
427330607,2.6746092,3.175739,7.6567
257218630,12.369266,2.019254,9.7459
336565930,10.870114,2.307838,8.51736
257218677,12.30754,2.2860231,9.1838
257218945,12.360538,3.7240422,9.09966
336565865,10.848531,2.5840912,7.5564
257201679,6.485794,3.9252877,8.24497
257201688,6.507631,3.8882542,8.56344
257218788,12.359874,2.8762622,9.07799
328066390,9.87525,2.7139688,8.9915
388795532,12.86333,2.4039748,9.8035
344625537,13.499016,2.031263,9.28015
388795529,12.869309,2.3934407,9.5949
344661224,15.146993,2.9341106,9.4427
610899878,9.808652,3.135209,6.7512
344716878,15.890517,3.2094336,9.9835
344659920,14.954964,2.5853746,9.9789
293373297,5.5678415,3.589885,7.9329
293373118,5.524799,2.7362688,7.1408
422840891,10.088198,2.0673583,9.0002
257219939,6.6557193,3.3507524,9.2893
468868971,2.7992153,2.7958212,8.3793
402025747,25.724113,2.5914147,9.5234
344720547,16.161263,3.83271,9.63566
272147383,9.29446,2.869449,9.4774
344720551,16.220999,3.8686523,9.07939
257569069,11.437217,2.487669,7.9271
257436676,14.760143,2.6586843,8.47253
402025599,25.777483,3.4723978,9.1061
293265657,2.0894773,3.907778,8.0806
293265767,2.0922916,3.4406433,7.0103
368644705,43.532665,3.936217,7.7901
344773550,17.258312,2.2401452,8.4009
344774548,17.404331,3.605534,8.7933
344774614,17.412146,3.9870145,8.9256
368644728,43.470924,3.8052523,9.7351
344774354,17.392433,2.4529092,9.8926
365249109,43.695282,3.5694256,8.2273
336566001,10.822762,2.0536277,7.65363
344279739,22.193312,2.4831603,9.3737
318805118,40.82515,3.2358131,3.4934
293265867,2.1168354,3.0131693,9.2982
344773492,17.302341,2.551701,9.0448
318885678,41.982773,3.1671937,8.8163
344225011,21.704834,3.272595,9.8074
344225201,21.699465,2.2598898,9.74
344283003,22.659664,2.881566,6.8897
257468196,0.09809128,2.675478,6.2915
257469255,0.16666014,3.336399,8.466
257435758,13.202417,2.4650774,9.6546
365004914,16.827566,3.3304715,8.875
422969365,39.41729,3.48265,9.3748
257469067,0.19714618,2.3849,9.07219
365004920,16.824465,3.2949576,8.95759
257468999,0.19326377,2.05227,9.5734
344712279,15.337174,3.8568416,9.99415
468870124,5.9876313,3.7609763,7.02588
468870928,6.139984,3.3741684,7.4278
407613513,11.138498,2.6045172,7.7868
344242077,21.894379,3.8776383,7.709
399672793,20.082619,2.4876804,7.4076
468870000,6.003119,2.996567,9.0403
399672678,20.050667,3.065749,9.1298
468870108,6.030905,3.6424253,9.9648
318931096,42.41054,3.8096054,8.9032
344242161,21.947264,3.4389064,9.6971
468877387,6.300154,2.744425,9.51284
257571221,11.692837,2.356854,7.9622
344658138,14.855246,3.0813835,8.54902
272159001,9.502295,2.7636495,6.7511
318706283,8.5313225,3.8089104,7.8844
318706589,8.5938635,2.4538481,8.76103
257429198,12.602117,3.3813615,6.513
318869992,41.869617,3.3209596,8.067
272158766,9.494747,2.1386025,9.9452
257430474,12.638364,2.0208588,9.4978
368643874,43.405895,3.9520993,9.7945
429051445,25.195723,2.7049212,8.08924
293282867,4.234098,3.691697,9.0112
427330760,2.6095066,3.95275,9.11959
422971931,39.653343,3.4432023,5.37469
422917336,38.62363,3.592761,6.8043
422972021,39.671074,3.111267,9.96289
422971910,39.663605,3.572355,9.9293
293360868,5.181856,3.4495087,7.0612
293284202,4.2603064,2.3714583,7.519
293284224,4.329816,2.4767246,8.1069
272159433,9.548587,3.98156,8.4119
272145253,9.022758,2.7662756,8.9613
429051634,25.178385,3.852974,9.8453
293284334,4.3397856,2.8818102,9.98349
293284198,4.338544,2.3473923,9.72213
422652775,28.97101,3.4092417,9.5903
429051620,25.187199,3.7391684,8.92018
293343568,4.8312135,3.0744336,7.824
293343708,4.8361363,3.688104,7.7041
344628695,13.941262,3.3069184,9.5714
336893239,18.101871,3.2200406,9.9281
262820364,23.894743,2.6447082,8.2475
369490393,23.63261,3.19122,9.5173
318812234,40.95768,2.8172166,6.80544
58719671,2.9868326,2.1977253,9.8408
344299595,23.02814,2.2194276,9.9226
262820486,23.98586,3.2534819,9.2565
422632456,28.632874,3.8305843,8.9947
369480767,23.323278,2.0357919,8.8376
369490492,23.604675,2.649036,9.5593
369490575,23.57724,2.1641865,9.4675
369533311,25.307293,2.6943364,9.6673
318867640,41.60466,2.9314718,9.3683
318968085,43.058197,3.8638842,9.2455
344755325,16.428772,2.477116,8.3812
369490526,23.531645,2.4463122,8.35473
262820383,23.976986,2.732367,8.7728
262820573,23.940205,3.7114213,9.6596
422916012,38.42176,2.2576282,8.8716
422914243,38.379578,2.365221,9.95182
257322518,7.9166937,2.2719095,9.6202
257322867,7.9890037,3.862377,8.27043
257323853,8.034959,3.4699054,9.00143
257330895,8.176989,2.1607187,8.53959
369533571,25.258636,3.9078834,9.9887
422632381,28.701061,3.3937333,7.2914
369533533,25.277815,3.713897,7.4398
369492571,25.608707,3.648778,9.3911
369492572,25.640453,3.648268,9.6015
369490578,23.586515,2.153836,9.8625
427327775,2.3714204,2.3040135,9.3087
318968111,43.04351,3.7464492,9.9409
336891094,17.946918,2.6432326,9.2565
336890960,17.866066,3.3775156,8.6008
270477546,34.09562,3.1029747,7.1364
270477701,34.118202,2.2381356,6.32422
419955342,30.840136,2.8316982,9.8312
419956265,31.014822,2.2852209,8.7897
336890023,17.830997,3.5110598,9.055
419958844,31.178017,3.4714658,9.4148
270406413,32.920345,3.4705162,9.6012
399704354,20.76994,2.622701,9.08906
257305404,7.7227097,3.8984067,9.2166
336890940,17.877758,3.4797072,9.30394
270477387,34.13265,3.9344494,8.53708
270477734,34.124718,2.0458264,8.05766
419955279,30.782627,3.1628513,9.18985
270406421,32.9309,3.4527113,6.4799
419940799,30.55261,3.4272873,8.274
422679684,29.954649,2.967515,8.9283
293359610,5.0397434,3.0335505,5.4845
419956302,30.989107,2.547087,9.4705
422849137,37.185627,2.5493555,9.5554
399723417,20.922531,3.314735,7.8154
344278728,22.123981,3.3106065,9.8814
399723514,20.881104,3.8883607,8.9831
422846343,36.997597,3.3277063,8.7782
422889403,37.67934,2.974416,9.7578
344713622,15.494551,3.2746606,9.5535
344713378,15.515115,2.0978649,9.5692
388800197,14.294066,2.775562,9.31568
344713570,15.524646,3.0361068,9.7233
262810538,23.754324,3.3069596,9.14781
344713409,15.51338,2.2303042,9.7232
344713559,15.46354,2.9800754,9.9226
344713467,15.498685,2.5259619,7.1312
258843220,44.553017,3.82807,8.71138
399723316,20.890377,2.7249653,9.79368
419940916,30.611376,2.8158543,7.6209
419941023,30.634941,2.3058193,9.8612
422679659,30.038164,3.0970147,5.3369
422849177,37.248726,2.3053343,8.4948
422885293,37.379463,2.189712,8.9921
422912866,38.16325,3.7385771,7.78405
293359384,5.0337014,2.000711,9.2731
388766254,9.6026125,2.4345465,9.06206
344278677,22.132938,3.6381884,9.1833
419940760,30.541464,3.6604788,9.54981
422948501,38.909603,2.060816,8.7702
422889349,37.75488,3.2533755,9.5081
268125612,32.656902,2.290865,9.4107
318754204,40.19725,2.89847,6.19047
318754273,40.216255,3.2325613,8.6951
420071637,36.514595,3.5321012,8.9511
420076713,36.8844,3.533566,8.6528
344770156,16.524067,3.2746708,6.1658
344770251,16.53303,2.6325197,7.9682
257431447,12.826351,3.3850245,5.48686
318753051,40.12125,2.7138264,8.7036
318803931,40.7003,3.184153,8.8366
420050290,36.257507,3.486849,9.4871
420051170,36.34267,3.6092987,7.8235
318812337,40.962227,3.4074447,9.063
318754095,40.316113,2.3196995,8.7375
420071611,36.53776,3.3148224,8.952
420073595,36.76877,2.4856079,8.1434
318786086,40.353977,3.3329003,9.5611
344770055,16.50503,3.8292737,9.0471
318786090,40.424126,3.324862,9.1836
420072538,36.62051,3.6258144,9.3727
420072815,36.59779,2.1331556,8.8645
318802674,40.63557,3.3738933,8.747
318786050,40.403873,3.4741538,9.4819
318754393,40.310837,3.8542814,9.4542
318786223,40.401573,2.5862596,9.87452
420071436,36.504417,2.2874327,9.61184
420071569,36.56925,3.0464842,9.88111
257431346,12.768498,2.7435842,7.0857
420073721,36.795593,3.1564062,7.7416
257431461,12.760062,3.4700377,9.14281
318787288,40.48916,2.8822775,9.1955
420048013,36.03091,2.965314,8.6644
344770035,16.524252,3.9976068,9.8322
427331937,3.9651594,2.702277,8.13734
427317404,2.2415726,2.9450092,9.725
420030938,35.56823,2.4533083,7.4719
420033496,35.752445,3.798579,7.04627
422890556,37.8754,2.2671833,4.15351
422915690,38.440742,3.7601402,7.6604
420000111,35.07029,2.1749706,9.9763
420014878,35.35297,2.051952,9.4572
337218489,39.806026,3.7182868,6.9127
337218661,39.82552,2.7913845,9.2099
422897144,37.88144,3.4388757,6.48496
318753062,40.07726,2.6625297,9.9721
422848913,37.273907,3.5662644,9.5918
337218503,39.782276,3.6606808,7.8355
344281902,22.50197,3.426621,9.6519
399702199,20.516188,2.4728208,9.9315
337218447,39.795654,3.9948452,9.584
422890797,37.82263,3.2177455,9.7917
293468457,27.108414,3.6854506,5.06563
293517921,28.07359,2.9924655,9.5404
293286940,31.609423,2.2300968,9.1235
270407556,33.0657,2.7455535,5.59341
270354617,32.101856,3.6749592,9.10179
270370964,32.280094,3.2293322,9.0038
270407675,33.07303,3.4380794,9.7172
344719321,16.107082,2.723233,9.3832
293468426,27.142302,3.8343327,8.387
344715750,15.693176,2.7542996,8.9572
257247394,6.834414,2.8141086,6.3486
419941986,30.752874,2.762422,6.377
419942221,30.67246,3.8473763,7.3998
419955169,30.802998,3.658082,6.9385
257246014,6.716887,3.362293,9.2693
419942023,30.672268,2.9349492,9.861
419942153,30.755806,3.5626438,9.2201
270380570,32.826897,2.2760687,9.5894
399701996,20.578007,3.5131266,8.0148
399732628,21.227394,3.3494132,7.32851
399732683,21.267145,3.070674,8.16439
422848910,37.186295,3.572785,7.3144
422890558,37.83546,2.2686188,8.37509
422848901,37.264122,3.6167572,8.4077
262809045,19.688677,2.0148625,8.86777
422848839,37.255943,3.889207,9.2123
344629656,14.006141,3.6716208,9.2376
344719370,16.12681,2.3900368,9.82829
293468647,27.121544,2.6278079,9.3409
293468735,27.150747,2.1019874,9.4012
328084518,16.90308,2.0570736,9.9096
399702179,20.505587,2.557828,9.8164
422898386,37.956276,3.042223,9.80972
422965377,39.01495,2.373321,9.85594
422948380,38.936474,2.6101046,9.87862
388814842,18.484766,2.0310988,7.715
388814967,18.485363,2.7117853,8.9422
388816032,18.671867,3.7866302,8.46729
318805258,40.90528,2.535016,9.0412
399703276,20.686222,3.7874472,8.9327
344715970,15.654522,3.9895082,9.8928
293479372,27.508837,2.5215976,8.94172
344715684,15.731436,2.3451257,9.289
270371961,32.46398,3.7693465,6.5871
257246076,6.7175584,3.5882502,9.15503
318805189,40.815094,2.9020915,8.3556
293304438,4.4907393,3.0868213,9.7143
380888007,19.619476,3.7858772,9.4952
399734917,21.50372,3.4322271,9.6536
328179844,39.98215,2.7224643,9.5648
270380628,32.818836,2.6217923,9.3759
270405527,32.720993,3.9934685,9.4758
399732625,21.288723,3.3642967,9.9161
293287010,31.572243,2.6281075,9.0971
293468633,27.061613,2.7113552,7.95332
419994778,34.4646,2.3728547,9.6941
270354497,32.0835,3.0602324,9.0317
380907155,19.56424,2.550612,7.2947
318802850,40.58132,2.5078895,8.8698
328179789,40.036106,2.9185221,8.1801
293304294,4.4496984,3.7458012,9.14342
380887019,19.43722,3.1406791,9.44682
380888128,19.598948,3.1327355,9.67016
388814961,18.555986,2.6815298,9.2949
388815001,18.466188,2.878839,9.73916
257523133,0.9171014,3.9069767,7.51441
318805115,40.891487,3.2630024,9.29203
380887043,19.47813,3.3067355,9.6915
257321675,7.8720593,2.137345,8.1299
344301729,23.185335,3.0323582,7.03708
422918719,38.711502,2.6525676,7.6794
270379604,32.47024,3.418415,9.2147
427333273,5.820449,3.7104533,9.7481
270479763,34.401688,3.5488698,9.4122
388816345,18.667835,2.2994998,8.4831
268125707,32.604992,2.7570686,9.0773
268125761,32.602253,2.9907308,8.9612
344283053,22.641817,2.5816202,9.6021
422917160,38.528843,2.7903233,8.4291
420001325,35.194836,3.5658596,8.1976
422917023,38.578377,2.2736406,9.8893
422917078,38.56832,2.462752,9.8979
420016046,35.4815,3.4186192,9.5484
420016082,35.40573,3.2201433,9.7068
420033434,35.74507,3.4020371,9.9426
270379652,32.570957,3.7301233,9.66223
422651769,28.901237,3.5779011,8.77988
369481716,23.50635,3.260328,8.7223
293361110,5.128461,2.363332,9.36343
257322496,7.9498544,2.1408134,9.7208
257322846,7.926152,3.7562518,8.06355
369481536,23.406696,2.3592453,9.2173
369481568,23.48329,2.565379,8.64671
369481688,23.472532,3.1195793,9.76601
369481827,23.439528,3.7721634,7.9957
344282798,22.607094,3.9716024,9.2675
422917306,38.566284,3.4577856,9.51025
272125031,2.8101153,2.6567202,7.9423
399724647,20.982344,2.2984426,8.2141
399694296,20.31961,3.284668,8.9874
420047017,35.890778,2.5844772,7.2324
422847675,37.086487,2.9488602,9.2044
388801522,17.615433,2.5549572,7.4544
388801543,17.639807,2.4456744,4.58326
344298746,22.803658,2.8872547,8.3758
419993390,31.463142,2.1357105,8.9999
364956288,5.907275,3.2289412,9.4814
344714831,15.548719,2.1471488,7.8987
419993594,31.482628,3.3692071,9.3223
318717763,10.63108,2.1920767,9.2052
422888233,37.60786,3.6339288,7.853
272125025,2.8436525,2.595652,9.9025
399724598,21.03968,2.5408342,9.4112
422886799,37.479763,3.0123117,9.8565
422888287,37.613186,3.9210591,9.4923
422888214,37.57742,3.5547721,9.8602
364956380,5.9104958,2.7430332,7.379
388801287,17.663845,3.7282262,8.64645
344714619,15.645134,3.3303783,9.6514
420033454,35.75168,3.531848,9.73712
422898210,38.001854,3.8410487,9.52722
344282983,22.62141,2.9712,8.50259
420016179,35.423386,2.680986,9.71565
344717933,15.956837,2.1737688,9.98144
344241297,21.81929,3.8053832,6.6879
270415974,33.116123,2.1307213,8.8187
270430445,33.521893,2.4705768,8.7767
270430468,33.51629,2.640517,8.8941
270430607,33.474686,3.5231497,8.6284
422674950,29.498266,3.669809,8.4264
270478511,34.20713,2.3327615,9.0049
344225986,21.782412,2.1294498,7.6177
344297772,22.706518,3.8046124,8.7299
272125239,2.9097946,3.8205385,9.48993
399694315,20.316507,3.1263547,9.6261
399724420,21.004723,3.6636539,9.92705
399724577,21.007998,2.6695504,9.4577
268125553,32.60261,2.027057,8.13755
422888135,37.628986,3.2251623,9.7329
420032383,35.729546,2.351089,9.0346
270415956,33.173943,2.2218137,9.2908
422847767,37.079838,3.3647723,9.56345
422886758,37.458557,3.1557736,8.28028
422888044,37.624123,2.8231025,9.12228
422847513,37.112373,2.1103218,9.9963
262819254,23.781784,3.3508008,9.0294
293518937,28.134062,2.7166786,9.2413
293562186,28.384182,3.9241185,9.7275
293562039,28.389,3.1875198,3.8133
262819205,23.864887,3.5501838,8.90574
293406627,26.270819,2.5031533,6.30516
293518896,28.159847,2.4982684,6.67287
293519096,28.18375,3.5664616,8.1305
293519129,28.1182,3.7612288,8.3464
293563054,28.592367,3.695917,9.342
344775553,17.503798,3.0803213,9.0584
344775571,17.559126,2.999156,9.0738
344661401,15.054106,2.0482965,9.3467
422674904,29.483456,3.9303586,9.7534
293406717,26.245148,2.892906,9.08601
293562059,28.377869,3.2724285,8.9402
293563007,28.487862,3.979327,9.0141
293406671,26.240448,2.707504,9.8981
293305996,4.5328627,3.7967625,6.8766
369491458,25.348537,2.6490183,8.8164
369491564,25.409859,3.2475002,8.54313
293562057,28.474125,3.2704027,9.41471
293563068,28.536812,3.6361868,9.4729
380887098,19.449818,3.6144736,5.1538
58721030,3.0599856,2.3306377,6.8335
422692360,30.511759,2.763772,4.3157
422677481,29.740576,2.5523827,9.7699
270478842,34.270275,3.9558458,9.1562
422677298,29.802515,3.5198317,9.93769
293517771,28.059359,3.7712622,9.79658
422677575,29.797867,2.1415906,9.756
422654134,29.112776,3.8938258,9.8064
270464275,33.82078,2.3745506,8.78586
344241254,21.723137,3.5356493,6.71554
344297678,22.749771,3.349408,9.6058
388810504,18.263412,2.9295104,9.55177
270464228,33.836273,2.611743,9.86016
270464258,33.90609,2.4660451,9.49493
270415975,33.189705,2.1275349,9.9736
422681953,30.230698,3.1824765,9.9319
257488377,0.43181878,3.6387796,9.8471
270430466,33.54768,2.624847,9.9194
270430663,33.445446,3.8286324,9.75
328031055,9.734494,2.5797276,9.90022
427329408,2.4622808,2.6934462,8.9973
318868728,41.761826,2.9476588,8.292
257487216,0.26323235,2.4234662,9.2826
427330436,2.6636274,2.3006833,7.1848
328181290,43.1827,3.5916655,8.9159
328181295,43.1507,3.6087399,8.3063
427329251,2.4775035,3.3425303,9.9446
427330376,2.66968,2.0555434,7.0511
365003965,16.720509,3.811241,8.5726
257487195,0.3059733,2.5181923,9.59099
58735143,3.6729631,3.3638923,7.7285
347022510,44.19664,3.764437,9.5676
399733773,21.376873,2.4208882,9.3858
58734110,3.4799552,3.7385733,9.5431
58735013,3.7646475,2.6368701,9.9935
58735087,3.764963,3.0928657,9.94172
58735128,3.7059424,3.2813292,8.61454
380941360,19.196287,2.0557659,9.5395
399733863,21.419436,2.9720547,6.5599
347022534,44.289955,3.678704,7.20259
388778102,10.710029,3.3355439,8.6321
347021568,44.1416,3.7993042,9.77567
422677299,29.801586,3.5192392,9.45163
293342352,4.7091494,2.3081272,8.9009
427332995,5.7407827,2.3762903,9.938
270478765,34.22508,3.5529957,9.8559
380942999,19.290783,2.015287,6.3842
344299633,22.916935,2.562639,8.0172
270431825,33.60775,2.1708984,9.6412
257570229,11.601534,3.78789,9.3742
344771096,17.039183,3.9951193,9.1495
270431546,33.66415,3.6703584,9.9092
257570227,11.531277,3.7669837,9.9813
380942642,19.301245,3.627658,9.8696
344299753,22.983559,3.3538394,9.94511
270478561,34.209858,2.5762024,7.1572
419960029,31.326963,2.9555392,8.7571
270431845,33.647274,2.0787685,9.81744
419957612,31.12722,3.0631182,9.1322
293517747,28.027254,3.9003332,9.85196
422653872,29.16314,2.5194745,9.0661
422655221,29.319433,2.5280962,9.827
58720757,3.1242888,3.7795753,8.8993
270415915,33.097836,2.4920967,8.4286
270344943,31.714815,2.5129633,8.10786
419999318,34.976456,2.4909322,7.4614
344712348,15.291435,3.4297078,7.9825
270416876,33.310364,2.5945725,8.2106
270344722,31.69403,3.9041088,6.4576
270344855,31.66504,3.1016784,8.3513
419998108,34.793102,3.536838,6.5853
58720880,3.1635287,3.102002,9.2441
419998024,34.82993,3.1013365,8.8958
419999095,34.91689,3.3903894,9.5071
399693245,20.1693,3.1950088,9.7833
344241255,21.722261,3.5370607,9.20371
344712438,15.353114,2.968842,9.6948
270344894,31.705116,2.8631005,9.41912
422655269,29.274738,2.2663264,9.19686
422675997,29.572422,2.2957997,9.803
422676000,29.599506,2.3154101,8.92539
399693185,20.20087,2.9097672,9.3125
270345987,31.76434,3.783667,9.32544
270353400,31.97774,3.339641,9.33803
422692284,30.479353,3.1250706,8.75475
422692333,30.456675,2.8714206,8.021
344630948,14.3360815,3.3150582,9.7919
262821600,24.045647,3.4193656,9.4541
262877773,24.845095,2.1907341,7.6148
257302654,7.472872,3.1708426,9.9673
344631065,14.358741,3.9259324,9.3514
262844284,24.474127,2.7113843,9.4569
262878585,24.867699,2.7270927,9.3848
262878693,24.864052,3.4786687,9.8308
293304599,4.383933,2.3210685,7.9511
262845475,24.582993,2.5860665,5.6419
257303925,7.630171,3.2668817,7.4766
262838717,24.169847,3.0994844,8.8098
262839855,24.313923,2.582455,7.5706
328068896,10.454543,2.3048992,9.13775
344630745,14.425921,2.0938191,7.5255
262878692,24.933163,3.4555001,7.6683
344662261,15.211853,2.584036,8.47713
262821530,24.109539,3.785782,8.41508
262821804,24.105043,2.503926,8.8977
262877627,24.753359,3.2016563,8.8076
262878499,24.95475,2.259827,8.8183
262878706,24.891897,3.5508041,8.1878
2025247619,338.8742,2.5614536,8.8709
2025247620,338.87424,2.5617678,8.3845
262845360,24.588863,3.2595592,9.5843
2052897402,348.39938,2.2283666,9.9189
2052983978,340.146,2.297792,9.7737
2052909720,352.1252,3.5647228,9.3759
2052909721,352.12552,3.5649652,9.6388
429032455,1.3134081,3.7816262,9.4634
429032615,1.2829089,3.0726752,9.636
2052905000,348.48785,3.4302285,9.5787
399664679,19.851244,3.289693,6.51497
369493778,18.692896,2.821995,8.1761
429032501,1.3426468,3.6060817,5.98128
429032625,1.3118823,3.0074074,8.6053
336956261,18.899738,3.7604246,9.5954
429032734,1.2924296,2.3972101,8.1337
336893395,18.127686,2.4715796,6.1001
318707815,8.67099,3.509509,9.33915
318707876,8.672156,3.8375309,9.61779
399664633,19.889559,3.5546942,9.37845
399671534,19.906286,3.2853596,9.56371
369493852,18.777107,3.172569,9.24326
369493999,18.736221,3.8671618,9.90972
344632147,14.496262,2.4863017,6.4368
293457626,26.842152,3.917203,7.1941
344631965,14.547636,3.4202926,9.7024
293434299,26.499325,3.912091,9.4537
293457622,26.801304,3.9310493,9.1531
293457857,26.841307,2.6816394,9.836
270415707,33.08745,3.5756197,8.15298
293433997,26.441484,2.4580107,9.85938
293457635,26.803627,3.856527,9.0311
293434196,26.479153,3.417556,6.53591
293434251,26.432632,3.667224,6.88423
257558926,11.389221,3.737815,9.4931
344655397,14.591257,2.080698,9.92995
369494008,18.755608,3.9061608,9.71932
380909250,19.070654,3.018192,8.55021
293480546,27.605068,3.3509755,8.6316
380909357,19.090689,2.3957202,7.0582
293479403,27.411703,2.6407561,8.5226
422673925,29.360237,3.1593757,7.7379
38398046,3.8712308,3.1454916,9.7308
38398097,3.841814,3.4913492,9.1964
399731552,21.112675,3.389225,9.7312
422673880,29.344316,2.807409,8.2032
38398063,3.8778036,3.2326186,9.5724
422678676,29.904482,3.9409258,9.2349
380909300,19.149933,2.7348642,7.2284
38384413,3.6439672,2.4401248,9.52507
38384618,3.6222758,3.469713,8.5927
293479481,27.452234,3.0212622,8.5625
293479492,27.47926,3.0736864,9.5952
422678500,29.84818,2.9877474,9.79704
422678563,29.851171,3.3338232,9.8707
380909257,19.07701,2.9827352,9.96009
344659932,15.0234995,2.6329598,6.2515
293344654,4.9408846,3.9986744,9.241
369554228,26.146656,2.3055775,9.5258
344660088,14.971207,3.302706,8.28911
369554290,26.080471,2.6155105,8.04537
399731480,21.16926,3.0134633,8.42572
369554457,26.175222,3.3701124,9.269
293560849,28.2773,3.2790027,8.9092
257569954,11.586552,2.0886188,9.0112
328068979,10.495438,2.729411,7.4668
369554427,26.149805,3.2237115,5.2166
293503972,27.839205,3.332877,9.5455
293516673,27.893215,2.3861463,6.5332
293516734,27.889406,2.7057202,9.6425
419997936,34.83134,2.6646833,6.08
419997969,34.86955,2.8203526,6.4365
328069033,10.519757,2.9344614,7.8397
344280818,22.42601,3.2378402,9.766
344280894,22.345173,2.7700016,9.1929
369554353,26.071367,2.8955617,9.8838
293516815,27.98757,3.1578202,8.6767
328068926,10.539572,2.4456253,9.8255
388811873,18.360973,2.1191435,9.4952
293478542,27.387196,2.1252718,9.951
293517863,28.01009,3.2309854,8.9188
328069006,10.523022,2.8439581,9.03811
388811631,18.377535,3.2384539,9.91123
293516628,27.992977,2.1848462,9.87944
270432674,33.71496,2.5211456,9.04731
422653038,29.035288,2.0651958,9.2244
344280924,22.37267,2.535891,9.99813
388811741,18.364948,2.729215,9.8484
427331734,3.9844353,3.5695257,9.6612
270463171,33.782467,3.851254,7.7388
344280896,22.328629,2.7637868,9.72796
388811781,18.433058,2.5643787,8.48185
427332036,4.00487,2.1264517,9.9628
293502734,27.65274,2.5166688,9.702
270432628,33.69348,2.2289584,9.06144
257525477,1.103423,3.9345062,8.8842
293258011,1.8362857,2.841942,9.8073
257524031,1.0422323,3.43939,9.7837
257524228,0.993081,2.3853438,7.7134
257524248,1.0022001,2.2424695,8.9867
257525127,1.1255879,2.267403,7.0462
257525265,1.1561257,2.937227,6.7788
293257825,1.9181272,3.8037238,9.44382
293256857,1.8004717,3.8951247,9.9576
257525320,1.205464,3.2322848,9.9716
257557812,1.4413962,2.6950867,9.994
257373109,11.2303295,3.2009969,5.3297
257392461,11.247348,2.252295,9.076
344300650,23.062244,3.6851633,6.048
369534703,25.820942,3.7709577,8.0287
380908050,25.51729,2.465364,8.1149
369535630,25.966309,3.5899513,7.2453
257372984,11.215501,3.7065284,8.9457
336957420,19.027912,2.2656798,8.9808
421980947,340.11813,3.132792,7.81932
369534522,25.922411,2.8354104,9.7996
380908091,25.471428,2.704381,7.00131
257373008,11.255593,3.5969973,9.4227
344299848,22.964615,3.897846,9.075
344300635,23.139507,3.7556396,9.9458
344300648,23.150896,3.7126236,9.9171
369534739,25.869843,3.9558606,8.8353
422650592,28.84174,2.9566815,8.6549
293435282,26.65547,3.038378,9.6663
293406744,26.206516,3.0185122,9.6887
422650433,28.72753,3.7846618,9.30201
293456451,26.725468,2.1580596,9.68029
293504045,27.811098,2.9481726,9.71563
293433128,26.422115,2.5721266,9.92701
369535670,25.96418,3.3561406,9.876
293469731,27.166195,3.3718073,9.9413
422650438,28.730553,3.7692583,9.2324
380908024,25.543194,2.3080227,7.34104
344754123,16.297407,3.7245624,9.4757
369535664,26.056707,3.3858957,9.67895
369535788,26.023785,2.8069105,9.45504
336957681,18.957983,3.630333,9.3941
344300822,23.081738,2.6046324,9.8999
630455540,25.223886,4.7749968,9.9834
611085123,1.8452322,5.3691044,9.8156
405210119,4.064489,5.85541,9.642
406413586,33.373924,5.0127244,6.1819
630391468,33.373924,5.0127244,6.1819
630471193,23.248936,5.7155313,9.9635
369533741,25.223886,4.7749968,9.9834
344302176,23.248936,5.7155313,9.9635
293257472,1.8452322,5.3691044,9.8156
630391614,32.858936,4.901723,9.2929
257372627,11.267895,5.552043,8.14
640048746,40.059746,4.5986004,9.9016
630371109,36.941875,4.4329796,7.2042
318785414,40.236042,5.659518,8.907
293517002,27.92446,4.180366,7.637
318754598,40.235916,4.8707128,7.0249
640049010,40.235916,4.8707128,7.0249
630381905,36.507286,5.779541,7.2401
344624767,13.399048,5.9865828,8.76952
328179391,40.059746,4.5986004,9.9016
422844595,36.941875,4.4329796,7.2042
270479375,34.345947,5.518676,7.313
610922593,13.399048,5.9865828,8.76952
270406164,32.858936,4.901723,9.2929
257523315,0.882169,4.74634,7.347
420072064,36.507286,5.779541,7.2401
293264992,2.065113,5.25249,8.444
274133690,49.708557,5.684875,9.9812
640075318,49.708557,5.684875,9.9812
310935553,346.3545,4.34561,9.2475
10005000151,20.4452,5.25672,9.704
262689324,349.0047,5.393545,8.747
419937143,355.55334,4.180545,8.374
422786354,358.75378,4.4688272,9.6622
419901238,354.50623,5.14091,9.459
419901869,354.6272,4.3166876,9.8542
310852883,346.08856,5.350734,9.802
328399820,47.401413,5.20285,7.403
58732359,3.289415,5.596203,9.229
419994422,34.496696,4.367369,9.815
328425642,47.4818,4.978128,9.48432
328433308,47.873383,5.58894,9.03617
328426435,47.551823,5.7891226,9.75988
262624963,348.74854,5.505774,9.8868
262625002,348.65756,5.4310856,9.82398
257592448,12.010225,5.1035366,7.9745
257592184,11.927058,5.9159346,9.4781
272156360,9.392048,5.009202,9.7439
272160155,9.505365,5.847619,7.9381
272159887,9.509761,5.126542,9.63826
328223350,43.166058,5.717278,9.3074
272156521,9.357952,4.558771,9.8386
347551352,45.04933,5.6137557,8.32194
293222139,1.6371093,5.858509,8.8948
293222340,1.6057463,5.471182,9.6171
293222926,1.6456466,4.170429,9.59525
293222802,1.7060484,4.4577007,8.9632
293356560,356.67172,4.565165,8.3143
293356716,356.754,5.2519655,8.5945
293340682,356.52664,4.0834517,9.3436
419901849,354.67267,4.389289,9.8755
419901866,354.65356,4.3192797,9.56124
293302912,355.95856,4.829906,8.3996
2053193606,354.98923,5.6245375,7.463
422842145,359.90515,4.161919,8.4019
422727538,357.91742,4.6979012,5.4124
344656273,14.578386,4.2965903,7.7334
344656529,14.631621,4.9113464,9.10398
422727506,357.9058,4.8973403,9.4071
422727533,357.97324,4.7453613,6.69678
422842184,359.82986,4.035122,9.67784
278535398,358.22418,5.953799,8.7394
422727521,357.86823,4.819187,9.0518
422834466,359.53708,4.6687427,9.3136
422834633,359.44833,5.404344,8.0504
422753707,358.52194,4.8711295,6.66108
422834661,359.5386,5.529132,9.43376
422834544,359.54892,5.0019097,9.9989
422595283,353.42313,5.561299,8.6622
422751341,358.22394,5.5482693,9.7129
422595237,353.37946,5.3565097,8.0871
422603340,353.59677,5.6772256,8.6198
422751256,358.30026,5.157543,7.1557
422751703,358.38428,4.8129725,7.3222
422724588,357.593,4.912719,7.489
422547512,352.35876,5.2233176,9.0324
267216538,356.4688,4.2973323,8.7024
422751469,358.45416,5.8696995,9.22232
422724663,357.5015,5.398709,9.127
267216641,356.4325,4.8247995,9.30072
422834503,359.55255,4.8516755,9.6625
262749049,350.08575,5.3813057,3.93138
422459567,351.29892,4.922407,7.6908
262749036,350.04022,5.3154907,7.9079
262749632,350.16528,4.4968357,9.3862
422603396,353.60486,5.4705462,6.4836
422603464,353.499,5.1169143,8.5729
422603668,353.51285,4.206407,8.81885
262692319,349.28027,5.4424987,8.2729
293367741,356.93677,4.2299542,6.0802
422829777,359.19717,4.7251115,6.556
422830464,359.36307,4.4164643,9.9951
2053174098,356.75403,5.2522683,8.6816
422619348,353.90237,4.038105,8.18341
401369807,353.4682,5.96176,8.74523
419940026,355.73404,4.977403,9.9041
419940130,355.76953,5.458419,8.9807
278534151,358.09424,5.9286222,8.493
422724682,357.5142,5.5109844,9.9255
422595164,353.46713,5.1224666,8.6593
422603287,353.57825,5.9522996,9.0096
422603311,353.57126,5.817858,9.058
293367726,356.96835,4.175477,7.112
267217069,357.31033,4.98236,7.9191
336626459,354.2022,5.916597,8.73712
422784203,358.65152,5.05659,7.633
422834974,359.66226,5.1500306,9.62747
310779382,344.99744,5.1595764,6.09596
310919590,346.23828,4.5999246,6.01186
310919422,346.24692,5.196185,8.285
310919689,346.25067,4.2253985,6.6021
422788888,358.98724,4.136281,9.7197
419934509,355.30762,4.318869,7.3656
262808051,350.513,5.5062385,8.07089
422592510,353.1848,5.448944,9.26751
267256722,357.39288,4.893696,7.1286
267256805,357.46844,5.2821093,7.9646
293370222,357.18994,4.9227924,9.7373
419917072,354.90598,4.8068805,9.77845
419916598,354.77136,5.452256,9.14837
419917249,354.9231,4.167212,9.6621
422789704,359.07507,4.6264896,8.46535
422835102,359.5807,4.491234,9.38123
422550302,352.55615,5.0128026,6.2325
419919707,355.18347,5.190635,7.6158
419919814,355.0755,4.8065314,5.8092
422724485,357.53635,4.466835,8.24437
422784347,358.60446,4.3722215,9.5392
419882247,354.34305,5.0311556,8.553
419919445,354.98767,5.6262913,3.6436
422834863,359.59357,5.648852,8.8338
419919650,355.17224,5.4739456,9.8968
422605680,353.64856,4.6717553,8.6856
262584228,348.24246,5.1296053,8.99817
422524200,351.9415,5.7364755,7.82656
422630831,354.22482,4.5352325,8.2947
310992508,347.2101,5.337529,7.2524
311462805,343.39743,4.23432,8.1344
310991978,347.14508,4.678008,7.5955
262037921,343.30093,4.6721797,8.90566
262726588,349.92993,5.8523545,9.6904
310992549,347.28104,5.117687,9.64195
262807768,350.51822,4.2574167,9.6519
422787124,358.8682,4.35498,8.8093
422787191,358.94714,4.0913124,8.5392
422753949,358.5531,5.9908404,7.4692
422786682,358.75647,5.9283795,7.084
422439420,350.68668,5.4532332,8.9841
422439439,350.6991,5.394694,9.1873
422439611,350.66486,4.7520595,8.663
422786783,358.88696,5.6705422,9.5221
422786986,358.94455,4.910449,9.9371
422786734,358.87262,5.8918614,9.7885
408348997,355.90594,5.8792615,7.3948
422439413,350.61752,5.500074,8.7264
422786818,358.83243,5.5384083,9.4091
422786741,358.84293,5.861328,9.88376
262591381,348.50214,4.9971013,7.1779
402891770,347.1724,5.97057,9.5966
422552753,352.73312,5.638951,8.66742
293356975,356.8411,5.326512,8.7991
293357149,356.84647,4.3411427,9.9575
311025124,347.58463,5.0143538,9.91404
311024931,347.5858,4.182789,9.2638
310779921,345.01855,4.9144325,9.5295
310918709,346.15933,4.100863,7.3303
422456873,351.14224,5.9561634,9.5981
422456978,351.1077,5.5617304,9.8861
311025304,347.6574,5.686891,9.5805
422442322,350.84772,5.2417655,6.5962
262783276,350.2254,4.06872,8.64392
422441835,350.76974,4.9978886,8.9457
422441967,350.78046,5.612477,9.86297
419919319,355.03357,5.149377,9.64103
422619872,354.03723,5.649966,9.92066
422441633,350.7169,4.0142946,9.5573
262692081,349.25204,4.4612556,7.96196
422593003,353.34622,4.63932,5.6707
422593077,353.29605,4.342276,6.6044
422486436,351.45908,4.956705,9.8157
422593052,353.26447,4.4205184,9.6311
422526659,352.24902,4.421816,9.5134
422526738,352.25656,4.7735295,9.9957
422552659,352.66962,5.24644,8.12735
422552661,352.66986,5.2494273,7.5634
422592681,353.2763,5.9168935,8.8697
262568811,347.80865,5.0043216,3.497
262692080,349.32806,4.451727,8.44886
262749504,350.16006,5.0468626,9.3377
262749112,350.02774,5.647342,7.4301
422523985,351.95163,4.856649,9.1212
262663219,349.08414,4.486843,8.90488
419937146,355.53983,4.19166,7.9734
419937321,355.48444,4.9653983,7.8937
419938009,355.55298,4.1796875,9.7246
422606439,353.83987,4.194368,9.7104
262569460,347.95312,4.720759,8.61098
262568754,347.85104,4.8767414,9.39114
310852205,345.96744,4.146008,8.3873
422550077,352.61862,5.8171654,9.62799
422590426,353.1023,4.0475445,8.26126
310852300,345.8661,4.4952602,9.7681
262569544,347.99237,4.401833,9.55153
408486206,359.55463,5.948024,9.9201
419932606,355.17468,4.413063,9.94096
422606423,353.78824,4.2865124,9.9485
262689682,349.19647,5.286146,9.913
262689848,349.184,4.6644483,9.2517
293368249,357.05463,5.174896,9.3538
293368304,357.04883,4.866286,8.921
262689984,349.18054,4.096081,8.9311
422724538,357.52136,4.6700716,9.8926
262726608,349.92673,5.764833,9.6207
262727038,349.94067,4.1315904,9.2664
262584334,348.2561,4.7746134,7.8665
262584374,348.16986,4.682514,8.4192
262583979,348.0604,5.985906,9.8877
293307293,356.21088,5.7971005,9.4021
293307579,356.2212,4.2152677,9.7553
293307560,356.22717,4.3377666,9.963
293340455,356.58823,5.0877056,8.6183
293340110,356.326,5.1162086,7.58767
293340253,356.3568,5.815494,8.9231
262590878,348.2881,5.421158,8.3261
262590899,348.3479,5.4803295,8.17811
262591340,348.4389,5.133833,9.4177
262591122,348.42752,5.874827,9.441
262591477,348.48526,4.7279696,9.2946
293307518,356.19193,4.6041408,9.1166
310935426,346.3705,4.12416,8.36452
262591299,348.46475,5.2926974,7.8516
422506374,351.80356,5.5112205,7.8211
262726580,349.8689,5.8847876,7.4208
422506538,351.84802,4.876929,9.8201
422630158,354.11484,4.4657063,8.9699
262590977,348.31345,5.738753,8.3609
422552932,352.84637,5.787065,9.4514
422506318,351.8391,5.699272,9.73383
422553246,352.77533,4.398668,9.774
422506663,351.83725,4.450004,8.1487
310935602,346.40912,4.498546,9.80848
422837086,359.73428,4.273512,6.3153
422837136,359.6766,4.497671,9.9432
422505867,351.76685,4.7831655,8.9638
422505937,351.75024,5.1127663,9.7422
422841571,359.7579,5.367955,9.9776
422843970,359.94962,4.74903,8.52563
422844241,359.9761,5.9565506,6.72393
262038007,343.24216,5.0082874,9.93914
422079625,342.2339,4.2927794,6.7913
422837205,359.79306,4.723422,8.67383
262037918,343.2914,4.6684303,8.6914
310992100,347.07648,5.1293316,8.4705
310992401,347.25217,5.7712526,8.8423
422789735,359.09637,4.4781084,9.45213
419903823,354.75348,4.0654435,9.735
419903835,354.7516,4.1315846,9.2223
422789573,359.1253,5.1004066,9.0877
419935082,355.32294,5.218026,7.2539
293370179,357.1296,4.745239,9.5769
293370289,357.22174,5.266515,9.0862
293370408,357.17642,5.84541,9.9921
310843056,345.40976,5.281924,9.2193
310843158,345.3772,5.6588945,8.8535
310842836,345.41415,4.461079,6.5085
310843030,345.44223,5.1660905,9.0709
310842915,345.38644,4.764988,9.69324
310846081,345.7031,4.823129,8.3378
310846375,345.70883,5.8264694,7.5305
310845922,345.6354,4.196003,9.6414
422034739,341.04367,4.0238934,9.49565
310846208,345.68448,5.2494593,9.30882
310849988,345.77948,4.940319,8.0976
422842083,359.90836,4.44312,9.1754
422842133,359.83102,4.229417,9.089
310842764,345.4125,4.18265,9.01892
310843031,345.44675,5.178909,9.8504
310843144,345.47467,5.6307945,8.932
422115367,342.82635,4.3562193,8.6792
422115466,342.84357,4.7865996,7.64749
422115521,342.8652,5.0070643,7.7375
422115465,342.9234,4.7860203,6.74
262783440,350.2534,4.6515164,9.956
422620168,353.9952,4.281079,9.3643
262726118,349.80536,4.499805,9.1029
422442387,350.83585,4.997381,9.6667
422619901,354.08237,5.514617,9.6715
422095060,342.51715,4.2708635,7.7451
422034708,341.03198,4.133635,9.30352
311517976,343.59207,4.4578543,9.9999
311517773,343.66638,5.218869,7.8175
310999216,347.50446,5.1411924,8.403
310999048,347.4809,5.831238,8.6682
310999225,347.43057,5.111688,9.3694
262717174,349.72684,5.4055,7.4737
262717154,349.68954,5.454366,8.9493
262717164,349.6645,5.431479,9.2493
422115299,342.8844,4.1193323,9.16066
422115516,342.8474,4.9811625,9.4222
311520077,343.7803,4.1122155,9.6501
311520273,343.6776,4.8121967,9.96248
311551218,343.97134,4.075917,9.63247
310762000,344.66788,4.009112,9.4631
311551882,344.1396,5.5678267,9.6397
310761645,344.67645,5.3419576,6.76245
422098218,342.75546,4.9376736,9.7388
422098253,342.79095,4.8234587,9.3894
422098474,342.74597,4.0583572,9.5303
310761656,344.68484,5.2856545,8.99898
311551963,344.10004,5.3532186,9.1016
415966089,344.82858,4.358539,6.70563
262583745,348.131,5.053367,9.797
422036963,341.1295,4.2068396,9.9415
310846267,345.6448,5.464744,9.4411
310849963,345.77042,5.0229797,9.6838
262568643,347.84464,4.4558935,9.6682
262660228,348.80457,4.8875504,9.5355
262568566,347.89096,4.184914,9.61998
422550185,352.59506,5.4476957,7.6231
422459823,351.27798,5.9038444,9.4788
422590143,353.02057,5.279909,7.3645
262568593,347.79764,4.2973986,8.9283
262569020,347.8847,5.7087307,9.5414
262569022,347.83752,5.7107754,9.387
422589660,352.88528,4.947802,9.377
418997244,344.1707,4.519203,8.0577
310761539,344.7611,5.715598,8.898
310761542,344.6549,5.708742,9.2832
262566332,347.72714,4.7858386,9.4717
310989709,347.03952,5.0347037,7.8556
262549261,347.78918,5.211921,8.55888
262689575,349.21594,5.696003,9.0392
262689323,349.00473,5.392559,9.9804
422444777,351.01834,4.931397,7.26056
310761020,344.5404,4.7373376,9.79188
262037742,343.25305,4.0356584,6.867
262569590,347.9148,4.2583756,9.37731
402930293,347.54752,5.977218,9.3217
262692438,349.30612,5.8522224,9.10416
262660419,348.77454,5.4975543,8.05407
422076353,342.0247,4.011199,7.27569
311552095,344.13046,4.8158464,9.6212
422097299,342.6598,4.0682077,6.17474
262660191,348.87277,4.759756,9.5818
311552220,344.06158,4.3502617,8.4581
422524379,352.15463,5.765738,9.5502
311548945,343.8547,4.8167667,6.3849
311549129,343.9073,4.1457634,8.9627
422524365,352.1193,5.8076425,7.054
422486849,351.6453,5.4897385,7.7318
311571582,344.38968,4.910044,8.8835
310807394,345.32077,4.0177155,8.4795
422075280,341.952,4.4936676,9.97105
310806985,345.34415,5.608779,9.79772
310806995,345.25693,5.5766263,8.1386
310807050,345.27484,5.3757806,9.61093
310807088,345.35663,5.1947393,9.31161
262717232,349.69348,5.18853,8.24696
310806318,345.24783,4.327122,9.56564
310807272,345.27792,4.450967,9.67162
262717233,349.69815,5.1677203,8.4021
310976984,346.75388,5.64325,9.92303
422061282,341.766,4.1625547,8.40779
422487135,351.58752,4.3395095,8.4989
422486864,351.5637,5.4554677,9.9874
422082047,342.4533,4.442658,8.7743
422082097,342.43158,4.590657,9.1518
422082085,342.34464,4.560822,9.99353
364933440,5.8341694,5.9252567,9.7413
274063251,48.951035,5.7782993,9.3004
262811638,23.880869,5.5617337,7.7897
318837248,41.37595,4.3910446,9.8145
318836839,41.319828,5.5604753,9.5543
318836194,41.267056,4.710548,7.9226
318836552,41.17744,5.7608604,8.3866
318841562,41.56087,5.5925903,7.3773
328323191,46.63886,5.6250167,7.07598
328323270,46.582855,5.3147187,7.7245
328323283,46.59301,5.278518,9.21485
347551116,44.94666,5.88588,8.9046
345394034,49.700054,5.9981375,8.873
293144256,49.129383,5.8440547,8.65443
274038542,48.629547,5.741624,9.62371
318945019,42.78255,5.9816203,9.8743
318945350,42.806232,4.440378,8.09801
293144338,49.343403,5.7529798,9.57294
328399864,47.36992,5.018475,9.8057
328399817,47.351173,5.2213554,9.12096
274015595,48.459373,5.853978,9.6547
328378877,47.07017,5.2689877,9.78518
328399744,47.31624,5.5766916,9.97931
372784465,48.12171,5.8207655,9.45763
377056693,45.301388,5.892373,8.84661
293392188,11.051612,5.898143,9.9338
377056867,45.276684,5.006608,8.88662
402025261,25.799622,5.3253417,8.2474
274087528,49.43006,5.6781564,9.85448
328465420,47.9951,5.433973,9.2987
468877770,6.270787,5.047816,9.9246
344280307,22.294672,5.7072616,8.5068
318886423,42.009747,5.4866433,9.8481
416646289,50.91476,5.994344,9.8327
344280152,22.23373,4.795684,9.7074
427331200,3.9109323,5.843864,5.9968
257559231,11.397272,5.40018,8.6021
257559493,11.514932,5.2797275,7.81534
272156529,9.427095,4.5164747,8.606
257201320,6.448955,5.7220736,9.2091
293282738,4.190086,4.277449,9.2238
257200970,6.367812,4.6846333,9.8184
257559575,11.428212,4.8353853,8.7959
257203225,6.973691,4.347309,9.8108
318967519,42.939205,5.585532,9.8966
293282344,4.063106,5.8554354,9.5923
336565480,10.824461,4.570262,9.81874
257200991,6.380945,4.7662654,9.9536
328426973,47.558353,4.887517,9.12826
318967568,42.872173,5.8418064,7.5481
318967255,42.850548,4.4059105,9.32018
318967555,42.9075,5.7901745,8.6883
318967979,43.06992,4.323441,9.05758
328426362,47.564465,5.908742,9.75268
344656221,14.676841,4.2057967,7.0899
257219636,6.678607,4.7495537,9.7425
377058678,45.434258,4.0671062,9.341
468869190,2.7735422,4.133092,6.5444
257219485,6.6140313,5.459877,9.2267
344753584,16.219324,5.6562657,4.6246
377058891,45.46788,5.33614,5.31798
344753488,16.162989,5.11,9.616
377058752,45.46575,4.4811172,9.8983
401425606,5.217771,5.962311,8.9783
344753457,16.138271,4.9800024,8.93048
402025284,25.77659,5.2110887,8.14308
402025306,25.802881,5.088673,8.4707
372786559,48.165173,5.2109447,8.95862
328231445,45.593822,4.352886,5.73998
468870552,6.1164975,5.711981,8.4196
402044501,44.356808,5.834201,8.99
402044352,44.412727,5.15011,8.6923
402044408,44.344,5.345515,9.616
344241931,21.905376,4.6338167,9.1459
318942675,42.486885,4.8402925,9.1773
274133723,49.627205,5.8138747,8.1092
344241805,21.91585,5.352789,6.4591
318942709,42.59127,4.7002015,8.9632
468870463,5.980358,5.775869,9.8375
399671678,19.963102,4.03028,9.78433
387609243,44.869526,5.9920883,9.2449
347571943,45.240772,5.28794,7.3335
365004066,16.673475,4.3018117,8.0996
365248348,43.660656,4.8269367,8.687
328301077,46.255184,4.465603,8.43468
347572017,45.23266,5.5746417,7.3039
427329056,2.487977,4.1661053,7.4864
365248440,43.64159,5.1287317,9.8253
365248460,43.590084,5.2196975,9.8406
365004035,16.68565,4.196083,9.1901
328256011,46.19895,5.4049516,9.5005
328301102,46.31457,4.5614715,9.098
402044435,44.33758,5.4779778,8.71124
347572104,45.150406,5.9860625,7.3699
328301336,46.29442,5.4709153,9.58906
274063044,48.84111,5.8407245,9.70012
365248510,43.63794,5.466585,9.23892
344241781,21.885069,5.4989896,9.33281
399672359,20.015722,4.7843685,9.74943
274133861,49.785645,5.7165704,9.6335
344241967,21.872782,4.4619546,8.8562
344241648,21.775372,5.923178,9.7104
399672362,20.09175,4.764173,9.8756
422965978,39.10714,5.026252,9.707
258842905,44.573616,5.3551197,9.1594
258842992,44.540276,4.9194345,9.2928
347006943,43.99257,4.106826,9.0908
347006598,43.964333,5.8314743,9.8787
344660804,15.07637,5.0478706,8.6706
347006854,44.03731,4.6177197,9.6475
365251062,44.68168,5.3512225,9.9907
344660336,15.04287,4.734106,9.4776
257323113,7.9787226,5.160145,9.76665
347006645,43.980686,5.5901284,9.11804
347006842,43.93809,4.6644387,9.5339
365250987,44.703056,5.739525,9.32605
365250984,44.718033,5.7572465,9.9959
328067037,9.8885765,5.63049,9.8968
388796189,12.971311,5.856537,9.9673
344660373,15.032694,4.8942957,9.6463
368644140,43.356434,5.255365,8.03893
399920478,49.600407,5.9442596,8.1735
368644359,43.536686,5.633589,9.35296
328322750,46.546207,4.823635,7.46522
328349398,46.8115,5.019854,6.9274
368644432,43.51332,5.143277,9.8105
328234667,45.773174,4.898217,9.7618
328252830,45.947914,5.452817,9.2106
328252861,45.88053,5.3353696,7.92499
38380229,3.2079332,5.627597,8.409
38380295,3.2855537,5.343836,9.7359
38380462,3.1945066,4.4833922,9.6094
257331265,8.187219,4.0301247,9.6738
344716634,15.774817,4.5794353,9.9701
257503030,0.68331987,5.843103,9.472
344626888,13.6235,5.8473163,9.2155
257502785,0.6965187,4.650301,9.128
257503365,0.74273664,4.673182,9.8729
257292167,7.4027934,4.3812733,8.5388
293264918,2.0241156,4.927243,7.2707
344657396,14.901652,4.983126,9.3847
427331036,2.588222,5.324283,9.2845
293265037,2.0515816,5.465856,9.4995
318706084,8.515113,4.880274,9.5414
293264994,2.0645504,5.2532754,9.7307
318705881,8.510258,5.732858,8.9087
318706052,8.509925,5.0041976,9.9722
38380363,3.1874187,4.975299,8.9939
293284725,4.3424478,4.551069,9.2472
344772767,17.136866,5.3327355,9.6109
344774912,17.363562,5.4441285,7.69758
293265273,2.1234288,5.626867,8.2965
293265469,2.117389,4.786606,8.3928
318869185,41.714714,5.004821,9.17622
328378558,47.0347,5.5256343,7.9989
344773099,17.257154,5.029265,8.9253
427330951,2.661678,4.942436,9.7841
318869587,41.876907,5.1738014,9.4613
318886001,41.889317,4.6648316,9.6686
318928731,42.15641,4.169082,9.593
262808290,19.712614,5.718432,9.98711
344656376,14.59519,4.559363,8.95326
293371131,5.24988,4.945187,9.196
318837103,41.337112,4.711632,5.7508
318705838,8.534592,5.9578834,7.20316
293371194,5.309025,5.2418823,9.6491
427330916,2.5897517,4.7268434,9.27077
427330926,2.6509924,4.772896,9.23635
427330943,2.5714607,4.8923817,9.04467
427330772,2.6710815,4.0064726,9.9128
318705836,8.542702,5.975432,9.4484
368644107,43.43743,5.1093826,8.8776
368644356,43.46684,5.645339,9.12175
368644453,43.55226,5.0483274,7.51902
368644510,43.446854,4.81262,9.8385
272155627,9.336031,5.0308313,9.40689
272155760,9.237926,5.41251,7.79671
293115397,49.095177,5.6077332,9.7011
344772734,17.116379,5.1901684,9.45218
344774915,17.401293,5.466102,9.7473
328223805,43.278637,5.424515,8.66228
293265620,2.1344886,4.064947,9.2328
293265564,2.1399534,4.326663,8.45736
344224811,21.681004,4.399688,9.50729
318886279,41.927345,5.8570924,9.3827
365250800,43.909306,5.496162,9.24819
328349552,46.709175,5.650025,7.81849
318928720,42.242226,4.0800076,8.5053
318929071,42.157856,5.845701,9.3053
318929397,42.306778,4.5574017,9.61734
293265536,2.1271126,4.471707,9.9326
318886104,41.931637,5.1231585,9.8235
318929059,42.190765,5.7775264,9.9932
388767532,10.208001,4.4783144,7.1916
388767865,10.331629,5.780886,9.1975
258826448,44.46377,4.039837,8.2575
344770895,16.993126,5.166679,9.4554
258826502,44.51323,4.2919173,9.8496
422649760,28.64724,4.711932,6.4309
388767601,10.244337,4.766773,9.03122
422888830,37.708023,5.6161633,7.291
422848022,37.136723,4.60434,8.98651
293343943,4.7570558,4.6480756,7.8505
293344314,4.8716583,5.760318,7.8753
257323715,8.044848,4.1453505,9.1514
336892407,18.024502,4.5432982,7.1954
293344008,4.850469,4.9459944,9.0598
257323338,8.11386,5.8585415,9.5727
399723871,20.913593,5.6463614,9.3453
399724082,21.030127,5.227138,8.5024
293344146,4.7558837,5.634769,9.674
336892783,18.129436,5.776053,8.7115
293282151,4.025479,5.2255673,9.74051
293360539,5.1550145,4.9464164,8.9297
293360566,5.121102,4.848695,8.9991
429051945,25.110363,5.753576,9.2006
344716570,15.853085,4.957568,9.07614
344716687,15.783447,4.2425137,9.02973
429051921,25.16064,5.5767756,9.8512
318716621,8.869284,4.294671,7.48643
262808544,19.718222,4.6537814,7.50164
262808454,19.76478,5.037532,7.5439
262808642,19.671938,4.1060934,8.45743
257331829,8.36319,5.469737,9.8125
336892471,17.973862,4.8787065,8.2949
293267418,4.019963,4.085607,8.89029
257323035,7.957296,4.8461614,7.67369
257323483,8.028232,5.200285,8.89445
272159587,9.533365,4.396698,8.7972
408503652,0.12025695,5.9216704,9.1364
257393898,12.095735,5.280614,4.8968
388778378,10.704097,4.8549423,8.9724
369491985,25.357891,5.487619,3.23175
427328886,2.4791567,4.832511,6.7364
369491810,25.336412,4.532786,9.7442
369492189,25.698017,5.735667,7.8204
318813007,41.135902,5.657779,6.8746
318836473,41.17207,5.5686903,9.0532
318967730,43.060745,5.5079374,7.4541
318841839,41.60287,4.86861,8.6769
318867431,41.64141,4.068137,8.4329
328231860,45.557766,5.6444798,8.19168
364933599,5.890997,5.525084,9.5933
58720088,3.0070324,4.46209,9.8968
388778335,10.743275,4.6428533,9.7116
262820905,23.942532,5.2949014,8.4794
369480207,23.352512,5.051789,7.99
369480225,23.39637,4.9824166,9.83247
369490236,23.556076,4.088,8.6707
318967829,42.980415,5.0598984,9.0935
427328337,2.4059825,4.5860643,9.155
427328358,2.367686,4.683658,9.9329
262820699,23.987738,4.3072805,9.5202
369490086,23.541378,4.773008,9.1039
328231929,45.51528,5.9899654,9.7366
364933603,5.92726,5.5166965,9.9312
58720036,2.9342349,4.207388,9.37226
369492160,25.670425,5.902358,8.61749
270371651,32.445053,5.3616133,7.1279
369533640,25.332232,4.2343526,9.8461
58720198,3.0303233,5.0557423,9.7954
427328347,2.3793051,4.6289005,9.03693
369492362,25.637388,4.8776774,9.2389
318867441,41.587193,4.0069294,9.7906
328232024,45.706207,5.7483015,8.78136
328232071,45.62692,5.5862346,9.11249
318752500,40.130024,5.563454,9.3143
420048415,36.047,5.047531,8.642
427316911,2.2062316,5.1406407,7.43803
427316920,2.201879,5.0971045,7.1432
318804626,40.806614,5.479995,9.0475
420071749,36.45759,4.064008,8.5524
420072359,36.688217,4.7046013,9.0284
318787718,40.53913,5.025162,8.4438
318804248,40.723694,4.8928003,9.9423
318804661,40.824997,5.308425,8.8877
420048812,36.126724,4.9592824,8.9053
318812528,40.96449,4.209725,8.91
257435061,12.789997,5.955749,9.8948
318752405,40.183083,5.992167,9.2591
318785415,40.23737,5.6595984,9.7071
420048878,36.20525,4.6012583,9.3507
420050544,36.315258,4.908915,9.5343
318785942,40.35571,4.0381813,9.914
318787531,40.55737,4.0543156,9.9331
420048389,36.001057,4.8718143,9.1872
318754646,40.260406,5.1172543,9.07672
420048799,36.210102,5.0247464,7.90065
336586518,10.951266,5.478569,9.61874
318752422,40.17894,5.88299,9.33893
318785849,40.340046,4.427804,6.73415
318787895,40.510128,5.8352427,9.61226
420048977,36.156136,4.073827,8.87741
420050979,36.35774,4.853927,9.65604
420051086,36.41899,4.186968,9.8002
422679390,29.953493,4.5919437,7.4205
422681051,30.0908,4.389505,6.2584
420015390,35.310413,5.014248,9.8174
328178670,39.847164,4.277277,8.9701
344278559,22.189348,4.4405503,9.2554
328178838,39.891373,5.0287223,9.3097
257570541,11.58127,5.7603235,8.4166
422947705,38.96864,5.5932593,4.09789
420000613,35.055958,4.8132005,8.773
318708578,8.791509,5.020976,8.958
344282190,22.44204,5.163974,9.3869
420000627,35.046284,4.9112916,9.2652
399701596,20.611994,5.7350583,8.6778
399695632,20.408327,4.257461,8.1342
399672008,19.927155,5.7134504,8.9705
422848610,37.293926,4.8190165,9.1267
422888534,37.628,5.0616555,8.6029
422888598,37.649487,5.290623,9.8121
399695799,20.414186,5.215302,9.3162
422947632,38.96077,5.885641,9.5849
422947825,38.917988,5.0558887,9.2684
420000636,35.090816,4.938755,9.6736
420046525,35.90701,5.286181,9.0215
344282345,22.485233,5.9942627,9.6661
420051105,36.43725,4.067153,9.96388
318787857,40.477047,5.7041454,9.8549
318785657,40.354954,5.367678,9.8163
318787911,40.457882,5.900435,9.9333
318812814,40.962578,5.5779576,9.8037
422844353,37.036976,5.596603,9.8623
420033921,35.811695,5.998371,9.90886
422914730,38.331585,4.424559,9.72844
399723731,20.894354,4.9344606,9.67828
399723814,20.958355,5.310681,8.38683
328178706,39.94869,4.420863,9.02234
422844593,36.9618,4.439156,9.0795
422848136,37.144688,5.141327,9.14246
422888914,37.750942,5.252816,9.2896
422914694,38.28554,4.312266,9.8569
318708752,8.815196,4.0932665,7.5844
399701675,20.597603,5.251381,7.12457
420033899,35.786114,5.9130154,9.3067
422966138,39.049324,5.7060237,9.7364
422968400,39.256294,4.099257,9.792
399701756,20.61296,4.81977,9.7384
422947679,38.95561,5.6957145,9.5674
420000810,35.09401,5.883145,8.86936
337218146,39.740543,5.7301397,8.70484
344299960,22.971874,4.4727364,9.9903
388768142,10.423181,4.302973,9.9076
293359971,4.99933,4.6769147,8.0314
293359996,5.090147,4.778992,6.7725
347021960,44.099255,5.6148586,8.0202
347022354,44.26906,4.5010266,3.8736
347021694,44.102528,4.4517856,8.5808
380941919,19.18531,5.0556283,6.4881
347021763,44.13984,4.7117863,9.2253
347022267,44.224693,4.897317,9.2422
387598075,44.77741,5.881249,8.4205
58734226,3.5244823,4.4085608,9.4928
347021673,44.084476,4.3408227,9.716
347021893,44.11385,5.27648,9.4455
347544881,44.82774,4.0898128,9.4846
347544900,44.78468,4.003956,9.3705
58735561,3.750018,5.5882707,7.94276
347021616,44.05855,4.048433,7.72108
347022031,44.07288,5.9986844,8.3794
293360128,5.0779533,5.329223,9.66471
380941948,19.250002,5.1811056,9.6267
347022143,44.254223,5.530278,9.12222
58734168,3.471288,4.0316277,9.87215
257320808,7.805577,5.8741198,8.7875
419959423,31.263123,5.7568436,8.9388
270465819,33.948944,5.6507173,8.1592
257320774,7.8636265,5.9550476,8.3065
257305481,7.688028,4.204056,9.3844
257305737,7.7575994,5.2813582,9.9593
419959098,31.143166,4.7005615,8.1345
270477178,34.101738,5.0226393,9.8817
270465698,34.015923,5.0087996,9.9258
419959154,31.23481,5.002892,9.8097
422947704,38.970867,5.593621,9.22229
270465605,33.959812,4.436698,9.90306
336890432,17.726576,5.860311,9.06143
427331589,3.9887583,4.2511125,7.10873
336890805,17.866285,4.429378,8.53268
270477247,34.109905,4.6260767,7.97259
257305591,7.690945,4.6753054,8.5326
419959159,31.2236,5.033418,9.33437
270406189,32.89336,4.763665,8.9155
318717185,10.582899,4.8104315,9.221
419957019,31.101185,5.838088,8.4104
262811457,23.744968,5.909577,9.0946
422886379,37.4247,4.8835034,8.1516
422886075,37.384415,5.767237,6.9457
422886464,37.431473,4.4494157,8.5329
399693841,20.296175,5.6217976,8.4862
422886174,37.466244,5.925564,8.2922
422886336,37.5403,5.088709,8.8612
420000907,35.15064,5.718417,9.0455
420001040,35.23356,5.033128,9.9584
422886266,37.498028,5.374395,9.9462
344775136,17.562866,5.3278894,8.698
344775283,17.476477,4.6106873,9.503
293517536,28.068773,5.1177416,9.118
468869352,2.7109797,5.088801,7.4908
257570463,11.59069,5.3288736,9.11769
293519304,28.198223,4.663019,7.075
293562898,28.562452,4.585601,7.72889
468869501,2.7280312,5.8775797,9.7582
270371589,32.358986,5.677507,9.9608
293560686,28.322674,4.3554096,9.77629
468869378,2.7692266,5.208973,9.81829
293517474,28.097336,5.4407544,9.0561
293562494,28.360266,5.5325613,8.4891
422841420,10.079365,5.2802296,9.22318
344718532,15.919483,5.2354074,7.4382
380908380,25.550308,4.430196,8.80791
380908427,25.483915,4.6728015,8.7308
380908509,25.472193,5.0558968,8.4595
293467956,26.98191,5.6988077,9.9547
270371513,32.34275,5.986203,6.5883
270371551,32.447742,5.931079,8.3327
422886430,37.532734,4.604731,7.67843
272125414,2.8925707,4.767122,8.18933
399724276,21.063309,4.4344177,8.95259
419998705,34.992546,5.4796176,9.16456
422847927,37.15667,4.22343,9.65465
420000999,35.219936,5.234947,9.8863
293304039,4.465006,4.953294,8.3418
344624834,13.492594,5.8091564,7.0063
344625059,13.54629,4.6083894,9.7821
399703432,20.68111,4.738254,5.96541
399734785,21.541578,4.2642593,8.8436
344280364,22.21505,5.9813104,9.0468
399734752,21.519234,4.4409556,8.0987
257523395,0.9739524,5.2127843,9.7503
344624697,13.378206,5.5237994,9.1325
344280367,22.306229,5.986133,9.2166
257523416,0.8770968,5.2992973,9.3673
422897632,37.842953,5.7360463,8.4003
422971739,39.679893,4.3550134,8.276
422898121,37.939034,4.2360992,8.5563
422918035,38.66495,5.705603,8.6878
380887934,19.615973,4.176862,8.7305
344625154,13.471344,4.11009,9.998
344625088,13.583322,4.4788246,9.85635
380887434,19.471878,5.473931,9.16764
318785502,40.35787,5.988443,9.0402
388815226,18.479364,4.007461,9.546
399703797,20.839998,5.5086613,9.33536
399734514,21.583479,5.644838,9.2228
257523314,0.8819068,4.745387,8.8886
388815746,18.656485,5.223888,8.67533
399734460,21.510258,5.9282537,9.2321
328179265,40.00887,5.1099887,8.78487
420073929,36.724533,4.3153906,9.84462
270478983,34.22198,4.6810246,8.49371
422681494,30.177572,5.5315313,7.6458
257246909,6.9101033,4.8904147,8.7046
419954593,30.705786,5.6667533,9.1151
270371888,32.416683,4.2327614,6.39272
419954923,30.887747,4.856869,7.8956
270463954,33.863842,4.1206384,9.8174
419954926,30.839178,4.821384,9.9717
257246871,6.8304844,5.0136943,9.1076
293470167,27.211456,5.6616344,9.2108
270465656,34.011013,4.713447,9.1434
419954453,30.690779,5.0190773,9.0683
270355341,32.138412,4.6477585,9.2231
419954533,30.706913,5.3427153,8.5834
344716013,15.726117,4.2373075,9.95459
257246725,6.807923,5.6374383,9.00335
344716057,15.668389,4.4132133,8.0433
293470224,27.238634,5.90611,9.6827
270465599,33.993027,4.429614,9.42825
270371768,32.386513,4.830587,9.7282
257246862,6.855562,5.0511365,9.91652
257246870,6.842166,5.014382,9.91989
344716177,15.693532,5.042189,9.2804
388815892,18.566555,4.4398813,9.9483
257523218,0.9420179,4.3312087,9.94876
419956625,30.95667,4.1692605,8.6315
399703881,20.769651,5.1139593,9.6253
318717118,10.574904,5.2003555,9.5059
318717068,10.593351,5.489015,9.7005
344755648,16.424606,4.198542,6.33744
380942163,19.398201,5.884292,6.73757
419996691,34.670403,4.1960707,6.72042
369535078,25.910479,5.745499,6.2916
369535101,25.921741,5.9060097,8.4133
344301882,23.17136,4.0872955,8.0563
270379969,32.57037,5.3165145,9.8093
336892483,18.033537,4.9161797,9.18971
318717035,10.636708,5.675356,7.5466
344755784,16.455116,4.9083786,5.9639
344755786,16.464308,4.909384,6.7851
380942433,19.334957,4.664826,7.4657
380942487,19.334608,4.391972,7.97427
344770812,17.092524,5.6498404,5.1801
318717031,10.564289,5.6933804,8.8101
380942461,19.377714,4.5165277,9.1224
419996630,34.665276,4.527402,9.4087
318717192,10.59348,4.766186,9.51521
318717197,10.582061,4.746126,8.81237
344770908,17.03473,5.0969152,8.5951
422676377,29.570044,4.0517864,9.39408
419956612,31.000443,4.093967,9.22003
419957101,31.100145,5.312283,9.83124
422676578,29.660057,5.0135036,9.8109
270479665,34.311752,4.0165324,9.5149
270379865,32.5492,4.8044634,9.63518
344302050,23.227913,4.955959,9.4757
369482227,23.474712,5.8270674,9.4039
369482326,23.560171,5.832924,9.0421
369489966,23.597101,5.4578605,9.5506
344302002,23.219893,4.774472,8.1922
369481903,23.516226,4.128886,7.673
369494602,25.02927,4.9233294,8.441
257321232,7.777234,4.1344357,9.29464
369535048,25.867514,5.603581,9.09813
369535060,25.87851,5.6436186,9.43257
270379903,32.55626,5.0253158,9.5398
293517643,28.0987,4.5383797,9.4037
369482010,23.43406,4.691103,9.86764
344714421,15.636954,4.4321103,8.1974
270479568,34.30408,4.503436,7.593
388753320,9.6433735,5.4478903,8.3261
344714390,15.563063,4.603883,9.21968
419996037,34.631393,4.380439,8.3958
344714370,15.637666,4.754212,9.7747
419994097,31.495058,5.994603,9.6866
293405097,5.5996904,5.2247977,8.5676
420015521,35.28267,5.691143,8.3871
344756208,16.613955,5.0381193,8.322
293404970,5.6204743,5.8524847,9.4543
293405183,5.705786,4.7782097,9.5343
344755943,16.46128,5.6662555,9.9743
344755965,16.494732,5.7614293,9.8875
419993892,31.416912,4.866601,9.6214
344756300,16.522076,4.511256,9.6556
268126003,32.633533,4.225442,9.4456
344714317,15.602277,5.0615234,7.2345
388801146,17.673176,4.5199466,8.50639
419993981,31.479355,5.305585,8.25105
270479374,34.345768,5.519643,8.77477
270479402,34.332325,5.360742,8.037
270405774,32.73319,5.0849395,8.58146
344714436,15.558856,4.383025,9.40152
270405674,32.815453,4.5942726,9.8885
344712057,15.383057,5.1344833,7.8521
422971015,39.474884,4.1691527,8.56902
257467933,0.12952378,4.282183,9.3093
257467937,0.07529919,4.268456,9.7185
257467916,0.12664782,4.4299545,9.4118
344718997,16.031307,4.3652954,9.3823
388800952,17.693012,5.356312,9.844
344631215,14.403426,4.746785,9.3387
262877468,24.738047,4.122496,8.8758
262839314,24.332853,5.662893,9.0596
344631469,14.456194,5.931849,9.8918
262839511,24.31442,4.4795713,9.4858
262844726,24.444754,5.152547,9.2821
344631843,14.460223,4.047288,9.9099
262839140,24.138546,5.4865317,9.1581
262878875,24.879038,4.639481,9.7825
262879017,24.958244,5.5051093,9.7445
344718982,16.073254,4.44792,9.93974
344631479,14.475261,5.871796,7.3834
262820840,23.89415,5.011192,7.8248
262821421,24.07065,4.314332,6.9093
262845225,24.511728,4.0857153,8.5851
422971237,39.565983,5.351898,9.75056
344662683,15.211258,4.8339562,7.2576
257467741,0.03496707,5.308119,9.72333
344718852,16.081516,5.2260056,9.95969
262846766,24.726103,5.133655,8.5508
257303464,7.562326,5.3621025,8.66028
257303588,7.5361896,4.8601108,6.0959
344631411,14.435633,5.8557277,8.62238
468870467,6.0264487,5.7933664,9.7602
388767906,10.418045,5.5736437,8.56263
257303153,7.4393563,5.403824,9.38186
262821210,24.052883,5.467742,9.32193
262839320,24.259136,5.630789,7.6576
262877136,24.61534,5.9976683,9.27212
262844525,24.429758,4.049144,9.5435
328232186,45.666237,5.1881843,7.44648
420031394,35.50356,4.7467575,7.5874
344756097,16.518015,5.6712856,9.33888
268125977,32.65768,4.1110334,9.6135
420031868,35.68766,4.957025,8.24075
262878828,24.962038,4.396861,9.7643
257489116,0.59501904,4.7629733,8.9726
257489168,0.5902411,4.493834,8.0661
328029818,9.833856,5.8258605,9.701
328029915,9.727069,5.5700502,8.3555
328030449,9.725306,4.2494383,9.4471
344298150,22.709093,5.9735446,7.3938
270407840,33.035748,4.2716503,8.8925
270417287,33.314934,4.749747,7.4609
422681534,30.282757,5.3367534,7.1354
344298206,22.896906,5.90085,8.9915
270417411,33.289577,5.3726335,8.3814
257488666,0.3988645,5.0549445,7.6102
422681611,30.201311,4.9279695,9.2522
344298357,22.805733,5.129924,9.5469
270431255,33.62798,5.3387895,9.3312
422681616,30.192694,4.904945,9.2164
422681602,30.186138,4.940757,9.8743
270407856,32.99159,4.3616004,8.7486
270431055,33.532574,5.8586993,9.6714
388815437,18.46502,5.1418443,7.16714
257488661,0.4496555,5.0414615,9.31589
344298227,22.814121,5.828551,9.3185
257488747,0.41561654,5.3728075,8.811
344241361,21.758238,4.1720757,8.77691
270430723,33.538776,4.125532,9.33858
419998212,34.847176,4.2130117,9.29797
406413428,33.33898,5.7727785,9.08241
422681548,30.24232,5.2825007,9.4107
270352843,31.8103,5.8633366,9.6896
406413738,33.362305,4.2051525,8.3093
270352894,31.946772,5.9848313,5.4407
422679172,29.983706,5.658619,8.3534
58720396,3.1536376,5.752063,8.4599
58732614,3.3834496,4.2794456,9.2188
344243535,21.996489,4.5483656,9.4797
422692047,30.416666,4.0523086,8.72975
270408148,33.064445,5.8682594,9.4697
270344475,31.7096,5.221922,9.5993
257203268,6.931053,4.607067,6.9188
257203198,6.9455204,4.2151356,8.9915
344660239,14.933784,4.100734,9.7181
399693404,20.1602,4.083765,9.6786
58720646,3.0866926,4.431661,9.98712
58720718,3.1630359,4.016846,9.37663
399693564,20.219532,5.0190787,9.15877
257203315,6.922112,4.840685,9.8238
270417193,33.260265,4.286161,8.05792
270415547,33.183495,4.3786297,9.55958
270352958,31.912857,5.6263237,7.61701
422654548,29.187063,5.9946103,9.47225
422654820,29.24267,4.732311,9.65038
422679398,29.947697,4.5339518,9.364
257203178,7.027785,4.112461,9.7335
406413679,33.433712,4.5333734,8.43932
257570783,11.708164,4.8363357,8.1004
293560582,28.274998,4.9799438,8.5278
270371167,32.271603,4.2274814,9.1195
270405589,32.779327,4.288362,8.4586
257570756,11.71045,4.9522533,8.8505
270354765,32.09091,4.4462023,9.9699
293560584,28.282402,4.975471,9.751
270354726,32.056156,4.241544,9.0743
270371347,32.24831,5.1040483,8.5808
257570685,11.686685,5.3457594,8.51698
257570769,11.662692,4.893941,8.98096
270407895,33.003433,4.5897737,8.49331
270344655,31.636806,4.341434,9.7199
2052935751,346.3545,4.34561,9.2475
2052786961,354.6272,4.3166876,9.8542
2053163621,358.75378,4.4688272,9.6622
388810710,18.253218,4.0236173,8.5087
369535351,25.995863,4.995825,6.2984
293470351,27.376072,5.626359,7.48752
293503641,27.867393,4.949167,7.7388
293516993,27.911333,4.128818,7.5562
270463358,33.745068,4.8697257,6.7094
336565216,10.834282,5.741284,9.1554
369554711,26.142595,4.684118,9.254
293503586,27.82381,5.1994376,9.9446
293519438,28.155012,5.2650647,8.4801
270463743,33.845757,5.2522845,9.8888
419998829,34.94415,4.8907866,9.8814
328083310,10.480582,4.6151767,9.0758
328083427,10.55729,5.132906,9.3669
388811326,18.389856,4.8729634,9.0839
388811386,18.36804,4.5225134,9.924
270463711,33.828907,5.410094,9.1738
422652290,29.065762,5.88705,9.3837
422652632,29.035517,4.169504,8.7847
419998937,34.96264,4.25882,9.912
293516981,27.92478,4.0623903,9.9636
388810736,18.284655,4.177058,8.8981
293503111,27.726229,4.530628,9.47562
293517000,27.924282,4.1792774,9.24742
369535339,26.06009,5.069966,9.40683
293480233,27.526896,5.20679,9.98688
293503053,27.754248,4.220567,7.8609
388811491,18.338242,4.0018334,9.8784
369535315,26.010353,5.15424,9.93489
293477899,27.39232,5.4046216,9.1314
293503456,27.869188,5.872544,8.06045
293519486,28.1545,5.579182,9.68326
293302519,31.544434,5.037762,9.8315
336565383,10.881631,5.03088,9.967
58732360,3.2883503,5.595279,9.4103
257372775,11.260129,4.8318577,9.1441
293467691,27.015833,4.253232,8.3866
38385112,3.578641,5.96036,9.4144
399732133,21.230505,5.9484625,9.6332
422678990,29.891577,5.5624046,9.9084
399731946,21.193693,5.176301,9.4521
257372624,11.267798,5.5551615,9.8335
399732494,21.330982,4.094569,9.73168
38384886,3.5894997,4.8858294,8.6676
257372696,11.268567,5.1816864,8.0204
399732232,21.286459,5.4548707,8.1898
293371397,5.4626484,5.8854995,8.6071
257372626,11.268763,5.5529823,9.3441
257372677,11.190328,5.2796197,9.3921
399731950,21.12409,5.1943874,9.57002
293467781,26.910707,4.7608995,8.57138
293468216,27.061249,5.0042825,9.549
293479728,27.414976,4.3803573,9.8917
293480417,27.626768,4.1493726,9.753
38398191,3.8130324,4.0177755,9.959
293468259,27.03302,4.816902,9.8251
365004607,16.80847,5.0055585,7.784
293434737,26.627205,5.9535074,7.9941
293457455,26.872593,4.7161093,8.7654
365004599,16.785284,5.053018,9.8997
365004670,16.801495,4.6858854,9.5605
293434351,26.48483,4.1845675,9.4335
365004498,16.812593,5.6159596,9.29062
365004622,16.854492,4.93179,8.38337
328067533,10.01673,4.0377297,9.82025
365004507,16.832094,5.5579543,9.3576
365004602,16.843674,5.0356283,9.8987
293257639,1.8298454,4.558547,6.8658
293257148,1.7601215,5.287995,6.1608
293257651,1.9040673,4.507171,8.8095
293257184,1.8136389,5.4298997,9.2093
293257187,1.7440983,5.442874,8.4797
293257589,1.833079,4.8559837,9.2287
293257687,1.903646,4.3568554,9.56186
429032339,1.3167804,4.3881664,9.3461
399664543,19.817112,4.0493355,9.7612
344282538,22.583532,5.2882104,9.2024
344282676,22.648027,4.6857414,8.926
328084003,16.943338,4.4143915,8.8531
369494084,18.750818,4.4044847,9.9797
318707987,8.739685,4.381468,8.2491
328083803,16.872692,5.191416,8.2513
344282518,22.641441,5.371054,8.0201
369494072,18.704422,4.2357426,9.97427
257343634,8.460521,4.259474,9.9525
344300548,23.131048,4.2499,7.2375
369494431,24.998314,5.7580204,7.9971
293406970,26.241867,4.1381087,9.6665
293407372,26.359983,5.805701,9.6058
344302118,23.253948,5.3821893,7.962
344628932,13.951128,4.511438,8.031
388778549,10.739394,5.7482653,9.6784
336957958,19.015675,5.1467443,9.511
422650067,28.780285,5.6928253,9.9215
369534753,25.842258,4.029204,9.1213
293469898,27.191296,4.2854414,9.7575
257435186,13.180361,5.578706,9.3886
293407267,26.23046,5.8034797,9.4328
293456955,26.716883,4.799268,9.3545
369534824,25.834078,4.321656,8.76214
293456916,26.673903,4.5449953,8.2655
369533695,25.335598,4.4964857,9.08147
293407013,26.292002,4.4297247,9.6169
293407279,26.22357,5.865033,8.5793
344300157,22.939684,5.582995,9.7494
369494111,18.687122,4.5968313,8.08595
257343756,8.420616,4.9478755,7.9684
630499711,27.030983,7.6312585,9.5424
471011360,39.020367,6.88687,5.79
610949869,10.818231,6.569755,7.7736
346892220,24.01186,7.6453056,7.0763
630478014,24.01186,7.6453056,7.0763
630478015,24.01226,7.6455636,7.105
278962915,39.020428,6.886787,4.887
630407212,33.971985,6.6260924,7.9546
630410595,34.85143,7.1941214,9.5519
337133829,33.971985,6.6260924,7.9546
405228055,10.818231,6.569755,7.7736
620002981,38.62468,6.3161764,9.5736
337186285,34.85143,7.1941214,9.5519
620005615,37.49315,6.53022,9.5746
408508058,3.5390582,6.772352,9.9376
408508079,3.4187002,6.580409,8.9191
347416268,27.030983,7.6312585,9.5424
403024415,1.708773,6.652829,9.237
610985024,18.438562,7.578244,5.8219
611117450,3.5390582,6.772352,9.9376
611090780,3.4187002,6.580409,8.9191
611090781,3.41902,6.580275,9.0687
376935328,19.277004,6.774016,9.084
640059446,44.843586,6.652098,7.4639
381027159,37.398273,6.433884,9.768
381027179,37.49315,6.53022,9.5746
381083450,38.62468,6.3161764,9.5736
640064408,43.165195,6.4748087,7.89106
416837652,55.64622,6.987524,8.686
387609097,44.843586,6.652098,7.4639
416804706,55.458286,7.9590883,9.6898
640054528,42.561245,6.6840196,9.41313
640054529,42.56175,6.6844573,9.61618
387515198,43.165195,6.4748087,7.89106
387517713,43.386368,6.86549,8.419
649913408,55.458286,7.9590883,9.6898
387464035,42.561245,6.6840196,9.41313
610985025,18.439705,7.578156,9.0057
408348913,355.91086,6.474366,8.506
402933354,347.75803,6.609837,9.9037
354281551,351.0877,6.045474,9.48972
354265452,350.8285,7.5874486,9.3944
376904847,18.438562,7.578244,5.8219
408373515,356.37488,6.4864597,9.4141
408503396,359.73154,7.357336,9.8054
408348700,355.9005,7.553122,8.8993
408348767,355.98672,7.249503,8.36385
401396609,359.94922,6.6646643,9.8242
387512727,42.99986,6.719332,9.747
418753573,2.005537,7.805924,9.978
405186397,1.82659,7.703593,7.184
337131027,33.827465,7.7878203,9.67768
337130196,33.635498,6.65105,6.04308
380960127,35.548237,6.857337,9.7499
380959710,35.323814,6.443745,9.9434
401434703,9.893546,6.68849,9.9695
272160204,9.491259,6.053869,9.6574
272160200,9.542829,6.042382,9.8236
347512512,32.31971,7.816659,9.5097
347513921,34.161316,7.5998654,9.5606
347513217,32.381653,6.20988,8.0697
347513651,34.10168,6.9919004,9.07349
347513463,34.169052,6.5294013,8.5536
347513103,32.3239,6.435901,9.4271
347513946,34.188293,7.6863017,8.8183
347508812,30.676525,7.7915435,6.3755
401435155,9.961947,7.8152742,9.5174
376904820,18.5069,7.6405206,8.4429
376904850,18.432856,7.575361,4.9933
376939954,19.473536,6.329864,9.85094
278559909,358.2521,6.4446273,8.4382
336626243,354.06277,6.8607793,6.5465
336626492,354.2606,6.165606,7.5704
336626580,354.20538,6.5094767,8.8023
408424434,358.43274,6.7401357,9.3586
336626308,354.14954,6.5915484,8.65665
401396805,359.88885,7.5672154,9.4891
354262876,350.63757,7.4872665,7.13904
402982192,355.63885,6.8575497,9.93783
402982187,355.64883,6.8447566,9.8378
402994029,357.55853,6.540226,9.0994
336677694,354.65506,6.7238894,9.31445
336677816,354.63443,6.2432013,8.713
402994136,357.5353,7.047202,8.3789
402994289,357.48468,7.9297476,9.696
408422408,357.97586,7.455596,8.1958
401396639,359.89578,6.7821445,9.7922
258618604,355.1489,6.793617,8.3746
408385060,356.95642,6.0362706,9.43781
401396607,359.9491,6.6641545,7.7942
258618372,355.17624,7.9398465,7.09
258618384,355.16266,7.886353,7.0532
408413439,357.65237,6.0196,7.21864
258618368,355.21948,7.9833903,9.3463
258618385,355.19208,7.8819623,9.87566
258618813,355.2978,6.2627707,7.221
258618814,355.29477,6.2653155,7.9268
258635599,355.4029,6.286043,8.42149
402993745,357.35556,6.8828382,9.8646
336677657,354.57953,6.9083076,8.8657
401396651,359.89685,6.8874846,9.33392
408384755,356.91296,7.6384907,9.65684
401396086,359.88315,7.7837663,8.82555
408413530,357.7106,6.2830143,8.6952
408413655,357.81104,6.89234,9.0111
408421850,357.85895,7.5186796,9.3312
408421882,357.83643,7.3352227,9.78142
408385234,357.062,6.797367,8.8274
408385292,357.0602,7.1631856,5.94371
258635831,355.4862,7.2505474,5.8169
258640372,355.56778,6.117225,9.7849
423330370,353.20483,7.053596,9.3428
423330339,353.29272,6.854629,9.7392
423330469,353.2882,7.5012755,9.8536
427681327,348.4606,7.3956237,9.0876
408373840,356.5667,7.178353,7.41796
408503572,359.74768,6.413489,8.0603
408348791,355.9567,7.1750674,9.2892
408348632,355.99347,7.934569,9.5506
408348684,355.96225,7.654563,9.56372
408348722,355.8768,7.459588,9.4
408348856,355.9671,6.7849026,9.4284
278534445,358.13718,7.540708,8.9565
408348823,355.88193,7.0259123,9.5827
423325120,352.72855,7.9969363,7.28043
408411255,357.27286,6.3824015,7.4341
423325060,352.74124,7.728553,8.4205
401396260,359.82785,6.863321,3.6275
423324753,352.7557,6.4215384,9.1816
423324912,352.7229,7.174572,9.31428
423325112,352.81964,7.955398,9.90255
408411319,357.21716,6.6742635,9.74171
401369742,353.44617,6.2986913,6.4479
258640311,355.56198,6.398429,9.5253
258640111,355.53537,7.2613297,9.5962
401369407,353.54025,7.97529,8.2892
336674736,354.31143,7.1131344,8.8366
401369434,353.5323,7.8267326,9.54636
336674629,354.3465,7.62397,7.88531
408370984,356.20715,7.437551,9.4624
408371021,356.20395,7.1918077,5.90347
408371201,356.1846,6.222571,8.8992
408441587,358.73517,7.804412,8.864
408441943,358.7189,6.107028,6.3434
258600298,354.99213,7.436348,8.04312
402375267,348.98566,6.932165,9.71666
402375445,349.04883,6.1549,9.32202
423327440,352.92078,6.192283,9.95454
408441735,358.78247,7.0709705,6.28843
258616569,355.1307,7.838347,8.39096
423327064,352.91364,7.960632,9.87038
423327321,352.89758,6.7498846,8.99766
423327338,352.8341,6.6891985,9.4835
408371082,356.12997,6.910869,8.90816
423327197,352.8374,7.3064713,9.88066
258616251,355.04224,6.227181,9.96051
423324597,352.4793,6.596826,9.8355
423324621,352.54477,6.4341583,9.6246
423324645,352.55402,6.344833,9.6161
423324836,352.7382,6.8275537,9.0892
408411382,357.27368,6.9713373,9.1425
408485955,359.4127,7.412315,7.4717
408486119,359.4134,6.541383,9.71672
405171892,352.59085,6.4253283,8.3024
344198897,346.68924,6.664362,9.8055
336674604,354.30127,7.7286496,9.5758
423268198,348.27017,6.4129214,9.9285
336674792,354.33026,6.8321767,8.4555
354305612,351.39587,6.573017,9.2129
408470452,359.4001,6.4349146,8.7576
397537211,352.27563,6.3737206,9.8034
354305807,351.44925,7.4063983,9.22704
405171909,352.69748,6.3110394,8.7185
408444307,358.98245,7.2760262,9.0239
354281522,351.09082,6.186288,7.2474
344222990,346.8454,6.6247315,9.71919
354281908,351.20496,7.8809247,7.9303
354281894,351.17764,7.8262243,7.937
404522447,354.82547,6.0506344,9.6421
404522420,354.79315,6.2011857,7.54901
404522228,354.84586,7.0776453,8.7582
354305350,351.35544,6.5758233,9.8708
354305271,351.2493,7.032564,6.4544
354305095,351.36954,7.7810636,9.44086
354305476,351.30615,6.088565,9.13471
354305082,351.28687,7.81593,9.5256
278559956,358.284,6.6989794,6.872
278559922,358.2205,6.544577,8.882
354281225,351.11523,7.636124,8.2372
408470725,359.28568,7.791891,9.9647
354307748,351.50998,7.7794065,9.3265
408486238,359.56555,6.2094574,9.1687
423314872,352.45258,7.671281,8.5367
408336660,355.86667,7.1174974,8.803
423314556,352.38245,6.100292,7.8472
423314937,352.4471,7.940648,9.8069
423314737,352.39822,7.047657,9.728
401372306,353.71664,6.488043,9.1372
408424687,358.641,6.53402,9.2728
258616364,355.14218,6.744775,9.7067
408371179,356.224,6.295793,8.5862
408424694,358.61893,6.5741043,8.12722
408424738,358.56302,6.8133273,9.993
408336601,355.7789,6.8133454,8.90224
408336647,355.8133,7.0322895,9.4102
423314770,352.38086,7.169908,9.83597
258600302,355.01123,7.4246984,9.4151
408349233,356.06247,7.2371335,9.61663
408336629,355.81876,6.934461,9.91423
344164869,346.46802,6.2481074,8.6415
344107219,345.71628,6.23662,8.18042
344107164,345.6204,6.1697516,9.80292
423329831,353.16425,7.7758336,9.4578
344223265,346.93073,6.6047645,8.05848
354263033,350.54926,6.742494,9.3885
354263266,350.7504,6.5516033,8.93657
354263418,350.7238,7.2050633,9.7219
402933773,347.9536,7.027509,8.64095
402933792,347.95126,7.1101365,9.4546
344223261,346.92813,6.5996428,8.99654
401370228,353.60577,7.92459,9.0491
402933440,347.76315,6.274394,9.95713
402891823,347.18515,6.3245106,9.0889
408375605,356.67746,7.755865,9.1353
408375664,356.63034,7.4294496,9.1387
408375892,356.6766,6.3530703,9.9079
408375764,356.6356,6.9879255,8.8917
408376188,356.80753,7.0870333,8.6678
354205094,349.83475,7.214927,6.4981
402891878,347.2187,6.5610857,9.27063
354356126,351.99207,6.378992,3.3625
354260618,350.4597,6.69557,8.8504
423270836,348.37134,7.180567,7.1115
354260830,350.48218,7.593061,7.48853
408470042,359.2544,7.4606004,8.1396
405174587,348.59332,7.241031,8.3479
405175209,348.72836,7.341533,9.511
354355884,352.04782,7.480498,8.4215
354356392,352.149,7.0922103,9.127
354356458,352.17722,7.3675814,8.14949
354260742,350.4634,7.237985,8.78824
405174944,348.7056,6.297937,9.7792
354355893,352.0105,7.453267,9.8153
258600276,354.9293,7.5629835,9.53831
354260297,350.3099,6.9815106,8.5822
423327699,353.05292,7.084887,6.3036
408470068,359.26566,7.2937846,9.54759
402901633,347.2879,6.63384,8.6907
423327716,353.00894,7.1523185,9.9699
408486554,359.61157,7.910738,9.8683
354266168,350.97614,7.4209757,9.86006
354205140,349.8374,7.1187696,9.90895
408486526,359.64047,7.7802887,9.5308
422459886,351.34027,6.041453,7.6506
408444712,359.11377,6.688804,9.32622
404522300,354.78467,6.7746286,9.9793
402376870,349.1875,6.3159623,9.63828
402376617,349.1839,7.56044,9.4617
354209696,350.0331,7.178971,8.6759
354209865,350.08652,6.4251723,9.7047
354209917,350.04828,6.1854124,9.8641
354209764,350.07605,6.8724136,7.3313
354209562,350.08044,7.8088293,9.48157
401361720,353.36014,7.9979024,9.62522
354210099,350.24136,6.940816,9.81996
408486498,359.63602,7.658655,9.4286
262689492,349.2035,6.1081033,9.5671
423314274,349.54852,7.2365174,7.8984
354173322,349.71762,6.6184855,9.7759
354266192,350.91064,7.5079207,8.3515
408424608,358.61603,6.0394473,9.9603
408424675,358.55847,6.460146,9.5566
408424926,358.6405,7.700968,9.9675
423272239,349.14197,7.580371,6.9534
423272437,349.08136,6.5889745,7.3272
422524291,352.06924,6.099684,7.6302
423272449,349.10843,6.552894,8.64283
422524297,352.06854,6.0745115,6.95851
423314110,349.57666,7.8351016,7.7696
405172164,348.10226,6.9025702,9.0287
405172090,348.20572,6.5263815,9.6061
423299511,349.31226,7.699526,9.90108
423299661,349.31577,7.1176386,8.33764
423299797,349.39105,6.5309515,7.915
402982076,355.643,6.2248983,9.2278
405172117,348.17007,6.6858826,9.88904
354205411,349.7914,6.378164,9.5714
354205784,349.9276,6.6512947,8.4797
262549072,347.74057,6.030912,9.4673
423316814,352.47925,7.818212,8.6057
423316838,352.5843,7.7434015,9.7801
405174804,348.66196,6.335289,9.2293
423270882,348.4399,7.0034795,8.9187
408470168,359.27585,6.8552594,8.7015
423270983,348.39297,6.63732,9.5188
354263050,350.58688,6.6505094,7.5437
402933655,347.86084,6.5727935,8.6155
402930130,347.53348,6.8456397,9.601
405157605,348.8556,6.179483,6.77288
405157751,348.88242,6.803326,8.34068
405157420,348.0468,6.6054873,7.1069
405157886,348.9243,7.4042816,9.95421
365188469,24.55393,7.0553555,8.6651
365192177,24.659065,7.5395746,9.3664
354330844,351.9333,6.737895,9.5654
354329888,351.80457,7.4919777,9.31002
354330224,351.77847,6.7523937,9.47261
354325441,351.73062,7.019625,9.9184
354206344,349.95026,7.982094,5.88851
346866029,23.418701,6.9550385,9.8445
346865873,23.463108,6.407398,9.9573
346866122,23.437119,7.167766,9.2805
346860736,23.02478,6.8415403,9.9601
346865932,23.386372,6.566645,7.3401
397593323,9.265684,7.0055213,9.6572
416712771,53.137127,7.42567,7.6206
387609310,44.974293,6.200455,8.2153
468898705,56.975353,7.923504,8.2588
416680831,53.016846,7.5663285,6.81835
468898928,57.008568,7.1296387,6.88837
365426860,48.389988,7.7987456,8.77748
416744755,54.436592,7.2717834,8.7024
365426693,48.408054,7.08393,9.68968
416744616,54.418476,6.6948557,9.87849
416744205,54.269257,6.868329,9.3125
407942819,59.56443,7.605288,7.2714
387454239,42.311718,7.046173,8.2655
468889818,56.83764,7.3055053,9.9286
468890506,56.933086,7.127426,9.5468
400006973,54.747414,7.6009645,7.65687
400006915,54.72818,7.776578,9.21252
416714970,53.30529,7.452863,9.9777
649910882,55.6916,7.902679,9.6234
468889880,56.789925,7.053096,9.57053
311127297,54.869045,6.736598,8.50041
365225836,45.050785,7.517894,9.39609
365274217,45.676872,7.066738,9.51627
381188718,51.25532,6.031015,9.40053
468890607,56.876953,7.460696,9.61381
365332561,46.44005,6.5208535,9.2713
387512246,42.904617,7.4791226,8.1872
337220441,50.185074,6.7499013,8.8988
407997743,60.98732,7.96271,8.3473
387512232,42.89828,7.5500135,7.45916
399924366,51.170597,6.623007,9.3586
345452924,58.061855,7.408458,9.6824
416677723,52.80582,7.530745,9.3035
381165631,51.02346,7.490822,9.1327
445916604,56.11572,6.940868,8.8995
445916722,56.022026,7.447817,9.4808
445920226,57.321877,7.663675,9.21944
399921859,49.842472,6.5562534,9.326
468899712,57.121387,7.786304,9.4587
445920140,57.311523,7.3803387,8.7455
381165504,51.119217,6.985017,9.2547
416668572,51.278618,7.393447,8.96215
336601621,50.06405,6.2215233,9.24574
337220374,50.20624,6.4332366,9.1116
468890767,56.880493,7.9574375,9.85478
416715618,53.417892,7.4222574,9.3654
416761817,54.96025,6.7939334,6.7468
416715368,53.37006,6.3517838,7.9629
416715490,53.436684,6.9260073,6.2891
416715528,53.400024,7.0781984,9.3649
416715660,53.421165,7.569517,9.6738
416715042,53.223675,7.1559753,9.53929
416715019,53.306953,7.2403903,9.95972
416715143,53.250607,6.6430173,9.55318
415337160,58.696198,7.935476,8.8158
416721653,53.898228,7.375174,9.55346
365426321,48.317245,6.4239902,8.0511
415333108,58.47398,7.893376,9.1051
387609518,44.96601,7.099577,9.1623
387609684,45.03605,7.8925757,8.6612
416741146,54.03863,6.7454915,9.4137
399946147,51.67959,6.659716,9.20586
399946260,51.63539,6.044853,8.9559
399946237,51.717873,6.1789737,9.90821
345393924,49.718174,6.658465,9.4073
345394224,49.986057,6.862379,9.2294
416681008,52.982235,6.9052663,9.7118
345393741,49.73957,7.485731,9.70776
345393756,49.763634,7.4237437,8.6208
345393786,49.720673,7.2899714,9.08429
399920791,49.553253,7.5655055,9.3141
387609654,45.01172,7.749755,7.1414
345393765,49.692482,7.393235,8.62201
345393825,49.694233,7.1045904,9.45409
387609520,45.002552,7.1024795,9.0273
415333142,58.49398,7.8154016,9.1096
416680873,52.980103,7.468082,9.145
416712661,53.18453,6.8987517,8.6155
416712750,53.095264,7.353288,9.0753
416744933,54.45241,7.9912333,9.2472
345455538,58.2114,7.513185,9.0442
415390830,59.52076,7.759581,9.0581
468887007,56.605343,7.2442756,6.49655
345455466,58.304993,7.7705045,7.0114
426589018,56.433353,7.1888695,7.02574
445928948,59.694664,7.9297786,7.93
347572988,49.117287,7.787236,9.1256
347573273,49.14218,6.2836514,8.79902
416802266,55.37821,6.8727736,6.6637
416801860,55.181858,6.71717,7.8404
416802311,55.35139,7.0546126,9.57828
387463502,42.38707,7.685199,9.5985
387464014,42.607582,6.615184,9.172
387464033,42.561905,6.6713753,9.8494
293144295,49.28386,6.120293,8.7599
387464090,42.57218,6.929259,9.8084
365232760,45.43764,7.8523073,8.7242
365232783,45.517178,7.979747,8.8629
445926073,49.41137,6.694424,9.0732
416721228,53.70451,6.4176936,5.90048
416721533,53.90156,6.8427587,9.2618
445925954,49.416573,7.1469707,8.8134
445923535,47.881912,6.830955,9.14651
345412465,57.57038,7.6462684,7.0759
365294034,45.96173,6.1333013,6.3943
445925813,49.386585,7.690154,7.1954
445925825,49.359943,7.655811,6.8688
445926336,49.518898,6.4843373,8.1875
346923041,24.41804,7.149125,9.0306
365232648,45.44402,7.2778788,9.64173
365232733,45.464455,7.7419753,9.92363
445926001,49.39423,6.9754615,9.8223
365232280,45.344532,6.249119,8.1568
445925818,49.41215,7.677481,9.5954
346898065,24.407143,7.1465054,9.0601
365232027,45.355667,7.182633,9.41824
365294317,45.990185,7.2817044,7.76092
445925936,49.418205,7.221057,9.51548
416721470,53.924603,6.5720215,8.94855
416802461,55.28407,7.6157074,9.43174
347572957,49.118694,7.9011226,9.95929
387423601,41.65004,7.316451,9.9853
365355758,47.103607,6.7234583,6.74102
416672209,52.446526,7.321622,9.5411
387443754,41.88412,6.69444,9.4532
365356329,47.116215,7.6430197,6.79466
416672228,52.42778,7.383303,9.08466
387514920,43.156525,7.6832905,9.6837
387534324,43.587383,7.6802325,7.3641
365355743,47.003784,6.7987556,9.522
365273563,45.570503,7.4738507,8.4782
365293943,45.867363,6.2266994,6.3577
415368551,59.11707,7.5712667,7.3224
416718571,53.650364,7.227906,7.79818
415367536,58.994053,7.4912744,8.8768
416804860,55.45444,7.318,7.47295
416805609,55.585968,7.5521684,6.6943
445915961,55.940025,7.3895183,9.208
416804771,55.41566,7.6842413,9.72469
365442619,48.878128,6.69604,9.1959
365457550,48.895725,7.166949,9.0418
365442018,48.80832,7.9999795,9.8917
416838223,55.864212,7.326436,7.3395
416838281,55.83785,7.5794883,9.6283
365442348,48.724144,6.62906,9.6901
346893525,24.228058,7.847425,8.5349
307404242,47.411854,6.2388425,9.9756
346893521,24.181362,7.8315268,4.354
346892832,24.081131,6.260982,8.69514
346893493,24.114855,7.7491484,8.57744
307404226,47.41343,6.3002276,9.64273
399965165,51.991306,7.2550483,9.3616
346897232,24.247644,6.9120073,8.9341
416680753,52.977303,7.896349,9.46385
365442247,48.783653,7.1010237,8.2371
468898698,56.970528,7.9401,9.39566
468898917,57.04943,7.1462436,9.4331
416718480,53.678566,6.843302,9.00072
445915893,55.93777,7.5941205,9.84351
416804761,55.492374,7.7416587,9.54367
345451994,58.027306,7.8725495,9.63031
416717925,53.46893,7.432581,8.92365
445916053,55.897614,7.0898,9.92162
416804873,55.484657,7.269632,9.9146
407587722,47.64554,7.1362653,9.90359
416804788,55.38913,7.572405,9.99747
346892211,24.032606,7.6515346,9.6079
365369928,47.31635,7.942404,8.3311
399965184,52.054314,7.3022237,7.4625
365370052,47.293877,7.460419,7.1773
365370060,47.300465,7.4389033,7.3585
416671997,52.357887,6.3190017,8.8807
416837501,55.70575,7.5018253,9.5206
405272867,1.1713932,6.522455,7.56392
405272699,1.1449611,7.2666054,8.9764
293391897,10.971003,7.555178,6.7905
293392357,11.166378,6.9030433,8.2396
293392482,11.183606,7.61901,7.2621
293392215,11.165992,6.082008,8.1591
405272836,1.110193,6.6508665,9.6692
416681013,52.993664,6.869648,9.3769
346892888,24.06357,6.1047025,9.427
266032222,14.581058,6.844311,5.83491
266032356,14.493756,7.611628,6.78156
266032307,14.555832,7.3033233,8.5638
266032287,14.516943,7.2313824,8.9974
405272881,1.2102358,6.416653,8.8242
293391858,11.082256,7.7707458,8.1131
293392314,11.151075,6.672617,9.235
293392538,11.113295,7.8254685,9.22428
401425528,5.0210905,6.292663,5.4112
401425748,5.196947,6.7399983,8.1143
399930529,51.475834,7.497155,8.50259
399930620,51.453045,7.065023,9.5758
399930670,51.432747,6.84047,8.4969
399930468,51.478703,7.7545233,9.8294
403024121,1.5772362,6.936871,9.24892
403024226,1.4861116,6.362941,9.8591
405333461,3.0074897,7.020867,9.9852
401425257,5.0930414,7.571007,7.4577
418756043,1.9512105,6.5149503,9.5698
416837401,55.691307,7.9029527,7.63663
356738099,60.243305,7.85025,8.37728
416837653,55.64613,6.986687,9.9622
401425369,5.0996,6.9544625,9.3491
401425310,5.1212583,7.3060975,9.22004
257219351,6.5763206,6.094391,7.4898
387443740,41.95095,6.7923656,9.3258
387515107,43.12057,6.9016476,9.3161
365355928,47.045044,6.0373654,9.8472
347084363,48.981895,7.1809654,8.685
416677812,52.756023,7.1983085,6.4342
258806958,41.30293,7.4721694,8.8396
347084423,49.002705,7.4610405,8.8408
257331707,8.191739,6.0605145,8.2817
258806768,41.374794,6.442755,8.2181
365294152,45.918144,6.6226025,9.3419
416677803,52.784927,7.223575,9.80439
365005529,19.936176,6.161897,5.4658
365073835,21.251034,7.741115,9.4613
387534695,43.812508,6.235945,7.7039
387534861,43.761173,7.090361,8.0135
416614713,50.476498,7.2239175,8.8398
337219274,47.789913,6.8670726,7.02613
399920173,49.21541,7.3844514,9.6878
365005572,19.862495,6.369656,8.3389
387424215,41.866924,7.6277213,8.771
416614890,50.51214,7.9901733,9.9263
399920324,49.189182,6.7452474,9.9474
387424069,41.865078,7.0044055,9.9656
293404937,5.7138386,6.0009074,9.9025
401428211,8.763004,7.0262313,9.3324
365005595,19.95569,6.569857,8.7587
347084334,49.03186,7.0818486,8.97861
258807009,41.341175,7.752361,8.5838
365178925,22.834463,6.333335,9.9143
347084278,48.974003,6.8200006,9.53669
365074016,21.261549,6.6767197,9.932
365332451,46.410336,6.1174364,6.4757
416614050,50.36792,7.6245384,9.1782
365273468,45.544563,7.855829,9.52537
365332474,46.388912,6.1954975,9.23865
401465400,10.425686,7.1627064,8.4272
365225938,45.103794,7.0568237,9.8465
466442724,7.128939,7.090162,7.6722
387401054,41.409,6.560937,7.276
365226075,45.058464,6.505519,9.8236
365226133,45.127842,6.2642527,9.0032
365226380,45.22625,6.634569,9.8586
387421540,41.56451,6.488649,9.4408
387400910,41.48366,7.241282,8.3193
466442843,7.0791874,7.673283,8.0977
368628035,27.932692,7.5756683,7.95483
365232383,45.45444,6.2250423,9.9752
445926339,49.519367,6.500083,9.3477
416720880,53.686714,7.8419466,9.6274
416721611,53.893463,7.20678,9.3863
397591169,9.330979,7.485883,8.484
369480004,23.308079,6.013092,9.7624
381164997,50.832523,7.176514,9.9502
365423145,47.98381,7.2599993,9.7235
401433948,9.449548,7.1775746,8.9022
369473790,15.362388,6.3210764,9.9734
369473878,15.440695,6.75553,8.338
365301667,46.234608,6.8999953,7.7705
387453918,42.212,6.5693913,7.3173
369473994,15.415065,7.30527,6.96081
257815723,17.214125,7.5262074,8.2755
416678544,52.940266,7.8159623,8.1392
369473834,15.3858185,6.5085115,9.9624
416678292,52.835514,6.824967,8.6279
416762306,55.123028,7.130367,8.1242
408517620,14.224088,7.4116526,8.3458
408517638,14.229725,7.5486474,8.04574
365423635,48.109856,6.6608806,4.43322
365338460,46.91612,6.7515574,9.7853
387443963,42.07666,6.245002,8.902
387444229,42.11626,7.3247666,7.2372
403024538,1.6868719,7.453882,9.2734
408517446,14.186114,6.3562512,8.3133
387517712,43.3863,6.866634,9.6201
365423523,48.182438,6.1868906,9.4148
257866261,17.56548,6.215463,9.7253
387512664,43.013645,6.4829803,9.93262
257816299,17.343163,7.5957837,9.82919
376933191,19.008644,6.8087296,9.9081
416671771,52.33799,6.6360726,9.79129
399920310,49.28752,6.7998915,6.7403
365157657,22.608932,7.8074136,9.04182
365157659,22.608204,7.80901,9.88553
365074093,21.247108,6.258551,8.01927
376455825,8.284667,7.5857162,8.88894
387540694,43.938286,7.28107,8.64965
387540886,43.88393,6.307009,8.76961
387424126,41.76915,7.2677565,9.29371
337219321,47.792583,7.1740184,7.4251
399920166,49.212345,7.414025,9.5099
399920516,49.61658,6.227617,9.66457
387540983,43.997814,6.125242,9.82059
365338556,46.91853,7.2458735,8.67481
365338557,46.98453,7.25617,7.8751
376455827,8.181186,7.590273,8.5982
403024416,1.7089025,6.6536965,9.0471
387540761,43.86756,6.9620037,8.96751
387540879,43.858196,6.339117,9.74274
365338448,46.893368,6.695655,8.96075
365109796,21.840763,6.962402,7.40529
328301471,46.261967,6.122174,9.84092
387444110,42.02626,6.843892,9.04577
387444225,42.060455,7.3097873,9.35582
387444364,42.014225,7.925145,9.62875
416801777,55.15871,7.0523005,9.82438
387444272,42.107384,7.5371757,8.54567
416672029,52.387352,6.4868407,8.72352
416678349,52.847656,6.9817705,8.94969
468886120,56.567177,7.69261,9.42527
257813860,17.089,7.363575,9.8137
416762447,55.06532,7.5852947,7.19385
387541167,44.04034,6.904323,9.7894
416678378,52.92475,7.129652,9.80024
403021930,0.5366721,6.4963746,9.1036
266119391,15.0229025,6.2891536,8.5622
466439944,6.7116985,7.321473,9.8338
466439876,6.78908,7.7186975,9.173
369479016,16.04262,7.207895,7.8155
387540997,44.017372,6.174969,6.31012
403021989,0.5923962,6.1596875,8.4736
266017202,13.275313,7.4860997,9.2254
257800003,16.538866,6.833521,9.7813
369478535,15.939655,7.386235,9.4695
466439987,6.7483764,7.1226826,7.1895
403021953,0.6026987,6.333012,8.1613
266119381,15.048442,6.203203,8.74066
369478645,15.946452,6.7648354,7.16813
266017039,13.169265,6.66526,8.6857
266017253,13.183115,7.701948,7.97618
266017286,13.263967,7.9242406,9.84001
403021802,0.55803657,7.226296,9.9417
466439936,6.7052927,7.3640585,9.1891
466440403,6.8917327,7.234463,8.79
381109892,40.287987,7.5179176,8.3487
381110060,40.25596,6.771263,9.9406
381129224,40.650898,7.2906146,7.5625
381107922,40.007854,7.765317,8.3988
381129448,40.642696,6.2292004,8.8427
381129260,40.605946,7.0959167,9.7927
406409157,13.722077,7.825444,9.8114
381003367,36.57898,6.31458,6.5723
365109527,21.702074,6.726967,9.917
368643078,40.96474,6.25874,8.8451
406409097,13.673823,7.545543,8.80139
365109701,21.85611,6.41592,8.354
381129290,40.61172,6.979446,9.21301
387494406,42.72709,7.742272,9.2689
365428915,48.49082,7.6543427,9.889
365429003,48.517277,7.216844,8.88962
401467398,10.502092,7.2657256,8.3255
266019521,13.456059,7.271122,7.7092
387494680,42.724743,6.5101204,7.9076
387495211,42.768284,7.948108,8.7465
416646662,50.97495,7.5570555,9.7799
377062653,47.57449,7.767461,8.1844
415338345,58.86825,7.5894337,7.341
415338387,58.832222,7.673457,9.7821
401467234,10.563443,7.9266047,7.9941
401491968,10.646088,6.344087,9.2995
399948794,51.95984,7.2208138,8.9502
365429108,48.50905,6.6871986,8.60528
365439791,48.600967,6.6565957,9.2079
365293734,45.811234,7.115247,9.8975
365332080,46.301533,7.212541,7.5195
266119168,14.931855,7.0474377,9.2914
399948657,51.90665,7.750473,7.20205
468334567,5.6477704,6.1601796,9.6032
266019428,13.471287,6.7884984,9.7757
401467262,10.536969,7.825801,9.8695
408508158,3.4627073,6.084961,8.5706
369477172,15.528528,7.940521,6.6243
408508043,3.5229485,6.878095,8.2547
405335108,12.205818,7.004495,8.389
347006572,43.973995,6.059513,9.3491
408508033,3.430646,6.9384007,8.8308
418753983,3.988131,6.264603,9.51166
406413093,14.394292,7.4618473,9.7655
365227789,36.101856,6.244185,9.646
380990030,36.19947,7.707732,8.87361
381001060,36.4055,7.2301307,7.5508
381003039,36.5747,7.84361,9.6987
381003050,36.576027,7.8056555,9.4917
381003569,36.686234,6.708666,8.7602
381003778,36.653927,7.8345423,9.6401
381024224,36.774044,6.794311,9.4722
381024394,37.042355,6.056355,8.2514
381003598,36.687614,6.869099,8.7314
381024082,36.873352,7.4078894,9.7632
381003375,36.56769,6.292552,6.3927
381003460,36.764256,6.226481,7.541
365227672,36.09501,6.742152,9.51552
381001049,36.49027,7.1932483,9.2822
381003735,36.72594,7.624104,9.13527
344772903,17.315613,6.076041,9.0281
381132141,41.233658,6.341865,7.7324
365063993,20.736486,7.4192567,6.453
365063984,20.70464,7.4742618,9.1417
381131933,41.099186,6.851799,9.2811
381132323,41.219025,7.216842,8.4502
387515681,43.2883,7.7058525,9.0362
387515402,43.268314,6.3465548,9.9669
365301267,46.091476,6.6495028,8.2379
387534557,43.59129,6.521768,9.4469
365063965,20.722185,7.5583363,9.5325
365066844,20.887156,6.1325336,9.6037
381131889,41.076176,7.071373,9.7697
365066961,20.848463,6.7408614,8.1595
381131813,41.038578,7.387083,7.96154
381132205,41.20762,6.656849,9.60482
387515391,43.248898,6.308136,9.10367
381132279,41.156246,7.005164,9.9793
337136513,34.40352,7.9554677,9.7233
293407726,12.170958,7.5848656,3.0433
318785484,40.282585,6.072274,5.3549
337214765,36.348003,7.2761445,9.938
377044940,40.524487,6.8805933,7.765
365157220,22.510279,6.4431624,8.4811
365157325,22.546312,6.143825,3.56196
369479031,15.9659395,7.24695,8.3261
257802986,16.910887,7.5249696,8.593
347005532,40.749348,6.6532383,9.9829
337214661,36.323868,6.655089,9.9915
377045082,40.440426,7.6861587,8.48083
401427741,5.3128095,7.28836,9.2535
347543281,40.065384,6.11195,5.8566
405251305,0.34659803,6.7914696,6.85531
257523560,1.0002137,6.051114,9.424
405251490,0.36129817,7.6953626,9.54661
347005425,40.67674,6.136395,9.9192
377044947,40.438255,6.931185,9.826
468349804,7.5510025,6.4855566,9.7033
405190513,3.7340117,7.7085137,8.4182
405268167,0.7884244,6.9552712,8.549
380883974,16.13177,7.475455,8.7609
408506254,3.2762835,7.2627454,9.8893
405268263,0.75601584,7.380305,8.9806
408506087,3.1990325,6.1762757,8.95746
408506199,3.2563794,6.8952355,9.10826
405267949,0.69030905,6.0344014,8.0655
408503986,0.016605824,7.513847,9.56488
418735354,0.24279605,7.1567154,9.81942
377062862,47.48496,6.704814,7.52211
346875631,23.879765,7.8058486,8.7454
387515184,43.16305,6.541164,9.12538
381165055,50.77907,6.8846807,9.62416
406408432,9.739378,7.914918,7.1362
408515334,8.97624,6.362632,8.275
376933145,19.077055,6.576997,8.3788
347346632,25.449448,6.5320244,8.389
318836677,41.387623,6.0816183,8.2911
365335568,46.640247,7.0177727,9.0523
347346521,25.404484,6.117405,9.7811
365335566,46.652386,6.9972086,8.99919
257884140,17.695925,6.2456803,9.6245
387532299,43.57509,6.776589,9.91539
346875093,23.79258,7.225521,9.99807
406408824,9.643658,6.0217624,8.2208
347346532,25.348969,6.0460405,7.291
387541380,44.03065,7.9225445,9.0068
376933360,19.07165,7.6866846,8.93484
257884501,17.829279,7.8279295,8.84903
365337924,46.78197,7.4069986,9.9565
381165178,50.785408,6.3804984,9.51407
353234117,10.8806305,6.154204,8.413
347478515,30.66098,7.676806,4.78289
402024265,15.7358675,7.890138,3.3965
368630202,39.146126,7.7300277,4.9026
278962465,38.842228,7.3284326,7.2194
368628548,38.767223,7.4709907,5.26995
258798124,37.661407,6.260756,9.1072
377042559,36.89103,6.250674,8.9777
403026148,3.1042814,7.832163,6.9901
278962487,38.896477,7.2184753,9.0625
278962431,38.864666,7.483098,9.1979
401988464,15.829582,6.70667,9.9535
402024151,15.779514,7.3196173,8.915
278962608,38.948944,6.604348,9.491
377042838,36.88905,7.7120695,8.9002
278962594,38.93896,6.6790156,9.9152
337138863,34.683918,7.7934213,9.92052
266119272,14.957029,6.483226,4.1991
422971387,39.647713,6.0957656,9.4246
401444777,10.041209,7.6560326,7.7153
401444925,10.089104,6.948863,9.1441
401445256,10.155919,6.7415137,9.7621
418761437,11.649235,6.0999303,9.5609
401494371,14.3288,6.2239714,9.9272
266014660,12.926897,6.2479544,9.3178
401494241,14.3017,6.846238,9.7995
257802323,16.727802,7.881527,9.55557
337025079,32.083668,7.1021967,8.0596
381024756,37.017616,7.764186,9.4572
381027160,37.398365,6.434286,9.8506
381027324,37.438805,7.143415,8.1382
337217054,39.92764,6.89199,8.9856
387543469,44.169613,7.052916,9.9509
418761398,11.524136,6.090191,7.3409
468334938,5.8288145,7.803677,8.8532
405305267,2.8153045,7.948142,6.6731
468357793,7.751143,7.7294545,9.11298
381107948,40.048496,7.8800244,9.97298
401444762,10.074348,7.720435,9.01096
387586753,44.54962,7.0020294,9.9629
405305123,2.8983057,7.1214943,8.9775
387544134,44.222904,7.653346,9.5742
387586836,44.525513,7.3811016,9.9074
405304065,2.3612823,7.954521,9.0699
387609204,44.86711,6.212752,9.8632
468334924,5.796211,7.738635,8.8392
401494364,14.300063,6.26417,9.7497
266016759,13.125401,6.765945,9.4771
365152336,22.288748,7.233741,9.9331
387597988,44.5801,6.277899,9.345
365207168,31.805647,6.4716754,7.2784
347416260,27.143343,7.6593413,8.6997
365202228,30.049377,6.6539,7.6262
337046677,32.752937,7.5611014,8.5629
336959187,30.33749,6.9757023,8.5753
293407799,12.170359,7.3176904,8.9634
405336788,12.400108,7.8407044,9.2303
405336980,12.371155,6.8585405,8.52
337129888,33.604126,7.5432887,8.9974
337025403,32.210224,6.704536,8.14473
337025463,32.23619,7.0076165,8.4767
401429986,8.781679,7.72327,7.9019
337025318,32.22431,6.3019204,8.9951
381077956,37.571857,6.0928493,9.5241
365207336,31.788097,7.3843746,9.2819
336959057,30.337439,7.6136284,9.4719
468349806,7.4545083,6.4753804,9.0383
336981918,30.987972,6.999807,9.8754
365179182,22.78679,7.6958017,9.19057
387586759,44.452175,7.0193896,8.4945
387609179,44.877914,6.33965,8.76978
405305063,2.8826659,6.8644967,9.4882
365152285,22.346416,7.041166,8.8705
387543278,44.112946,7.780214,9.2026
387543577,44.08953,6.5663238,8.87531
387543648,44.188374,6.33702,9.27147
387586728,44.438,6.9131346,9.51633
387586850,44.47751,7.435177,9.21964
468350037,7.6034794,6.9275355,9.69332
387598387,44.75342,7.315088,9.65978
387544135,44.27214,7.65344,8.3316
387586156,44.37125,7.7780514,8.53535
387609597,44.96237,7.526682,8.50259
468334692,5.8036704,6.5572,9.1774
365152390,22.303919,7.441768,9.23645
365207321,31.788408,7.3009496,7.87982
336959732,30.468624,7.864369,6.5865
365207121,31.854925,6.2085853,9.33446
336959501,30.4798,6.8025403,8.95269
419954654,30.750809,6.0091352,9.7009
468349809,7.5307503,6.4676223,9.0314
468350093,7.575977,7.1790276,9.6397
405336773,12.3949995,7.954761,7.74401
468349839,7.5261536,6.3333077,9.31125
408517124,9.071955,7.2656403,9.9048
468350107,7.612233,7.21442,9.41638
405190010,3.628792,6.6549735,9.4333
468345173,6.322104,6.708608,9.7692
468360275,7.9346,6.816686,9.4395
468345208,6.2210293,6.9004436,8.9114
368624102,27.531158,6.9655647,9.5887
468345402,6.2794347,7.866156,8.7192
376935519,19.271427,7.9138045,8.3226
365149916,22.095482,7.961355,5.29241
429035648,9.617144,6.1096506,8.83297
376934879,19.164284,7.948259,9.8131
365178462,22.716984,7.953678,9.6653
365178650,22.649456,7.063803,8.6768
380943607,35.102318,7.463899,8.0603
380964656,35.64644,6.8456798,9.144
380964747,35.66429,6.3458385,9.4811
347005145,39.394222,7.5534525,7.8148
405189795,3.6229734,7.8067575,9.7052
468360614,8.106616,6.9563885,8.7725
468345351,6.325633,7.647082,9.58374
369459051,15.126791,7.3538833,7.6693
468345084,6.3002234,6.290961,9.31088
429035531,9.510219,6.7103996,8.665
347005238,39.36496,7.052375,8.6022
429035421,9.51772,7.2860527,9.0326
429035786,9.779168,6.5942497,9.8873
468345371,6.2206054,7.739431,9.31252
369459069,15.201676,7.4704432,9.3444
406410879,13.831477,6.8542423,6.3833
365092120,21.671911,7.43733,7.8145
365091786,21.531872,6.32874,8.4271
381083459,38.671192,6.2850323,7.78076
381026810,37.307465,7.259266,7.7844
365069183,20.9453,6.499063,8.0639
380987969,36.02271,6.58667,7.5205
380987952,36.014988,6.5145073,7.4729
381026967,37.29511,6.630064,9.8295
365178581,22.711742,7.3151345,9.7831
365069069,21.007383,7.2051506,8.9449
380987799,35.80034,6.369223,9.5372
380987801,35.80025,6.3590684,9.6415
468360603,8.064587,6.923852,9.7521
380987746,35.86072,6.6018,8.48707
365069032,21.005276,7.397121,9.4811
365092078,21.653992,7.2960763,8.66965
380987888,35.93521,6.231135,9.6708
429035781,9.821126,6.5826507,9.8685
429035780,9.802983,6.580803,9.9891
381027064,37.36246,6.1716814,9.3751
376905907,18.576693,7.8363023,9.6444
381083094,38.59544,7.940178,9.90839
278963057,39.064667,7.758591,9.9747
380987587,35.897198,7.271274,9.81857
420033937,35.78587,6.123617,9.8841
381083284,38.636696,7.011877,9.6024
381083482,38.616165,6.170138,9.83027
369459037,15.126148,7.291454,9.85028
405190109,3.626859,6.177553,9.70155
429035951,9.776044,7.5720415,8.16499
376935065,19.229664,6.811703,8.3382
365149913,22.114567,7.958179,7.54416
365178980,22.77711,6.619485,7.65288
337186310,34.877354,7.342493,9.48044
368623578,27.466791,7.872984,7.2302
365202278,30.053041,6.9180207,5.5167
347005135,39.384476,7.603981,8.6217
368625895,27.704462,7.603755,8.3702
368626004,27.640825,7.015201,8.9636
376989905,29.465235,7.3933606,8.8869
368626010,27.65113,6.962874,9.9743
368623694,27.483267,7.223541,6.8813
376990151,29.611116,6.1218677,9.5785
376990161,29.70003,6.1993036,9.68594
365202238,30.041391,6.6912217,8.85522
368623571,27.495123,7.8909845,9.55334
376989803,29.515617,7.942388,9.3662
365202235,30.05268,6.6853366,9.35165
365206815,30.079758,7.584208,8.8756
365206880,30.17981,7.2998576,9.72719
380964855,35.68221,6.3428326,9.88939
346977888,29.461645,6.2282147,9.9901
377042414,35.191082,6.6830783,9.928
365151850,22.200872,7.074818,9.5706
365151988,22.230627,6.4431324,9.5087
381081152,38.475666,7.637374,8.7734
405228010,10.744153,6.8115907,7.4555
337138402,34.56862,6.703742,6.23
337138600,34.67447,6.473951,9.7056
405227820,10.793214,7.635616,9.4293
368628427,38.7922,6.8247347,8.52336
365151803,22.262905,7.2940917,6.1832
405227896,10.803841,7.3214765,9.55888
337138590,34.653828,6.403308,9.3635
337138594,34.579277,6.4274173,8.7915
368628448,38.75085,6.917639,9.26727
347439603,28.409412,7.6339355,6.1698
405293620,2.2444372,7.337865,8.7297
336982411,31.0571,7.715588,8.704
337133463,33.869144,7.3642898,9.7859
347418766,27.39076,6.752823,8.9882
405293711,2.254055,6.8081255,9.327
293373547,8.54566,6.301277,9.3072
347418782,27.32289,6.647975,9.7228
337009606,31.925755,7.958533,9.9722
337138842,34.691986,7.705699,7.5611
401988030,8.434786,7.6853285,8.549
347418709,27.285835,7.047963,9.58046
347439558,28.471643,7.853042,9.35655
347440001,28.502329,6.6165257,9.5919
337133478,33.850964,7.2761984,9.3481
337133506,33.869656,7.1395397,9.50803
336961786,30.839636,6.238206,9.06742
405293785,2.2403727,6.461683,9.8425
336961627,30.777985,6.7293253,9.7538
257320754,7.842852,6.0462613,9.9955
337138480,34.473125,6.2548556,9.9499
337138548,34.64658,6.2369933,9.71856
405187445,2.1176362,7.8264413,9.148
365025851,19.981882,6.842144,9.5815
365061498,20.49269,7.459229,9.1096
365061956,20.62395,7.103847,9.2902
337091868,33.48575,6.793848,9.4248
346988347,31.212543,7.735661,5.51105
365025805,20.051748,7.1028934,8.35461
257958836,31.74952,6.5613704,8.5694
257958894,31.766743,6.2771554,8.5514
365061818,20.695358,6.4320846,6.6859
257958625,31.670675,7.8785996,8.8924
337091634,33.288654,6.5888953,8.1861
337133634,33.863243,6.487343,8.135
365069525,21.121937,7.365245,8.5995
337187953,35.01573,7.8593054,8.799
337091994,33.598732,7.3780103,9.3169
419956992,31.112583,6.008094,9.9544
405187645,2.1072733,6.616802,7.019
257913852,18.12819,7.442791,9.0205
365026118,20.172327,6.621301,8.58938
337214457,34.953705,6.6717153,8.6042
365061849,20.684416,6.5512586,9.5484
405187612,2.134456,6.7829704,9.0662
405187679,2.12744,6.4120765,9.44074
337091992,33.565403,7.3703604,9.95
365069339,21.105799,6.4843025,7.6103
365069277,21.101318,6.1313715,9.2469
365069443,21.168911,6.9403973,8.4349
346988369,31.188538,7.844781,8.5723
376922020,18.837105,7.6064024,9.428
365069453,21.17626,7.001447,9.205
337133892,34.077404,6.971079,8.25331
365069468,21.155315,7.1110625,9.6221
468360613,8.0991,6.9554763,5.7147
380943609,35.132713,7.4686418,8.05128
346990356,37.242046,6.814119,8.4609
347543167,38.40315,6.500787,9.386
381080405,38.24544,7.888246,7.9296
377039523,35.296318,7.7800045,8.238
377042254,35.292297,7.6258717,7.5564
380965131,35.773952,7.602341,8.3512
346990416,37.183273,7.233504,8.4364
380964608,35.660927,7.188172,9.5729
278964274,39.314137,7.8319483,9.7648
380964524,35.636322,7.5356545,9.1621
387515197,43.164436,6.47492,7.91635
381080644,38.303596,6.9352145,9.8725
365247154,39.670364,6.946459,7.772
258806431,39.450047,7.1966257,9.73005
346990426,37.24643,7.332142,9.9903
293503404,27.735168,6.0067544,6.8169
365202113,26.634552,6.149601,7.0725
347416587,27.260841,6.2711573,9.6809
347416847,27.169239,7.6839294,6.0309
337130382,33.66443,6.119046,8.2734
337185821,34.779263,7.480814,7.811
365202110,26.590631,6.158263,8.2126
347416435,27.07352,6.7293677,9.9325
337075920,33.035107,7.689515,9.5312
337130479,33.82027,6.273303,9.5443
347387927,27.008333,7.922924,9.4889
365201956,26.604387,7.0806556,8.7104
376940392,19.543594,6.94581,9.87949
365201978,26.65593,6.9608045,9.46482
347416728,27.24988,6.9962096,9.83656
278962913,39.06361,6.8716455,9.02054
337130939,33.84148,7.4941864,9.98063
369535162,25.988811,6.019404,9.0934
405251494,0.33357072,7.7016354,8.94201
405267612,0.6570642,7.725552,9.78246
369473602,15.315732,6.6824126,9.5331
347362031,25.967556,7.2182293,9.8501
365202042,26.558048,6.536156,8.28438
337076018,33.068153,7.2692947,9.973
337076141,33.006584,6.6471562,8.48611
405187986,3.3073335,7.0782204,7.5757
408505807,0.46925762,7.3935094,9.9194
293306566,4.6344156,6.0934463,8.4661
380884595,16.299026,7.874628,8.1674
380884602,16.246292,7.895364,7.8834
346975841,29.225077,6.3504043,8.8529
337076232,33.096474,6.164448,9.754
337076298,33.15763,6.4318037,9.4575
405187871,3.3678083,6.459393,8.149
346975957,29.285383,7.090881,9.0626
365091728,21.541779,6.664977,7.4892
346975927,29.333136,6.8755164,8.1522
337076315,33.134556,6.549967,9.3171
337076540,33.147213,7.6148295,8.8908
405187817,3.3363023,6.161715,8.7381
376878909,18.29914,6.289575,9.0534
346975856,29.337679,6.4365344,9.8094
257913604,17.988241,6.194761,9.9418
408506012,0.49716246,6.2010207,9.91497
346975805,29.270876,6.1056595,9.838
381080640,38.24912,6.956317,7.8778
258806323,39.503113,7.6952844,5.9649
278962831,39.010742,6.432421,6.70032
278964204,39.237972,7.504207,9.40756
365247275,39.615414,6.2859206,8.85251
380959201,35.38322,7.7522435,7.0104
337216607,38.19117,7.4260798,8.47373
278964140,39.292706,7.290181,9.121
346990498,37.191494,7.7268834,9.28955
347543153,38.42745,6.558528,9.63228
422968808,39.289555,6.070271,9.8118
337216599,38.22587,7.4796534,9.91138
405187907,3.4052215,6.672945,9.2474
270431115,33.56523,6.009728,8.572
408505796,0.48912597,7.432906,9.17436
408505815,0.4704343,7.3411098,9.05525
257913296,17.985712,7.949043,9.87723
376878543,18.236961,7.7256727,9.903
376878874,18.279406,6.1244435,9.80006
368626369,27.776865,7.2420406,9.865
347434481,28.221643,6.97894,9.291
347434956,28.352663,7.633254,9.1477
347475852,28.938997,7.042168,9.7608
368626286,27.785389,6.7251124,8.0992
347432588,28.042503,7.569999,8.7927
347440187,28.506804,7.5960445,9.9962
347470228,28.673594,7.166334,9.2021
347470254,28.62673,7.0633645,8.1095
347512451,32.2991,7.9511833,9.8821
401492250,10.618477,7.627502,8.7654
376987826,25.09814,7.086602,7.31811
257921201,26.360527,7.7776237,8.9285
257921781,26.47226,7.5158544,8.9305
368626078,27.718428,6.6597404,9.5222
347470076,28.678883,7.947655,9.9361
347475902,28.945814,6.709833,8.7451
347432326,28.01567,6.134728,9.8345
257921764,26.483173,7.429051,9.1646
368626124,27.70191,6.411607,9.47629
347434419,28.140503,7.3252935,9.2276
347434460,28.212383,7.0393033,8.86973
368626167,27.651257,6.1508746,9.7358
347432334,28.032274,6.1864495,9.8801
347434289,28.210083,7.9696045,9.68861
347472414,28.930532,7.7865567,9.90249
347434679,28.321432,6.1752815,9.64319
376988281,25.289936,7.588353,8.1176
368626110,27.717018,6.5285335,7.9225
347434663,28.326084,6.0820737,8.6179
257915794,26.093397,7.0781536,9.08602
376987742,25.080582,7.613318,9.31483
376988180,25.25181,6.958638,8.94982
347432398,28.089502,6.551102,9.10778
347434415,28.220976,7.3469396,9.0069
347434538,28.180254,6.731119,9.908
347434854,28.32378,7.029444,8.75215
257921770,26.427553,7.45219,9.9396
347434625,28.12495,6.2326365,9.7132
466437760,6.534322,6.8663993,8.9002
422679087,29.99336,6.035489,5.87482
347477956,29.179451,7.4904685,7.5842
466438099,6.603758,6.966445,9.2796
376921836,18.79487,6.6399593,9.9552
408515481,9.015278,7.155977,7.2682
466437830,6.4700174,6.531,8.5146
466437951,6.6717353,6.2035613,9.67916
408515569,8.988522,7.6091504,8.31152
347478076,29.10337,6.8158183,9.0256
2052927738,351.0877,6.045474,9.48972
2052927739,351.08838,6.0454698,9.6733
2052970415,347.75803,6.609837,9.9037
380884414,16.210144,7.0459414,7.4486
376990129,29.53262,6.1484265,9.96307
368623943,27.54307,6.159291,9.4381
368624085,27.589802,6.9096484,7.4972
368624149,27.595991,7.2919955,9.9457
2052966343,350.8285,7.5874486,9.3944
418756458,2.5539267,7.470928,7.7097
405228223,11.354599,6.1922417,9.1589
405228255,11.343505,6.3648763,9.2444
2053177805,356.3752,6.486331,9.6521
405228340,11.416587,6.798749,9.9783
405228358,11.435836,6.899596,8.642
2053197996,356.37488,6.4864597,9.4141
2053200058,355.98672,7.249503,8.36385
344243823,22.025036,6.019789,9.9982
466437909,6.5104065,6.072945,9.9978
468347160,6.4014516,7.7324634,8.7907
468347171,6.424643,7.6911407,5.632
468347275,6.4488688,7.13318,6.7195
257866494,17.633839,7.5133815,7.8212
365056729,20.324583,6.9708033,7.9256
346924990,25.023859,6.948318,8.9394
347346145,25.40015,7.907015,7.70173
347346267,25.413292,7.3470783,9.0603
377020457,29.794353,7.6765785,9.8398
377020473,29.794498,7.600722,9.2842
346860860,23.035532,6.5085692,8.8049
257924216,31.62179,7.7144756,8.5388
377020767,29.871775,6.2020364,9.291
337025520,32.22981,7.2844896,7.8869
337025636,32.17033,7.8787055,8.6978
337027594,32.506397,7.402209,9.2529
337046032,32.66926,7.7343144,9.4626
346865506,23.280777,6.666298,8.8512
346873245,23.672888,7.58765,9.7039
365056831,20.267344,6.4484835,8.7767
266012506,12.765747,6.8998446,7.1521
337027728,32.50133,6.6698484,9.2019
266012262,12.54815,6.7262893,7.9945
377020722,29.816069,6.1328773,9.0231
377020869,29.889841,6.6946673,9.5387
2053200057,355.9868,7.250354,8.55681
346872883,23.619688,6.3863983,8.8748
347470601,28.85073,7.081801,9.0504
377020899,29.927486,6.864196,9.2057
2053202101,355.9005,7.553122,8.8993
2053182040,359.94922,6.6646643,9.8242
2053184565,359.73154,7.357336,9.8054
347470651,28.829481,7.269875,8.86682
377020668,29.77221,6.45038,8.24867
377020822,29.863783,6.4735622,8.66961
337027741,32.439167,6.614629,9.84073
257924118,31.635939,7.226018,9.8001
337046004,32.70121,7.88921,9.9306
347346331,25.43242,7.012372,8.9635
346860816,23.02626,6.5946474,9.27701
346872867,23.597963,6.437598,9.21846
346873207,23.72259,7.391382,8.76724
468347162,6.4441996,7.7227306,9.7687
346924913,25.016102,6.386069,8.5984
346861108,23.250418,6.1876473,8.60507
346873045,23.692238,6.586399,7.74849
346873079,23.682552,6.7612586,8.77028
346873156,23.652224,7.1325827,9.5359
266012206,12.619719,7.1020737,7.5776
257923722,31.451952,7.028413,6.4289
337046360,32.63499,6.0988355,6.8659
257923793,31.47913,6.677528,7.42332
347470486,28.826468,6.4371862,7.5688
337044223,32.513184,7.78636,9.80357
429052850,15.705704,7.500767,7.7851
429052944,15.623677,6.9985366,9.37616
405209935,3.799485,6.807533,9.7002
429052786,15.641399,7.8263884,9.8855
408517351,9.048525,6.116216,9.80999
376990467,29.67403,7.8698354,9.972
337136103,34.27978,6.299363,9.5756
377020462,29.707035,7.6454635,9.0123
377020489,29.749743,7.531817,8.7129
377020619,29.73532,6.6740913,8.01074
405333551,2.982615,6.5782557,8.3419
346940048,25.76884,7.247181,9.1749
346893110,24.171906,6.7180176,6.0675
405333561,3.005214,6.5229278,9.9718
346940032,25.75343,7.1459837,8.588
346893057,24.217302,6.587947,9.9744
346897035,24.278881,7.5040417,8.5551
365192199,24.634827,7.473647,8.5129
346896931,24.243673,7.807137,9.7327
347387420,26.818863,6.977818,9.3143
346939648,25.604404,7.4077854,8.5645
369533964,25.311638,6.0867295,9.22774
347387729,26.91319,6.814023,9.78327
397589403,4.4350123,6.8980765,8.5411
405210303,4.1462584,6.8546877,9.5209
405212570,4.207773,6.5684133,9.7571
408508525,4.6400065,7.7668605,8.9336
397589587,4.4214616,7.7595367,7.8247
401422232,4.7814164,7.2825184,7.9831
405210420,4.08642,7.3577847,9.1893
405213091,4.2880216,7.9057245,7.9186
418754074,3.9381628,6.794608,8.9343
405212578,4.239558,6.5515037,9.7643
397589613,4.470267,7.866042,7.2533
405212727,4.37005,6.0115232,8.9447
408514877,5.5643454,7.981182,9.3923
405186541,1.8186086,6.9092593,8.5097
408515046,5.4991107,7.011658,7.4427
408515095,5.516385,6.764242,8.2625
401421782,2.6196105,6.8293233,9.0562
293408350,12.517927,7.668451,6.78418
293408308,12.5349045,7.44293,7.071
397589181,2.8096085,6.180452,9.7433
405186545,1.8273835,6.8903165,9.3843
293408329,12.526573,7.548908,8.9146
408515120,5.6049914,6.66755,9.7825
376457488,8.397927,6.644545,8.5183
405210346,4.0409474,7.0307546,9.6089
405186549,1.7672577,6.8755603,7.28466
405186695,1.8024195,6.204278,8.5632
408514895,5.593552,7.883614,9.35187
408515181,5.523348,6.3662896,9.8003
266074740,14.744523,7.7193365,8.25266
365188642,24.575775,7.6381564,9.6167
293408291,12.451,7.351622,9.6389
611013838,15.173485,9.487163,9.1765
611013839,15.173914,9.486873,8.2912
346924529,24.91307,8.20056,9.0124
630525997,24.91307,8.20056,9.0124
369471949,15.173914,9.486873,8.2912
445928349,59.751728,9.781469,7.7447
365058527,20.515572,9.655192,9.8165
468880263,56.5586,9.3372135,9.7543
406409450,13.687499,9.429225,9.1634
405292132,1.265088,9.279883,7.277
620023380,35.341892,8.880456,8.4638
620023382,35.34217,8.880766,7.61804
630564129,20.515572,9.655192,9.8165
399967035,54.36641,9.055046,9.4291
399948117,51.90857,9.93506,9.6991
415390259,59.484917,9.625463,9.662
337219719,47.793114,9.197581,9.362
611017308,13.687499,9.429225,9.1634
380958750,35.34217,8.880766,7.61804
640115282,46.831417,8.395044,9.6084
640115281,46.831005,8.395609,9.00719
640106678,51.90857,9.93506,9.6991
640106679,51.908867,9.934912,9.8905
640119347,48.562946,9.191325,9.7008
649933358,56.5586,9.3372135,9.7543
640063684,46.20929,8.113605,9.75281
649927541,59.751728,9.781469,7.7447
387610077,44.955166,9.651049,9.803
365337717,46.831005,8.395609,9.00719
640098031,54.36641,9.055046,9.4291
365301965,46.20929,8.113605,9.75281
673427278,60.039196,8.304214,9.81753
407999126,61.55446,8.502876,7.3077
673389799,61.55446,8.502876,7.3077
387534178,43.573452,8.291884,9.297
356733825,60.039677,8.305257,8.783
356733826,60.039196,8.304214,9.81753
365428535,48.562946,9.191325,9.7008
408373036,356.39587,8.968259,8.199
10002270952,21.198778,9.538793,9.788
408376632,356.84067,9.47432,9.88513
336627348,354.19943,9.613626,9.0184
372917805,65.965965,9.460969,4.868
403023651,1.533463,9.714954,7.329
377055949,40.527767,8.208569,9.729
418759655,2.489264,8.576954,8.278
337131386,33.81606,8.736144,9.7708
337131471,33.72385,8.920742,8.475
337131821,33.815117,9.850996,9.62
418759631,2.465204,8.453167,8.7477
418759634,2.463735,8.453303,8.7705
380960647,35.428883,8.2221775,8.6705
380961198,35.4827,9.596343,8.3068
380958403,35.337036,9.73552,8.1546
380958423,35.36779,9.66567,9.2578
401435287,9.879614,8.226213,8.90084
401435249,9.92737,8.122805,6.84113
401433002,9.407641,9.641438,7.8983
401369391,353.48282,8.019539,8.4115
307403364,47.3616,8.680534,7.4116
307403447,47.463142,8.479138,8.3263
376904156,18.504381,9.627103,8.8677
347509729,30.671228,9.967267,8.885
347509121,30.611488,8.511409,9.9973
347509478,30.637466,9.344176,8.16
347514160,34.087868,8.306936,9.23798
415396814,60.507782,8.758293,9.4491
415396413,60.582806,8.029557,9.9707
415397114,60.539787,9.352605,9.60314
415400921,62.828205,8.287728,6.0429
347514785,34.163086,9.765237,9.2352
376939024,19.393948,8.931301,9.3984
376937074,19.241838,9.883472,9.3972
376937076,19.250257,9.886114,8.6307
278534967,358.09143,9.944449,9.9511
278534693,358.17868,8.720495,8.02986
401395931,359.83417,8.517451,9.9457
408425201,358.59357,9.144384,8.69503
401374293,359.8078,9.372079,8.87365
258639737,355.5699,8.977734,8.92777
278561634,358.40735,8.504524,7.1286
278561832,358.3549,9.409313,9.1601
278561768,358.37207,9.110283,8.88829
408469564,359.26215,9.78488,8.1891
258638221,355.42328,8.204229,8.68905
278561690,358.32834,8.771962,9.09929
408469519,359.25153,9.986435,9.7988
258639821,355.51886,8.61317,9.8309
278561673,358.36136,8.671773,9.7607
336689082,354.7183,8.312827,8.1105
336627265,354.28458,9.3270645,8.6899
336627223,354.20297,9.1779,9.5881
336627064,354.168,8.576962,9.96703
336689157,354.6636,8.649364,9.902
402994424,357.52414,8.609883,9.4057
354262706,350.63055,8.225234,8.2187
402982806,355.7045,9.885468,6.6409
402982734,355.7168,9.616323,9.4695
402982691,355.6706,9.407578,9.95532
402982799,355.67227,9.847081,9.3916
408376547,356.76758,9.026867,9.8722
258599947,355.00955,9.092287,9.3924
408384671,356.9706,8.005115,7.9706
408376648,356.7653,9.548476,7.49991
408376699,356.8328,9.760327,9.9008
401361966,353.39923,9.161785,8.7879
408414214,357.80103,9.699445,8.50427
258618287,355.21268,8.33394,7.6744
408413982,357.8195,8.628304,9.23634
408422724,357.94952,9.056433,5.6727
402993400,357.41483,8.626698,8.2764
404521966,354.77774,8.319719,7.4524
408502965,359.7044,9.550076,6.1538
408486919,359.58286,9.830822,7.5235
408374376,356.57645,9.785072,6.9271
408503027,359.69992,9.240846,8.5305
408412672,357.65067,9.948201,9.27893
336625591,354.0918,9.4094515,8.8463
408349451,356.07742,8.504598,9.39663
408486902,359.55264,9.756143,9.6795
402993451,357.40686,8.358411,9.57555
402993239,357.39758,9.516895,8.8179
258634998,355.29333,9.453771,9.87601
258618269,355.20453,8.427194,9.0021
258634965,355.3267,9.2812,9.5796
278560535,358.21542,9.517321,9.6144
278560514,358.20575,9.372238,9.2506
278560577,358.28003,9.696163,7.4948
408373052,356.411,8.881796,8.9285
336674200,354.30072,9.242467,9.8192
408372965,356.4727,9.29716,9.9458
408371678,356.30826,8.230838,8.0524
423328024,352.99643,8.477751,9.8609
336674134,354.29288,9.497676,9.0743
408411580,357.23227,8.168891,9.3133
408485516,359.47525,9.733487,9.3526
408442621,358.88156,8.90196,9.4261
408385854,357.06702,9.966629,7.2548
408442551,358.86432,8.591333,9.2441
408442800,358.8236,9.744921,9.7539
408385490,357.0774,8.18874,6.859
408442508,358.8983,8.381563,7.8998
408442711,358.85782,9.393828,9.6749
401396941,359.96466,8.2638,8.4796
408385823,357.01447,9.8421135,7.7263
408410431,357.1232,9.87263,9.6992
408442472,358.90714,8.223277,6.84124
408385506,357.05054,8.245596,6.3325
354265337,350.8183,8.075211,9.2538
408442585,358.91602,8.760925,9.8225
408441465,358.76624,8.470314,8.7377
408441490,358.75018,8.389467,6.6
258616604,355.139,8.029037,7.1962
408370780,356.13013,8.504022,8.15112
258599814,354.97934,9.677296,5.8136
408441292,358.78592,9.425922,9.6961
408441452,358.74686,8.546214,8.86412
336674187,354.3832,9.276937,9.6399
336674357,354.36194,8.677582,9.2675
408485774,359.4317,8.40813,7.9474
514810889,63.484783,9.264026,6.7803
354305955,351.40204,8.1271105,9.0432
354305966,351.44638,8.183286,8.6108
423314990,352.43893,8.222056,9.62916
354307563,351.56714,8.569129,9.81128
408349753,356.0646,9.8939495,9.6554
408349552,356.02878,8.942995,9.17461
283724838,63.296337,9.49386,9.2103
354355628,352.01852,8.631455,6.4314
408471133,359.33383,9.739086,9.6758
354281091,351.07822,8.110259,9.45315
408471093,359.39566,9.590242,9.86263
354281032,351.0646,8.366205,9.40861
408349524,356.04977,8.873359,9.2613
408349638,356.0609,9.342337,9.83467
408337235,355.75507,9.808511,9.529
423329745,353.16348,8.129938,7.6283
354325857,351.70572,8.018222,9.198
401370311,353.5651,8.300199,9.4722
354326161,351.61435,8.643845,6.5391
354263600,350.73038,8.067757,8.6511
401370396,353.58356,8.7131195,7.9777
401370550,353.6265,9.333226,9.1585
401370316,353.61182,8.316396,9.45008
354329644,351.82718,8.066973,5.8988
423330783,353.20575,8.954641,9.2659
354304907,351.3484,8.572086,9.0274
423315139,352.3532,8.867198,9.86799
408375519,356.70486,8.247108,9.6899
401372948,353.86176,8.519709,4.8779
408421319,357.8396,9.769888,8.7218
401372918,353.90063,8.382618,6.9719
401373170,353.8691,9.495363,9.74488
354209508,350.1003,8.024618,9.4341
401361869,353.32718,8.657889,9.63201
423330742,353.2587,8.782009,9.3179
408486740,359.5608,8.945464,8.4613
408486604,359.6294,8.186382,9.8803
408486586,359.60675,8.085232,8.48124
408503247,359.74304,8.095997,8.4173
354305995,351.38586,8.351844,9.724
423315141,352.454,8.884556,8.8357
408441182,358.7791,9.989137,9.2929
408441250,358.77014,9.632592,8.8031
423316774,352.53815,8.006153,9.2634
423316660,352.49594,8.436325,9.95479
408423931,358.51828,9.227648,7.5594
408421727,357.86627,8.156164,9.7465
283729844,63.484936,9.263824,4.18102
336625684,354.10022,9.068062,9.2797
408503031,359.6949,9.237004,9.7529
408413035,357.61984,8.114825,8.6747
401363280,353.51834,8.380878,9.2211
283729692,63.53379,9.406696,9.9288
283730512,63.49563,8.600538,9.9306
354304961,351.29404,8.276264,9.68221
354326042,351.69785,8.373247,9.4044
401370286,353.58563,8.156783,9.6395
401370297,353.6462,8.252012,9.5799
401370317,353.6231,8.317881,9.6669
401370530,353.6669,9.224822,9.6287
423329576,353.11963,8.791575,9.3707
336677079,354.64334,9.45305,9.8948
408445105,359.0424,8.53255,9.7508
408445320,359.04947,9.536863,9.7946
336675872,354.41104,9.444496,9.60996
336677247,354.5925,8.657204,9.6836
336675861,354.42816,9.408297,9.74928
401371691,353.7504,9.329296,9.1152
283602737,61.72705,8.191812,6.57271
365188899,24.563316,8.346847,9.2707
365191209,24.637663,9.89786,8.4095
416762777,55.118214,8.79304,9.85797
354206380,350.02386,8.048791,8.9351
337046898,32.83783,8.569805,5.129
346862649,23.236822,9.8212385,9.332
346866455,23.388107,8.060368,9.28661
415369347,59.061314,9.972461,9.4703
415369188,59.090607,9.480106,9.41774
284706174,67.47256,9.30132,9.872
387609912,44.92872,8.907389,4.818
345535577,69.602325,9.925918,9.4632
373209825,69.95724,9.877899,8.8955
373136110,68.65371,9.533872,9.6354
311130986,59.996075,8.262476,8.7415
415407473,65.58155,9.904049,9.6741
365459490,64.532425,9.728333,7.7614
365459895,64.62548,8.678762,8.6428
365462253,64.74226,9.703576,9.7674
373104766,68.09311,9.485257,9.8394
365459719,64.547485,9.155521,9.0736
373023313,66.73914,9.313309,8.873
373102471,68.00912,9.4669075,9.0675
373104550,68.08484,9.925442,9.3827
373104553,68.06309,9.924255,8.7944
373104668,68.0859,9.707769,9.7019
373104594,68.15765,9.851809,9.8709
372994308,66.65629,9.394231,8.017
373309589,70.36893,9.944169,8.8651
407944008,60.442223,9.998013,5.72717
407942376,59.57623,9.062342,9.7643
407966128,60.825386,9.846882,9.9443
365508879,64.90938,9.329211,8.96719
373209819,69.92751,9.872056,8.1663
416743400,54.27529,9.978576,9.1579
416743446,54.19177,9.800167,7.88454
283679246,62.436543,9.249587,9.0612
365428522,48.465294,9.257467,9.2985
468892582,56.99836,9.769733,9.9936
345413553,57.704052,8.473586,7.0325
445922184,57.44659,9.877927,6.59589
445922627,57.380997,8.504082,9.4792
445922636,57.377674,8.467014,7.30958
416759762,54.4195,9.291997,9.0142
468880077,56.50425,9.990376,9.4464
416743705,54.28776,8.761613,9.4017
345413546,57.692726,8.447749,7.57958
445922350,57.443726,9.407496,6.78998
283679046,62.367054,9.770206,9.19303
356789548,68.32134,9.9045725,9.2557
445922262,57.447273,9.656105,9.98618
373261925,70.31007,9.772511,8.4685
345581462,69.74978,9.639332,8.01051
283826890,64.07738,8.719424,8.7378
407942599,59.62255,8.368369,9.1184
373104570,68.122055,9.895623,9.3771
365459588,64.60267,9.4871645,6.3917
399921248,49.639854,9.5724745,9.4765
372898369,65.74549,9.403182,7.31181
372898518,65.74088,9.0715065,6.9406
445917156,56.0171,9.049693,8.63547
372896485,65.71232,9.771326,7.67619
372898455,65.74866,9.249062,7.83147
415337036,58.769173,8.36395,7.834
283791718,63.763233,8.504458,7.5796
283572222,61.706463,8.673554,8.6
283572459,61.60488,8.00851,9.3874
283572317,61.592567,8.412114,9.9896
365274534,45.702694,8.471841,6.88935
311127886,54.81103,9.183903,8.0792
283864030,64.15606,9.975282,8.23473
311127912,54.883705,9.2937155,8.63016
365225562,45.06721,8.5946665,9.8304
311127861,54.85891,9.06517,8.30125
311127918,54.87683,9.336577,9.51252
283864308,64.237175,9.280995,9.90152
372953939,66.42383,9.725044,7.95611
372954040,66.38275,9.911484,9.6813
311127875,54.784046,9.143696,7.62647
283864155,64.24284,9.677456,9.47354
373205984,69.26308,9.613488,9.5198
416741942,54.1166,8.334725,8.979
283911499,64.49057,9.868428,9.83958
407944108,60.467754,9.657392,8.9861
407944271,60.47248,9.079673,7.6881
407944531,60.46249,8.312254,8.8781
407944566,60.458843,8.204617,9.5499
415332942,58.519623,8.349136,9.8241
284703827,67.34855,9.535885,9.54738
284728891,67.597565,9.956104,9.6769
407944482,60.458065,8.463591,9.0465
407944601,60.384274,8.132572,9.48983
283911574,64.44122,9.713422,8.50976
284703963,67.3709,9.832585,9.9436
407944432,60.433193,8.6154175,9.9222
284676996,67.29893,9.945436,8.355
416674402,52.519928,8.268235,9.2771
347572717,49.065914,9.00127,9.0275
347572887,49.151344,8.191246,8.7403
416674177,52.50899,8.9605,9.7081
445928589,59.694256,9.026071,6.6144
445928761,59.669415,8.4492855,9.3695
345482619,68.45073,9.413562,5.07115
345482752,68.47898,9.685462,9.4148
345450194,57.924973,9.91595,8.9314
372994445,66.64913,9.712107,9.9868
346893994,24.22106,8.860998,8.9865
407588343,47.646057,9.92916,9.3972
416645339,50.529,9.925054,9.6094
416717573,53.55166,8.865717,9.2284
415396926,60.587677,8.973742,9.4866
416645611,50.528103,8.931004,8.5447
407588137,47.682064,9.1936035,8.39
416835737,55.542236,9.873652,9.4942
416719209,53.682785,9.762733,8.5734
311131286,59.997402,9.338594,9.8133
416718927,53.621155,8.730562,9.9044
416717717,53.44368,8.290577,8.42752
416718906,53.59079,8.66244,8.49026
283724261,63.38019,8.89029,6.4083
283707019,63.072037,9.127445,8.82977
416645416,50.602825,9.612143,9.83003
468887783,56.676117,9.907835,9.07473
445917027,56.101757,8.549229,9.9488
445917104,56.04487,8.854502,9.881
445917348,56.05765,9.696831,8.0936
407992271,60.972088,8.024502,7.8524
407992537,60.954388,8.851703,7.0636
415366858,59.01601,9.470592,9.9616
373026214,66.94055,9.542511,8.61506
407992564,60.945034,8.949489,8.28583
407992734,60.862892,9.488302,9.6538
415367123,59.000713,8.687997,8.9352
373026171,66.947624,9.455519,8.16248
468898380,57.076683,8.923473,9.6357
345413931,57.622402,9.813528,9.5896
373382166,71.00115,9.933729,9.44
365552298,65.344604,9.031475,8.36041
345539193,69.6436,9.597877,8.9339
372953611,66.41878,8.999068,9.6012
416668233,51.298897,8.673615,9.1419
284677363,67.24993,9.1625,7.5741
387495568,42.82837,9.394226,8.7359
387495616,42.73116,9.568023,9.13903
345454851,58.197277,9.97874,7.8751
407992741,60.938873,9.502337,9.9556
373026205,66.94403,9.524999,9.19502
373026096,66.82982,9.226203,9.85309
415367143,59.02895,8.631286,9.77615
416667984,51.30437,9.691199,7.68601
416677511,52.72266,8.368527,6.9157
336587483,50.15208,8.55042,9.2715
407994447,61.003613,9.190602,7.3924
372919906,66.07824,9.349249,7.16989
337220842,50.190445,8.690282,9.2828
284677224,67.19395,9.463962,9.417
345456749,58.336445,8.728345,8.7722
468901929,61.405773,9.202324,8.0269
387464576,42.55869,9.154472,7.6172
416738933,53.898388,8.6892805,9.064
337220792,50.25348,8.451049,8.04906
337220922,50.154182,9.033537,7.803
365464039,64.80885,9.509798,8.1277
283824581,64.02545,9.040678,8.25921
407994563,61.094303,8.820859,9.0698
407997659,60.985844,8.197266,5.088
416668294,51.362366,8.427147,9.04518
336587521,50.121647,8.45445,8.5212
387513128,43.020332,8.4487,9.5475
407994420,61.00557,9.292593,9.8933
387496819,42.95993,8.900417,9.9026
345453380,58.141483,9.042536,8.8047
416678873,52.84802,9.009137,8.7768
416838824,55.78928,9.474816,9.2259
365441779,48.69678,8.980794,7.0297
365441783,48.75503,8.964084,8.95508
416678800,52.92862,8.767558,8.1318
468878447,56.29267,8.085656,9.036
416838552,55.82777,8.508244,9.19951
345453354,58.06315,8.957089,9.95151
399920905,49.65411,8.187983,9.8945
415388457,59.31591,8.921097,9.1391
345394483,49.918816,8.017254,9.79075
407999096,61.532425,8.404928,8.6841
387464416,42.53855,8.460427,9.9607
399965668,51.977913,9.209241,7.6105
311129622,59.833218,8.656095,8.7899
399965487,51.988228,8.471885,9.5622
468892574,57.076633,9.814945,9.1236
387454592,42.25509,8.57264,9.501
387454762,42.302826,9.295937,9.6114
387454813,42.317654,9.502625,8.9203
416713189,53.155952,9.09603,7.81688
416714612,53.269497,8.991111,8.2017
400006791,54.68586,8.296106,9.5427
407964098,60.693222,8.1411495,8.6025
407964321,60.64601,8.710175,7.8337
407999329,61.4809,9.115758,7.157
416714798,53.23599,8.235946,9.7009
387464356,42.556713,8.1755085,9.75989
365461938,64.67941,8.941206,9.16837
468878900,56.247566,9.943324,6.1756
345412152,57.52762,8.869143,9.236
399931363,51.505657,8.269975,8.96015
400006453,54.768574,9.652843,8.4984
387463206,42.468258,8.939651,8.97754
416713269,53.149765,9.373452,5.83798
387454790,42.288296,9.420685,9.55256
387463207,42.467876,8.938123,9.07522
416714421,53.221073,9.818915,9.98193
372956008,66.52569,9.53263,9.65061
373318225,70.7977,9.896148,9.0479
345412174,57.52523,8.80828,8.3881
345411844,57.532852,9.924546,7.70989
365511088,65.01449,9.289339,7.6903
345412104,57.501575,9.032559,9.5635
345412040,57.501904,9.275449,8.20309
399922231,49.820335,8.25327,9.9809
345412241,57.546635,8.568066,9.84297
345456587,58.33401,8.198893,9.73574
416672881,52.35823,9.956975,8.75707
416837107,55.744507,9.042197,9.00977
356733722,60.1075,8.604106,9.314
356733806,60.09118,8.353994,9.4
356738321,60.198975,8.627634,8.82806
356738328,60.1935,8.637191,7.8016
356738394,60.1983,8.836116,9.126
468898550,56.9738,8.40149,7.9613
415390558,59.452137,8.5896,9.5314
468898566,57.074364,8.34681,9.3598
468898657,57.062252,8.077425,9.3922
415332467,58.49091,9.744926,9.1714
415390641,59.51589,8.334619,7.6842
365550216,65.12895,9.594441,9.0277
345448146,57.746494,9.277545,8.809
365550075,65.20446,9.224845,6.3948
345448441,57.70579,8.200776,9.57395
468898422,57.084995,8.782555,8.50508
415390260,59.48611,9.625279,8.90305
415332417,58.480995,9.879838,9.77852
311127621,54.87847,8.129661,9.2344
311127978,54.894104,9.5604725,9.07171
373054463,67.89472,9.627476,9.0053
373054585,67.85929,9.3657,9.8785
416837221,55.655205,8.634623,6.85716
416837083,55.660717,9.145449,9.8411
387533874,43.60672,9.777375,9.9438
283793973,63.88357,8.892359,4.35547
407966439,60.794098,8.88264,4.82014
407966726,60.811584,8.049558,9.7131
365464127,64.828255,9.299029,6.77869
407966340,60.747944,9.208482,6.4386
407966688,60.741302,8.140066,7.03276
416647119,50.89875,9.398562,8.9895
416740428,54.028362,9.537376,9.5475
345393324,49.69138,9.338291,8.9698
365425574,48.236614,9.489234,8.2299
345456791,58.372135,8.883093,8.7997
345393472,49.68631,8.753628,9.7583
373028277,67.06543,9.9389515,9.8019
365425910,48.27385,8.130078,9.43829
345456735,58.40219,8.654806,9.2033
365565368,65.45971,8.79294,8.77155
345456723,58.42562,8.616859,9.2646
416738934,53.897484,8.689385,8.7678
365565671,65.41554,9.506341,9.32562
337221149,50.15394,9.9700165,9.89321
373102455,67.97535,9.4365225,9.83345
283706810,63.068687,9.650138,7.2513
405291934,1.3469548,8.409135,9.6917
445923870,47.92519,8.118777,8.5452
372920089,65.98889,8.89623,8.7809
458358769,50.736973,8.655299,9.9701
416673964,52.46711,9.743268,9.6821
416673976,52.476723,9.7145815,9.9979
468889314,56.764927,8.954909,6.03375
416759947,54.479042,9.932834,5.956
415338956,58.863045,9.416986,9.5723
283706910,63.15008,9.40938,8.151
468889383,56.746964,8.764956,9.9043
468889452,56.81627,8.514823,9.5185
468889154,56.73366,9.530389,7.79202
415339115,58.907326,9.929029,8.1089
400005071,54.643642,8.383749,9.93324
387534044,43.671673,8.937085,8.6212
387423426,41.696762,8.232864,8.5334
387533858,43.634884,9.851859,9.6972
387540281,43.845245,9.328371,7.9317
365333343,46.41587,9.891299,8.14756
365356516,47.161633,8.471071,5.38257
365356774,47.156483,9.56315,8.9324
468904134,62.593422,9.385257,9.6107
365551957,65.30876,9.836986,9.2851
416672744,52.384983,9.36426,9.8056
387533877,43.604614,9.772817,9.0995
365355158,47.07346,9.311566,9.164
387534078,43.67479,8.773815,8.51074
283824307,63.997147,9.632269,9.2859
387513450,43.02091,9.886429,9.25189
387514723,43.212128,8.610316,8.5141
387540193,43.886234,9.813911,8.44557
365356608,47.137318,8.8687525,9.22092
365458001,48.92783,9.172261,9.25389
387540199,43.86655,9.782822,9.83074
468878505,56.24554,8.319573,8.93488
346893606,24.12215,8.028949,9.5998
468899951,57.093307,8.580376,6.40006
468900257,57.12819,9.645948,5.55199
401445705,10.187595,8.920212,9.7998
401445793,10.219479,9.3812275,7.7685
468899876,57.19826,8.32484,9.7224
401443399,9.973812,9.41708,9.8086
415407229,65.52588,9.340806,9.8177
416761221,55.011814,9.280276,9.0549
416716214,53.433743,9.684102,6.88451
416716241,53.367393,9.7949,9.9734
408007028,63.256805,9.326626,8.6105
372917770,65.958244,9.381158,9.6401
468900352,57.132763,9.927143,9.3273
426589666,56.43192,9.379931,9.7262
293392956,11.105716,9.952639,9.3698
468899924,57.19972,8.488224,9.9517
372917650,65.93582,9.063631,9.55239
416716019,53.38887,8.909078,9.97663
518471832,25.937132,9.568595,8.5609
283724669,63.330532,9.32275,9.3959
399932936,51.682056,8.900435,9.61139
345394737,49.924286,9.251024,9.13226
408007363,63.274166,8.380029,9.58693
445918770,56.155304,9.269441,8.7819
399947158,51.792324,9.732719,3.7553
365369491,47.250782,9.711673,6.8889
415334829,58.559128,9.24821,7.8199
408007111,63.253395,9.089188,9.3457
416615072,50.43264,8.75648,8.3341
415334449,58.555214,8.183004,9.23607
408007100,63.25311,9.128634,8.48258
257816502,17.347452,8.613231,9.327
365334713,46.607914,8.675491,9.7834
365302190,46.178684,9.09029,5.7904
368631280,40.927498,8.032531,8.9332
365330201,46.18214,9.611288,8.8289
399923790,51.203297,9.028887,2.7932
399923998,51.246243,8.229298,9.3639
416720798,53.688637,8.258232,9.03401
365271357,45.45779,8.153744,7.7832
416615331,50.489677,9.675922,7.49261
399923569,51.192753,9.807859,6.74551
415336570,58.738914,9.785947,9.34783
399923858,51.136093,8.809693,9.52914
416720557,53.68932,9.152102,7.61137
416720572,53.758274,9.069193,9.50423
415336783,58.689663,9.177585,7.3932
399923535,51.173893,9.916438,9.59079
345394620,49.98341,8.699769,7.3799
387444563,42.037975,8.902262,9.65694
416801285,55.155506,8.650681,9.7248
345480097,62.45562,9.305492,8.9183
406408331,9.746918,8.478115,8.8515
381134164,50.765312,8.756742,9.594
381131604,41.085613,8.431193,9.7762
387517170,43.442593,9.335821,3.54129
381131587,41.076435,8.50643,8.9826
381132639,41.20703,8.764638,9.7451
387517465,43.453457,8.048625,9.5376
365274542,45.705627,8.494278,9.42522
381131433,41.107037,9.229977,8.23908
387400729,41.39344,8.260938,9.74342
387515989,43.223747,9.159581,9.3019
365338989,46.88347,9.246313,9.83389
387422049,41.59737,8.984279,9.5863
387422128,41.60308,9.401011,8.5359
387423316,41.687496,8.801034,8.6848
387423328,41.74656,8.74993,8.4986
387443290,41.972343,8.925112,8.649
387443299,41.99561,8.899193,8.76053
387423240,41.71988,9.176052,9.9091
365271703,45.444542,9.443151,9.99377
337219684,47.801563,9.054157,9.7822
365424455,48.177776,9.950257,8.34732
408517959,14.13709,9.229061,6.7499
387442050,41.845863,9.307706,6.51698
365423975,48.166084,8.029528,9.7213
365424078,48.163746,8.418515,8.4903
365424123,48.14638,8.59373,6.48631
466444159,7.250694,9.857187,9.60751
466444422,7.2131467,8.383903,6.8814
257816443,17.296333,8.296245,7.0543
365157780,22.589449,8.326378,9.0162
387535111,43.773487,8.314054,9.2242
376455937,8.225295,8.279814,9.0233
468358714,7.905633,9.161202,5.7195
445925439,49.34334,9.105969,8.30256
416669444,52.192886,8.221109,9.8453
416669847,52.15821,9.767959,9.3721
387532922,43.50472,9.924864,9.2981
387535143,43.79718,8.485474,8.7384
399919689,49.226517,9.520337,9.9979
399920020,49.276836,8.067453,8.9734
468335256,5.844066,9.436847,9.9262
466443039,7.138113,8.572752,7.9008
468359998,8.022991,8.302343,9.5703
408518044,14.224298,9.688936,9.8047
402024498,15.811911,8.982205,9.3597
376455978,8.175794,8.508797,8.9482
468359996,7.971718,8.314153,9.2034
257816597,17.334917,9.019691,8.6201
346896580,24.26904,8.656089,9.973
257816397,17.367817,8.092499,9.5795
257865536,17.481575,9.611264,9.1153
365424405,48.14284,9.749197,9.542
401466966,10.483259,9.182693,9.1736
376456064,8.282914,8.920385,8.62737
408518056,14.199811,9.738704,9.93504
387494203,42.61904,8.710282,8.16374
387495299,42.849133,8.200832,9.7704
387495335,42.73793,8.360518,9.8345
399948581,51.888783,8.083344,8.49388
416740818,53.959507,8.106276,9.026
365335846,46.625805,8.286635,8.4841
377062243,47.575043,9.694113,7.0382
365428556,48.52803,9.119969,8.7304
418753324,1.975165,9.171754,9.64465
257864568,17.321428,9.690379,9.9963
257865637,17.529716,9.074362,9.4635
365440371,48.59802,9.201682,7.1884
416740601,54.048805,8.886472,6.28516
415368882,59.13305,8.511748,7.8939
401467179,10.482782,8.14993,9.7081
365440354,48.574184,9.130908,9.9452
387495323,42.803593,8.289067,8.10434
399948410,51.916096,8.765201,7.46587
365440344,48.635113,9.063736,9.40824
365440511,48.68057,9.78907,8.47812
365158098,22.536867,9.888565,9.52643
365335827,46.647636,8.222472,8.82026
416646978,50.915665,8.838909,9.9253
345455325,58.25563,8.289414,9.1563
345455112,58.232334,9.037937,9.82582
387541577,44.01746,8.750905,9.874
403021471,0.5525901,8.979027,8.9628
266119811,15.040235,8.421271,8.4068
369478301,15.852476,8.599322,7.3195
369479378,16.016466,9.005476,8.2721
266017356,13.198025,8.368042,9.9374
266018546,13.309001,9.914438,7.062
387542887,44.117977,9.581872,8.3195
369478389,15.949866,8.115725,9.8366
266018753,13.289115,8.89961,9.2352
403021501,0.53982854,8.760826,9.2277
266018666,13.372721,9.310849,8.4542
387541725,44.06591,9.35013,9.63959
387542947,44.080032,9.300984,9.24582
266017643,13.195515,9.803461,7.7957
266119975,15.004008,9.246306,9.1699
369478198,15.916692,9.0364,9.2611
369478261,15.863419,8.790067,9.0723
369479266,15.982287,8.520508,9.24693
266017344,13.202604,8.277974,9.5216
387542840,44.06792,9.765599,9.9444
387540538,43.82605,8.137662,8.61907
445925246,49.36059,9.88327,8.745
365157739,22.63267,8.144236,9.0161
387532899,43.576637,9.794651,9.9135
387539057,43.8104,9.111806,9.40584
337219632,47.834972,8.832784,9.80583
399919731,49.178257,9.36162,9.68296
399919700,49.18011,9.466295,9.91793
257816503,17.348366,8.613625,9.3859
468335242,5.832159,9.348788,8.4674
337219606,47.776863,8.722064,8.16152
466444204,7.2729983,9.647848,8.5831
369479453,15.99164,9.398042,9.3949
405333037,2.9480438,9.139962,6.65528
356738422,60.153202,8.919776,8.0396
416614942,50.41832,8.199111,9.08694
416615050,50.476063,8.666409,9.5903
416615125,50.39765,8.954182,8.58134
416615195,50.456886,9.23211,8.19314
337219867,47.754578,9.9896555,9.05942
356740271,60.28048,9.051411,9.851
405333128,3.007252,8.565264,9.49172
356738674,60.19009,9.747248,9.81612
356740453,60.28265,8.459925,8.56048
401424801,5.121091,9.937668,8.5468
416672822,52.367424,9.6908045,9.92048
468903805,62.582973,8.414769,8.10903
356740191,60.33899,9.333731,9.34286
356738489,60.14699,9.155133,9.99864
466442012,7.0196557,8.652919,9.4212
466442943,7.119641,8.117384,9.6322
405292009,1.3425324,8.787805,7.3806
401433639,9.42636,8.021114,6.4267
369474245,15.346256,8.45067,6.0413
369474252,15.401711,8.478071,9.2848
369474502,15.449749,9.6050005,8.4158
257814393,17.090988,9.908199,4.9803
445927105,49.46887,9.810711,9.4278
468880437,56.59823,8.6795635,7.32124
416799568,55.025555,8.8922615,8.5153
369474532,15.428704,9.746031,7.02006
387453141,42.192184,9.88395,9.6192
416762581,55.063496,8.081386,7.3838
345449922,57.871082,8.96534,8.56523
345449957,57.822292,9.114278,8.6844
399966915,54.30674,8.561745,9.5307
403023630,1.5688893,9.841033,9.6242
403023861,1.4937514,8.525302,9.9822
369474214,15.443558,8.277874,8.8085
406409313,13.669596,8.5727415,8.8006
381109411,40.186024,9.660438,9.2564
381110806,40.34888,8.527149,6.053
381128798,40.652695,9.124093,8.9642
381128879,40.651432,8.747883,9.2856
381129024,40.61029,8.207691,8.6634
401447051,10.321207,8.268223,9.4856
401447068,10.248473,8.217363,9.9368
406409335,13.721288,8.670343,9.3874
406409287,13.662858,8.4555645,9.2339
381128631,40.6423,9.803892,9.30722
401446825,10.299475,9.355058,6.0418
381109725,40.226864,8.240276,7.9475
381111053,40.30683,9.770027,9.64323
405269961,0.9125374,8.273098,9.7312
401446914,10.353088,8.911595,9.99722
381110971,40.37518,9.38143,9.9475
381130223,40.83451,9.5484705,9.87767
468335125,5.753669,8.731779,8.6211
416671077,52.227974,9.213547,8.9604
418755432,1.851409,9.800608,9.6477
418755670,1.9008266,8.37614,8.95061
468337385,5.978386,8.86765,8.99112
387453302,42.12436,9.200065,9.3798
387453448,42.221546,8.594954,9.42516
387453459,42.1299,8.560157,8.91828
365299391,45.97679,9.753372,9.5925
445926993,49.46492,9.388528,9.8926
405291867,1.255161,8.116102,9.2976
445924043,47.918324,8.936951,8.0617
403023624,1.5135053,9.863881,8.95066
403023796,1.4738019,8.83537,9.62092
257814145,17.080822,8.718061,9.3849
257814281,17.11056,9.383251,8.45544
257815276,17.232756,9.730512,7.3697
257815319,17.2718,9.522775,9.5267
257815605,17.255753,8.098861,9.59763
365299360,46.004425,9.665314,8.96991
387453361,42.141617,8.91973,8.25248
416799795,55.029476,9.679745,8.52987
403021474,0.6006941,8.956823,6.16688
387541497,44.057365,8.38156,5.532
399967210,54.3985,9.793755,9.7266
266032664,14.504486,9.277674,9.6662
266032665,14.503355,9.278647,9.3059
405305496,2.8273182,9.089021,8.1629
429034944,9.529643,9.829033,6.4927
429035190,9.601498,8.604686,7.2181
429035251,9.619458,8.276413,7.4065
365155534,22.297167,9.677724,7.1294
387543187,44.180702,8.158797,9.0189
387544329,44.294445,8.571378,9.10296
387599963,44.919575,9.63544,7.56602
405305429,2.924304,8.787473,9.7472
387587051,44.54428,8.34226,9.41
429035204,9.591936,8.470665,8.2937
365179294,22.867514,8.286139,8.8049
468334031,5.7281723,8.820619,9.4037
365155231,22.400595,8.252711,9.72538
405305450,2.8351953,8.927026,9.9279
520305375,37.397533,9.565302,9.1777
401424886,5.0633993,9.526425,8.7466
387609984,45.01282,9.178802,9.2453
365152516,22.364819,8.000724,9.667
387587008,44.483055,8.171479,8.9723
387598740,44.795937,8.938641,9.77007
429035071,9.524646,9.202044,8.7477
387610076,44.955154,9.650146,9.43806
376933437,19.07485,8.16843,9.5658
257885910,17.928547,9.090967,9.684
365300917,46.137527,8.223075,9.1191
365180411,22.971777,9.988235,6.8243
387517073,43.337364,9.5987215,9.7903
365334465,46.503864,9.657093,6.9453
365339147,46.95022,9.812729,9.3667
347360310,25.48931,8.344299,9.4579
347360376,25.509306,8.743008,9.8827
401426046,5.1494226,8.190272,4.19534
266011711,12.583388,9.862143,8.5836
257800952,16.610632,9.914576,9.168
365227053,36.12717,9.713213,5.99449
365227381,36.049183,8.087785,9.306
380989937,36.18583,8.294029,9.8025
381001213,36.419434,8.019902,8.5175
381002918,36.567917,8.421373,8.8865
381023920,36.856052,8.275227,9.3246
468336371,5.9533634,8.52069,9.7622
401465938,10.381929,9.624203,7.6445
266011855,12.613456,9.160838,9.026
365334603,46.546574,9.10152,9.61756
365339172,46.958176,9.923003,7.63925
468336171,5.9425325,9.618887,8.3089
468336385,5.9719167,8.426035,9.01068
266011772,12.657587,9.564266,9.5669
365227134,36.08056,9.282624,9.43641
381001356,36.407356,8.7216215,8.7839
380989935,36.25704,8.306319,9.86384
381002671,36.570953,9.471986,9.9215
381078639,38.045383,9.014234,9.1239
466437373,6.5241156,8.900568,9.207
381027909,37.397324,9.565628,5.2289
279057345,39.212276,9.796089,7.4798
406412908,14.422296,8.210356,8.5693
397590895,9.345166,9.00172,8.5165
418754340,3.9417021,8.3711,9.6271
408507805,3.440422,8.193541,7.0126
418754303,4.022573,8.115539,7.33565
406412667,14.37,9.519722,8.1986
405335457,12.234745,8.686574,9.6793
416613630,50.39069,9.361568,8.4696
365273328,45.60864,8.4170475,9.84051
416613558,50.3224,9.659868,7.42409
416613949,50.349487,8.051993,9.36246
380989671,36.156876,9.487246,9.2878
365056206,20.281326,9.681655,8.8131
347005862,40.692337,8.329142,9.7187
293391771,10.995037,8.211419,7.8446
337214996,36.291874,8.55124,8.7719
347543971,40.15217,9.503878,9.25381
365111438,21.984253,9.0314245,9.6521
368630982,40.922333,9.630144,9.91103
401427572,5.3457303,8.032126,9.839
380989640,36.243237,9.622646,9.8037
365056243,20.243185,9.521153,9.61887
466439717,6.7261734,8.5627775,7.5627
466440825,6.92862,9.489662,9.2861
466439548,6.785456,9.464581,9.9741
466439611,6.803901,9.159137,7.6839
266014177,12.901317,8.3140745,8.6503
418790001,11.996053,9.30845,9.8799
376457087,8.367214,9.153245,9.2463
466440783,6.9076366,9.228966,9.78193
365063495,20.746374,9.84723,8.1436
466439570,6.718306,9.319767,7.6006
466440815,6.9249587,9.395918,9.18436
466442059,6.980793,8.425805,9.511
376456968,8.370037,9.771266,8.96803
380966525,35.80821,9.952134,9.8443
337138936,34.673176,8.180698,5.87836
337138945,34.682568,8.244321,8.9584
337139015,34.616913,8.644188,9.6806
337139034,34.665592,8.738444,9.9907
337139176,34.681015,9.405888,8.4401
337139257,34.631523,9.849029,7.87355
258797542,37.72779,9.466151,9.1512
258797557,37.698097,9.385203,9.7749
377044275,39.73719,8.90421,9.37084
346989560,32.95874,9.766135,9.6971
403025939,3.1686902,9.136014,9.63674
401492496,10.70397,8.714818,9.1275
377044267,39.748116,8.91996,7.64182
365229724,39.59978,8.581177,9.7911
368628986,38.74204,9.845927,9.57157
401492524,10.649291,8.863717,9.76192
365229638,39.566967,9.08537,9.97845
368630002,39.18131,8.949837,9.79964
257799467,16.477993,9.481367,8.0647
377044430,39.75179,8.061454,8.138
405268620,0.7520245,9.138282,7.8476
408504082,0.06638759,8.007234,6.3036
408514580,5.548922,9.507605,9.5482
405268416,0.760011,8.189115,9.7652
408504333,0.07545281,9.323321,9.6028
401426346,5.129552,9.814126,9.6668
405268431,0.76543486,8.261293,8.76516
405268435,0.7656598,8.270684,7.79726
408504203,0.10624609,8.502193,9.3479
418735627,0.13262479,8.468666,8.02925
405190741,3.7469094,8.818283,7.2177
405190745,3.7451687,8.820961,5.7287
347509359,30.647816,9.081689,6.6723
468357537,7.7662444,9.305404,6.3952
266016391,13.137101,8.665417,7.79594
381108015,39.940582,8.202915,7.4032
397586460,2.7261443,8.65038,7.0726
468356340,7.62963,8.512069,7.5757
418781754,11.736112,9.8080435,9.081
266119896,14.985189,8.846072,9.1219
401493665,14.302068,9.52812,8.0917
405292230,1.2879093,9.765757,9.3383
401444610,9.992284,8.4893,8.221
468357552,7.7635527,9.235149,9.8292
405292133,1.2638245,9.27996,8.52994
401444567,10.06748,8.693369,9.71344
418781943,11.807575,8.644006,8.49692
401493765,14.298505,8.981998,9.1242
257802169,16.724522,8.652345,7.75577
397586385,2.7982976,8.996368,9.75218
397586420,2.7531564,8.821155,9.5556
418782015,11.723588,8.307978,8.99228
376923235,18.944727,9.784867,6.7254
405293189,2.3067102,9.612595,8.2243
257919615,26.19832,8.117291,9.9983
368627783,27.91976,8.92122,9.8433
258807267,41.345894,8.991069,9.02
365302171,46.170704,9.028366,7.40366
347084618,48.967426,8.445855,9.4414
365333216,46.422363,9.315358,9.5864
399947047,51.83781,9.256144,9.32461
416675642,52.655457,8.574759,9.15472
365302035,46.21545,8.394261,9.86868
468345667,6.3295865,9.068019,7.9728
365024161,19.867973,8.396378,7.0461
365063739,20.717808,8.737576,6.666
346864918,23.326149,8.208737,5.3007
346872504,23.500507,8.407099,9.6414
347345927,25.355223,9.072984,6.0873
346873382,23.71905,8.274852,5.9515
347346091,25.414896,8.1952505,8.4257
365063641,20.803059,9.191067,7.6934
468345634,6.2565284,8.91336,9.9477
365024302,19.884235,9.232977,9.2989
337137848,34.526394,9.435747,9.8805
257883443,17.72618,9.563905,6.6694
377020234,29.785387,8.8955765,9.1873
468347019,6.411864,8.265298,9.51709
365056377,20.237345,8.865518,9.00965
377019136,29.604734,9.237483,9.07912
257800619,16.656769,8.360042,6.6142
346874544,23.816141,9.920249,8.4641
257800652,16.60985,8.474943,9.62068
257800738,16.675007,8.868732,7.38225
365063643,20.778364,9.187629,7.13053
346872508,23.507439,8.385603,8.62413
346872544,23.545637,8.228787,8.9168
337137931,34.549736,9.007745,9.25853
468346799,6.4261556,9.315354,9.86576
347509590,30.578209,9.6147375,7.764
405251633,0.33208722,8.393318,8.828
405267468,0.6198252,8.393861,7.2679
369473325,15.298887,8.033901,7.1912
337131516,33.777653,9.085296,9.5219
337186491,34.848007,8.462793,8.5721
337186637,34.90367,9.230982,9.0549
257800609,16.679884,8.295166,9.9059
257883350,17.746235,9.959495,9.62591
347514158,34.207767,8.306253,9.66141
347388186,26.945581,9.40275,8.9286
257866891,17.575092,9.517935,9.9623
369472994,15.239099,9.5821085,9.1683
376941326,19.587587,9.526674,9.657
347509510,30.665117,9.419324,9.9119
346871146,23.47987,8.663178,9.4775
347362700,26.714771,8.268965,9.807
405266161,0.297739,9.078169,9.5838
369473164,15.273052,8.769371,8.3052
376941120,19.555456,8.927928,9.8401
336981479,31.034023,9.159111,8.80737
347388274,27.003262,9.829501,9.9567
405267424,0.62375677,8.485463,5.3985
347361591,26.011293,9.496791,8.13609
347361809,26.021732,8.448144,9.1929
337186632,34.86033,9.207738,9.70204
347361579,25.937199,9.568658,8.3377
365202535,29.98947,8.271005,8.3314
258798593,37.796528,8.114808,9.5207
278964306,39.219933,8.032226,9.9586
278964538,39.25842,9.208876,8.1042
279057247,39.290813,9.358826,8.8312
279057367,39.2654,9.88453,9.706
380958887,35.38671,8.473761,9.7412
337092507,33.48134,9.985204,9.1064
337008688,31.305338,8.841008,9.1508
365206438,30.083748,9.386397,7.6711
365206481,30.1881,9.2119,7.3161
381078604,38.07361,8.900602,9.9186
258804746,37.763668,8.381994,9.5209
380965329,35.736046,8.545458,7.2603
337216166,38.18601,9.846007,9.28222
381080239,38.332794,8.655173,9.345
381080300,38.31441,8.377599,8.71285
347476484,29.093513,8.509412,7.3987
365206685,30.18134,8.202967,8.4224
368623534,27.443518,8.088645,9.7715
377039419,35.290474,8.389721,8.7397
380959022,35.318073,8.15929,9.39474
346990927,37.168858,9.934621,9.94992
337216212,38.1449,9.588283,9.5777
346924533,24.837585,8.170211,7.919
376904374,18.424341,8.974612,6.6176
258805998,39.54847,9.44737,9.0997
381079906,38.334846,9.981689,9.9497
381079988,38.324795,9.633952,9.7685
381082866,38.65093,8.858373,8.8802
278963434,39.00013,9.868206,9.2381
381077321,37.552586,8.877772,7.5308
381077370,37.55648,8.749262,9.2903
337217355,39.848682,8.344876,7.2664
466437431,6.568461,8.555151,9.1144
365092540,21.620108,9.53111,8.7638
466437280,6.498671,9.360492,8.8033
406409449,13.688258,9.428788,8.2485
337217553,39.839893,9.489179,9.7741
466437372,6.523221,8.900841,9.2225
377044150,39.760242,9.568754,9.5461
466437426,6.5580173,8.574809,9.6982
278963437,39.01814,9.881988,9.83844
337076903,33.214436,9.456616,8.8798
347469818,28.706997,9.19176,8.187
337025891,32.191837,9.12332,9.7173
418789950,12.029968,9.645245,8.0989
266012752,12.75425,8.33633,8.02415
266012924,12.758687,9.228779,7.9338
347433944,28.161722,9.587071,7.7622
257924339,31.551098,8.248113,4.1743
337134316,34.017242,9.028694,9.5427
337045857,32.684044,8.69591,9.8225
337045915,32.705544,8.368677,7.2389
347469670,28.623417,9.969155,9.8508
347469899,28.669605,8.860379,9.1604
347470931,28.758257,8.808618,9.6942
257922000,26.53082,8.584886,8.9097
266012707,12.710869,8.118108,9.1972
337134378,34.05429,9.318719,9.633
257924421,31.647572,8.703739,9.30229
257924564,31.554115,9.439394,9.27182
347471030,28.751976,9.231215,9.768
377021354,29.922821,9.451115,9.91572
376988432,25.307556,8.478848,9.1321
376988453,25.243998,8.617588,8.9746
376988479,25.259985,8.764968,8.4258
257920940,26.332432,9.07849,9.8255
257921920,26.492876,8.286749,9.8364
347433012,28.051983,9.699026,8.6686
347440450,28.488422,9.035765,9.964
347472077,28.964273,9.714316,9.6703
347472088,28.888603,9.648076,8.8492
257920927,26.348438,9.157753,3.4555
257915353,26.164978,9.479641,9.0455
257919667,26.20742,8.433696,8.101
368627953,27.99451,8.066279,8.393
418790171,11.941959,8.5289755,9.93733
347361728,26.02147,8.87604,7.6549
368624639,27.575901,9.810486,8.2067
368626564,27.778742,8.5484295,6.94435
368626602,27.851631,8.789161,8.0701
368627706,27.885542,9.301983,5.9513
347440391,28.592297,8.781023,4.6554
347440549,28.543829,9.600107,7.8733
257921017,26.410986,8.740855,9.09741
257921885,26.45415,8.127837,9.53273
257924410,31.640715,8.665718,9.86097
418789134,11.886588,9.786404,9.6
337025756,32.252518,8.424488,8.4919
347432821,28.071133,8.830319,8.42567
347476668,29.091026,9.597373,9.38733
418788906,11.860447,8.594867,9.59325
418790018,12.044993,9.221619,7.78213
266012696,12.731646,8.04593,7.64829
347470928,28.737846,8.789573,8.14319
418788873,11.847806,8.420489,9.66847
266012050,12.601994,8.02998,9.9439
365201691,26.544168,8.331956,7.9158
257921021,26.368458,8.729794,9.6025
368627873,27.896778,8.453545,9.97862
368627882,27.892733,8.423025,9.07043
257915345,26.062489,9.485202,7.5588
257915347,26.063276,9.48408,7.3995
347440644,28.549925,9.950625,7.2221
257915328,26.06572,9.569751,8.0603
257921991,26.427217,8.559248,6.55681
368626559,27.840155,8.522841,8.685
347440529,28.599789,9.531214,8.2903
369476877,15.495029,9.28708,9.9661
257958354,31.733818,9.27309,9.9157
380885809,16.348166,9.746276,9.2994
380886039,16.350542,8.331994,6.9419
376923416,18.904707,8.767926,7.2416
365068660,20.959257,9.367788,8.7444
337134121,34.04244,8.194217,7.8901
380885820,16.409145,9.670175,9.7268
376922241,18.772926,8.770479,9.0058
257923316,31.429459,8.843955,9.7619
376922095,18.779814,8.043184,7.33
376923256,18.961,9.6598215,7.9863
365072366,21.103344,9.359801,9.7857
365072392,21.135113,9.454504,8.9332
257958234,31.699568,9.890263,9.6304
376923338,18.882479,9.200292,9.8763
337135425,34.21929,9.785366,8.0021
405227645,10.7677,8.573928,8.60982
365067609,20.851555,9.8215885,9.01847
405272118,1.1547564,9.954515,9.9731
376923327,18.887363,9.252214,9.7247
365072430,21.11476,9.622278,9.9261
406407067,5.4340367,8.979642,8.94306
406407071,5.365308,9.007521,8.52532
418759674,2.4957867,8.661888,9.2807
418759763,2.4977357,9.200162,8.9605
418753523,2.0212405,8.099779,9.7553
418759754,2.507116,9.114497,9.9446
347476553,29.025105,8.885289,9.7988
376989616,29.560266,8.968746,9.7399
377037323,30.263535,8.07023,9.5943
377037324,30.211554,8.068145,9.5345
408516841,9.101275,8.874123,7.112
418735677,0.14809696,8.713385,9.4652
418735883,0.22776803,9.818631,8.186
468348190,7.3274984,9.875228,8.6534
468349172,7.461704,9.697773,6.9268
468349352,7.4757204,8.80625,5.7805
405335661,12.200385,9.843455,8.5324
405336446,12.364722,9.84777,8.8697
347417224,27.255285,9.69072,8.7529
337135734,34.32037,8.207883,9.4327
337136657,34.380222,8.681551,9.4835
337136711,34.380505,8.930246,9.4418
337074394,32.835106,9.123328,8.8237
405336460,12.412747,9.7927,9.1082
405336707,12.401771,8.358924,8.6003
336981377,30.971718,9.7007065,9.2545
337046887,32.809578,8.529696,9.1554
368623219,27.411657,9.775975,9.80743
406411627,14.048898,9.152999,9.1197
406411468,14.104797,8.323305,8.374
468360829,8.102929,8.113275,9.583
405189685,3.5540533,8.382764,9.7534
336981584,31.027813,8.656259,8.1001
336981496,30.943586,9.085601,9.54889
336981693,31.000586,8.094868,6.7101
337009774,31.906298,8.846289,7.35028
468348199,7.418251,9.894472,8.6977
337074502,32.833504,9.621534,9.9716
293393794,12.178594,9.607507,9.6671
337136697,34.3494,8.872598,9.52367
337074456,32.8309,9.408188,9.6983
337074493,32.865005,9.595563,9.2795
468345454,6.2993674,8.087884,9.3543
405335571,12.264672,9.365653,9.7961
468360869,8.152249,8.285909,8.0754
468361167,8.116853,9.792602,9.3486
468361079,8.081995,9.339284,9.70674
406411773,14.055169,9.9049015,9.52796
468359810,7.926706,9.337513,9.9998
337024862,32.076492,8.296014,9.90498
401429890,8.874161,8.146612,8.10648
337010990,32.036366,9.5184965,8.2679
337024819,32.051197,8.567211,8.7734
337024830,32.081142,8.502432,7.7653
337027219,32.40118,9.16636,9.9722
365150199,22.088009,9.231452,9.4506
368629958,39.13445,9.135804,8.43573
337024614,32.124523,9.330739,9.8239
337024733,32.081158,8.850091,7.2552
337027328,32.391148,8.619248,8.67562
365093595,21.725887,9.837937,9.90913
405293308,2.203461,9.008832,9.1342
401987647,8.437703,9.9405575,8.9713
347418450,27.326586,8.29906,8.0608
337133032,33.907757,9.356382,9.0746
337185438,34.711243,9.499368,9.9711
293374081,8.637077,9.199078,9.7946
401987849,8.420178,8.710937,9.8625
347439315,28.478735,9.246712,9.649
380884787,16.232277,8.849162,9.8069
380884921,16.254206,9.517401,9.844
257799674,16.540815,8.422499,9.7528
257914027,18.03165,8.309017,8.8444
257914260,18.037859,9.497601,9.5392
365026622,20.118898,9.444816,9.7294
336980240,30.82731,9.153199,9.8895
365057555,20.433603,9.706005,6.6448
257958507,31.728603,8.437559,9.7721
380884949,16.298937,9.666475,9.3221
257958516,31.690273,8.3837185,8.3806
337075710,33.088253,8.788716,7.6992
337075767,33.087677,8.548563,9.1264
337091180,33.24999,8.846723,3.59067
337091293,33.288418,8.266593,9.7673
337092126,33.54317,8.036297,8.31447
257914150,18.050884,8.946665,9.11428
405187209,2.1768951,9.249936,9.86721
336980384,30.903402,9.915638,9.8779
405293483,2.2031145,8.021866,7.1359
347418265,27.295029,9.2769375,7.6799
405293466,2.2813265,8.096109,9.22574
293373861,8.6287985,8.01919,9.8546
293373976,8.580751,8.683466,9.27972
293374061,8.627695,9.082988,8.7637
347418183,27.313776,9.684506,8.85686
347439311,28.370127,9.256741,9.36136
337009723,31.98042,8.629746,9.76678
336962147,30.920847,8.152556,9.09959
336982473,31.097166,8.0053,9.99342
336958821,30.326918,8.682679,9.69192
337135589,34.20971,8.906314,9.80836
405293137,2.2618597,9.849967,7.9953
257914062,18.090544,8.536647,8.7946
365026571,20.135181,9.138456,8.7639
365026645,20.094494,9.523321,7.7553
365061286,20.468773,8.549771,8.28465
337075685,33.006145,8.900093,8.7059
365025321,20.088768,9.612314,9.09231
377038184,33.395924,8.850476,9.8002
468347884,7.3460035,8.117256,9.0081
337044440,32.616196,8.864545,8.5648
346989716,32.97619,8.900663,8.8141
365151326,22.242462,9.34371,9.9846
365111629,21.95272,8.015975,9.9844
381081254,38.52147,8.064259,9.1899
346989826,32.88318,8.251147,9.6321
381081457,38.55472,8.988691,7.04045
468348042,7.425584,9.046541,9.47823
337044467,32.55878,9.012189,8.43458
346989601,32.944553,9.57671,8.43292
346989755,32.971653,8.70116,8.7624
346989763,32.913696,8.649682,9.6481
468348109,7.3487372,9.390962,9.899
337185604,34.747746,8.657119,9.29503
2053252297,354.19943,9.613626,9.0184
466437528,6.5759597,8.064457,9.0131
369471987,15.199359,9.649131,9.4129
346977215,29.36389,9.88714,7.3553
337091080,33.340702,9.275189,8.0421
347477808,29.170944,8.2538,7.1102
376980828,19.648237,9.767227,9.6434
369472048,15.149395,9.946984,9.4894
376921076,18.675035,9.862384,9.7732
2053231139,356.84067,9.47432,9.88513
369471853,15.143362,9.095313,9.379
377037056,30.311857,9.529585,9.36558
376921099,18.713245,9.741078,7.542
466438502,6.6848774,9.141988,9.3153
369459326,15.179595,8.701879,8.7444
376980784,19.677452,9.974164,9.6012
376921261,18.674707,8.780127,9.21717
377037001,30.203289,9.781675,9.64581
377037048,30.243668,9.575531,9.5986
2053229544,356.39587,8.968259,8.199
408515939,8.976095,9.736072,9.65157
376921142,18.677273,9.514583,9.87424
408505587,0.47409362,8.531705,8.5412
376879311,18.267822,8.485424,9.2772
347477586,29.171778,9.5131645,8.7151
347477596,29.191446,9.463506,7.6288
365207723,31.887365,9.232147,9.9293
408505372,0.43891287,9.623452,8.5661
365091126,21.515896,9.445548,9.4164
405188416,3.3009174,9.43048,9.7363
347477484,29.159796,9.990093,9.4718
336959864,30.467167,8.545215,9.2166
257913154,17.931276,8.580101,8.5474
346924485,24.947056,8.405135,7.9147
346924505,24.915236,8.328315,9.2424
401421471,2.5837755,8.248992,9.7464
266075024,14.769309,9.121266,9.7176
365188863,24.516233,8.238622,9.20917
257922162,26.501827,9.411931,9.4757
293408626,12.491855,9.249577,9.6666
405270977,1.0746456,8.6595,9.9473
266075085,14.835334,9.360433,8.95153
365091090,21.450335,9.567812,9.0901
365091146,21.45904,9.37775,8.89998
336959957,30.490776,8.997457,9.434
405188333,3.330675,8.929864,7.4142
336961037,30.690828,9.638483,9.57701
376878413,18.185963,8.309439,9.9119
365207691,31.89213,9.104529,9.821
336959983,30.507072,9.100044,9.8248
405188234,3.3098524,8.378714,9.47033
336961131,30.6792,9.207219,9.7683
405209587,3.7910194,8.458041,8.9586
468337418,5.980705,9.027954,7.7531
405209672,3.839231,8.1051445,8.3967
380883580,16.142424,9.847661,9.8924
380883636,16.160236,9.586108,7.25189
429052519,15.677671,9.132956,6.3657
468337567,5.994311,9.923371,9.23895
405209303,3.856687,9.753373,8.89659
405209610,3.9017832,8.346962,9.04508
429052593,15.623442,8.821557,6.81182
376878153,18.216232,9.620543,9.7949
376878378,18.252005,8.48765,9.8728
405213312,4.3522863,8.876518,6.4763
346832353,23.042898,9.237042,8.6221
346939329,25.63623,9.459601,7.9217
365200269,24.831,8.661638,9.9969
406408060,9.678289,9.977565,9.9984
346939316,25.66379,9.514515,8.83704
376982994,25.116516,9.287785,9.4409
376983091,25.08799,8.673914,8.63
346923250,24.438248,8.404935,9.5559
365228279,37.86733,8.347929,7.3965
347004766,39.355896,9.561743,7.4373
347004874,39.442226,8.960863,7.8799
429036056,9.822228,8.207216,8.1484
429036220,9.837453,9.144544,8.7016
347542827,38.462215,8.364227,9.045
365228573,37.97576,9.83594,8.7254
365178386,22.674316,8.285971,9.8336
365074950,21.36061,9.709562,8.2241
376934617,19.21764,9.563679,9.8714
347004996,39.384018,8.343564,9.7313
429036034,9.834223,8.106259,9.6742
346893670,24.181217,8.128695,9.92884
347387067,26.900517,8.807527,9.9224
376934787,19.231838,8.493345,8.83786
376935559,19.242104,8.154923,9.5142
376936684,19.312262,8.888295,9.32987
365074860,21.387257,9.300776,9.132
257799408,16.538162,9.729379,9.58265
376934602,19.13096,9.622838,8.1683
365074786,21.357431,8.957787,9.6772
257799498,16.47442,9.346956,9.85965
365191617,24.676683,8.859964,9.59426
365201650,26.644926,8.564134,9.7731
406408098,9.705037,9.743461,9.197
346939482,25.638884,8.558621,8.54246
376983076,25.145508,8.760826,5.9374
365200181,24.738386,8.119299,9.004
365200243,24.768757,8.502296,9.47838
347387076,26.799885,8.767082,9.20374
405213164,4.38172,8.280295,9.3268
405211904,4.216296,9.266904,9.7636
408508762,4.6649528,9.069634,8.5035
408508891,4.6495337,9.746744,8.5879
405210622,4.1418395,8.240153,5.33422
408508599,4.728637,8.258897,9.54744
408508864,4.6754513,9.634371,8.8612
397589874,4.449946,9.259957,9.5694
405213384,4.3815546,9.206108,8.8692
401422576,4.843206,9.044185,7.99
401423866,4.9754934,8.532429,8.38737
405210560,4.030347,8.022162,9.21068
405210572,4.0701914,8.08153,9.59784
405210647,4.0963182,8.375882,9.0129
405210799,4.050387,9.071642,9.21177
405213311,4.351365,8.875869,7.2883
397589915,4.501058,9.511916,9.49446
397589917,4.5027437,9.514747,8.72945
336627334,354.21167,9.5529585,9.1188
630540503,25.225756,11.286332,8.099
611023915,13.0315695,10.6015,8.9019
611194105,1.0448264,11.264376,7.102
611023916,13.031681,10.600868,8.38192
630521572,30.517897,10.932636,9.4032
336960357,30.517897,10.932636,9.4032
445921404,57.281853,11.6572,9.3612
640170512,40.66127,10.939911,9.8402
376988914,25.225756,11.286332,8.099
640178042,44.281895,10.803789,9.498
266015496,13.031681,10.600868,8.38192
640139360,49.293888,11.763297,9.9586
257865038,17.398346,11.909395,9.622
640271480,57.282326,11.657008,9.7556
640271481,57.281853,11.6572,9.3612
405271544,1.0448264,11.264376,7.102
673450761,60.90473,11.292604,9.7318
640102097,54.743816,10.387842,9.5853
640279112,55.090664,11.731674,8.91561
399911056,49.293888,11.763297,9.9586
416800332,55.090664,11.731674,8.91561
673291443,73.10913,10.82317,8.15092
365055761,20.265966,11.78332,9.711
347006360,40.66127,10.939911,9.8402
673288772,72.628334,10.872601,9.8944
400006259,54.743816,10.387842,9.5853
387544860,44.281895,10.803789,9.498
387516930,43.38874,10.282891,8.666
407993332,60.90473,11.292604,9.7318
399727155,73.35902,10.51615,8.9221
673280353,73.35902,10.51615,8.9221
399668597,72.628334,10.872601,9.8944
399696967,73.10913,10.82317,8.15092
408485441,359.48145,10.061056,9.982
408471390,359.33646,11.053324,9.696
408487006,359.60886,10.217939,9.655
345539476,69.67355,10.190735,7.93
416742439,54.12844,10.185441,8.678
266016002,13.13853,10.711559,9.299
416613347,50.325325,10.629786,7.845
401432727,9.437991,10.373634,9.79433
380961496,35.42866,10.282607,9.8928
376907490,18.650406,11.13557,8.5637
376906809,18.535315,10.761485,8.769
376903273,18.287079,11.682681,7.3553
376907056,18.551756,11.529556,8.84919
376903067,18.31945,11.095566,9.64283
376903767,18.445215,10.813594,8.4604
347511525,32.33277,10.054786,9.2705
415398066,60.60457,10.99314,9.97365
347515118,34.195488,10.496404,9.32372
376938533,19.447714,10.306287,7.8794
278560877,358.2008,10.950178,9.6892
401374034,359.83667,10.795801,8.394
401373957,359.79544,11.126608,9.9138
408445554,359.0547,10.631435,8.1294
408445559,359.14117,10.653268,8.8996
408469255,359.24884,11.218759,7.8371
408445427,359.0816,10.01222,7.20322
408445611,359.08813,10.919254,7.9374
408445448,359.05093,10.137925,9.5759
408469362,359.1939,10.779995,9.82598
408384226,356.88635,10.373116,9.20167
401374051,359.8373,10.6769,9.4829
402992950,357.3362,10.775369,9.1472
278535185,358.1546,10.947287,5.1428
258635106,355.2891,10.034496,7.8915
408421276,357.8994,10.0426445,9.65655
278535165,358.1518,10.889018,9.8214
408502627,359.74252,11.39212,9.3177
408372109,356.3408,10.179841,6.3975
408372094,356.30807,10.105258,7.95005
408445697,359.1104,11.29028,8.3408
408469330,359.22064,10.84791,9.8012
401397580,359.93686,11.360413,7.2676
401397653,359.9637,11.673712,5.3862
401397554,359.98462,11.255914,9.3448
401397560,359.94925,11.2734375,6.63345
408485361,359.41644,10.42215,8.3498
408485394,359.46527,10.27814,9.4391
408370456,356.1607,10.0311365,9.1808
408385893,357.02628,10.146218,9.2612
408385895,357.02704,10.147201,9.1872
408443666,358.93542,10.632074,7.8803
408374470,356.48886,10.324668,9.5739
408487005,359.60873,10.216949,9.2264
408487145,359.53802,11.001001,9.0515
408412547,357.69485,10.628515,8.92135
408443572,358.99356,11.046302,9.9839
408485129,359.51865,11.56718,9.1942
408471389,359.33633,11.051812,9.68967
408485150,359.44254,11.474376,6.65291
408471406,359.2839,11.129005,9.0484
408414293,357.73895,10.125432,9.5442
408471342,359.3262,10.811634,9.57932
408502660,359.71606,11.205714,9.6753
408372144,356.33313,10.298718,9.9208
283725520,63.39403,10.2124815,6.2043
283728133,63.50412,11.027231,7.0729
283728139,63.48531,11.021167,9.74117
408370438,356.1705,10.097543,9.1475
283726671,63.382233,11.283533,9.6587
408423670,358.51645,10.49072,9.6299
408425583,358.6281,11.10401,9.4264
408441077,358.74054,10.437322,7.4518
283630261,62.15752,10.1899605,8.9243
283628660,61.98849,11.864032,9.4406
283627921,62.024532,11.040122,9.9842
283605712,61.884617,11.852505,9.62896
365189796,24.527239,10.644948,8.7247
365190799,24.638163,10.90312,8.2821
450106210,73.649216,11.557059,8.3933
284705722,67.509544,10.262216,5.56958
415369365,59.11042,10.008768,9.3179
415369919,59.050926,11.436046,8.545
415370659,59.268517,10.161021,9.5319
415369515,59.066204,10.442,9.1496
415370295,59.225723,11.331349,9.564
415369739,59.066406,11.039675,9.1204
415369910,59.117508,11.414902,9.37373
415370609,59.231026,10.314198,8.85398
415369912,59.079994,11.419781,9.58286
415369644,59.08631,10.796565,9.87152
399696844,73.036674,11.047686,9.8385
399619256,72.36489,11.533765,8.0361
337090498,33.210365,11.857217,7.54205
399696942,73.135666,10.858114,9.6394
373135132,68.68178,11.499363,8.1456
399755624,73.53292,11.070817,9.7024
399726082,73.15869,11.288217,9.62
399696930,73.06963,10.877784,9.65311
450079946,71.77778,10.051655,7.069
450098339,72.800446,10.691188,9.959
450079783,71.69743,10.324772,9.9724
399696776,73.083664,11.181729,9.79833
399667255,72.53949,10.604855,7.55816
399619535,72.3611,10.988397,8.7785
450099625,72.9445,11.145509,8.9299
399696678,73.105255,11.387175,9.6498
283910659,64.47807,11.772941,9.70334
436653527,72.774994,11.953187,9.2447
450067296,71.32164,10.711056,7.603
450091453,72.122955,10.930075,7.1848
399755530,73.61224,11.194194,8.7048
450067203,71.24371,10.916927,9.5673
450091468,72.1437,10.945579,8.5892
450099982,72.94867,10.578472,9.25675
450067384,71.30177,10.539139,9.4915
373210407,69.907265,10.984167,9.9705
284704271,67.428566,10.521862,6.66993
373026963,66.86987,11.2122965,5.7624
373139866,68.91359,10.16079,3.9457
373139881,68.9714,10.187665,8.275
373309696,70.41187,10.155748,8.5799
373415229,71.1345,10.537611,9.8045
399696399,73.11892,11.874956,9.0759
399619817,72.3354,10.465725,9.0436
399755541,73.57794,11.17876,9.4254
373367415,70.85033,11.584753,8.8797
345482967,68.49326,10.231311,8.658
649943621,59.398468,11.496783,9.8924
283677700,62.282528,10.765146,6.4968
450091452,72.116135,10.929369,9.9455
450091537,72.066635,11.017904,8.7596
399726343,73.17858,11.737816,9.64411
372995004,66.70107,10.87107,8.4408
445927958,59.65392,10.946658,9.2919
468892188,57.067772,11.143302,5.22856
450073198,71.51357,11.026027,8.7474
345484274,69.61731,10.780398,9.8921
369613828,69.43152,10.119123,8.7387
372918478,65.869736,11.131466,8.3828
345414139,57.670113,10.547491,9.237
445921773,57.36252,11.144368,7.01266
407965884,60.792404,10.571694,8.1944
407965910,60.84137,10.46898,9.7748
283678917,62.390903,10.113074,9.6259
468879637,56.56684,11.334584,9.594
468879873,56.526127,10.548834,6.62781
468879952,56.559303,10.348647,8.8703
345414040,57.674995,10.171751,8.8931
445921965,57.428688,10.559209,6.66161
372950057,66.22936,11.274502,9.7318
373261235,70.3369,11.06787,7.1613
450093015,72.6734,10.48303,9.0893
365427770,48.328117,11.553608,8.5752
445921735,57.42213,11.236603,9.1168
407965195,60.667137,11.32872,9.8329
407965252,60.68495,11.482149,9.6974
407965608,60.74484,11.366075,9.34808
365428227,48.501984,10.453342,7.91903
408000777,63.197636,10.607023,8.66019
242995026,60.50873,11.992897,9.09201
399618176,72.223175,10.384728,9.401
365428150,48.505367,10.822076,9.83725
373260000,70.18739,10.6289835,9.9624
450091404,72.17246,10.86731,8.9032
365509439,64.978584,10.619005,8.6765
345580419,69.77388,11.791421,9.8897
373190353,69.22027,10.646991,9.8601
373190718,69.20493,11.334201,9.8037
373108171,68.16848,10.1826725,9.9377
372918631,65.917015,11.468301,9.5516
345539586,69.66278,10.408411,9.9686
345581035,69.76941,10.542849,8.0184
60860697,66.25136,11.977926,7.8364
373191027,69.17205,11.912366,9.1736
372918650,65.93011,11.516927,8.37153
373310695,70.52237,11.856019,9.64377
345580702,69.823074,11.265074,8.9941
345581118,69.766594,10.398926,9.23034
373108493,68.180115,10.923279,9.45822
436592787,71.601814,11.967151,9.41452
345580809,69.79676,11.021475,9.60294
345580849,69.80148,10.924293,9.67352
373309816,70.46008,10.372512,9.68709
416716896,53.478767,11.412534,9.5532
311148932,59.9659,11.718764,9.0349
399618459,72.185104,10.889276,9.0495
399619275,72.356735,11.49391,8.85414
345457747,62.44917,11.678736,9.7347
345457851,62.55131,11.387315,9.4309
283630339,62.175354,10.099358,4.74332
345457891,62.509075,11.254908,7.493
345458021,62.51007,10.846234,6.5891
345458041,62.45952,10.800453,7.02285
365509257,64.99901,10.178687,8.1843
365510230,65.08159,11.35816,7.9473
283751025,63.643085,10.701387,6.6107
365510021,65.11784,11.85965,9.64399
435929684,65.801094,11.926542,9.71076
346895751,24.327776,10.4279,8.20719
345457987,62.548782,10.947633,8.78555
416679780,53.049755,11.542418,6.79653
345482995,68.52352,10.271136,9.9957
245936703,70.00566,11.890315,9.8439
369614435,69.45277,11.366159,9.1234
399618040,72.26518,10.122046,9.193
399725663,73.23994,10.455509,9.9715
407943856,60.375935,10.489607,8.6227
445928087,59.692055,10.54502,9.0524
345450236,57.835735,10.055458,7.6256
416803100,55.383835,10.081769,6.16091
416803402,55.309544,11.150462,8.7178
407943817,60.484016,10.575223,9.65
407943863,60.44,10.478883,9.8107
445927933,59.65561,11.027547,4.6855
345483437,68.44369,11.340977,9.5235
373415888,71.090256,11.680616,6.9671
242937583,58.432518,11.882113,9.95564
373381225,71.04377,11.627177,9.4413
416742479,54.069412,10.329636,9.3113
373027127,66.840935,11.592091,8.1134
373027926,66.948006,10.689032,9.5587
450085280,71.903145,11.963499,9.3463
468901628,61.459293,10.092038,9.5867
445921323,57.26223,11.357421,9.4802
445921660,57.43428,11.446535,6.78845
445921685,57.359077,11.409297,9.1491
468901651,61.42326,10.037123,5.79893
373053927,67.87344,10.826579,8.3159
373054269,67.84992,10.041685,9.8482
445921425,57.214855,11.708818,7.8321
373027194,66.94198,11.736419,6.9744
283910982,64.40826,11.0410185,8.11118
373028242,66.96206,10.020908,7.81199
450084286,71.87977,10.169373,7.8808
450086214,71.9452,10.33426,9.0382
416679783,53.045265,11.540709,9.46077
365509226,64.90591,10.121437,5.00011
365510295,65.08704,11.209428,8.8335
284675898,67.09855,11.665909,6.05698
372954380,66.4575,10.696454,9.9212
373316165,70.67008,10.295943,7.82311
373316201,70.62711,10.355099,8.7987
373192139,69.37443,10.015898,8.1014
468900543,57.155247,10.544244,9.6741
468900632,57.091404,10.793061,7.26656
311128363,54.79525,11.089958,9.5247
365354315,46.885567,11.484205,9.8359
365299840,45.896965,11.47364,9.7262
283863732,64.26403,10.665772,8.97108
373316056,70.63843,10.112716,9.28032
373191672,69.28423,10.841843,7.28327
373192143,69.28315,10.009953,9.41547
365509465,64.99594,10.702062,9.39
373366864,70.93164,10.645895,8.3636
450085331,72.013405,11.852198,9.5351
399755603,73.6091,11.098287,9.9824
415398272,60.514442,11.301513,7.5758
311148551,59.908463,10.507884,9.8737
416645196,50.612476,10.510742,9.2127
407588360,47.704823,10.0059,5.165
468888179,56.707306,11.184093,7.3261
416717195,53.453926,10.233778,6.6884
284676015,67.09453,11.892336,9.7616
284676955,67.22217,10.032492,9.9144
373366892,70.875145,10.68854,9.86656
373032189,67.69763,10.563716,9.4661
311148999,59.951023,11.977814,9.1393
416835870,55.551052,10.2967825,9.9806
373367172,70.882256,11.166705,9.198
345450845,58.05871,11.812046,8.79008
311148485,59.918736,10.330352,5.9442
311148860,59.953114,11.542827,9.33397
311148863,59.951263,11.544819,8.25072
373032106,67.75196,10.416404,9.04978
373052731,67.73821,10.751767,6.5712
373052899,67.73827,11.064344,9.70474
373052991,67.796135,11.2443905,8.139
468888280,56.650173,11.536014,8.89644
415397544,60.502304,10.146686,9.85241
284676331,67.23001,11.358671,9.87132
284676351,67.24297,11.314502,9.94299
387496511,42.940567,10.353213,9.8002
399924619,51.43646,11.538939,8.36895
399924688,51.407806,11.246328,8.9913
416667869,51.28325,10.117147,9.8427
284729122,67.60286,10.466429,8.3233
416667902,51.247307,10.010041,7.00642
416670255,52.15141,11.39052,5.87741
416677099,52.7666,10.026452,8.3066
283726720,63.356533,11.337205,9.6013
284729280,67.61068,10.786049,9.1587
284676604,67.20606,10.756326,9.89285
445917966,56.003685,11.834599,7.59613
416716359,53.43081,10.279759,9.8535
416716699,53.35251,11.738195,9.2105
416716900,53.50004,11.3955,8.15603
372918057,65.902,10.099248,9.9269
372897604,65.81988,11.377927,7.8683
283752072,63.753872,10.748132,7.51428
445918219,56.149384,11.137682,8.12869
372897088,65.60702,11.305724,8.64
445917740,56.022766,11.046326,9.8496
416670165,52.100437,11.003005,9.55145
416670532,52.341785,11.364834,9.6899
284729668,67.56172,11.590155,9.4282
387496444,42.92858,10.645016,8.7483
416670433,52.25429,11.738498,8.97891
284729177,67.66558,10.603333,8.2226
373259737,70.17011,10.188488,9.12847
387495902,42.78661,10.916882,9.89466
387496338,42.968426,11.132714,9.98291
408000590,63.19534,11.171307,7.77171
345483027,68.47544,10.349019,8.4082
345450475,57.91075,10.84344,8.0872
416803278,55.310375,10.657284,9.65613
345483093,68.443565,10.517706,7.78318
345450312,57.853107,10.276761,9.87156
407941568,59.59437,11.46173,9.2309
407942025,59.588783,10.147156,9.6327
407942000,59.551605,10.237425,8.9616
372949319,66.16929,11.020353,7.4123
450079173,71.71569,11.4737835,8.8124
450079276,71.73399,11.276263,7.20144
450071900,71.37535,10.2869625,9.7029
450072125,71.380394,10.6696615,8.0056
450072315,71.379585,11.060556,9.11574
399755839,73.53551,10.712957,8.996
450099284,73.01321,11.684307,8.9089
284675179,67.075005,10.1624565,6.123
284675509,67.13059,10.817665,9.036
416839197,55.780952,10.838403,9.7319
416839288,55.871033,11.180892,9.1525
416839048,55.867306,10.315659,8.9239
450098574,72.8022,11.068023,6.2325
346895541,24.28324,11.046729,9.3386
450106120,73.6954,11.425986,5.0802
399619678,72.32206,10.727752,9.2667
373261704,70.35075,10.227404,9.48506
435914784,65.14387,11.89297,9.9373
468891490,56.89702,10.397731,7.78582
407993415,60.870323,11.495843,7.2702
283677965,62.31903,11.488607,8.3926
373026688,66.85364,10.63543,9.7341
450091483,72.13368,10.966393,7.6659
399618852,72.26241,11.593744,9.4384
450091190,72.07824,10.551938,8.6379
450084689,71.921684,10.857775,9.9922
311128711,59.770702,11.648162,8.7937
284675702,67.1559,11.232707,7.9067
345447873,57.774014,10.184374,9.4234
415332087,58.51513,10.721287,9.817
415332122,58.428864,10.632305,8.9297
400005801,54.62409,11.450258,9.5411
400005869,54.565933,11.706985,8.54507
416647709,50.97114,11.841246,7.93936
373102979,68.01267,10.453775,9.4581
242969058,59.517822,11.911754,9.59801
416647738,51.32949,11.962669,9.21758
387465234,42.62574,11.870098,7.7203
468892475,57.03895,10.172654,8.79335
468892493,57.07556,10.118893,9.19537
284675594,67.13587,10.987658,8.6878
387465130,42.576122,11.614668,8.47905
415332168,58.45371,10.498386,9.11964
311128667,59.86357,11.775127,8.93735
311128904,59.855984,11.023385,9.1994
283795398,63.990482,11.801142,9.84141
468891521,56.92914,10.500703,8.827
372919010,66.037125,11.512389,9.26605
450084580,71.874916,10.690136,9.1066
450085210,71.90426,11.786692,8.4969
399618982,72.28788,11.851927,8.07949
450098850,72.80687,11.505448,9.7546
283678361,62.408733,11.467409,8.6223
283677584,62.206707,10.46367,8.23216
284675610,67.117455,11.034375,9.91238
415339898,58.963108,11.657297,9.74244
450084601,71.820305,10.723913,9.8027
373310057,70.37977,10.853567,9.5203
373190299,69.24372,10.570968,9.2144
372948880,66.17505,10.046707,7.047
372949215,66.13726,10.773121,9.7175
283827567,64.04354,10.333069,9.62534
356793102,68.8533,10.237834,9.21244
356876658,68.78358,11.390753,9.95503
450079161,71.77948,11.485443,9.80377
450079347,71.74163,11.144029,9.69088
283677757,62.254063,10.926377,8.33259
673495017,65.82019,11.37793,6.7811
373134001,68.61203,10.164038,9.8701
372995082,66.68308,11.0304,9.6667
450091082,72.18045,10.395165,7.0752
450091443,72.10391,10.919205,9.1497
388994880,58.015293,11.988498,9.312
373415565,71.10762,11.146138,5.1595
450098555,72.843216,11.032603,9.8937
399726068,73.24665,11.263665,9.3833
399726069,73.254395,11.267247,9.2439
450071895,71.436165,10.274295,8.99043
399754273,73.47918,10.571977,9.9048
399754510,73.39885,11.018835,9.32109
245910020,69.73364,11.997312,8.842
450085823,72.00239,10.952965,9.7984
450098630,72.79227,11.146785,9.5804
450098956,72.87502,11.666298,9.87551
399667348,72.542046,10.762838,8.7762
365566209,65.423615,10.771672,8.0975
445914979,55.959923,11.06707,9.61151
445915085,55.918716,10.6538,9.19056
373133921,68.62582,10.016424,7.1363
450086364,72.017715,10.0781555,9.28775
372955640,66.47212,10.355762,9.517
387462647,42.428288,11.370835,8.7952
416713584,53.182724,10.659533,9.4171
283706147,63.058018,11.314626,7.88827
373318088,70.830154,10.17241,8.8984
373140062,68.90544,10.531377,9.6747
415407872,65.532776,10.837958,9.9696
415339570,58.80109,11.304503,7.55963
356733092,60.051666,10.571113,9.39
387462919,42.402565,10.197096,9.8531
416713606,53.11312,10.738184,8.011
373139872,68.89655,10.17047,7.3077
399932234,51.605076,11.967034,8.59723
416714050,53.268593,11.361877,9.71234
372954941,66.47249,11.933526,9.0965
415407946,65.576584,11.015589,9.3994
415408234,65.55603,11.744217,9.6485
365462415,64.70405,10.032754,8.6754
365462465,64.75439,10.154185,8.0937
365462867,64.69139,11.211194,9.3116
373104193,68.04412,10.760722,5.57834
373104250,68.09987,10.639929,7.46735
373310949,70.59681,11.421033,9.3282
373311421,70.51744,10.508728,8.4936
373141081,69.081726,11.412508,6.3708
399667345,72.45301,10.757976,9.84706
399668534,72.63125,10.98124,9.3017
373140428,68.988976,11.176798,9.97926
381166773,51.0642,11.860996,5.9868
445918523,56.2063,10.102359,7.7409
445918502,56.16483,10.177944,7.9792
381166314,51.031532,10.092328,9.6466
468879107,56.352795,10.67388,8.858
468878933,56.246017,10.055547,9.90517
468879170,56.289043,10.881378,9.87053
468879296,56.3122,11.307506,9.97345
387462923,42.48127,10.1765175,9.90161
372955255,66.46647,11.211444,9.89662
468892128,57.06316,11.371513,9.8886
468892343,57.048855,10.559921,8.8872
356732714,60.11909,11.688429,9.428
373102815,68.0317,10.107326,8.6716
416740162,53.990093,10.549008,9.2321
365425037,48.224888,11.657204,9.4954
365425124,48.26338,11.268635,7.09585
407993672,61.012024,11.595837,9.58828
311148835,59.916817,11.473843,9.3644
415389351,59.31186,11.5727215,9.735
365550520,65.21999,10.30478,9.16703
416676770,52.74696,11.209379,7.6809
415389961,59.478607,10.368515,7.44146
365550402,65.16939,10.014196,9.9111
365550643,65.13659,10.649292,9.9307
415389015,59.299477,10.554319,9.8353
242964950,59.138554,11.998187,9.6865
416739635,53.830315,11.396709,7.7737
407993917,60.994232,10.8913355,9.1725
387513636,43.02219,10.794924,9.12003
345393013,49.705086,10.731934,9.91901
365424555,48.09459,10.326391,9.11118
365425158,48.226723,11.13255,7.66274
365425220,48.264072,10.887723,8.52538
407993732,61.019596,11.417631,9.2723
373028222,67.01232,10.072169,7.30609
373028248,66.96481,10.01436,9.6905
416739771,53.831528,11.876747,9.62977
365354632,47.037514,11.25783,9.84887
365424862,48.185688,11.542777,9.8682
415388922,59.329224,10.291782,9.77412
415388924,59.3933,10.295011,8.9358
415389119,59.286263,10.885652,9.33269
415389321,59.398865,11.496921,8.02252
415390080,59.510387,10.046451,9.4775
365550671,65.174225,10.725919,9.37597
365550869,65.17941,11.235638,8.18913
415389591,59.467377,11.573455,9.31215
365550825,65.12599,11.132938,9.51402
283751469,63.62282,11.7355585,9.9236
283751542,63.629593,11.918998,9.4391
407588693,47.66164,11.872621,6.07282
356738916,60.205753,10.552743,8.7883
649944857,59.916824,11.474142,9.5601
468905054,62.784294,11.770192,9.7788
416673873,52.57202,10.0619955,8.55518
283752331,63.711166,10.169267,9.7666
416647976,51.269146,10.976454,7.25957
434138790,56.21302,11.920004,7.936
416670640,52.265232,10.947985,9.83182
345411569,57.50287,10.809297,9.62496
345411650,57.56335,10.553674,9.72148
242985266,59.61338,11.905786,8.9938
445918524,56.13409,10.102161,9.6636
450091441,72.11601,10.919002,9.4205
365463646,64.86888,10.560395,9.8009
389082156,62.925312,11.934615,9.4651
336586876,50.054436,10.9327345,9.6414
416760150,54.433903,10.707149,8.1782
416760280,54.43313,11.227158,9.9057
416760416,54.483913,11.683023,9.9299
468888963,56.833923,10.1854515,9.846
468888732,56.783092,10.921132,9.8111
59002604,57.079174,11.983978,9.76799
356738927,60.241226,10.58051,8.2636
356739004,60.21055,10.796732,7.47787
356739665,60.30395,11.031679,7.7625
401424611,5.0465865,10.942037,7.6121
405332240,2.9260852,11.04675,9.5834
405332372,2.8380601,11.691235,9.1293
405332476,3.0463483,11.700489,9.1102
415331782,58.47362,11.551764,9.8914
405305883,2.8255267,10.928825,9.9059
345411284,57.524582,11.867147,9.9535
356739840,60.284687,10.459614,9.58948
345411283,57.542133,11.874374,9.2453
401424586,5.0453663,11.049298,8.48639
356738805,60.135815,10.167496,8.13892
356739806,60.29671,10.584374,8.98688
365331166,46.264668,10.789854,7.1769
401444275,10.009878,10.266985,8.05244
405188900,3.2987459,11.726323,9.2393
365331279,46.32283,10.308453,8.8168
401445909,10.142891,10.124562,8.4202
365370659,47.983162,10.96445,7.7626
356752402,61.192116,10.361088,8.2531
356752496,61.182533,10.621926,8.40892
356752622,61.1671,10.973513,9.8353
356753188,61.235893,11.166709,9.753
365370485,48.00185,11.690387,7.2347
401443663,9.925699,10.653799,9.0903
387422910,41.689785,10.892546,9.4297
345454543,58.233067,10.932461,9.8672
365551448,65.29934,11.172886,9.7553
365551561,65.35984,10.867781,7.813
387533814,43.64844,10.030252,9.27187
387540116,43.894978,10.131898,9.595
387452632,41.998634,11.826116,8.9216
387513890,43.09279,11.859401,9.193
387539529,43.75337,11.093484,8.8186
468904661,62.599117,10.854245,7.49871
365551668,65.32239,10.657652,8.7206
387422624,41.571987,11.775239,7.3543
387513773,42.993145,11.369983,7.8234
387513757,42.99107,11.306617,7.94483
387540056,43.846657,10.457307,7.48637
365292282,45.685665,11.012727,7.60118
365292441,45.772934,11.676301,9.651
365354762,47.10482,10.795874,6.86372
387422533,41.546616,11.336892,9.61813
387513723,43.081844,11.157744,9.78394
387539618,43.755856,11.491497,8.56689
387540147,43.91674,10.018441,9.46512
365333557,46.41215,10.6568985,9.83802
468904872,62.57163,11.486309,8.46217
365551654,65.27408,10.680823,9.80542
365551716,65.28698,10.537737,7.87901
387539937,43.926514,10.957157,9.88755
365427795,48.38769,11.668325,8.5454
468879789,56.484234,10.847246,8.7725
468892485,57.019814,10.130821,9.6139
356789389,68.2938,10.319367,9.6555
450085685,71.96499,11.211924,8.9347
450091249,72.0853,10.632006,8.7902
416673535,52.524788,11.387514,8.56804
416676377,52.601955,11.336438,5.20522
365368509,47.21396,10.464099,9.4682
345453894,58.114452,10.813452,9.5529
345453820,58.12739,10.613044,8.472
345453719,58.12367,10.217818,9.1066
399966139,52.098244,11.209336,8.3107
365368499,47.212646,10.444534,9.8217
365369342,47.32031,10.289733,9.863
468891821,56.846348,11.477139,9.9296
434131670,55.71707,11.960419,8.04018
307402573,47.4226,10.4835415,9.88054
346894614,24.145576,10.696381,9.2835
445920998,57.28996,10.366875,8.3521
373192029,69.34954,10.241323,9.714
468900782,57.181484,11.284577,9.6509
365368501,47.128685,10.445895,9.1154
365369195,47.34489,10.809918,9.57977
365369357,47.298244,10.212913,9.64723
365368631,47.20846,10.993489,9.67915
468892186,57.070034,11.144596,8.94366
283750761,63.650967,10.01141,5.30199
468892339,57.024303,10.571949,9.5714
373311115,70.57541,11.111722,9.417
365463130,64.869,11.966176,7.14204
415339402,58.826035,10.771748,8.83422
415407790,65.53932,10.651968,9.52734
415407921,65.498245,10.941573,9.66473
415408170,65.49906,11.5730095,9.0883
373311460,70.58461,10.451043,9.35518
450072591,71.42356,11.6396675,9.8675
450072776,71.459366,11.842565,9.0347
450099811,72.92505,10.853843,9.2655
399726291,73.252945,11.633046,9.64505
356733026,60.0933,10.78761,8.7836
450072850,71.50725,11.705589,5.2126
450099849,72.99341,10.803959,8.5774
468891989,56.97363,11.816214,9.68797
356732643,60.025276,11.890311,9.60201
356732921,60.02446,11.053656,9.6878
356733248,60.04111,10.059587,9.98233
418760370,11.53322,11.733906,9.801
365299637,46.013645,10.707694,8.8997
387452381,42.00111,10.587821,8.7925
416800374,55.09155,11.932545,8.658
416799896,55.10421,10.062182,9.2405
257814424,17.15048,10.056766,8.2447
365025034,19.972313,11.08276,8.5457
403023586,1.5101635,10.061286,9.4799
257801478,16.792479,11.805199,8.3112
257868934,43.198997,11.943017,9.6584
365330766,46.226128,11.707196,7.87045
345414574,57.709538,11.813855,7.8846
345414503,57.61611,11.822967,9.9216
397555153,5.0527635,11.962062,9.55
445924571,47.927807,11.141709,8.55853
365024909,20.050804,11.778468,7.923
365299638,45.9918,10.709956,9.7443
418760518,11.499351,10.875726,9.68583
369474597,15.408479,10.0008745,9.32003
257814572,17.101007,10.858288,8.17014
257814579,17.129412,10.892469,9.04971
257815119,17.238743,10.562007,8.92318
365025000,20.049915,11.260663,9.34704
365225039,45.14534,10.799566,8.81408
418760599,11.509802,10.4768505,9.87655
257814900,17.22966,11.587957,9.9186
416800140,55.119225,11.021626,9.98469
414923333,15.340729,11.912734,7.6857
381133238,41.215225,11.335305,7.3466
416719825,53.744785,11.847266,8.6183
283827928,64.11378,11.293036,9.2837
283828419,64.150345,11.462168,9.5596
416615399,50.488056,10.008097,9.71468
416615604,50.424442,10.829902,8.9924
416615728,50.463646,11.309444,9.6759
416720026,53.764385,11.045867,7.4796
416615714,50.468674,11.246973,9.74263
283828406,64.22813,11.48398,8.92006
416719436,53.564457,10.636779,9.89398
347085338,49.013027,11.628441,7.4446
468888715,56.84112,10.980914,9.775
345447607,57.710552,11.001526,9.68778
405188591,3.3748682,10.264869,9.3929
405188805,3.3540354,11.244691,9.9102
468888317,56.707703,11.673993,8.08127
345414429,57.660366,11.555382,9.76509
399947554,51.825397,11.456866,9.2237
426590180,56.422516,10.912806,9.5773
399932531,51.659233,10.522171,9.7475
283725356,63.32171,10.049177,9.9409
416676146,52.609886,10.458769,5.65956
416676431,52.629852,11.522089,7.8905
416676094,52.653435,10.286992,9.9655
416676327,52.63248,11.157433,9.8212
365337124,46.855843,10.678594,9.82935
416676096,52.644947,10.290764,9.84468
416676517,52.652515,11.86741,9.10072
416676646,52.756035,11.591298,9.66998
381131141,41.090252,10.556429,9.5882
365180255,22.927845,10.889417,6.13345
368630785,40.958992,10.67041,9.373
365230376,45.204605,10.244313,6.43825
365230546,45.183918,10.870393,4.26132
365230759,45.24657,11.697389,8.3838
365300397,46.11439,10.295978,9.1321
368630879,40.983574,10.257537,8.4846
381133698,50.877697,10.605069,9.2806
381133711,50.78882,10.548899,8.75477
381133769,50.828754,10.229518,8.8942
365180271,22.966637,10.795853,7.6246
365180272,22.978916,10.772095,9.7271
381133463,50.84341,11.687045,9.90712
368630862,40.99899,10.309656,9.55504
381131055,41.089054,10.961412,9.3983
414923339,15.335789,11.954949,9.0379
365180102,23.009102,11.839285,9.021
258026108,44.95991,11.977837,8.83012
387516154,43.306007,10.021121,9.20276
387516288,43.220543,10.668794,8.91613
365230822,45.1972,11.970037,8.97479
365300143,46.084274,11.136148,8.30344
381133530,50.79475,11.387427,9.9556
387585347,44.364532,11.301541,7.454
466443555,7.183107,11.34553,8.526
258825470,41.35023,11.148068,9.303
258825502,41.325016,11.311695,8.551
387533417,43.683163,11.704132,8.9941
435281485,52.67983,11.982146,9.7207
399923114,51.12514,11.591006,9.9331
399919465,49.299103,10.459953,9.5628
258825596,41.369534,11.667033,9.2197
387532985,43.54212,10.332849,9.5259
445925139,49.385704,10.288065,7.98321
468335382,5.7396455,10.241457,8.5352
52005167,3.7683213,11.898177,9.6665
466443667,7.140758,11.890234,9.7909
257804132,17.04446,10.611478,9.4098
466443508,7.1707134,10.991872,9.0944
611171911,5.2274604,10.976914,6.7475
401466432,10.535635,11.945387,7.0282
401466529,10.589565,11.440723,8.4461
401466610,10.519274,10.992749,8.7498
408518105,14.19325,10.016388,7.5949
408518129,14.182373,10.165862,8.1588
257801613,16.759361,11.171797,8.9929
257801758,16.743612,10.453159,9.282
365224784,45.054394,11.672971,9.7334
402024768,15.785761,10.332065,8.9164
376982350,19.805496,11.187149,9.3373
401466277,10.466362,11.20219,9.6149
468359020,7.874025,10.829121,9.4635
403025046,1.6941869,10.069051,9.22133
468359158,7.876247,11.532212,6.9239
257801539,16.766651,11.55209,6.9183
402024730,15.765653,10.129542,9.019
401466553,10.561228,11.286695,9.35377
408518243,14.149542,10.67356,8.97615
408546184,14.183777,11.705009,8.70755
257801820,16.766386,10.198334,9.1943
257801540,16.76575,11.549901,9.7988
466443343,7.083517,10.189808,5.6185
445925180,49.31344,10.142178,8.67905
337220129,47.837746,11.253746,9.61025
345451200,57.974373,10.646359,9.99969
445924912,49.308754,11.296164,9.6483
387533506,43.58689,11.309526,8.15004
466443867,7.28588,11.320134,7.76699
466444118,7.300646,10.101232,9.9468
257803734,16.92005,11.334134,8.50919
257864818,17.32021,10.8269205,8.96107
257865311,17.420958,10.760059,9.8778
258825401,41.38578,10.808881,8.7639
381132939,41.235565,10.114141,3.9703
387516289,43.21873,10.669433,9.1163
630578178,20.330679,11.536688,7.6486
387400300,41.481537,10.388896,7.67151
365272094,45.438507,10.94278,9.9805
365333612,46.404446,10.871541,7.9454
387443067,41.957825,10.030288,9.4224
387442436,41.849796,11.105529,9.116
387443041,41.92808,10.087012,9.3982
387443007,41.906193,10.226265,8.60085
387443006,41.90094,10.2304325,9.89874
387400083,41.507362,11.395259,8.77271
387514162,43.14619,10.9619255,8.77653
365272068,45.450565,10.846882,8.92016
365272070,45.452637,10.852002,8.79109
418755256,1.8678037,10.634856,8.5975
365292773,45.818825,10.924298,6.94219
257884989,17.87072,10.291908,5.70964
387516932,43.38879,10.281769,9.9393
387539388,43.789494,10.616201,8.6142
365292793,45.853905,10.773052,8.969
365292817,45.867367,10.6980295,6.5728
365336712,46.659763,11.753396,9.3917
353234771,10.881246,10.232581,9.7854
376934100,19.110146,11.790483,9.9704
365292999,45.782616,10.101224,8.83941
333137549,11.756046,11.973836,4.6721
399947945,51.870148,10.731084,9.9389
399948020,51.9677,10.380546,9.7814
416836608,55.735226,10.879664,9.9539
266030806,13.459689,11.122502,7.7302
387465528,42.609753,10.629267,8.48606
399948027,51.85817,10.348763,9.9831
377061908,47.572674,11.3732605,9.5093
365440580,48.665062,10.051643,9.8123
416836175,55.545536,11.334121,9.4972
416740094,54.00994,10.794884,8.9314
266031277,13.541491,10.614769,9.1709
257885443,17.908348,11.517845,9.1593
353234743,10.904449,10.078851,8.6065
365292654,45.842113,11.454813,8.7851
257774473,16.526657,11.571947,9.7572
376934045,19.03646,11.467211,8.9271
365055817,20.330238,11.536739,6.649
380989415,36.204403,10.610562,5.62185
376933821,19.074759,10.251555,8.506
416647913,51.29244,11.213475,9.6125
401426860,5.2981296,11.664637,9.3113
401426862,5.289002,11.653937,9.48212
266030654,13.42051,10.291097,9.6149
365158148,22.637999,10.131573,9.36892
416836741,55.69846,10.463012,9.8395
416647376,50.998367,10.461665,9.61312
387465341,42.645622,11.405732,9.00488
381079871,38.271206,10.137136,7.4934
401426871,5.279608,11.613166,9.86139
58857706,19.788828,11.984501,9.4777
381109162,40.260166,10.748185,9.4623
381127823,40.3688,10.745163,9.5968
381111176,40.390034,10.223851,9.2483
381130673,40.853783,11.4073925,9.33001
365333922,46.559753,11.932186,8.29475
365333977,46.61239,11.694509,8.5457
365333982,46.57135,11.66529,5.07268
365334176,46.588142,10.805656,9.01423
365155749,22.283543,10.670754,9.1103
611155885,4.3625183,10.028543,9.8063
365155780,22.31624,10.807798,8.58942
381108440,40.021255,10.131225,9.58865
365155783,22.331354,10.83076,9.82367
345457562,58.409508,11.560069,9.7718
381127970,40.307003,11.379649,9.62567
381108868,39.98801,11.904602,9.93506
381109002,40.180283,11.514013,9.3477
365333989,46.616737,11.646119,8.20408
468335547,5.7696457,11.153938,7.5261
468335769,5.8644004,11.836488,6.60328
266011277,12.549995,11.830017,8.05388
418789594,11.946037,11.51699,8.4457
369477954,15.88927,10.110306,7.304
381002204,36.61057,11.560777,8.4733
381023026,36.65835,11.801392,9.5152
293374830,10.988163,10.658038,9.4327
468335987,5.864102,10.587251,8.7584
468335594,5.744751,11.371108,9.9768
357392245,2.5305364,11.991059,9.7392
369477671,15.941631,11.504651,9.3635
403025381,1.6201203,11.679369,9.3616
293374672,11.051795,11.47512,9.7507
468335571,5.7325253,11.223178,9.65217
266011600,12.639059,10.411576,8.3366
408726845,36.49582,11.929888,8.6055
293374738,11.04584,11.121618,9.2952
405185862,1.8111241,10.714348,8.7715
397590437,9.324254,11.436574,6.7594
397590605,9.3034525,10.609711,9.3103
257961106,44.09471,11.99397,9.73612
377021602,29.873947,10.718159,9.2777
401426629,5.227644,10.976793,8.0491
376456560,8.2218685,11.773036,8.0612
381109254,40.197296,10.3506975,9.1422
381127969,40.30643,11.378891,9.84241
381128414,40.620564,10.741731,6.2692
377039008,35.224613,10.61186,7.2431
337139324,34.629356,10.143147,9.9074
337139360,34.633114,10.295485,9.0074
365228825,37.980568,11.110031,8.2147
381028210,37.381943,10.994756,9.343
365228879,37.863533,11.356443,8.89211
347004259,39.41495,11.992167,9.22147
365228842,37.890877,11.205755,9.9233
365075248,21.345325,10.9646015,9.1152
365075332,21.390038,11.357714,9.4179
337139510,34.59562,11.173572,9.7719
365110690,21.866419,11.32159,8.4282
365092716,21.639791,10.281459,8.5556
381079850,38.241554,10.227901,8.8891
258805872,39.506557,10.045485,8.804
381028711,37.530136,10.962792,9.9548
381076960,37.53682,10.428171,9.2799
381076994,37.598812,10.247081,9.4177
337217667,39.879463,10.035583,9.1555
337218060,39.90646,11.879198,8.945
466436834,6.5342083,11.642086,9.9353
406410153,13.848923,10.754511,9.4792
376906726,18.569977,10.501264,9.9543
365092783,21.563732,10.597649,9.9888
429036554,9.797621,11.003618,9.8735
406409726,13.752913,10.874506,9.01812
381078909,38.06335,10.136999,9.5086
278963538,39.042656,10.396947,9.6981
381077022,37.50177,10.113771,8.68838
381082203,38.59746,11.804655,9.0782
365092770,21.578259,10.54449,9.755
401426617,5.126376,10.917795,6.1334
405269481,0.95930856,10.451055,7.5112
401426464,5.161632,10.305846,9.35985
405269152,0.83395576,11.765483,9.9695
405269564,0.9539627,10.140915,9.5965
405292350,1.2562611,10.390641,8.1881
405292362,1.3026601,10.436282,8.81834
468356673,7.633029,10.244367,9.3845
401493476,14.281914,10.43241,9.0642
266015629,12.945991,11.273642,8.9723
401493524,14.28284,10.161609,9.7625
266015792,13.060383,11.898781,9.0998
418781685,11.758167,10.251469,9.1397
418781635,11.697357,10.574384,8.86795
401493256,14.298954,11.456068,8.60353
397586103,2.7570841,10.397156,9.9644
405268829,0.8145162,10.247711,9.2491
405336233,12.35605,11.066143,9.4263
337010615,32.030178,11.190486,6.0445
337010653,32.07738,11.007043,8.4526
365073041,21.205423,11.259345,7.8413
414961341,15.683976,11.940544,9.11056
365073022,21.25737,11.341463,9.01308
337010750,32.095787,10.602464,8.9297
365072825,21.179787,11.522678,9.7612
337139577,34.692917,11.550483,9.89436
365073234,21.221487,10.297621,9.54443
365226942,36.04323,10.272472,6.05312
365226947,36.071777,10.239413,9.2484
347006310,40.777714,10.690776,8.0356
377056378,40.439568,10.613395,9.9864
365026990,20.152048,11.252178,9.6219
365226885,36.119736,10.533489,9.3612
377056365,40.50039,10.544809,5.4668
365055838,20.219675,11.455733,9.5463
365055762,20.266943,11.783306,9.31313
365027003,20.12204,11.355913,8.8909
365027033,20.204334,11.457986,7.7656
377056494,40.500782,11.198415,9.5628
365026850,20.197388,10.576544,9.97381
347544112,40.12253,10.107007,9.69105
468346608,6.364273,10.423809,9.8564
257867241,17.64689,11.147412,7.1358
365062963,20.669971,11.658189,8.0641
346874358,23.810444,10.906352,8.5483
337045369,32.651276,10.9294815,9.8917
337045449,32.65109,10.578773,9.9723
365063173,20.723347,11.366506,5.7904
347345442,25.40107,11.6194315,9.2951
468346538,6.4598317,10.769254,9.1584
468346589,6.399552,10.503002,9.3515
365062714,20.64489,10.575254,8.8204
257883305,17.701698,10.1650505,9.9819
347345652,25.323357,10.526263,9.439
377043979,39.72053,10.492005,9.5805
377019404,29.701283,10.644619,8.7989
365062665,20.681013,10.369549,6.8493
365024444,19.864202,10.034697,8.8582
468346032,6.2782817,10.9123125,8.9492
380966347,35.80856,10.836746,6.80945
385112823,20.318548,11.9268,7.3986
365093265,21.756756,11.367256,7.3279
337139855,34.726585,11.087819,9.8317
346989286,32.92774,11.313996,9.4028
346989500,32.91532,10.212026,8.9098
365024627,19.914795,10.957675,8.116
257883134,17.686104,10.99983,8.3665
347345735,25.323702,10.117742,8.4424
347345736,25.329195,10.113734,8.2997
381025490,37.009087,10.994258,7.5115
381025538,37.046116,11.222161,8.988
381025566,37.054153,11.3505125,7.2672
377043949,39.76439,10.637023,5.74902
405227065,10.817921,11.709185,6.7755
468346297,6.3783407,11.787447,9.33338
468346609,6.4575872,10.423481,8.6281
257867199,17.613747,10.947337,9.37296
346940718,25.708351,11.085803,8.0997
346940792,25.727062,11.528187,9.6542
365092844,21.583315,10.890094,8.7691
346940954,25.81196,11.624216,9.009
346941062,25.833391,10.985117,9.57199
346941127,25.815048,10.61774,9.1332
346941154,25.882143,10.470935,8.74687
347345440,25.407806,11.630665,9.0775
377019427,29.619726,10.793063,8.3076
365110963,21.978258,11.525853,9.94266
346989201,32.94602,11.761047,8.8232
365092901,21.669437,11.154484,9.98427
377043824,39.801647,11.337892,9.28783
346989185,32.87874,11.883016,8.803
401492968,10.658001,11.111255,8.5961
401492980,10.601077,11.174223,9.2374
365092848,21.662289,10.897693,8.28427
365093044,21.59161,11.717871,9.3703
380965744,35.674168,10.496437,8.84114
380966002,35.700985,11.573265,8.3961
380965764,35.677494,10.572419,9.7878
387542420,44.12631,11.506666,9.8874
47093587,23.13859,11.88258,5.9143
387542760,44.12343,10.125903,7.68919
403021157,0.6054337,10.776365,8.182
266018038,13.270704,11.774735,9.5213
403021121,0.52311593,10.948565,9.7713
337026503,32.195553,11.893319,9.69103
403021108,0.58976215,11.006238,7.7018
468333507,5.657263,11.576973,8.5255
403021155,0.59004325,10.785351,7.98748
266017864,13.175084,10.913912,9.9658
337186916,34.82602,10.53549,7.6233
257924930,31.613762,11.212812,8.0045
337092620,33.52272,10.597623,9.9358
365206194,30.09472,10.629922,6.7717
368625256,27.716553,11.043379,5.623
337092530,33.51053,10.112932,9.42833
337092854,33.56966,11.700415,9.9618
377043943,39.79513,10.67204,9.0993
376877720,18.192001,11.991846,7.6404
365151100,22.27274,10.432221,6.4188
376877821,18.217878,11.393256,9.6124
347471236,28.762772,10.186843,8.7008
418789455,11.873137,11.642326,6.5557
418789837,12.031651,10.217725,8.4034
266013656,12.812848,11.018451,7.4885
347438749,28.271215,11.934311,9.2528
377038511,33.47002,10.786686,8.9471
377038717,33.369465,11.889251,9.2645
408506855,3.2511618,10.650312,9.7431
395354392,2.2415407,11.999597,9.3379
418789414,11.908509,11.360006,9.9455
414829401,14.566664,11.997623,9.4295
418754929,3.9276729,11.609654,8.3941
468348306,7.3835773,10.387222,6.255
293393684,12.072359,10.257934,7.768
405336035,12.24714,11.729429,9.6082
347417454,27.268719,10.876111,8.8723
336981288,31.000992,10.101172,8.4503
337045528,32.664406,10.189141,9.3402
337074720,32.82042,10.659094,9.9569
347417520,27.211462,11.162493,8.8676
405336011,12.240113,11.587027,9.9608
336981027,31.022303,11.186875,7.8514
468348463,7.370435,11.180564,9.9058
266013487,12.904084,11.91761,9.4381
408506889,3.282465,10.903514,9.8269
266120471,15.054904,11.935342,7.66742
418789354,11.837537,11.057864,9.78834
418789582,11.944108,11.584292,9.0422
377021626,29.91542,10.85423,9.4942
266013141,12.714249,10.364275,9.7524
266013432,12.75132,11.847171,9.00448
336981010,31.036068,11.259193,9.4824
368600410,27.407465,11.943798,9.8144
418752447,0.15330474,10.478641,9.76224
337137229,34.40451,11.628562,9.75457
337136988,34.44498,10.463502,8.092
408516354,9.040802,11.631206,9.44951
347417476,27.214792,10.962527,9.97
347417866,27.351164,11.174733,9.4887
337136925,34.413074,10.097986,9.28806
468333648,5.682735,10.844195,8.662
405305814,2.8115027,10.636045,7.2599
387544819,44.2369,10.64526,7.8057
387588091,44.564034,10.982046,7.0712
387588263,44.600224,10.205184,5.8276
387599217,44.692722,10.950532,9.5185
387599280,44.69836,11.252297,8.93602
387599670,44.84257,10.886329,9.4359
387599710,44.825962,10.737744,9.5588
387610262,44.959576,10.502426,7.39364
387544798,44.287884,10.5415125,8.2363
387599831,44.823307,10.2103,7.39396
387587469,44.499577,10.235389,9.3953
387599034,44.759937,10.207494,9.2703
387599117,44.680992,10.549328,9.6348
365179743,22.796556,10.448591,9.5156
468333536,5.722466,11.421598,9.4003
405304861,2.4059129,11.770111,9.6826
429034746,9.553437,10.930965,9.2851
387544783,44.24453,10.480956,9.9036
405191427,3.8111415,11.751699,9.56993
387544715,44.252636,10.162042,7.3484
405305758,2.9060524,10.328333,8.0181
387610298,45.021446,10.656015,7.0728
353235026,10.85196,11.595889,8.8559
365179729,22.791756,10.374372,9.0403
257996701,44.465355,11.968245,9.86405
387585525,44.34117,10.48068,8.4671
387599182,44.774395,10.794385,9.15115
405304597,2.4232042,10.514455,9.05501
365205684,29.959602,10.625295,9.7388
293408811,12.525543,10.181862,8.9206
293408922,12.475602,10.754765,8.1671
293409019,12.514196,11.261166,8.8883
257922535,26.526558,11.26231,9.4661
257922516,26.521673,11.190908,9.5205
257922590,26.516165,11.531884,9.7062
257922668,26.499681,11.884272,9.9851
401398178,2.6516776,10.063291,9.09118
58765133,6.263484,11.943855,9.82007
346924115,24.862862,10.673053,8.4403
257914965,26.077114,11.303207,8.62229
336768776,13.9835005,11.9010315,9.9756
365200957,26.5752,11.961924,9.9141
346872061,23.510155,10.765198,9.6367
336983130,31.132057,11.176632,8.44543
336983152,31.055937,11.239079,8.8415
401987480,8.46391,11.069701,7.8491
337010373,31.911634,11.621583,9.0786
336983136,31.142721,11.192619,9.3102
336980612,30.85825,11.017517,9.338
47147114,25.082386,11.878319,9.2952
337010398,31.947807,11.767841,9.6541
337185307,34.714504,10.12756,9.9392
257915033,26.13784,10.908522,6.9994
369476314,15.389778,11.942043,8.4176
257915031,26.058279,10.928567,9.716
368624703,27.575,10.176885,9.1073
347433353,28.095968,11.351417,9.9179
347433563,28.167645,11.526483,9.2207
368626843,27.855034,10.149285,8.1747
405228971,11.418707,10.259348,9.2255
405228982,11.334527,10.312457,8.1864
405334806,11.24212,11.369004,8.7766
369476459,15.566576,11.429154,9.4109
257920647,26.354486,10.752419,8.81923
347360924,25.555882,11.351528,8.2534
346876202,23.88905,10.56176,6.9792
347440886,28.602375,11.4026985,6.1228
347472003,28.95726,10.049719,8.6738
347471650,28.914644,11.798344,8.1042
347471696,28.893536,11.654025,9.1332
368627559,27.929935,10.121737,9.8742
347361056,25.502134,11.952476,8.4081
88814201,26.899122,11.932786,8.9224
347440710,28.602356,10.361318,7.4965
369476439,15.580797,11.52188,9.23202
369476725,15.485368,10.089741,8.79876
429051987,15.626228,11.96089,9.75659
429052090,15.685894,11.480068,8.88252
347361137,26.001917,11.717125,8.30752
257915138,26.126333,10.4146185,9.46515
368627277,27.920237,11.48667,9.8285
377036792,30.291327,10.839674,7.7283
466439394,6.7219954,10.148772,5.7851
369472659,15.308015,11.180451,7.2156
405334792,11.305349,11.300333,9.9165
337077085,33.20292,10.392375,7.8633
466438698,6.695867,10.275879,8.8278
466438811,6.686955,10.912638,9.3362
466438823,6.700545,10.96257,9.4901
466438870,6.6705885,11.162997,9.5729
346977051,29.357162,10.843991,8.9679
346976756,29.233742,11.663502,9.7547
377036880,30.296507,10.399623,9.4181
337077069,33.124878,10.328811,7.86795
466438899,6.6394076,11.2837925,8.79011
466438959,6.692895,11.674391,9.14038
369472172,15.162538,10.530775,8.85347
376903296,18.27515,11.749193,6.644
337134776,34.072716,11.2540045,9.5338
365208212,31.825922,11.623573,9.0118
336960775,30.73988,11.018758,5.38364
257885453,17.954853,11.467609,7.9711
408504928,0.37521124,11.659801,9.3421
365208151,31.880344,11.323153,8.6778
336960276,30.480976,10.550808,8.7967
408514342,5.5677357,10.788234,9.2863
52020877,4.0278034,11.938339,9.2027
52020893,4.1658826,11.938176,6.9158
406407409,5.4067607,10.780947,9.667
418759999,2.4764812,10.414483,9.9748
357410022,2.6825397,11.9747,9.5029
376980535,19.635391,11.445724,9.8828
466439421,6.79652,10.015047,9.687
408514256,5.5575233,11.23922,9.7997
406407540,5.4114723,11.373561,9.5078
242883385,58.19789,11.938123,9.6183
418760216,2.4658098,11.416193,7.9974
418760147,2.5091777,11.145813,5.6392
418760146,2.5099437,11.143839,9.5434
408505170,0.42178056,10.612861,9.83386
336691315,6.3406024,11.873613,9.1735
257885510,18.002415,11.187488,9.12706
365090899,21.492653,10.406973,7.19523
336960705,30.714287,11.372287,8.7235
336960709,30.720676,11.366254,9.7542
376903693,18.456535,10.999886,9.2397
336960940,30.78324,10.258355,9.66511
403027297,4.533013,10.914143,8.022
405213526,4.3623295,10.028233,8.4474
401423444,4.9526196,10.559072,8.5068
403027349,4.571861,11.206217,5.19422
405211376,4.1717105,11.835655,9.3627
405211683,4.257315,10.388991,6.07601
405211717,4.1903267,10.244779,4.19443
405213608,4.271341,10.502132,7.338
405213777,4.2703524,11.218671,7.4973
408514004,4.7265735,11.268115,8.5279
408514008,4.711075,11.288972,8.0721
405211750,4.168582,10.104603,7.9734
401422819,4.828214,10.229558,9.699
403027164,4.5691247,10.202788,8.92944
397590152,4.454463,10.79116,9.3094
408508980,4.7065115,10.212802,8.44674
418754953,3.9878783,11.758776,9.9341
405211050,4.140336,10.30232,9.7848
405211532,4.2570596,11.057634,9.8528
401423435,4.9081173,10.610037,9.83687
620038177,38.597073,11.804792,9.5708
418754783,3.9769926,10.805867,8.61877
346976535,29.284504,10.413449,8.6483
346977144,29.454905,10.303828,8.3337
468344156,6.095252,10.588392,9.5253
468359331,7.947434,11.671264,9.7163
468361226,8.074638,10.120711,9.3998
126983073,24.392103,11.982235,8.2775
468361285,8.13045,10.48661,8.0663
468338112,6.2028995,11.478701,9.92226
365158339,22.57801,11.0908985,7.4841
380961552,35.51363,10.383053,9.5986
380961590,35.51106,10.474252,8.4921
303240382,5.515722,11.9201145,8.7392
293374275,8.544981,10.2992,5.90682
365177626,22.708145,11.873207,9.6051
337187505,34.98607,10.516429,9.8166
278961744,38.86931,10.718123,9.4514
278961869,38.9259,10.122476,7.9325
258797226,37.619923,11.062114,7.7295
346991095,37.14441,10.852585,9.3963
380956775,35.119965,10.641145,9.02104
380957519,35.31553,11.725862,7.9782
381026079,37.352734,10.375513,8.3195
365150883,22.254229,11.401325,9.9327
365177555,22.537354,11.778556,9.3052
401429353,8.835679,10.971722,9.9933
365150947,22.206951,11.131418,9.6414
406412079,14.038953,11.499835,9.8896
365057768,20.382818,10.73269,9.2236
365072670,21.18479,10.777097,9.1058
257922772,31.504755,11.652957,8.725
257957938,31.72242,11.276759,8.9618
401446291,10.282913,11.953541,7.9162
380885126,16.197172,10.599682,9.9778
257914538,18.140825,10.788619,9.7678
257914554,18.070724,10.836485,9.7376
365057871,20.425535,11.2707205,8.0736
278961619,38.907772,11.3161545,8.6922
346991093,37.240334,10.84106,9.38349
401429022,8.67204,11.134782,7.6974
401429438,8.867702,10.478246,9.3135
365058353,20.482857,10.502457,8.5231
337075266,33.063095,10.880456,9.8122
337075227,32.994007,11.03034,9.5396
337075441,33.004303,10.139284,8.4987
401429203,8.868923,11.840154,7.8102
401429329,8.808458,11.066142,9.38286
381250140,19.40793,11.915903,9.38785
278961609,38.849815,11.35537,8.67318
337217714,39.87165,10.260527,9.65266
278961662,38.833176,11.146132,9.6684
278961811,38.90261,10.411652,9.62955
365150863,22.260237,11.50474,9.9847
257924814,31.548592,10.635321,9.66119
405186874,2.1313176,11.171536,8.521
257958103,31.6648,10.477549,7.2314
405292974,2.2636244,10.63283,9.00232
401428937,8.66463,10.675354,9.93607
380962397,35.59395,11.702118,9.83709
401429187,8.81813,11.986058,9.74127
377039113,35.21989,10.006696,7.0559
347542406,38.449112,10.2955265,9.7979
347542438,38.383053,10.121857,9.8489
381079156,38.085697,11.082977,7.6829
381079730,38.262054,10.694296,9.4018
381082274,38.71041,11.532111,8.1654
279057667,39.294514,11.278981,9.8004
346990960,37.129406,10.069292,9.2804
380963898,35.606133,10.504573,9.4746
368629474,39.077354,11.577369,9.0504
368629770,39.13141,10.20581,9.749
381082255,38.608093,11.604815,7.002
279057623,39.259968,11.059239,8.5044
365229077,39.58457,11.759118,8.5707
337216129,38.173645,10.020246,9.3159
381082409,38.65907,10.896415,9.6454
258844009,14.963457,11.922965,9.88735
279057510,39.20559,10.538757,8.7896
368629453,39.173645,11.653815,9.24073
337215907,38.16399,11.092103,9.46272
258805221,37.837646,10.747089,9.98238
380988870,35.969746,10.925669,9.7954
346990980,37.14872,10.193973,9.71717
368629519,39.143093,11.392025,9.86469
611014984,15.485978,10.089976,9.85941
405266474,0.2637472,10.629502,9.1715
365156112,22.511599,11.833275,9.43
347386696,26.839945,10.953686,7.5359
337090503,33.1344,11.881411,8.4082
337090563,33.241924,11.940388,9.3399
337090627,33.256054,11.553446,9.1923
337008420,31.347092,10.076859,5.0023
337132370,33.792755,11.782778,8.0858
337132771,33.894684,10.462776,9.0897
337132832,33.861603,10.196245,9.3819
337186899,34.93566,10.453642,9.8995
405266970,0.67119575,10.906755,8.1248
365111258,22.021702,10.064101,9.6745
347388539,26.991835,11.019364,8.6268
347388872,27.062569,11.277475,8.1303
337008189,31.381678,11.2492695,9.5928
347438474,28.253494,10.435662,8.44541
337008338,31.303343,10.522891,9.3432
405266678,0.26333305,11.622892,9.84954
405266660,0.32632482,11.560087,9.1496
369472669,15.279661,11.106276,9.51417
347386719,26.787945,10.84424,7.06634
347388815,27.143127,11.5430565,9.7114
337090852,33.260273,10.416336,9.92979
337132530,33.874035,11.504308,9.5637
337132700,33.92624,10.771012,8.94093
337132703,33.922787,10.768833,9.34629
337132357,33.732933,11.731982,9.4994
337132599,33.94687,11.307914,9.76871
405271993,1.1423935,10.588943,9.7115
346988793,31.252104,10.116054,6.20814
380885292,16.302774,11.571017,7.8485
380885313,16.288126,11.678138,7.2589
380885670,16.395382,10.535737,8.2827
365067785,20.840729,10.646089,7.2959
405271858,1.1256508,11.124103,8.3971
419328332,13.891844,11.721609,8.8487
365156417,22.5121,10.318899,8.3833
365068241,20.96535,11.353783,8.7179
419328145,13.892399,10.681403,9.3889
346988804,31.259645,10.184276,9.6279
380885243,16.289997,11.31582,7.6688
365067831,20.829576,10.842693,7.32202
346989030,31.222801,11.405184,8.1743
337134803,33.96975,11.359589,8.41203
408596391,34.836132,11.975049,8.7374
365068111,20.962141,11.952512,8.1304
58827368,17.398159,11.910027,9.52995
257774438,16.462276,11.753428,8.97055
376922609,18.848276,10.78216,9.3365
365156310,22.473042,10.923452,9.34781
365156439,22.46008,10.232,8.10817
346988922,31.21196,10.805272,9.08804
346988834,31.2426,10.379707,9.8536
346831897,23.124773,11.784144,9.9693
346831902,23.122114,11.760745,8.9999
346863611,23.314318,11.712331,9.6361
346895504,24.260376,11.123321,9.6668
365200725,24.767794,10.930066,8.2933
346876725,23.98658,10.926401,7.7927
346923570,24.446857,10.087716,9.8348
257914851,26.128233,11.84461,9.521
257920559,26.309313,11.193054,9.3103
346871739,23.46104,11.710659,9.8376
427687943,0.65408784,11.977238,8.8768
346832030,23.121387,11.136071,9.6943
346938957,25.595673,11.573767,9.6527
376982659,25.195599,11.043442,8.6074
346923749,24.385153,11.1882,9.8711
376982702,25.14935,10.863552,9.646
346940602,25.794788,10.449385,9.8594
376937328,19.306967,10.596599,7.4504
346939187,25.649258,10.244564,7.0144
346871584,23.431015,10.9041,7.4661
346872038,23.589863,10.91834,8.4383
365189828,24.538198,10.722093,9.3582
257920706,26.415096,10.55154,8.925
346831913,23.05201,11.696107,8.6853
346831995,23.100702,11.320584,9.9368
346863874,23.355696,10.982405,8.56533
376988897,25.30707,11.205087,8.7473
346876748,24.10371,10.819832,9.87071
346924074,24.910498,10.904163,9.4899
365189745,24.570427,10.505916,9.08692
257920178,26.243061,10.985765,8.986
257920340,26.17702,11.935541,9.5928
347386274,26.737381,10.937365,9.9195
365200869,24.770945,11.687773,9.7973
471011364,41.239925,12.445756,4.9593
60908053,66.67894,12.686467,9.2447
630550327,29.147734,12.467934,9.6618
434226153,63.34399,13.5786295,9.917
611043493,16.454369,13.314298,9.0764
404677329,29.147734,12.467934,9.6618
630574637,23.019913,12.2922945,9.2968
630574638,23.02063,12.292568,9.0158
630573233,24.27466,12.14174,5.1873
435915399,65.13306,13.571932,9.3028
436565509,70.755455,13.468223,8.7514
611183130,3.483985,12.152206,8.917
258777705,10.700993,12.8111,9.4359
243203245,45.459568,13.203734,9.8199
640173860,41.239925,12.445756,4.9593
58756959,5.911249,12.47561,9.758
611259015,10.700993,12.8111,9.4359
611041524,16.842842,13.184378,9.1856
303526274,51.536205,12.4816475,7.9503
673610566,63.34399,13.5786295,9.917
47066398,23.02063,12.292568,9.0158
640138215,51.536205,12.4816475,7.9503
640191531,45.459568,13.203734,9.8199
384883668,16.454369,13.314298,9.0764
673501248,66.23043,12.245659,9.19819
389051678,62.20497,13.022274,7.896
51988217,3.483985,12.152206,8.917
673524547,70.755455,13.468223,8.7514
673502054,66.67894,12.686467,9.2447
384887937,16.842842,13.184378,9.1856
673594011,65.13306,13.571932,9.3028
60860808,66.23043,12.245659,9.19819
59086086,66.16547,13.756843,8.689
302460381,47.279312,12.119649,9.857
218169120,41.753433,12.426816,8.046
218292621,42.434677,12.145708,9.01
399515566,21.488861,13.248209,9.443
405337466,21.836685,13.341923,8.98
243007962,60.442745,13.83733,7.79916
385154108,21.753946,12.666045,9.629
52094190,40.248646,13.336143,9.81012
52094635,40.28817,12.463623,8.99074
52093895,40.237957,13.875171,8.6576
97303977,31.171207,13.903513,9.1107
97304587,31.15695,12.526829,8.9008
47167168,25.761059,12.567679,7.8276
47166405,25.615513,13.734047,8.42025
47167305,25.791742,12.905541,8.2834
58898523,36.36238,12.681182,9.0237
58898458,36.461082,12.522707,8.41109
58903221,46.24113,12.660002,7.691
58904267,46.319626,13.572191,8.7428
58903723,46.295715,12.387137,9.3145
58903660,46.290493,12.176712,8.87833
58904304,46.355423,13.641102,9.47604
381410061,49.733444,12.414539,8.864
381410450,49.73131,13.236284,9.5573
336725099,6.664785,13.4324045,9.5863
336725368,6.6665897,13.029569,9.5221
126983005,24.27466,12.14174,5.1873
303203844,5.1593304,12.31111,7.6941
303204484,5.251296,13.139306,9.4927
303203928,5.1140113,12.099214,9.3947
303204165,5.24597,12.323868,9.59055
376903370,18.364496,12.132282,9.74836
60907299,66.61085,13.387352,9.9871
88754056,26.09219,12.832365,7.4663
88754165,26.06239,12.6406,9.1285
88754222,26.175694,12.485134,8.96031
88754391,26.111204,12.141534,9.5166
333614878,48.366047,12.311517,9.8474
404647665,28.315496,12.28265,9.4068
404647135,28.38033,13.668088,9.8434
404647507,28.37473,12.682394,6.6254
404648606,28.487343,13.825136,8.2267
404647123,28.399979,13.721724,9.6903
245897471,69.25693,12.005886,9.4587
436669263,73.1844,13.365643,9.44007
436675336,73.41254,13.138719,9.55047
245871161,68.90516,12.695935,6.2602
434238729,64.044846,13.405362,7.8696
436676257,73.42358,12.328653,9.0767
436667815,73.09183,12.98951,9.9212
436667500,73.12791,13.498759,9.8134
245871124,68.94045,12.778171,9.8086
245948521,70.35608,13.105506,8.003
245872346,68.96968,13.600725,9.48807
436645334,72.32257,13.063891,9.3079
245871431,68.89134,12.100489,8.3526
245948461,70.37364,13.221207,9.6013
245948693,70.35558,12.741117,9.58532
436654584,72.77216,13.771626,9.54475
436646891,72.54966,13.551223,9.31717
436654616,72.68633,13.825543,9.9804
245936817,70.01426,12.197612,5.55898
436638750,72.22113,12.690348,7.0555
245904120,69.51257,12.5325,9.4816
381459099,66.831566,12.853035,7.275
381459330,66.80093,12.328452,7.8039
436584467,71.333855,13.9325285,9.9491
245903261,69.34124,13.134662,9.9927
245903890,69.52053,12.076097,9.6581
245904474,69.45422,13.348093,9.9591
245903651,69.44102,12.402943,9.8918
245828275,68.037415,12.840416,9.6966
436653306,72.601555,12.2641325,8.3252
435924051,65.52988,13.352355,9.5588
388994472,57.816128,13.046077,6.33823
388995255,57.934277,13.10798,8.8138
436639526,72.293625,13.905332,7.7889
245904110,69.53942,12.510831,4.1904
381458976,66.726425,13.138177,9.3933
436577504,71.16007,13.826317,9.90325
436577592,71.16376,13.6549,9.4636
245904414,69.503075,13.216658,9.8692
436571343,70.87698,12.334492,9.5713
245864617,68.655334,13.456054,9.4776
435910223,64.8735,12.901731,9.972
436591620,71.642525,13.994882,8.6267
245896500,69.09238,13.802481,9.9598
434135029,55.825424,12.793943,4.98767
242991317,60.170074,12.490353,3.58685
245864605,68.705765,13.474227,9.1902
435909708,64.75637,12.267396,8.0357
435910168,64.97891,12.743357,9.4468
435910297,64.9471,13.085844,5.9506
435910530,64.95785,13.658932,9.5926
60878787,66.48164,13.347235,8.1106
60879066,66.56275,13.954869,9.0496
60879082,66.57138,13.984086,9.058
436563660,70.57294,13.972877,7.6811
436618272,72.04377,12.271989,9.9164
436631321,71.988655,12.992983,8.406
242991229,60.24939,12.214358,9.9157
245897587,69.308784,12.218234,8.8674
245897845,69.21869,12.720967,8.1863
245943860,70.24098,13.769469,9.883
436565277,70.73387,13.065676,9.7652
435914402,65.00601,12.919184,9.4971
242995080,60.506096,12.157975,9.5654
436631821,71.941956,13.84998,9.09819
436638685,72.2112,12.591991,9.7643
245834399,68.302,13.797868,8.868
435914439,65.04252,12.807947,9.9428
59085735,66.1139,12.992441,9.8044
435339474,55.234104,13.757437,7.4021
435930420,65.92298,13.828681,6.53174
245870862,68.83679,13.329622,9.2077
436565149,70.79982,12.782473,9.8212
436639550,72.29815,13.944353,9.0221
348663013,61.796597,12.268181,7.62018
435920222,65.43893,13.584936,7.22503
59085689,66.16845,12.904037,7.48606
436578925,71.30817,12.620026,9.0566
435930382,65.93521,13.697989,9.3319
436586293,71.46958,13.030172,8.6269
436638207,72.13725,12.050921,9.2098
436638480,72.187904,12.264561,7.7646
436647054,72.552734,13.79526,9.4315
436668215,73.15862,12.303761,9.6365
436618459,71.97972,12.612781,8.2282
436638363,72.200554,12.0656595,9.3282
436639007,72.29461,13.103391,9.2962
436646841,72.51616,13.482546,9.64782
245833963,68.30079,12.851368,6.3908
245910143,69.762215,12.262641,9.5833
435910116,64.90364,12.624325,8.9451
245937103,69.96239,12.728478,9.0104
60878068,66.39713,12.166507,9.79804
60878428,66.52434,12.54213,9.3361
436652430,72.60977,13.7580805,9.47
60878208,66.58774,12.048218,9.9818
60878440,66.550446,12.560827,9.9094
436668171,73.17122,12.384711,7.07452
673332971,70.87733,12.334432,9.3849
434128632,55.475178,13.936707,9.90293
435909166,64.78769,13.720607,7.3353
436586150,71.45457,12.800082,9.8605
389118643,63.15601,12.624393,9.6074
436585875,71.501785,12.335236,8.9493
435285303,52.85736,13.168026,9.5221
302460847,47.25898,13.959895,8.91815
436585809,71.55599,12.22799,9.5127
436585921,71.471115,12.415668,9.3369
242883471,58.045055,12.933776,9.7104
303505682,51.341915,13.4367895,9.8775
242883492,58.05855,13.140591,8.2173
242990552,60.15432,13.89221,5.98244
435881746,64.384735,13.328896,9.1196
435881929,64.42925,13.836593,5.94115
333674837,49.32838,13.872671,9.54301
436572106,71.01548,12.991334,7.1546
348662485,61.794353,13.812331,8.24113
389118706,63.15653,12.456218,8.49627
435940566,66.00034,12.334087,9.4531
348662584,61.82819,13.538311,7.55029
436571936,70.97322,12.6856,9.20975
436586283,71.463066,13.011732,9.7779
245943131,70.20222,12.272974,9.7713
436570757,70.9196,13.410378,9.8997
434261156,64.20391,13.076025,9.8929
436564092,70.6227,13.176169,9.5814
436578170,71.13245,12.652689,9.9073
436578333,71.08113,12.344616,9.1586
435292350,53.41468,12.403181,8.0138
435292730,53.338303,13.782414,6.01024
456865102,57.571445,13.399144,9.4103
245833441,68.201485,12.218853,9.4661
456864905,57.64694,13.950545,7.91156
435904741,64.550514,12.695642,9.5363
435904786,64.59565,12.577317,7.9567
435905106,64.63878,12.068489,9.158
435905289,64.63185,12.566679,7.28171
435905379,64.69458,12.798069,8.7527
245833453,68.100555,12.181757,9.5341
245942316,70.15741,13.228209,9.5737
245942335,70.14858,13.1966915,9.0238
245943016,70.203964,12.046635,9.7823
245943268,70.23503,12.5898075,8.63748
245943278,70.218315,12.615177,8.81645
245943414,70.19894,12.908253,8.5778
436572165,70.956955,13.090256,9.1196
436646983,72.47886,13.689087,5.2112
436652988,72.5737,12.8415165,9.7537
348667551,62.516575,12.652625,9.8675
435920027,65.474976,12.976246,9.6318
456889021,62.499973,12.610864,9.4125
242988608,59.832115,13.9750395,5.70736
242988660,59.862743,13.8051195,8.5731
435924233,65.58436,12.838576,9.7256
435925090,65.68164,13.317178,9.8267
435925111,65.71548,13.381225,7.6907
435940639,66.06033,12.157989,5.14145
389019492,61.66859,13.157223,8.3272
434261198,64.190346,12.957544,7.6794
434261428,64.14898,12.338684,8.1913
245828528,68.085945,13.402799,9.0344
436564139,70.580315,13.085741,9.9031
436564537,70.656,12.31112,7.561
436637698,72.13876,12.925403,6.79475
436564011,70.67173,13.316785,9.858
436654148,72.74577,13.066914,9.9578
242988679,59.849846,13.73306,8.06946
242988680,59.86519,13.730858,9.0578
348667199,62.329075,12.341622,9.6398
435919054,65.29067,13.576165,9.3613
60860993,66.23812,12.718972,9.4547
60861075,66.23522,12.943752,8.7706
245833854,68.233215,12.584587,7.78297
436637382,72.15753,13.451633,8.34238
348667376,62.590454,12.077639,7.4286
435914597,65.10248,12.397048,8.83393
435919018,65.3243,13.667875,9.65026
60860947,66.28452,12.609652,9.87013
245787866,66.89317,13.626318,9.88952
436592904,71.77995,12.0541,9.54601
436593252,71.77829,12.659697,9.55971
435924353,65.503944,12.509084,8.6198
389019515,61.709866,13.108685,9.9653
435924311,65.488525,12.627309,9.9692
245798626,67.55881,13.921015,9.6597
245910524,69.786,13.002983,6.7697
245910270,69.77745,12.52525,8.6018
245910543,69.70324,13.032495,9.93175
245859369,68.563545,12.623809,9.8896
245859907,68.50071,13.755623,9.4444
245902883,69.35339,13.920978,6.68753
436661956,72.95828,13.655156,5.846
436617575,71.8517,12.8291645,9.6361
303505973,51.294167,12.485399,7.18806
436572159,71.06522,13.079819,9.85002
245937494,70.000496,13.485356,8.6762
436646487,72.486855,12.861259,9.24107
242937729,58.438915,13.505012,7.79342
436571286,70.84047,12.4460125,8.95724
435292276,53.413677,12.111538,9.42835
435292434,53.344643,12.697149,8.80141
456864964,57.617844,13.829391,9.31734
435905429,64.71716,12.924838,8.2703
245943266,70.28575,12.586784,8.8605
436570953,70.86775,13.035669,8.25615
434134751,55.886475,13.877222,9.8533
436617458,71.88749,13.026907,9.80566
436617397,71.916794,13.1146555,8.28096
436591728,71.564224,13.779398,9.7261
436639224,72.217316,13.461196,9.695
59086210,66.109436,13.996645,9.45931
436639134,72.24041,13.335849,9.2875
436668227,73.09507,12.279932,9.1472
436592658,71.65713,12.196112,9.8952
423975704,45.191963,12.984814,7.3034
333656308,49.106037,13.85149,6.8544
59039680,57.534138,13.432768,8.8222
348722331,62.731487,12.8120575,8.1697
348722390,62.751354,12.642094,8.2439
434229162,63.45198,13.621593,7.8716
245870983,68.916664,13.059452,9.086
381458830,66.793655,13.469477,9.3742
245871659,69.0266,12.192337,8.0104
245871661,69.02299,12.193927,8.9776
333657216,49.21558,13.635937,9.8339
434128172,55.513683,12.266349,9.90544
333656996,49.14316,12.767616,9.8942
348722360,62.64355,12.737182,9.2451
245833065,68.106895,13.113233,9.7004
381458908,66.78581,13.292301,9.8658
436617898,71.9248,12.234126,9.3839
381458708,66.83264,13.721872,9.45496
245949155,70.44955,12.078226,9.54246
245871609,68.972565,12.066758,9.29319
436675468,73.413704,12.907832,9.66178
436660494,72.901436,12.794106,9.0621
245833215,68.208305,12.764343,9.8273
381454714,49.81614,12.848345,8.27723
381454746,49.80941,12.736016,7.8514
388995207,57.930473,12.948615,8.2895
242968795,59.408062,12.764179,9.9566
381454841,49.80771,12.452075,6.02596
303523160,51.424393,13.621356,7.1817
388995403,58.014294,13.506798,9.756
242969170,59.45747,12.251714,7.6888
435880784,64.33297,13.294353,9.8858
435881045,64.33252,12.5165205,9.3108
242969005,59.303154,12.1009,9.896
381454728,49.853325,12.791271,9.48275
245864958,68.60818,12.734213,9.1014
303523128,51.365322,13.507387,9.7119
389051677,62.203674,13.022343,8.94389
242968456,59.37245,13.730928,8.96986
242968631,59.32939,13.249936,9.10683
242968727,59.35533,12.962697,9.01795
242981649,59.52719,12.769418,8.40526
242981678,59.483414,12.828284,9.4751
59084789,60.014866,13.190326,9.66924
59084832,59.95542,13.069132,9.769
435881495,64.39164,12.688836,9.3939
242981705,59.44274,12.921649,9.92086
434164061,56.727734,12.825137,8.7745
242883458,58.065964,12.85371,9.8338
242944414,58.592896,12.243385,9.77515
435332440,54.779152,12.583586,8.1571
435332460,54.776775,12.522575,8.2425
435332994,54.89467,13.262073,9.7921
434237673,63.980865,13.6300335,9.5419
434237820,63.99687,13.167304,8.0244
434238128,63.995075,12.22185,9.4391
435925334,65.67583,13.9464,7.8043
435332501,54.786465,12.370136,9.8415
435333005,54.825096,13.296474,7.9906
435333192,54.821053,13.891495,5.8782
436660839,72.81549,12.155919,9.4812
242944445,58.655396,12.091425,9.6266
436585364,71.386246,12.451414,9.6317
242995065,60.416492,12.122177,9.925
242995451,60.427998,13.250529,9.2482
302500247,47.532787,13.453686,5.6827
388994988,57.99218,12.305715,9.961
435281203,52.563858,12.901796,7.33048
303472619,50.967724,13.837257,7.53863
243011119,60.544865,12.813706,8.5529
243011793,60.763626,13.236403,7.9556
435940318,66.01882,12.972412,6.73801
435940689,66.07269,12.033847,9.2756
435281284,52.55837,12.625065,8.5797
303472610,50.963036,13.811539,9.2109
242939943,58.388966,12.463262,9.7053
243011059,60.603622,13.013077,7.759
245789646,67.01847,13.867939,8.3138
435285381,52.940884,13.50165,9.68469
436638498,72.21669,12.297079,9.7707
303414428,50.430088,12.101161,8.8329
434164114,56.747112,12.958558,9.2882
242944633,58.756004,12.485586,9.1155
242883417,58.10317,12.3787985,9.28271
388994809,57.862507,12.071715,8.56992
242944780,58.740425,12.906108,9.19122
435332114,54.80993,13.725517,8.36409
435332131,54.76799,13.682968,8.70497
435332802,54.9069,12.654725,9.4485
435332843,54.868343,12.815186,9.17659
434237653,63.94298,13.684575,9.73262
434238168,63.988235,12.0994005,9.99423
435925322,65.64405,13.932765,8.67947
436585572,71.36574,12.072576,9.54861
436646300,72.5161,12.526235,9.54221
434233727,63.71566,12.469433,8.9708
242985215,59.614143,12.122115,8.466
303526369,51.481567,12.09529,8.76
242964571,59.05744,13.141505,9.5636
242965583,59.271175,13.804399,9.4696
456894430,67.23654,12.110553,9.5929
303525983,51.598305,13.632972,8.5871
242964565,59.11587,13.155377,8.7491
242939970,58.411705,12.72675,9.36827
435281371,52.513203,12.285787,9.5797
435281180,52.552334,13.006357,9.9946
242939944,58.407127,12.403996,9.8227
58959997,57.032055,13.923157,9.4183
242965423,59.208176,13.367062,9.22414
435262866,52.308784,13.592676,9.5816
242964665,59.09149,12.853192,9.61815
242965081,59.27278,12.34754,9.48906
242943890,58.653664,13.947979,9.7594
242943954,58.63956,13.770849,6.52818
242985373,59.6613,12.257744,9.05139
242984921,59.64925,13.105024,8.3838
242985828,59.71745,13.706444,9.692
242985843,59.664524,13.758925,9.33173
381371088,47.86851,13.563391,8.9211
381371220,47.841328,13.047843,5.20311
435915220,65.224464,13.11902,7.8837
435924035,65.59153,13.38679,8.8508
60908747,66.630196,12.033284,7.8921
245909034,69.60646,13.834193,9.0315
245909073,69.57891,13.75033,9.44804
381371118,47.82339,13.467728,9.5112
436654208,72.75747,13.170359,9.3334
435914931,65.23819,12.295791,9.57324
435915098,65.17215,12.782187,9.85774
389051511,62.256516,13.398268,5.87146
59038837,57.32049,13.059358,6.9965
436564830,70.703476,12.209765,6.7719
245935793,69.91373,13.671019,8.97548
245858382,68.44434,13.251885,6.1942
245936081,69.9021,13.123096,8.2684
436577867,71.10052,13.155169,8.07628
435915513,65.219666,13.864428,5.723
245859221,68.51795,12.330692,9.8307
245794124,67.15753,13.209174,9.8131
242960567,58.801235,13.289672,8.7747
245859356,68.5819,12.593821,7.8316
245859750,68.51146,13.419581,9.6632
245788760,67.08762,12.068817,9.8471
245794077,67.215164,13.324374,8.8968
245794083,67.141266,13.3115015,8.6665
245821264,67.61481,13.101875,9.2808
242960574,58.826004,13.2643585,9.1565
242960598,58.89545,13.156362,9.15556
245788758,66.99615,12.067756,8.96445
245794482,67.106895,12.381911,8.1784
245794190,67.209015,13.047605,4.8583
434234044,63.83975,12.393236,9.8977
384885674,16.608288,12.598025,9.187
389081584,62.95909,13.303373,8.33929
389081898,62.899868,12.580606,7.6156
245865379,68.709236,12.065574,8.8595
434229425,63.457657,12.753709,5.27997
435284682,52.71826,12.93668,3.2097
435336321,55.01775,12.122702,7.4054
59038833,57.418514,13.066745,8.5086
59039418,57.435898,12.602983,7.3381
434233558,63.700794,12.925407,9.5035
242994624,60.31051,13.25197,9.9618
434233994,63.85288,12.223046,9.71061
59038877,57.365696,12.912179,9.1217
434233518,63.7164,13.054956,9.4854
435284515,52.789272,13.5758505,8.2952
435284545,52.82573,13.4394455,9.84572
303367541,50.07033,13.96574,9.8538
303367933,49.99584,12.420622,8.7386
434229249,63.450264,13.350184,9.4756
389042681,62.120968,12.032738,8.7407
243015318,60.883156,12.898888,6.9063
311151159,61.62302,13.777507,9.8686
243015280,60.864456,13.048133,9.46
435336785,55.140797,13.552773,6.7943
303368185,50.14044,12.346595,6.8694
389042789,62.12873,12.337902,7.7601
389043261,62.077045,13.523879,7.9655
243015205,60.835938,13.222308,9.48147
243015218,60.799034,13.201223,9.79679
389042741,62.111115,12.191846,9.9081
389019257,61.71626,13.732213,8.376
243015470,60.775696,12.414655,9.3594
303367868,50.0281,12.718556,9.71804
303368509,50.18157,13.427959,9.5127
333600934,48.012142,13.501242,9.5257
303502998,51.165516,13.983565,9.33502
245858360,68.431786,13.30616,8.5182
435291945,53.229717,12.974544,9.57523
435292004,53.324173,12.695176,9.83861
389082400,63.06991,12.587124,9.2229
303502282,51.042202,12.629592,4.83288
435288634,53.180904,12.119853,8.3444
435288917,53.19917,13.16201,9.1002
435303083,54.113876,12.007194,7.18415
435303214,54.17909,12.474371,6.973
435303516,54.126022,13.612777,7.5262
389082465,63.018597,12.764324,8.54305
435288705,53.10678,12.36346,8.0457
242961105,59.020203,12.319112,8.9672
303434282,50.48483,12.11,9.8492
435256096,51.78754,12.407129,8.3378
59084839,60.02387,13.041207,9.1901
245796862,67.38619,13.894713,6.53708
245796897,67.365204,13.815569,9.98097
245827352,67.87192,13.195594,9.58142
245827465,67.883064,12.97006,7.2733
435255857,51.79646,13.409222,8.8389
245827253,67.8811,13.349692,8.3056
435255924,51.770218,13.166669,8.3057
303433940,50.570377,13.520875,9.7025
303434616,50.67597,13.040479,9.8435
435255992,51.81178,12.888451,9.58325
333601143,48.08277,12.522411,9.5256
245797635,67.41961,12.175774,7.78062
245798281,67.495636,13.155558,8.98055
245820995,67.65568,13.724402,5.1699
245826993,67.87227,13.903423,7.2579
303434408,50.631054,12.178679,9.65129
245797223,67.46409,13.082636,9.7948
333601714,48.211998,13.663415,9.86669
245798046,67.53555,12.639371,9.96984
348666879,62.31559,13.446625,8.8453
258768890,10.421996,13.538462,9.4205
384885601,16.640112,12.9560375,5.30859
303321231,12.354067,13.999145,8.58534
59001962,57.112354,13.933396,8.8411
348666890,62.358498,13.40196,7.91583
435336681,55.126686,13.091301,8.7545
258768813,10.423871,13.147132,8.5043
384885535,16.55263,13.252744,7.5735
384885401,16.652178,13.884608,6.8143
258768772,10.382031,12.959236,7.12682
435335988,55.041504,13.198736,9.5362
435336286,55.00723,12.247277,9.29522
59001935,57.11576,13.992841,9.43153
434139356,56.18275,13.989463,9.2252
435285495,52.87691,13.871564,9.241
435303422,54.187115,13.291831,8.04849
435285504,52.95464,13.898812,9.94119
59084938,60.02213,12.778676,9.9549
59085093,59.96693,12.426539,9.9064
242969017,59.35571,12.048698,9.503
59085097,60.02668,12.422041,9.9269
436639079,72.20394,13.242211,9.76203
436591693,71.587845,13.838797,9.24955
436592342,71.581856,12.7447815,9.2052
302460278,47.231964,12.119474,7.369
333656748,49.057045,12.021329,9.9589
245827784,67.91257,12.196077,9.4965
435256034,51.827816,12.735286,6.33479
302462990,47.480885,13.694345,6.3222
302463278,47.423645,12.468078,9.07802
302499933,47.5501,12.033197,9.896
302462966,47.461353,13.767776,8.19817
302463134,47.430695,13.140153,9.28496
302499935,47.563198,12.050538,8.2861
245822223,67.82434,12.921874,9.69565
435310771,54.692642,13.491399,8.6596
436593122,71.76162,12.409952,9.8163
303502382,51.020996,12.236566,9.7481
357413000,2.9149616,12.098111,8.2994
389052509,62.80878,12.888972,7.7519
388978163,57.74437,13.487981,9.6723
434160012,56.345104,12.353155,5.7307
333705498,49.563225,12.823836,7.59811
434163401,56.609383,13.509131,6.8381
435306584,54.27916,12.384816,8.0179
302452799,47.203445,13.656764,9.23577
302453001,47.25393,12.859674,6.42316
302460240,47.20472,12.298307,9.3417
435340090,55.326538,12.296811,7.95208
435340097,55.352768,12.326879,9.2983
435306293,54.288155,13.353724,9.9631
435307058,54.344048,13.180201,9.4955
435306563,54.226925,12.44629,8.9569
59002887,57.199326,12.747474,9.1143
59003091,57.299088,13.40493,9.9522
389081882,62.877056,12.6199045,7.1365
389082201,63.049862,12.029909,9.5343
435340174,55.36782,12.607918,7.6226
435340407,55.37354,13.523373,8.65454
435306493,54.26615,12.674033,9.42561
434229814,63.576218,12.348096,6.1128
434229836,63.61356,12.435314,7.455
434230011,63.614555,12.893287,9.45811
59002595,57.164333,12.012354,9.87989
302460220,47.159843,12.378234,8.72048
302460454,47.303425,12.452226,8.8019
435306392,54.31692,12.98506,9.93756
435299202,53.784893,12.714071,7.6087
435299655,53.907967,12.956664,9.6696
434131187,55.593952,13.60445,9.2746
388977770,57.750973,12.199574,9.9505
434166993,56.81337,13.737547,9.58698
434131125,55.657425,13.8019085,9.20546
435299431,53.91234,12.039623,9.589
414961008,15.694655,13.885836,8.447
405351841,22.346745,13.144852,9.3791
435278413,52.350826,13.82522,8.8161
302450276,47.05334,13.1701145,6.95409
302450338,47.089233,13.404837,7.6309
302450369,47.091644,13.547631,7.44962
435298889,53.74478,13.830626,8.3557
414810152,13.451251,13.921174,9.0609
303192885,4.670686,12.694889,5.7941
381347141,46.79625,13.633102,9.53588
302450310,47.088173,13.29368,8.7996
405351937,22.4519,12.766,9.1623
414810510,13.465848,12.245336,9.82615
333705569,49.523155,12.503262,8.6736
52177098,41.189625,12.317471,6.67
381455478,49.966835,13.866367,9.5057
381455165,49.869545,12.615436,7.20149
381455336,49.966686,13.377071,6.21984
381455469,49.978752,13.8298855,8.1086
434163320,56.556335,13.792225,9.9168
434163990,56.67923,12.5893135,8.7285
381455011,49.90809,12.004041,9.13715
218169112,41.872295,12.271131,9.4247
218169236,42.09401,12.950336,8.5594
218231753,42.19077,13.035772,7.78815
218231878,42.240177,13.932932,8.0463
218438671,42.985615,12.314895,9.3427
381346464,46.71074,13.082615,8.6995
381346475,46.691116,13.057833,8.6992
218231759,42.320724,12.932371,9.7602
218169109,41.72045,12.2606325,7.47077
218231720,42.207928,12.406278,8.9171
381346375,46.675835,13.458324,8.92518
333625637,48.699856,13.264957,8.45048
51987869,3.547124,13.552342,7.621
51988368,3.609984,12.390181,8.71738
414920994,15.089745,13.148546,8.7174
414921112,15.019454,13.660302,9.8499
218352729,42.982002,13.801338,8.3823
257886867,43.3131,13.220667,9.6219
257886980,43.378284,12.710055,9.8635
257887033,43.349464,12.490866,9.8893
257916519,43.57019,13.923455,9.9362
257917432,43.784115,13.468579,8.4054
435284493,52.77596,13.676554,8.9698
333625486,48.63336,12.656931,8.67729
333625613,48.730186,13.14237,9.12562
333625125,48.609943,12.774367,9.4639
51988338,3.6636965,12.236373,8.513
257916658,43.563377,13.33098,8.008
257916755,43.656586,12.939236,8.20463
333625064,48.613785,13.073888,8.41144
333625433,48.73247,12.432407,8.80225
257916708,43.572674,13.130774,9.1764
333625405,48.663025,12.269001,9.0858
51988226,3.5284624,12.122167,9.8192
51988363,3.634604,12.381931,9.5563
414920788,15.061809,12.061688,9.6593
414921054,15.103878,13.434983,9.12298
257868709,43.10617,12.876946,9.7855
257887067,43.365707,12.314623,9.1934
257917224,43.72818,12.750713,9.25722
257917443,43.746796,13.53008,8.47329
257917476,43.68064,13.638729,9.4325
333624887,48.52434,13.894087,8.15878
258780141,14.737627,12.132723,9.2246
384881119,16.217997,12.234731,9.3347
51940299,3.1908703,12.719608,8.1434
333137434,11.731241,12.529941,7.7427
59038518,57.423565,13.956011,9.736
389052007,62.24101,12.194639,8.4656
389052358,62.867764,12.551526,8.8634
389052719,62.79475,13.453424,8.54946
405339683,22.014902,12.781287,8.3759
381244538,18.972372,12.925075,9.7065
381245101,19.044804,13.735427,7.2448
397561986,10.249682,13.517485,9.0401
333137706,11.878805,12.6096325,9.9866
389118249,63.209915,13.651808,9.8447
385114860,20.353949,13.922782,8.0484
385115356,20.557392,12.660343,7.8635
58857311,19.80844,13.891745,7.7874
414783388,7.9227686,12.913503,6.4457
385115340,20.492905,12.604167,6.1429
52054991,39.920406,12.066233,9.676
52055207,39.88582,12.830408,8.5659
408261703,18.012577,13.857274,9.5272
408261850,18.112614,13.039209,7.977
414804434,8.190477,13.541093,9.4872
414783234,7.8277965,13.71876,9.0443
58857298,19.742388,13.950607,9.4095
333137275,11.705446,13.382313,9.8441
333137721,11.81504,12.692906,9.891
333137951,11.851668,13.894506,9.9089
381410207,49.69157,12.7247715,7.8955
434159659,56.403156,13.520765,7.7199
434131957,55.76518,13.052587,7.58737
435259947,52.087307,12.713361,8.1893
381410648,49.65647,13.642076,9.6813
242944349,58.562973,12.431793,9.3097
408746963,36.96038,12.957479,7.7977
435260071,52.167404,13.172043,8.9091
435260060,52.17518,13.132472,9.54056
434159740,56.399998,13.2473955,9.51081
434132186,55.77627,13.856849,9.9324
52124188,40.54724,13.776861,9.4319
434131595,55.616802,12.185378,9.90475
408261976,18.079792,12.281821,6.4071
414804432,8.098455,13.537001,8.75447
303291179,11.921506,12.87928,8.40094
303291181,11.931854,12.872156,8.65717
384881341,16.157412,13.438301,9.5342
52065933,39.93651,13.400641,9.31537
381244515,18.956005,13.046426,9.60368
408261778,18.106981,13.450719,9.45313
52055174,39.86045,12.718335,9.95123
408261725,18.090046,13.755408,9.96064
258780044,14.707373,12.626674,9.5946
336736471,6.938987,13.704735,7.5913
257925971,43.96846,12.139844,8.6013
257928639,44.081425,13.762604,8.9488
257928661,44.04049,13.677601,7.4429
257960856,44.040466,12.972897,7.62074
257960929,44.142933,12.702096,9.8147
257961606,44.276955,13.649667,9.3049
257961692,44.250736,13.966976,9.9347
257999733,44.617256,12.730141,8.85291
243190550,45.271805,12.138418,9.8204
243190640,45.3964,12.0749855,8.469
243203476,45.45015,12.297881,9.3612
243203674,45.60357,12.304462,9.7265
243203983,45.61322,13.454289,8.1783
303320525,12.237223,12.879701,6.1614
257999660,44.649246,13.040794,9.9585
303204315,5.2979984,12.713457,8.3261
336736507,6.8381104,13.550404,8.9371
303204336,5.2477,12.77164,6.92382
357392128,2.3724692,12.380359,9.0591
303320648,12.278963,12.31292,9.25542
257926025,44.009224,12.387131,9.8419
257928607,44.049942,13.913007,8.2828
257960886,44.058834,12.879114,9.19555
257961189,44.21491,12.249697,9.90228
58955507,46.4576,13.705507,8.32071
58955547,46.48581,13.574416,8.88906
243203741,45.659058,12.601043,9.55257
435310475,54.58155,12.331609,9.9028
52093844,40.30691,13.97158,9.1926
388977248,39.60736,13.68008,9.619
388977253,39.630836,13.656362,9.3339
388977396,39.56678,13.069225,9.0138
303320389,12.181023,13.555968,9.89889
257960902,44.05216,12.793163,9.96609
258844025,14.941806,12.042566,8.9868
435295456,53.541832,13.001929,9.9784
435295843,53.684116,12.207903,8.733
435310805,54.633156,13.605964,8.3899
258844354,14.973426,13.564174,9.7514
381362099,47.687706,13.783785,9.5871
414806376,8.281935,13.44393,9.34024
414806293,8.228316,13.835258,9.51056
381361766,47.743534,12.614766,9.19317
381362011,47.74281,13.5121355,8.248
51940421,3.1440701,13.288006,9.8287
357412950,2.9158022,12.29828,9.75351
303413860,50.302036,13.784012,9.68711
333137356,11.782322,13.047976,9.928
333137617,11.89829,12.151502,9.8815
384888470,16.981104,13.80182,8.5687
58956268,46.598694,13.187253,4.7346
257997290,44.482574,13.835659,9.5166
51942985,3.2449584,12.561574,8.7748
268127544,11.417057,12.889943,8.1417
268127604,11.400986,12.589294,8.3444
47066627,22.978342,13.702944,7.1476
47093389,23.191872,13.161347,6.8048
47093536,23.084167,12.260671,9.2889
58902684,46.244343,13.810001,9.19028
58902701,46.20683,13.797457,6.50112
258023266,44.69011,13.604448,6.34704
258025887,44.861267,12.755613,8.7929
258026032,44.810825,12.196493,8.7002
333129852,11.621204,12.3492365,8.7682
333130016,11.623374,13.152077,6.3784
414923241,15.257039,12.405084,8.1596
387010563,22.813469,13.841449,8.1456
218354378,42.730114,12.398231,9.5383
368630533,40.95084,12.0297165,7.34413
385155906,6.044095,13.911015,9.0878
333129844,11.644653,12.297534,9.4517
242885667,58.088978,13.182196,9.7664
258025939,44.877144,12.5737095,9.77769
51943042,3.2503035,12.330954,7.8136
258023021,44.71055,12.922804,9.30778
258023054,44.754494,13.025199,8.9961
258026077,44.83497,12.002895,9.65981
52005366,3.889021,12.712235,9.8074
52005527,3.8853722,13.41941,6.3946
405247932,10.553344,13.299479,9.2286
405248098,10.638395,13.926135,8.3556
381230157,18.711494,13.118593,9.1597
381230570,18.768833,13.065894,8.5267
287970797,21.382763,12.85534,7.8775
258031540,45.04512,13.835764,9.1013
218290970,42.652462,13.899165,8.34227
218292714,42.47868,13.178122,9.9959
218292724,42.550995,13.269706,9.3353
218292728,42.53697,13.299861,9.0065
218292750,42.61092,13.449024,7.0721
435259285,52.010216,13.694927,9.5322
434167367,56.853077,12.508237,7.15216
434167395,56.914333,12.413601,9.2731
242885736,58.18839,13.733695,9.7052
242885753,58.196358,13.9468155,7.8017
333675672,49.381615,13.357232,9.8128
242885672,58.16421,13.135507,9.0975
302172728,8.48009,13.472377,9.0188
337220288,47.774506,12.044379,8.971
333129427,11.481168,13.783501,8.6356
333129745,11.517773,12.107379,7.82927
381361293,46.936382,13.329431,9.29527
381361334,46.959362,13.157859,9.89336
385156054,5.965294,13.202522,9.59345
414923238,15.259496,12.420271,9.8425
408252076,17.29864,13.341502,6.4616
218352599,42.73998,12.377368,9.2818
218352643,42.83275,13.112403,8.3164
218352677,42.87116,13.493296,7.9174
218352719,42.99548,13.615962,8.0415
414808195,13.388394,12.866937,9.6374
218292775,42.55409,13.710467,7.7114
218352674,42.856655,13.386853,9.5812
408252252,17.296461,12.69307,8.05814
408252330,17.369781,12.2469845,9.0427
408252343,17.277534,12.188757,8.73033
408252369,17.311443,12.028878,7.51345
414807963,13.215303,12.262001,9.4278
408808255,38.049416,12.687052,8.2367
434167384,56.84691,12.449984,8.93635
287970679,21.380459,13.390344,9.1297
258031680,45.02964,13.060236,9.78603
381230278,18.735716,12.438548,9.71981
381230505,18.748648,12.73832,9.95083
435281506,52.62182,12.073323,9.93477
414943835,15.576929,12.032081,9.4737
218292668,42.472763,12.655599,7.77897
405248030,10.66086,13.639618,8.40328
405248111,10.588874,13.99447,8.11657
414944057,15.553653,13.265138,9.9071
52177659,41.358013,13.931987,8.4035
52209332,41.518147,12.00256,9.43384
218290824,42.434948,12.153981,9.1961
333675796,49.468403,13.847229,7.45774
357392057,2.4685583,12.710831,7.47215
468333430,5.722538,12.097916,8.0114
303337836,12.434975,13.506505,8.06919
303338270,12.657856,12.425038,9.1391
336778441,14.202354,13.029128,8.8324
336778764,14.340243,12.429848,7.0861
336778777,14.271471,12.477365,8.7944
303471689,50.7813,13.4645815,9.81
381371613,48.8385,12.4137945,9.7709
357394895,2.6721883,13.31399,9.366
414765211,7.802306,12.672586,9.8508
303193462,4.803291,13.577002,7.6088
357395017,2.6630342,12.820231,7.9473
357394914,2.6696055,13.222981,8.46325
357395022,2.7408936,12.791338,9.2121
414764684,7.679034,13.652982,9.05454
357394987,2.6606834,12.930905,9.9177
336769254,14.038,13.95196,5.6206
408744784,36.775806,12.059989,8.4373
408744976,36.771343,13.105305,9.2441
408747069,36.957134,12.454448,7.80722
381244982,18.999989,13.155796,9.4515
52208942,41.445297,13.65864,8.9491
385156142,6.068676,12.783788,9.2985
52208946,41.499382,13.647881,9.6551
52209205,41.48943,12.553966,9.4469
257869202,43.23668,12.970513,8.6038
257887155,43.328915,12.004655,6.6363
257887311,43.453728,12.535273,9.9056
408644897,36.13743,13.017337,8.60456
302191092,9.063083,12.380514,7.3105
408744603,36.612343,12.89883,8.0495
384886117,16.727652,13.590157,8.9771
336778693,14.281291,12.030012,9.3968
381371661,48.80126,12.65647,9.024
303365984,12.733682,13.212032,8.6198
303193012,4.656666,12.215432,9.7445
336778878,14.321893,13.02014,9.93146
303195663,4.913725,13.019538,8.2411
303195824,4.9469795,12.307828,9.5311
408747378,36.998314,13.069741,9.5966
218087370,41.637733,12.507639,9.26251
303195574,4.9698052,13.3933115,8.30331
303195467,4.85773,13.864535,8.87933
58765366,6.219955,13.188138,9.6782
52068401,40.026775,13.796407,9.9046
58765486,6.328797,13.801083,9.3531
258751250,10.152183,13.71369,9.97846
405370470,23.81674,13.037958,9.589
405370765,24.020279,12.352171,8.79659
385112561,20.160862,13.468096,8.1356
385116499,20.80355,12.6501255,8.3351
97404254,32.699017,12.918872,9.2903
336725227,6.614807,13.261593,9.0645
385115572,20.532509,13.811699,9.9531
58873020,33.864933,13.487866,9.085
58873095,33.746597,13.805455,9.0351
384846323,15.985813,13.119111,9.5106
47066498,22.997213,12.901131,9.897
52177333,41.32428,12.581883,9.921
52174168,41.097057,13.056414,9.394
52174045,41.080498,12.589223,9.5028
336768388,14.011462,13.596431,8.75406
397557415,8.394789,13.220584,7.7708
408237955,17.046486,13.691827,7.8343
408238449,17.21793,13.22309,9.5319
408238475,17.157486,13.350644,9.8749
385118961,21.06886,12.907533,8.5598
52209137,41.517548,12.838803,9.63494
258023335,44.67403,13.7517,9.1152
243203293,45.469368,13.038226,8.55159
243206996,45.683956,12.472437,9.6733
52174313,41.154243,13.5792465,9.8144
52176763,41.30252,13.642914,8.1103
52176885,41.281963,13.165288,6.6785
243210580,45.93753,12.48185,8.654
257925548,43.874832,13.652428,9.3328
52176719,41.243534,13.785802,8.4218
243207357,45.83567,12.830446,9.8441
408237914,17.11545,13.968375,9.5487
257925654,43.904896,13.178422,8.3364
397559835,8.582208,12.201203,9.7947
243207387,45.900116,12.934672,9.99012
218089436,41.655453,13.838354,9.5387
243210595,46.025936,12.427796,9.68708
58955890,46.501335,12.0873375,9.9877
397557284,8.326893,13.840723,7.3301
243203233,45.48469,13.239349,8.9299
243207030,45.693996,12.354024,9.1713
218169119,41.750984,12.449806,8.69617
397557538,8.41506,12.669455,9.20782
408238371,17.237011,12.753826,9.09438
243190890,45.35579,12.972214,9.7845
385110791,20.063051,13.766217,8.77216
47066525,22.987968,13.074929,8.9453
385118874,20.998465,12.41027,8.77191
385110789,20.062145,13.757951,9.9549
408673267,36.320385,13.345697,8.3037
47119710,23.71509,12.558637,7.1578
47119711,23.719376,12.559594,8.1358
47119281,23.664177,13.922686,9.7022
47119471,23.593603,12.885951,9.59216
47119743,23.73275,12.740332,9.7629
408778374,37.6484,12.273923,7.8022
58870141,29.490957,12.442756,9.3169
405352245,22.56637,12.649876,9.7982
52159963,40.937267,13.29016,6.9848
408837224,39.438793,12.269614,6.6418
384888193,17.009333,12.147498,8.8237
384888275,17.011393,12.66487,9.1739
408766461,37.400253,12.344959,9.56
52157046,40.904346,12.859744,9.511
52160055,40.9363,12.959808,8.9117
408834964,39.248783,12.432208,9.5267
408835238,39.245808,13.852723,9.3425
408766478,37.336315,12.2619705,9.1833
468357021,7.56858,12.015842,9.8425
88727457,25.813984,13.773025,9.4118
408835056,39.273518,12.901895,8.0786
302174040,8.730681,13.37114,5.41256
302174325,8.767606,12.116346,9.1473
88727656,25.908834,12.882043,8.0569
430312677,25.276758,13.237918,8.111
430312780,25.268585,13.773449,6.61343
52052128,4.406362,13.000968,9.4623
336766252,7.278743,13.552335,8.2131
429033644,10.853703,13.930748,8.1768
336765470,7.095151,13.56968,9.966
88727629,25.823143,12.979296,8.34
88728343,25.955479,13.815968,9.0243
404629909,27.787687,12.625297,9.4084
404629972,27.857328,12.259831,9.6431
52051929,4.3597,12.060595,9.6781
336765580,7.166695,13.139591,9.6932
336765884,7.291212,12.007397,9.6903
408766408,37.405144,12.567507,9.6956
52156462,40.71617,13.267984,9.58896
52156707,40.77542,12.451314,9.75877
408837205,39.414364,12.37136,9.26087
88727431,25.852287,13.880949,9.9923
381249779,19.42787,13.557492,7.6026
381250082,19.402273,12.296415,8.2988
58857952,20.649055,13.101823,8.0078
408823977,38.927067,13.817299,6.8505
408824094,38.836876,13.1426935,7.1405
408623442,35.14205,12.796389,7.7088
408747235,37.049118,12.369842,9.8922
408834854,39.118965,12.128346,9.124
303239957,5.4161334,13.827027,9.5986
405230832,0.47603634,12.48397,9.4895
333115625,11.187904,12.988662,7.8836
381249908,19.377779,13.001979,8.995
381250077,19.361778,12.321127,9.9751
408623281,35.100273,12.172844,8.6355
405230609,0.33449164,12.293822,9.3189
381250037,19.424696,12.501928,9.6645
385141997,21.21174,13.501087,9.6851
408623240,35.101933,12.450007,9.73
404736490,30.335714,12.712017,9.6242
404736569,30.307695,12.212101,9.6503
456482949,0.103399664,12.267145,6.69913
258770970,10.485491,13.13867,6.923
258771013,10.533743,12.903317,8.1363
58824958,12.913733,12.333275,8.4622
408593905,34.522312,12.196401,8.9088
408593986,34.675404,12.362633,9.1039
58872758,33.75032,12.239893,6.6071
97475426,33.49088,13.44008,9.5987
258771120,10.4580555,12.446184,9.0385
404736804,30.443317,13.007701,9.9879
97475494,33.400555,13.0865135,9.8307
404736807,30.44897,13.024147,8.9935
404710622,29.636112,12.637096,8.6296
404711046,29.767931,13.737935,9.2834
408822200,38.81701,13.181653,9.4809
414961560,15.776304,13.048724,7.1259
408289573,18.411596,13.93139,8.6915
97430056,33.17761,13.918469,6.1217
97368641,32.31584,13.528753,9.0464
408291366,18.606943,13.331467,9.8685
52051923,4.415668,12.042401,8.02804
336765714,7.1347165,12.587871,9.5607
88727635,25.809578,12.954661,8.1123
404630326,27.990034,13.427236,8.5184
404629742,27.83323,13.414511,9.95891
430312802,25.23381,13.870822,9.1155
429033522,10.910176,13.356304,9.71815
97325852,31.421503,13.090756,8.5239
395320688,1.2092103,12.779798,9.8956
404648038,28.492971,12.647209,8.95169
97326216,31.559671,12.435983,8.9109
97347591,31.958563,13.167255,9.82606
404736772,30.404299,12.856901,9.87003
336765662,7.1853004,12.810028,9.38968
302174092,8.700175,13.099206,9.3359
430312642,25.289509,13.139506,9.60394
52051804,4.2505407,12.323856,9.93002
97325779,31.422222,13.490093,9.9577
52051814,4.271199,12.288931,9.9325
429033362,10.823926,12.625712,9.8586
58824749,12.895368,12.784772,6.3787
97325800,31.44628,13.342803,7.4591
404736476,30.282024,12.808357,8.2752
408586952,34.115555,12.379766,7.3051
58824842,12.800232,12.285723,9.2546
58872792,33.856804,12.403113,8.4739
258771263,10.753191,12.101101,9.69497
58824594,12.875663,13.597862,9.65958
408586912,34.1626,12.1667795,9.84357
97428229,33.06308,13.82407,9.34296
257803895,17.001991,12.06746,8.9527
52052130,4.409771,13.00139,9.19978
408289560,18.37436,13.847356,8.10217
97368640,32.368427,13.528374,9.30649
97404060,32.717003,13.683278,7.5789
97399027,32.443993,13.175835,7.5219
385119165,21.082993,13.899884,8.2426
337139672,34.741596,12.031244,9.7184
97475809,33.552406,12.283902,7.9595
408822315,38.812923,13.669181,9.3562
58857879,20.652506,12.750949,8.732
347004237,37.227837,12.089147,9.83667
303240033,5.452019,13.489474,9.01708
58858026,20.708166,13.450629,9.7576
385142242,21.124521,12.178482,9.432
408834852,39.128017,12.142378,9.2419
408747448,36.970314,13.419945,9.82008
385142001,21.129992,13.485177,9.89978
404711088,29.734032,13.992489,9.9495
408822009,38.78141,12.322742,9.6336
404710694,29.612535,12.274244,9.94829
97398926,32.452503,13.599931,9.5902
630547733,30.52504,12.180917,9.9232
404674944,28.914267,12.573266,6.68082
47146914,25.10609,13.044728,8.6305
303240609,5.5143747,13.059697,9.1565
47146796,25.138311,13.552862,8.8464
47167240,25.803278,12.7628975,8.8726
47167419,25.782194,13.262279,9.4215
303240616,5.5710416,13.092095,9.9928
404674879,29.01496,12.289238,7.8414
385116716,20.779972,13.694402,9.2067
47146900,25.11853,13.0899,9.2349
47146921,25.12729,13.016643,9.5103
47147936,25.39489,13.420032,9.4598
381247775,19.342585,13.915302,5.2918
414826695,13.720063,12.512386,9.1198
405352472,22.49649,13.750095,9.7963
404712793,29.840979,13.035396,8.9985
404738813,30.586512,12.550666,9.9406
58870229,29.452084,12.94317,8.0132
385154033,21.797794,12.253678,9.4527
385154105,21.819366,12.661015,9.4334
404739168,30.76251,13.47717,8.7244
404740791,30.77642,13.26651,9.4576
414826628,13.753557,12.847396,7.1909
404738787,30.604118,12.685094,5.91048
404738940,30.750698,12.214683,9.1717
404738997,30.676983,12.56402,9.0858
404739167,30.646147,13.476711,3.9584
381244930,19.030825,12.98933,9.83584
404689607,29.337067,13.381711,9.12466
404712758,29.865402,13.249379,9.90199
404738718,30.584686,13.040834,9.84034
414827136,13.78247,13.549572,9.01812
405352032,22.354336,12.388968,8.3235
405352244,22.568853,12.64938,9.2336
404712940,29.857847,12.29488,5.9383
404738872,30.524761,12.181306,8.0923
58870473,29.407516,13.953592,9.00347
405352250,22.471874,12.683567,9.9059
97404061,32.715477,13.682537,7.9727
357412755,2.868268,13.1970625,9.6472
333113759,11.055119,13.30723,7.2999
58841603,17.3919,12.371616,9.5948
387010817,22.74933,12.5668545,9.2933
408819752,38.533096,13.255352,9.4195
395323451,2.1670635,12.445451,8.435
97398821,32.493515,13.993398,7.9388
404715495,30.204159,13.384594,7.8171
97406775,32.974224,13.516731,9.3795
395323524,2.2357838,12.804384,7.9664
336800718,16.057024,13.355122,9.9072
384883217,16.410875,13.137513,9.7159
58841625,17.3888,12.485521,9.6398
404715136,30.07215,12.372124,7.6673
384883271,16.30146,12.8321905,9.5055
384883345,16.392347,12.468702,7.99782
387010622,22.76022,13.443008,8.56376
426148760,33.266346,13.050164,8.63752
408810337,38.12633,12.945049,9.9499
408810224,38.10037,13.457488,9.5162
333113600,11.09731,12.59083,9.82182
408810214,38.17783,13.540472,9.8163
408819746,38.46862,13.242118,9.7342
408808258,38.018806,12.693408,9.9701
385142603,21.290339,13.397336,9.529
404740926,30.775646,12.346969,7.9957
414806709,8.284827,12.019248,8.91275
385112647,20.11423,12.937476,8.45082
385112671,20.2079,12.861869,8.55481
408589173,34.34846,12.49629,9.3651
408817364,38.317165,13.594572,8.1487
52069092,40.09498,12.772022,8.5373
408778488,37.76955,12.225764,9.2712
408778560,37.823654,12.521279,7.771
408808201,38.052765,12.400965,8.9787
52125080,40.615322,13.690071,9.177
381247008,19.195293,13.581094,9.2943
385113130,20.303,13.757681,9.1407
385112968,20.331171,12.824996,9.9137
407266470,22.20743,13.836991,7.9087
346876467,23.938528,12.008683,9.8695
346876475,23.913027,12.072168,9.8349
385110344,19.86173,12.372221,8.6246
407266767,22.230946,12.46943,7.7697
88777869,26.87465,12.975355,6.9849
88847440,27.382938,12.905296,9.3621
88847641,27.34572,12.021195,9.1046
385110458,19.983627,12.182159,9.23498
407266710,22.316456,12.660225,9.9456
302191058,9.105147,12.216945,8.5327
302190870,8.969946,12.596637,9.859
88814270,26.95768,12.267765,8.3232
385110400,19.92837,12.145794,7.67684
302201879,9.263621,12.031003,8.72328
88755144,26.194994,13.697996,9.92219
88777827,26.900747,13.189995,8.24322
88847513,27.323444,12.594233,8.89248
88847548,27.293154,12.390289,8.92611
88847607,27.33753,12.167974,8.83139
88814366,26.96035,12.718589,9.5127
408834794,39.157993,12.447627,5.13
52069097,40.1634,12.787315,9.42872
52125068,40.61665,13.632072,9.6708
385142422,21.222012,12.538543,8.65572
408808093,37.872528,12.22991,9.15216
52124859,40.651432,12.735505,8.7086
52124889,40.572933,12.846121,8.07836
404715018,30.053984,13.05195,9.29741
404672608,28.6967,13.757015,6.5917
336768969,14.121483,12.713252,7.8946
88868751,27.58469,12.976499,9.3628
88868932,27.627346,12.016358,7.2457
336768994,14.087544,12.826032,9.9012
52023399,4.3289957,13.942372,9.8445
404672417,28.743504,12.921146,9.6296
303291588,12.090633,13.029972,9.9702
58764741,6.175361,13.685509,9.9533
336768696,13.985985,12.374452,9.8681
88869179,27.746885,12.908728,9.9098
52069293,40.112804,13.527172,6.52759
408819312,38.335556,12.847561,8.5804
408824287,38.882133,12.1007185,9.611
408824519,39.051617,12.942915,8.2384
257842847,39.76079,13.449803,9.4695
257842439,37.109867,12.373485,9.6483
257842450,37.12022,12.348303,9.7307
52069187,40.136585,13.081422,8.975
52069383,40.18215,13.809848,9.9011
52069404,40.126484,13.864012,8.8206
408748428,37.226425,12.285674,9.71163
408778251,37.629467,12.901126,9.6127
408778351,37.67157,12.406569,9.966
52124741,40.668495,12.305834,7.318
408824354,39.02268,12.102935,7.583
408824592,38.962734,13.329288,9.5044
88869203,27.785423,13.031695,9.7043
404672039,28.565588,12.816564,9.9594
408826471,39.161587,13.643325,9.7985
52051614,4.302887,13.133598,9.2892
58764684,6.209676,13.941508,9.6572
303291127,11.972314,13.204043,9.83288
303291418,12.151454,12.160624,8.8477
336769047,14.043097,13.151521,9.67581
88869136,27.727848,12.776751,9.7599
88869423,27.785297,13.903841,9.95806
303318389,12.054372,13.723517,9.4759
336768549,13.966875,12.922811,9.51716
408819542,38.515167,12.1808605,6.9131
257842348,37.13781,12.752357,8.1932
408624507,35.468864,12.259357,8.5586
408778154,37.69916,13.429669,8.38633
408824686,39.0054,13.75507,6.72228
408826468,39.08179,13.668433,7.98015
408824238,38.83983,12.355929,9.6699
408748376,37.237988,12.003509,7.5856
257842271,37.182507,13.096108,9.75108
52069130,40.06546,12.898139,8.47805
52124274,40.439907,13.462688,9.6814
52124398,40.546112,12.990636,9.343
52124694,40.646824,12.14973,9.5618
408824534,39.017063,13.018556,9.2696
408778414,37.617794,12.041442,9.91993
52157249,40.880665,13.554754,9.6806
257842441,37.119675,12.370114,9.96835
395320659,1.1980424,12.639819,8.5037
384888448,16.941956,13.675785,8.89755
384888463,16.989,13.753888,9.8976
384888146,16.803654,12.08031,8.0284
395320626,1.2326192,12.4897995,9.7435
257563075,22.651056,12.529182,9.6189
384846206,16.011122,12.333221,9.703
58754647,5.602496,13.825452,9.9087
245784413,9.961993,12.70404,9.5853
384888293,16.94435,12.734686,9.8273
58754444,5.7067046,12.8299,9.99328
58754568,5.6061773,13.482489,5.17768
357331401,1.4972177,12.87489,6.8998
357353192,1.7183822,12.834547,8.3622
357353193,1.6324632,12.831507,7.515
357353528,1.7862794,12.5339365,9.7134
357331487,1.4699775,12.527359,7.8682
357350536,1.5033102,12.819676,9.2298
58754340,5.6179786,12.268839,9.77527
58756924,5.864312,12.312684,9.70735
357368736,1.8924384,13.100806,9.147
395354193,2.2877173,12.809316,7.3428
52054736,4.4846067,12.771467,5.71332
245764121,9.891608,13.975454,8.4147
414829038,14.47713,13.695862,5.52603
414829414,14.615943,12.125459,7.54909
414829074,14.4676285,13.51678,8.8704
266120490,15.020631,12.082206,9.4515
47166751,25.563824,12.648203,8.223
357368738,1.9238011,13.083282,8.7222
47166870,25.67707,12.236043,9.1319
97475664,33.44319,12.28233,9.8821
357353145,1.6780776,13.019877,9.70766
58754370,5.7116313,12.437402,9.95279
404674786,28.865137,12.250838,7.78
404689830,29.389551,12.233538,8.7962
347388702,26.93095,12.017003,8.7086
47140085,24.948278,12.732457,8.5459
414762718,7.513124,13.430575,8.6295
404632430,28.055746,12.608781,8.9783
404672110,28.5865,12.439518,9.4746
287970835,21.359926,12.607557,9.2328
404674755,28.898827,12.412864,9.9331
404689719,29.387854,12.807683,8.9465
414829368,14.469689,12.038758,7.985
414829371,14.500017,12.033433,9.71099
58825174,13.000234,13.446382,9.9794
245784456,10.018275,12.90519,9.877
47139673,24.843868,13.733046,8.8349
126982711,24.214525,13.582602,9.889
404648578,28.477709,13.776156,8.402
404677184,29.03549,13.178104,9.4981
399515418,21.563337,12.358104,9.452
404632404,28.139738,12.755068,9.9291
404677344,29.114979,12.413628,9.9597
381250348,31.000544,13.074905,7.4783
404674636,28.870668,12.979389,9.70763
381250340,30.981358,13.0429535,8.9583
58869952,24.798409,12.440401,7.79162
406412171,14.40737,12.099573,9.7282
126982902,24.242252,12.736593,8.6415
381250197,30.96393,12.218296,8.5866
287970917,21.368082,12.155713,9.2972
399515563,21.500845,13.211275,8.6932
384886054,16.738796,13.318795,9.6837
404632469,28.154556,12.442892,7.73034
58756961,5.911666,12.475695,9.96651
97284153,31.111752,12.434202,8.237
397562185,10.274102,12.573129,8.6597
397584506,10.21806,12.269491,8.258
408253481,17.50291,12.672525,7.86
336814740,21.634531,13.959178,7.2574
97326443,31.623383,13.461902,6.2733
408594317,34.641895,13.950264,7.3102
97284360,31.042418,13.297911,9.34963
397584478,10.291555,12.393948,7.751
58844456,19.703438,13.959443,9.9562
408253619,17.659647,12.102658,9.1739
405337488,21.893665,13.46197,9.1402
58844355,19.72501,13.488797,9.4831
97284206,31.065054,12.596355,9.5752
408596493,34.922745,12.5437355,9.7855
397562065,10.203052,13.130076,9.8028
58827119,13.088192,13.12197,8.7986
395317855,0.8771211,12.356822,7.12257
58827025,13.120287,13.648779,7.35718
408255203,17.940323,13.876715,8.2245
408596367,34.742195,12.194685,8.44007
397562124,10.300908,12.88727,8.636
408254931,17.895779,12.344954,8.40006
408289327,18.419205,12.736045,9.137
405337536,21.920778,13.824639,8.82497
58844242,19.65773,13.00587,9.6495
97284236,31.13258,12.740352,9.53229
395320536,1.21563,12.117326,8.8828
404687662,29.203102,13.606239,7.5161
97328814,31.682138,12.466812,8.9431
97328531,31.72334,13.7191725,9.8243
381250237,30.945364,12.434236,9.6721
336691204,6.398016,12.538317,9.5084
97328601,31.717308,13.458238,9.0659
97328735,31.739368,12.862463,9.2043
404677511,29.191458,12.328644,9.9639
395320482,1.0764804,12.051246,9.3798
97328755,31.644228,12.790527,9.5906
395320456,1.0010397,12.145797,6.96106
336690903,6.363424,13.792497,9.67459
336691158,6.343875,12.755035,9.8039
336691577,6.5360928,13.0936775,9.48644
381247706,19.23524,13.525118,9.96963
408230417,7.363921,13.8778925,8.6405
346938884,25.642342,12.0132475,8.1884
387012236,24.564316,12.379242,9.1355
88816764,27.151052,13.579579,9.3382
88817042,27.110912,12.646325,9.5187
387012550,24.566893,13.797637,8.8402
404630313,27.970203,13.36853,8.9269
408230180,7.4093266,12.810392,9.0169
88775409,26.683992,12.847974,9.1704
346923890,24.42033,12.078381,6.1706
387012505,24.640106,13.646822,9.07728
88775119,26.661324,12.411774,7.891
408230329,7.3788815,13.480499,8.44547
387011965,24.541742,12.846198,9.07186
387012578,24.6148,13.928291,7.85889
408230230,7.425123,13.037474,9.71416
376989048,25.286077,12.097398,9.106
387011835,24.50837,13.618309,9.28438
387012418,24.649113,13.318972,9.83922
88772170,26.369213,12.906946,8.8337
88775577,26.744387,13.527778,8.9027
404630146,28.036646,12.537611,9.7127
404630217,27.93605,12.929789,9.97661
408230206,7.4265018,12.934271,9.5445
88817415,27.18451,12.933395,9.7514
357410327,2.8317504,13.05711,8.1962
384880352,15.963289,13.937191,7.7667
258780392,14.8762,13.082253,8.5201
88754868,26.22764,13.043892,9.7401
397584634,10.963874,12.2275915,7.6561
384880359,16.0107,13.985514,7.8855
88728246,25.98528,13.465733,8.8811
52020671,4.009358,12.78078,9.9853
52021095,4.1280766,12.755782,9.2076
88727998,25.956696,12.394868,9.8158
88753853,26.097641,13.269164,9.0829
88814657,26.978182,13.825234,9.7243
88847807,27.47087,12.626839,9.2026
88814551,26.995888,13.390801,9.73174
357409929,2.6329772,12.38374,9.4912
258796066,14.875547,13.368629,9.4863
88814281,26.996311,12.326751,9.3171
52021376,4.1902475,13.916804,7.346
357410251,2.815723,12.766591,9.5127
630585608,22.439665,14.385221,9.8026
630585610,22.44024,14.385583,9.9575
257843292,39.73171,15.438236,9.44183
257997363,44.449005,14.071213,7.339
408230676,7.3642626,15.01033,9.0897
404646401,28.309391,15.433451,8.267
381370538,47.869514,15.444737,8.6814
258769155,10.339799,14.650166,9.8636
611291151,10.339413,14.649799,9.9468
611291152,10.339799,14.650166,9.8636
630610879,20.664124,14.81817,8.7831
620129004,39.73171,15.438236,9.44183
620129005,39.730946,15.43786,9.50029
620082021,36.640102,15.373417,8.7716
58872216,33.686092,14.334148,9.463
620184986,28.309021,15.433379,8.5715
620184987,28.309391,15.433451,8.267
58858349,20.664124,14.81817,8.7831
245826854,67.9496,14.154728,9.9921
242982431,59.46685,15.292438,9.9632
245829484,67.968636,15.499481,9.7314
245911057,69.73887,14.10556,7.3677
611299388,7.3642626,15.01033,9.0897
59003631,57.241997,14.975634,8.4701
640212381,47.869514,15.444737,8.6814
435300411,53.873028,15.345808,9.463
59087096,66.20014,15.874729,9.877
408744132,36.640102,15.373417,8.7716
673563690,67.9496,14.154728,9.9921
640310214,57.24184,14.975912,8.6594
640310216,57.241997,14.975634,8.4701
435302114,54.064552,15.2636,9.70554
640342264,54.064552,15.2636,9.70554
640342266,54.06413,15.264185,9.81336
673607010,65.407646,14.765232,8.9755
673609296,65.68406,15.056096,6.685
673609297,65.68394,15.0564575,7.9352
640312300,59.46685,15.292438,9.9632
405351595,22.439665,14.385221,9.8026
435920700,65.407646,14.765232,8.9755
673634834,67.968636,15.499481,9.7314
673559040,69.73887,14.10556,7.3677
435925799,65.68406,15.056096,6.685
10005000095,24.17405,15.78346,8.719
389118036,63.24255,14.192106,8.654
430313162,25.22708,15.556542,9.491
52096727,40.362713,15.77209,9.6062
52096663,40.370506,15.641528,8.7792
52093014,40.301167,15.4416065,9.9796
97306383,31.349535,15.53742,8.69335
97303360,31.154087,15.223501,9.2649
97303318,31.249086,15.295298,8.73913
47165705,25.612152,15.778534,6.6441
47163638,25.448606,14.389845,9.8316
47165933,25.63074,15.153502,9.2127
58899237,36.36559,14.543274,8.76457
58902277,46.18541,14.624511,9.92106
58904528,46.33723,14.077243,9.901
381407702,48.926586,15.867631,8.9698
303203016,5.1745086,14.396842,8.6311
303204951,5.2411966,14.282219,9.0398
60906440,66.6623,14.220606,8.7245
60904953,66.68648,15.676802,9.6154
88753242,26.162306,14.636843,9.6051
88750462,25.980251,15.358921,9.4877
88750321,25.930918,15.040266,9.2101
333616159,48.490196,14.313509,9.00946
333616991,48.45295,15.821626,9.3636
333616993,48.47956,15.821835,9.2998
333613874,48.349293,14.353047,8.43045
333616456,48.418118,14.822946,9.36883
333613835,48.333656,14.433735,9.92864
333616415,48.4149,14.771729,9.1793
52090456,40.086376,15.906457,9.0919
436666567,73.159164,15.0714445,9.6233
436662409,73.00345,14.405745,9.8562
436659428,72.84179,14.547943,8.7817
436587517,71.48634,15.107083,9.879
436587536,71.56163,15.135118,8.9679
245898530,69.28862,14.104296,8.98799
245898675,69.30221,14.392831,8.2525
436659380,72.8332,14.608485,8.961
434239072,64.05372,14.29272,9.3708
245912013,69.73891,15.974914,9.9672
436587539,71.466545,15.140589,9.58849
436647900,72.45914,15.182794,9.8416
436616226,71.930176,15.191164,7.75774
436616606,71.92535,14.541685,8.3255
245911779,69.74296,15.570739,8.82
436658570,72.859604,15.881519,7.0449
434239291,64.0764,14.913313,9.4423
60905169,66.61024,15.469574,9.634
60905900,66.65155,14.713786,3.84526
436648196,72.50127,15.643699,9.564
245911976,69.81877,15.917973,4.5246
245911904,69.78841,15.799804,5.0
245951006,70.52933,15.952571,9.87929
245951015,70.5406,15.969874,7.71086
436616565,71.91391,14.606508,9.54506
435939639,66.0519,14.758206,7.0105
436591309,71.683716,14.501465,8.8595
245941385,70.1682,15.172103,9.9842
245899442,69.29411,15.937373,6.5739
436636519,72.11323,14.79151,8.70551
436666714,73.08506,14.842152,9.98599
245941681,70.097374,14.557332,9.112
436577381,71.157974,14.035931,9.4425
436584333,71.37491,14.176483,9.1749
436584389,71.36128,14.067967,7.9967
436612815,71.70749,15.117919,9.2196
436612835,71.77848,15.152315,9.9943
436613014,71.71882,15.446653,9.7272
436613239,71.76045,15.812438,9.7642
245873351,69.02195,15.684005,8.5995
436651598,72.64092,15.083433,7.0866
436654845,72.69,14.217905,8.4187
245899082,69.2293,15.261181,6.8114
436663255,73.001205,15.766992,9.78468
60861791,66.32245,14.602859,9.1011
60862406,66.268616,15.989552,9.942
435331605,54.70982,15.351643,9.8073
242938001,58.478703,15.611539,6.105
435331669,54.78795,15.172417,9.4466
436577052,71.18643,14.626803,7.6484
436613180,71.77679,15.728281,9.251
436584399,71.39092,14.049078,9.02996
58960081,56.949017,14.18314,9.9422
436644723,72.38409,14.100507,9.9967
381370719,47.76266,14.800097,7.96
456890281,62.484627,15.868132,9.2377
245905744,69.53545,15.901533,9.7776
436651183,72.65697,15.797079,6.4888
436647231,72.502594,14.103135,9.8428
389015882,61.51444,14.55546,8.5548
436640761,72.25987,15.863187,7.2518
389083349,63.05361,14.932448,8.15879
436640815,72.21535,15.947539,8.9444
436670062,73.18788,14.623128,6.9308
436640580,72.22609,15.569555,8.60052
245905521,69.57173,15.463902,9.23154
245905630,69.50107,15.669047,9.25592
434157207,56.233685,14.640016,9.8584
435293075,53.428116,14.965219,9.3018
436636407,72.06523,14.948521,8.4978
436655717,72.704926,15.635322,9.6078
302461254,47.358273,15.5179,8.3517
435306008,54.30069,14.374967,8.0936
333674425,49.29843,15.4066305,7.4772
242937803,58.515728,14.254933,8.1005
435292996,53.399662,14.678489,5.12111
436648370,72.43367,15.904219,4.5557
436655456,72.74205,15.235617,9.7429
302462505,47.468212,15.677832,7.0557
434160937,56.435734,14.699591,9.9307
435305568,54.26032,15.822422,8.9811
389083620,63.01151,15.595719,8.0489
348661984,61.88537,15.195858,8.6323
434134288,55.857838,15.380324,9.9945
60876477,66.43581,15.620727,8.1289
60876518,66.378136,15.5418,8.01487
60877106,66.35804,14.268782,9.359
242959847,58.90785,15.590098,9.7031
348662149,61.836563,14.739572,8.4848
348662347,61.810413,14.152718,9.9105
435304208,54.196415,15.8688,9.7014
302462582,47.498634,15.373242,8.3392
348661900,61.81817,15.445216,9.6264
60876325,66.4055,15.941032,5.9727
435282167,52.68934,14.296154,8.12189
435305615,54.302017,15.629858,9.30635
435305706,54.204586,15.329066,9.52287
60876411,66.46165,15.753862,9.28082
333674399,49.305363,15.502151,9.81932
302461170,47.360752,15.236762,9.30975
434136019,56.00032,14.620442,8.0261
435306096,54.2262,14.054616,9.79394
60877158,66.4504,14.168338,9.70288
302460902,47.279736,14.173091,9.07884
436643626,72.33217,15.829634,8.4281
436643595,72.31931,15.875984,9.6278
436674713,73.39249,14.090784,9.9005
673634168,67.53597,15.638278,7.2489
436640514,72.20966,15.484078,7.9112
436569962,70.88543,14.823499,8.2457
245895455,69.08715,15.918809,9.4566
436632120,71.950806,14.349588,9.9116
436651492,72.67925,15.267595,9.7742
435292957,53.358948,14.52356,8.7867
435293158,53.33813,15.197988,9.31368
436643589,72.38386,15.888742,7.1938
434134505,55.87084,14.758604,9.8026
435293118,53.428524,15.075063,9.8801
434134455,55.830265,14.889034,9.97681
435882088,64.37494,14.268467,9.502
435930624,65.93737,14.346458,9.5052
436566702,70.791245,15.640848,9.725
435921057,65.40879,15.654618,8.7163
242992395,60.17686,15.962652,8.0929
434236869,63.990025,15.815604,8.35922
389081120,62.988472,14.457586,9.4968
435910772,64.9359,14.273673,6.6426
435911332,64.948364,15.62765,2.7847
242992243,60.18559,15.475284,6.73463
435910961,64.8917,14.692325,8.1269
245869908,68.89247,15.305552,9.2939
435939523,66.104225,15.077694,8.9539
435939780,65.98547,14.412886,7.40037
436655230,72.75166,14.845097,9.693
348664040,61.925747,14.842879,9.00037
436640067,72.24406,14.799224,8.1679
436640624,72.25034,15.629645,9.1622
245895672,69.10274,15.516691,9.37101
245895929,69.19825,15.042025,8.7403
436655284,72.7097,14.932376,9.5042
436644413,72.31008,14.586907,7.7926
436654971,72.70563,14.401726,9.406
245895547,69.1914,15.738555,9.7127
436670226,73.272095,14.896275,9.10709
435913607,64.995255,15.0086355,9.79745
435920541,65.39498,14.409791,6.1933
348664092,61.892372,14.98668,8.29863
435920735,65.39129,14.834535,9.4024
436590739,71.62661,15.472041,7.6903
436570187,70.869835,14.443204,9.8616
435930948,65.87639,15.110804,9.5538
436644581,72.3668,14.340992,9.68278
245911326,69.722565,14.693794,9.74559
436667049,73.133194,14.250647,2.44664
436579855,71.28543,14.267145,9.6695
436580110,71.204475,14.739174,9.6481
436580164,71.29557,14.820651,9.92678
436636061,72.1328,15.489579,9.6185
434236912,63.890366,15.706267,9.6664
435255270,51.725224,15.605155,9.9447
435255396,51.83183,15.097511,9.818
436566234,70.74712,14.814591,5.90566
434135950,55.964405,14.342777,8.2277
434136211,55.93601,15.285431,8.4858
435339045,55.208134,15.261116,8.8495
435339240,55.3056,14.561202,9.288
389016428,61.426563,15.738083,7.38291
245944014,70.275955,14.06601,9.9699
245944156,70.290344,14.340389,9.7722
436587860,71.53874,15.700269,9.3876
435255304,51.7858,15.446681,9.2578
435255281,51.766388,15.557087,9.92267
435255584,51.76864,14.407547,9.58246
435255660,51.71905,14.154007,8.85094
435937235,65.97794,15.765928,9.75753
389016328,61.48069,15.4990015,7.6368
435930498,65.976715,14.052104,9.5955
435930763,65.88472,14.670479,8.3488
388978790,57.703453,15.351192,9.74097
435339244,55.313015,14.551486,9.91186
435339307,55.20729,14.345048,9.40457
436566612,70.75105,15.490407,7.45874
436588012,71.46374,15.930453,8.66683
245944893,70.26445,15.784474,9.754
245834756,68.230865,14.44598,9.7301
673600197,66.5384,14.079315,7.54821
434260714,64.21754,14.366273,8.4786
60861579,66.25807,14.11514,8.61235
60861994,66.34337,15.098656,9.378
436659050,72.90581,15.115699,8.7976
436663063,72.95346,15.465201,9.7221
436662634,73.04846,14.772794,9.8852
242982540,59.496845,15.628225,7.2888
242984144,59.6491,15.568156,9.8319
245798784,67.554405,14.209852,9.2544
59086380,66.17513,14.340057,9.6463
59086393,66.18993,14.366041,9.8425
59087028,66.18461,15.764109,8.3278
436573126,70.94823,14.70632,9.0141
436583495,71.41177,15.517769,9.734
245901906,69.349594,15.848637,9.3123
245901952,69.442055,15.76502,9.5216
245902190,69.42425,15.346096,7.59163
245902573,69.43905,14.49762,6.7235
245902810,69.414215,14.076706,8.5204
245902283,69.38326,15.146453,6.9806
245895478,69.169655,15.869355,6.2026
435911045,64.9831,14.87413,8.76496
435939339,66.01411,15.558757,9.55119
434235244,63.75435,15.737723,9.49259
245947319,70.332306,15.511928,9.41314
245947677,70.36317,14.823476,8.29754
245947814,70.38831,14.560045,9.92873
436591296,71.64066,14.531673,7.79219
436648121,72.488075,15.531071,7.56158
381457969,66.73369,15.373554,9.8647
245950272,70.53357,14.437534,9.2924
245950399,70.479034,14.750453,9.6518
333656125,49.118855,14.606453,8.9634
333657387,49.129974,14.282385,8.3397
242937925,58.39314,15.12218,8.7633
348721814,62.746433,14.277557,7.46085
436580830,71.22513,15.992898,9.1432
333656234,49.01587,14.169914,9.83
333657513,49.206543,14.73457,8.5873
333657795,49.177624,15.657225,8.1359
242937935,58.514046,15.141719,8.50452
333657467,49.19305,14.539754,9.1491
333657791,49.138824,15.639096,9.46026
435905890,64.73128,14.196464,9.1105
245950209,70.51944,14.326505,8.34287
59086431,66.15965,14.445961,9.58781
245798829,67.534874,14.306736,7.6984
436659586,72.88991,14.286367,9.9587
242984304,59.64672,15.086094,7.73469
245902677,69.38223,14.302021,8.60912
242984594,59.55424,14.186888,9.2338
434237474,63.972015,14.17737,9.9234
435882037,64.4491,14.148946,9.4942
303415070,50.37377,14.544238,9.4452
434228805,63.39432,14.609208,9.3737
435925744,65.65808,14.909708,6.65929
434164913,56.77428,15.603626,9.5335
435333370,54.873642,14.482429,8.74122
435918675,65.32948,14.529456,8.5099
245837732,68.35384,15.989643,9.8162
245837905,68.43754,15.672901,9.2558
389117862,63.167976,14.635454,6.8114
245787345,66.90188,14.782161,8.4321
245837758,68.35731,15.9609375,8.6791
245837961,68.337265,15.558939,9.5799
436647768,72.53039,14.97476,7.1695
245787510,66.945984,14.41775,8.6481
245787593,66.855576,14.260668,9.3589
245837757,68.41094,15.961505,7.79361
436573031,71.01489,14.554056,9.28406
389117803,63.25047,14.734177,9.7041
436655268,72.791336,14.915816,9.9812
436651226,72.65161,15.729669,8.8018
245790250,67.09225,15.0873375,8.4498
348663813,61.93313,14.223496,9.20047
434237029,63.942852,15.400696,5.925
435262655,52.277,14.366177,9.01628
436658862,72.846725,15.433465,7.4017
436636427,72.15961,14.92195,9.24281
435925752,65.72632,14.930261,9.9801
242937963,58.307915,15.58482,8.74417
434228822,63.382427,14.557441,8.03135
434228844,63.495586,14.503539,9.4409
435925453,65.68867,14.251419,9.60995
333703154,49.42813,15.096192,9.1911
242883700,58.167923,15.974729,8.81607
242989934,60.101776,15.770544,9.8774
242990423,60.0694,14.305907,7.8191
436659522,72.87558,14.394411,9.96923
435910664,64.99043,14.035206,5.3188
389046615,62.197334,14.701082,7.4358
435923208,65.53774,15.439397,9.9289
435923270,65.52077,15.235677,9.4301
245831980,68.204865,15.488363,8.994
245907994,69.69481,15.828176,9.99404
381370406,47.778072,15.906921,9.2167
381370469,47.8303,15.710009,8.069
303505011,51.347416,15.826374,6.83722
59003847,57.22045,15.5858,6.4986
389043786,62.119675,14.89409,8.0415
242968093,59.370853,14.825455,7.644
434230572,63.58164,14.548584,5.64327
435923075,65.495224,15.7849455,7.3109
245908172,69.5787,15.516228,6.68484
245908446,69.62217,15.059861,9.8107
436655922,72.78766,15.978529,8.8395
242967928,59.33767,15.366981,8.3087
435915908,65.12905,14.831154,9.6034
435916045,65.22563,15.153695,7.1971
381370742,47.784252,14.712285,9.3867
245908031,69.6628,15.770437,9.87766
348721589,62.73137,14.9150505,9.1741
348721476,62.670532,15.237037,7.91332
242965765,59.19293,14.361057,9.3802
435282593,52.69198,15.792392,8.7996
435282469,52.672615,15.356298,9.9196
348721464,62.727455,15.262653,9.9911
434260239,64.22925,15.649684,9.2002
303525783,51.536747,14.290268,9.4643
348721237,62.72987,15.946651,7.04905
434226507,63.27768,14.553357,9.08711
242966156,59.221344,15.537001,8.29935
381370527,47.799458,15.472951,9.2366
59003790,57.20662,15.402961,9.55128
435915829,65.20165,14.622213,9.65723
381370786,47.852158,14.57853,9.81
435923331,65.54597,15.087951,9.97336
389008569,61.351658,14.087689,9.2497
60879455,66.595436,14.751576,9.9129
242988076,59.78478,15.540249,8.7603
389007909,61.35108,15.685274,7.4646
242988021,59.832485,15.677087,9.6466
389007845,61.359917,15.8305435,7.52
389008490,61.379677,14.286296,6.25807
389008514,61.339874,14.2202835,8.8518
242987974,59.803097,15.814541,7.1184
245866946,68.73669,15.303236,8.5882
245860592,68.49391,15.163617,7.7342
242988053,59.901955,15.598916,9.7957
456887317,61.26146,15.562871,9.80153
435939317,65.992485,15.593949,9.68003
60879815,66.5243,15.524338,6.9551
60879864,66.586555,15.618275,4.2323
435916016,65.15129,15.095453,5.0587
435923755,65.514656,14.077199,5.4296
242988446,59.79496,14.443377,9.16567
389008000,61.358944,15.458493,9.6889
389008217,61.351074,14.935386,9.5567
435939651,66.09063,14.71187,9.15635
303368898,50.132633,14.865577,9.7461
242986270,59.70248,15.07973,9.0957
303368814,50.192368,14.594003,9.60029
303368830,50.144794,14.659644,9.82284
242986366,59.77956,15.343729,9.7316
389006158,58.031345,15.945739,9.8302
311151618,61.6057,15.126715,9.3551
389018502,61.731144,15.552804,9.2834
303367163,50.063175,15.138208,9.8966
303367424,50.08892,14.317296,9.6182
303367453,50.019547,14.215833,9.4149
311151316,61.565315,14.226974,9.4873
389019000,61.648537,14.366657,8.8937
389043605,62.107346,14.45735,8.7763
389018650,61.688915,15.21024,9.6884
389018596,61.755104,15.335031,9.3371
311151363,61.595444,14.402201,6.8196
311151814,61.5672,15.698121,7.2921
303367029,50.01045,15.657909,8.39937
303367256,50.03448,14.834278,9.26391
389018793,61.69681,14.86569,9.6699
389018908,61.746597,14.598807,9.74888
303367470,50.108196,14.174635,8.5292
303366942,50.01169,15.951933,9.34317
303368710,50.22152,14.20216,9.55899
311151353,61.637337,14.369555,8.46395
245826313,67.86843,15.168382,8.8809
435908469,64.86685,15.606713,9.7089
303433540,50.484367,14.855006,9.1
434138179,56.162304,14.246597,8.0727
242885801,58.055912,14.873504,9.9328
245790266,66.97878,15.119049,9.4026
245792850,67.143715,15.962301,3.0092
434137782,56.144352,15.635559,7.6628
242885788,58.23124,14.382652,6.90859
245860386,68.53037,14.749556,9.0039
245860484,68.57723,14.974957,6.70963
245793228,67.13097,15.065593,8.09275
245826552,67.88275,14.705637,8.27704
242885829,58.164898,15.57103,9.3622
242885816,58.044476,15.301856,9.62805
245826078,67.94705,15.635776,9.75309
435309452,54.56902,15.171299,7.9421
435285869,52.95337,15.062821,9.2524
435908852,64.86305,14.537582,9.5969
245787032,66.93919,15.429566,8.33187
434230979,63.602444,15.696852,8.1463
245789783,67.032455,14.193737,9.26619
245793347,67.19607,14.819518,7.6811
245796732,67.40116,14.092131,9.9178
333601923,48.182255,14.522654,9.313
59001333,57.13772,15.729147,9.8947
435287957,52.96081,14.194455,9.0392
245823237,67.77996,15.105039,4.26309
435880281,64.248344,14.58295,9.8829
245786953,66.89954,15.589192,6.9044
434128916,55.506855,14.922173,8.78421
435285753,52.84978,14.684537,9.05667
303525414,51.507584,15.53139,9.0766
245787174,66.96421,15.152494,9.0434
434128835,55.539543,14.627071,9.89996
245790062,67.09753,14.740943,5.5834
245798852,67.57897,14.369689,9.7971
245798976,67.58815,14.6112995,8.88338
245799490,67.53583,15.637835,5.3962
245823003,67.795555,14.68977,7.72991
245823555,67.83661,15.815487,7.4361
59001396,57.162052,15.505357,8.02556
59001502,57.137245,15.2020035,8.4948
245826567,67.93611,14.677037,8.80814
59001273,57.100426,15.889147,9.9101
435260875,52.130955,15.808407,9.5918
435282293,52.6757,14.760992,9.188
381453930,49.796623,15.59108,9.7953
381453851,49.78392,15.8525505,9.6471
381454325,49.75993,14.205369,9.4254
242945350,58.78339,14.727875,9.1272
59038099,57.347164,15.074961,8.0479
242968231,59.369194,14.435989,8.3518
245832357,68.18063,14.701951,9.8354
245832405,68.14591,14.606601,9.6053
303523416,51.41989,14.44999,9.29134
242982441,59.47585,15.327883,9.14524
242982300,59.426178,14.868662,8.77946
435880073,64.26682,15.097889,9.95395
388978744,57.777737,15.206375,9.93254
242940327,58.51452,15.48493,9.2893
435339288,55.28845,14.407735,9.6422
389016334,61.394527,15.503702,8.5933
243008385,60.44185,15.136778,9.5233
242940238,58.29131,15.19372,8.81583
242940254,58.525875,15.076253,8.8178
242940158,58.48561,14.361157,9.6207
242940203,58.32514,14.781296,9.0383
242940272,58.45318,15.184481,7.43342
242943684,58.57634,14.65102,9.243
245835130,68.33159,15.192162,8.30178
245835347,68.22754,15.653119,9.0569
435280814,52.58335,14.218481,9.4859
242943597,58.66917,14.930844,9.7002
242943743,58.644966,14.4613285,8.9067
389046416,62.175842,15.125606,9.2062
243010651,60.632973,14.188417,9.7968
435280802,52.538425,14.253615,9.5466
435280803,52.54819,14.252716,8.82308
435280818,52.503834,14.206791,9.38877
303472884,50.95112,14.715317,9.99488
245835422,68.24771,15.818968,7.9931
435928221,65.791954,15.569649,9.8908
59040175,57.549976,14.9168005,9.7211
435309358,54.449295,15.430554,6.2674
245860427,68.462166,14.844427,4.4321
245792896,67.1656,15.870868,3.2093
456892486,67.31468,15.730301,9.9176
303474907,51.05419,14.663386,9.493
303503398,51.132908,15.27063,9.1728
435302075,53.95474,15.441613,9.1328
435302366,53.996147,14.432234,9.6018
434226905,63.286533,15.719532,9.5893
434230375,63.529137,14.01126,9.9335
303475035,50.98091,14.239201,8.6712
303503142,51.22485,14.425916,9.6097
58960158,56.935036,14.360164,7.5819
435904032,64.600266,14.555174,7.11952
435904039,64.59878,14.530423,8.7964
245866949,68.762886,15.306825,8.3194
435903825,64.57353,15.009394,8.561
435903547,64.600334,15.723101,9.877
456893102,67.244865,14.589099,9.1397
245820032,67.67543,15.590374,9.6812
302500672,47.547825,15.090006,9.2264
388993477,57.855614,15.754948,7.9519
302500411,47.590908,14.059804,8.8785
302500463,47.56823,14.218698,9.1207
303505461,51.281498,14.219082,9.8415
435302089,54.05275,15.381674,8.7591
302462740,47.4989,14.765799,9.679
434158987,56.369072,15.67529,8.7561
435301897,54.063004,15.956122,9.9523
242943367,58.638382,15.573665,7.1358
245820145,67.59929,15.374404,8.4019
245863819,68.655754,15.04302,7.6459
436573774,70.95479,15.831331,9.6178
302500609,47.519703,14.839254,9.36709
303505501,51.35018,14.087428,7.7323
245819988,67.66204,15.691878,5.2726
245820239,67.71613,15.185517,8.95273
245823533,67.729385,15.779791,9.18269
245825957,67.96567,15.851621,5.6814
245863570,68.647125,15.504623,7.3556
302500908,47.615597,15.990508,7.55436
302500800,47.59319,15.634547,9.6697
245819967,67.645325,15.734,8.1214
245820457,67.640015,14.780907,8.6449
245863402,68.634094,15.827558,8.8467
302500558,47.55226,14.600821,9.80258
435302013,54.040653,15.573092,9.7076
303523718,51.398613,15.502715,9.2467
245762719,9.696003,15.745571,7.2185
242963777,59.087193,15.700133,9.80095
435260348,52.14231,14.115623,8.94771
303473188,50.904984,15.667893,9.1892
303503311,51.18599,14.973836,8.00075
435303750,54.119274,14.456731,9.285
435303966,54.13475,15.163685,9.57853
242963730,59.07037,15.817624,9.52581
434230485,63.575306,14.33573,9.74723
434159341,56.334766,14.550278,9.1188
381411029,49.71771,14.319081,9.1478
434159238,56.361626,14.922189,9.10838
434159505,56.360596,14.054259,8.83136
414960931,15.642209,14.251994,8.0251
405351535,22.425476,14.623047,9.8085
381347544,46.82015,15.2030945,6.6261
302450555,47.03379,14.279394,7.0271
302450519,47.10072,14.132046,9.5672
303239868,5.389281,14.14872,9.4613
660011475,61.924213,15.162027,8.1943
435296803,53.592674,15.526178,9.49424
384882783,16.374645,15.390058,8.1159
384882797,16.293724,15.342892,9.0542
414960861,15.733807,14.649455,9.16892
302450589,47.09001,14.426653,9.7118
435257361,51.92488,15.92313,8.4921
435307762,54.37344,15.577865,9.95821
302452422,47.191734,15.036644,9.1566
302452634,47.21931,14.276287,8.4567
435256998,51.91942,14.713428,9.8267
435341068,55.420036,15.912934,9.9404
435257194,51.905155,15.315807,9.51248
302452347,47.184612,15.334829,7.2626
435307618,54.336178,15.095406,7.7465
435340740,55.35757,14.888627,9.13285
302452531,47.19495,14.6846485,9.9049
435340686,55.36145,14.6302,9.8388
348664155,61.92493,15.16279,5.7153
389118079,63.206615,14.051852,9.7408
381360706,46.89858,15.502607,8.7044
381360856,46.99137,14.954097,8.9367
381362262,47.691956,14.3431635,7.1796
414944255,15.588283,14.167907,8.2667
333136890,11.703667,15.349253,9.6878
414944563,15.579658,15.63041,9.2727
434166711,56.843884,14.541645,7.6881
434162966,56.635906,15.042634,9.9872
348719681,62.546535,15.977222,9.5896
384882785,16.37398,15.388475,8.3802
434166756,56.81535,14.403715,8.2257
388978480,57.76432,14.472986,7.7642
434130768,55.667343,15.022742,6.6327
434130837,55.551506,14.792911,6.4764
59042165,59.93026,15.569368,7.9264
59042736,59.942715,14.170175,9.0844
434130721,55.66949,15.151955,8.8729
435333792,54.85831,15.851804,7.3707
242994091,60.290707,14.922386,9.5436
242994339,60.35923,14.179214,7.675
434233040,63.632515,14.4279785,8.213
388993526,57.875957,15.633754,9.1095
388993531,57.85832,15.624066,9.7155
333130626,11.6369705,15.958848,9.7246
218354650,42.873276,15.0820675,5.63019
59042358,59.970573,15.136327,9.625
434166873,56.909576,14.086888,8.37954
435300063,53.8671,14.17485,9.21501
434130514,55.607246,15.815326,9.11825
434130917,55.564705,14.521604,9.63784
434130823,55.63267,14.839552,9.6149
388978488,57.678776,14.488882,9.38879
435300412,53.87304,15.345793,9.6497
389046691,62.219467,14.5467415,9.5113
388993571,57.80432,15.492086,9.59245
218169374,41.942284,14.811075,7.404
218231917,42.38939,14.222237,8.4212
218232001,42.29067,14.746565,9.71316
218232026,42.224033,15.20946,9.44506
303523805,51.44469,15.773891,8.7932
242982317,59.51401,14.924945,9.2955
348664365,61.929153,15.844116,9.6185
59042491,59.99223,14.823874,9.0256
435880142,64.24922,14.909555,8.6475
389053141,62.852123,14.560192,9.58822
388994034,57.85782,14.285135,9.65718
434226835,63.26018,15.542649,9.3451
333138182,11.901332,15.190054,9.4019
381362491,47.704018,15.135424,9.66845
381362492,47.70531,15.135454,9.76606
381362569,47.700886,15.373038,8.0483
381360757,46.920807,15.324867,9.63679
435309204,54.551655,15.905602,9.8129
388996078,57.982708,15.185238,9.7442
435309226,54.493584,15.834973,8.7355
435262214,52.28709,15.838289,9.8529
435291536,53.215122,14.450184,9.0714
434230715,63.569603,14.933574,8.5287
434230894,63.556286,15.412027,9.2757
333600815,48.063335,14.039524,7.195
435337158,55.132244,14.725163,9.9155
242960044,58.86187,15.0176525,9.7246
242960294,58.83807,14.185598,9.9538
245834898,68.26984,14.736295,9.0051
245838116,68.38861,15.247352,8.4462
434230605,63.606876,14.625033,7.8338
435291204,53.22351,15.549809,8.1309
435291209,53.332893,15.536956,8.62187
435916355,65.22836,15.933873,8.76449
435928328,65.84391,15.271789,9.73503
435262326,52.281628,15.518134,9.8165
435928142,65.85533,15.763124,9.2851
303503008,51.21429,14.014883,9.11113
333600532,48.10358,15.042629,9.90535
333600486,48.041046,15.170759,9.92436
333600661,48.026657,14.579774,9.9843
303503076,51.13098,14.229259,9.7679
333562801,47.92086,14.525982,9.835
333704684,49.61244,15.73267,9.7232
333704798,49.584713,15.428073,9.1721
434132450,55.716866,14.760997,9.5228
333704881,49.613117,15.177305,6.6981
434132487,55.68362,14.876297,9.6746
435262472,52.2438,14.996788,7.34603
257961843,44.217327,14.60959,5.00689
243211294,46.12202,14.237965,9.7752
243211440,46.09287,14.858356,9.15188
435310985,54.608868,14.222526,9.2883
435311243,54.60989,15.149641,6.27875
435311296,54.667183,15.302406,8.9588
381408277,48.915997,15.022906,9.1671
389053328,62.81535,15.052463,8.3201
58958799,51.69583,14.033706,8.6894
389053663,62.78572,15.851816,8.6998
58797061,9.513832,14.174152,9.555
303413317,50.311523,15.599299,9.94034
435296406,53.639057,14.175845,8.16102
258844594,14.933955,14.609578,8.76558
58958699,51.617104,14.309668,8.721
381372556,48.86856,15.908125,8.61535
435294731,53.48477,15.625595,9.07569
389053574,62.793747,15.626236,7.55392
435335405,55.06875,15.200506,8.9695
435335409,55.06007,15.190636,8.12768
59001819,57.134014,14.348331,8.6104
348665982,62.264336,15.964947,8.9607
348666281,62.320255,15.200849,9.5929
333130507,11.637298,15.475509,3.0851
405338952,22.002522,15.988264,7.01972
405339167,22.01175,15.164362,9.0445
381346096,46.756638,14.575637,9.1809
381361078,46.968967,14.116495,8.9604
333130250,11.612213,14.315442,8.6138
333130286,11.654301,14.4637985,7.9014
333130396,11.662593,15.006477,9.9099
333130321,11.558373,14.626831,8.9352
387010368,22.745235,14.7551,9.2192
435335380,55.047104,15.288729,9.6128
258769216,10.31329,14.951703,9.3501
303321685,12.347961,15.901696,9.3336
303337243,12.507451,15.988968,9.69464
303337247,12.4249735,15.973025,9.10065
435335448,55.05424,15.081902,9.05834
435335703,55.06236,14.186679,9.42082
303290629,11.946085,15.530384,9.834
258777990,10.730155,14.209789,9.3197
333130256,11.641864,14.325453,8.9767
387010194,22.726847,15.5649605,9.4857
414784221,8.0045805,14.601368,6.3928
333624455,48.534985,15.590416,7.13437
387010186,22.704565,15.603586,8.1663
333130186,11.660108,14.003126,8.4719
333130547,11.57755,15.5455475,9.6107
387010359,22.703535,14.791483,9.20165
381360949,46.93819,14.63463,8.65614
333130344,11.654811,14.734306,9.94783
333130350,11.552953,14.776059,9.95049
302190370,8.95959,14.864947,9.22959
258750761,10.069747,15.82475,6.66387
258750882,10.1432495,15.270824,7.4146
303365729,12.748431,14.467839,8.5092
218087469,41.742672,14.220991,9.5864
258029937,44.977024,15.237917,9.9059
58765591,6.239856,14.328224,9.6196
303365560,12.683695,15.196994,9.4757
258750922,10.1436825,15.068683,9.1211
218087498,41.568577,15.007763,7.87679
258779569,14.766967,14.735349,7.9961
257961751,44.179634,14.224903,8.2052
58954917,46.44748,15.845867,9.0331
257997544,44.4686,14.736271,9.6504
257998912,44.603073,15.820205,9.4876
258025155,44.78834,15.243153,9.30274
336736149,6.859314,15.03167,9.1156
336736312,6.881059,14.425677,6.9368
303320111,12.269415,14.809203,5.556
257997521,44.42648,14.680072,9.8094
303319841,12.177728,15.965863,9.5104
258025177,44.816643,15.195613,9.31503
243204421,45.600197,14.939759,9.79695
243204673,45.553753,15.771436,9.45027
303320256,12.253534,14.211857,9.1321
258779714,14.653804,14.0658045,9.7051
257926663,43.917778,14.706752,7.60041
257928221,44.05533,15.364967,8.85137
58955369,46.44883,14.267613,8.45003
257869572,43.261177,14.443614,9.1011
257887937,43.503094,15.021339,9.5129
414921245,15.081259,14.24364,9.2582
336800310,16.0321,15.227457,7.96756
405340487,22.157703,14.658551,8.6715
257886490,43.40651,14.804726,9.497
257886530,43.41034,14.670255,5.4401
257919157,43.837772,15.656375,9.9098
257926827,43.98041,15.366932,8.29
414827399,13.836727,14.801836,9.0128
405340746,22.096375,15.816906,9.9177
405340648,22.111164,15.398148,9.8729
258779715,14.692862,14.063149,9.92335
258031112,45.045036,15.789602,9.7233
218352806,42.699512,14.5275,8.56628
257869468,43.18091,14.095403,9.20795
333626666,48.721905,15.445889,9.9854
405340537,22.16444,14.881403,9.9162
257925359,43.807858,14.412673,9.98457
333626710,48.721584,15.52714,8.91806
257868284,43.101418,14.682221,7.8048
257888033,43.465073,15.351997,9.5794
257917578,43.711338,14.022716,9.1767
414827345,13.832977,14.531984,9.86809
257888058,43.4807,15.427083,8.5344
257916492,43.63198,14.0486355,9.2009
257919174,43.79011,15.600763,9.33127
414827629,13.797867,15.760936,9.7998
336777792,14.146675,15.963209,9.492
302172583,8.477778,14.017159,8.7121
414943354,15.443918,14.3144455,9.139
381243001,18.748692,15.251174,9.9686
218291033,42.558887,14.737442,9.3412
287970296,21.375263,15.502408,9.1411
333675993,49.42377,14.559217,9.25877
52206852,41.324467,14.764029,9.4863
52004660,3.8299797,14.046437,9.3686
385141744,21.14462,14.689281,9.7579
303338958,12.564532,15.304593,9.0737
405370097,23.866444,14.948733,8.4233
423976160,45.19505,15.750751,8.8952
333115220,11.267756,15.170108,9.734
218233825,42.290333,14.397316,9.9102
405374293,23.94351,14.661421,6.2347
381372063,48.75728,14.152813,8.8714
58958562,51.696663,14.819292,9.8629
58958646,51.699265,14.485997,9.9991
303470984,50.736588,15.794687,8.77883
435283945,52.776176,15.736099,9.6669
303471524,50.77696,14.021408,9.69015
384886463,16.672964,15.272802,9.41174
303337603,12.426136,14.464635,8.62933
303339003,12.614455,15.484196,8.30551
336778226,14.172274,14.047008,9.65549
218233772,42.108654,14.449785,9.7959
218233839,42.19502,14.613625,7.7047
381346036,46.66281,14.775971,8.31493
381372109,48.82801,14.303083,7.4693
423976189,45.13122,15.9092245,9.9428
384886586,16.758408,15.897689,9.83268
384886552,16.713203,15.740811,9.7886
414807619,13.219283,14.043211,8.2225
303193598,4.806104,14.188497,9.0087
381245351,19.079983,14.939216,9.7047
336768126,13.95491,14.767341,9.6694
257887722,43.48752,14.218913,6.72478
257887744,43.504395,14.292611,8.5871
257887851,43.515743,14.685717,9.2081
257917964,43.66502,15.470853,9.7573
435258648,52.03299,15.884286,8.2391
303193565,4.82111,14.054756,7.53199
414764278,7.6424885,15.650534,8.3201
414764427,7.63842,14.959981,9.2824
414807594,13.216509,14.150605,8.5617
381229866,18.712908,14.641918,8.88002
381230876,18.780565,14.660403,8.56205
218291038,42.644318,14.784769,9.5752
287970253,21.367392,15.728293,9.9434
258031394,45.0874,14.531277,9.129
414807236,13.276376,15.784794,9.91264
52159292,41.00284,15.5791025,8.10902
52159638,40.96122,14.526848,9.5981
52206822,41.350113,14.589255,8.9866
52207103,41.41167,15.738178,9.3431
435278795,52.34239,15.232545,8.77263
257887829,43.44808,14.603925,9.32708
258031395,45.088043,14.529605,9.6462
58956861,46.62782,15.391209,9.0305
414889954,14.572545,15.18096,9.2021
47066943,22.954151,15.6252575,5.1736
47067844,23.155125,15.11262,8.5327
58901706,46.169346,15.856023,5.17893
58953189,46.335903,14.365143,9.9047
58953265,46.282135,14.587305,7.79519
257963455,44.299164,15.134331,8.09106
257963674,44.387417,14.333275,8.2974
257963767,44.400177,14.021345,9.0299
258029603,44.912437,14.042752,8.06602
414829907,14.561225,14.368064,9.6472
47067979,23.184563,14.4982195,9.8007
47066800,23.02314,14.76187,9.5664
268127217,11.337417,14.362922,9.0898
268150774,22.93682,15.094084,7.9609
268150836,22.870884,15.345824,2.7476
268127011,11.325773,15.165767,8.33064
268127255,11.420579,14.193044,9.8352
414829884,14.537131,14.2682085,9.73517
58953166,46.355503,14.27605,8.37039
385142897,21.247671,14.850022,5.9128
257963574,44.341618,14.697029,9.00495
257963675,44.39546,14.333257,9.45272
257997361,44.448868,14.070045,8.81844
434230702,63.529526,14.894934,8.23762
435291457,53.331715,14.767213,9.4937
47118037,23.464159,15.603159,8.2462
47119124,23.670475,14.691998,9.6225
47120021,23.728703,14.385239,7.1663
408671739,36.190056,14.229178,8.43845
408671782,36.167316,14.48272,9.4805
408745291,36.798412,14.779471,9.881
408745328,36.78018,15.00025,9.8817
408745346,36.72463,15.079357,8.4634
47118990,23.585064,15.458189,9.8761
47118078,23.537664,15.804907,9.4305
47119983,23.76585,14.185911,9.4176
408237718,17.048773,15.125901,7.6136
408238928,17.140715,15.7902155,7.5898
243189630,45.219032,15.950408,8.8674
243200821,45.32208,14.982254,7.14171
243206357,45.769104,14.576164,8.8634
243207794,45.83358,14.32544,8.8295
243207825,45.88884,14.470711,6.9097
243208009,45.80654,15.060844,9.1725
218089608,41.783184,15.866251,9.3867
218169328,41.9949,14.099661,7.7507
257916128,43.613678,15.488639,9.2413
257917777,43.783714,14.770553,7.6778
257917816,43.730095,14.891367,8.0311
52174501,41.175552,14.325952,9.8662
408237793,17.081093,14.690723,9.9929
258023699,44.757042,15.269137,9.4779
47120164,23.764738,15.271287,8.46382
414923750,15.318944,14.00902,9.0675
408671954,36.11341,15.524872,7.5792
414924046,15.326201,15.607624,9.5453
47118072,23.502253,15.770373,9.0773
397557205,8.387664,14.265294,8.5248
258023675,44.662514,15.154513,8.55422
408238712,17.164791,14.682554,9.5171
408671813,36.209404,14.669276,9.12457
408671983,36.14375,15.684192,8.41611
408743068,36.578846,15.440915,9.24917
218354572,42.95713,14.426488,9.82584
243189841,45.222702,15.031196,6.8067
52176601,41.259987,14.237546,7.38051
257916124,43.574806,15.495465,8.18773
243202947,45.45983,14.030258,9.49275
52176486,41.25376,14.723521,9.2219
52174545,41.13212,14.474856,9.8828
52176508,41.279366,14.588273,9.519
336813522,17.817661,14.691735,7.077
408837715,39.45692,14.151463,7.05084
336813668,17.752783,15.303191,9.4636
336813674,17.759468,15.344099,8.9977
384888642,16.953821,14.77195,9.5876
408835304,39.207836,14.248599,9.874
414810951,13.630107,14.020082,9.4561
381249276,19.471392,15.646644,8.5074
408747808,36.99816,15.144254,8.9759
52123945,40.54668,14.601985,7.9205
408836624,39.34931,15.381244,9.5056
381249612,19.387442,14.242686,6.0169
58843567,19.534132,14.382156,8.5026
88727242,25.92751,14.702133,8.70167
333115062,11.234524,15.939855,8.6913
333115379,11.198727,14.326355,7.9362
58858336,20.673695,14.755072,9.8534
58843556,19.571236,14.441876,9.487
58873542,33.826824,15.732566,9.8246
333114076,11.150691,14.975856,9.4296
381249229,19.361576,15.798103,9.5039
58843575,19.533075,14.307955,9.5967
58873421,33.805965,15.235283,8.895
408252893,17.50692,15.652365,8.9736
218292913,42.62637,15.226778,9.3793
414808739,13.326084,15.423201,9.3136
408252889,17.547676,15.673913,4.63042
218352758,42.86233,14.0590515,9.2387
405340442,22.092407,14.491811,9.6228
218352859,42.77046,15.04214,9.9547
333113912,11.137045,14.089578,9.9728
414808521,13.290269,14.469289,8.65265
218352800,42.943634,14.233575,8.59568
405339313,22.078638,14.476482,7.8161
381244328,18.943462,14.051944,7.6314
385114571,20.438585,15.199249,8.1938
408261644,18.09574,14.23511,9.2744
414783155,7.9008503,14.097602,9.024
385114521,20.407736,15.4449835,9.4079
58858204,20.680382,14.159535,9.6312
385141775,21.145252,14.605879,9.6479
58843363,19.561071,15.479694,9.4928
97405180,32.863003,15.525401,9.50685
97405298,32.828686,15.966833,8.3165
52124016,40.503334,14.374761,9.2306
52124068,40.45345,14.171374,9.3936
408747682,36.974106,14.507907,9.97148
333115269,11.2385645,14.890482,9.1247
385141581,21.12161,15.510185,9.71042
408261437,18.06637,15.257453,9.3018
52068289,39.96417,14.17104,8.72067
414781790,7.7158804,15.603903,8.3389
414783132,7.9104896,14.231407,9.6887
384881512,16.177366,14.233746,9.1806
408262757,18.178337,15.566217,9.3248
414804601,8.1549835,14.281021,9.8492
381244220,18.905066,14.586951,9.9836
97347040,31.893734,15.58991,8.6287
47164190,25.541887,15.914369,8.4549
336766423,7.2322536,14.230462,9.9609
336766610,7.208442,15.050623,9.2924
336766644,7.2855844,15.17328,9.4935
408627092,35.685936,14.827808,7.8506
52069496,40.110653,14.23316,9.2538
408824973,39.04985,15.148694,7.3893
408818799,38.34703,15.262823,8.9667
404630803,27.998701,15.618603,9.84856
408624993,35.42473,14.735005,8.4102
408627055,35.613922,14.584944,9.8681
408764798,37.293415,15.13473,9.2887
408777765,37.596638,15.328922,8.4405
408826381,39.117477,14.011085,9.1873
408817657,38.225594,15.034531,5.4814
408625134,35.446396,15.519189,7.89796
408764895,37.23085,15.600076,8.2631
408824989,38.97606,15.24883,8.5841
408764939,37.24651,15.842294,9.52587
408777820,37.653736,15.082609,8.9738
408825064,38.960266,15.702755,9.46593
408826169,39.191677,15.179181,9.05514
408748837,37.25617,14.402584,9.97547
408826134,39.140438,15.294381,9.89209
430313173,25.184052,15.619447,8.1238
336765302,7.1486416,14.1646385,9.2658
336765171,7.156947,14.60261,9.81122
404629349,27.866364,15.324663,9.46801
302189209,8.821239,15.253297,9.5221
52093712,40.293324,14.230858,9.413
384881668,16.272314,14.9461355,5.229
384881602,16.184198,14.688239,9.1472
408818740,38.384575,15.583399,8.95059
258778191,10.782143,15.101017,9.961
336778085,14.177463,14.7761545,6.7792
408644217,36.00995,14.72246,9.1126
408673038,36.33261,14.487774,7.7308
408742940,36.484245,14.835008,9.5936
408744129,36.59327,15.399819,9.8515
408744176,36.708397,15.06411,9.9525
408746582,36.910824,14.901544,8.9438
58798190,9.618862,14.6243305,9.8594
58798097,9.645579,14.2015505,9.9525
408672952,36.268894,15.062889,9.4028
336776797,14.114806,15.162673,8.0527
336776923,14.05616,15.656173,8.0982
97308652,31.422506,14.566939,8.5282
384883959,16.453575,14.981967,7.7681
404631911,28.147694,15.211485,9.3575
404631935,28.159117,15.084563,8.9901
404632976,28.212786,14.177505,7.5381
97284870,31.131584,15.630076,7.3368
97326936,31.548313,15.545511,9.9859
404735937,30.341301,15.539878,9.6242
404736175,30.315416,14.289931,8.23764
336776745,14.082554,14.951235,9.76496
336776760,14.10919,15.010398,8.3986
336777791,14.147791,15.963371,9.74313
408744114,36.5974,15.498586,9.3153
408593417,34.56459,14.795433,8.5777
408593418,34.5129,14.790037,9.3856
97428449,33.0556,14.685628,8.312
58824385,12.865519,14.689707,9.7756
97431289,33.409737,14.455413,9.1674
97431373,33.444252,14.081213,9.845
97306605,31.311115,15.970849,9.0979
97431191,33.398018,14.817478,9.7676
97431366,33.470882,14.129557,9.8724
97327026,31.600853,15.868641,9.74767
58824473,12.842421,14.245246,8.37837
58824505,12.806252,14.085839,8.19325
97306583,31.372662,15.929648,9.3884
408593488,34.51549,14.466794,7.2795
384884033,16.48574,15.382424,6.86595
258770622,10.544381,14.714838,9.37586
58799440,12.814446,15.559189,9.50167
404631753,28.072643,15.892065,9.4573
404631960,28.078245,14.9807005,9.5086
97429601,33.230232,15.993338,9.7284
97429638,33.153408,15.796959,9.26118
58825479,12.91627,14.901942,9.96
385113482,20.291132,15.316303,7.6704
408765988,37.44603,14.604405,9.56
384880495,15.918922,14.699431,8.4224
97404901,32.76285,14.347777,8.802
257841771,37.2066,15.390808,8.9922
52069904,40.16911,15.686594,7.49756
58872215,33.684685,14.334177,9.8953
302191506,9.088408,14.324941,8.9463
52157819,40.865143,15.607087,9.4511
408587237,34.221577,14.080566,9.5222
408587571,34.170902,15.9127445,9.80771
97347041,31.89341,15.588485,9.8437
302190416,8.979437,14.631111,9.5833
268150757,22.86377,15.035862,8.8476
97404953,32.78713,14.58218,8.73065
408628270,35.852966,14.848138,9.29762
52069870,40.1273,15.602561,9.51064
408767176,37.468582,15.37831,9.16624
408642056,35.783443,14.139645,9.95214
257841909,37.10868,14.767085,9.856
302201252,9.197124,15.231716,6.0389
245784759,9.94167,14.200337,5.8817
414762840,7.4682612,14.020308,9.2348
414763003,7.466117,14.743742,8.8494
58826765,13.150124,15.006767,9.3539
58826786,13.098192,14.86877,9.1618
58826846,13.03479,14.605454,9.3039
404674153,28.811296,15.34076,6.8451
47140379,25.051294,14.47253,8.3589
47140543,24.978714,15.256659,7.5952
47141537,25.148373,15.179806,9.719
404675507,29.024815,15.104726,8.3793
426148255,33.263767,15.279864,4.13228
426148482,33.25732,14.241424,7.6176
97366318,32.016388,15.804548,5.3266
58825399,12.954773,14.530573,9.1751
404674126,28.857773,15.455803,9.1254
47140655,25.000042,15.804562,8.7249
97348540,32.01421,15.1340275,9.5566
97367718,32.18865,14.300986,8.2742
58826575,13.0405035,15.894172,9.978
58825617,13.022154,15.598456,9.9788
414943058,15.4156,15.872291,9.3198
404674224,28.847738,14.99547,9.2816
404690541,29.557884,14.521541,9.4965
97366332,32.11079,15.862537,9.7641
404676931,29.051273,14.341082,9.53481
404711486,29.66019,15.930118,6.8978
408567944,33.916264,15.230109,9.5863
404712286,29.855425,15.83077,9.3728
408568053,33.98261,15.819077,7.61403
404649461,28.423216,15.636126,9.8406
404676701,29.106276,15.363884,9.7744
404633131,28.267189,14.880775,7.9908
47140545,24.983826,15.259295,7.9816
426148417,33.365665,14.535486,8.7392
399516048,21.470186,15.81543,9.01647
47141570,25.135565,15.028079,9.9576
47146623,25.089823,14.507967,9.7384
47146703,25.1674,14.128781,9.37776
404675506,28.936516,15.090685,8.63903
404676744,29.130098,15.16486,9.05095
384887393,16.8374,15.964777,9.2527
58842197,17.463657,15.209833,9.5954
47093964,23.251291,14.053121,9.5886
47093995,23.261126,14.218691,9.9028
47094031,23.26217,14.467044,8.1001
408591945,34.443523,14.245507,8.2927
408592093,34.45284,14.912962,8.8972
58842279,17.442772,15.528844,9.6401
47094246,23.262434,15.696631,8.3217
97398720,32.40985,14.40635,7.8148
47095328,23.443462,14.501245,9.4732
429033940,10.894553,15.17667,8.9353
404715787,30.222275,15.035782,9.9349
404715851,30.239618,15.369026,9.9392
97369015,32.29939,15.0936575,9.6698
404715778,30.240547,15.009906,9.2557
47095391,23.354876,14.117803,9.05465
47117810,23.471846,14.268392,9.5121
404715740,30.218563,14.786465,9.48517
97398808,32.48369,14.022787,9.00285
429033905,10.8510895,15.09581,7.69651
429034002,10.849532,15.415841,9.34093
404715665,30.230225,14.333611,9.26424
97369119,32.257816,15.512347,9.2377
97398606,32.488346,14.85462,8.6668
47095332,23.405865,14.486916,9.98764
88775976,26.725204,15.247144,9.8099
88776063,26.698816,15.644072,9.9518
88868432,27.58103,14.308987,8.675
385109843,19.85304,14.793044,7.4631
88774326,26.606646,15.7132,8.1416
88848205,27.504656,14.226081,7.8901
88848621,27.420095,15.832431,9.1533
88869635,27.74318,14.691284,9.1453
88775908,26.695036,14.952421,9.81609
302201272,9.284207,15.139705,7.5838
302201303,9.208912,14.997407,8.8475
404629459,27.823555,14.756444,8.5697
88848244,27.522753,14.351369,7.92
88848296,27.50401,14.535774,9.1263
397560556,8.632462,15.887482,9.55633
88848227,27.42771,14.295427,9.7965
88868220,27.625553,15.201536,8.9332
408625958,35.502167,15.991705,7.6702
408628165,35.83112,15.418564,8.2485
408628166,35.82124,15.417006,8.6887
408628182,35.81778,15.348609,8.59936
97328312,31.731098,14.621112,9.0456
404712265,29.798664,15.960698,9.5185
88773053,26.467642,15.003805,9.3651
404713660,29.915697,15.570061,8.9075
257562619,22.69596,15.021619,5.7245
404713720,29.94416,15.957884,7.3352
404713649,29.907154,15.507132,9.8429
384888824,16.964909,15.863226,7.4128
58870807,29.460482,15.536812,9.2509
384888598,16.91483,14.49601,9.69398
47147683,25.390396,14.743555,8.7454
47168020,25.734995,14.911961,8.8345
408588657,34.315353,14.993112,9.9134
385154668,21.761343,15.608136,8.7147
404714794,30.122343,14.310024,9.3573
381250580,30.99802,14.192326,9.7118
385116829,20.845055,14.270811,9.9506
404644861,28.23958,15.597159,9.15507
381250576,30.985481,14.184116,8.3126
385116943,20.752367,14.81164,9.39048
408588564,34.284107,15.4165,9.6305
381250698,30.896152,14.701083,9.9919
408288747,18.342813,14.3789215,9.8459
404737036,30.43764,14.127335,9.9545
408254320,17.623648,15.668035,7.3896
408288716,18.309507,14.539431,8.5627
404737203,30.460041,15.06709,5.5568
408254058,17.686356,14.383567,9.968
408569055,34.08707,15.068427,8.5823
58826940,13.099044,14.135515,9.7682
58844643,19.662838,14.838629,9.199
404737109,30.413576,14.531158,8.7325
405337600,21.933918,14.209893,9.4073
405337711,21.838272,14.792089,9.9123
405337988,21.885622,15.908925,9.9262
404737286,30.489983,15.507314,9.2362
58855945,19.719284,15.496592,8.60494
97326601,31.592285,14.102141,8.6226
408254278,17.703533,15.4131565,8.9356
58843611,19.54154,14.141996,8.532
397585191,11.00748,15.225609,9.985
408254149,17.706774,14.790736,9.97799
97326810,31.579557,15.061266,9.9765
408568973,34.049274,15.477615,9.8002
408255324,17.947294,14.524766,9.7056
336814959,21.590723,14.914608,9.9631
58856925,19.80083,15.631481,9.96119
385112115,20.171255,15.69604,6.4773
385115685,20.554644,14.340706,7.1786
385112334,20.17043,14.571796,8.5797
385115774,20.549044,14.695037,9.6894
408779156,37.81552,15.506886,9.09867
336692051,6.547828,15.046815,8.1525
385111061,20.00486,14.982109,9.4105
408588807,34.251564,14.408645,9.9224
397561826,10.223584,14.294105,8.9106
408289684,18.406431,14.5188,9.769
408290926,18.575968,15.495306,9.3424
404711152,29.700224,14.3407135,8.0479
97399926,32.565243,15.023041,7.0995
408822563,38.751205,14.931829,9.2187
385140541,21.004026,15.305298,8.0586
97399968,32.6226,15.151489,6.4936
408822663,38.7355,15.3879595,8.0236
404711100,29.691566,14.058734,8.9204
404711341,29.723011,15.318518,8.809
97429904,33.229633,14.587914,9.6754
97399964,32.592274,15.139582,9.6224
97401541,32.666103,14.102837,9.2182
88753467,26.10466,14.056523,7.6642
88814853,26.967281,14.599204,8.0878
408595915,34.817867,14.540638,9.9427
408289843,18.37785,15.383018,9.5499
88750052,25.957853,14.43352,8.2973
88777336,26.90321,15.325252,9.8663
88814948,27.015793,15.018033,9.6227
88845386,27.238413,14.580877,9.9366
52021399,4.1924067,14.008701,8.8862
97367304,32.168068,15.954563,9.4627
97367447,32.228207,15.369725,9.26173
97399796,32.50954,14.4343605,9.63849
97400052,32.518528,15.491628,8.02798
88772862,26.450586,14.136804,9.7853
88777431,26.869064,14.922119,9.4357
88847094,27.30521,14.080702,9.4228
408809875,38.16091,15.16291,8.45068
408817763,38.273857,15.471759,9.49139
385115882,20.49886,15.177126,7.4471
385116000,20.510345,15.789214,6.89014
408588792,34.32141,14.465923,8.4939
58873338,33.82048,14.847463,9.22008
385111247,19.987976,15.865227,9.8513
385112322,20.14338,14.639705,9.71696
397585170,10.970093,15.154917,9.60965
258796599,14.854852,15.914094,9.7932
258796216,14.856304,14.121545,9.4054
88814915,26.953867,14.839984,9.4377
97476285,33.541817,14.64893,9.61519
408809951,38.11924,14.841487,9.92432
385119209,21.024168,14.061952,9.9591
426148215,33.350327,15.491318,9.6279
245785072,10.00054,15.540969,8.798
47139481,24.873627,14.803584,8.5057
47139605,24.852465,14.130459,9.3112
47139629,24.894524,14.023307,9.4722
47139393,24.922758,15.340257,9.3613
126983518,24.411747,14.159377,8.24817
245784947,9.984122,15.033478,8.2868
414922749,15.168059,14.884839,9.9412
47139378,24.93214,15.423796,7.9367
47139567,24.814339,14.28556,5.76383
58869511,24.731382,14.744654,9.17148
245784719,9.957906,14.00768,8.98573
245784906,10.050926,14.888361,9.182
414922760,15.17343,14.840606,8.7745
126983669,24.374033,14.881387,9.50565
126982410,24.280832,15.100187,9.6133
58764609,6.1589794,14.315516,5.46546
405375682,24.189806,15.248643,8.6642
404672731,28.769873,14.3488,8.7516
405375903,24.065207,14.363147,9.296
303290799,11.926519,14.845898,9.6847
303290937,12.01874,14.190393,9.3138
405374443,24.032646,15.364268,9.9088
405375806,24.154099,14.784141,9.5034
404672688,28.727222,14.1627245,8.7995
405375746,24.072012,15.012526,9.19524
58764652,6.206714,14.083153,9.8637
404671453,28.597172,15.704567,9.6965
404687940,29.189363,14.895033,8.1284
404687748,29.260458,14.054083,9.7072
404687870,29.17876,14.572557,7.5132
97345733,31.783285,15.059281,9.8764
97328359,31.641014,14.405694,9.9776
404687774,29.196056,14.174678,9.9574
97328278,31.703182,14.753339,9.5358
405248350,10.58173,15.069673,7.6476
336799093,14.332571,15.191477,8.2857
245763655,9.858929,15.990575,9.1575
336727497,6.7420673,14.900307,9.9933
397556871,8.347078,15.998917,7.7072
336799109,14.2972145,15.242992,9.1794
245763818,9.863776,15.204032,8.6667
97284641,31.07598,14.568545,9.01209
97328319,31.673307,14.5837755,7.86522
404687985,29.20952,15.082425,9.42829
97284714,31.117199,14.927746,9.9581
97328300,31.72872,14.657283,9.4675
336727115,6.8009734,14.13406,9.3525
336727527,6.768606,14.965318,9.9957
397556886,8.413285,15.932307,9.95173
414828936,14.414788,14.183674,9.9523
97328140,31.658598,15.333208,9.9659
404739386,30.681768,14.751905,9.0558
404740393,30.885746,15.564591,9.6498
404738533,30.595625,14.111262,9.0389
414826139,13.688169,15.216795,9.6761
384883021,16.347654,14.108104,7.8011
384883048,16.369665,14.021978,9.9959
405352575,22.472696,14.209613,8.441
405352583,22.45485,14.231526,9.1739
404738258,30.621138,15.495385,7.119
404738511,30.563063,14.170436,9.2562
404740343,30.784046,15.881399,9.9392
404689259,29.39005,14.971685,9.59688
58870552,29.442404,14.388956,7.5259
404712377,29.885675,15.27349,9.1871
404712515,29.83556,14.625627,8.1788
58756336,5.78771,14.391496,9.6697
58757289,5.95786,14.074933,9.7519
397555632,5.0067983,14.324749,9.11394
88755624,26.25264,14.829147,8.9184
88773056,26.47374,15.009477,8.1898
302191623,9.172139,14.939987,8.2032
88773062,26.45499,15.038735,9.8859
408230667,7.371041,14.96858,9.7011
387011397,24.484234,15.785795,9.8362
88816625,27.163338,14.06098,8.4134
397561711,10.266027,14.810975,8.5911
387011748,24.539627,14.07128,9.995
88773218,26.439457,15.715625,9.1206
404630794,28.008144,15.560195,9.34248
611317706,13.1132345,17.663132,9.2838
611314858,13.912641,17.088663,9.8227
611314859,13.912761,17.088976,9.6978
435312095,54.60738,17.599224,9.0058
218169629,41.975037,17.618826,9.5208
620196604,27.045506,16.955513,5.9187
620110718,33.750664,16.287874,8.9522
435926536,65.68633,16.790878,7.2251
385082358,19.86325,17.025204,9.915
336767595,13.912761,17.088976,9.6978
435261634,52.322666,17.791845,9.787
381243556,18.77098,17.919239,9.4557
58826224,13.1132345,17.663132,9.2838
435911720,64.979065,16.522427,6.444
620113894,35.63831,16.870275,6.65142
435906818,64.63653,16.605782,9.0678
408290685,18.49755,16.49188,9.336
245940624,70.105965,16.513721,8.3867
408627457,35.63831,16.870275,6.65142
611355585,18.77098,17.919239,9.4557
58873659,33.750664,16.287874,8.9522
348665350,62.388786,17.499376,7.299
381372672,48.7824,16.303095,8.3516
436588201,71.506424,16.25829,8.5976
88815918,27.045506,16.955513,5.9187
436633864,72.00376,17.056002,9.5239
408260803,17.94028,17.729513,9.443
640818753,41.975536,17.619091,9.6738
640818754,41.975037,17.618826,9.5208
67827332,56.33503,17.922916,9.3748
640447214,48.7824,16.303095,8.3516
389055210,62.929535,16.211832,8.222
673673805,65.68633,16.790878,7.2251
673629416,64.979065,16.522427,6.444
674103871,72.00376,17.056002,9.5239
673588076,70.105965,16.513721,8.3867
640377206,56.33503,17.922916,9.3748
673630600,64.63653,16.605782,9.0678
640374097,54.60738,17.599224,9.0058
640374098,54.606754,17.59922,9.8998
674097598,71.506424,16.25829,8.5976
242982679,59.485947,16.073446,8.856
436634961,72.15798,17.104174,8.765
471011442,68.980156,16.5093,0.87
414922294,15.171603,16.972467,9.587
88776867,26.852697,17.194029,9.46
245873777,68.98021,16.509085,-1.2
348720227,62.55849,17.368443,8.024
52097389,40.32534,16.878828,9.8279
52092428,40.28607,16.53155,9.7059
52097302,40.407955,16.736002,8.2039
97307701,31.431475,17.649967,7.7717
97306802,31.315489,16.295166,9.609
47164469,25.46673,16.548954,7.4545
47165484,25.62623,16.405384,9.189
58900709,46.1761,17.902454,9.13908
58900562,36.44836,17.646912,8.21521
60904467,66.62338,16.167711,9.7149
88752040,26.101196,17.063787,8.6089
60904045,66.61199,16.513073,9.6323
60903678,66.60256,16.85336,7.4392
60903802,66.667175,16.746912,7.5059
88751368,25.97267,17.418758,9.1323
88751521,25.932058,17.7463,9.5863
88751764,26.069891,17.657053,9.6807
333617459,48.382816,16.640612,9.5654
404645579,28.402403,17.442495,7.3117
404646168,28.390768,16.023111,9.955
257841197,37.123367,17.929028,9.4179
436664403,73.0096,17.537975,8.2435
245831286,68.14663,16.90256,9.5141
245831426,68.09155,16.600817,9.08232
436575313,71.077446,17.56028,8.6077
245873780,69.00075,16.540674,9.515
436663654,73.0471,16.40092,9.7573
436658445,72.84172,16.093508,8.2079
436575962,71.18341,16.468903,9.2243
436583126,71.389,16.118345,9.9559
60904628,66.655846,16.012505,9.2758
381457377,66.80915,16.608356,9.5611
436576200,71.10798,16.058525,7.94474
436615345,71.89861,16.602835,9.567
436615541,71.87399,16.298777,9.2695
245874531,69.12843,17.932419,7.5917
436664455,72.986664,17.638813,8.95557
436657855,72.86367,16.987082,9.1349
436650260,72.59971,17.202665,6.5536
456891444,67.33564,17.544935,6.5269
381457421,66.823105,16.511114,9.37943
436575751,71.15069,16.786888,9.8646
436650571,72.608574,16.762613,9.53695
245873741,68.95861,16.41686,9.99923
436614427,71.706055,17.748323,8.6696
60876028,66.363365,16.55644,8.032
436589023,71.5035,17.625956,9.6071
245912991,69.7746,17.750185,8.4684
118822977,70.44967,17.908556,9.1973
245951115,70.4909,16.133642,8.9804
245951371,70.50764,16.596184,9.435
245951426,70.53925,16.682783,8.26456
245951660,70.473274,17.082134,9.3273
436589566,71.59589,17.37056,7.6221
436615694,71.90096,16.057861,8.9458
245912690,69.76062,17.179056,9.173
245913072,69.79598,17.896313,8.6783
245913506,69.8616,17.261005,9.8535
245913726,69.8705,16.844328,9.7382
245912801,69.78812,17.394617,9.6144
673680252,66.37269,17.927889,8.0876
673680253,66.372765,17.928253,7.8821
389055209,62.928112,16.211868,9.1969
434239806,64.07045,16.285538,9.56238
436561248,70.62827,17.877844,9.86349
436562143,70.68273,16.51368,9.9689
436561250,70.674965,17.877577,9.2623
436562083,70.624084,16.623285,9.29628
245912357,69.77037,16.599081,9.98774
436588072,71.48487,16.022753,9.557
660027948,62.560467,17.367693,8.0956
436613435,71.69943,16.07947,9.7135
436613563,71.70583,16.301598,7.3051
436656363,72.77499,16.681778,8.5287
436567211,70.79141,16.527004,8.6724
436567519,70.70572,17.060469,7.4805
436567564,70.74748,17.128372,9.8598
245946871,70.33331,16.390879,9.7427
434235421,63.753845,16.172747,9.8378
245869494,68.8908,16.144697,6.59014
436657580,72.849525,17.40295,9.41341
245895245,69.12909,16.331934,7.8301
408597477,34.930515,16.692295,8.925
408597790,34.91815,17.418133,9.6392
408597835,34.887558,17.528543,8.5995
408598316,35.097813,17.25401,9.483
408598534,35.002335,16.70512,9.4493
435938742,66.01789,16.845404,9.6204
434235771,63.767178,17.079758,9.7706
60876215,66.43699,16.170649,9.5035
436650829,72.587,16.382166,8.9617
436648713,72.502975,16.412062,9.4836
436650023,72.580696,17.520786,8.63757
242938213,58.440372,16.930721,7.26359
436635176,72.14427,16.810368,9.6503
435341564,55.40948,17.561678,9.8814
245862243,68.67589,17.748169,7.4949
436567527,70.81543,17.069183,8.8942
436567065,70.766136,16.297016,8.49187
245862406,68.70085,17.46659,8.63016
456891307,67.31353,17.779116,9.41726
456892231,67.24898,16.159071,6.0624
436635291,72.17198,16.634274,7.1589
389055214,62.89946,16.206604,9.62049
435341172,55.411987,16.232103,9.53421
434235609,63.86407,16.678745,9.87182
434236398,63.88689,17.121159,9.67461
245895319,69.1249,16.181118,9.63614
435938925,66.06069,16.401594,8.2142
408598138,35.056522,17.634504,8.6171
436656073,72.70226,16.210451,6.8056
434235398,63.79384,16.126616,9.4531
245938958,70.05295,16.398647,9.19627
245946330,70.385956,17.412931,8.00023
245946704,70.37933,16.706482,8.15375
245894995,69.14287,16.786808,8.56243
60875990,66.378525,16.646627,9.7844
436613742,71.706245,16.554321,8.9227
436614037,71.76015,17.044182,8.7802
245907329,69.68518,17.070765,9.6196
435938892,66.10228,16.495293,9.2218
245868667,68.90664,17.648378,8.88286
60876055,66.46999,16.482134,8.6916
436613849,71.77079,16.727417,8.3469
436613987,71.6928,16.951725,8.6932
436614136,71.75928,17.286396,9.50468
436614506,71.73775,17.87474,8.5477
436614600,71.83258,17.883327,9.3629
436634843,72.10066,17.291727,9.8659
436635016,72.164505,17.014639,9.445
436635507,72.13151,16.30875,9.702
436634960,72.156876,17.10423,8.7712
60875032,66.24537,17.416134,9.9806
60875977,66.43536,16.675974,8.5874
60874799,66.25103,16.984898,9.343
242989586,60.046055,16.89069,9.5401
456886514,61.16499,17.517578,5.68354
456886687,61.255512,17.052603,8.70625
435883394,64.48863,17.355743,7.83642
242883764,58.147896,17.469032,9.3225
435883245,64.40502,16.990788,9.86397
60875986,66.43355,16.655943,9.0837
60876019,66.441605,16.577686,9.32545
381456722,66.79404,17.845184,9.43599
60875581,66.47272,17.447634,7.1501
245905821,69.53937,16.033253,5.4766
436634503,72.14525,17.808517,9.0766
58961162,57.0013,16.962511,7.61729
245907166,69.66373,17.408092,7.5203
436633376,72.05456,16.3186,9.89831
245906669,69.46503,17.573648,9.89647
245907108,69.60399,17.54247,8.9646
435913018,65.02041,16.422363,9.3741
436582302,71.393684,17.543348,9.43034
456886865,61.155853,16.627415,8.66427
435883224,64.41228,16.947836,7.5952
435883412,64.47312,17.399302,8.23743
333703693,49.41794,16.961555,9.79625
434227439,63.36753,17.352259,9.878
303435517,50.714294,16.28765,9.5157
435938447,66.0937,17.47316,8.0081
303435574,50.65783,16.45718,8.9424
436582356,71.35396,17.476017,9.3954
436633186,71.98054,16.004553,7.394
18377164,70.997894,17.964085,6.1968
303435609,50.6273,16.543253,9.35067
303435730,50.608505,16.921442,9.3996
435938457,66.024,17.444132,4.6716
435938633,66.092804,17.078955,6.5224
303435544,50.723183,16.359745,8.3565
435938405,66.012665,17.553457,9.92378
242987520,59.79196,17.206953,9.1057
245831623,68.18217,16.236269,9.9357
60880058,66.52617,16.01417,9.0967
60880069,66.531525,16.038872,9.48634
242987445,59.79214,17.386734,9.76471
435938936,66.05327,16.378931,7.6696
245831726,68.208824,16.005836,8.1049
218167661,42.013462,16.732668,8.829
434157877,56.223366,16.86327,9.2742
436581414,71.266815,16.907957,8.58089
456863604,57.622658,17.529158,8.9784
456863621,57.5957,17.476368,6.9054
17409896,66.37243,17.927906,4.3251
242946306,58.74941,17.5879,9.37837
242946313,58.70302,17.607582,8.76484
435907364,64.65945,17.808481,8.00154
435907373,64.66086,17.841644,9.1301
435283402,52.81417,17.543442,9.79502
218167684,41.85462,17.209932,8.4397
456863507,57.656704,17.776638,8.60339
245861452,68.50914,16.739338,9.1785
17409889,66.35428,17.91535,9.8308
640818387,42.32401,17.463875,8.10799
243017272,60.909466,16.49035,9.9452
456890888,62.49898,17.258104,8.8113
435922772,65.60392,16.445423,9.8706
436589941,71.59226,16.645224,9.3378
436634182,71.994,17.577734,9.7182
242943198,58.5983,16.017252,9.8784
381370141,47.832962,16.79204,8.60991
389044257,62.032547,16.024733,8.25076
245907695,69.59915,16.371971,8.5935
436657541,72.9227,17.456375,8.7172
381362922,47.686344,16.677494,9.1574
381363274,47.66439,17.880379,8.909
381370319,47.849438,16.214808,9.7548
242967386,59.29866,16.914703,9.9982
242967445,59.321545,16.804543,9.3418
243030418,61.083508,16.624954,9.6212
59004063,57.29094,16.17592,9.073
389044275,62.04839,16.058022,9.3605
242966932,59.175957,17.695654,9.6606
397287406,68.090866,17.914757,9.6364
17383065,66.11209,17.89869,8.3992
59004151,57.234158,16.459457,6.7626
456890975,62.38747,17.49939,8.63599
436634381,71.95555,17.908453,9.39077
242966519,59.188366,16.567127,9.75133
456891141,62.50703,17.819733,9.18686
303504939,51.24325,16.054049,9.58231
348664451,61.958447,16.0199,9.4332
348664729,61.946968,16.790882,9.9674
389017262,61.42486,17.579308,8.3979
389017094,61.42921,17.19252,8.2495
389017547,61.684475,17.663435,7.93098
348664612,61.952663,16.437372,9.50341
348664642,61.977783,16.530613,7.50465
333602382,48.163082,16.147678,8.5971
348719811,62.5662,16.323833,8.8982
348720326,62.541096,17.625214,9.9938
348720632,62.652035,17.452925,9.5094
245794845,67.45052,17.677586,7.5258
333602826,48.240654,17.72441,9.805
435301319,54.03035,17.75224,9.2419
389045424,62.15972,17.218077,9.9801
434231475,63.603077,17.076748,9.1635
434232098,63.6271,17.064873,9.944
434231639,63.57296,17.48769,9.6018
60880419,66.53573,16.782776,8.9471
435338423,55.244366,17.164587,7.8229
60903392,66.630394,17.155031,6.2783
60903514,66.713066,17.028633,5.43163
60880242,66.54249,16.426117,9.9015
434231404,63.579002,16.863085,9.5481
242940550,58.29186,17.327085,5.6302
242940505,58.389614,16.6933,9.24021
435338351,55.213787,17.372873,8.75143
389045417,62.22491,17.233545,9.41655
245837540,68.4087,16.323338,6.4125
303474043,51.05965,17.549585,7.94629
303474044,51.061058,17.54881,8.92937
242940411,58.45244,16.088854,8.43196
435937611,65.86239,16.629404,7.80348
18754667,72.92091,17.90238,9.59907
435301299,54.069492,17.812042,8.30795
435912234,64.98766,17.757492,9.0481
436574061,70.96876,16.250687,9.0032
245794704,67.38169,17.893183,8.2175
245794718,67.37646,17.863165,6.4575
245800048,67.49053,16.67284,8.3222
435287173,53.025917,16.727997,8.1462
348720635,62.667084,17.448061,9.8399
434158388,56.31751,17.537292,7.3242
245939421,70.01664,17.201136,8.9562
435912240,64.98498,17.775755,7.5301
245940165,70.13205,17.388657,7.1552
436634413,72.117256,17.96171,8.6691
436635330,72.093575,16.585238,8.2446
245869001,68.896935,17.07332,8.86681
17309378,65.51834,17.930222,9.62744
245939662,70.01835,17.60967,8.9259
245869074,68.88905,16.963335,9.6658
59088080,66.16892,17.647032,9.79492
245790733,66.988304,16.043379,5.522
245824589,67.841354,17.652853,9.988
435286739,52.8519,17.811333,7.0595
303366781,50.08064,16.423702,8.2354
435283225,52.657063,17.835487,9.6651
435286744,52.85228,17.83179,9.9761
389018098,61.64232,16.457838,9.3133
435286567,52.918236,17.25171,9.1697
238347991,48.495052,17.888676,9.0581
435283116,52.591663,17.503258,9.279
242986882,59.69538,16.763317,8.9907
242986879,59.71798,16.758314,9.8624
113803203,47.26081,17.975605,8.79543
435293815,53.350567,17.359816,9.8549
435294041,53.53491,17.832829,5.3495
389045326,62.188904,17.437536,8.7726
389045395,62.1516,17.282198,9.529
434133969,55.89049,16.487728,9.098
243017531,60.971985,17.223024,9.7786
245939592,69.96742,17.489267,6.67263
436650522,72.66073,16.838917,9.3854
245939017,69.97392,16.521898,8.2495
245837508,68.342766,16.385956,9.3426
435293421,53.378,16.143242,8.74369
434133866,55.884983,16.828886,9.3167
435261764,52.27874,17.307793,9.1633
435261771,52.2623,17.292337,9.5701
303415809,50.39309,16.869556,9.9064
245792664,67.10988,16.359674,3.9814
245795107,67.41029,17.224972,9.0121
245795466,67.361694,16.564281,8.8131
245801076,67.70416,17.354427,8.7255
245824084,67.78699,16.767393,8.7417
245824127,67.7975,16.84992,8.6867
303415830,50.402596,16.915947,8.0307
245790876,67.08466,16.301105,6.7623
245791332,67.0391,17.101887,9.6291
245795521,67.38776,16.457453,8.55872
245801050,67.67234,17.401876,8.7298
245801053,67.65144,17.398346,7.54041
245792696,67.21175,16.289005,9.3537
303432813,50.509655,17.239967,9.9909
113920628,54.31549,17.90842,8.1929
245790973,67.045296,16.47094,9.6984
245792139,67.20124,17.28547,7.2787
435261633,52.325752,17.791992,9.47283
435308220,54.415535,16.989725,9.40533
435921535,65.38701,16.80296,8.68142
245837460,68.36949,16.458042,9.36216
245837605,68.421646,16.211813,9.6784
245795188,67.46457,17.080309,8.88408
245800837,67.60456,17.78602,9.34387
245800910,67.686356,17.654402,9.778
245795626,67.379105,16.244785,9.2392
245824893,67.90463,17.7097,8.6371
435308289,54.436325,17.20096,9.13231
245791781,67.159454,17.932331,9.34681
245795176,67.4407,17.106112,9.71646
435308300,54.419647,17.226532,9.71345
435261446,52.109985,17.449682,9.1088
435261455,52.08905,17.486538,9.6614
59005238,57.41679,16.687984,9.6935
245901013,69.441154,17.387823,9.2513
245901139,69.40225,17.138115,9.9213
435883876,64.59164,17.42164,8.8969
435907228,64.69812,17.538025,9.82512
435283366,52.75819,17.644737,9.2788
14107856,59.051144,17.950497,9.838
435906815,64.70434,16.601223,9.7508
245901589,69.37194,16.445961,9.9583
245824543,67.813255,17.557205,7.34843
245867954,68.74422,16.994684,6.12135
245868070,68.75987,17.201231,4.6501
311152125,61.6184,16.548325,9.8257
245868563,68.83651,17.817951,7.362
436567684,70.74374,17.311146,6.49321
436568247,70.92393,17.673136,9.4796
242983124,59.53383,17.403507,8.2685
242983684,59.65372,16.861694,9.5655
303411988,50.21781,16.207684,8.78232
303412268,50.16477,17.059753,9.6707
303412344,50.190742,17.300962,9.8155
242986601,59.75856,16.049397,9.8309
242986617,59.7522,16.083282,8.9476
242986872,59.74031,16.734232,9.5064
311152222,61.53154,16.844162,8.9219
311152590,61.57752,17.85714,7.9154
434227248,63.295666,16.766834,8.5375
242986934,59.731155,16.903423,8.1885
242986999,59.68347,17.119041,7.8228
311152311,61.56758,17.120544,9.7507
303412031,50.135715,16.332987,8.81479
311152065,61.631878,16.35813,8.88615
435938630,66.073944,17.08313,9.93756
303435892,50.63624,17.459623,8.7385
435938567,65.98949,17.22298,9.3414
242942743,58.652634,17.343716,8.19825
435294199,53.54225,17.331675,9.25466
389045392,62.206264,17.291658,7.54481
436634505,72.14708,17.806604,7.6318
436664483,72.96175,17.690884,8.50123
435293807,53.412334,17.329254,8.0137
389044637,62.046223,16.873089,9.90798
242942609,58.601536,17.746923,9.42372
434133990,55.839157,16.4204,7.70699
114087596,55.67442,17.919575,9.8544
245873521,69.0563,16.047045,9.9159
91438118,44.555103,17.919456,9.1273
26124716,53.79567,17.982851,9.5015
242946538,58.822227,17.622976,9.2426
434227731,63.401585,17.724884,9.5765
245785752,66.93418,17.739408,8.0121
435286175,52.877533,16.014687,8.8193
242946534,58.858566,17.632652,6.77059
58961509,57.002235,17.80579,9.7277
303524838,51.576614,17.152048,8.6833
348661238,61.85079,17.12525,9.9983
435304657,54.180946,17.28112,9.3536
435304844,54.10593,17.895624,9.8487
60876162,66.355484,16.264133,9.00852
333674100,49.26718,16.541325,8.3329
333674134,49.356472,16.411352,9.9742
434136610,55.946945,16.561497,9.3219
435304918,54.261395,17.77169,8.9626
435305343,54.257378,16.541464,9.0789
435305105,54.217552,17.222946,8.1294
59087638,66.11803,16.886168,7.2459
242982786,59.450275,16.373152,9.18641
242982945,59.449436,16.81678,9.47202
245786317,66.92297,16.725048,9.78713
435907579,64.78336,17.524755,7.8073
242946728,58.820805,17.1205,9.26483
436574558,71.03248,17.085342,9.54567
242983574,59.56874,17.10401,8.72328
242983863,59.647106,16.384811,9.12354
245824348,67.82476,17.271091,8.97409
245825148,67.95104,17.208202,8.83556
245830383,68.082214,17.27492,9.74811
245786710,66.90464,16.029873,9.51996
640388633,58.85787,17.631746,9.62582
660040240,61.996845,17.34099,9.23502
245819621,67.644066,16.40598,9.9272
245819700,67.682,16.248144,9.3462
245819753,67.68771,16.122734,9.4293
245825398,67.92915,16.815792,9.72846
242983822,59.55014,16.494883,8.97171
245825311,67.946106,16.943272,9.56444
245819605,67.64775,16.431297,9.6097
434158308,56.42113,17.738445,9.9256
245799764,67.52184,16.1717,5.2181
245829882,68.0712,16.336369,9.1534
245862580,68.61383,17.161543,9.7399
435280110,52.473904,16.487972,9.8947
434158737,56.321465,16.403215,9.2317
434158812,56.40339,16.193861,9.4086
435301851,53.963303,16.077818,9.9524
242942981,58.619877,16.62571,9.0896
245824693,67.76735,17.827307,9.8506
302500937,47.576565,16.107529,9.4804
434158296,56.415627,17.788994,9.66216
242942985,58.616806,16.616053,6.1706
245819720,67.64014,16.194017,4.6496
245819740,67.69499,16.148684,6.0788
434158784,56.39509,16.262905,7.52991
242943170,58.656525,16.122364,9.97313
435304480,54.129032,16.678288,9.06245
435304888,54.265083,17.849651,9.58917
435304808,54.18737,17.767382,9.52935
302461957,47.4251,17.660908,8.23092
435305281,54.255287,16.735847,9.82526
333674156,49.29108,16.337492,9.94603
435927191,65.79167,17.65185,9.3949
435926868,65.73376,17.542515,2.9288
389084711,63.174343,17.750916,9.1318
389084934,63.130642,17.27746,5.16761
435926812,65.71737,17.44293,9.3496
389084674,63.158943,17.834658,7.11294
435927448,65.801834,17.197266,9.1999
435927577,65.81909,16.925789,9.4501
114027105,55.050335,17.928204,9.3886
435312600,54.796555,16.734718,8.7951
435927648,65.85443,16.777266,5.3842
435903398,64.5803,16.088331,8.6988
435926770,65.67993,17.35525,8.3577
245830762,68.16769,17.86152,8.3773
242946111,58.67465,16.961876,9.3516
435334037,54.857304,16.536688,5.36548
435334156,54.90304,16.880518,8.5522
435334277,54.840195,17.20779,8.5348
434166045,56.89276,16.705925,7.3499
389085366,63.17843,16.271494,9.3853
435333913,54.926968,16.178543,8.8663
434165336,56.698547,16.927479,9.7197
434165732,56.8788,17.6731,9.2778
435334500,54.851013,17.888765,8.656
434165101,56.73758,16.182133,9.91
389054200,62.769142,17.176136,8.28422
245836275,68.26842,17.343376,9.5789
389054264,62.787643,17.35977,9.9166
245836489,68.31038,17.70213,9.4042
435879054,64.29864,17.614939,9.9452
389054374,62.841442,17.616058,8.0504
389054778,62.91532,17.249388,7.36267
245836501,68.250786,17.727034,8.9793
245945647,70.233826,17.28959,9.4789
436641868,72.18979,17.504673,8.7172
245913775,69.834435,16.754114,6.2887
245913845,69.84878,16.64363,7.7248
436641792,72.28846,17.395,8.1529
436656223,72.77532,16.442125,9.2527
436657246,72.87535,17.873714,9.2025
436657603,72.82539,17.365576,8.20594
436657654,72.91243,17.296486,9.7516
245945166,70.21243,16.332047,8.832
245945982,70.314445,17.852715,9.8369
435334358,54.899162,17.44726,9.07628
242946125,58.77709,16.998478,8.1849
435912764,65.03657,17.016438,9.6003
348720871,62.736042,16.802156,9.7467
434260027,64.20287,16.214388,5.63227
67785115,56.046173,17.942701,9.5143
348720881,62.64587,16.770863,8.0075
434259899,64.2149,16.511831,8.1118
388979363,57.705692,16.880999,8.9669
434258906,64.01558,16.856316,9.1332
434259237,64.04821,17.698524,9.9738
435258339,52.0682,16.835653,9.0485
402215292,62.42387,17.97389,9.30861
434259230,64.00362,17.677742,9.63369
435258078,52.040405,17.679625,9.5952
435917041,65.22095,17.495983,9.5112
435917063,65.16798,17.549955,9.8181
58957900,51.67475,17.024881,8.8864
435290310,53.180756,17.666166,8.99341
435338083,55.108845,17.650105,9.2181
245836893,68.42361,17.438957,9.7923
435290284,53.111485,17.61279,7.70691
435290852,53.23972,16.598429,6.5639
434136656,56.05118,16.706085,9.23469
434137135,56.14314,17.74738,8.84348
333600148,48.103718,16.516733,7.19605
434136446,55.968246,16.022022,8.15463
434137564,56.071682,16.42753,8.2319
435916784,65.13805,16.922955,9.86234
434137120,56.055035,17.813623,9.9385
434137536,56.060593,16.50683,9.93185
435290315,53.10716,17.685883,9.67809
640358517,58.61594,16.615664,9.4891
435917228,65.18088,17.940382,9.7754
435286356,52.899475,16.5734,9.8118
389045895,62.136852,16.233868,8.3416
389045964,62.187668,16.123152,7.9035
245837275,68.408195,16.762499,8.6051
435879476,64.36448,16.590654,7.91394
245837423,68.36744,16.515734,9.24515
435879124,64.30965,17.441294,9.39785
435937796,65.89316,17.047176,9.68955
303337220,12.481891,16.101969,9.7064
434161367,56.453754,16.11014,9.4231
434161437,56.533314,16.292164,9.77
434161450,56.465286,16.334301,8.7369
434161749,56.481773,17.243567,9.804
434161497,56.44819,16.469751,8.4972
434161845,56.53282,17.533245,9.6038
60880314,66.51848,16.566721,9.651
242940559,58.399338,17.081114,9.4245
242940591,58.284065,17.53872,8.8785
435338722,55.256973,16.273008,9.639
60880444,66.52995,16.82945,9.3062
60901107,66.56121,16.880709,9.8799
303337108,12.527662,16.573109,8.9522
302451651,47.194977,17.755993,7.4261
435308120,54.42765,16.699345,9.8705
58961423,57.04858,17.575535,9.5257
381360549,46.96135,16.073227,8.35312
435257588,51.90878,16.662983,7.8317
303290296,11.968366,16.959179,8.5013
333138350,11.853598,16.11239,9.2358
414960107,15.539248,17.640171,8.6485
434162643,56.582275,16.013607,8.926
15757189,61.415314,17.937712,8.4871
435335024,55.001293,16.360188,8.25715
303524261,51.37894,17.142605,8.8134
434161494,56.494335,16.46861,9.79145
434162007,56.60632,17.917698,9.2949
434161671,56.52702,17.006632,9.496
414960166,15.590866,17.847456,9.7194
414960117,15.547796,17.68345,9.2912
434162524,56.58562,16.374134,7.80298
434162425,56.612137,16.65129,9.69623
303336448,12.372987,16.63827,9.9696
333136751,11.722062,16.050745,9.77942
218169580,41.855755,17.263805,8.879
287970013,21.458694,16.90915,9.3529
218291318,42.323166,17.464314,5.41553
620195161,27.13823,16.30633,9.9661
381413762,49.762077,16.90561,8.7787
303473651,50.867565,17.159327,8.90555
303503721,51.104404,16.29512,9.2431
303504038,51.103752,17.213562,9.1762
242963239,59.091843,17.2705,9.7135
243013303,60.658127,17.344389,8.4425
243013515,60.716423,17.93053,8.5882
440701053,58.035496,17.956045,9.5838
114027068,54.959908,17.97424,8.9234
435301621,53.95735,16.800673,9.2268
242963327,59.09632,17.029325,9.1813
242963663,59.107204,16.032236,8.8969
348665357,62.29427,17.485594,9.461
59004769,57.339108,17.813963,7.1177
59004798,57.33852,17.739408,8.1315
348664964,61.997574,17.339897,4.47843
333655537,49.042114,16.811737,9.4978
348664617,61.895447,16.452707,9.0143
59004914,57.352303,17.470026,9.5603
348664634,61.929996,16.51879,8.9806
302501370,47.521038,17.535143,9.2002
348665489,62.34359,17.162144,8.46496
245800911,67.617805,17.651653,9.9541
435261699,52.334747,17.533987,9.0891
435921699,65.41602,17.10954,6.8074
435921724,65.41721,17.154818,9.083
435921918,65.36635,17.576311,7.3428
435922433,65.59765,17.244894,8.8511
245791492,66.98514,17.43536,9.9428
245794957,67.380196,17.487183,8.94473
218169506,42.051434,16.27441,7.7636
218232212,42.082253,17.509386,4.556
52158851,41.023777,16.974045,9.919
59041071,57.42919,17.550617,9.7849
434129475,55.526917,16.956026,7.784
456864019,57.56951,16.438114,9.3118
59041723,60.001667,16.686174,8.856
435300975,53.936462,17.021294,9.533
434129980,55.603813,17.35355,9.3826
434130345,55.610325,16.361725,9.4635
434129425,55.48404,16.774847,9.7783
434129464,55.53669,16.910168,9.4914
302202802,9.425006,16.142763,9.6949
381407549,48.938797,16.09247,8.9229
303412766,50.34071,17.25533,8.4523
381373177,48.826183,17.907585,8.257
435294336,53.465534,16.851608,9.1344
389053776,62.848343,16.115423,8.0224
389053989,62.764156,16.646984,6.5352
303412806,50.254623,17.150595,9.9516
435311643,54.641823,16.378822,8.08651
435312193,54.63564,17.936033,9.0364
381373188,48.835228,17.959538,9.791
381348342,46.856968,17.879992,6.26552
435300696,53.877514,16.213104,9.62878
434129596,55.457916,17.334915,9.9832
434129813,55.602295,17.87164,8.282
434130112,55.56558,17.013498,9.55504
258844930,14.89835,16.114239,7.92884
381372663,48.77704,16.255274,7.90305
435311791,54.58121,16.784887,9.30567
59041654,59.942654,16.861908,9.91005
434129859,55.590523,17.714718,9.76845
434130008,55.653595,17.293531,6.4611
456863710,57.604027,17.24651,8.6422
456863985,57.618374,16.520872,9.86281
456864183,57.55507,16.000353,8.12145
303473512,50.968876,16.721355,8.10107
435301724,54.01316,16.46747,7.1066
243013767,60.843185,17.274189,9.17601
435290184,53.153004,17.268969,9.28149
242962343,58.959373,16.142765,9.29343
242963326,59.04376,17.03341,9.4509
218291277,42.51555,17.100407,9.0004
242963578,59.09722,16.255463,9.29961
389007061,61.33206,17.672241,8.86593
303473555,50.978527,16.850988,9.9963
242963615,59.125557,16.163149,9.81554
303473328,50.91297,16.138775,9.92065
242962712,59.017517,17.149632,9.951
381229552,18.638292,16.21673,9.3523
52175615,41.283627,17.759083,9.5328
52176045,41.193115,16.305283,9.5863
52207436,41.42953,17.021185,5.9761
218169582,41.89,17.282335,9.37783
389006638,57.95208,17.203047,7.7764
381229463,18.622293,16.597672,9.7472
52175519,41.079636,17.763926,5.44018
389006617,57.937504,17.164236,7.8836
218291320,42.369125,17.421812,9.6585
333563738,47.878574,17.854675,9.8182
52207335,41.412655,16.6615,9.883
384882366,16.352825,17.685215,7.8945
384882499,16.3046,16.886591,8.991
302451073,47.104588,16.172466,9.7389
384882141,16.194818,17.240238,9.9262
435296996,53.612976,16.11085,8.946
336767587,13.922593,17.112528,9.7296
384882599,16.390627,16.243917,9.1963
381229572,18.618744,16.145552,9.6244
218169579,41.83451,17.284323,8.39725
218169616,41.922718,17.717321,9.33844
218291189,42.370075,16.653435,9.77945
414960351,15.655779,17.097866,8.90039
435297863,53.764935,17.225195,9.42766
435298027,53.82418,16.71575,9.8348
435297684,53.743935,17.710571,9.42923
435298214,53.70534,16.127445,8.08317
384882026,16.157991,16.650757,9.90018
435297106,53.699135,16.489721,9.80027
218232149,42.267357,16.12279,8.2601
218169489,41.993374,16.149395,9.5931
218232099,42.123894,16.72135,8.6942
218232162,42.27359,16.22765,8.9159
218232194,42.135864,17.114298,7.93306
218169484,42.00561,16.067806,9.46397
435258239,52.038116,17.167528,7.88228
434136638,55.93853,16.667269,8.86907
434136640,55.969017,16.67203,8.27428
303319663,12.197684,16.722193,9.1218
303319807,12.282033,16.063675,8.9777
243173432,16.429405,17.915735,8.00105
257998537,44.62032,17.341625,8.4488
257998340,44.478428,17.813398,5.91211
430313571,25.200556,17.461836,8.1353
52207951,41.453117,17.103565,9.7605
430313293,25.261059,16.196741,9.9804
303319049,12.054809,16.670942,9.2838
258779266,14.733319,16.088535,9.5064
58901040,46.205505,17.260448,9.53667
58957491,46.62347,17.608418,8.6441
52208189,41.534485,16.339222,9.1323
52207662,41.322,17.782253,9.69674
258750582,10.114331,16.57973,7.6542
258750587,10.164917,16.55679,9.50528
258750668,10.126964,16.282509,8.92499
430313366,25.304111,16.514385,8.2531
430313648,25.285862,17.873823,9.5868
52207718,41.466503,17.945068,9.08133
257998141,44.473145,16.966993,9.9874
381245992,19.04971,17.634584,6.9449
381246132,19.197369,17.627443,8.678
257870284,43.240105,17.478409,8.8748
381245822,19.055782,16.827614,6.1573
381246083,19.213211,17.810873,9.089
218167695,41.92708,17.301376,8.0213
247405484,41.901714,17.993797,9.9253
243212288,46.115124,17.70265,9.9482
246979432,36.34624,17.87127,9.7281
257870202,43.167984,17.111555,9.73486
426484566,49.054386,17.969866,9.9007
381245794,19.078718,16.751165,9.8943
114063007,55.443745,17.991713,9.28484
257870337,43.221264,17.645184,9.56843
381245640,19.067348,16.166546,7.465
381246070,19.157997,17.885242,8.5652
257867707,43.113167,17.188574,9.22792
257870052,43.245895,16.4932,9.89857
435279267,52.427357,16.762327,7.0623
303319608,12.244615,16.940645,4.5699
399516443,21.53918,17.892328,7.7819
218353055,42.96819,16.497715,5.9209
399516292,21.57331,17.126423,7.3003
399516389,21.52598,17.627699,9.3996
405338881,22.015682,16.324068,9.9906
336815582,21.709057,17.705954,8.756
399516450,21.554144,17.916754,9.3301
333130777,11.603153,16.605701,9.63597
47067158,23.013031,16.94723,5.9574
47067036,22.978573,16.046957,6.95731
47067297,23.024038,17.890955,9.3425
47067494,23.180204,16.97108,8.1321
58954175,46.38421,17.568613,9.5414
258024554,44.802334,17.44678,9.294
414890232,14.632248,16.313646,6.96783
47067319,23.09136,17.891071,9.6889
47067444,23.080458,17.23487,7.324
58954200,46.31111,17.635414,7.3319
257962613,44.25683,17.616142,9.7328
257962685,44.21606,17.845016,9.5565
258024370,44.66942,17.793104,9.143
47067161,23.007725,16.963243,9.4964
414890537,14.597069,17.715117,9.6042
411612729,20.090786,17.9168,9.5858
258778547,10.719791,16.662462,5.57098
246979436,36.32611,17.935303,9.27903
246982567,36.509483,17.987167,7.0918
408643824,36.029736,16.754581,9.8902
408745938,36.84546,17.813276,9.9476
336777603,14.174872,16.873552,9.7325
58798503,9.585881,16.133175,9.0215
336777402,14.167598,17.959814,7.8076
336777668,14.151748,16.5696,9.70138
336777433,14.187208,17.726036,8.09529
408746212,36.883713,16.64351,6.8594
408672210,36.15003,16.78805,9.35064
408672421,36.15803,17.899755,9.10215
408672645,36.281467,16.89511,9.50755
408746329,36.945534,16.124863,8.86758
408260802,17.942272,17.72892,9.425
218234050,42.07337,17.442448,8.88279
91418951,44.29684,17.926971,7.4024
435283837,52.75934,16.140574,9.9608
26055691,52.838017,17.938173,5.3402
58871672,33.66759,16.77136,9.6715
126998856,23.306318,17.91688,9.2425
257927822,44.120136,16.84235,9.15589
257962523,44.25639,17.239494,8.7768
258024336,44.661243,17.676922,8.443
58957574,46.582966,17.858816,9.65967
303436460,50.77513,16.574905,6.9886
303436467,50.82887,16.56573,6.8496
435283542,52.742924,17.092281,8.8452
303436236,50.741756,17.324993,9.8656
399516250,21.465576,16.939915,8.60206
387009873,22.808271,17.152079,7.2361
387009905,22.71666,16.992556,9.25577
399516112,21.535837,16.157097,8.93187
303436358,50.756405,16.933094,9.7089
303339838,12.765749,17.371307,9.1039
384886878,16.773455,17.128736,9.6689
258778947,14.663891,17.532103,9.395
303436168,50.80407,17.538912,9.5037
435262097,52.331615,16.19836,7.91739
387009893,22.736456,17.035185,9.73391
246979427,36.213905,17.894844,9.89323
408672307,36.135418,17.328629,9.9353
408672442,36.262455,17.891512,9.88714
408672649,36.25792,16.865173,9.678
405374587,23.980797,16.059958,9.84962
381456198,49.95456,16.412313,9.4114
333704422,49.56345,16.581322,8.9535
381456134,49.914597,16.173532,9.8315
333563241,47.98478,16.165987,5.9548
434132911,55.77217,16.222832,8.6783
59040907,57.484283,17.131817,8.24493
435283726,52.723885,16.465637,8.3449
303339422,12.657754,16.98971,7.9823
258779080,14.754458,16.907282,8.93836
405369789,23.859592,16.33739,9.12122
218233936,42.106495,16.198156,8.92186
218233955,42.15079,16.415255,9.4169
435287054,53.037403,17.167542,9.6894
381347800,46.82292,16.07751,8.94812
333704536,49.54421,16.174587,9.86559
434133038,55.738644,16.626066,9.71443
408627749,35.836674,17.619314,9.6099
408765715,37.45056,16.046926,6.2536
408237522,17.019152,16.404955,9.2169
243201775,45.415092,17.942291,6.8667
257918511,43.781578,17.616863,9.9243
243209016,46.005646,17.60767,9.5519
218169497,41.879948,16.323515,8.32926
258030387,45.012592,16.901781,9.3613
243201885,45.52829,17.558554,9.2753
408237417,17.074614,16.9984,9.8793
408237563,17.046673,16.21638,9.8754
257918609,43.817856,17.89171,8.1752
408237375,17.021849,17.1867,8.9283
287969949,21.355333,17.267689,9.4287
218089676,41.5818,17.178488,9.77275
408239040,17.127089,16.286674,9.81814
456858189,20.247063,17.911232,9.8589
243202362,45.439613,16.027225,9.81202
257918546,43.730007,17.734741,6.7227
408237293,17.120703,17.653801,7.91624
243205442,45.72318,17.565557,8.5158
258024278,44.69175,17.513117,9.0394
257888571,43.463135,17.542719,9.63481
438264885,46.263435,17.97268,9.68008
408743281,36.586536,16.456135,9.6889
408745637,36.795517,16.539019,8.2212
408745799,36.80508,17.397161,9.373
47138817,23.712107,17.512608,8.9507
47118125,23.53801,16.134653,9.7495
47118789,23.644684,16.346725,8.6014
381343573,22.810656,17.946995,8.7015
408743696,36.67926,17.598051,8.17533
47118360,23.547972,17.38602,9.4494
47118673,23.574219,16.930866,9.90256
61084001,38.359936,17.980959,9.91318
408252672,17.57924,16.592936,9.1082
408252674,17.585009,16.591887,8.7202
218293073,42.499283,16.927402,9.5493
218293123,42.78626,16.924255,8.1682
414808999,13.3883095,16.64482,9.1994
414809182,13.352286,17.48414,9.623
381345308,46.66517,17.3859,9.65196
408251143,17.307909,17.918072,9.85513
381345288,46.67753,17.478035,8.4388
414808915,13.278961,16.176668,9.4557
47165377,25.598011,16.737001,9.4288
414809014,13.387946,16.705282,9.8992
218293162,42.481705,17.578033,8.80207
408251015,17.168163,17.2426,9.1985
333166792,11.834179,17.398067,9.9569
414808929,13.337959,16.251736,9.7236
384880998,16.00782,17.47163,7.5014
247018984,38.67985,17.996979,7.9804
52067750,39.960464,16.055082,9.7627
381243473,18.832047,17.52555,9.6986
381243536,18.825788,17.79592,9.9982
381245946,19.007076,17.38005,9.2274
385141028,21.089598,17.608568,8.1965
384881018,15.972248,17.591988,9.824
385141431,21.116152,16.238693,9.7042
381243604,18.976452,17.723127,8.96082
385114280,20.402227,16.691582,9.48125
381245646,18.983381,16.190052,7.6564
52067554,40.03757,16.726912,7.62701
61084022,39.200733,17.931244,8.65543
385113698,20.306828,16.38679,9.78795
385113906,20.28717,17.431767,9.5566
385141239,21.178082,17.171833,9.9645
408290775,18.531778,16.133492,6.0566
404673725,28.879879,17.189363,5.1858
620136267,37.095245,17.366129,8.5801
426448281,40.20093,17.87172,9.8689
408818218,38.277172,17.72072,8.8804
408818378,38.357384,17.29364,8.2882
408818435,38.39262,16.971607,9.5888
52098010,40.510033,17.757113,6.71372
388939141,39.648666,17.441404,9.8861
388976450,39.627083,16.897627,9.8684
388976457,39.67053,16.871927,9.1719
408836250,39.327854,17.2667,9.9196
408836333,39.414722,16.930538,9.4455
52123275,40.469,16.845032,9.2144
333114903,11.285825,16.782652,9.407
381248974,19.416525,16.832342,9.6464
381249133,19.451067,16.241318,9.0872
385082284,19.873838,17.429935,9.291
58843057,19.57214,16.696732,9.1729
405338195,21.956781,16.702488,5.6702
381249103,19.371294,16.3541,8.32643
385082517,19.916819,16.393282,9.29619
58842955,19.541185,17.159887,9.20401
58874283,35.35186,17.156002,9.59877
408836353,39.36603,16.824675,9.03257
58858675,20.674612,16.306852,9.13707
52126071,40.584732,16.959055,7.7316
52126238,40.609997,17.442211,9.33096
385082206,19.906923,17.77579,9.7841
385082278,19.873682,17.484451,9.7099
385082359,19.863205,17.024086,9.63031
408818196,38.22704,17.623129,9.94638
408836411,39.410843,16.535717,9.5543
408836481,39.38038,16.16089,9.93116
408809284,37.98204,17.84138,9.96496
333115038,11.204755,16.063425,9.52597
408627467,35.70123,16.919998,9.818
257888855,43.546284,17.172197,9.875
414828046,13.796342,17.555706,9.1309
257562315,22.68968,16.582466,8.2738
257870561,43.36555,17.30568,9.692
257870593,43.29217,17.221003,9.1218
257888852,43.63514,17.185225,9.2661
385143209,21.329638,16.257057,5.4235
58871469,33.679626,17.62208,8.16477
58871507,33.690544,17.473911,8.2247
408598738,34.98751,16.235893,7.8886
408627352,35.706036,16.281574,9.8134
381348447,46.961094,17.612957,7.6213
333654783,48.68486,16.595575,7.1411
381348346,46.85633,17.909332,9.53
408627564,35.719913,17.398897,8.6207
408627769,35.85692,17.544195,8.5559
52067565,40.00459,16.68978,9.7008
336799803,16.089722,17.635302,9.6877
52092329,40.259926,16.683851,9.4329
52092420,40.291412,16.543669,9.44246
408748248,36.97711,17.33339,9.2496
408765629,37.33465,16.461994,9.56536
52125829,40.59569,16.174198,9.9954
52158439,40.912407,17.54849,5.1779
268151338,22.950115,17.364872,8.5427
384880770,15.977724,16.168192,9.1304
47147406,25.345837,16.26003,7.6689
414827734,13.81805,16.21093,8.1232
257562026,22.676182,17.850258,9.8857
257562240,22.673243,16.879734,9.1532
257886083,43.29873,16.483463,5.86586
414828178,14.431915,17.770325,9.54
414828420,14.406617,16.569088,9.8983
336799874,16.12887,17.21022,9.7546
333654772,48.643627,16.56162,9.93996
414827885,13.783858,16.910028,7.73906
414828097,13.832969,17.807608,9.1099
257562385,22.586042,16.222332,9.41622
257886037,43.323532,16.643589,9.57562
333627061,48.637623,16.216251,9.5709
60999454,37.643417,17.985008,9.6312
268151389,22.829674,17.565481,8.2406
408627755,35.748367,17.597889,7.28742
268151090,22.903378,16.345213,9.2126
268151145,22.831722,16.587385,9.18305
408627300,35.681885,16.017782,9.09965
408627340,35.659916,16.208609,9.04487
52090857,40.18035,16.596123,9.12912
52092618,40.195103,16.20141,9.14961
52159113,40.95466,16.103947,8.00237
404738120,30.618408,16.269657,6.0009
384884849,16.625114,16.493538,9.4623
405341032,22.127302,16.89964,8.0507
408290550,18.604399,17.104004,9.6772
385117914,20.889477,16.433167,7.9028
336813996,17.767326,16.777225,7.0866
385117852,20.886723,16.738434,8.5102
405338212,21.887081,16.787825,7.2849
405338869,22.020626,16.38426,9.5445
405341081,22.101522,17.079262,6.1206
384884605,16.54198,17.734892,8.43992
384884826,16.622875,16.614113,8.9665
384884879,16.640942,16.363274,8.6895
384884894,16.593746,16.314138,8.17621
408290683,18.495277,16.494522,8.6614
408290783,18.557638,16.114754,9.8669
426148105,33.271255,16.085485,8.68097
246969930,35.352528,17.942688,9.69317
405340904,22.124657,16.420124,9.96804
384884624,16.590921,17.622782,9.5345
97476825,33.588215,17.079447,9.94608
97476943,33.61341,17.614748,9.81668
97307780,31.454433,17.492926,6.8643
404629088,27.909348,16.398901,6.508
404631088,27.972033,16.858776,9.3791
404628811,27.857985,17.687523,9.4854
58796584,9.551173,16.304337,9.921
404628940,27.813324,17.100447,9.98089
408779604,37.726654,17.70386,5.3699
385116167,20.592754,16.825657,6.05974
384889149,16.999033,17.776955,8.1663
385111392,20.057062,16.504503,7.4402
97400693,32.74562,17.547161,8.1424
408595299,34.763657,17.32169,8.9927
408779555,37.757416,17.450409,9.5172
408779671,37.893417,17.864878,9.4751
408779830,37.923,17.132744,9.9606
52126725,40.794724,16.722416,8.2464
385111382,20.009584,16.441795,9.6829
385116067,20.480154,16.23303,9.8906
97400561,32.61835,17.737144,9.0674
408595253,34.839653,17.513435,8.8075
408595256,34.746567,17.498022,9.8963
97401026,32.696804,16.214148,9.0902
408568131,33.89702,16.195036,6.81454
306205429,30.362906,17.99947,8.3109
404711720,29.697878,17.025843,7.27049
404711503,29.721155,16.000488,9.4477
404711622,29.674526,16.539095,9.4396
52126386,40.729618,17.90404,9.5309
404629106,27.8625,16.348131,9.2568
404629029,27.812267,16.686718,9.9409
385116097,20.474176,16.383429,8.4442
97400842,32.717567,16.992464,9.14684
97400168,32.528614,16.020119,9.1943
97400978,32.726063,16.384438,9.065
408595231,34.804905,17.642004,8.69174
408779743,37.8856,17.54376,8.55032
97400728,32.710484,17.42515,9.8345
414806888,13.218013,17.2606,9.6522
408643340,35.875706,16.729498,8.12506
52126646,40.74741,17.006832,9.71992
52126281,40.59494,17.60079,8.77974
52126307,40.655903,17.7142,9.44504
404711810,29.764706,17.463192,9.8504
404711583,29.702253,16.366796,9.8065
58869108,24.813385,16.625484,6.0205
414922303,15.188287,16.948473,9.9702
58868924,24.784903,17.5919,8.8073
126981896,24.278969,17.333399,9.4896
126982020,24.264635,16.835949,9.1976
436550827,14.205125,17.959824,8.2534
414922095,15.086789,17.891127,9.8812
414922205,15.165236,17.466858,7.8513
47139209,24.920076,16.405853,5.01381
126982030,24.260223,16.794191,8.6723
126984218,24.416998,17.346004,8.4117
414922146,15.223222,17.733578,9.8057
47139173,24.852978,16.607676,9.5867
126984335,24.362797,17.846743,9.8872
414922359,15.219348,16.660782,8.6653
58868990,24.73418,17.226688,8.18487
126982085,24.224546,16.563587,9.71731
126983952,24.332203,16.11274,9.51246
126984162,24.392654,17.069775,9.9121
126981888,24.245617,17.36888,9.7393
47168418,25.720663,16.071712,9.895
385117247,20.787554,16.3017,7.1003
47164978,25.61499,17.762283,9.5576
47168436,25.75902,16.126913,9.8691
404714159,30.125986,17.582283,9.1383
404714203,30.089079,17.302382,9.7588
385117613,20.96196,17.818346,6.1698
385117369,20.762297,16.837494,9.6847
404714380,30.028809,16.45686,9.2569
97346699,31.967169,16.88056,9.9048
58825887,12.963109,16.716686,6.9526
246939011,34.390625,17.932438,8.3709
404716352,30.376562,17.95386,5.0972
404735716,30.287445,16.662363,9.282
404735632,30.280596,17.098585,9.2539
404646014,28.336462,16.36571,9.4251
97346658,31.908775,17.075811,8.9041
91374907,28.891897,17.961937,9.9036
384884373,16.439693,17.086807,8.8386
97306633,31.382523,16.024208,9.8458
97306834,31.285645,16.387634,9.5599
97346451,31.777008,17.938847,9.98118
404645727,28.334036,17.066824,7.80851
404735740,30.290632,16.565151,7.1837
408588034,34.311882,17.785957,9.0064
97429443,33.123608,16.70058,7.61838
405248729,10.601264,16.796183,9.7357
414807011,13.259089,16.705154,8.2503
414921972,15.088245,17.22637,6.3907
408765505,37.38085,17.08906,9.9777
58900185,36.382515,16.94947,8.4398
336813972,17.795908,16.672028,8.5771
58900514,36.463734,17.54446,9.9653
414825662,13.65012,17.317741,9.7359
384889170,16.98555,17.941042,9.403
414825479,13.627442,17.575502,9.5513
88726785,25.861504,16.661797,9.3511
113711618,25.705307,17.998558,9.48
243153775,15.7980385,17.93115,9.4357
414921898,15.1205,16.921928,9.67509
384889096,16.985,17.412266,7.34776
336813947,17.790295,16.56562,8.56547
384881946,16.229769,16.242239,5.4245
408568216,33.886444,16.72088,8.5319
404714023,29.909662,17.564342,9.8687
58871102,29.500772,16.790672,9.85874
58871281,29.515635,17.539038,7.4196
58871382,29.452433,17.958935,9.357
426147731,33.280575,17.607552,9.8664
426147953,33.321575,16.735125,9.67462
414825819,13.752244,16.567331,8.4388
385143493,21.322796,17.582981,9.6914
381251102,30.897278,16.543598,8.967
404737937,30.57758,17.055006,9.7737
404738038,30.584402,16.616436,9.6198
404740116,30.848097,17.159134,9.5579
404688945,29.357164,16.352337,9.6449
404740108,30.890041,17.203117,8.39
381248642,19.290411,17.793531,8.1656
404688565,29.261572,17.812977,7.8455
97327659,31.634632,17.455235,9.7931
385143472,21.26099,17.441555,9.56209
404739745,30.711775,16.6647,8.94596
404673453,28.689754,17.46716,8.6507
381248590,19.30161,17.552279,9.9568
404688620,29.337725,17.817524,4.26366
97307918,31.397772,17.161898,9.5632
97308239,31.473797,16.26565,9.7585
336799341,14.350052,16.15705,7.8182
404675755,28.938068,16.215551,9.131
404688433,29.204727,17.25221,8.5898
404688596,29.248175,17.961624,9.5008
404740000,30.86155,17.889757,9.2677
404740035,30.831766,17.647038,9.3734
97327738,31.64894,17.084248,8.2497
408597617,34.93293,17.039352,9.2281
97429183,33.23744,17.851543,9.8848
47165558,25.600069,16.20842,9.6267
47094342,23.320055,16.236832,8.0206
47094718,23.446486,17.685263,6.8224
97405982,32.939407,16.92349,9.5609
408809547,38.193497,16.81019,9.5796
97369277,32.376194,16.222761,9.9842
47094732,23.377262,17.646774,7.7322
97405851,32.97268,17.476542,8.5661
268126601,11.415549,16.826456,9.9245
384886924,16.735397,17.333904,8.9376
47094919,23.329775,16.7175,8.918
404716022,30.18975,16.27227,9.886
97406142,32.88701,16.233488,9.1326
405374766,23.968828,16.724472,9.3395
88776473,26.791544,17.288168,8.2235
88776821,26.854559,17.366922,8.0885
58799125,12.795488,16.94534,9.9148
88815298,26.962723,16.455769,8.5245
97327264,31.592276,16.873758,8.001
97327335,31.515,17.163334,9.23955
404688484,29.197136,17.511839,8.0723
404688168,29.21143,16.031675,9.1803
404688627,29.289536,17.797165,8.56382
405374891,24.0468,17.270596,9.9008
404671247,28.544064,16.697779,9.3303
404673474,28.694038,17.55247,8.1748
414828492,14.471366,16.214697,9.90134
47164644,25.48722,17.057964,9.2565
336799386,14.325299,16.348097,8.4342
336799600,14.342891,17.33687,9.5647
414828529,14.434479,16.050423,8.99775
97430745,33.418747,16.918215,8.65016
336799587,14.295383,17.28755,9.2893
88776367,26.68005,16.919138,9.6864
384887030,16.71629,17.978256,9.3175
268126564,11.340755,16.984234,9.0269
58842734,17.398746,17.789118,9.82492
97369520,32.346302,17.2242,5.9543
336767572,13.98387,17.179426,9.82548
414962532,15.862521,17.150414,7.2651
258770213,10.547769,16.605991,8.4333
88774137,26.651123,16.562881,8.7697
88846152,27.193283,17.787725,9.3347
384886993,16.721983,17.704271,8.6878
47095025,23.40082,16.130375,8.5547
97369757,32.487377,17.665274,9.1736
88868018,27.648672,16.087593,9.3423
456909265,26.5951,17.983341,9.1627
456931272,26.791277,17.912249,8.614
414962300,15.757312,16.135052,7.6034
404631128,27.98393,17.079645,7.2827
404631293,27.946524,17.743328,9.94226
414962456,15.775837,16.798462,9.9918
404631306,27.917387,17.797153,7.4142
302201083,9.203857,16.087683,9.59791
397560595,8.579177,16.093853,9.9675
258770171,10.523302,16.811394,9.37622
414962287,15.782735,16.031979,9.8837
414962616,15.7970915,17.528296,9.6334
88846421,27.358124,16.89966,9.9432
405374935,23.978151,17.433842,5.7304
88867972,27.596146,16.293732,9.7139
91329133,28.29416,17.978813,9.9616
404631193,27.916615,17.320421,9.09937
88846220,27.361416,17.783058,9.9039
336767413,14.018025,17.792658,9.98444
336767770,13.938698,16.298384,9.73725
405375228,24.108862,17.290485,9.926
88776532,26.679504,17.496794,8.7373
91308273,28.128437,17.898369,9.31772
88870416,27.750187,17.70712,9.4617
404690147,29.650108,16.537865,8.0896
97366420,32.009007,16.205902,7.8496
58826405,13.11288,16.803703,8.8273
385154819,21.730865,16.407938,7.2279
88776238,26.71707,16.415285,9.84335
47140848,25.021389,16.868038,9.6931
97366904,32.236233,17.57938,6.3818
47141022,25.13815,17.870869,7.4675
47141164,25.106382,17.092024,8.6531
97366513,32.022617,16.567537,9.8127
58825994,12.929308,17.21123,9.6193
385154802,21.756893,16.33078,9.0367
404690207,29.560825,16.253616,9.2364
88845934,27.208796,16.996271,9.9949
88845910,27.206602,16.849516,9.4691
88815632,26.95593,17.841965,9.46493
88776997,26.91324,16.708593,9.51924
88845790,27.227304,16.377462,7.28464
258796639,14.79192,16.12186,9.93639
405350987,22.426384,17.098967,7.4946
414942592,15.2719555,17.83799,7.8872
404676500,29.102821,16.344164,9.69469
404689920,29.586065,17.690098,9.38884
414943020,15.401938,16.049835,9.9726
97405555,32.788525,17.154503,9.8963
47094835,23.43883,17.155107,9.8922
268126568,11.389327,16.971611,9.9633
408809566,38.08409,16.710659,9.98229
268126547,11.413886,17.052713,9.658
257843806,39.69966,17.48199,9.5383
404737731,30.43305,17.797853,9.7912
408263629,18.32614,16.249605,9.7905
336815443,21.593048,16.997177,8.2273
58856697,19.841188,16.672218,8.7439
408263009,18.209703,16.76434,7.3671
408263016,18.17999,16.791286,9.8671
408263047,18.217035,16.906641,7.9399
408835961,39.27592,17.345922,9.9417
408823445,38.92008,16.61279,7.33424
257841476,37.192955,16.720942,8.5044
408625257,35.459637,16.162584,6.9258
408777400,37.700005,17.190985,8.21486
408779949,37.88213,16.581518,9.2499
408263403,18.269928,17.389568,9.666
408254708,17.703598,17.249958,9.8516
336815526,21.646557,17.451103,8.6667
58856125,19.640394,16.51708,8.6406
408852887,39.45422,17.206293,9.1036
408820455,38.530315,16.683992,9.0889
408820531,38.49366,17.005735,8.7167
408823079,38.76998,17.508984,8.5554
408823225,38.855167,17.641615,9.4159
408625452,35.43088,17.159746,9.4927
58856312,19.60586,17.377989,8.4424
58856507,19.848778,17.663996,8.4019
336815363,21.595846,16.673136,9.997
58856156,19.709007,16.676207,9.807
97285535,31.186975,17.289362,9.76
404737883,30.645676,17.32178,9.5908
408764967,37.29397,16.020943,8.748
408777629,37.6053,16.077341,9.983
408779859,37.900192,17.01453,9.02386
408835757,39.197163,16.460402,9.0583
408836155,39.324875,17.672153,8.9047
408836178,39.39777,17.57363,9.8229
408624364,35.22181,17.494886,9.9697
408624379,35.150993,17.572248,9.7066
408624359,35.20299,17.470451,9.8258
408825876,39.133812,16.548004,9.7603
257841328,37.095093,17.36583,8.7952
257841527,37.191246,16.454922,9.2399
58856360,19.614971,17.578932,9.7488
397585508,10.997954,16.676426,8.99896
405369017,22.57693,16.231232,8.69839
408254627,17.694838,16.940601,9.2241
408263470,18.3155,17.012978,9.72424
58856151,19.63583,16.654558,9.3995
58856669,19.774683,16.773752,9.5582
405369011,22.49411,16.207605,9.6171
408254533,17.702507,16.632364,9.9232
408254485,17.654205,16.395199,9.9674
408820428,38.467113,16.509094,9.09182
257841225,37.171715,17.80598,9.4883
404737417,30.408344,16.250391,9.64616
52067402,40.04417,17.270164,9.57011
52096889,40.33295,16.040056,8.35103
408823463,38.823776,16.516459,9.6438
408777331,37.609425,17.482628,9.6142
408779714,37.886707,17.687695,8.9624
408820443,38.485813,16.60105,9.53416
257843582,39.7652,16.60389,9.78508
257841590,37.12725,16.187025,9.5278
408643591,36.00432,17.876215,9.35772
52091752,40.26859,17.684612,9.71575
52158146,40.93129,16.653307,9.3709
52158295,40.892094,17.13786,9.79746
408825469,39.043278,17.601377,9.282
408823530,38.869724,16.193304,9.77618
408836194,39.3779,17.494225,9.8875
408825847,39.181774,16.661173,9.94689
58858863,20.719551,17.268442,9.1928
88870436,27.773325,17.809805,8.8981
405369051,22.510601,16.406237,7.9794
405369174,22.57391,16.93826,8.0441
58858728,20.658495,16.567675,9.17299
58858821,20.670893,17.076195,8.51522
387011285,24.500355,16.361763,8.2019
88751241,25.945547,17.122187,8.2387
88773459,26.497372,16.666187,9.749
387011223,24.448372,16.602978,8.8739
58858845,20.679607,17.197046,6.7109
88773375,26.542568,16.331738,9.3157
88870433,27.735699,17.79169,9.5051
88773361,26.521664,16.27828,9.5231
387017522,24.647236,16.276554,9.6192
88773760,26.464735,17.769316,9.6388
58858842,20.693611,17.182583,9.8232
405369327,22.468733,17.579802,9.737
88815897,27.086678,17.022762,6.7457
387010958,24.559082,17.82941,8.6419
88771358,26.37885,16.266068,9.29095
88773937,26.64708,17.412699,6.28452
88816084,27.130234,16.318472,8.12578
88816087,27.138706,16.306059,8.25004
88751495,25.983494,17.713821,8.98766
387011176,24.55804,16.87537,9.5667
88773309,26.425976,16.107758,9.4312
88815803,27.13503,17.364847,8.01709
620240572,24.343023,19.91253,9.9619
611369752,15.096605,18.050234,9.1425
611369751,15.096534,18.050789,8.9367
620229377,24.414331,18.592829,9.409
620229378,24.414114,18.592394,9.1858
620146745,35.775608,18.175488,9.8278
620140142,38.743313,18.0932,9.866
620153747,37.660072,19.855303,5.9041
620150485,39.190514,19.46356,9.509
17291459,65.20694,18.582766,9.6547
402974812,15.096534,18.050789,8.9367
640830749,41.864258,19.371822,6.7579
426484805,49.900043,18.671885,9.6161
150979124,24.343023,19.91253,9.9619
150987199,24.414114,18.592394,9.1858
640825781,44.540253,19.499996,9.7523
640260617,44.10905,18.023241,5.1302
640459423,49.9002,18.671658,9.7822
640459424,49.900043,18.671885,9.6161
60999894,37.660072,19.855303,5.9041
26055004,52.806034,19.78352,8.1968
660121599,61.105934,19.74587,9.9991
61084407,39.190514,19.46356,9.509
61087015,45.565437,18.32892,9.0529
61259674,68.38772,18.016722,6.76969
640259703,45.565437,18.32892,9.0529
246973104,35.775608,18.175488,9.8278
640483862,52.806034,19.78352,8.1968
640483861,52.80612,19.78287,8.35647
640511649,49.153618,19.532583,9.6752
660088071,64.25512,19.675278,6.7489
660058926,65.20694,18.582766,9.6547
14161029,59.456085,18.933537,9.851
640474418,55.281326,19.61949,9.9448
673692013,66.44827,18.017193,8.1679
17100719,64.25512,19.675278,6.7489
247019011,38.743313,18.0932,9.866
640819675,42.765297,18.050076,9.7675
640831349,40.83702,19.429176,7.1745
114058640,55.281326,19.61949,9.9448
91415280,44.10905,18.023241,5.1302
247372926,40.83702,19.429176,7.1745
673686238,68.38681,18.016823,7.00426
5533768,49.153618,19.532583,9.6752
673686239,68.38772,18.016722,6.76969
247405885,41.864258,19.371822,6.7579
640395856,59.456085,18.933537,9.851
371400622,42.765297,18.050076,9.7675
674335107,69.17728,19.493353,8.6474
674335108,69.17747,19.492807,8.2928
91438541,44.540253,19.499996,9.7523
660076297,65.84517,19.658766,8.5334
674140094,72.84355,18.839905,4.9011
674140724,72.79872,18.866058,9.7291
118591633,69.15687,18.7562,9.784
118591120,69.17747,19.492807,8.2928
660068397,66.46603,18.863895,6.9009
17409930,66.44827,18.017193,8.1679
17335733,65.84517,19.658766,8.5334
18754028,72.84355,18.839905,4.9011
18754005,72.79872,18.866058,9.7291
10005000163,29.83159,19.00754,9.798
14364178,61.105934,19.74587,9.9991
17410529,66.46603,18.863895,6.9009
91329515,28.382542,19.295002,2.808
640258433,45.13178,18.005377,9.1095
118551908,69.14459,19.759947,6.977
61142802,56.602833,19.703703,9.1019
150987044,24.390081,18.267775,9.0167
150992145,24.589767,19.34725,8.8914
150987246,24.383358,18.675314,8.1362
150987137,24.49508,18.448242,6.8358
150992766,24.578142,18.098879,9.8504
150992648,24.575592,18.259657,9.0426
150986736,24.342112,18.214622,7.806
91415126,43.952072,18.331638,2.4142
150987413,24.445988,19.01434,9.6199
381272130,22.199688,19.80911,9.4242
381271680,22.194471,18.86656,9.6755
18682162,72.48834,18.18312,9.266
426452513,45.1102,19.269533,9.9659
426451627,45.013504,18.066374,9.8436
426451762,45.131283,18.004984,6.82315
61014233,38.012035,18.37365,8.0108
61014242,38.011997,18.375637,8.5173
337487249,70.84204,18.01952,9.64988
18441385,71.38335,18.523058,8.6526
18442447,71.427666,19.105257,9.6432
18442268,71.38398,19.023756,9.6717
18440051,71.25653,18.29397,9.6659
18442929,71.365906,19.348873,8.52245
18442894,71.39452,19.328297,8.206
18443561,71.321686,19.788738,8.9175
17459362,66.73508,18.612545,9.7252
17458245,66.85024,19.914877,9.86505
17458344,66.75655,19.843306,7.06819
18438538,71.28399,19.136,9.7392
17459774,66.77492,18.210327,8.86534
17459776,66.77027,18.20755,6.93228
18436843,71.23766,19.87449,8.8506
17554529,67.15417,19.180431,2.6539
18438567,71.313995,19.123268,9.5918
17411342,66.375465,19.692734,8.3421
17410670,66.36978,19.014368,8.9699
17410559,66.36611,18.884295,7.34035
14292206,60.496807,18.786957,9.50856
14282023,60.459553,18.450613,9.4666
14282979,60.36887,19.59651,9.02769
18639254,72.26467,18.641247,8.228
18478843,71.45274,19.28226,8.9768
18478944,71.48312,19.180983,8.5714
18479296,71.52125,18.80074,6.0156
18479361,71.57012,18.734684,4.97161
18479055,71.55455,19.07193,9.45052
118675954,69.67417,19.49849,9.7441
18478949,71.49212,19.177511,8.9568
18479179,71.47606,18.949764,9.2648
18478839,71.56706,19.285282,9.6347
18479006,71.50186,19.121902,9.3517
18479087,71.52414,19.03955,9.8524
118821795,70.330894,19.54658,8.7007
18684007,72.62419,19.989393,8.7463
18376349,70.9718,19.245323,9.22648
118821622,70.398636,19.770508,9.4767
118821750,70.398445,19.592535,9.17
430315596,68.006645,18.530867,9.67741
18540090,71.895325,19.449205,9.08134
118449964,68.70798,18.525629,8.7596
18640962,72.40433,19.556877,9.8133
61227660,68.346405,19.813711,7.88645
18539985,71.92829,19.318825,7.14569
18680819,72.56382,19.923449,7.35153
18682983,72.66943,18.718563,9.0607
18548016,72.07739,18.784166,7.8022
18539952,71.84429,19.278288,9.607
18540378,71.919395,19.864113,9.4355
18540437,71.87083,19.937712,8.66055
430315490,68.020065,18.861656,8.2229
17382751,66.02911,18.521606,9.8194
118591781,69.25997,18.544226,8.9449
18441365,71.43056,18.508816,8.6624
18548281,71.96356,18.414364,9.6682
238411863,71.72037,18.13877,8.0635
114087660,55.837852,18.02215,9.4183
18681410,72.526115,19.16456,9.48147
385475638,71.17037,18.163206,9.9461
17419850,66.5737,19.757994,9.6725
18754864,72.87478,18.195774,9.8644
61227500,68.37113,19.545017,9.6174
18583733,72.0892,19.16327,9.7479
18583574,72.17822,18.97391,9.52598
61227502,68.37302,19.545488,9.6846
118822038,70.33757,19.218422,9.873
18681254,72.489075,19.366611,9.2167
385475793,71.14719,18.392618,8.7615
385476298,71.13956,19.0605,8.8852
385502167,71.12451,19.251873,9.2073
118706493,70.032974,19.091108,8.2072
385476075,71.0949,18.806053,9.6366
430315405,67.99942,19.136892,9.98342
118551155,69.12843,18.70426,9.45048
118551802,69.0334,19.604929,9.36467
61258926,68.41057,19.403915,9.77358
118551123,69.1152,18.66571,8.11013
18375955,70.95078,19.79652,9.60481
118767345,70.19024,18.625147,9.7485
14291571,60.47944,19.527264,9.9755
118766686,70.10282,18.236061,9.9345
397353975,70.74433,18.496685,8.4444
113954239,54.54557,19.360415,7.39713
15858597,62.086,19.737642,7.46372
118766747,70.106224,18.156925,8.031
337422803,70.84583,18.612152,8.74286
397353747,70.71776,18.144892,9.63194
118591634,69.15692,18.754942,9.78055
17458724,66.79846,19.46073,9.1939
113953878,54.512737,18.480997,9.3755
15859011,62.12927,18.816206,9.47011
118767007,70.25336,18.107733,9.75204
113953772,54.52147,18.212353,9.8392
118822528,70.42434,18.555058,9.03215
385476217,71.12897,18.97412,9.805
385476246,71.15509,19.009592,9.02222
385502204,71.17084,19.292328,9.8175
18753316,72.72882,19.76431,9.3351
118822424,70.34477,18.693914,8.5938
17517789,67.049545,19.557014,8.6102
640507816,50.142433,19.180273,9.0991
14364405,61.075356,19.216091,6.2184
17292306,65.34976,18.266323,7.604
18375901,70.9628,19.860996,9.8402
17290679,65.28644,19.601059,8.6647
17290734,65.214874,19.509443,9.573
17292767,65.38392,18.76234,9.0077
18308909,67.468254,19.785748,9.7561
14108367,59.03706,19.228378,7.81798
397350282,68.253365,19.348312,6.26183
397350513,68.2003,18.935364,6.7806
238411273,69.6294,18.733744,8.2298
14108200,58.9899,18.806248,9.303
17409603,66.24672,18.481222,9.3606
17409687,66.33168,18.31523,9.7375
17335596,65.86742,19.33737,9.9262
17335800,65.86711,19.807901,8.8671
18308825,67.40493,19.63952,8.6208
238411093,69.60595,19.0051,9.33337
17335764,65.8542,19.72846,9.83739
17388998,66.23803,19.042007,5.603
397350406,68.17061,19.113482,9.4572
238411053,69.63194,19.078049,9.08007
17292477,65.38445,18.417583,6.3711
15900462,62.20386,19.787748,9.8833
17293307,65.4272,19.468548,7.9526
18376856,71.00841,18.49151,8.59192
426484917,49.94901,19.076252,7.45429
17559402,67.24859,19.973333,7.9816
118674991,69.7445,18.216227,9.98
114087321,55.708157,18.65202,9.7587
114087855,55.781578,18.568804,9.6671
440684473,56.987488,19.935616,9.4982
17066671,63.84687,18.547781,8.8897
118675245,69.76374,18.55038,9.1107
113802685,47.311657,19.621489,9.567
67785699,56.12196,19.592226,9.5256
16007285,63.280346,19.551092,6.7381
16007443,63.391933,19.857788,8.2111
118674422,69.419174,18.387032,8.9997
118674435,69.455894,18.359755,8.6177
18681391,72.577194,19.191578,7.95829
118673586,69.51739,19.531733,9.98203
16006499,63.267895,18.06806,9.6331
17233396,65.17888,19.060608,8.3944
14364799,61.01825,18.319002,7.4874
17232934,65.06949,18.162155,7.5158
238411785,71.82335,18.007643,9.318
18481139,71.64957,19.49425,6.8287
18682078,72.47973,18.30372,9.6085
17233486,65.16781,19.249916,8.1487
17233677,65.0757,19.620716,8.8421
118591260,69.21913,19.290373,8.968
16006660,63.289894,18.127045,9.33933
17231915,64.94244,19.761068,9.45818
17554784,67.15507,19.74069,7.9568
17233245,65.10459,18.74268,5.7374
18480891,71.593155,19.205244,9.4442
17232188,65.05403,19.233479,6.9316
18583347,72.175575,18.709438,6.3599
17232154,64.95021,19.32149,9.91508
397287293,68.08991,18.21621,9.94404
238411816,71.824875,18.078112,9.8245
15858905,62.008327,19.069094,9.3204
114086826,55.647846,19.863699,9.5346
16039649,63.637936,18.351414,9.1197
61260803,68.617775,19.866753,9.7896
17066697,63.82256,18.62542,8.79793
456945335,67.76204,19.87791,9.72275
118674897,69.78203,18.091305,9.45139
18682668,72.69387,18.324165,9.32014
18584336,72.17633,19.9771,9.4801
113802683,47.295364,19.624315,9.68901
118704676,69.84722,19.092834,8.7091
118592707,69.3671,18.646444,9.7249
440688988,57.18233,18.834393,9.48147
440689049,57.253544,19.002083,9.82386
16039321,63.504707,18.230192,8.6329
16039413,63.52976,18.016235,9.3983
16039677,63.63059,18.4298,9.6849
14282853,60.462547,19.45087,9.944
17410286,66.42936,18.603842,8.7037
17410306,66.41169,18.62316,8.4842
14076267,58.773518,18.59049,7.08568
118592446,69.32305,18.297958,7.2543
118592633,69.31158,18.543036,5.6656
18485179,71.858696,18.335,9.3338
118703984,69.86677,19.952557,9.7985
118704104,69.86591,19.780617,9.33937
14076176,58.736034,18.3784,8.72678
16039742,63.54172,18.554066,9.9626
16039769,63.60044,18.615597,9.50215
118592739,69.33398,18.686653,8.87226
18485128,71.90656,18.258749,7.8729
16039917,63.562344,18.894009,7.81862
14076494,58.70274,19.181314,8.42857
15815693,61.568382,19.874603,8.2995
17411442,66.384964,19.766161,8.80568
18548173,72.08054,18.565676,9.13186
18548246,72.04954,18.468668,9.765
18442156,71.38765,18.961622,9.8469
18442650,71.32486,19.211462,9.8021
17150468,64.58237,18.322432,9.7309
118524270,68.932655,19.597124,7.8014
118524923,68.95145,18.803577,7.2168
17150018,64.511246,18.551394,8.6936
18683380,72.62668,19.229588,9.6163
17232466,65.02869,18.65099,9.9401
16005973,63.176003,19.330854,8.9241
61259135,68.4247,19.014034,9.5514
14113001,59.16898,19.198208,7.8578
61283436,70.65513,18.100136,8.8454
61283301,70.557526,18.346977,8.094
14113289,59.12472,18.531809,8.6702
14113022,59.178097,19.154394,9.8096
14113294,59.15229,18.50794,9.7884
18478373,71.466034,19.899256,9.9399
18640323,72.401276,18.67996,9.3659
17066856,63.837276,18.986195,7.3577
118823223,70.4464,18.275932,8.3205
18681657,72.58007,18.845676,9.1659
118823599,70.49017,18.834106,8.48629
118449710,68.73198,18.90547,9.2824
118824407,70.5092,19.876932,9.7605
118449753,68.73912,18.84537,9.91937
17512972,66.97935,19.61354,9.7376
67832207,56.44853,18.222399,9.5751
14160032,59.371952,19.37113,9.2749
17309322,65.484276,18.081404,8.9235
17309834,65.65148,18.836447,8.7279
118704651,69.8446,19.118546,8.92002
18682197,72.5663,18.122797,9.13703
18584130,72.19114,19.723959,8.8609
17071818,63.926937,18.735926,9.4799
67832082,56.504173,18.566723,8.90782
14160293,59.35609,18.691977,9.7958
14160466,59.378166,18.227917,9.92684
18438799,71.29715,19.019817,9.7251
26020457,52.652893,19.48919,9.3136
397354122,70.75597,18.711637,8.7724
397354131,70.71545,18.720436,6.506
118550187,68.965485,18.535362,9.57606
17150156,64.50765,18.25681,6.9093
67789175,56.220886,19.830626,7.8831
16005878,63.204334,19.538752,7.3252
397355019,70.80317,19.919363,9.8114
16005704,63.2036,19.897856,9.5242
397354290,70.7324,18.958164,7.87811
397354877,70.71929,19.748178,9.6999
238411949,71.71213,18.274887,9.8917
17199632,64.76991,18.15799,7.7534
15853504,61.863705,18.10668,9.2129
15904712,62.36238,19.73171,8.7572
15905078,62.344196,18.90674,7.43575
118706578,70.04262,19.206604,9.3926
238412097,71.77978,18.487635,6.72178
238412178,71.70376,18.614006,9.3808
18754219,72.79213,18.549572,9.7328
61282495,70.619934,19.651857,8.4182
61282962,70.67621,18.89699,8.1324
61283057,70.65441,18.739307,8.5584
660070754,67.09856,19.17954,9.8388
15854030,61.95584,18.98889,9.9956
15905042,62.30479,18.987396,9.8791
118706503,69.940155,19.10231,9.00951
15904756,62.291527,19.609217,4.586
15904852,62.30745,19.432756,9.8458
17420117,66.48045,19.17572,9.7157
15904904,62.319057,19.315529,9.0803
426484914,49.9284,19.071697,9.7832
61086985,45.583553,18.443766,8.1504
427020714,49.69093,19.432425,9.7786
440683544,56.863094,18.308065,8.2744
15933008,62.53356,18.641155,8.1444
15933070,62.549053,18.4745,7.2167
61086762,45.62428,19.35397,8.8045
61086834,45.58214,19.085482,8.8511
61087139,45.713432,18.009075,9.679
427019744,49.546963,19.102774,7.9784
427020574,49.69243,19.0169,8.7296
15932544,62.56896,19.71571,8.6991
118767752,70.2668,19.146267,8.7954
61086907,45.57659,18.793472,9.0536
427020093,49.583263,18.171623,6.9397
427020124,49.61106,18.08406,9.34764
427020403,49.671906,18.472878,8.0857
440684048,56.922623,18.903772,9.10954
15933211,62.522232,18.101917,8.75988
427019475,49.5562,19.84198,9.97889
427020806,49.641388,19.715466,9.9523
61086626,45.596153,19.925573,9.8805
14155222,59.322628,18.644203,9.8787
14155303,59.255733,18.838799,7.9921
18372016,67.574905,19.840532,6.6212
61225846,65.714935,19.419445,9.31019
440701227,58.03761,18.436447,9.9907
17071707,63.92781,18.964266,8.879
17419770,66.511055,19.919651,9.88175
440724216,58.09619,18.597725,7.74626
238412565,71.72805,19.080215,8.8517
118706104,69.927444,18.585512,9.7318
238412238,71.73603,18.70108,9.6088
238347885,48.564606,18.3421,7.938
18638660,72.26623,19.46296,9.7816
118823938,70.545364,19.305342,9.89974
14080965,58.836353,19.067287,9.6255
113978710,54.678764,19.901178,9.2769
113978796,54.68145,19.723484,8.5144
113979702,54.845093,18.398596,9.4276
113980200,54.82325,19.774414,8.5491
440729295,58.386208,18.972597,9.2463
440734416,58.586098,18.624475,6.184
456944347,67.85474,18.271284,9.506
67827673,56.357452,18.806255,8.8672
16051400,63.72559,18.323765,9.85971
14080819,58.838192,19.38089,8.324
456944663,67.793915,18.819883,9.9137
91438204,44.54459,18.275578,9.8501
113803676,47.44651,19.170393,8.5643
113803630,47.399498,19.03172,8.1657
26125371,53.735573,19.810143,6.99699
385502429,71.128044,19.593351,7.9764
440734306,58.6307,18.965126,9.96607
91438434,44.567383,19.122383,9.59893
91438484,44.57553,19.298967,9.5914
91438561,44.557396,19.555109,9.6182
113803863,47.40574,19.714668,9.6231
426472109,48.878,19.703484,9.9967
426472114,48.88132,19.735369,8.3665
15854277,61.964737,19.60188,9.5099
91438697,44.571903,19.993006,9.3728
397350436,68.21157,19.044699,9.7727
397286537,68.11049,19.92566,8.7312
440693788,57.535034,18.515585,9.4983
15816420,61.555126,18.106482,8.5125
15816591,61.716278,18.24419,8.6358
17308640,65.497635,19.535122,8.82897
5549902,49.401306,19.015377,9.1868
397286987,68.09243,18.899893,9.4315
118765537,70.070274,19.69574,8.4337
397287080,68.129135,18.69822,9.9302
17559953,67.332436,18.83928,8.4734
17559942,67.28326,18.853077,9.3974
26080921,52.9913,18.86967,8.7269
15732648,61.13534,18.12029,8.8151
15732865,61.2232,18.622028,9.6176
15733084,61.123024,19.124237,9.7139
15732903,61.157,18.69863,9.7356
18308370,67.475586,18.757341,8.8297
113803745,47.394264,19.380735,6.7555
426471754,48.93683,18.4847,8.9496
426471963,48.947254,19.226828,9.41953
26124086,53.61555,19.797897,8.0559
26124089,53.615326,19.795822,8.19669
26125191,53.74371,19.312796,8.73407
91438464,44.59904,19.229292,8.2188
25958583,51.55416,19.154032,9.9896
26020411,52.62135,19.381535,9.15141
25958413,51.566643,18.730661,9.2471
25958795,51.607246,19.798958,9.4763
26083148,53.1926,19.032804,9.6804
17199206,64.790474,18.989626,7.7406
17199852,64.92838,18.1546,9.705
17200165,64.89865,18.803442,9.48275
247433146,42.501213,19.312513,8.9293
371400264,42.85201,19.20513,8.3426
371421535,42.918686,19.31005,6.6641
371421638,42.911064,19.643377,9.612
26109197,53.120693,18.045036,8.3755
114027864,55.00585,19.810658,8.43448
26111623,53.581062,18.211658,9.3962
118706873,70.02962,19.577694,9.2841
25908170,51.11614,19.849901,8.6904
26111422,53.452038,18.227789,7.08462
118706958,69.99838,19.680971,8.5887
118707079,70.04219,19.807943,9.479
238413173,71.72506,19.877804,9.2979
26110818,53.43473,19.933565,9.8792
118706888,70.01218,19.5986,9.322
17560109,67.28312,18.455006,9.86976
17560273,67.32054,18.113804,9.58842
15859167,62.089798,18.401728,9.9191
5550070,49.438416,18.616686,9.79459
5550874,49.870983,19.720541,8.023
5550932,49.76399,19.864265,9.25664
238347899,48.53379,18.28672,9.29726
15899921,62.18014,18.635143,9.4317
15899956,62.18415,18.739645,7.8634
61173133,60.684315,19.54185,9.34066
426485057,49.90633,19.573116,8.9616
15816954,61.655785,19.152916,7.0915
15817169,61.731865,19.593927,9.56535
17308501,65.45917,19.814318,9.87857
61173346,60.633957,19.059198,9.8898
15899779,62.183113,18.324816,8.0722
15899958,62.255432,18.749302,9.6176
440693696,57.489952,18.270454,9.39029
15816435,61.507935,18.067284,9.4633
17340669,66.02904,19.654018,8.5511
17308502,65.45877,19.813496,9.88045
118765979,70.16516,19.087267,9.17115
5550802,49.787216,19.469933,9.3611
61173342,60.702263,19.065226,9.8192
5550978,49.767323,19.990664,9.594
247433199,42.543495,19.143785,9.07901
17200710,64.875656,19.947815,7.6404
371400232,42.743988,19.32121,8.3475
371400384,42.807327,18.802935,9.4489
371421714,42.919884,19.913383,9.7596
17200600,64.8196,19.724567,8.0148
14331880,60.91267,19.455011,9.1313
17067230,63.85639,19.80344,9.74461
14331321,60.862118,18.240595,9.76688
17517770,67.026985,19.601854,9.59286
14332040,60.947952,19.807867,9.4756
238347897,48.51989,18.303762,7.5313
238347857,48.590115,18.435282,9.5478
61173739,60.619133,18.061546,9.52112
17560315,67.34431,18.020142,9.191
61173707,60.67979,18.138765,9.78418
16050888,63.76829,19.458578,9.4134
67785386,56.06797,18.710697,9.9296
113798788,47.061234,18.753695,8.5505
113799358,47.087955,18.795052,4.67408
17383545,66.17901,18.913073,6.9167
17384087,66.14083,19.967907,8.21497
25894772,50.794506,18.921497,8.834
17448798,66.69562,18.524466,9.4396
15756822,61.360455,18.806047,9.7657
16051101,63.689037,19.023424,9.7374
113798547,47.078213,19.466085,9.34931
16050961,63.73024,19.311441,9.0506
113798937,47.007374,18.296558,8.2665
17383020,66.07058,18.00292,9.0109
17384080,66.10033,19.958946,8.6048
113798453,47.034977,19.759432,9.8964
113799102,47.202106,18.015697,9.92303
113798640,46.982044,19.172277,9.50013
113798896,46.988503,18.43152,9.8148
118450277,68.70452,18.056503,9.3257
17512370,66.93362,18.156622,9.9229
17459005,66.75259,19.117647,7.3999
17459010,66.75251,19.115765,8.9535
67828127,56.38853,19.875475,9.1824
118516763,68.83445,18.257942,8.85162
440705582,58.157494,19.040396,9.6113
440705626,58.06322,18.938393,9.5988
61087401,45.77158,19.043575,9.15189
61087605,45.78487,19.801407,8.6051
440705631,58.077747,18.917608,8.13445
26175418,53.891396,19.949741,8.7362
26175427,53.885395,19.926603,8.9452
26176013,53.951103,18.238867,9.51754
26176607,54.007507,19.349497,9.6983
61087473,45.717503,19.30506,9.6871
61087614,45.759182,19.82544,9.4488
114026438,54.964382,19.689686,7.353
440729765,58.551052,18.172928,8.7445
247408951,42.1337,18.28379,4.74743
17096256,64.078995,19.578136,7.2601
17232062,64.97115,19.517824,8.2046
25957466,51.448063,19.969917,8.1842
118524056,68.92735,19.881748,5.6402
5579665,50.273045,18.402529,9.6886
5579813,50.314987,18.88283,9.8444
247409278,42.22006,19.446829,9.47726
440693433,57.40699,18.290102,9.60821
440693436,57.406437,18.288773,9.68525
118523995,68.916695,19.968822,6.7395
5533825,49.17705,19.390768,9.37927
25957652,51.452232,19.488081,8.97079
16040229,63.58728,19.57966,7.68732
25957828,51.5141,18.968126,9.87805
17518225,66.99569,18.500275,9.1266
16038649,63.52759,19.761547,9.9952
440687942,57.042263,19.876324,8.6379
114026440,54.880867,19.686026,9.7369
114026898,54.931057,18.426771,9.7512
114026971,54.868336,18.219952,9.8064
114027020,54.94841,18.108727,8.24573
14160627,59.465725,18.011688,9.7319
14160769,59.56287,18.302908,6.2615
16038793,63.48393,19.39851,9.6371
427020019,49.558144,18.36637,9.9861
427020747,49.742012,19.537668,9.606
114026906,54.88999,18.384916,7.4778
114027034,54.875153,18.078215,9.803
16038844,63.43709,19.30545,8.2191
25960695,51.883465,19.187132,8.9985
17309625,65.65882,18.379282,9.8387
17309675,65.69675,18.46547,9.26828
118593555,69.30124,19.730755,9.8137
440683951,56.98449,18.669918,8.0867
15938856,62.83003,18.462141,9.9653
113875184,47.907352,19.726675,3.4804
113875023,47.94474,19.30485,8.594
440729409,58.313046,18.694262,7.8318
440729655,58.39555,18.01114,9.6581
402365423,50.09719,19.872719,5.8054
113811538,47.744446,18.843512,9.6092
15853656,61.9043,18.13891,9.8248
118593147,69.36779,19.186607,9.9505
113811697,47.75064,18.413576,8.9527
15938283,62.831814,19.717426,9.7276
113875157,47.95004,19.670769,9.4058
15938900,62.80444,18.37993,9.09114
17095864,64.172646,18.685677,9.5599
25968960,52.125355,19.569086,9.9818
440701359,57.95721,18.797369,9.1521
113919884,54.22418,19.684374,9.3295
17095628,64.108116,18.159199,9.5644
17101084,64.27448,18.88316,9.6476
17144744,64.41324,19.207865,8.46
17198807,64.76477,19.856712,8.164
17199149,64.804474,19.145224,9.9564
118517020,68.77398,18.584396,9.3576
17144910,64.40911,19.560915,6.3187
17144730,64.38604,19.188156,8.9639
17144636,64.3548,19.02991,9.6209
17144867,64.34571,19.462568,9.0882
25969048,52.08029,19.839605,9.54601
17144963,64.33831,19.679209,9.89989
17145002,64.350395,19.761677,9.64861
17199000,64.8078,19.476736,9.21635
17198787,64.74156,19.906702,7.942
113920806,54.25938,18.36416,8.19882
113921224,54.27424,19.468529,9.14468
113920776,54.276424,18.28832,9.9405
17144814,64.33437,19.35308,8.30895
113731084,46.722237,19.263988,9.9143
15933413,62.720936,18.184532,9.9005
346475758,48.839787,18.57006,7.3074
113883117,48.276886,18.055346,8.4732
113883565,48.478687,18.973333,5.12613
113882734,48.25596,19.195227,9.5391
113883033,48.231705,18.300894,9.2547
346513934,48.80006,19.181257,9.4711
15933506,62.676514,18.423254,6.1915
346475770,48.772182,18.604244,9.74833
346514210,48.783432,19.95632,9.9056
346517395,51.416286,19.537516,8.70478
440734536,58.68561,18.278894,9.958
114083071,55.57472,19.900587,9.5586
61143547,56.573753,18.096071,9.7515
61143679,56.727516,18.065233,9.6651
113731394,46.74485,18.345554,8.2481
114063165,55.50788,18.20571,9.5859
114063210,55.552914,18.33619,9.52993
114082976,55.57895,19.700256,5.69082
61143770,56.731567,18.283981,8.4708
114083041,55.56701,19.858053,9.37374
402365209,50.142303,19.180405,8.5863
91401594,43.956158,19.153551,8.617
438265425,46.349636,19.530506,9.913
126998615,23.161898,18.941067,9.8021
247408473,42.016098,19.257618,8.8545
247404950,41.85056,19.844137,8.58763
247405037,41.731884,19.507265,9.96629
426451400,44.98743,18.789326,9.59859
426451451,44.96381,18.620104,9.20516
25907360,50.914814,18.555765,8.0161
25907762,51.091484,18.541334,8.8475
25898077,51.003777,19.907063,5.08721
25898338,50.91467,19.147673,7.8771
5579282,50.193687,18.737312,7.68587
5579209,50.191864,19.004562,9.294
15756923,61.36735,18.556232,8.4599
15757395,61.435616,18.473299,9.32146
438265109,46.35254,18.59071,9.4413
438265497,46.316284,19.763542,8.4413
438265147,46.41507,18.69204,8.9956
243173691,16.586298,18.930994,9.594
243173549,16.506495,18.32019,9.5612
243173646,16.501545,18.736311,9.5185
243147232,15.33056,18.526999,9.93182
15757100,61.315174,18.121252,9.72202
15757619,61.485294,18.961569,9.81348
25911149,51.174267,19.401836,8.54405
5579041,50.255455,19.476263,7.43611
25911106,51.258858,19.508675,9.6499
5579228,50.217815,18.919666,9.59516
426452132,45.1451,18.631666,8.77154
25907921,51.13889,19.063446,8.69329
243188876,16.961414,18.851141,9.9726
113731049,46.79314,19.364033,7.37973
371424922,43.188427,18.35219,9.0653
113730978,46.74495,19.628267,8.9853
113731957,46.85457,19.161203,9.7743
438268201,46.561546,19.542618,9.4337
113731300,46.72879,18.585136,8.6913
113730990,46.784653,19.566628,9.63804
113731815,46.937794,18.721714,9.59201
630635943,20.202456,18.214281,9.4975
114031619,55.230835,19.361206,9.8663
5534898,49.365406,19.830118,9.0029
346517644,51.35282,18.897345,8.091
426484111,49.080772,19.337769,6.9443
426484176,49.08033,19.154428,9.5966
426484317,49.020206,18.747232,9.5134
5534710,49.352867,19.249552,9.4104
5534716,49.313942,19.269794,9.8914
426484134,49.05123,19.279234,9.8559
371487916,43.65877,19.34402,7.8144
371468770,43.41062,19.316639,8.2991
371471993,43.544983,18.373205,9.2196
371472229,43.686394,18.210495,9.3058
371472304,43.686333,18.481028,8.3394
247408804,42.101387,18.164085,8.1293
247433746,42.7084,18.491846,9.99947
25967792,52.05605,19.64581,9.2046
61115804,53.22359,19.404755,9.3324
26080725,52.980034,19.437675,9.5832
113878362,48.046116,19.291523,9.6842
113878437,48.06731,19.004679,9.1669
113878473,48.101513,18.896544,9.52328
113878663,48.071156,18.416704,9.9194
346474947,45.269695,19.836521,9.4278
25967998,51.9588,19.065033,9.38608
440724530,58.238403,18.138903,9.35864
440724575,58.207565,18.280901,9.6794
114057908,55.17083,18.100601,8.5254
113878163,48.088615,19.891487,9.49952
5534780,49.34611,19.472057,9.81128
25968075,51.98044,18.882336,7.8769
91415544,44.02372,18.88679,9.29173
114031422,55.186893,19.949366,9.77594
114058544,55.35978,19.388584,7.95726
61115796,53.282116,19.383255,8.02606
440724480,58.2505,18.013264,9.2437
402364937,50.044228,18.266651,9.92585
456837023,18.708313,19.13959,9.5989
26080878,53.052376,18.98894,9.85729
113878774,48.06494,18.13301,9.603
113878935,48.208813,18.253347,9.6111
247433945,42.677532,19.160479,6.0936
247434031,42.696396,19.47562,9.217
91481801,44.79332,19.98984,6.9762
113879192,48.13713,18.943573,7.93878
247433526,42.553837,18.026718,9.066
371472016,43.53606,18.300987,9.76175
456868701,21.673662,19.240427,4.5567
456869125,21.802757,18.017714,8.7872
456869007,21.62971,18.203058,7.4349
456840942,19.71583,18.809238,9.0296
456841040,19.70627,19.288853,7.8193
456865597,21.503555,18.011528,9.1364
150974025,23.92546,19.78238,9.8311
456865914,21.563595,19.172348,4.9567
456868539,21.569866,19.896889,9.3641
150973984,23.939978,19.670446,7.91729
456868672,21.630276,19.29854,8.7923
67784790,56.001377,18.771074,9.5237
243189050,16.93423,18.178509,7.8623
247402145,41.679363,18.247078,9.26
247405519,41.853916,18.112364,8.7109
426985876,48.69956,18.300777,9.2947
426986210,48.68778,19.177183,9.0581
381317224,22.290808,19.542742,9.5779
371424353,43.111572,19.440302,7.75065
371424444,43.09846,19.135403,8.018
438268639,46.54617,18.182533,8.2847
67784488,55.946724,19.665035,5.25791
67784936,55.919193,18.35634,9.8146
247398230,41.300426,19.615412,9.3957
247402112,41.600037,18.145433,9.861
247402170,41.614468,18.28299,8.8886
247402662,41.65077,19.872986,9.22932
247405623,41.888447,18.510366,6.5004
247405694,41.894627,18.747093,9.0751
247405853,41.886032,19.226078,7.2771
247406028,41.903202,19.867594,7.6522
14081041,58.91795,18.877352,9.8732
438268908,46.643963,18.635029,9.69
438269207,46.57569,19.551922,9.9027
426985768,48.69192,18.028603,8.65044
426986035,48.629723,18.752111,9.0498
456894770,21.989063,18.990269,8.7944
438269208,46.66089,19.559711,9.87171
398940682,19.08788,18.823338,7.0264
371427961,43.276955,19.335142,8.72722
438261082,45.931786,18.127321,9.6012
247412074,42.299603,18.72985,7.0502
113799514,47.142715,19.207314,9.9499
426986011,48.724346,18.666754,8.94502
438269152,46.57995,19.380852,9.81488
426985835,48.72668,18.195377,9.70258
26055229,52.726727,19.13992,9.5497
247411764,42.323723,19.833681,9.78
114063107,55.518024,18.074854,9.45432
247405888,41.86341,19.372456,7.3911
247395749,41.17796,19.309448,9.698
247395865,41.139492,19.694937,9.83196
247401968,41.58932,18.22731,9.26971
438269035,46.61604,18.966589,9.25296
247395947,41.143036,19.977697,9.7807
247405680,41.862423,18.714224,9.8201
113799567,47.12188,19.367315,9.7835
91401822,43.948357,18.388702,9.9668
243222672,17.235884,18.046953,9.5879
91401739,44.00755,18.646963,9.6889
243222981,17.357698,18.982857,9.6155
126998400,23.210861,19.887947,8.0009
126999081,23.23935,19.082102,8.1175
438261351,46.076275,18.627113,8.7981
91398775,43.81592,19.234043,8.3114
91401582,43.93433,19.193983,8.5879
26055340,52.733746,18.799416,7.6018
371428627,43.445026,18.634178,8.63473
247411737,42.33043,19.899126,9.76579
247412754,42.46029,19.674652,9.09617
126999179,23.298489,19.492151,7.414
91398954,43.851784,19.905876,9.3144
126998537,23.203695,19.2945,8.078
346475451,45.211605,18.223326,9.92048
411612535,19.990978,18.689896,9.7903
247398493,41.240376,18.584433,9.94699
247399163,41.387936,19.708937,9.98834
357528474,19.179996,19.776703,9.6555
357528774,19.15189,18.522665,7.8603
247399176,41.450768,19.785883,8.4239
438268640,46.44739,18.179792,8.18482
371424582,43.081833,18.721624,8.86797
371424860,43.158073,18.076801,9.89355
411633646,21.027105,19.120445,8.7608
114165346,55.87565,19.662119,8.19246
436554228,14.501702,18.373636,9.3335
438260719,46.03252,19.406046,9.00568
91398699,43.833076,18.874691,9.32613
91398674,43.884598,18.773796,9.0234
436554176,14.486533,18.143923,8.8392
243222975,17.344843,18.941013,7.82029
126998956,23.254034,18.49621,8.5513
126998976,23.315336,18.566116,9.25311
91415217,43.915577,18.031393,9.41165
91398739,43.777813,19.051544,9.93541
91398779,43.819157,19.250404,9.88757
456938566,51.69376,19.376026,9.6304
456938766,51.737648,19.908653,8.8216
25967725,52.050648,19.776463,9.127
26176720,54.07204,19.681757,9.5978
91516883,45.337173,19.314037,9.6104
113807715,47.679,18.74344,6.6463
26176255,54.09684,18.361984,7.73797
118450033,68.71968,18.413397,7.8466
113806958,47.541283,19.241123,9.00725
456938345,51.76349,18.75655,6.38261
26176679,54.08944,19.559315,8.13102
440683948,56.98768,18.663359,8.7535
113807289,47.541264,18.345562,8.0776
440701115,58.02087,18.134834,8.7639
14330904,60.792458,18.668741,8.447
91516910,45.29563,19.402777,7.97017
113806886,47.475544,19.4401,9.30299
26019590,52.446415,18.738382,8.60286
91516551,45.410248,18.149927,9.67466
61106585,45.815613,18.179031,9.84705
456840571,19.596172,18.57732,6.8966
438268094,46.45577,19.886047,9.6385
247401506,41.565266,19.960962,9.271
438265571,46.420624,19.960602,8.3074
438261541,46.119606,19.240782,8.7766
456858100,20.20262,18.214624,8.2252
456840643,19.592752,18.294035,9.3411
456857730,20.21197,19.62281,8.9725
247401811,41.584576,18.837933,7.89422
456861205,20.706755,19.43564,9.5843
247372156,40.741215,19.681679,9.2208
247372698,40.909737,18.53554,9.7384
61043191,38.072395,19.68247,6.9097
61043389,38.124874,18.912413,7.7517
61043685,38.171947,18.278177,9.57996
247016185,38.415756,18.81601,9.4107
247016343,38.4584,19.493351,8.5198
247018458,38.59778,19.984768,6.84484
247018547,38.584297,19.65641,9.9796
247019043,38.75965,18.240147,9.2213
247019467,38.750282,19.956577,8.5427
247042598,39.042458,19.690811,8.3347
247042643,39.00222,19.91488,8.6003
61084536,39.246468,19.9895,9.4454
61084164,39.217697,18.507776,9.7981
456861826,21.224768,18.499931,7.6973
456861981,21.226831,19.068884,9.1905
247372530,40.77081,18.045368,9.5365
61043494,38.13759,18.477665,8.7085
247019168,38.779877,18.739332,9.42273
247022078,38.788944,18.011488,9.2175
61084096,39.2781,18.219204,9.23004
61084286,39.244682,18.994043,9.681
247018768,38.548897,18.756525,9.96564
247018882,38.637733,18.252953,9.9976
247021602,38.913044,19.867151,9.55186
247021992,38.896065,18.356997,9.8498
247014606,37.5811,18.486284,9.4775
301798938,40.69529,18.020329,8.3783
91481074,44.74398,18.363447,9.6913
91481366,44.901466,18.460827,9.744
91480649,44.763214,19.72786,7.6168
91480695,44.727222,19.576061,7.27043
91481132,44.73908,18.178543,8.8143
91481442,44.898888,18.746378,9.03044
402365273,50.078342,19.43194,9.83714
402365372,50.084003,19.729721,8.26308
402365373,50.086,19.730354,8.24585
91481087,44.681507,18.324717,8.81919
243169791,16.20823,18.894875,6.79901
243173175,16.42936,18.857399,9.3049
640481818,51.88351,19.186857,9.6489
247018477,38.557835,19.898302,9.04649
247019000,38.768276,18.05978,7.62832
243169921,16.221403,18.414494,9.9733
243225548,17.47189,19.242863,8.9456
411633913,21.125978,18.01878,9.4361
381272026,22.09396,19.616837,9.8947
411629080,20.539787,19.086792,9.78424
243225951,17.60543,18.176996,7.9053
411633485,21.008797,19.839642,7.95317
422844788,40.137833,18.599764,7.6704
243225983,17.564425,18.282572,9.67391
243226075,17.538298,18.592113,9.30129
381343193,22.753155,19.675047,8.6807
247022240,39.036034,18.519579,9.1708
422844818,40.171738,18.703247,9.5683
243154018,15.846285,18.853146,6.7017
113677112,25.414276,19.823502,7.0525
127019774,23.70444,18.460514,4.2274
127019580,23.660439,19.341988,8.8384
150973746,23.870472,18.568628,8.7705
150973749,23.883703,18.580235,9.7305
113711639,25.691504,18.06093,8.5965
113677019,25.415874,19.488314,9.0863
113711480,25.59304,18.413813,9.4471
127019670,23.672226,18.960888,9.7145
243153924,15.8353195,18.501722,9.82361
243153812,15.774369,18.088264,9.1611
113676539,25.27319,18.27687,8.5968
113676707,25.430159,18.256992,9.0065
113676454,25.386887,18.652147,7.7318
113676899,25.453182,19.044668,9.3434
127019717,23.646244,18.772799,9.0435
26019276,52.489876,19.607521,9.9154
381317493,22.216415,18.488445,9.8547
426985606,45.46673,18.340366,9.1831
427693430,19.381601,19.677425,8.1392
91418569,44.266663,19.095533,8.6067
26019227,52.440804,19.712662,8.6572
26019273,52.553715,19.617056,9.2943
426985237,45.5148,19.373755,8.1375
61106117,45.91841,19.822392,9.7156
456858498,20.359491,19.019497,7.1526
456858612,20.384605,19.447258,9.0193
127001358,23.419622,18.872307,9.09
127001597,23.489923,18.141724,8.1413
306371478,32.049263,19.361633,7.0173
306371606,32.11116,19.850214,9.635
306400799,32.31306,19.430035,9.66632
238344380,39.49305,18.583101,9.4315
238344424,39.429085,18.433144,8.6407
238344428,39.42761,18.413807,9.4202
306371420,32.155846,19.14418,9.1936
127001378,23.47294,18.78016,7.7174
126999218,23.315845,19.596739,8.4697
126999300,23.23702,19.980299,8.3458
127001459,23.432526,18.31122,8.6132
127001676,23.578972,18.494337,9.5155
306371446,32.045723,19.245768,8.9017
456858515,20.332882,19.077354,9.996
127001204,23.428982,19.461237,9.9768
127017563,23.566706,19.935883,9.2013
246932569,33.840332,19.407276,9.8597
113673867,25.210718,19.371552,7.2705
113673922,25.222479,19.613306,9.146
127001210,23.465715,19.429413,8.30381
238344471,39.48872,18.242699,9.81896
306370725,32.02052,19.352953,9.33502
306426227,32.83572,19.5785,8.76383
91434970,44.34918,19.223993,9.20669
113920555,54.204636,18.099922,9.7082
113920730,54.345127,18.2047,7.0221
118517127,68.80937,18.73455,9.3232
17100596,64.21355,19.94691,7.12713
381343444,22.818317,18.540503,6.9822
61083901,38.382053,18.383337,8.3498
61083925,38.313156,18.250298,8.6373
456837292,18.74269,18.128828,8.9272
61083980,38.307648,18.07284,9.024
456869534,21.81367,19.509438,9.7114
411629391,20.643423,18.137217,7.2017
61046551,38.324425,18.707626,9.7016
381343412,22.816307,18.687729,8.8303
398940090,18.882864,19.688374,9.3386
398940200,18.796362,19.160343,9.6985
398940331,18.775778,18.625664,9.7673
306425611,32.77946,18.421955,9.8229
246966997,35.332962,18.63376,9.6901
426448133,40.193947,18.484732,9.28675
426448236,40.197823,18.076054,9.4351
456837487,19.513998,18.413345,8.9845
398940057,18.809576,19.82415,8.9497
306403714,32.44204,18.000814,6.994
306403819,32.594227,18.229269,9.6091
306404221,32.656654,19.500336,3.63693
247008523,37.02814,19.588495,9.1175
426420033,40.26511,19.984554,7.9921
246966980,35.278786,18.584574,7.392
381317918,22.35918,19.088255,9.7462
246966489,35.184723,19.33782,9.9029
246966671,35.171825,18.546919,9.09062
306403592,32.51857,18.534176,9.5956
306425196,32.763954,19.86303,9.02
306425254,32.699837,19.562887,9.197
337391503,40.55772,18.874903,9.94734
456837593,19.502142,18.81313,8.81539
398940254,18.818516,18.899004,9.7519
246966587,35.217342,18.874645,8.682
247008626,37.020164,19.996714,8.4029
246933336,33.95618,19.66272,9.69508
246967218,35.33546,19.651457,9.02308
426420030,40.19214,19.993305,8.74137
426448048,40.27747,18.800175,7.53882
306425624,32.780403,18.374681,9.9822
426448054,40.260544,18.791546,9.27873
61014734,37.930832,19.290915,7.46142
247010835,37.241352,19.51377,8.8413
247008234,37.078087,18.323421,8.8907
247011049,37.17974,18.571562,8.3432
381344102,22.863955,19.979643,9.0895
247008385,37.08079,18.999897,9.4371
247010864,37.18853,19.35761,9.0152
247011018,37.23755,18.686813,9.9957
238329188,39.402836,18.4158,9.6464
238345042,39.655552,19.727667,5.8683
246976029,35.961006,18.97641,9.1998
246976037,35.90189,18.964987,6.3965
247013975,37.45964,19.90745,8.03036
247044795,39.143658,19.55178,9.4597
60999592,37.715244,18.519968,8.6287
61013535,37.891113,18.792969,8.0393
246976247,35.97929,18.200552,7.7319
246976275,35.91419,18.07387,7.9963
247014058,37.49267,19.51618,8.8019
247045013,39.04905,18.506405,8.1442
426152226,39.90783,18.38233,9.0793
426152773,40.0241,19.525684,9.5371
426152869,40.0102,19.808672,8.6956
61046517,38.402203,18.880018,6.5614
238329504,39.351906,19.605312,9.90216
246976081,35.951385,18.809484,9.46542
247045042,39.119583,18.38813,9.41176
422845106,40.15467,19.907864,9.3961
247011312,37.385307,18.414812,9.87835
426152042,39.825157,19.107412,9.79349
426448050,40.278347,18.799736,8.03021
456909539,26.647263,19.084599,4.651
306513823,33.459133,18.039652,9.652
243166364,15.920066,18.884811,8.29216
456905981,26.350523,18.643145,9.5912
243166434,15.878257,18.607525,8.5766
456906278,26.296928,19.579454,8.629
456905229,26.22292,19.8568,8.0865
246944673,34.864353,19.698853,9.12978
402974789,15.06554,18.199024,6.39945
411629797,20.665535,19.661459,9.3537
246942305,34.71925,18.975954,9.7528
402974797,15.038449,18.129126,9.6558
411629175,20.457355,18.70809,9.55841
411629521,20.57449,18.682707,6.3724
246933086,34.048626,18.557302,9.79483
91374841,28.780886,18.047697,9.9782
91374954,28.906157,18.201433,7.7369
243150211,15.357497,18.537231,7.0589
91356129,28.602776,18.388052,9.792
436557150,14.579712,18.053303,9.851
306348432,31.875092,19.681309,9.0392
91516906,45.390205,19.396719,9.0085
113807101,47.58599,18.860853,8.9394
14330705,60.80111,19.11435,9.6419
306307487,31.267344,19.422583,7.6547
246979389,36.20538,18.03069,8.4478
91375094,28.83925,18.830275,9.72682
246982215,36.415676,19.554377,7.07794
246982840,36.523056,19.0968,9.9922
246982920,36.50097,19.409756,9.1567
247005480,36.832623,19.652895,9.2697
246938869,34.439163,18.455002,7.14661
247007898,36.94739,18.957798,8.9218
247007920,36.895123,18.875946,8.9557
247007955,36.94116,18.691545,9.3233
247007982,36.911465,18.605228,8.9014
246976599,36.02296,19.134369,9.5444
247004548,36.740223,19.863955,8.7699
246942458,34.786335,19.687708,6.2944
306180515,30.0508,18.53726,9.32066
306180545,30.09322,18.647781,9.1863
306205096,30.1318,19.187792,8.65575
247008013,36.95349,18.495491,8.74993
246982783,36.558952,18.905136,7.6938
246978969,36.169094,19.738739,9.4259
246982186,36.45875,19.65453,9.40621
247008119,37.002117,18.077633,8.48344
306205273,30.12717,18.514557,9.27319
306264146,30.94584,19.292128,8.80547
306371059,32.024437,18.107176,7.9687
60999641,37.720695,18.69817,9.9171
301798661,40.659893,19.056513,9.8192
247014329,37.51248,18.502348,9.8669
247014723,37.520252,19.009295,9.702
247014892,37.568386,19.674221,9.832
306371137,32.142334,18.110504,7.7813
247014401,37.463737,18.18096,9.6889
247014645,37.62561,18.664345,7.25446
246969474,35.413456,19.775265,8.9595
246972921,35.681637,18.530289,9.0121
246975867,35.884438,19.63206,8.3496
60999823,37.744915,19.561117,9.28747
301798894,40.683044,18.19054,9.58625
246969704,35.41208,18.897549,9.57171
246972782,35.670788,19.064304,8.70492
246972946,35.673527,18.41065,7.9924
246979338,36.176804,18.190897,9.89585
246976481,36.08593,18.63186,9.91397
247005137,36.792168,18.398674,9.94348
150976422,24.033228,18.543116,9.6518
113670362,24.953386,18.419683,9.9495
150976824,24.199646,19.07458,8.8787
436550772,14.093913,18.102514,7.8419
436550921,14.290367,18.264357,7.8289
113669834,24.820559,19.218857,9.9962
306261270,30.872335,18.327618,8.3635
398912662,18.54067,18.224628,8.533
113670176,24.76859,18.071934,8.81069
150976430,24.011581,18.504017,9.2917
150992510,24.594341,18.501593,9.25315
150976180,24.102274,19.561285,9.9823
91328984,28.231287,18.66284,9.8127
456908969,26.463148,18.914545,9.8638
60923033,25.805187,18.355968,9.8617
60923372,25.968723,18.982386,9.9489
456931343,26.839605,18.262356,9.9444
456931563,26.876099,19.092766,8.4531
91328797,28.198978,19.373247,8.1754
91329090,28.278748,18.189655,9.6204
243229450,17.808918,19.321678,9.1528
60922792,25.866955,19.44603,9.5057
243228957,17.745594,18.392101,8.09314
243228864,17.714186,18.756165,9.06479
243228886,17.703648,18.641878,9.269
91329106,28.310122,18.104362,9.1564
243229134,17.869074,18.069641,9.84293
456931073,26.766275,18.677692,7.8937
243228846,17.647217,18.837666,7.75431
243229296,17.851261,18.675863,9.31521
456908921,26.52717,19.099232,9.09686
60999176,29.856655,18.899557,9.8881
60999317,29.726995,18.358093,5.6652
306449612,33.029644,18.962393,8.3174
306449923,33.147366,18.022041,8.44492
381320399,22.49764,19.69284,8.9006
411634137,21.077557,18.925714,9.2724
456862081,21.263016,19.420433,8.5403
246944807,34.889603,19.211159,9.3683
246945022,34.928497,18.27952,9.1929
381320695,22.508614,18.399342,9.6815
60999391,29.796791,18.10104,8.546
306180413,30.057425,18.18845,9.0973
306205543,30.26153,18.43787,9.4071
306215225,30.496733,19.998793,9.0471
381320713,22.470259,18.35567,5.87294
381321121,22.630287,19.35308,9.08763
306449975,33.052296,18.233753,9.63797
456894692,22.048805,18.740694,8.3088
456934288,26.95219,19.461004,7.7019
243241874,18.070229,19.55234,8.837
411612568,19.928377,18.595789,7.1654
411635618,21.37341,18.535332,7.9349
306347929,31.66602,18.084566,8.8859
246935616,34.099346,19.55494,9.1249
411612304,19.948347,19.723959,7.8512
306218760,30.734385,19.063402,7.4332
306218872,30.725637,18.655,8.5255
246935520,34.19519,19.978958,9.4561
243147132,15.327958,18.137743,9.4851
243146977,15.203424,18.46066,9.45356
243146958,15.200332,18.525623,7.8883
306347534,31.735003,19.580439,9.0826
60988465,29.62739,19.956608,9.6967
306218541,30.752481,19.80822,9.99824
306348079,31.780952,18.38459,9.9787
60988193,29.635603,18.849085,9.17633
306180231,29.969046,18.435741,8.73549
306180272,29.872211,18.265491,8.11511
306307163,31.2872,18.364058,9.42391
306307421,31.277977,19.187498,8.39576
411612760,20.087795,18.12239,7.4878
60987883,29.589289,18.274374,8.1416
306347794,31.751999,18.579268,9.1773
411612517,19.917154,18.74461,9.7215
411609753,19.850565,18.137775,6.75149
60961283,29.308153,19.27715,7.95182
306264953,31.044102,19.460728,9.3316
91326378,28.125797,19.76936,8.0251
306264801,31.106117,18.931873,8.8269
306264995,31.114853,19.615746,9.5392
306370677,31.947256,19.518917,9.4482
301791772,21.928411,18.933947,8.8274
411634379,21.16755,19.876919,9.9076
91375373,28.946005,19.936535,9.6436
456934623,26.944588,18.147503,8.843
306179935,29.982592,19.762512,8.9875
91398300,29.004835,18.44572,7.84214
91397971,29.07418,19.731636,7.9798
411609905,19.84154,18.831167,9.9792
301791614,21.87757,18.238487,9.8612
411609727,19.835001,18.04634,9.77715
246941742,34.708862,19.2612,9.63222
306265064,31.035511,19.895887,9.11031
306371075,31.941536,18.029469,6.43259
456902778,21.956112,19.898815,9.5819
91250399,27.398682,18.384233,9.9375
91308183,27.946564,18.289991,5.6554
91329521,28.445742,19.302433,7.659
113673095,25.023802,19.301582,7.8336
60958426,26.061462,18.804514,9.688
91305400,27.934046,19.867287,9.1792
91307946,28.015799,19.127365,9.7304
91329461,28.412443,19.095045,9.8811
91307991,27.993479,18.944077,9.834
60958248,26.104713,19.542734,9.6533
60958279,26.120428,19.432959,8.53578
91374521,28.799444,19.27505,9.87255
60923144,25.925238,18.029747,9.5946
91305032,27.884382,18.50814,7.78428
91329512,28.38255,19.293856,4.6549
91329517,28.38258,19.295954,4.7251
113673036,25.120495,19.537638,9.3542
91329576,28.388697,19.46589,8.91907
91275425,27.616903,18.296251,9.2659
91304987,27.870327,18.342402,9.4939
91307997,27.950378,18.921017,9.8854
243186110,16.820591,18.819649,7.9022
91275814,27.67821,19.87125,7.886
91275011,27.540878,19.074005,9.9308
91304744,27.699026,18.374544,7.5895
91307818,28.039299,19.543869,9.5784
91308395,28.148838,18.384203,9.8306
91304965,27.916462,18.280197,9.5136
243186210,16.772997,19.152325,9.0982
91274939,27.522018,19.349691,9.2128
91304689,27.76601,18.59399,9.12271
243185881,16.862022,18.008392,9.9399
243186061,16.815117,18.608149,9.8816
60961369,29.286816,18.958883,9.5907
306340639,31.480358,19.078358,9.7226
60961368,29.289457,18.958939,8.5126
306306553,31.21299,19.797756,8.8343
306341144,31.596033,18.499052,7.8394
60985105,29.465252,18.124134,9.9585
306306693,31.176163,19.242594,9.9899
306341068,31.522402,18.227892,9.5144
60959009,29.120655,19.313187,8.47748
246939451,34.48144,19.680563,8.339
246939498,34.531376,19.90116,5.57954
60985287,29.38416,18.991423,8.43977
306341140,31.618015,18.481718,8.6486
246933340,34.06129,19.692131,8.3953
60959059,29.218576,19.524286,8.6445
306215292,30.433043,19.717196,9.6376
306215847,30.570066,18.112602,9.7011
306264460,30.994713,18.226355,9.3723
306341482,31.536882,19.669184,8.1744
398912541,18.479385,18.149189,8.3985
306215864,30.56506,18.154074,9.773
398912861,18.603874,19.12684,7.123
60999005,29.764229,19.568998,8.39517
246935910,34.18073,18.251606,9.7612
246936094,34.202118,18.370642,9.1153
306215330,30.40114,19.586851,9.3043
306264447,30.927546,18.253258,4.9416
306341457,31.641872,19.616667,8.9134
60987622,29.492752,19.568727,9.58145
306215452,30.482203,19.170528,8.8705
306216222,30.588179,19.389933,8.28201
301792303,21.892736,21.062172,9.807
381317087,22.303171,20.0698,9.0976
456937497,27.192305,20.086145,9.591
426485793,49.980007,21.718115,8.7537
620479964,22.303171,20.0698,9.0976
61144744,56.751923,20.789974,9.7674
397355242,70.77501,20.24318,9.43
397355521,70.720924,20.627226,9.8078
620483241,21.892736,21.062172,9.807
114059056,55.321877,20.59274,9.784
440728067,58.40948,21.770187,9.96053
118703350,69.906525,20.74162,9.74027
640547971,49.980007,21.718115,8.7537
640568431,56.751923,20.789974,9.7674
640579886,58.40948,21.770187,9.96053
674350309,70.7753,20.242678,9.7889
674350307,70.77501,20.24318,9.43
674362561,69.906525,20.74162,9.74027
674357228,70.72125,20.62699,9.8659
674357231,70.720924,20.627226,9.8078
5612297,50.39912,21.757374,8.569
91480106,44.721226,21.617743,6.437
91356756,28.660036,20.808067,2.506
620249312,28.66048,20.807566,7.8585
238343966,39.4798,20.05266,8.288
61142274,56.627472,20.400518,9.6797
61141914,56.630405,20.878368,9.27934
61142141,56.55209,20.596405,9.67247
61140950,56.51995,21.998468,8.8961
426989298,49.54082,21.731504,9.1827
426989190,49.573986,21.855341,8.6475
150988683,24.393349,21.676308,8.45101
150991300,24.587362,21.050829,9.5658
150990892,24.50981,21.886242,7.38267
150988617,24.427774,21.532589,8.7731
150988756,24.405344,21.827616,9.38969
150991639,24.570238,20.414442,9.9936
91356634,28.644836,20.383251,9.963
381272570,22.125801,20.725746,9.0351
381272660,22.081455,20.928108,9.3525
381272774,22.172997,21.133457,9.2172
17284332,65.15185,21.983826,9.8117
17283900,65.1208,21.564589,9.5828
426453579,45.154747,21.040373,7.4808
426453606,45.135433,21.097725,8.8991
426453581,45.13479,21.04075,9.7609
61012555,37.79619,20.428625,9.5608
61012053,37.793015,21.294779,9.9157
61011848,37.87849,21.62218,9.573
61015414,37.902065,20.655836,9.13533
18434747,71.23318,20.87352,9.55337
18444791,71.35765,20.56584,8.6048
17457921,66.75837,20.250122,9.9934
17456554,66.81138,21.567917,9.3432
17456146,66.80956,21.980291,8.7962
91478376,44.6399,21.238249,9.0591
18434045,71.275185,21.200994,9.5862
17418642,66.48036,21.910337,9.3453
18313218,67.53008,20.983,8.226
14290206,60.558857,20.961412,9.7658
440728660,58.394783,20.518639,9.7588
18375283,70.990654,20.765154,6.5454
118676904,69.778465,20.794254,9.6995
118676418,69.68997,20.12926,8.7447
118676499,69.76346,20.247238,9.78818
118768643,70.24166,20.306677,8.9883
118707753,69.99426,20.694883,7.9788
18541096,71.91425,20.77163,9.229
18541408,71.83605,21.13846,9.8853
118676764,69.748,20.603996,8.12049
118676894,69.71726,20.780735,9.34474
118677254,69.663925,21.229006,9.9185
17294015,65.35582,20.266369,9.485
118708079,69.96474,21.076216,9.05366
18541544,71.84125,21.296244,9.23828
61144586,56.773144,20.39499,7.292
18309532,67.48464,20.853767,8.3584
118764386,70.12213,21.115053,9.6808
118764816,70.15294,20.596397,9.4414
118594487,69.36779,20.968681,9.5359
15857682,62.048504,21.55448,6.0466
440725364,58.25679,20.208023,5.2867
118821231,70.35985,20.278555,8.6077
118821253,70.39916,20.263746,7.7255
238409965,69.565956,20.684725,5.93136
26051925,52.63081,20.098433,9.2528
67786126,56.08323,20.659279,9.80399
15761128,61.497795,21.770067,9.8994
15855116,62.003372,21.361422,9.6197
15937578,62.85888,21.307436,9.9931
25893484,50.733433,20.882454,6.29747
61144974,56.68101,21.384092,8.2292
61145082,56.71537,21.65675,8.8286
15937421,62.780792,21.638052,9.2053
114061483,55.464302,21.789167,9.5835
14076885,58.750053,20.099394,7.524
61144688,56.681187,20.67996,9.8485
61144695,56.71385,20.688663,9.9126
61144969,56.724564,21.362326,8.5782
15761407,61.57738,21.12343,7.6885
15761617,61.549366,20.668247,6.77206
15937283,62.785423,21.88512,8.8101
15937302,62.85624,21.852545,9.4544
18584522,72.16042,20.227549,8.5732
18546982,71.97001,20.156317,9.33701
18590438,72.23289,20.765017,8.4682
113982830,54.953102,21.697392,9.57238
113980822,54.862267,21.330593,8.47908
113981021,54.805008,21.843245,7.22791
18546715,72.06524,20.54431,9.9247
18584612,72.187645,20.35963,9.77322
18545842,72.01119,21.606298,9.90657
26125516,53.79063,20.221,8.05274
26125794,53.739353,21.017632,7.2154
113978182,54.697754,21.15856,9.9935
14109019,59.011276,20.656172,9.22225
440689722,57.284065,20.801773,9.5402
113978366,54.708496,20.717012,9.6855
113978409,54.64767,20.615086,9.5026
14109210,58.958374,21.013588,9.6259
17336162,65.86394,20.450684,9.2722
440689821,57.16193,21.056622,9.5104
113978124,54.63693,21.284264,9.96245
113978506,54.704433,20.392445,8.8433
402235984,62.514503,21.368313,9.80971
402236012,62.469357,21.437082,9.16192
17336241,65.84074,20.584318,9.2133
440689945,57.250835,21.34219,7.6719
440690206,57.16385,21.924961,8.01099
17388550,66.24039,20.056643,8.5632
17336160,65.86466,20.44809,9.76645
118558072,69.19758,20.256653,9.8268
113954577,54.52032,20.23385,8.72106
14289508,60.594616,21.697788,9.2711
14289602,60.55342,21.622412,8.7577
113954974,54.60144,21.161104,9.6758
118557648,69.225555,20.805456,8.2752
113954927,54.527683,21.072552,9.8037
113955193,54.483765,21.709244,8.80763
118557445,69.23329,21.046879,9.0244
18435763,71.25657,20.449644,9.9662
118448847,68.683464,20.231598,9.8008
17310546,65.669785,20.350262,9.9967
118448776,68.64302,20.324669,9.38228
17339727,66.003975,21.540617,8.57482
18446333,71.4012,21.46052,9.39091
17339628,66.06072,21.736246,6.6308
17340475,65.98787,20.104473,9.69263
397355238,70.768684,20.236666,9.9862
17555910,67.1723,21.84309,8.9462
16040990,63.628983,21.177927,9.9428
15935143,62.763496,21.937742,9.0275
397355125,70.77647,20.07013,9.55
18684186,72.617386,20.206741,9.0432
16005560,63.195946,20.200256,9.9943
17230786,65.06165,21.824745,9.52573
16005528,63.269276,20.273487,9.2612
26112412,53.53409,20.323078,9.8244
26112568,53.56771,20.813326,9.8728
14332473,60.944668,20.665733,9.9252
238409681,69.63845,21.136679,8.4438
440697337,57.610416,20.945509,8.2909
118708087,70.0318,21.080229,8.6894
238413463,71.778206,20.27429,8.52615
238413491,71.7622,20.307459,8.7455
238413610,71.79376,20.449574,9.8583
238413623,71.72336,20.4647,9.6114
397356091,70.71131,21.330769,8.5722
26112796,53.53979,21.37181,9.269
17067391,63.891922,20.133587,9.0804
25908511,51.108814,20.80349,6.13234
118708264,69.9679,21.271482,9.70947
25908647,51.16412,21.219894,9.78249
14080400,58.893147,20.321465,9.72671
114028559,55.08984,21.405733,6.8786
114028487,55.009594,21.22033,9.67317
118707640,70.04006,20.548248,8.81825
238413602,71.78857,20.441828,9.03582
238413686,71.8004,20.547264,9.6485
14156054,59.23503,20.58668,8.70219
118768636,70.20905,20.296236,7.2546
118769061,70.191925,20.872532,8.3742
118769067,70.191666,20.877674,9.3544
118769449,70.22864,21.370388,7.74772
26080289,53.03426,20.530188,9.4989
26082579,53.1736,20.584908,8.8506
15901365,62.236862,21.673052,9.7822
118825477,70.54974,21.140572,8.1255
26082195,53.145008,21.632769,8.5152
26082712,53.113186,20.175488,6.8411
353730092,67.9136,20.783386,7.4404
118825588,70.45223,21.281921,8.8758
25957381,51.51381,20.24557,8.5367
91517584,45.39464,21.803392,6.6629
118672719,69.46529,20.653961,9.3919
17311180,65.62003,21.518337,9.6673
440726126,58.217976,21.972614,9.40612
26079962,52.96853,21.408707,9.8055
353751889,67.91244,20.020021,9.7331
18589947,72.31349,21.38218,9.88119
18477751,71.46472,20.780264,9.8912
15818171,61.69658,21.753153,9.943
17517275,67.0068,20.530788,9.8597
14109091,59.02725,20.771698,6.96658
15818252,61.642086,21.95652,6.22
18642457,72.448906,21.476702,8.5431
18641562,72.46122,20.33571,9.6571
18435120,71.2941,20.692986,7.7366
18435623,71.23829,20.492126,9.5658
18375616,71.02384,20.287462,9.1572
18375703,70.9991,20.149548,8.428
17517080,67.1012,20.87681,9.7786
18477443,71.51769,21.185915,9.3363
18478187,71.473404,20.136501,9.0195
18641980,72.455086,20.878815,9.54403
118599143,69.51213,21.103123,9.6065
113804585,47.359795,21.829762,9.5279
5612106,50.333508,21.173111,9.6874
17555881,67.12676,21.794804,9.8874
18477329,71.50793,21.337515,9.997
17516667,67.003265,21.619904,5.4716
67788815,56.15015,20.800158,9.9046
397355525,70.77645,20.629995,8.1533
67788829,56.18689,20.747988,8.35018
18585367,72.18275,21.31577,6.9227
91478558,44.652073,21.76104,9.3149
61104327,45.756523,21.987406,6.79122
113803958,47.44023,20.000994,6.42113
426472214,48.971058,20.066645,9.602
426472365,48.970142,20.522024,9.4784
426472457,48.917202,20.80831,9.942
14253582,60.12999,21.91694,9.0687
113804119,47.39329,20.46777,6.9452
113804614,47.353577,21.935383,9.8422
426472376,48.867878,20.558706,7.24713
114030868,55.199726,21.365421,9.33511
26123805,53.62013,20.535337,9.4925
26123867,53.60552,20.374104,6.4989
440704551,58.07639,21.471775,7.9816
14253622,60.213783,21.843868,9.94271
91438876,44.57726,20.659996,9.32796
17283998,65.07433,21.675352,9.2482
17067941,63.897243,21.281662,8.40924
14108842,58.94616,20.28438,9.9995
17068066,63.797626,21.541359,9.9671
118448723,68.70866,20.3945,9.861
238413980,71.787224,20.882313,8.8433
238414422,71.725624,21.382397,9.4759
238414527,71.72056,21.505377,9.0964
17228263,64.90294,21.773493,5.4596
371399947,42.78809,20.240084,9.1741
25967402,52.049644,20.679445,9.8694
5612202,50.37398,21.438656,8.82333
426472348,48.975742,20.454262,9.50605
426472554,48.941936,21.165144,7.5379
14254276,60.16939,20.413334,7.85215
17555254,67.17574,20.677443,7.597
17555347,67.1572,20.831608,8.0855
17555797,67.17923,21.644684,9.9186
118820568,70.42588,21.166143,9.42544
118820774,70.32857,20.901514,6.8362
118820994,70.349785,20.603674,8.6801
426472433,48.972126,20.702087,8.01235
15855062,61.929153,21.262611,8.56925
61175118,63.023884,21.069685,9.3968
113804005,47.40875,20.1369,9.8855
14253612,60.14653,21.863808,9.836
397293631,68.17549,20.136345,8.2894
18371565,67.61089,20.547817,9.04571
337421198,70.890335,20.654243,9.38913
18642321,72.441605,21.316025,9.9856
61086581,45.662827,20.090027,9.61118
427020938,49.71243,20.00452,8.83397
61261198,68.56793,20.504839,9.53567
5548878,49.404625,21.858475,9.6965
440733455,58.596718,21.086449,8.1351
17197726,64.780075,21.927088,9.7829
440733870,58.680065,20.102827,7.82
118518790,68.78518,21.011803,8.0807
17097407,64.13949,21.907467,8.4156
5548978,49.476818,21.602629,9.46044
17195226,64.63862,21.6005,9.71633
17197847,64.73567,21.71884,9.9107
118523022,68.942276,21.176134,9.8959
440682201,56.839905,21.87797,8.0682
15940347,62.970234,21.646248,8.4046
25969754,52.071117,21.89633,9.7222
17559072,67.27262,20.608498,8.8526
17308138,65.49716,20.558626,9.8171
440733427,58.61972,21.15733,9.5122
15758485,61.40752,20.852345,9.3819
247411217,42.347324,21.60316,9.7816
113980644,54.750233,20.91576,6.37714
113978652,54.673363,20.048769,9.5407
15758652,61.446556,21.206352,8.32369
15758950,61.387337,21.760164,9.7029
113980753,54.848015,21.176497,9.8531
17145188,64.32196,20.152931,9.7733
17149162,64.51216,20.300272,9.6358
17194538,64.68124,20.264566,9.8277
17195102,64.633736,21.359917,9.596
247411268,42.233997,21.414583,9.7017
91517601,45.406338,21.858051,8.9034
247409455,42.119915,20.073217,9.9345
247411320,42.288177,21.25915,7.7227
25957385,51.525692,20.236855,9.0126
440682827,56.856293,20.224102,9.9311
17231757,65.00772,20.069935,9.6644
118523619,68.928535,20.478228,9.0937
17099917,64.2059,21.413372,8.6232
61172465,60.664272,21.066448,8.4796
440731301,58.50847,21.945072,7.197
16050053,63.754166,21.152462,9.6286
15940209,63.01497,21.94738,8.40839
17339634,65.97618,21.719395,9.7326
426485279,49.967613,20.277174,8.09473
113919695,54.10143,20.067614,6.99815
17195218,64.5967,21.579224,5.3567
17198061,64.75495,21.29934,7.7754
5533248,49.129166,21.172804,9.66667
113880178,48.120045,21.748861,8.79188
113880245,48.191372,21.91367,8.96787
247409747,42.207268,21.030203,9.17311
26112931,53.53646,21.728971,8.93953
17194593,64.586365,20.36055,9.2374
247409489,42.22467,20.188337,9.91491
5533620,49.12168,20.01171,9.9032
5611971,50.32512,20.758932,9.9878
5533423,49.23866,20.617222,9.98955
25957397,51.48586,20.192575,9.9852
5580305,50.287167,20.469238,9.94051
26056971,52.882355,21.323809,8.9662
26078065,52.840305,21.8,8.6017
118448218,68.64741,21.105715,7.28713
17555032,67.20627,20.22969,9.2613
18481648,71.59629,20.171803,8.5852
26051946,52.595932,20.156368,8.2528
118448256,68.74825,21.0596,8.8826
17230738,64.963974,21.901123,9.5815
17233956,65.17039,20.136164,9.32
18482041,71.579155,20.701855,9.9591
18482394,71.69806,21.091597,8.3641
15857672,62.11951,21.57778,7.8896
385503288,71.17549,20.759441,9.9711
18590838,72.259735,20.265495,9.5163
18482463,71.57592,21.165613,8.26111
67831051,56.396717,21.075148,8.9248
15857702,62.064175,21.517557,8.6039
17071190,63.98367,20.129232,9.6669
118768474,70.21656,20.052425,9.8785
61281764,70.5976,20.776188,9.8856
17294290,65.36244,20.528181,9.9088
26052515,52.570362,21.590538,9.6401
26078071,52.868095,21.821913,8.4701
26078075,52.890957,21.832129,9.45584
26051927,52.626804,20.103275,7.6413
26052578,52.64673,21.76824,9.48286
17558287,67.25052,21.922699,6.8689
67831356,56.483986,20.321388,9.29808
385503408,71.094124,20.938322,9.30616
18482714,71.65999,21.501917,8.27988
61282122,70.669975,20.220129,9.2487
91438859,44.526615,20.590752,8.89651
5612096,50.306767,21.147072,5.37384
17228308,64.87037,21.879286,9.6005
16004815,63.15934,21.813147,9.3367
25967089,51.964184,21.626154,9.8255
25959256,51.609215,21.239637,9.1237
26110388,53.455383,21.019583,8.3377
14230321,60.079197,21.512035,9.4563
247414947,42.612637,20.929407,9.0628
247415050,42.577354,20.498398,8.4321
118448222,68.69541,21.103731,7.4663
14230250,60.015583,21.370302,9.46092
247414883,42.576363,21.155296,9.99206
25959228,51.631718,21.144794,9.4601
16038050,63.488167,21.060078,9.49634
397292624,68.23627,21.899298,9.75988
25959190,51.59427,21.014874,9.9908
17146035,64.32087,21.872192,9.7993
15934221,62.67573,20.054712,9.8961
18647314,72.54204,20.877182,9.535
61103851,45.789875,20.336218,6.4147
61104016,45.679844,20.952116,8.67828
61104094,45.764717,21.173325,6.418
61104208,45.758934,21.565283,6.8221
26016740,52.410156,21.578444,9.7334
26079878,52.98979,21.645233,8.4348
113806120,47.527267,21.747124,7.7922
25967480,52.005825,20.464256,6.4058
26079953,53.025364,21.423534,8.9557
17067505,63.817677,20.350815,8.5847
14284864,60.43804,21.659348,7.66908
26016570,52.367146,21.11343,9.1193
25893523,50.688503,20.74207,4.00036
440684988,56.93066,21.26634,9.5345
15904113,62.35527,20.96576,9.0217
113802161,47.313118,21.132423,9.4645
113802278,47.333885,20.76112,5.35113
440692097,57.346634,21.739113,8.90833
456945885,67.76182,20.745354,9.8094
456945935,67.80043,20.803164,9.8233
456945501,67.86204,20.17005,9.8271
440730729,58.48785,20.59125,6.9182
17288652,65.28709,21.802399,8.6291
440730620,58.55775,20.29747,9.8886
440697567,57.655273,20.386478,9.88274
18371360,67.52393,20.934532,9.85065
18647414,72.501305,20.743681,9.84956
18477378,71.49719,21.263828,8.8401
18585208,72.17553,21.101046,8.2916
18371393,67.53334,20.876598,9.23442
118824586,70.43525,20.088097,8.7688
18478062,71.57217,20.338451,9.75043
17517555,66.99562,20.032145,9.2173
640487900,51.513714,20.24523,9.4843
118518934,68.80104,21.1741,9.78826
426485785,50.001583,21.697212,9.9772
14227223,59.95599,21.307945,6.56
14227450,59.922653,20.87974,9.7383
61175513,63.150482,21.958994,8.7447
67828699,56.383286,21.246693,7.60631
67828798,56.36934,21.464079,9.52409
67828897,56.291176,21.704594,9.44074
25969128,52.124702,20.07906,9.83871
17100444,64.18793,20.278646,7.8501
640853093,44.802746,21.340065,5.3524
113802535,47.272198,20.024542,9.01683
67786068,56.091537,20.499413,8.561
67786245,56.117516,20.928736,6.0937
456945468,67.78901,20.108656,9.9288
456945485,67.81539,20.13317,7.9191
113802284,47.302837,20.74355,8.26584
25843340,50.71729,21.713327,8.313
15903884,62.34045,21.418268,9.12535
113802190,47.307514,21.02407,9.882
113801902,47.312004,21.99672,9.96199
113801951,47.323444,21.81274,9.99529
427021618,49.743984,21.860575,7.4982
440731257,58.552525,21.816313,9.2739
61172118,60.695484,21.86464,9.9895
25959527,51.663925,21.950218,6.2607
113918931,54.125984,21.780195,7.9665
440731162,58.470406,21.571854,6.70635
61172478,60.693447,21.05247,6.8244
16050062,63.688675,21.13705,9.2964
427021207,49.670956,20.749218,9.34456
427021568,49.67001,21.729288,9.307
25959380,51.60016,21.56065,9.91245
427021344,49.695843,21.10715,9.64216
238346996,48.525528,21.15745,9.92832
238347192,48.593082,20.578619,9.56743
114028767,55.04323,21.93001,9.8275
26128163,53.94318,20.718685,9.8177
15733892,61.235527,20.856478,8.13218
15734217,61.16684,21.485193,9.6231
440687221,57.082024,21.668596,9.277
25895453,50.830437,20.970547,6.5713
426485733,49.981956,21.51645,8.11416
440687375,57.04412,21.329073,7.78263
15734423,61.118702,21.934595,8.97128
440687177,57.120544,21.797451,8.88406
440687204,57.055443,21.731783,9.90641
15734347,61.114006,21.783676,8.2539
500719336,50.83067,20.970419,8.1447
113884509,48.432793,21.57724,9.9743
5578343,50.19987,21.489435,8.9683
14229799,59.99111,20.40028,9.1336
25956797,51.53163,21.92066,9.4866
25956947,51.461155,21.467756,8.8238
25897900,50.984608,20.409584,8.2872
67769390,55.904102,20.716335,7.1303
5578281,50.19563,21.655872,9.31376
114086251,55.671486,21.281656,7.31407
440731054,58.491657,21.316807,9.24153
113884410,48.428993,21.267134,9.8213
114083360,55.613464,20.560831,9.1476
114083561,55.580303,20.980711,9.8232
14363666,61.081635,20.820457,8.7652
14363739,61.07799,20.679216,9.0169
61141474,56.554447,21.43554,9.8265
114083347,55.556103,20.534998,9.96611
114083673,55.607033,21.192745,9.65945
114083179,55.62445,20.14999,8.12499
114083795,55.59998,21.473492,9.32852
14363562,60.991867,21.070913,7.76228
402365552,50.01666,20.268295,8.6696
113810771,47.80193,21.017202,9.3481
426483393,49.022587,21.485737,8.6034
456939009,51.71958,20.461298,8.8867
113810813,47.827747,20.901567,7.4331
15820634,61.785305,21.26289,7.7228
113810728,47.780045,21.120281,9.49973
113810736,47.80929,21.097359,7.8638
456938831,51.752743,20.03441,9.69532
456939406,51.74861,21.442633,9.98038
456939416,51.677418,21.450417,8.5285
440733117,58.608944,21.8925,9.55443
402365843,50.0356,21.094458,9.85604
440730593,58.433174,20.1998,9.2893
25895174,50.875546,20.145496,9.9096
25895226,50.800934,20.300238,9.96862
67769269,56.004826,21.014336,8.9313
61262180,68.62806,21.9672,9.0287
346514603,48.83331,21.067974,9.4347
113983306,54.94457,20.599531,9.7466
114026273,54.911453,20.101551,9.74362
346514847,48.779522,21.712765,9.52233
25961339,51.824486,21.113737,9.2587
113798130,47.00963,20.848684,8.7998
113806391,47.57998,20.983583,9.5517
26176919,54.05269,20.279285,9.5258
440699539,57.783657,20.552925,9.5457
91437449,44.52048,20.429277,9.0638
14079987,58.829185,21.272573,8.8313
346516748,51.30842,21.214067,5.5123
14329845,60.749733,21.168442,9.0465
113806285,47.5606,21.27194,6.67643
113806335,47.55588,21.12061,9.5518
113806539,47.589863,20.544373,8.5676
346517083,51.334484,20.338152,7.1995
113806580,47.588,20.437311,8.53123
113806689,47.50057,20.059807,9.9148
25967342,51.963425,20.925165,6.91659
440699899,57.708336,21.391209,9.3667
14329649,60.845543,21.599651,8.8839
14329806,60.737453,21.237381,9.2987
26054666,52.814266,20.768076,7.4682
91517119,45.350098,20.18194,8.83617
25967481,52.006424,20.462439,8.1193
25839457,50.459206,21.04458,9.28988
26177516,54.085087,21.833496,9.07254
14230253,59.995323,21.37257,9.45176
14329523,60.733707,21.887808,8.3086
440699719,57.752457,20.94411,8.89236
61175329,63.047234,21.535803,8.07573
113806210,47.492817,21.494917,9.68798
14230165,60.01653,21.168036,9.8815
14329841,60.771507,21.172499,9.882
91437378,44.521755,20.668732,5.4007
346516964,51.37119,20.646732,9.73998
91437337,44.413307,20.845772,9.75885
346516953,51.376442,20.66295,9.84053
346514303,48.82639,20.230927,9.7956
440728476,58.37374,20.926214,9.2456
440728831,58.36647,20.092052,9.573
5551074,49.83882,20.303106,8.1884
5578633,50.245647,20.64704,6.5219
5578677,50.214428,20.50943,5.75743
5578755,50.264305,20.291376,8.32607
440728384,58.355076,21.106897,9.7697
113730440,46.774033,21.236387,8.7914
113881986,48.28006,21.32088,8.965
113881869,48.312153,21.644722,7.77918
113882205,48.25871,20.729914,8.028
113952263,54.39574,21.34318,8.5233
5551406,49.806362,21.365953,9.29834
91482216,44.802994,21.340418,5.6282
506294857,47.527454,21.747068,7.9806
61106060,45.825527,20.07584,9.8144
61105971,45.866684,20.343718,9.3149
26018961,52.452766,20.441814,9.07707
26018786,52.442734,20.874454,9.828
91480424,44.700935,20.59442,6.3279
456868486,21.598322,20.070807,5.6267
150974385,23.905392,21.281958,8.992
150974491,23.967115,21.693579,7.0713
150974129,23.936312,20.238493,9.6383
150974234,23.966295,20.613409,9.5271
150974492,23.95299,21.69361,9.5147
91480169,44.691433,21.470516,9.00171
91417935,44.19194,21.428099,8.43963
150974272,23.955172,20.810595,9.5619
150974452,23.937357,21.546179,9.997
113730560,46.718624,20.861982,8.0121
113730509,46.815544,21.004025,7.687
426450979,44.921917,20.216333,9.90248
113875362,47.892864,20.26521,6.4475
113875665,47.900524,21.174284,9.703
113875871,47.965187,21.71307,8.05088
113877681,48.0829,21.337738,8.7814
426483725,49.075783,20.503574,7.60316
426483860,49.00597,20.089046,8.8143
456939536,51.72822,21.73282,8.1974
113875598,47.89092,20.975567,9.8922
113875343,47.852367,20.226387,9.07061
113878033,47.976685,20.207996,8.67137
371488214,43.707653,20.373066,5.85093
113732642,46.904087,21.265368,8.9237
346474622,45.258713,20.94804,9.1419
346474693,45.238937,20.695904,9.112
247408123,42.021,20.59924,8.7818
26054362,52.793636,21.591885,9.358
26054570,52.73325,21.032728,9.728
371469049,43.479877,20.233154,9.5004
91482052,44.8833,20.842123,9.8035
346474392,45.272587,21.667404,9.9747
25841377,50.640915,20.807535,9.6195
61116441,53.263477,21.451117,9.3934
25841132,50.645844,20.13916,8.686
114059087,55.269142,20.663427,8.0086
456903071,21.96637,20.924402,9.9213
91435138,44.39058,20.017715,9.33053
346474421,45.170254,21.580166,9.61549
247408030,42.096622,20.940365,9.05634
247434414,42.66483,20.818405,9.5211
247434634,42.73813,21.678452,9.68495
61105770,45.900826,21.206097,9.91848
113879696,48.185078,20.399212,8.63431
25910882,51.170097,20.207739,9.9661
371469481,43.397182,21.597565,9.67532
346474848,45.188908,20.127497,9.45038
247408278,42.083424,20.010199,8.20325
91481822,44.862507,20.066818,9.06886
113877635,48.068027,21.482912,9.17102
440685170,56.99573,21.731188,9.834
25841304,50.54449,20.573875,9.63509
114059055,55.321896,20.591644,9.3142
25841322,50.562954,20.612776,9.55047
25841349,50.586372,20.694666,9.977
426453258,45.048183,20.513002,9.9068
25841461,50.62757,21.106905,9.84752
61116507,53.29083,21.66963,9.6511
247394408,41.084385,21.645992,9.795
426986490,48.670265,20.014282,9.0655
426986650,48.7046,20.43668,9.631
440694967,57.419037,21.45291,9.4047
440695031,57.438652,21.613668,9.8154
440695070,57.504005,21.71926,9.4967
247396114,41.128807,20.587538,7.59204
247396123,41.12435,20.631357,9.5543
247403118,41.69037,21.416594,7.3302
438269540,46.66044,20.639359,7.87226
91417774,44.236233,21.946856,9.6239
113799933,47.136105,20.485968,9.24244
113800194,47.202213,21.214695,8.4461
426986832,48.63451,20.88895,9.7011
440694840,57.447735,21.160046,6.7464
440694960,57.423656,21.435097,9.2573
247395986,41.09251,20.123047,9.6062
247397625,41.23518,21.752256,8.9773
247399366,41.36322,20.43605,9.916
381321573,22.590391,21.126123,9.5654
371471046,43.529316,21.518188,9.0511
371471094,43.612297,21.32619,8.796
371471303,43.573154,20.56582,5.98617
247406291,41.97321,20.840683,9.7207
113808857,47.666218,21.892647,6.27462
113808733,47.636425,21.528988,9.8316
438260227,45.979454,20.958683,9.9218
371427383,43.361553,21.362106,9.8564
113808823,47.70212,21.786146,9.37912
371425674,43.197495,20.905935,9.8716
247396393,41.200565,21.614079,6.90331
426450656,44.92074,21.423153,9.9854
114166075,55.8774,21.40307,9.4597
247394699,41.022587,20.580633,8.5557
371424196,43.037777,20.051735,8.9551
247373158,40.95029,20.282066,9.5276
61015803,37.949272,21.37529,6.33006
61042797,38.061527,21.118093,6.56297
247021366,38.854496,20.688223,8.6594
247016488,38.47045,20.061209,9.1596
247021431,38.859127,20.395973,9.3374
247018335,38.660984,20.470411,9.7608
247371503,40.753784,21.925335,9.509
247373098,40.943104,20.04432,9.1183
247018310,38.633476,20.582438,8.2209
61042871,38.060654,20.8186,9.6713
61043006,38.055573,20.315765,9.8881
247021036,38.891685,21.883873,9.3992
247021259,38.83521,21.094936,9.2829
25895661,50.79708,21.568022,8.79555
426986618,48.696716,20.341349,8.78759
247397734,41.286064,21.382856,9.43424
113799846,47.120384,20.215021,9.89841
25895637,50.83974,21.505714,9.9305
247399434,41.449326,20.692686,7.514
426986895,48.72538,21.044443,4.9016
247396225,41.204353,21.007677,9.95986
247399422,41.41146,20.652863,9.25485
247399748,41.419537,21.700592,8.95415
113800441,47.183228,21.96168,9.64327
247402861,41.620003,20.565832,9.7771
247406336,41.97091,20.98494,9.9674
247016775,38.5017,21.148237,8.92587
247018091,38.642025,21.498173,9.5062
247018295,38.603336,20.662268,8.62975
247018361,38.570526,20.347086,8.1774
247042708,38.97211,20.219885,8.59601
247018046,38.642097,21.692062,8.24033
247018170,38.55861,21.173872,9.32348
247021479,38.836136,20.268986,8.89141
61084637,39.257988,20.377493,9.3858
247021034,38.90623,21.888264,9.97292
14077245,58.7413,20.881517,8.71856
114058888,55.25487,20.1959,9.73004
114166322,55.795815,21.968798,9.45343
61114444,52.200687,20.624083,7.35729
113675871,25.369398,20.750446,9.1096
113712561,25.758375,21.51369,9.7247
438260002,46.030502,21.687824,8.3569
438266121,46.38965,21.83924,7.6703
126998155,23.193918,21.043638,8.135
438262277,46.148045,21.723976,7.11428
438265811,46.374218,20.714561,8.4075
438266145,46.321953,21.897825,8.8525
91399461,43.76893,21.744751,7.067
113675828,25.303038,20.892595,9.5682
91399170,43.832798,20.820383,9.7476
113675908,25.27975,20.634924,9.6602
113712438,25.676325,21.067333,8.81352
371423894,43.056877,21.120827,9.1666
113730496,46.75494,21.029919,9.4946
371423733,43.12156,21.682272,9.8709
371425426,43.195385,20.124998,7.8093
438260065,45.970776,21.48362,9.42327
91401164,43.924656,21.014082,9.17078
91399407,43.770393,21.59515,8.0904
126998086,23.198004,21.38274,8.9036
422845176,40.17338,20.181429,7.7771
247008867,37.075787,20.941833,9.7973
91399163,43.771244,20.800226,8.40139
113730704,46.770416,20.481953,9.41325
247008920,37.051865,21.158415,9.47738
113712554,25.666292,21.494751,9.3826
61084829,39.210323,21.155819,9.98815
438262013,46.10822,20.815832,8.9057
438262195,46.06334,21.472902,6.33981
456937498,27.267408,20.08608,9.4583
456937140,27.277395,21.364935,8.99019
438262141,46.100582,21.26855,9.9511
438261882,46.12366,20.458195,9.72966
456937050,27.29087,21.664219,9.9843
456937378,27.212616,20.519825,8.2067
306403088,32.42816,20.348139,7.62482
306403090,32.42959,20.346214,9.1347
456937496,27.19299,20.08693,8.8745
126998342,23.20432,20.189821,9.61215
438260486,45.954414,20.110868,7.564
438265857,46.376167,20.902378,7.44819
126999421,23.248484,20.533827,9.4126
127000979,23.407373,20.651037,8.3329
306426823,32.91177,21.818947,6.3863
306373711,32.264538,20.379023,9.5268
246931971,33.941257,21.838406,8.1313
126999570,23.352695,21.15223,8.2532
411633305,20.968113,20.638626,9.1931
306371718,32.10681,20.281149,9.7886
61015980,37.91148,21.685064,7.0654
126996627,23.056904,20.384953,9.4894
126999638,23.273037,21.474634,9.4874
247009124,37.092007,21.995964,9.7509
306448928,33.04536,21.53066,9.85532
238343454,39.469982,21.894537,9.80058
61084715,39.181786,20.700613,8.29873
126999479,23.28108,20.741503,8.85252
127017846,23.551626,21.176998,8.39937
306372119,32.043938,21.791601,9.75303
126999659,23.265574,21.542807,9.9293
306401030,32.36918,20.268627,9.2245
306350369,31.909956,21.341537,9.80899
238345189,39.607986,20.252401,8.3787
456860983,20.676086,20.25874,8.0968
246973582,35.76837,20.163609,9.3657
238345485,39.63521,21.402346,8.8532
306401053,32.309353,20.383856,9.5059
306401191,32.382362,20.912628,9.0237
238345442,39.663086,21.258114,9.6704
246973544,35.771626,20.014702,9.40449
127017601,23.572485,20.091276,9.8526
247012154,37.322975,21.593763,7.50041
247013529,37.503536,21.533762,9.0322
246964617,35.02796,21.499386,8.3891
247010394,37.214096,21.195246,9.2584
247013632,37.389446,21.172983,9.957
247013734,37.438156,20.765022,9.0068
247044264,39.09864,21.618908,9.572
247044462,39.04837,20.8859,7.5589
247015398,37.595707,21.667253,9.84303
247044195,39.154007,21.884483,9.9695
246964612,34.97084,21.48684,9.06222
247042725,38.978947,20.252031,8.6722
247010326,37.24749,21.441236,9.8875
381344520,22.912212,21.535185,9.4957
247042690,38.991558,20.149149,9.5196
247010398,37.228867,21.189638,8.70343
247013870,37.42768,20.289743,9.84836
426450540,44.9214,21.855087,9.8489
438269693,46.610256,21.118666,8.1705
247401191,41.569332,21.079697,9.3603
247401129,41.519447,21.317322,9.5532
247406452,41.866768,21.345297,8.27556
426450619,44.921944,21.529047,8.55462
438269754,46.69391,21.336662,9.62389
238345193,39.585926,20.259384,8.3183
150977541,24.182102,21.783731,9.0612
113655661,24.785719,20.44866,8.6463
150977401,24.203415,21.258705,8.38408
113655729,24.79013,20.175625,9.1131
150977518,24.230194,21.672863,8.6029
113655489,24.768955,21.135601,9.5043
381344208,22.965881,20.374914,8.89704
113655386,24.872353,21.573282,8.7681
113655400,24.800982,21.50106,9.7806
113671074,24.97493,21.055965,8.1688
150975870,24.117239,20.816164,9.9595
151056249,24.655304,21.39822,5.3962
381318446,22.36311,21.022781,7.56
411629957,20.56433,20.35845,8.7358
456866358,21.554049,20.772303,9.5342
150975665,24.080835,21.660192,9.41642
246942652,34.740017,20.51948,7.7486
306349020,31.8485,21.822954,9.1932
306207500,30.383724,21.631216,9.9549
306215193,30.476944,20.158022,8.9446
91326920,28.17762,21.802742,9.19415
306207425,30.433075,21.901669,9.327
246942543,34.810925,20.128384,9.0964
306263556,30.9845,21.531252,9.27304
91326677,28.156122,20.88491,9.9926
127019371,23.704306,20.172726,5.72819
246981680,36.48547,21.532652,8.5258
247007519,36.955524,20.507162,8.1109
246980018,36.25043,20.37439,9.7275
246981854,36.406128,20.897276,9.7217
246978478,36.22699,21.59487,9.9572
246978687,36.185406,20.800156,9.9546
246979956,36.33624,20.143799,9.6766
246983077,36.59684,20.067215,9.6976
246981559,36.47483,21.960001,9.7414
246978465,36.126934,21.62965,9.4117
246982068,36.489296,20.097727,9.6387
247004083,36.641796,21.632317,9.3605
247007381,36.996487,21.102304,9.3524
113710966,25.624014,20.268517,4.4892
113710908,25.586761,20.452988,8.67898
127019241,23.710842,20.752472,8.8491
113677357,25.417055,20.729074,8.5485
246970667,35.594032,20.947418,9.7095
127019082,23.700428,21.463339,8.5837
127020603,23.831263,20.994806,8.8501
127019161,23.66361,21.1002,9.7041
246977062,36.020935,20.987936,9.5035
238341926,39.393173,20.574924,6.0692
246970558,35.520687,20.487364,7.5269
422845417,40.132206,21.187824,5.8657
422845431,40.166504,21.222435,7.39185
238341836,39.352585,20.26697,9.2791
238342082,39.395535,21.16076,8.1397
238343640,39.439426,21.247835,9.6394
238343775,39.52051,20.715542,7.7293
246967700,35.2221,21.362368,7.6876
246969313,35.416035,20.513336,9.2371
246970602,35.516228,20.668531,9.11955
247011808,37.328167,20.310448,9.2838
247011945,37.339085,20.844774,7.50535
422845484,40.112568,21.468477,9.8895
246967729,35.243042,21.424366,9.5565
246975295,35.9298,21.7623,9.9884
426419847,40.293243,20.630264,8.6776
426149703,39.705532,20.487522,8.8667
426151335,39.815563,21.691038,8.1231
238342149,39.366627,21.375216,9.4521
246967427,35.342842,20.455816,9.3341
247044553,39.098316,20.472078,9.6642
246972224,35.650356,21.303703,9.8768
246967780,35.29773,21.589264,9.7035
238341890,39.41353,20.484694,9.3233
61044244,38.153854,20.453173,8.718
247372006,40.754314,20.23059,6.71054
61044350,38.18418,20.900196,9.6209
247394573,41.06625,21.04876,7.8475
61046062,38.37269,20.437868,7.00553
61046055,38.30061,20.457203,8.3996
61045741,38.283047,21.604641,9.5774
61045922,38.310963,20.961714,9.0477
61018588,38.08472,21.460794,8.33842
247373402,40.92118,21.147085,7.62665
247394588,40.97832,20.983887,8.93314
337417302,40.55989,20.411383,9.99121
150977123,24.241882,20.21763,9.7057
150977187,24.126236,20.41353,9.6708
150977490,24.16468,21.563108,8.3086
150978949,24.286833,20.700127,8.03208
150988509,24.48391,21.261106,7.93831
151056397,24.736038,21.9186,7.61755
238342159,39.40042,21.415712,8.6963
246972222,35.64209,21.312477,8.446
426150105,39.704136,21.961403,5.3073
238341808,39.325893,20.154861,9.44668
61012187,37.77933,21.074812,8.75003
246970766,35.55172,21.282482,9.19051
246970880,35.537384,21.777746,9.17451
246975392,35.948185,21.41334,8.78759
238342112,39.364227,21.29279,9.85555
247044580,39.08904,20.384558,9.62574
246970617,35.573246,20.755476,9.9975
91326725,28.137123,21.065723,8.9449
246942600,34.7988,20.315699,9.1974
337417271,40.484016,20.296694,9.015
246982028,36.446312,20.280115,7.1585
91330135,28.363697,21.628363,7.6819
91357052,28.582104,21.889065,6.9227
91377179,29.044401,21.342384,6.8979
246938112,34.355602,21.503801,9.394
60922265,25.826532,21.50031,7.7901
381318292,22.345573,20.481672,6.2878
456911552,26.767992,21.992977,8.3472
306348678,31.851635,20.571932,9.3754
381318363,22.356213,20.741379,9.741
91373819,28.773542,21.814447,9.12353
456932212,26.839975,21.222221,9.3316
456932246,26.906437,21.366142,9.53986
306450964,33.075115,21.982674,7.7439
246938087,34.343243,21.606956,9.83871
620223792,29.890923,21.004517,9.951
246936504,34.295547,20.052122,7.9064
246936820,34.289307,21.317682,9.8849
246939822,34.497448,21.247513,9.6077
246936633,34.322216,20.58335,9.2416
246939768,34.469814,21.04031,9.578
60960913,29.328325,20.916817,8.5428
306306160,31.180489,21.259415,9.17786
306484631,33.18034,21.876053,9.7302
306514669,33.618935,21.108427,9.09772
306263608,30.904272,21.280863,8.5725
306514508,33.622967,20.462782,9.4851
306514638,33.609287,21.020153,9.51803
306179450,29.866621,21.859526,8.97171
306306176,31.169552,21.19086,8.65008
60960770,29.286718,21.540453,9.5354
246936560,34.274124,20.249466,9.88805
113670991,24.99785,20.739882,9.4214
91305526,27.941694,20.327196,8.4108
91277605,27.752527,21.654615,9.6378
456908159,26.535553,21.87895,9.9077
306488019,33.533394,21.49646,9.2634
306487888,33.53197,21.933363,9.0563
306488147,33.556652,20.868372,9.9691
306488159,33.507233,20.817068,7.2588
91329968,28.34089,21.013878,9.5378
91330044,28.433315,21.301739,8.3091
91277510,27.78083,21.978878,9.8627
91277884,27.785463,20.650425,9.6006
91307138,28.03105,21.83092,9.3993
91374263,28.746355,20.166988,9.6191
91274665,27.52675,20.306288,9.5342
246933749,33.950695,21.336882,9.87311
91328572,28.201368,20.152597,9.2919
91329893,28.383463,20.677185,9.3681
91277640,27.759413,21.49176,9.8202
91277881,27.722403,20.658203,9.18622
91277756,27.758114,21.122894,8.7216
91277757,27.758316,21.11551,8.62132
91277900,27.721432,20.592056,8.65634
91277922,27.789436,20.514376,6.39598
91373945,28.709766,21.30624,8.45172
91305819,27.893585,21.38438,9.10688
91252464,27.510838,21.9745,9.2484
91252563,27.502584,21.63181,9.6241
91274722,27.497154,20.078136,8.4622
91252672,27.545319,21.215738,8.386
91328317,28.204386,21.0926,9.89822
456862268,21.248055,20.109259,9.2743
60923726,25.983566,20.358435,9.939
60925187,26.120628,21.367832,9.5745
91276233,27.682272,21.339533,8.1625
456908425,26.44432,20.951715,9.7062
456915019,26.78502,21.358444,9.7928
60922603,25.892708,20.143744,8.6064
60923874,25.920317,21.005285,8.1716
60925273,26.046564,21.024174,8.9433
456904724,26.175964,21.639288,9.0719
91276279,27.648634,21.510786,8.4435
91355013,28.566343,21.88588,8.9144
456931921,26.81899,20.311682,7.2023
456932264,26.86833,21.411007,5.7078
60923937,26.013096,21.272812,9.1184
456905162,26.232605,20.083149,5.6478
456931951,26.920832,20.414892,9.9004
456932275,26.827383,21.444248,9.5572
91276178,27.684443,21.141655,9.80132
456908588,26.465124,20.30819,8.4966
456862290,21.195179,20.15884,7.5509
456862235,21.301004,20.015978,8.8265
91328047,28.285166,21.986368,7.7335
91328164,28.287317,21.6153,9.8092
456915488,26.790682,21.18374,7.9689
456935336,27.128668,20.305586,8.2765
456933683,26.949244,21.513899,9.0766
456933650,27.021276,21.658766,8.3279
456933791,27.016554,21.206738,9.9558
411612218,20.024132,20.020895,9.3486
411636054,21.42861,20.470741,8.1934
60998431,29.851038,21.860909,6.915
306304766,31.05354,21.591124,9.7689
306218078,30.655134,21.550035,8.4326
411636062,21.324955,20.484161,9.9671
60998516,29.856123,21.497553,8.3106
60998490,29.848402,21.604792,9.5371
306308029,31.33516,21.393509,9.495
306218372,30.629719,20.484442,9.1928
456910348,26.637657,21.84147,8.6479
306516329,33.708244,20.948742,8.9358
306179633,29.898684,21.058569,5.00306
411610228,19.857311,20.14044,8.8391
91375902,28.879374,21.93546,8.8749
306516318,33.725246,21.005875,7.5211
306516541,33.7747,20.241476,9.8982
456910093,26.633408,20.92267,9.5246
456906613,26.362314,20.79055,9.5007
456910045,26.668634,20.752592,8.7573
456910181,26.602337,21.177383,9.56511
306486373,33.331947,20.582357,7.92808
246936896,34.279743,21.56681,8.4625
246936986,34.268814,21.904129,9.49251
60998410,29.761257,21.914366,8.5735
306304619,31.11081,21.033333,8.454
456908387,26.459543,21.045233,9.8018
306179614,29.909006,21.1762,9.9521
91356604,28.704437,20.284267,8.6006
306179642,29.890522,21.00412,8.5696
91356680,28.64011,20.578749,9.8836
91375677,28.846384,21.02996,9.71762
306179645,29.893288,20.998442,9.9594
246941134,34.64357,21.897549,7.33371
456933605,27.008827,21.808027,9.9144
306486578,33.409275,21.398819,9.75612
411636021,21.329153,20.349567,7.9261
246933594,34.006584,20.703342,8.4265
61000338,37.733364,21.505594,9.3632
301798145,40.57526,20.894468,7.84503
246966304,35.134914,20.124613,8.3237
246975512,35.93427,21.070084,9.3392
246932364,33.8206,20.265251,8.4682
61000158,37.65524,20.881575,6.6269
61000023,37.749332,20.392876,9.8427
61000030,37.67718,20.433876,9.9578
61000193,37.64018,20.9654,9.428
246964730,35.015686,21.88089,9.86741
61000213,37.68072,21.03092,7.7089
247015072,37.62758,20.31445,8.61991
381319996,22.4684,21.226439,9.1986
60959424,29.164585,21.038567,9.6643
60987362,29.533737,20.729227,9.4521
246935208,34.106384,21.29972,8.869
60988494,29.70419,20.074024,7.8755
60998845,29.782038,20.10757,8.2312
246942971,34.75101,21.874622,9.8994
306261897,30.776451,20.56153,8.7915
411636106,21.361757,20.664747,8.1047
306261997,30.761263,20.957241,9.6731
246966307,35.15982,20.12286,9.9869
411631548,20.853952,20.46897,4.2474
411631587,20.80328,20.561813,7.8477
60959621,29.095743,21.751627,8.4522
246942978,34.753014,21.904728,7.4467
306514691,33.631226,21.208664,9.078
306181134,30.05927,20.99774,8.6101
306206062,30.28441,20.51851,7.9482
306206384,30.276415,21.765333,8.5225
306216782,30.616585,21.368217,7.3271
61000013,37.7462,20.33918,9.8879
306341696,31.606855,20.552288,8.9474
306180998,30.012058,20.489159,9.6362
306484795,33.200356,21.210995,4.7868
306341628,31.582783,20.27291,8.6469
60987056,29.496042,21.95389,9.9571
306206092,30.311054,20.617468,9.7137
306216413,30.61754,20.095293,8.86102
60987193,29.484894,21.368877,7.96045
60987423,29.568354,20.432512,8.68831
306341705,31.56683,20.592278,7.02894
60987266,29.520716,21.104774,9.6475
306484927,33.22772,20.746948,9.46252
306514727,33.656033,21.356346,9.14895
301798379,40.5914,20.011463,5.77315
620292012,33.064217,23.958204,7.2471
306451533,33.064217,23.958204,7.2471
306447760,32.84738,22.453175,8.865
113810283,47.801395,22.42301,9.4676
67768388,55.965298,23.22244,9.9635
67788007,56.256653,22.722277,8.7919
371426140,43.2414,22.569202,9.302
25896647,51.026794,23.785685,8.425
640561901,51.026794,23.785685,9.8389
25966937,52.009727,22.02305,9.737
247400309,41.47161,23.77605,9.083
114166637,55.87203,22.734816,8.56878
640603856,56.2559,22.722256,9.3462
640609299,55.965298,23.22244,9.9635
18377864,71.22791,23.037546,9.2454
660280402,67.51225,22.27045,8.2964
660267369,67.05048,22.3327,8.2391
18312442,67.51225,22.27045,8.2964
17516255,67.05048,22.3327,8.2391
640603688,55.871666,22.734394,9.3489
640603854,56.256653,22.722277,8.7919
640603691,55.87203,22.734816,8.56878
660306709,71.22791,23.037546,9.2454
620292015,33.064407,23.957216,8.6543
640606842,56.452938,23.148054,9.683
15939296,62.984016,23.635153,8.643
640560814,50.088108,23.68958,9.1832
353729258,67.873604,22.509254,9.565
640640338,57.49108,23.848162,9.5378
620260706,27.535942,22.274563,6.7274
247012698,37.26709,23.517078,8.903
15855887,62.000603,22.935308,8.65
61139663,56.60062,23.323412,9.1697
61139851,56.529392,23.134003,9.8362
61139640,56.541843,23.340014,9.57456
61139113,56.581596,23.948364,4.26049
61139861,56.552868,23.128538,8.1408
61139504,56.574966,23.48665,9.77207
426988868,49.58039,22.223227,9.4297
426988533,49.630814,22.662294,9.50254
660256792,68.688995,22.692326,9.175
17286683,65.30359,23.69643,9.6525
17284461,65.12621,22.119621,9.8449
17284734,65.17801,22.369902,9.8488
426454746,45.1516,22.828997,6.15636
426454922,45.084133,23.032019,9.94582
426455147,45.101097,23.359327,9.1595
61017942,38.023396,22.82717,8.10955
61010591,37.781136,23.72261,7.9884
61018116,38.107536,22.535448,9.2754
61018248,38.095837,22.334074,7.41285
61016270,37.933937,22.231894,9.5909
61018454,38.05062,22.006992,6.96171
61017485,38.094593,23.661762,9.3303
61017770,38.125732,23.15377,7.0445
118339908,36.906868,23.988422,8.9467
34785554,46.517426,23.994003,7.9898
17454899,66.740746,23.07471,9.5244
17454981,66.822716,22.99633,5.71449
17451992,66.66061,22.084152,9.9757
17452808,66.656456,22.923452,9.81472
17454878,66.818756,23.087055,8.68619
17453591,66.71077,23.546572,9.21086
17415774,66.46304,23.562918,8.46078
17417478,66.47565,22.931988,9.1757
17414096,66.42819,22.18264,9.7133
17416306,66.54854,23.911894,9.8108
16041860,63.5973,22.862446,8.9774
14285820,60.4008,22.580944,7.67572
14287346,60.521103,23.831491,9.46325
14288758,60.528873,22.467695,8.1155
14289170,60.564693,22.070559,8.701
14288803,60.56371,22.422276,7.3349
14288609,60.58503,22.65188,9.67546
14334400,61.04587,23.407528,7.46899
268397614,68.16223,23.973688,9.264
18449165,71.44996,22.9233,9.77101
18448940,71.46165,23.18378,9.9779
18449086,71.569664,23.00022,8.7073
18542611,71.88866,22.543198,9.7815
522970818,57.581978,22.678164,8.5334
61264116,70.56127,22.956894,4.3146
18310864,67.48045,22.982763,9.4289
397292159,68.200294,22.664526,8.8963
18448048,71.42695,23.627995,6.23425
17337734,65.93407,22.9648,4.8503
118595468,69.37922,22.04506,9.6809
18447191,71.43996,22.543928,9.7368
18543114,71.87948,23.102707,9.5757
18543742,71.88927,23.831198,9.3128
18542391,71.86427,22.304216,8.27837
18449311,71.52829,22.729666,9.95134
18543186,71.84168,23.176807,8.23856
18543065,71.859116,23.050922,9.6319
61230277,68.39035,23.630356,8.6504
61230364,68.43482,23.501236,8.048
456947820,67.80489,23.34606,5.41544
456947650,67.76745,23.138287,9.4487
118770238,70.20534,22.353065,9.7549
238416382,71.748924,23.703268,9.0492
118598034,69.46911,22.511501,8.943
61177420,65.73273,22.523542,9.8704
61230715,68.42859,22.918396,9.6261
456948023,67.860466,23.68461,9.43595
440696605,57.581837,22.67823,8.336
118679542,69.69988,23.817581,9.5274
18586316,72.18665,22.36709,7.6782
118678619,69.77819,22.743467,8.9282
118679086,69.7859,23.31633,9.5929
430314048,67.97523,22.911636,9.2631
118679472,69.76725,23.734175,9.7931
61263889,70.55907,23.27072,9.9334
61264719,70.55921,22.13398,9.9297
430314295,68.01861,22.208542,9.9879
660291508,67.40638,23.342398,9.8399
18447300,71.33131,22.687353,9.29354
17514431,66.94858,22.355556,6.8454
118770780,70.26584,22.96564,9.6251
118447161,68.672325,22.380842,7.3886
61229118,68.35929,22.25853,8.6848
18448542,71.551506,23.68109,9.9278
15856684,62.117584,23.433392,9.8232
58369675,65.13226,23.972666,9.6253
113801503,47.29541,23.048864,8.7167
440727685,58.346256,22.612917,9.0408
67786925,56.092064,22.576616,9.9518
17415833,66.39455,23.606466,7.95906
238407733,69.55721,23.78627,9.2118
427741706,69.12569,23.952877,9.5915
18643192,72.3831,22.319395,9.5847
18448705,71.50662,23.471884,9.80569
113982135,54.871567,23.430477,8.7297
113982505,54.89116,22.52786,9.3101
15856704,62.09963,23.39916,7.89176
456939968,51.70192,22.826323,9.7912
114060236,55.250908,23.448692,8.3932
114060566,55.377167,23.801426,8.34813
26079074,53.002586,23.64713,6.24162
26079428,53.00194,22.793549,8.096
26079482,52.993492,22.648289,8.5793
113982645,54.979057,22.190224,9.6614
397358151,70.72663,23.84936,8.186
114060256,55.345695,23.486937,8.74282
114060219,55.264965,23.42147,9.6179
113982192,54.921562,23.290882,9.42944
113982386,54.887127,22.839996,7.69428
26126378,53.827095,22.610777,8.294
26126574,53.729008,23.09981,7.95185
26127338,53.9004,22.847006,9.7883
346539600,57.90259,22.031355,5.72269
346539665,57.91546,22.170237,9.9712
125783545,59.845222,23.964867,9.6755
118893624,70.43064,22.731583,6.5385
118553667,69.1402,22.009155,9.0452
426984442,45.50845,22.104483,8.1564
346539938,57.817196,22.69243,9.64522
118894362,70.456184,23.564428,9.4552
18543977,72.065254,23.763231,9.59019
118893521,70.42759,22.623285,8.7426
118554656,69.12145,23.340841,5.6334
17337142,65.86736,22.117317,9.23192
118893930,70.524376,23.06017,8.52634
26126738,53.744434,23.530148,8.51449
26127347,53.88206,22.823586,9.36116
113956708,54.66967,22.659613,6.71806
118893807,70.550804,22.94236,7.1399
118770494,70.17889,22.636742,7.5376
61177211,65.703,22.831612,9.5252
118597662,69.50168,22.990067,9.05146
118597064,69.412056,23.782364,9.16378
118597944,69.527336,22.623817,9.5256
118678238,69.74547,22.325146,9.34366
61263614,70.57908,23.624165,9.28411
118678954,69.713715,23.149975,6.9769
61263894,70.5721,23.268522,9.60923
61263919,70.67369,23.235783,8.83998
118678592,69.77782,22.712065,9.5928
61104918,45.8538,23.938206,9.5508
118763062,70.13143,22.6387,9.9099
440690908,57.191,23.525524,6.8072
17387350,66.293846,22.263536,9.5713
14178887,59.576878,22.917019,9.0126
14179442,59.652027,23.858627,6.8805
14179615,59.649048,23.548409,9.115
16049126,63.750767,23.009212,8.5375
56399815,62.570026,23.98072,6.00628
23112153,60.780857,23.972084,9.6376
17557160,67.25648,23.780169,8.6364
397284876,68.09748,23.540022,8.6085
118680798,69.806435,22.652252,8.3724
118681030,69.82479,22.358624,9.3197
18373258,71.0507,23.613592,8.17124
440726352,58.272713,22.461166,9.6735
14179427,59.602562,23.876575,9.5616
14179621,59.63231,23.537169,9.7603
16048979,63.74459,23.256538,7.94951
61175891,63.148815,22.700445,8.816
61176171,63.082092,23.214432,9.5759
17556912,67.22776,23.630117,9.5496
18373442,70.98365,23.353815,9.11488
118763173,70.13537,22.525837,9.5691
67830452,56.430798,22.401115,9.6833
114059701,55.26555,22.288326,9.0845
17558204,67.24374,22.051308,8.8621
17305777,65.41827,23.111713,8.9888
125976709,71.07883,23.924158,8.7807
67830392,56.507812,22.555342,9.6135
118555610,69.19,23.401054,8.7065
18483448,71.691025,22.343142,9.5606
17305293,65.41997,22.31798,9.1142
17306036,65.375305,23.538322,9.4483
17305820,65.42472,23.17817,9.7929
113955545,54.597054,22.61201,9.0849
14328751,60.72956,23.502739,9.7125
385504546,71.16646,22.345814,9.5005
385505062,71.06558,22.966022,9.7665
113955498,54.594078,22.49968,9.53893
385504657,71.15076,22.456867,9.4498
238346547,48.604946,22.714228,9.44092
440696622,57.63492,22.650484,8.9105
247435284,42.72354,23.741201,6.75106
346516006,51.36307,23.194965,8.7288
346516238,51.377075,22.58905,9.43169
238346482,48.57148,22.953768,5.79434
25959974,51.64891,23.139524,9.4551
25960194,51.56354,23.832373,9.1894
18311636,67.593506,23.588858,6.7274
118710662,69.978645,23.96971,8.7886
118709851,69.99623,23.014559,8.1333
17516049,67.01812,22.63657,9.7284
118709144,69.97455,22.277882,8.2134
118709972,69.98793,23.137884,9.9218
14179417,59.64929,23.91508,9.05669
440726345,58.224087,22.44885,9.7681
14179248,59.515663,23.670023,9.25646
14179859,59.586605,23.106924,8.0776
17556651,67.13264,23.162226,8.48415
14179018,59.503666,23.201456,9.97966
118556448,69.27855,22.284248,8.7811
67830246,56.410664,22.94229,9.7396
15857447,62.059254,22.021204,8.4332
17305823,65.350586,23.185316,9.30119
17558135,67.292755,22.169662,9.53266
114059816,55.268356,22.531815,9.65935
440691730,57.2969,22.609468,7.58288
440691760,57.409084,22.533484,6.99251
17417227,66.51659,23.158556,9.16536
17417519,66.52483,22.906511,9.533
17417521,66.53091,22.90569,9.36459
17417633,66.57692,22.813585,4.0269
18448333,71.496666,23.916828,9.19409
113801576,47.233837,22.9032,9.78384
25842649,50.712708,23.623898,9.8008
17305133,65.39174,22.009432,9.8068
440696775,57.628174,22.252405,8.9473
118710116,70.024345,23.304546,8.6721
346626294,57.300777,23.88679,7.93742
238346441,48.586895,23.077585,9.8948
25908898,51.14368,22.04032,6.80178
25959717,51.670475,22.437904,9.30685
35205647,57.71845,23.961454,6.8639
118709140,70.02918,22.274727,9.37736
118709776,69.985214,22.944077,9.56244
25959732,51.643612,22.478674,9.5491
17514782,66.93429,22.998413,9.39785
25970083,52.1107,22.804008,5.1823
15902613,62.328068,23.84301,9.9685
17307246,65.49755,22.256319,7.521
25969808,52.093952,22.059086,7.59603
25969914,52.163185,22.377129,8.933
61113839,52.1943,22.43602,9.7249
15902538,62.21564,23.87114,5.90356
15902682,62.283054,23.706026,7.3519
15939295,62.984253,23.636324,8.2687
17307102,65.48211,22.527025,9.3203
35205639,57.66697,23.93304,9.74483
17339419,66.030945,22.118868,9.7305
15902078,62.140682,23.018862,9.7732
26081308,53.13863,23.886898,9.4356
17339455,65.9697,22.077507,9.6035
440704264,58.08427,22.186993,9.34748
15902222,62.25762,23.28127,9.5397
15902489,62.15088,23.768612,8.6295
15939548,62.919712,23.191208,9.53899
18484452,71.62932,23.438116,9.2703
15939310,62.96881,23.600876,9.6768
61231100,68.42387,22.133467,9.7375
18484654,71.594475,23.675116,7.11609
61231034,68.408615,22.242598,8.28894
17514371,66.859566,22.261488,9.4559
61263026,68.58284,23.447142,9.44807
18484359,71.689995,23.330873,8.69574
56460073,63.03094,23.982626,9.62457
268141849,67.14983,23.906982,9.8269
67788200,56.233673,22.269365,8.7391
118522353,68.90309,22.020664,7.1816
385505606,71.10745,23.573332,9.8136
118521048,68.994896,23.821749,8.49969
118521713,68.97565,22.903723,9.6219
18373100,70.99297,23.850933,9.6929
18311087,67.40637,23.342583,9.8752
17146926,64.406,23.481432,8.9063
385505668,71.113884,23.635826,9.9775
118520350,68.800064,23.124702,9.9147
440732656,58.657345,23.045635,9.383
402237126,62.515476,23.543894,9.9896
15735305,61.197807,23.632864,9.3803
402237079,62.45001,23.461477,9.5871
15735846,61.35009,23.168627,7.21427
61146248,60.61495,23.609669,9.4939
17229718,65.01687,23.598787,6.14252
61176685,65.71869,23.717932,8.8792
15735530,61.304924,23.79814,9.52918
17229921,64.94411,23.29679,9.81533
15735532,61.314087,23.797224,7.78094
440732604,58.562904,23.187044,9.42736
402236972,62.468044,23.273878,9.98929
15735244,61.20801,23.509275,8.53969
18373938,71.02927,22.666061,9.941
67830155,56.453396,23.147146,6.89576
67830321,56.41624,22.694462,7.66449
17557757,67.26523,22.81593,9.11279
113881565,48.270035,22.516912,8.9764
26113851,53.64527,23.839352,7.9467
17069758,63.94729,23.00232,9.6392
26113420,53.55593,23.069147,9.4618
440686912,57.072487,22.378601,7.196
17195890,64.560616,22.806871,7.1687
436932277,43.905113,23.998175,8.943
440686442,57.08674,23.42125,5.53547
113918348,54.137733,22.925955,8.7824
440691200,57.354725,23.795027,9.7195
15903528,62.30109,22.16898,9.7957
58634877,66.21031,23.996311,9.7606
67787357,56.098392,23.66897,9.5866
402237331,62.43411,23.906467,8.4546
440691028,57.27545,23.78124,9.88291
67787772,56.21348,23.26892,8.58522
118446827,68.709045,22.890446,9.19222
114030425,55.24011,22.406841,9.4433
440704022,58.06538,22.758251,9.6912
15935647,62.727047,22.934326,9.6286
17454563,66.79343,23.422197,8.8603
118819701,70.36301,22.199188,9.0749
61104683,45.78422,23.137695,9.5737
61104869,45.7145,23.792248,8.1214
113805030,47.399986,23.147728,8.8328
5612820,50.375145,23.30164,9.4951
5613061,50.317738,23.980963,9.8083
114030421,55.217476,22.414831,9.4891
440691439,57.294613,23.267172,7.4389
440732839,58.58227,22.592001,9.8333
15855450,61.9829,22.044828,9.9413
456941599,67.72597,22.179176,9.5654
456941649,67.73001,22.102268,9.5739
385504953,71.08972,22.835812,8.6217
16037469,63.448303,22.234886,9.8225
16037473,63.481598,22.224325,9.3821
247414059,42.49343,23.970367,9.4976
371399101,42.842022,23.066137,9.7818
91435858,44.295586,22.512602,9.7217
14251738,60.025967,22.389526,9.9889
17146323,64.33628,22.422554,9.3391
91435732,44.326626,22.140474,8.0725
91436368,44.513065,23.853346,8.8252
26109431,53.348297,23.488867,7.95977
440691067,57.23726,23.857132,6.0959
15902912,62.371166,23.29442,9.25526
15903339,62.26662,22.482555,9.32165
15935871,62.67943,23.356335,9.85222
14333508,60.957184,22.781704,9.2195
14333593,60.934044,22.944284,9.09461
17452956,66.69241,23.033186,8.54767
17454455,66.79947,23.512964,8.37989
17284588,65.19619,22.231321,9.22297
26109478,53.360573,23.38432,6.64171
17146162,64.40066,22.094172,7.4784
17146276,64.37374,22.325216,9.1944
17146717,64.363,23.11113,8.1701
35156062,57.00289,23.87883,9.9146
26109289,53.427296,23.848116,8.9926
17285418,65.17662,22.949705,8.99122
17556122,67.231155,22.226381,8.95603
5612732,50.340652,23.007761,9.2779
440690583,57.227955,22.799208,8.0751
440690782,57.1829,23.259815,8.13372
440691379,57.386353,23.380402,8.7145
114030462,55.128162,22.332642,9.51862
440690471,57.22956,22.544022,9.59788
440691363,57.300613,23.40832,8.99891
61104968,45.8791,23.753132,9.69143
15935610,62.66545,22.862068,9.98283
14333942,60.936714,23.620935,9.6393
25909387,51.111256,23.347334,9.51203
29107447,51.201855,23.87619,9.17012
26109403,53.45651,23.551802,9.11422
26110019,53.37959,22.028406,9.5848
17146247,64.403824,22.259779,8.77441
247414137,42.60842,23.677568,8.19691
405484052,55.99501,23.88273,9.1423
16037225,63.496117,22.708073,8.00587
28872409,49.727505,23.96579,9.78767
26109488,53.348896,23.368221,7.05178
247413564,42.446045,22.283777,9.89659
25909530,51.053585,23.771961,9.72828
118893186,70.54032,22.232092,9.3373
118893739,70.46024,22.85306,9.7495
118894227,70.49424,23.400244,9.1863
118553912,69.09557,22.290716,9.0485
118554300,69.07375,22.786793,9.8735
18373751,70.975006,22.944412,6.92346
15819186,61.693283,23.702187,9.9154
456940916,67.691086,23.292171,9.5078
114166971,55.81202,23.585108,9.5829
61145745,56.71749,23.210548,8.9144
67768700,55.889202,22.437096,6.9584
15736168,61.29223,22.496689,9.1659
15736384,61.332607,22.057634,6.52363
113733675,47.03941,23.730413,8.7869
114166852,55.845848,23.28985,9.5463
114167049,55.808395,23.72348,7.7805
61262576,68.63227,22.593575,9.0994
113733692,46.96761,23.68793,7.70793
61145611,56.659966,22.919777,8.95137
61145701,56.666656,23.110332,8.94815
61145760,56.710567,23.23918,9.38674
61146016,56.656998,23.78772,9.56619
61262945,68.52787,23.316813,9.79488
113734082,47.035446,22.659592,9.1607
61145922,56.72394,23.583555,9.9778
114166409,55.879707,22.158379,9.75864
114166829,55.852245,23.225927,9.84777
61145609,56.69609,22.91458,9.90316
113733903,47.009945,23.125948,9.7257
61145348,56.744743,22.254007,9.8194
16003901,63.194756,23.52079,6.1582
14225006,59.757923,22.256878,9.8633
346473999,45.20725,22.932995,9.2261
14158204,59.382412,23.198961,9.8556
58545376,65.95432,23.958336,7.6218
61176644,65.79523,23.80966,8.9894
17287408,65.25506,23.009567,8.3171
17069316,63.956615,23.844685,9.3373
17288167,65.306786,22.288914,9.29472
14158346,59.44705,22.924395,8.0636
353729079,67.89911,22.845049,7.3242
14157901,59.415306,23.735315,9.05637
17287084,65.20578,23.313166,9.9385
17069172,63.914005,23.75527,9.68536
17069480,63.95894,23.513727,9.61452
14077838,58.72857,22.15572,9.7185
426987432,48.696156,22.51024,9.99708
46538997,53.689236,23.962923,9.96974
426987436,48.65558,22.515322,9.7386
440686257,57.147987,23.819172,9.8219
440686785,57.107334,22.651396,9.9817
15736408,61.33441,22.008904,5.3348
67768859,55.92658,22.071198,9.0235
61262625,68.638054,22.710447,8.4013
61262822,68.61785,23.109243,8.83443
5536889,49.45163,22.775608,9.9829
35027186,48.662594,23.95023,9.6893
440686008,56.925323,23.543835,7.7037
16035974,63.308353,22.958796,8.5324
17097869,64.09662,22.775381,8.9067
17097871,64.14973,22.779192,8.5309
17196553,64.671104,23.95168,9.6354
17196906,64.77709,23.352182,8.8324
17229615,64.96546,23.757862,8.299
268281311,67.74256,23.986069,9.1465
34717330,45.887363,23.962942,9.92
440703482,58.10961,23.861294,9.4824
14077869,58.70181,22.227043,8.8269
440686831,57.0835,22.548395,8.3745
440686947,57.068687,22.291538,9.2534
16035873,63.349144,22.736578,7.933
118519933,68.80521,22.492249,9.2879
17098972,64.295906,23.12139,7.7963
17196722,64.7247,23.681078,8.3627
17197407,64.75605,22.513165,9.9871
17197507,64.70672,22.326357,7.90128
17228984,64.8568,23.002134,9.026
17147557,64.54497,23.284657,8.5335
67788288,56.24551,22.032452,9.00125
17146874,64.35144,23.391426,9.5636
17230402,65.02251,22.50067,9.82991
118520296,68.82179,23.045174,8.1945
18586286,72.187035,22.315134,8.84613
17099206,64.27864,22.673315,8.5825
440703435,57.986927,23.901957,9.52184
440726636,58.255417,23.056993,9.70164
440686234,57.071316,23.890352,9.8175
440686339,57.07043,23.636784,9.5944
17097621,64.11132,22.308561,9.64253
17228978,64.912674,22.990776,9.77262
440686990,57.130646,22.21125,8.84593
17098345,64.16711,23.646618,9.34268
17229395,64.94036,23.738321,7.42709
440731844,58.47785,23.129848,5.9801
17196659,64.699585,23.77963,9.972
440686434,57.14379,23.434792,9.79252
114028997,55.041077,22.501104,9.8857
15734564,61.145267,22.21985,9.3176
15734502,61.173813,22.08193,3.4637
114028921,55.092247,22.336113,6.6915
26177577,54.074436,22.016588,9.892
15735051,61.20934,23.150398,9.228
15735094,61.22233,23.236303,9.78843
114028981,55.08796,22.469921,8.76766
15734485,61.16446,22.045435,9.34588
440700309,57.704933,22.323378,9.68942
440731389,58.4754,22.128588,9.7327
427021701,49.741478,22.05561,9.3595
113917876,54.195007,23.879005,9.8861
113918244,54.110504,23.135902,9.4938
61171689,60.618248,22.745083,8.8723
61171953,60.636288,22.202616,8.9465
346515565,48.78347,23.604559,9.8769
113918426,54.222244,22.768427,9.2199
17068328,63.805096,22.097128,8.6197
61146403,60.631462,23.287285,9.4995
113917931,54.120037,23.797293,8.0691
25959577,51.576477,22.089176,9.26438
15931332,62.61443,22.256382,9.4413
61171984,60.723225,22.136578,8.3
61171987,60.726643,22.134474,9.6277
440700803,57.76146,23.428316,8.98847
440701014,57.762978,23.90365,9.0915
5536869,49.45733,22.83219,7.36133
17229392,64.94125,23.73562,9.3151
247410310,42.148308,23.040285,9.9699
247410452,42.14235,23.534822,9.86665
247410708,42.25799,23.476997,8.12888
247410766,42.23435,23.272413,9.38994
91517877,45.295353,22.749645,9.8699
113880827,48.14642,23.550907,7.68598
17070250,64.04404,22.11101,9.0711
17099554,64.30187,22.07322,9.631
91518057,45.392464,23.319992,8.08895
402366541,50.131687,23.055069,7.8586
5532315,49.155174,23.763586,7.9131
5532558,49.237473,23.12676,6.14741
5532663,49.23863,22.8335,7.9983
113880753,48.154564,23.348858,9.9065
113881051,48.272293,23.793243,9.1577
113881323,48.252155,23.119587,8.9347
113881460,48.250256,22.77049,7.993
113881594,48.322834,22.45006,9.5765
26113138,53.48941,22.249916,9.9875
26113465,53.58419,23.150106,8.84899
26113766,53.464123,23.831085,6.4717
26114261,53.62625,22.759424,7.11919
17069446,63.9369,23.583738,8.2389
17098829,64.214195,23.33948,7.2771
118521207,68.907776,23.619715,8.4209
15936844,62.875393,22.763111,9.5199
247410153,42.15595,22.598436,9.498
247410993,42.26055,22.456875,9.71766
91517712,45.362057,22.225185,8.6447
113881742,48.316208,22.001326,9.6477
26113393,53.574463,22.987251,8.5865
17069482,63.95793,23.51294,8.87687
17148106,64.46364,22.354069,7.62156
91479176,44.630047,23.459293,9.868
402366726,50.08854,23.689283,7.37657
5532404,49.159676,23.56872,9.49862
26113241,53.584705,22.526937,8.5029
118521122,69.00929,23.730772,8.74669
17069781,64.004425,22.967367,8.7179
91517751,45.378815,22.341011,9.71837
17098452,64.085075,23.841866,9.7583
26113841,53.697685,23.854582,9.8047
113922497,54.285,22.515978,9.053
440702855,58.004395,22.602922,9.7188
440703303,58.0285,23.586105,8.21169
15818874,61.67331,23.166203,9.4417
15819635,61.77389,23.315365,6.4818
15820228,61.83824,22.100567,9.5372
15936511,62.823723,23.37662,9.7802
15937042,62.882526,22.392637,8.3151
15937196,62.8409,22.061115,7.35379
14288264,60.515583,22.999578,9.5924
113922425,54.350224,22.350998,8.70319
113922837,54.241776,23.21107,6.62891
15818906,61.65246,23.220459,9.77252
15936622,62.82,23.15065,9.54069
26078826,52.926804,23.649544,7.6213
15819171,61.64904,23.681168,9.4814
113922564,54.23994,22.646284,8.34349
15819064,61.655563,23.518091,8.14361
15937109,62.819077,22.248627,9.67516
26079690,52.95782,22.073456,9.92727
15936806,62.78563,22.825367,9.9686
118446949,68.68934,22.692314,6.34983
16004504,63.213524,22.413462,5.93213
26052906,52.62383,22.597767,6.6434
14255601,60.27002,23.476562,8.18983
14256287,60.24506,22.10083,8.8984
17415269,66.39296,23.150578,8.2146
14255839,60.238262,22.994604,9.8483
118819019,70.30621,22.982485,7.9352
118819490,70.331696,22.421572,9.3106
337418889,70.85963,23.243782,9.52974
18586354,72.10594,22.404907,9.1288
14255759,60.22132,23.193918,9.17653
118818053,70.204445,23.809624,8.2287
118818134,70.245285,23.93981,8.8991
118818915,70.3507,23.111948,9.78425
118819279,70.349525,22.67679,9.531
440681372,56.79117,23.782524,8.95809
26053403,52.675915,23.877516,9.0497
114084916,55.58375,23.782248,9.6057
114085043,55.732765,23.876326,9.3006
67829074,56.314953,22.117743,9.5956
14225725,59.764328,23.6281,6.42896
14226313,59.915092,23.139349,9.6979
14226778,59.83856,22.212368,9.9395
14226836,59.858715,22.100367,9.7255
16004157,63.27339,23.089628,8.2542
16004165,63.164616,23.076078,9.2744
61175738,63.039146,22.413912,9.0665
426486334,50.009975,23.440994,9.06461
114084387,55.566326,22.786451,6.9655
114084434,55.519684,22.858557,8.7108
67829153,56.280968,22.293545,8.67981
67829498,56.308228,23.12291,9.1398
67829531,56.343334,23.204853,7.8852
67829720,56.272015,23.702673,8.5944
14225371,59.789265,22.988235,8.15947
114084192,55.6001,22.421139,9.75913
26052839,52.57292,22.443182,9.5523
67829528,56.35436,23.192509,9.9103
640611516,56.20142,23.589966,8.0752
113917786,48.396328,23.76614,8.7948
14078096,58.69484,22.679325,9.0976
440685290,57.01487,22.01349,9.8709
17068831,63.794262,23.11441,9.0456
17069125,63.913002,23.683275,9.0754
456940052,51.67873,23.0297,9.0709
456940142,51.76847,23.242579,9.5779
456940245,51.675922,23.451784,8.9507
61113346,52.283745,23.755804,9.3137
25911966,51.546547,23.182674,9.3218
25912047,51.515106,22.981407,8.8126
25912161,51.438427,22.661194,9.4535
114085733,55.653454,22.42857,9.4114
114085808,55.659657,22.27918,9.4232
17068629,63.84207,22.675152,8.1874
17069140,63.827618,23.704838,9.31307
456940156,51.709908,23.258451,8.9613
456940362,51.692738,23.709124,9.66514
113884733,48.459118,22.252525,8.08879
5577675,50.178318,23.489668,9.1401
5577801,50.189987,23.167906,9.39892
17068862,63.808933,23.183256,9.57734
397292492,68.19296,22.10375,9.72258
14255752,60.23676,23.201456,6.84507
14255754,60.238564,23.200243,7.64091
17414107,66.35424,22.2,5.0481
25911964,51.439648,23.186796,9.9088
61139769,56.525085,23.219023,8.6158
25897049,51.01912,22.729084,9.4931
405484093,56.76755,23.995214,8.1128
440727011,58.29021,23.8676,8.4405
440727430,58.3382,23.123611,6.8229
440727257,58.320496,23.499151,9.63138
61139371,56.64247,23.624018,7.7919
5552081,49.877594,23.324814,9.95163
456940190,51.739773,23.333223,9.34275
5577798,50.190468,23.183966,8.13542
61105191,45.869396,23.061481,6.4634
26082042,53.083195,22.011395,9.7345
16049484,63.70586,22.302956,7.7131
15901619,62.159084,22.255754,8.8495
17385769,66.13084,23.000832,8.2678
17334132,65.58,22.662397,7.84068
17334730,65.66832,23.663567,9.7816
26081346,53.14998,23.765635,9.6918
26081667,53.193066,22.950155,7.6883
17385824,66.12099,23.08995,7.5617
17387155,66.33218,22.597374,6.753
17334411,65.59578,23.150307,9.6704
17334539,65.61728,23.3449,8.3668
238415652,71.713974,22.853083,9.2938
238415309,71.72599,22.431461,9.4628
17387044,66.31901,22.781893,9.443
16049407,63.720356,22.463303,9.46252
15902122,62.222717,23.097149,7.3939
15902125,62.22293,23.098597,7.30133
17386397,66.33026,23.796104,9.87769
17386402,66.32986,23.788023,7.93252
17387328,66.34237,22.29387,4.1021
17385617,66.12289,22.74151,7.57358
26081722,53.136906,22.808563,9.29649
15901679,62.255737,22.366917,9.57541
353729441,67.88813,22.154425,9.5483
371423520,43.11523,22.364008,9.8973
438270199,46.59152,22.7711,9.85104
371423531,43.121128,22.336655,8.2465
371426705,43.317707,23.51071,9.0174
371426747,43.364017,23.389668,8.9085
371426887,43.290264,22.949085,9.4108
440685935,57.018913,23.382463,9.136
440685964,56.979042,23.437197,8.8151
371423377,43.02957,22.807709,9.838
91479864,44.6769,22.458775,9.29999
25909087,51.06888,22.578022,8.0151
91480002,44.716003,22.004549,8.0072
247400068,41.43407,22.897528,9.2383
426473361,48.89377,23.597797,9.528
91417178,44.177277,23.693348,8.9517
91417687,44.267426,22.198416,8.42966
440695195,57.429386,22.05669,9.3324
91416826,44.05477,23.198122,8.3267
91417263,44.237366,23.469557,9.9466
113801210,47.283936,23.877148,9.3547
426473476,48.88468,23.966732,9.3461
440685650,56.905266,22.820694,9.9305
440685844,56.983997,23.191978,7.9302
113732950,46.95247,22.16254,8.8442
113733095,46.911243,22.572336,8.00357
113733378,46.83877,23.343573,9.1767
25910192,51.215317,22.278198,7.79111
247407257,42.029102,23.712725,7.6927
247434967,42.736107,22.790985,8.9483
91482661,44.809364,22.767586,9.0629
61105051,45.832333,23.468943,9.7342
61105228,45.815254,22.960474,9.2723
35011122,48.10037,23.894579,8.7407
61105291,45.910355,22.727728,9.9961
61105426,45.80708,22.369831,9.6895
113733448,46.832306,23.524506,9.17279
247407687,42.066566,22.22215,8.8265
61105373,45.80503,22.535488,9.51299
247434780,42.64135,22.113867,8.07847
61105119,45.858303,23.268343,9.9737
440702883,58.023323,22.671633,6.9315
5535883,49.28506,22.53973,8.7914
5536423,49.406292,23.89434,8.5005
427022383,49.706158,23.819056,7.79075
25842144,50.631706,22.809946,7.2045
25842483,50.592545,23.781786,9.6019
440681458,56.904007,23.609116,6.6784
91416984,44.02757,23.586502,9.71816
91417148,44.2244,23.766409,9.53786
91417346,44.164013,23.2391,9.78565
440695258,57.474865,22.200226,9.8063
440681488,56.856956,23.542126,9.0909
440695634,57.414757,23.055117,7.3768
440695842,57.47198,23.530655,8.7817
247396516,41.16179,22.043419,8.91363
426450379,44.968193,22.393719,9.0853
5536117,49.375134,23.169594,9.0571
440681318,56.82108,23.914171,9.3804
15759985,61.458622,23.830027,9.8832
15760674,61.576935,22.688025,9.9957
91417411,44.146645,23.035065,9.6209
440695972,57.489357,23.847095,9.7279
440681358,56.837368,23.803345,6.99556
17195911,64.56034,22.839674,9.8388
17196325,64.59815,23.552296,9.3263
17197615,64.74923,22.141174,8.8114
17228947,64.88644,22.944414,9.3949
17229348,64.93063,23.674816,9.1248
440681425,56.861786,23.67833,7.63924
440695282,57.479446,22.244154,6.07022
440695415,57.514427,22.591639,6.796
25896301,50.826347,23.215942,8.97294
426473215,48.896572,23.2141,8.65655
426473364,48.903706,23.61369,8.80059
17229523,65.00359,23.875566,9.7932
17229639,65.06607,23.713654,9.6612
25896596,51.016068,23.927908,9.5269
25896878,50.94318,23.193422,9.94379
440686190,56.968857,23.94123,9.3782
371489225,43.686535,23.573149,9.2961
56621733,63.40004,23.969858,9.6956
15760608,61.575096,22.837948,8.4193
15760834,61.537422,22.402124,9.6866
15930583,62.56857,23.73883,9.481
15931086,62.592342,22.736517,9.9868
14253131,60.10321,22.835989,9.9777
14329292,60.83426,22.346882,8.1752
14329353,60.832188,22.230019,9.7557
346473860,45.25433,23.292849,7.8397
346473981,45.191273,22.958971,9.2905
28960778,50.29605,23.986042,9.9849
26177815,53.978867,22.610525,8.23725
26178195,54.008686,23.608408,9.8904
46621028,53.978073,23.917187,8.8215
14251590,60.079678,22.104454,9.032
14252318,60.080257,23.534285,9.2669
14252823,60.158672,23.443628,8.9671
14253140,60.126255,22.824284,7.7978
15759448,61.419083,22.803349,8.7382
15931024,62.596466,22.833876,9.18199
14252147,59.974045,23.21701,8.75872
14252246,60.033577,23.398699,8.50486
14253174,60.104958,22.763172,9.76584
26078355,52.879826,22.505806,9.12472
15759881,61.441734,23.617163,9.46317
15930907,62.634182,23.086555,9.47902
113805968,47.58531,22.174236,9.82791
113876311,47.94524,23.024048,8.2286
113876317,47.923244,23.03639,8.5822
113876445,47.885353,23.364073,9.9479
440681396,56.821426,23.72675,6.4918
440681752,56.845455,22.922113,7.94189
5536278,49.278706,23.5839,8.87307
440681316,56.851723,23.914675,7.28059
14252112,60.05444,23.149069,9.638
440695721,57.4854,23.218624,9.72135
440695768,57.420513,23.341572,7.9477
113876694,47.934822,23.98707,8.40212
113877134,48.10311,22.880575,8.327
456939771,51.685654,22.344826,9.50629
247397199,41.238125,23.36769,8.53436
440695920,57.43138,23.711853,6.22062
5535791,49.356,22.28311,8.37426
5536049,49.315002,22.955896,9.1644
427022374,49.72162,23.792217,9.9661
440702688,57.93442,22.29601,9.06625
440695975,57.491898,23.848694,6.79789
440696013,57.4878,23.953169,9.4206
440681317,56.84983,23.914473,9.29454
371422914,42.878586,23.652842,9.8021
34553657,44.275867,23.851665,9.672
371422512,42.89112,22.55945,8.9439
91436802,44.47689,22.572159,9.5607
61085680,45.584557,23.39314,9.5013
34553671,44.428177,23.962381,8.9048
61085913,45.622383,22.54376,9.80858
91436734,44.450497,22.760702,9.1347
61085970,45.6142,22.3735,7.4532
25911749,51.424717,23.706007,8.8583
371422715,42.980255,23.146091,8.8323
61085664,45.556602,23.427721,8.36493
456935844,27.122248,22.156511,9.8408
438267098,46.499847,23.137362,9.2221
402366321,50.13356,22.445812,8.9044
402366336,50.12991,22.494747,9.4801
113810370,47.831215,22.170544,7.3827
16048446,63.6101,23.696436,5.6474
16048649,63.733284,23.84717,8.9049
67768395,55.947857,23.211798,9.8424
113810286,47.807674,22.415865,7.9033
426473893,49.06506,22.763918,8.6131
67768222,55.923035,23.64915,7.59798
67768242,55.92864,23.594776,9.0593
16048383,63.634644,23.574944,7.4515
16048466,63.535004,23.716974,9.17677
440731743,58.552685,22.879091,9.30902
426473795,48.9945,23.0341,9.6334
438266427,46.350178,22.780151,8.0228
26017422,52.40748,23.381449,8.9786
346515099,48.839,22.397766,9.8672
346540201,57.896294,23.227205,7.85884
346540223,57.864292,23.267202,9.47843
16048059,63.61289,22.929052,7.7416
61176362,63.10419,23.574568,6.27528
61176371,63.09379,23.591183,8.7213
113808970,47.704895,22.178806,9.9135
46621026,53.99995,23.914118,7.749
46620999,53.839405,23.951286,9.53477
113809437,47.615147,23.303598,8.6886
113810151,47.84575,22.804117,9.964
113810152,47.78843,22.80151,8.9921
113810191,47.84643,22.677849,9.614
113809984,47.725605,23.206573,9.4458
371427040,43.286667,22.453537,9.91245
26017501,52.336857,23.608921,8.83685
25966165,51.925274,23.803665,9.67447
61176450,63.078873,23.732758,9.40835
16041611,63.647984,22.351181,8.7329
16041659,63.626747,22.451836,6.6335
46634062,54.12361,23.912643,7.9714
46634063,54.125496,23.911919,9.74247
16048264,63.638165,23.376766,8.70449
440704148,58.14675,22.423069,9.6562
397369414,41.98166,23.908665,8.9107
91400605,43.973396,22.735657,9.7157
91400644,43.91408,22.604149,7.2447
26018115,52.44643,22.664675,9.7359
61116976,53.23763,23.06895,8.5023
26018146,52.497192,22.58816,8.63641
371470251,43.614662,23.847185,8.78079
371470267,43.621246,23.802523,8.85077
113809598,47.62744,23.722467,9.93539
113810068,47.795074,23.028671,9.83665
371426141,43.23995,22.569296,9.8025
113809750,47.746555,23.772354,9.18615
113810166,47.803413,22.770819,9.72847
113810200,47.74722,22.658031,9.28162
371426546,43.19555,23.8589,9.66676
371427150,43.350807,22.140657,9.97759
61138899,53.208664,23.692186,8.1077
61116765,53.29276,22.463072,9.98587
456935909,27.15211,22.401796,7.63825
247407095,41.87641,23.636679,7.0182
247371466,40.81865,22.059706,8.5147
247020113,38.752274,22.46609,6.47
113729823,46.822258,23.157585,9.672
61085432,39.24563,23.621912,9.3718
436852205,40.817516,23.92365,9.46555
61085389,39.27071,23.455568,9.503
438259304,45.966045,23.77724,9.81431
438259349,45.952362,23.660845,9.7904
61085285,39.175114,23.05316,7.73813
436852209,40.8158,23.907877,9.76676
438262389,46.12007,22.077051,9.9383
438263627,46.31417,22.230246,9.8102
438262666,46.162426,22.906038,9.8429
438262726,46.13721,23.057314,8.3954
438266547,46.420887,23.094046,6.0605
91399851,43.876858,22.934177,7.3416
91400107,43.8175,23.665104,9.51872
113675409,25.305103,22.468086,8.66642
438259503,45.999302,23.241812,9.93286
22944749,39.947083,23.88825,7.6838
247017042,38.464615,22.233671,7.89956
247017180,38.525223,22.78957,9.0318
247017590,38.619793,23.501038,7.32843
247017787,38.58756,22.706364,9.8176
247020538,38.852673,23.862597,8.2736
61016954,37.893116,23.400652,8.5801
22900249,39.531815,23.913128,9.3117
247017085,38.43675,22.373383,9.4235
247043283,39.021294,22.42056,9.7847
247020106,38.73726,22.435383,9.8636
247043672,39.04529,23.992626,9.6576
247020248,38.66361,22.967873,8.1738
247373804,40.88385,22.609753,9.14853
61017887,38.071995,22.901993,9.7262
247017528,38.563255,23.736044,9.83249
247043633,38.974857,23.788565,9.4923
246978042,36.20854,23.300875,8.4112
246981342,36.375114,22.748837,9.3391
246981496,36.408905,22.151276,9.6902
247003122,36.49714,22.758696,9.8698
247007094,36.919758,22.110096,9.92804
246981485,36.44312,22.179136,8.179
247003756,36.744556,22.878735,7.0086
247006268,36.815178,22.597921,8.9579
246977458,36.009327,22.45126,8.741
246977696,36.020935,23.27651,9.9952
246980771,36.344604,23.06499,9.6035
246980983,36.282486,23.779564,9.737
247003523,36.702972,23.738543,9.4262
247006824,36.887367,23.148998,9.786
246978078,36.221073,23.159918,9.51697
246978261,36.16569,22.433857,7.9456
246981076,36.433025,23.760855,9.83073
246981220,36.481792,23.194227,9.50971
247003085,36.620895,22.574375,9.33994
247003850,36.67855,22.551424,9.56957
247007095,37.000854,22.105299,8.74541
246981007,36.25766,23.817356,8.96637
247400453,41.50712,23.628138,9.709
247006345,36.80154,22.903492,9.40303
246977661,36.098934,23.158556,9.89522
247003373,36.597363,23.63235,9.6124
246968284,35.310375,23.426605,4.7963
426153650,40.057365,22.729399,9.8867
438263145,46.29984,23.614666,8.17404
438263397,46.253223,22.99769,8.5747
438266957,46.47411,23.554289,8.689
438267048,46.555305,23.26186,7.69569
438267310,46.557236,22.41785,9.2388
438267344,46.456974,22.323748,9.8547
247400516,41.530178,23.471462,9.6316
247400559,41.512985,23.323263,9.8663
247404097,41.842625,23.011559,8.6114
247404114,41.814087,22.960316,6.32532
247404212,41.78398,22.603914,7.45533
438263493,46.205128,22.686287,9.7248
247406813,41.961807,22.753952,9.675
247400404,41.47165,23.777372,9.9887
247404314,41.815617,22.242739,9.7319
247406671,41.92124,22.17583,9.5747
438270419,46.67202,23.46903,9.1757
438262808,46.122543,23.249327,9.81991
426449470,40.377396,22.2446,6.7465
426150762,39.91826,23.589235,8.4984
426151038,39.876263,22.662,9.9533
61011554,37.8507,22.087471,7.4326
247009704,37.200413,23.87053,8.2841
247009492,37.051483,23.309952,8.8099
61011477,37.778053,22.198315,9.03912
247009220,37.12874,22.37343,9.28912
247009442,37.07277,23.129622,9.6417
426150563,39.757153,23.562666,8.9593
426150900,39.918545,23.1584,9.15631
61000596,37.67816,22.46694,6.0097
247043816,39.15952,23.363047,9.5398
247043932,39.080257,22.93275,8.6793
61010537,37.85936,23.810123,9.59
306424074,32.726803,23.79916,6.91913
306487379,33.504395,23.697731,8.6845
306401903,32.396397,23.218912,7.09543
426419020,40.271576,23.619816,7.9043
246974364,35.79385,22.992935,8.4447
113710346,25.559225,22.679512,9.619
247013100,37.42876,23.133066,9.8373
246974135,35.7515,22.274937,8.4561
246974468,35.829487,23.292864,8.89807
247015794,37.589592,23.294188,8.96891
247012494,37.280598,22.86809,8.6349
246974287,35.84424,22.741282,9.2858
247012822,37.367775,23.880222,9.814
426154032,40.01764,23.872225,9.6786
247012680,37.30701,23.469025,6.087
247012493,37.279224,22.86707,9.922
306424340,32.741085,22.925537,9.07204
246931893,33.9213,22.08486,8.0587
238343390,39.48405,22.150667,9.0526
61016509,37.96564,22.741571,9.3914
238343424,39.541737,22.019999,8.4633
91376570,29.020014,23.589832,9.9593
238343316,39.53652,22.404541,9.51292
91353994,28.383652,22.462883,9.1503
91357392,28.616648,23.147194,8.8122
91376559,28.996439,23.614746,9.5666
306217623,30.62964,23.35442,9.936
5644030,32.565956,23.995367,9.5541
91376471,29.023548,23.88472,9.5024
113671365,24.899048,22.16637,9.4326
91354295,28.35634,23.474543,9.9016
150990839,24.56309,22.017826,8.7635
306216985,30.5299,22.1041,6.7498
91357424,28.695124,23.258036,9.90487
91357429,28.65525,23.280806,9.33702
118268215,30.993626,23.934757,8.92363
60986909,29.558628,22.56996,8.5312
306181879,30.029408,23.890083,9.6053
306217340,30.53748,23.507666,9.4032
5614832,32.058674,23.936636,7.07673
306487481,33.437344,23.36732,8.5283
5636984,32.243195,23.983746,9.8647
246974929,35.94927,23.06147,9.8135
246968813,35.441845,22.310123,9.3281
246971220,35.527584,22.87359,5.81501
426419446,40.19346,22.126808,8.0228
238343062,39.529343,23.282537,9.967
238343210,39.540688,22.7451,8.9045
246967999,35.282997,22.399748,8.6628
246971446,35.513763,23.616297,9.84689
246975020,35.874798,22.732014,7.88872
422845993,40.063297,23.454138,9.9985
426153874,39.992413,23.424234,9.9343
61017000,37.90526,23.471495,8.0879
246968840,35.38429,22.196146,9.9076
246971370,35.583286,23.351301,9.6738
246971626,35.629364,23.587982,9.5496
306424247,32.788853,23.216776,7.913
456908034,26.522602,22.256277,9.9181
246931579,33.909286,23.190807,8.3719
246931573,33.85792,23.21256,9.1043
306263194,30.907248,22.872847,7.2147
246940290,34.55949,23.02195,9.6612
306448450,32.988663,23.025953,9.8034
246931513,33.901596,23.42249,9.5977
246943384,34.748215,23.396,9.8801
246943581,34.88326,23.732082,8.0539
306349165,31.856255,22.321775,9.8635
306305751,31.244574,22.802269,8.6715
306207044,30.389078,23.395449,6.2739
306207231,30.40009,22.628187,7.98524
306515985,33.7736,22.232836,8.8158
306305719,31.192772,22.956121,9.9723
306515872,33.73811,22.628849,7.58079
246940327,34.541,23.159111,9.07038
306515882,33.689934,22.600039,8.15702
306349115,31.799576,22.133396,8.70649
91327019,28.119154,22.090069,9.913
246931432,33.817722,23.738361,9.5247
246931715,33.84866,22.639618,8.19593
238343101,39.455322,23.128458,7.90402
246975019,35.861027,22.735212,9.4569
246965734,35.166977,22.428923,8.0501
246975100,35.8925,22.458,7.7243
238342627,39.394463,23.070822,9.911
246970938,35.503258,22.013113,9.398
246931732,33.83657,22.569736,8.97618
246971991,35.614773,22.147741,8.28856
246975039,35.91173,22.656635,8.53628
422845858,40.06638,22.943676,9.11862
426449831,40.315376,23.54115,9.1079
306448177,32.833225,23.893261,9.82776
426153706,39.972713,22.89489,9.67755
246971372,35.52972,23.366161,9.98194
306451071,33.081017,22.381948,8.9826
60922026,25.880552,22.467632,9.6945
60922063,25.832575,22.301151,9.3251
456932457,26.82427,22.142351,8.0861
306451042,33.141174,22.285145,8.8106
306451085,33.096073,22.431046,8.5717
337418079,40.555943,23.21304,8.4461
247373657,40.862717,22.101171,9.7726
61044680,38.22,22.20285,9.9451
247371067,40.831314,23.630613,9.1155
247373627,40.907623,22.01326,8.9748
247374593,41.02947,22.402046,9.89846
61045111,38.216278,23.788351,9.7213
61044859,38.250828,22.846697,9.2719
61045432,38.30724,22.882452,9.4269
247371241,40.71878,22.880907,8.84359
247371340,40.830284,22.520555,9.28432
61044925,38.198845,23.071127,9.86976
61044958,38.249725,23.207191,8.8611
456933291,26.980345,22.759659,7.4947
246940543,34.552856,23.923553,8.813
246941035,34.678665,22.236563,9.10745
246934261,34.04455,23.213907,7.9392
246941096,34.586464,22.022936,7.8826
91376359,28.962664,23.57732,4.72496
246937460,34.2935,23.767832,5.62574
246968478,35.399822,23.628601,7.9094
306423771,32.597324,23.00476,7.7103
306423714,32.633106,22.833738,9.7156
456910508,26.545893,22.448656,8.45853
246940552,34.54963,23.971199,9.4222
246934354,33.97643,23.543367,8.4956
301797581,40.682564,23.056328,9.732
246964933,34.995773,22.646318,9.7009
246940919,34.627224,22.620867,9.61252
91376664,29.071926,23.190165,9.1657
91376631,29.016575,23.299831,8.38796
456910664,26.564976,22.94296,9.9791
246944037,34.883694,22.1875,9.1382
91376223,28.841322,23.111252,9.9982
246968588,35.35204,23.216562,9.81
91327046,28.179617,22.198051,9.1819
306342345,31.530579,22.991287,8.2513
306349083,31.780422,22.007036,9.2313
306451614,33.253845,23.66311,9.5126
306451448,33.08364,23.655045,9.9203
306514960,33.619366,22.269709,9.6853
28351536,29.603546,23.895475,9.7345
60959959,29.15106,23.067705,9.6581
60986217,29.416986,22.617722,9.1605
246934480,34.09171,23.84205,7.593
60986645,29.56353,23.602966,8.5359
306339775,31.49449,22.158068,7.127
306216960,30.572222,22.029686,9.4364
306342114,31.559702,22.108791,8.9819
113672288,25.10861,22.483765,8.4651
113672358,25.032042,22.222578,8.4051
91277460,27.815264,22.176365,9.7023
91327244,28.121984,22.953434,8.3507
60997994,29.734215,23.437757,8.8164
246937894,34.377014,22.345928,8.8378
60998381,29.744833,22.038536,9.4436
246937779,34.4272,22.871264,8.4133
246934635,34.088867,23.279348,9.92217
246937874,34.43886,22.451145,8.7174
306448675,33.01139,22.286427,9.53673
246937142,34.32565,22.534044,9.7236
60959951,29.19693,23.051136,7.2041
246934681,34.112087,23.147047,8.67147
306342156,31.574621,22.297182,9.90964
60998050,29.803637,23.236893,8.785
306308247,31.358856,22.181875,8.7777
60986648,29.482155,23.596067,4.4974
246943323,34.741432,23.16782,6.11427
306342251,31.641354,22.64832,4.9522
60959948,29.208912,23.038908,9.6366
60986644,29.49049,23.60311,6.7882
306181869,30.036688,23.835901,8.7528
246934881,34.157196,22.461355,9.23224
306204191,30.242405,22.86202,8.61426
246937327,34.201946,23.297844,8.73751
246937931,34.390408,22.231035,8.96087
60998024,29.82574,23.350317,9.28785
246937296,34.294582,23.169977,9.31905
246937824,34.435062,22.661371,8.35624
246937130,34.271164,22.505074,9.6927
246937077,34.30461,22.298603,9.9856
246968476,35.40058,23.631855,9.89543
91252163,27.488613,23.131247,9.17492
91306660,28.053436,23.610325,9.705
91354527,28.53185,23.540512,8.534
91354920,28.472815,22.214094,9.4398
91276441,27.687418,22.093742,9.7664
91252120,27.54226,23.26232,9.7654
91252250,27.555132,22.83833,7.0339
91354661,28.47667,23.05347,7.9707
456904518,26.21106,22.296206,9.2401
456933398,26.944355,22.42373,8.213
91354917,28.520748,22.22258,9.9422
118303524,34.316708,23.874369,8.26357
118303526,34.31557,23.873547,8.04845
306451129,33.051086,22.568518,8.1203
306484359,33.29689,22.867393,9.393
306484372,33.206528,22.82949,9.783
306484383,33.27322,22.778563,9.088
306484470,33.223576,22.429642,8.913
306179378,29.893417,22.16799,9.2878
306305000,31.102758,22.436298,9.416
306305063,31.050486,22.71877,9.0787
306305519,31.245443,23.553804,8.09254
306484267,33.281277,23.229439,9.3653
306484514,33.270424,22.304464,8.7564
246934063,33.990562,22.494186,7.85291
60960183,29.206186,23.971497,9.05105
246937932,34.391666,22.230625,8.88424
306484394,33.214035,22.7284,9.52999
306179078,29.944027,23.412123,8.94036
306305060,31.101954,22.704323,9.0689
306305367,31.012005,23.829113,9.42232
246934045,33.979755,22.461746,9.8038
91306277,27.874743,22.867514,9.6175
91252397,27.535713,22.275335,5.26306
91306429,27.867783,23.410795,9.6415
91252419,27.54815,22.16705,8.02717
620347035,33.92782,25.042675,5.0938
268016387,66.67438,25.008707,9.5661
125736653,56.635468,24.870596,8.433
436877478,42.657784,25.20175,8.132
28833320,49.43849,25.251766,9.82642
268074192,66.97046,24.444965,8.5114
640919535,43.70456,24.457022,9.0374
640900330,46.36115,25.256598,9.47218
436932094,43.70456,24.457022,9.0374
118295536,33.92782,25.042675,5.0938
56363295,62.520298,24.115026,9.81339
56553602,63.48352,25.774614,8.95
640648067,56.997044,24.099237,9.768
660407281,66.97046,24.444965,8.5114
660413080,65.156006,24.497046,9.9777
58369308,65.156006,24.497046,9.9777
660409869,66.67438,25.008707,9.5661
34784415,46.36115,25.256598,9.47218
640656960,57.57914,25.578959,5.1965
35204818,57.57914,25.578959,5.1965
660430616,62.52077,24.114914,9.8337
660430615,62.520298,24.115026,9.81339
35155972,56.997044,24.099237,9.768
34784417,46.361183,25.25515,5.416
84331853,57.775665,25.59382,7.686
22944078,39.835922,25.871845,8.252
640932352,40.963783,25.63914,9.6342
34578466,44.649906,24.133816,6.277
35011645,48.120304,25.239422,9.252
118246300,30.836927,24.633663,9.0415
118245970,30.90597,24.175247,9.29522
267950800,66.625244,25.895704,8.7523
118444825,37.56866,24.881279,8.1022
118444240,37.534233,25.692146,9.99113
22985146,59.90715,24.858131,7.1844
22988384,60.112267,25.79365,8.0574
22985314,59.978188,24.695642,7.7446
34970086,47.77351,25.616034,9.5373
118339613,34.544273,24.307463,9.2201
118339615,34.612385,24.300291,9.513
118340470,36.85698,24.919708,9.50526
118340897,36.862804,25.649494,7.2409
23078673,60.574207,25.919043,7.7122
23078678,60.674274,25.921413,8.01258
34786503,46.488537,25.253616,8.9648
34786008,46.53347,24.577732,9.8469
34856578,47.113106,25.970102,8.23314
34855419,47.064163,24.33015,9.2663
34853963,46.96048,25.551945,7.7673
34856273,47.143105,25.571222,9.64973
34855580,47.028847,24.581186,8.0939
34853754,46.955803,25.773138,9.7844
34855174,47.137997,24.019146,9.6833
34856448,47.094997,25.795769,9.7545
125836786,69.20468,24.216354,9.50018
21101173,35.96262,24.305433,7.1832
21099969,35.805122,25.560194,9.05795
21017686,35.02263,24.250668,9.4213
21101153,35.987656,24.271015,9.1524
21101983,35.924183,25.604261,9.0305
150122737,70.283516,25.992765,7.09471
150122696,70.35302,25.913439,8.6834
150122630,70.26148,25.663048,9.5251
125882485,69.499466,25.469147,9.3007
59745004,71.66615,24.423944,9.9695
125882008,69.576454,24.739923,9.8243
125881927,69.58222,24.606773,9.7727
125882314,69.55623,25.179552,9.3255
268510810,68.68796,24.411987,9.5757
59745005,71.59173,24.426859,9.6727
125881879,69.54082,24.553682,8.33691
59839084,71.79929,25.874174,9.0926
268024463,66.87142,24.946402,9.6934
268024785,66.80203,24.369938,9.4392
59839302,71.74705,25.615988,6.4494
268024649,66.86692,24.592657,9.822
59682976,71.29475,24.699183,7.1304
56653225,63.850517,24.07848,4.4097
56653804,63.869164,24.865406,8.3132
84336274,57.909523,25.764631,6.9615
125975731,71.007034,25.337164,5.8628
407931897,61.020226,25.713055,9.4951
268142317,67.28181,24.730556,7.213
150173731,70.58307,25.863426,9.6947
56554129,63.417297,25.000183,8.644
385552629,56.425503,24.90601,8.9288
268325026,68.09083,25.18549,7.37896
385508971,56.29058,24.839264,5.75717
385509181,56.302074,24.467287,4.42336
385509271,56.200897,24.28947,5.52942
385509348,56.218895,24.113356,3.85199
58371226,65.2958,25.883308,9.7729
125755072,56.871155,24.105125,2.9352
427740725,59.720753,25.874794,8.7453
427741499,59.65027,24.36136,9.9295
56554279,63.430153,24.751942,8.7272
35200198,57.47048,25.647451,9.05097
35200336,57.49776,25.934042,9.7125
427740730,59.708183,25.86404,9.50153
427740739,59.724113,25.844006,9.4651
28998905,50.478157,24.398268,9.7524
346626216,57.29058,24.053417,3.68989
56301852,62.208675,24.479958,9.9119
56302087,62.25602,24.889318,9.9761
346624959,57.345745,25.956514,9.3438
346625219,57.276302,25.589752,8.794
56301695,62.21908,24.22422,8.5554
346625344,57.239975,25.391294,9.79554
268398846,68.28218,25.8182,8.60562
84331383,57.79747,24.593216,8.175
58173112,64.2256,25.726189,8.0719
268141701,67.110306,24.149628,7.88414
268445830,68.57561,24.979034,7.66194
58318644,64.89981,24.103767,8.7429
268141719,67.08411,24.117817,6.39086
58226774,64.45127,24.729984,9.8273
58226762,64.48198,24.7059,9.284
58226653,64.51786,24.53945,9.9136
58474628,65.81336,24.411055,9.6277
268445615,68.63875,24.719976,9.7212
302518796,54.61829,24.450735,9.06
349003454,69.043205,25.214703,9.6384
125754515,56.880676,25.253695,9.5642
268024930,66.852486,24.171282,9.992
125978124,71.175255,25.936,9.56662
268024382,66.89185,25.061605,8.4018
56399791,62.62755,24.01689,8.4161
56400272,62.701153,24.581057,8.162
23112455,60.951767,24.401852,7.5513
23112893,60.92213,25.099936,9.5638
268510150,68.66739,25.309128,8.87391
268510520,68.69324,24.81505,8.9434
268510599,68.77969,24.693108,9.7363
58474905,65.76521,24.776,8.1238
125916226,70.818085,24.930029,7.6271
349002279,61.975094,24.327118,9.8948
23111469,60.722305,25.02666,9.1395
23111679,60.777367,24.700443,9.264
23111704,60.729046,24.649557,8.4535
23112918,60.933575,25.154877,9.8331
23111524,60.692707,24.947184,9.7023
268510126,68.733025,25.359745,8.9728
58474457,65.76392,24.190475,9.5065
58474801,65.76355,24.64508,9.13355
58474923,65.80342,24.795218,8.45003
302545199,55.795967,25.855137,9.2642
302540817,54.59572,25.64003,9.2633
34885141,47.20335,24.575335,9.4545
34885799,47.358017,24.99643,8.17579
34886140,47.289467,25.85302,8.8324
125915643,70.84156,24.203959,9.54002
34885707,47.28494,24.768347,9.4124
302540735,54.669415,25.45141,8.7399
125915560,70.80732,24.088917,5.6487
302518867,54.64958,24.601627,7.80945
34885626,47.37291,24.57086,9.96586
58545640,65.99903,24.239868,7.8942
150005200,69.73292,24.759947,7.522
150003326,69.71451,25.571457,8.7083
59872493,71.86559,24.354845,9.3625
518454241,57.29047,24.053122,8.1513
385589411,56.512085,24.527897,6.48015
385589511,56.4567,24.367739,3.97365
640698303,53.610928,24.46461,6.5163
150130873,70.44663,24.64645,6.4608
150130936,70.47568,24.563475,9.66658
268510346,68.663666,25.01695,9.3552
23112799,60.905373,24.946232,8.10372
58475376,65.832085,25.513014,8.8425
23111476,60.816563,25.01097,9.9737
268281941,67.81864,25.030458,7.8034
268510935,68.70905,24.244522,8.28224
58475105,65.776245,25.139814,9.151
56400468,62.792423,24.895536,9.42586
58545683,65.999016,24.30098,6.17734
35156981,57.16628,25.676994,9.277
23048905,60.23337,24.436575,9.8249
23049566,60.422295,24.581772,9.1248
23049660,60.369793,24.731476,9.5474
35156619,57.112118,24.99442,9.9959
35156835,57.12626,25.393274,9.8527
35157116,57.204456,25.945534,9.8739
23049077,60.25367,24.11691,9.4493
348870533,61.49774,25.788214,8.2745
35156802,57.15127,25.331072,9.9138
58320181,64.94554,25.763655,9.60146
84336227,57.939648,25.884909,9.71008
23050317,60.293293,25.857038,9.70658
35156797,57.109646,25.323076,7.7773
35157033,57.174545,25.800743,8.32711
23049666,60.412743,24.74424,9.48247
23113034,60.838364,25.34383,8.3482
58320234,65.000015,25.829763,9.4292
385558726,56.540234,24.909307,9.896
385589562,56.477257,24.252653,9.1922
346543336,55.12537,25.362074,8.3169
385589689,56.516636,24.045475,9.9937
56553760,63.366096,25.549318,8.3405
348638995,56.10121,24.426249,8.97
28833617,49.50868,25.955347,8.7278
346543340,55.191742,25.349962,9.2616
346592348,55.19146,24.153336,9.647
346543043,55.22736,25.890089,7.7163
346543200,55.23888,25.60825,7.3218
385589596,56.557278,24.196611,6.6347
385589466,56.456676,24.426601,9.6401
267951090,66.654785,25.710772,9.4145
385589599,56.56671,24.189693,7.9868
346543351,55.192955,25.329489,6.03826
385558661,56.525585,25.017065,9.96206
385589396,56.476986,24.554512,5.8223
385589694,56.46515,24.038877,7.69792
23110992,60.721485,25.880459,9.12303
28833455,49.492912,25.5594,9.19024
346543282,55.241486,25.465042,9.1872
346592195,55.23149,24.45687,9.15104
385558643,56.497646,25.051641,9.32413
385558677,56.52404,24.992956,9.5724
385509110,56.254726,24.584974,9.557
385552625,56.402973,24.901947,9.1576
150060636,70.090485,24.83629,9.8108
385509328,56.20475,24.163298,9.5986
385552517,56.435574,24.713888,8.4776
84336605,57.963253,25.098562,8.0685
150060023,70.029564,24.034208,8.1811
385552299,56.407448,24.335613,7.0176
268324839,68.021736,24.929256,9.7916
150173160,70.637184,24.864792,9.84612
59685013,71.442825,25.489895,8.8232
150173487,70.648735,25.454224,9.7152
150173676,70.6389,25.797907,9.9592
59684446,71.32322,24.767399,9.8144
436852250,40.90834,24.072943,6.17667
436852257,40.924557,24.103554,7.7279
353928080,55.006866,25.809801,9.7789
268218715,67.512825,25.255495,9.6882
385590653,58.074566,25.337763,9.234
149907950,59.04246,25.34088,9.7201
125783360,59.837982,24.380136,9.97988
125754945,56.96237,24.367401,9.8766
348955644,61.943645,25.908817,9.9013
436852777,40.963512,25.638348,6.3666
353928012,55.047497,25.633236,9.9428
149908186,59.05329,25.762072,9.8398
125783171,59.80567,24.746416,9.1724
149857152,58.805534,25.660566,9.8947
258067484,55.691383,24.271233,9.2825
258067618,55.647354,24.537943,9.6449
125754844,56.870155,24.55693,8.4241
125754853,56.8979,24.536102,8.9174
56547346,63.335842,25.472996,9.7162
268444493,68.42993,24.782763,9.2607
58600780,66.08145,25.859451,8.9711
150061097,70.03845,25.592392,9.315
258135391,55.77718,25.68136,6.747
258135394,55.777386,25.685009,8.5486
302545330,55.834705,25.599577,9.14789
125754793,56.860577,24.65846,8.6884
125754823,56.850315,24.588488,7.46818
125754991,56.872723,24.288338,6.77918
258067594,55.72964,24.493069,9.01229
125754460,56.945145,25.385696,8.0791
268444719,68.4659,24.501997,8.585
258067584,55.70382,24.48293,9.9272
125754947,56.91852,24.36456,9.9521
125977031,71.06063,24.352474,9.8048
22988210,60.154083,25.651327,9.8503
407931706,61.049812,25.399069,6.567
407931915,60.961597,25.748587,9.634
348798540,61.16627,25.32471,8.0427
22984894,59.95078,25.092619,9.6495
125977802,71.10384,25.528532,8.7425
56629224,63.721237,25.813759,8.8192
125975954,70.952934,24.958477,9.9544
125976896,71.098976,24.187769,9.6213
125977718,71.074776,25.414228,9.9308
84336780,57.942093,24.726799,9.6041
84336477,58.00383,25.341726,7.02106
56460371,62.99272,24.45938,9.6326
56460629,62.9697,24.837431,9.0518
268511738,68.810814,24.945889,8.73494
348798229,61.14756,25.85542,9.545
125976811,71.09292,24.082584,7.6716
22984715,60.004017,25.228533,9.81067
407931404,61.015804,24.885464,9.8467
35155962,57.029884,24.142056,8.7983
35156201,57.14503,24.181196,8.5846
58636288,66.295105,25.749182,7.4073
56460346,62.963886,24.430801,8.48671
28998860,50.59658,24.28074,9.5079
150131404,70.51708,24.010761,6.7373
150130728,70.488205,24.823225,9.39971
125914654,70.752,24.989756,9.1451
35206284,57.698864,25.2383,9.8225
58545206,65.98649,24.211208,9.7909
427735581,58.26416,24.250895,9.3993
56362112,62.359062,25.830086,9.5345
405413133,51.729816,25.335829,8.0863
405413188,51.716682,25.212893,9.57192
405413363,51.747482,24.823704,5.7111
258066868,55.549065,24.898535,8.7124
150096384,70.135994,24.442038,8.8618
56362184,62.42018,25.735851,9.3231
46674314,54.217102,25.913713,9.76969
56362437,62.352024,25.292765,9.30145
58545153,65.932274,24.287941,9.9567
58545061,65.87667,24.405409,6.7256
149980344,59.491478,24.643806,9.514
149980473,59.405224,24.425919,9.0616
35205872,57.704155,24.429712,9.7462
149979708,59.39032,25.76513,8.4713
58545144,65.990715,24.30384,7.87305
58545243,65.8971,24.159447,9.39175
258067071,55.584087,24.46839,9.9515
149980030,59.496925,25.180285,8.7816
125844372,69.45112,25.823908,7.4356
125844432,69.35248,25.727371,6.25794
125914875,70.671585,24.688269,9.056
56622530,63.599426,25.047943,9.6093
125914968,70.733025,24.567974,9.9461
125881072,69.34094,24.472214,9.9736
125844624,69.352104,25.408821,9.1308
346626099,57.358265,24.247702,7.83257
56622687,63.49969,25.26777,9.63221
149981167,59.612804,24.69246,9.59512
346626001,57.32001,24.39613,7.46169
346626019,57.340626,24.380955,6.64148
346626171,57.29674,24.136715,5.28524
149980785,59.58709,24.08111,7.19752
348868553,61.391335,25.252134,8.90128
58368279,65.12658,25.827454,7.58156
125881354,69.44272,24.046093,9.17313
35206059,57.643196,24.791576,9.7421
346625850,57.29889,24.636581,9.87583
46634389,54.22929,24.633287,9.83176
46674348,54.295994,25.991098,6.5621
35205829,57.642426,24.346806,9.95151
58722194,66.40996,24.130562,8.9668
58435094,65.50902,24.020098,9.8184
427580047,54.972973,25.762012,8.5708
267953301,66.576416,24.08934,9.8096
268217628,67.332855,24.32165,9.7205
46679185,54.38054,24.495718,9.8099
46680271,54.56485,25.747213,8.573
58281878,64.54255,24.911057,7.24328
58282794,64.78733,24.139969,9.3205
58283110,64.78412,24.590792,9.1171
29055294,51.07699,24.724094,4.4808
35011374,48.11923,24.497637,9.8422
29055557,51.011913,25.254272,9.4946
46678704,54.34094,25.488104,9.0593
46679202,54.436188,24.449306,9.9238
46679285,54.431084,24.259142,6.65221
46679367,54.3859,24.063303,8.8593
46679948,54.562542,25.076633,9.3918
46680052,54.47597,25.262556,8.2425
58281811,64.61598,25.00391,7.9335
58282708,64.76738,24.027952,6.86814
35011844,48.12965,25.707005,9.2361
56742710,63.91066,25.399712,8.7997
58282923,64.74932,24.308773,9.7163
58317333,64.875084,25.820028,9.959
29699745,51.57667,24.939432,9.242
29016450,50.621616,24.359365,8.3499
58281499,64.66711,25.463652,9.7568
29016776,50.806435,24.191008,9.388
29016782,50.806602,24.198648,9.0469
29017048,50.748264,24.787441,8.4795
29017412,50.806026,25.578062,8.2375
58173216,64.18495,25.86719,9.87576
58473048,65.6456,25.629314,5.4481
84331584,57.87101,25.006624,9.06555
84331644,57.855392,25.162928,6.6459
84331771,57.781593,25.408443,8.90887
84331854,57.7764,25.594694,8.67949
58226679,64.48802,24.57794,8.7848
58227437,64.47,25.75695,9.57879
59685221,71.42963,25.716043,9.2582
56512881,62.95397,25.983864,8.4308
84331871,57.83974,25.635408,8.88655
58473044,65.648125,25.634226,7.8268
29016713,50.84751,24.06119,9.9084
29016354,50.632908,24.582062,9.2299
29016780,50.780235,24.196377,9.40203
29017001,50.787098,24.690071,9.58025
23077129,60.47652,24.12708,9.8413
58369290,65.09388,24.521902,9.5914
58369782,65.24613,24.024317,9.9558
150005560,69.84645,25.218279,6.17021
46620398,53.84645,25.266998,8.2757
35159744,57.389263,24.629776,8.6597
149923906,59.359924,24.461937,5.0163
149924361,59.29927,25.282831,6.5596
149924625,59.263004,25.751005,9.8574
23076925,60.526966,24.486376,8.0026
125755112,56.916157,24.003332,9.4746
35159532,57.44132,24.245817,8.1597
150005570,69.72377,25.230507,9.95121
268075036,66.998215,25.718771,7.751
125975479,71.02483,25.677286,9.8735
46679140,54.328175,24.607191,8.50446
58369142,65.19242,24.723577,9.5989
58369905,65.25093,24.188334,9.6585
58370552,65.22471,24.995596,9.2966
59840510,71.83491,24.155678,9.9947
125975482,71.036896,25.675894,9.1234
46679056,54.334557,24.78767,9.758
46679003,54.324966,24.89528,9.9652
46679294,54.395443,24.236572,9.9973
58284067,64.76539,25.953066,9.5165
29055307,51.113674,24.753283,9.6607
150096079,70.14192,24.907812,9.5983
427770376,69.114555,24.649223,9.9827
427771128,69.176094,25.91991,9.0118
268081490,67.077225,25.52804,9.0928
28872917,49.69164,25.28799,8.4372
149856988,58.824688,25.35577,9.8424
58171740,64.01411,24.299416,9.713
34645290,45.241116,24.60147,8.0363
34645390,45.189953,24.887482,7.9132
46426502,52.552837,24.486855,8.4675
46426625,52.522312,24.190413,7.8266
405430886,51.991844,25.561586,9.7087
29106768,51.25698,25.438982,7.9637
29106999,51.14549,24.970127,8.5318
29107537,51.360477,24.158854,8.8383
35155445,56.9752,25.130394,8.0386
35155511,56.99014,25.013348,9.3736
35155521,57.02725,24.988417,4.60521
268074793,66.94546,25.41413,7.9979
35156284,57.177334,24.331339,9.6777
58171761,64.119225,24.260015,9.8722
58282270,64.63939,24.405579,9.7614
268218872,67.53071,25.449423,8.5774
268510070,68.773445,25.433437,7.7895
268143108,67.23682,25.800552,9.7976
56653378,63.77627,24.310127,8.51894
56629759,63.69251,25.078028,7.95535
56363513,62.52016,24.487255,7.9882
28832163,49.31643,25.482435,9.1219
28832187,49.29141,25.414791,9.7346
28832694,49.34255,24.117378,9.3415
46502201,53.157654,25.025688,9.6451
56300502,62.07937,25.611832,9.3696
56363274,62.508636,24.092672,8.3604
28832041,49.371758,25.820723,8.9132
56629689,63.647167,25.181215,9.0193
35155873,57.056488,24.3184,7.93836
35156298,57.1254,24.345499,6.85437
56629694,63.645363,25.175468,9.5886
28833184,49.517464,24.8772,7.40731
56363257,62.431984,24.072927,7.20276
28833075,49.419613,24.582218,8.98236
46501931,53.131046,24.48321,9.28105
56301075,62.058643,24.6361,9.27483
56363323,62.54043,24.145569,9.93548
28832733,49.277157,24.03515,8.3242
56363892,62.538532,25.195442,9.30938
35117064,49.15698,25.471817,9.8315
46538733,53.610973,24.464396,6.5426
28872434,49.71092,24.053131,8.80544
28872526,49.73954,24.283726,9.97562
28873000,49.74635,25.513565,9.3885
405430971,52.010353,25.369305,9.58263
405483251,55.944473,25.41335,9.32163
405483333,55.961136,25.268988,9.09252
405483707,56.00112,24.556997,7.89998
35155396,57.070305,25.215122,8.75864
58170932,64.04232,25.517946,8.67081
268323040,67.95685,25.8852,9.22284
34972914,47.842422,25.894875,9.53947
46426376,52.517998,24.796532,9.50198
46426472,52.537327,24.562998,9.3407
58171916,64.08504,24.019503,9.955
385552170,56.39749,24.083212,9.54523
385509190,56.23498,24.43261,9.83408
385552242,56.435055,24.220316,9.91463
385552270,56.422497,24.288612,8.93142
35156129,57.10902,24.048388,9.504
385552372,56.393597,24.46331,8.27563
385552466,56.417408,24.627228,9.195
385553166,56.419678,25.855135,9.5557
385553012,56.386345,25.611027,8.23653
385552144,56.358906,24.035164,7.85227
385552619,56.35053,24.88598,9.19991
385553003,56.43802,25.595793,9.57508
385553229,56.328045,25.971731,9.39885
268397781,68.27762,24.16529,9.8408
150060825,70.08756,25.052149,8.95023
59684153,71.325905,24.41013,8.61115
385509282,56.277233,24.263498,8.29524
385552643,56.33692,24.922071,8.56424
35159444,57.419098,24.037506,9.7885
407930966,61.018215,24.134766,9.4763
348639187,56.14683,24.062773,9.7243
149922915,59.150776,25.159502,9.1414
149923305,59.188583,24.510374,9.7765
58721574,66.46664,25.054468,9.197
348638656,56.062782,25.0731,9.9408
348638747,56.08425,24.874931,7.1537
405490243,56.73734,25.635689,6.0139
58642826,66.435234,25.897396,7.5031
56553600,63.403614,25.775229,8.64
56553938,63.469627,25.303518,9.2843
58643077,66.47651,25.572004,6.7325
58433712,65.45485,25.594978,8.6521
58434342,65.38531,24.777124,9.8355
58642944,66.4147,25.749786,8.8652
348638782,56.169823,24.818537,9.33602
348639016,56.10715,24.394716,7.92608
348639155,56.098087,24.132639,8.61523
348639011,56.053864,24.404331,9.77256
348639078,56.068726,24.27284,9.9461
58320335,65.02845,25.954548,9.9654
268081859,67.09754,25.009577,9.00287
268509944,68.73896,25.619286,8.9812
58317811,64.832405,25.195234,9.2681
58371043,65.272194,25.6635,9.7154
58226012,64.31023,24.24247,9.3514
436932132,43.72249,24.339172,9.0298
34578511,44.70144,24.311937,8.702
35027053,48.50574,24.26528,6.7783
46533327,53.4786,24.58363,9.5241
58226105,64.28779,24.124044,8.31525
436932520,43.836018,24.73684,7.625
436932680,43.936325,25.177485,9.457
34716734,45.854492,25.563915,9.673
405432331,52.14685,25.399857,9.6155
35027057,48.554577,24.259045,9.9336
35027483,48.60963,24.715096,8.4024
46507128,53.32374,24.753918,8.7943
385508357,56.23374,25.953297,9.2499
436932938,43.90346,25.874565,9.3603
34578743,44.668385,24.94407,8.67089
46506684,53.379486,25.679571,9.73749
46533179,53.471893,24.243126,8.31065
46533214,53.518303,24.308708,9.03789
385508472,56.186153,25.764753,9.61537
385508585,56.280933,25.554325,9.53381
268397857,68.37035,24.279314,7.46827
34578838,44.711876,25.212347,9.66403
150097051,70.37174,24.322638,9.2142
660425311,63.1643,24.351221,9.9281
56654446,63.83167,25.790087,8.8284
58544333,65.87712,25.448122,9.5609
56398990,62.64947,25.362514,8.68952
661186603,62.95405,25.983538,9.8345
35115879,49.07621,25.606495,9.8737
35116595,49.163532,24.273035,8.8196
35117080,49.150574,25.496437,7.92981
405413570,51.756157,24.327106,9.1581
405413957,51.905205,24.439585,9.915
46615607,53.68373,24.986395,9.2214
56302721,62.162594,25.877768,5.8565
348869162,61.44994,24.248241,8.1623
348869824,61.547684,24.720573,9.3411
348869833,61.51955,24.732103,6.2681
348869905,61.591576,24.86653,8.16511
348870289,61.541225,25.455982,9.2574
35115948,49.082333,25.428019,7.8645
35115964,49.055046,25.39502,8.0006
56512474,63.02798,25.38446,9.292
35117217,49.179607,25.901825,9.3514
56460650,63.079643,24.870367,9.36516
35117204,49.242867,25.863228,9.76332
348893848,61.885353,25.07487,9.8575
56459923,62.865158,24.11718,9.2677
34717894,46.00005,25.258955,9.0325
46621274,53.930576,24.504023,8.6774
22984033,60.00434,25.829811,9.76
22984316,59.942734,25.590734,9.3533
348893263,61.754055,24.128197,8.199
348893348,61.852043,24.26395,9.3429
405431957,52.152195,24.665367,9.2333
405432170,52.18805,25.088211,8.7122
28960828,50.285378,24.11495,8.94144
46621188,54.03277,24.303974,8.32077
56460442,63.007465,24.568172,6.92763
84336237,57.93811,25.852207,8.0542
29107747,51.360046,24.660568,8.54803
348893575,61.77001,24.63867,9.6249
56460000,62.820076,24.005075,9.86312
35116329,49.030766,24.365068,8.73015
46538779,53.53046,24.344446,9.06391
46615190,53.716827,24.100729,9.25409
348869003,61.4222,24.471695,9.2582
35117110,49.256393,25.586689,7.83343
46538664,53.541073,24.592098,8.5331
348868822,61.4444,24.802124,9.98938
348870214,61.55088,25.362194,9.94646
35116161,49.038815,24.818325,9.961
46538728,53.61654,24.46808,9.46212
35159517,57.477894,24.218332,9.0241
35159593,57.485813,24.348993,7.50755
397370237,51.449924,25.871012,7.97345
405414675,51.885284,25.90008,8.5796
23078061,60.658836,25.268534,9.51
149923763,59.272644,24.19991,9.44587
35160073,57.436867,25.364185,9.565
46633966,54.092697,24.15766,9.0766
56743489,63.92252,24.188162,9.2404
34939357,47.468998,25.951967,9.2145
34939546,47.45746,25.511713,8.3992
34939860,47.53349,24.663399,7.5788
34940232,47.579666,24.187479,7.8665
405432528,52.158585,25.825968,8.9546
346592926,55.30367,24.892944,8.2249
346592996,55.32531,25.008165,6.39555
125736580,56.607777,25.017998,8.0986
385558117,56.50482,25.972261,7.5233
149981637,59.565254,25.475744,9.0771
346593555,55.2884,25.995369,9.0071
125736995,56.66389,24.103203,8.86725
149981732,59.596947,25.651176,9.9009
34940228,47.600124,24.178465,9.0983
34940627,47.555546,25.217024,8.86866
125736216,56.645126,25.843874,8.3815
125736946,56.613663,24.255,7.28739
385558439,56.496414,25.398592,7.87663
125736489,56.60242,25.212057,9.2729
34939568,47.49007,25.42247,9.49188
34940656,47.545727,25.28096,8.11744
125736367,56.582985,25.475958,8.89797
125736654,56.634087,24.87056,9.41425
125736605,56.66156,24.959646,9.67804
125736522,56.613968,25.135534,9.95969
125736791,56.59446,24.57015,9.86192
427580322,54.864597,25.171143,9.8174
427580323,54.932465,25.161207,9.9609
58608068,66.17717,25.161922,7.93736
58608650,66.19392,24.362047,8.4142
56519093,63.146812,25.338692,8.3804
34716595,45.892933,25.8519,9.4708
405431762,52.152096,24.2375,9.6893
46427131,52.67266,25.003304,8.881
405463216,52.426807,25.316824,9.9787
405463315,52.362106,25.501854,8.9751
35086245,48.975857,24.2296,8.7288
35086335,48.886574,24.455482,9.7842
46620546,53.868126,24.932877,9.5173
46628804,53.92576,25.70883,8.3974
46633275,54.179134,25.621733,7.9875
46633478,54.14336,25.214193,8.625
46633497,54.109337,25.172176,8.8336
385590407,58.121517,25.005438,8.2319
405463433,52.39513,25.712614,9.8065
46633582,54.057568,24.993906,8.9034
385590024,58.07185,24.40022,9.538
46477464,52.743202,24.235317,9.024
46620835,53.81373,24.303612,9.1759
46427445,52.679604,25.740585,9.3648
46427471,52.69715,25.79426,9.68023
46478303,52.882,25.721571,8.84581
405463403,52.35584,25.652264,8.97403
35086365,48.916237,24.543589,8.0219
46426919,52.67503,24.507757,9.7669
35086733,48.87304,25.542429,9.4391
28910925,49.909252,24.81716,9.3658
397369482,51.49511,24.099455,9.7871
125782930,59.863586,25.216959,9.7793
125782931,59.8084,25.215937,6.9161
125783004,59.767582,25.093859,9.4102
28910939,49.915855,24.772953,9.55565
125783023,59.827625,25.066141,8.59332
405483946,55.998,24.147804,9.3438
427580304,54.96317,25.194853,8.49048
427580698,54.923462,24.3064,9.5045
427580851,54.865143,24.02599,9.756
268396992,68.16585,25.122711,9.4179
405490050,56.818066,25.293325,7.8966
34717392,46.02589,24.032848,7.8942
46501202,53.039383,25.146288,9.3553
405483489,55.946415,24.968098,9.8756
405483892,55.980534,24.250326,9.0057
405484478,56.764915,24.637123,9.0858
405484574,56.764797,24.819927,8.0675
405484178,56.819035,24.12835,8.2611
405484278,56.79189,24.276651,9.0277
436873322,42.542397,24.206238,9.666
436873417,42.599262,24.509487,8.5425
405431525,51.956623,24.182756,6.84597
427544940,54.73224,24.078173,8.9844
427544994,54.743515,24.206976,9.3516
436922738,43.221527,25.756191,9.7613
436872691,42.36866,25.438402,8.9464
436873512,42.61754,24.793915,9.66
436873623,42.597164,25.054722,9.648
427545059,54.78804,24.367804,9.30452
427545108,54.806137,24.466522,9.79581
436922681,43.283306,25.915972,8.7858
436872558,42.482857,25.752325,9.46062
405430913,52.033062,25.511597,9.14033
427545153,54.736935,24.569809,9.94863
397369289,42.07006,24.32119,9.9572
405483078,55.9714,25.725414,7.9439
405483425,55.92999,25.080729,7.421
405484171,56.837658,24.116268,6.30821
405484416,56.74748,24.520124,6.80539
405484557,56.728825,24.79634,9.96691
405483054,55.912285,25.770897,8.22895
405490183,56.836998,25.52584,9.29091
427735820,58.222828,24.71573,8.99384
405483817,55.930176,24.374569,8.01743
405484188,56.83061,24.139114,8.04925
34717828,46.004993,25.066803,9.8097
405483895,56.04134,24.247145,9.6577
385590511,58.047485,25.163076,6.2376
46633385,54.08197,25.398987,8.8983
301916791,41.919113,24.591024,9.2477
301916825,41.94509,24.697163,8.04871
301916685,41.96079,24.274874,8.711
405414316,51.80552,25.151152,9.7626
405462383,52.268627,24.312174,9.6316
405462721,52.341923,24.265812,8.6896
28999055,50.543575,24.751505,8.5237
405482992,56.008133,25.882992,7.0121
427545375,54.71244,25.121948,8.6336
436873727,42.557907,25.333618,7.1323
427545204,54.778015,24.702868,7.09219
301916182,41.713165,25.146418,9.7562
427545399,54.78088,25.156782,8.8749
405462632,52.43327,24.062063,8.97603
405462726,52.4564,24.275055,9.98954
28999424,50.556694,25.498152,8.69664
28999435,50.572647,25.532417,8.91737
436856866,41.174877,24.403128,9.3489
436857061,41.247265,24.958216,8.5915
436857393,41.27611,25.864695,8.7292
29108278,51.30228,25.78671,9.1594
29108344,51.35525,25.952202,8.3168
436856183,41.06462,25.523365,8.27767
436856280,41.06698,25.253624,9.22743
436856798,41.18776,24.184374,7.85365
436857027,41.207195,24.83859,9.7664
34692083,45.562645,25.507101,9.56816
34692428,45.559334,24.649706,9.0688
34754592,46.262424,25.506151,9.80038
436856161,41.12499,25.581133,9.7289
436861732,41.49002,24.331923,9.8449
436861748,41.566055,24.376842,9.6068
436868044,42.22499,25.404663,8.7446
436868407,42.21136,24.461065,9.514
436868639,42.317757,24.022593,8.595
436868737,42.33454,24.307924,9.7212
35016620,48.361507,24.585245,9.4574
436936251,43.956913,24.720266,7.0559
436883070,43.052032,25.19833,8.0567
436867948,42.182827,25.67431,9.676
436868088,42.13905,25.29614,6.5026
436868177,42.189774,25.076773,6.54952
436869292,42.350105,25.806244,9.3612
34649436,45.35439,25.243713,9.8941
34649185,45.410076,25.814035,7.4662
34970894,47.76956,24.578169,8.05266
35015853,48.276917,25.135838,9.7033
35016552,48.37357,24.407808,8.4385
35016233,48.233456,24.265226,9.5069
34649335,45.32956,25.453016,9.9462
436877716,42.701324,24.444109,8.5509
436877755,42.69512,24.320345,8.3997
436862182,41.56336,25.6499,7.1286
35022650,48.42249,24.987072,9.31356
436936337,44.050625,24.499172,9.15419
436878277,42.818333,25.000757,8.2699
436878428,42.800705,25.420261,8.7586
34687190,45.362793,24.625256,9.1686
34687682,45.435,24.723394,9.1733
405431384,52.03269,24.521172,9.3889
34980112,47.99104,25.641798,8.7722
34979932,48.02421,25.89547,9.7313
436861386,41.36784,24.470524,8.9222
436868833,42.34658,24.55143,9.91194
436861380,41.35111,24.47632,9.9599
436877993,42.838337,24.22553,9.9443
436878182,42.80342,24.74866,9.67389
46425859,52.553295,25.987122,9.8367
34980152,48.00761,25.591995,9.58189
35011236,48.15148,24.18928,8.857
34979985,47.96907,25.844656,8.97153
34649466,45.41453,25.168509,8.5067
34649482,45.366844,25.126497,7.5758
436868126,42.19128,25.188044,5.95298
35015702,48.286503,25.515087,8.40377
436937096,44.13697,25.599773,9.34214
436861940,41.44523,24.892166,8.26337
34753196,46.145374,25.698765,9.67694
436877477,42.65759,25.202862,9.47754
34649448,45.38605,25.20872,8.79851
34687359,45.417397,24.160437,9.52166
35011276,48.1308,24.270761,9.33878
436868890,42.3204,24.740007,9.94644
35015820,48.23742,25.217072,9.7536
56519426,63.11267,24.785406,8.3833
56742515,63.915638,25.673923,8.9457
35204900,57.573635,25.379568,9.15715
35205240,57.565235,24.666788,8.9232
35205334,57.61688,24.495483,7.30224
56512681,63.00841,25.671982,9.8949
46477042,52.784245,25.135906,9.7962
46477010,52.789272,25.214912,7.5703
46477208,52.842113,24.76733,9.707
405461717,52.198616,25.694618,8.9376
46533693,53.516376,25.346455,7.3265
46533720,53.41961,25.387514,9.7863
407931797,61.02346,25.557302,9.5023
46476992,52.816467,25.255465,7.91646
258032080,55.423306,24.333487,9.9103
84331296,57.834248,24.382313,9.2663
34554035,44.481873,25.048409,9.6162
29054231,50.93542,25.429214,9.0015
29054351,50.874084,25.195608,9.7525
258032533,55.423008,25.369932,6.68041
46628806,53.93312,25.709723,9.9244
34554152,44.430546,25.422306,9.65263
34554307,44.46552,25.874079,9.0913
84331341,57.86339,24.51865,8.47602
29053989,50.88466,25.899403,9.29754
29055333,51.07327,24.798822,8.86454
258032669,55.40069,25.619324,9.51334
46628867,53.949097,25.82272,8.89502
29054847,50.943764,24.124249,9.97279
28960026,50.106533,25.662756,5.11483
28960502,50.111717,24.543196,6.2521
58224866,64.3459,25.977875,9.2332
58226402,64.44258,24.1892,9.9697
268323501,67.94055,25.32101,9.6801
436923503,43.413914,24.258245,9.6902
34855570,47.02036,24.575106,8.78013
34856044,47.112892,25.244535,9.37567
28960515,50.095177,24.522274,8.91441
34820271,46.68319,24.441029,9.9662
436851934,40.86807,24.748138,9.0143
436852174,40.88112,24.022724,9.50463
34819925,46.674927,25.375061,8.7503
34821216,46.800102,25.749348,8.5702
34784708,46.412308,24.888336,9.5498
34820355,46.63625,24.221395,7.64594
34820719,46.876728,24.536213,8.8529
34853622,46.89048,25.931839,7.8999
34821040,46.79021,25.28807,9.6667
34821315,46.750374,25.97009,9.76217
436852072,40.865032,24.305437,8.99483
34821265,46.810627,25.86207,9.3026
34821191,46.828125,25.686455,9.93921
34820407,46.69627,24.119211,9.94623
301916965,41.945316,25.140888,8.8391
34753784,46.154915,24.327284,9.0711
34753804,46.109554,24.26772,9.1407
436847203,40.58017,25.639896,9.0113
34784076,46.378468,25.868862,8.2234
34785765,46.58798,24.271988,7.9922
34786681,46.522182,25.43139,8.27172
35027534,48.650707,24.856266,9.7636
21130825,36.257862,25.486923,7.0432
21131773,36.467056,25.159628,6.877
348800327,61.31878,25.67059,8.0983
56458870,62.850174,25.722322,9.6152
348893019,61.719704,24.129574,9.5664
23076107,60.479088,25.933514,9.5321
348892037,61.71847,25.76971,9.3126
348892383,61.719063,25.237288,9.5617
35027858,48.62875,25.69158,8.3841
348799250,61.090294,24.106018,4.45684
348799916,61.328384,25.000671,8.7602
348799982,61.254463,25.111992,9.5539
348892662,61.69277,24.74397,8.6513
23076116,60.480846,25.92366,7.7472
35027853,48.686893,25.68492,8.5849
21131025,36.26502,24.892256,7.8641
35027553,48.70762,24.928204,8.13153
35027579,48.728165,24.993086,9.17967
28911363,49.967266,24.066803,9.0687
28911644,49.94715,24.67131,9.55395
348800174,61.228584,25.438145,8.18292
348892068,61.672558,25.722149,7.82037
23076072,60.437073,25.992868,9.9415
436839346,40.238552,24.35972,8.6178
29015932,50.71453,25.492199,9.6963
34644630,45.06396,25.06355,8.7151
34644891,45.09113,24.346725,8.8599
28912083,49.98102,25.614923,8.1312
35086820,48.8882,25.772947,9.6904
34884776,47.16694,25.518375,8.70153
29016216,50.650444,24.874638,6.3204
34644554,45.04566,25.245779,8.07665
34884744,47.169567,25.591833,7.5573
34884829,47.212643,25.368357,7.3995
29016272,50.691376,24.771353,9.87505
118444385,37.510647,25.48343,9.6616
56654186,63.79216,25.461319,9.4946
56364216,62.499138,25.715494,9.1317
22944697,39.753822,24.051556,8.0621
22944780,39.89316,24.017574,8.936
436847153,40.640316,25.756613,8.8055
436847239,40.606003,25.539255,8.5327
22944250,39.75356,25.403479,9.8725
436847412,40.61408,25.000223,9.3645
436847517,40.624508,24.642935,9.4843
436847555,40.525227,24.518394,8.1333
436848011,40.69776,24.64791,8.4169
436848037,40.725075,24.736372,7.7884
22843856,39.0065,25.588533,9.8203
22844051,38.99198,25.04758,9.6997
22944576,39.77866,24.50688,9.84686
436847210,40.517426,25.616116,8.96357
436848471,40.6752,25.973248,9.89937
436928253,43.681107,25.147005,9.5432
436928062,43.6254,24.632519,7.8475
436847312,40.611244,25.310856,9.93133
436927632,43.46195,24.540037,8.72287
118299026,34.029636,25.056578,6.9295
22944619,39.800667,24.31961,8.5375
436847115,40.510544,25.855978,8.39312
353927103,37.763622,24.494791,7.7106
353893520,37.743565,25.366522,9.8251
353893408,37.72107,25.761507,9.10308
353927003,37.743137,24.7918,9.09235
21119523,36.039413,25.012047,8.4548
21131049,36.365585,24.84312,7.47933
21131922,36.4904,25.49814,9.4143
21130820,36.341167,25.53069,9.962
21120122,36.176598,24.60034,8.9191
21131454,36.414394,24.282045,7.8652
21131575,36.491653,24.63341,9.6274
21131592,36.455944,24.675053,9.0221
21178005,36.725376,25.232342,8.5645
21131893,36.483536,25.410707,9.13102
21120590,36.192104,25.976192,9.74719
21132019,36.512455,25.744015,8.43632
21177731,36.743443,24.418213,8.80672
5675276,33.156418,24.167782,4.73178
5723411,33.2636,24.784634,9.0201
5637268,32.344284,24.836468,7.2207
5637324,32.30033,25.053429,9.7516
5675248,33.200638,24.087418,8.90924
5637332,32.3542,25.089148,9.27225
21018944,35.13564,25.478905,8.87752
118299857,34.16558,25.453873,9.57911
381459699,37.597843,24.566973,9.80599
381459826,37.65619,24.954903,9.45634
381459998,37.662556,25.366344,9.1081
381459960,37.65425,25.282656,8.87816
21023541,35.45712,24.213535,9.93912
5720036,33.112053,24.849316,9.97476
381459546,37.60283,24.101809,9.80981
20998709,34.88507,24.300663,8.8494
118303146,34.30196,25.070564,9.8969
5736853,33.62991,24.331367,6.8573
5637117,32.318325,24.302055,7.9467
118302972,34.288784,25.62878,9.4587
20998469,34.69296,24.355223,9.8882
118419331,37.2337,25.963213,9.7759
118391946,37.073696,24.631693,7.57345
118391913,37.16349,24.509666,8.3888
118419864,37.196987,24.42403,7.692
118392257,37.08996,25.563927,9.0153
118391932,37.15957,24.586208,9.9648
118444362,37.50038,25.526207,8.7707
118444772,37.574074,24.957539,9.8363
118419464,37.242897,25.606241,9.3015
118444857,37.49886,24.82961,9.4442
21100198,35.73583,25.1959,8.586
381459925,37.634613,25.231508,9.4476
381459932,37.634804,25.23503,5.4844
21017353,35.027924,24.848911,9.9864
22735722,37.913097,25.64408,9.8765
118444304,37.535374,25.622208,9.608
118392241,37.126923,25.5379,9.72483
118392345,37.05535,25.846792,8.81594
21099868,35.83215,25.837978,9.23178
21100485,35.75673,24.675098,8.49197
353927180,37.748894,24.190256,9.0771
118391910,37.074444,24.507277,9.78654
21099865,35.796387,25.843948,9.76556
436839084,40.051826,24.293575,9.5956
21017787,34.974907,24.09238,9.5337
22812238,38.639603,25.01583,6.2845
436844069,40.42133,25.80211,9.4379
22844983,39.062286,25.538567,8.0039
22874933,39.231804,24.207687,8.2651
22899653,39.456944,25.779434,8.8634
22944921,39.93957,24.435902,8.7266
22945487,39.90327,25.982218,8.2952
436843119,40.293953,25.144403,9.3395
22812287,38.58808,25.171423,8.7725
22945168,39.896275,25.15975,9.7306
22750920,38.38466,24.43424,8.549
22746564,38.22616,24.136517,9.9971
22746959,38.26027,24.86994,9.3827
22750427,38.486847,25.788177,9.6505
22816628,38.832302,24.605228,9.3554
22816658,38.853954,24.687683,9.0416
22844336,38.961327,24.154562,9.5634
118245362,30.776464,24.515892,8.5792
118245698,30.690454,24.03931,8.9519
436843265,40.31085,24.723297,8.9879
22874788,39.240604,24.648056,6.604
22746409,38.203434,24.626816,9.59679
22750775,38.4611,24.837631,9.26524
436843534,40.44154,24.093231,9.126
22874518,39.191265,25.541672,9.65036
22750628,38.450966,25.27453,8.5747
22874790,39.252182,24.647219,6.0914
22944930,39.88673,24.462374,8.3382
22816037,38.661278,24.892767,8.07281
436842953,40.2948,25.614525,7.96257
436843169,40.35357,25.00448,9.9318
22740263,38.12651,25.472555,8.40746
22750900,38.416874,24.483696,8.8528
436843306,40.282852,24.589178,8.61348
22844802,39.12707,25.015032,9.70868
22845096,39.149757,25.836424,9.70173
22874866,39.180233,24.427563,9.99699
22874932,39.30546,24.209118,9.152
22945095,39.861187,24.931076,9.0737
22945228,39.94222,25.311361,9.49078
22945274,39.898903,25.412937,9.90693
34712267,45.80063,24.350466,9.4981
34712567,45.738926,25.050755,9.58326
28871578,49.589127,25.90399,8.1938
28872331,49.583054,24.081818,6.16994
436936481,43.98825,24.053366,9.7208
436927418,43.46338,25.17341,8.984
436936438,44.05408,24.192318,8.9228
436882516,43.02366,24.344751,9.3284
34712570,45.71669,25.072762,9.256
28872241,49.585426,24.323988,9.19619
34577676,44.49453,25.989492,9.6707
28872144,49.647667,24.55855,9.99329
22844208,38.990276,24.537754,9.9935
436843008,40.244488,25.445652,9.99154
118268107,31.000078,24.329687,9.6842
118299325,34.005623,24.099174,7.3992
118299577,34.14179,24.606085,7.8059
20999206,34.80238,25.76453,8.7284
5644194,32.62057,24.587132,9.4956
5724028,33.392906,25.271452,7.9627
118294787,33.836105,25.093561,9.53
405376653,31.709635,24.559622,9.1661
5644279,32.650944,24.871578,9.7468
118268204,31.076696,24.000637,9.78384
5615126,32.13807,25.060143,8.89676
5615060,32.070957,24.819242,4.8789
5724051,33.340797,25.379,8.1495
118295030,33.851723,24.271288,6.166
118299440,34.146538,24.169054,9.8647
5644216,32.604687,24.667324,9.748
118294790,33.82148,25.082777,9.4601
20999109,34.895607,25.512524,7.98756
5644033,32.556366,24.003546,9.43925
5724047,33.415627,25.364796,8.79656
5615043,32.041668,24.742605,9.95679
436852788,40.921883,25.662882,9.7803
5671350,32.847088,24.328888,8.9846
118419605,37.225433,25.223013,8.3934
118298989,34.12128,25.165064,9.0531
5671264,32.93122,24.041344,9.9086
118295756,33.922325,25.617363,9.9765
118391394,36.947712,24.92963,9.4153
5671391,32.850513,24.52334,7.83968
436852565,40.996014,25.049805,9.34023
21027608,35.67816,24.087814,9.67577
21027611,35.71156,24.095932,8.36914
21027391,35.530613,24.439167,9.91062
118391208,37.007084,25.571575,9.73889
5636717,32.20164,25.052729,9.6258
118183836,30.292974,24.444368,6.64538
5736440,33.479347,25.040386,9.10081
5670860,32.67946,25.230616,9.3276
5670928,32.707027,25.02814,6.82415
118303233,34.346306,24.838886,9.6833
118183595,30.176224,24.224712,9.14203
118183740,30.403023,24.08829,9.54988
118183742,30.400967,24.089537,8.94081
5636774,32.22132,24.82649,8.2747
5636775,32.189133,24.809946,9.1719
5643779,32.40954,24.8684,9.9074
5736648,33.47612,24.277945,9.51743
118303629,34.513634,24.268106,7.8468
118339325,34.65497,24.851145,9.3662
118303607,34.431297,24.21306,8.90177
118303902,34.453243,25.127808,9.4089
28355000,29.744926,24.283607,9.9169
28355152,29.766582,24.043549,8.76488
436840094,40.176647,26.622375,7.1993
641201105,40.176647,26.622375,7.1993
620384742,39.650867,26.238806,8.6205
407932394,60.984253,26.499691,8.4686
436862737,41.49475,27.163563,9.436
640763860,56.660847,27.471115,9.6058
640763859,56.660286,27.471611,9.08995
125735470,56.660286,27.471611,9.08995
348866881,61.368504,27.879753,6.761
640958990,46.27239,27.91248,8.9235
640946741,44.746613,26.173216,9.6259
125978512,71.05672,26.391077,9.49049
640910344,47.87761,26.845926,6.3655
661227705,60.984253,26.499691,8.4686
46503010,53.139595,26.746386,9.294
56547968,63.335682,26.330694,8.353
56659402,64.002045,27.4316,9.8655
56628845,63.634136,26.255915,6.5955
640748105,57.83464,26.35371,7.64
660598603,71.51191,26.310965,9.3575
661214229,64.002045,27.4316,9.8655
84332242,57.83464,26.35371,7.64
660369624,71.05672,26.391077,9.49049
59742401,71.51191,26.310965,9.3575
660454449,63.634136,26.255915,6.5955
22900995,39.650867,26.238806,8.6205
34781257,46.27239,27.91248,8.9235
34579172,44.746613,26.173216,9.6259
34973700,47.87761,26.845926,6.3655
34856861,47.106552,26.330961,7.48
34884477,47.24382,26.36224,9.37
28873332,49.700237,26.290665,9.731
267947815,66.534325,27.914072,9.4494
22990660,60.048286,27.59765,8.0926
22990511,60.091045,27.473272,9.5227
34978817,48.059357,27.25697,5.88989
34973950,47.882915,27.133442,9.8313
23079563,60.58739,26.834742,9.2101
23080077,60.663727,27.304424,9.0881
23079919,60.563343,27.176886,9.29601
23085025,60.775673,27.96718,9.991
34787162,46.553272,26.039795,8.0994
23085356,60.749615,27.68046,9.0655
34853519,46.978825,26.059391,8.0806
34788050,46.500877,27.003712,9.9887
34857320,47.049072,26.98773,9.1878
59680537,71.22692,27.295887,8.74374
59680730,71.18391,27.098726,9.00788
59680854,71.30847,27.002045,8.83556
125882822,69.563705,26.009613,9.96556
125918567,70.81549,27.623913,8.823
125918274,70.86665,27.333372,9.7944
150001430,69.66833,27.991787,9.357
150001492,69.65188,27.931913,9.6378
150001975,69.6141,27.480236,9.0702
125978693,71.16324,26.591713,9.06107
150002074,69.707146,27.39029,9.77458
268023304,66.829926,26.532396,9.6909
125978640,71.17294,26.532639,9.7563
125978503,71.10734,26.380674,9.923
56623436,63.484955,26.30212,9.3277
348798016,61.19378,26.200573,5.3226
56553114,63.431217,26.41564,6.2882
59830757,71.685234,26.385153,9.9865
268018146,66.68251,27.547503,9.2688
268018178,66.72092,27.587173,9.6088
150174247,70.59805,26.44807,9.6506
150174140,70.623314,26.328365,8.9332
150174428,70.57466,26.616678,9.0936
23114083,60.870804,27.02087,9.8919
348797166,61.10611,27.700033,8.43887
348797189,61.132545,27.670742,9.7681
29700937,51.619766,27.723677,9.0504
35157195,57.11073,26.096079,9.9274
35157301,57.158485,26.293425,6.1066
348871373,61.521404,26.994923,9.9101
58320712,65.04491,26.364874,9.536
125887879,70.742065,27.914207,7.4786
150058340,69.98389,26.660666,9.4731
348797432,61.098568,27.231287,9.6716
348870948,61.585224,26.418106,9.15227
29700620,51.575592,27.020481,9.74235
348797026,61.21578,27.942501,9.58089
348870795,61.51898,26.21179,7.0448
23114576,60.89498,27.703829,9.7741
29700779,51.58075,27.364803,9.25929
348871041,61.510303,26.5523,8.96465
150057828,69.96401,27.18896,9.27227
58471301,65.63799,27.727468,9.7469
125979876,71.10857,27.862236,9.24111
125918626,70.89765,27.687403,7.1438
150002512,69.62296,26.939201,6.9033
59741294,71.49831,27.32954,9.31534
59741133,71.5428,27.490402,9.61743
150002509,69.62322,26.940435,7.0012
35200626,57.398663,26.509405,8.8594
268148425,67.332634,27.404219,6.6758
268283824,67.78,27.489927,6.2926
59688179,71.35756,27.920437,9.7626
348867042,61.426407,27.644415,9.017
35158219,57.134857,27.932316,9.7597
149909342,59.08145,27.81044,8.6862
348798092,61.1305,26.06701,9.505
56397723,62.570995,27.29547,9.3362
407932648,61.045643,26.941626,9.1862
59687567,71.43729,27.655909,9.192
348637511,56.106697,27.345055,9.8538
56517882,63.15682,26.96458,9.9948
56397380,62.63528,27.73034,9.1403
22989707,60.107296,26.863333,9.58131
22989877,60.050365,27.005577,7.2939
407932597,61.05901,26.861246,8.3156
58432277,65.45436,27.284704,8.5008
407933182,60.991493,27.709103,8.4423
46619639,53.835094,26.850107,8.2509
56623340,63.509262,26.179457,9.8194
56299728,62.14112,26.843061,6.5972
56299899,62.049282,26.59825,7.9341
149909244,58.996227,27.635628,9.1976
407932434,61.063354,26.573523,9.63325
407932779,61.00568,27.127207,9.0439
28909719,49.906567,27.54257,7.76716
56517392,63.087498,27.584164,9.71556
125839327,69.287766,27.925735,7.23052
407933171,60.99006,27.696766,9.7119
28959245,50.07744,27.271759,7.3179
56393892,62.513622,27.228518,8.1849
35158178,57.21716,27.862473,9.7832
22989651,60.120056,26.806746,9.87289
56552281,63.46536,27.455856,9.1771
125917728,70.796364,26.747576,9.5121
125917980,70.86383,27.026962,9.3487
125918432,70.908615,27.496622,9.7291
125918439,70.91463,27.50251,9.4014
59838803,71.778015,26.179314,8.2676
268022819,66.880714,27.166239,7.9499
58636642,66.33079,26.283688,8.6457
58177652,64.331894,27.310205,9.9419
58284411,64.69098,26.387852,8.6196
84332067,57.77909,26.05345,8.937
56513698,62.984135,27.14588,8.5793
268447911,68.61721,27.980928,9.42302
59686060,71.3849,26.578272,9.761
58108995,64.132385,27.586836,9.3347
58109547,64.109726,26.79703,8.374
268149242,67.37354,26.152056,8.9577
58472283,65.62923,26.502102,9.558
58472421,65.64479,26.331333,8.83626
58315939,64.855705,27.599548,9.7232
348890811,61.651714,27.5999,5.30759
56458416,62.92647,26.45504,9.3118
56518296,63.095165,26.42935,9.5634
150089895,70.06242,27.91565,9.06984
35200399,57.49205,26.046377,9.4126
35200692,57.49519,26.663414,9.1981
56518215,63.150837,26.549011,8.6154
427739852,59.631905,27.661419,9.1485
150089516,70.08361,27.536724,9.35853
150175163,70.57753,27.347567,9.6549
150175260,70.62124,27.43171,8.8465
150175274,70.52575,27.444246,8.8192
150175339,70.65227,27.517565,8.98917
150175680,70.61972,27.84645,8.7984
150174833,70.52981,27.05306,9.2399
35200443,57.42383,26.100103,9.9984
35200668,57.426746,26.626974,8.9755
268443063,68.49653,27.123892,9.54928
348637189,56.15493,27.897451,6.357
35117700,49.264748,27.247747,9.6548
268287915,67.899605,27.773735,9.6834
150129299,70.47981,26.980394,9.08517
58637510,66.31724,27.575039,8.7393
59742678,71.55024,26.035492,7.32339
436853316,41.012573,27.05286,7.3516
436853366,40.98144,27.164948,8.2534
353928599,55.04185,26.960339,7.37095
149908702,59.09295,26.72752,9.7082
268283592,67.74103,27.17742,9.96967
268287739,67.95628,27.976685,9.7967
46678377,54.388577,26.140738,8.7021
58372404,65.313576,27.35025,5.00412
149908949,58.98068,27.15854,9.6259
353928570,55.05799,26.887442,8.01144
268148512,67.42946,27.277048,8.2457
353928547,55.069767,26.848581,8.5495
46678197,54.35011,26.539085,9.4145
149909092,59.084763,27.39583,8.8216
353928428,55.02351,26.606739,9.5585
46677593,54.33125,27.732851,9.97246
125843066,69.350876,27.759787,9.74934
34886938,47.369312,27.722631,8.8567
349004429,69.00412,26.475996,9.7804
28831341,49.303566,27.434877,9.50077
28831186,49.32554,27.801113,8.7265
28831592,49.382,26.8943,7.75921
405404113,51.736473,26.614992,8.7915
258065884,55.611435,26.817028,8.571
258066017,55.623997,26.572187,6.7951
46674867,54.243824,27.017569,9.1751
46675007,54.212517,27.295565,8.2584
46675109,54.260937,27.515858,7.6687
22990129,60.134968,27.197607,9.69227
34688243,45.48761,26.040295,9.764
258065883,55.515278,26.817865,9.92394
46674616,54.243553,26.5229,9.92591
149978940,59.445877,27.013151,8.5402
149979110,59.384537,26.770052,8.4487
149979243,59.4164,26.56684,9.0096
149979355,59.479942,26.400778,9.128
150057553,69.959785,27.486813,9.8484
346541870,55.12737,27.896397,9.327
385553427,56.37995,26.372799,9.9321
35204016,57.547436,27.197807,9.5585
385553606,56.415554,26.700527,8.2935
385553707,56.361053,26.884275,9.2238
385554333,56.419876,27.91605,9.8097
149978501,59.482597,27.78616,7.3639
149978744,59.462677,27.377205,8.7375
23051410,60.3542,27.614733,7.4683
23051493,60.33871,27.764765,8.4557
268395328,68.24709,27.599352,8.0001
150057442,69.89662,27.597881,9.9533
385553419,56.40622,26.345215,9.97103
385553714,56.31253,26.89143,8.3558
23050898,60.34027,26.79908,9.3249
34886492,47.367027,26.694052,9.15858
385553496,56.40254,26.500069,9.66397
46505710,53.333397,27.79049,9.4647
125838267,69.24997,26.558651,9.9236
427771564,69.12336,26.644564,9.9862
59681313,71.22431,26.579067,9.8041
59830777,71.67113,26.404764,9.7702
346624760,57.27497,26.292831,9.876
427772600,69.1523,27.959095,9.3628
59830658,71.68373,26.303951,7.6681
59681401,71.30681,26.482487,9.0444
59681779,71.243965,26.12874,9.43772
59746386,71.69797,26.035316,9.50693
268509417,68.735085,26.437973,9.9733
125838647,69.201004,27.132195,7.0335
427771969,69.185646,27.255363,8.9207
59831511,71.623505,27.131723,9.95858
427772283,69.092766,27.592518,9.93029
35153975,57.014214,27.98777,9.5667
35154142,57.055824,27.666712,5.5922
35154025,57.100864,27.898287,8.6391
35154066,57.021664,27.815704,8.63919
58537463,65.80899,26.444273,9.4599
56357330,62.280926,27.115734,8.2508
58537306,65.737335,26.239153,9.93485
56360737,62.40936,27.84858,9.7957
268326480,68.11576,27.330805,9.1949
58542836,65.991325,27.448343,9.7265
58543236,65.88578,26.952038,9.1093
22952016,60.011177,27.515701,9.5783
22952705,59.91737,26.387411,8.034
28997505,50.404926,26.57107,7.3065
56360882,62.331192,27.63216,9.2496
56361308,62.288048,27.033842,9.8541
56361409,62.36276,26.899574,9.8835
348950772,61.811737,26.740011,7.7727
348950998,61.81709,27.094639,8.665
22952259,60.022804,27.123234,8.1609
22952670,59.93896,26.450165,8.7555
268326514,68.10559,27.367495,9.99454
58543342,65.965515,26.802973,9.569
58636651,66.378716,26.292215,9.8412
58542531,65.97973,27.822546,9.794
348951270,61.791065,27.509281,7.9397
58543027,65.93422,27.207588,9.3746
56628663,63.69592,26.470858,9.23048
56361390,62.361134,26.92996,9.78886
348950767,61.8237,26.735582,9.9117
149925758,59.24845,27.751938,8.2604
267947924,66.57879,27.845139,8.0888
268148866,67.37819,26.671547,8.5018
58177975,64.36971,26.870361,9.3718
268508669,68.67697,27.53461,8.64479
28833761,49.52861,26.302164,9.6428
23085510,60.68868,27.51865,9.0495
28834220,49.522755,27.41562,5.8921
28834486,49.502132,27.982704,9.9821
348887204,61.56043,27.165306,9.8875
348887546,61.487617,27.678274,8.7229
23110851,60.698368,26.122746,9.6245
150093892,70.15122,27.8183,7.27687
58538083,65.78223,27.230307,6.6808
268508997,68.72275,27.092964,8.7403
268395208,68.20538,27.739126,9.22496
346542797,55.23706,26.327024,9.27366
23086460,60.716805,26.634926,9.95087
150094671,70.22794,27.04335,9.18901
150093724,70.24688,27.990421,9.99117
34648883,45.323147,26.60735,8.5574
34648890,45.37425,26.596758,8.5988
56659452,63.942097,27.371086,8.025
58284306,64.69076,26.251846,9.4013
28912737,49.982483,27.071129,5.1434
35012529,48.11634,27.49427,7.921
268508909,68.729065,27.20313,8.7026
58284284,64.673294,26.222048,9.8488
348767838,58.65771,27.346724,9.42903
58284222,64.69242,26.149206,8.71791
268080105,67.194664,27.632845,9.8421
56660209,64.00807,26.41456,9.35738
35012456,48.089092,27.329144,9.86772
268080987,67.16595,26.220078,9.5291
302544361,55.823322,27.482306,8.9685
46425205,52.542496,27.393047,8.952
302544852,55.890682,26.554974,7.743
302545016,55.83201,26.22041,9.2117
348955008,61.921715,26.903774,9.8109
348890873,61.682304,27.522158,6.45389
125889114,70.66819,26.599136,9.75543
46425385,52.584522,27.023674,7.9166
46476578,52.819733,26.159212,6.2078
125738551,56.890064,27.012457,9.51
348955392,61.94714,26.309025,9.6961
58600891,66.01051,26.008532,9.3997
58601733,66.00666,27.16372,9.62009
46476466,52.80555,26.439732,8.669
46476558,52.805492,26.213324,9.56168
348890867,61.63899,27.523968,8.28049
46424985,52.543148,27.945885,9.89964
302544171,55.80722,27.826216,9.5398
56458041,62.906395,26.940796,8.39438
56553391,63.358925,26.055212,9.9692
28959484,50.170647,26.788568,9.949
58432646,65.39161,26.801455,9.8714
405491168,56.71414,27.288553,9.6254
149921998,59.203953,26.764303,9.268
268395807,68.16284,27.002342,8.38221
58642128,66.5265,26.801311,9.9681
397368598,41.9988,26.54769,9.6291
34691055,45.626965,27.87906,9.8575
34691690,45.65412,26.479631,9.9302
28959581,50.17219,26.580935,9.2783
385557531,56.47417,27.028204,8.2363
58367051,65.0884,27.350756,3.9339
397368221,42.04268,27.669096,8.5253
34691510,45.611393,26.928068,8.0625
28959428,50.15953,26.927368,6.67325
385556948,56.558044,27.999659,9.2082
385557325,56.52808,27.3462,8.301
56628533,63.6624,26.613317,9.0605
56393757,62.42522,27.03287,7.8604
56394014,62.45062,27.40289,8.38132
56394191,62.43207,27.650211,7.9727
56394192,62.524403,27.652565,9.2616
348867667,61.379604,26.644678,9.5015
125913835,70.77098,26.243073,7.17696
150124016,70.34823,27.442831,8.40587
150124210,70.33499,27.63157,8.46395
150124424,70.26153,27.844099,8.1616
34691550,45.652843,26.830881,8.7076
56628506,63.684868,26.655283,8.7038
268396153,68.14105,26.461086,9.8008
149921875,59.133327,26.994902,9.5698
149922011,59.130085,26.742796,8.29444
149921691,59.17183,27.29959,8.9443
149922090,59.20685,26.614143,9.6343
397368422,42.038128,27.068642,6.8454
34691643,45.608444,26.60924,5.991
385557214,56.49149,27.559807,9.6743
397368381,42.0694,27.162998,9.5731
348868018,61.400272,26.08857,8.99875
150124171,70.31544,27.5838,9.54805
56453965,62.748726,27.15414,9.999
58367056,65.07355,27.347584,8.24837
29700476,51.614864,26.71688,9.9976
29700539,51.604374,26.862684,8.1405
35154575,57.007748,26.818895,9.7315
35154713,57.078903,26.58917,6.9548
35154915,57.038975,26.171843,9.4256
28831845,49.34527,26.315027,9.7252
34752165,46.12876,27.94608,9.6104
56548269,63.321842,26.744926,8.7093
34752197,46.14197,27.83484,8.8126
56547967,63.33565,26.329554,9.7185
56548216,63.28536,26.661238,9.59063
35154284,56.98475,27.39089,9.8793
405403684,51.752766,27.583288,9.82114
29700347,51.55279,26.39153,9.98109
405403908,51.66428,27.056278,9.9486
58437030,65.48749,26.418835,9.2013
58437315,65.52357,26.757355,9.9376
58437962,65.602,27.552553,9.8356
258136173,55.76453,27.189753,9.1238
29059749,51.176254,26.0882,9.5895
29058845,51.151222,27.94184,7.0859
29058887,51.16562,27.845503,7.772
28996878,50.382793,27.984049,9.4907
46502738,53.132843,26.205736,7.9821
348955042,61.944523,26.849031,8.5384
46503011,53.137917,26.746368,9.335
29058895,51.243946,27.83334,9.65287
29059320,51.184193,26.91036,9.5177
46503327,53.15718,27.36879,9.49806
28997171,50.359413,27.29142,8.2434
407928429,58.404274,27.993214,9.49548
348955283,61.97166,26.491768,9.66505
28996963,50.344162,27.803864,9.93372
46503520,53.22471,27.787455,9.7418
405415137,51.794914,26.845997,9.9895
150007343,69.7764,27.778868,9.3413
125974619,71.042625,26.74079,9.3095
405415102,51.80534,26.770947,8.9209
46619370,53.879982,27.437687,9.8137
56299619,62.05824,27.008701,7.2166
56453259,62.743725,26.177519,8.9068
405414938,51.796783,26.44182,9.895
29055944,51.048805,26.054123,9.8554
29056069,51.041245,26.331821,9.8059
46619165,53.824116,27.842949,9.4468
46619202,53.9087,27.781881,7.315
46619515,53.896713,27.137758,9.5484
58606906,66.200645,26.721128,9.86449
58606910,66.20435,26.719555,9.97332
125974243,70.9498,27.128902,9.4909
35026016,48.50133,26.842367,10.0
56453229,62.73392,26.134233,9.6739
268220145,67.59256,26.950432,9.67335
46428404,52.680626,27.913551,9.9233
436933037,43.882927,26.170069,7.7107
56453481,62.801357,26.496185,9.564
56453485,62.798534,26.497883,9.5751
35025687,48.493275,27.678226,9.0994
35026173,48.561966,26.47907,9.8849
149858375,58.754593,27.816427,8.7175
149858429,58.81885,27.918798,9.9377
46506352,53.366184,26.421144,8.4178
346624503,57.27223,26.644815,8.7579
346624507,57.257195,26.64197,9.1757
385507634,56.232895,27.232359,9.2628
385508138,56.202755,26.352009,9.6605
58173552,64.17333,26.357975,6.307
268219983,67.53832,26.692886,9.4597
34579372,44.718452,26.774076,7.4228
268079980,67.074585,27.7807,7.26567
436933058,43.833412,26.246395,9.6687
34579559,44.67677,27.32899,9.67847
268144261,67.319756,27.45476,9.0179
58371587,65.24576,26.282894,9.7411
58371656,65.2859,26.36775,8.2109
58371510,65.24049,26.202564,9.8134
58372222,65.30952,27.124907,9.4681
56518584,63.121326,26.045708,8.25596
58316951,64.85121,26.238962,8.5674
436929011,43.6576,27.309036,9.9774
46619163,53.859043,27.846563,7.85546
46619319,53.846397,27.525686,8.23222
149905802,58.95357,26.612745,8.73861
149925030,59.24018,26.507639,7.94124
56453471,62.707752,26.480953,5.0526
56453484,62.806072,26.497854,8.2463
150007328,69.84285,27.765423,9.66146
46620010,53.864407,26.121077,9.89997
46681171,54.542824,27.602041,9.34673
348866882,61.370052,27.87964,8.08536
46619638,53.83886,26.852692,9.968
149924873,59.307526,26.19484,9.92913
149925514,59.35413,27.374914,9.91893
29002811,50.72877,27.491627,9.9536
35117304,49.19736,26.164791,9.3229
35117348,49.19164,26.300596,9.7569
29000245,50.567863,27.327818,9.8883
29000381,50.549557,27.607553,4.60313
149857391,58.756676,26.068447,9.0895
149905616,58.938198,26.93416,8.5116
56303158,62.1701,26.499302,9.8998
23080101,60.605583,27.331398,9.6697
35117509,49.176453,26.686348,9.6519
640908319,47.10561,26.327374,7.528
34781256,46.273293,27.912128,8.60122
35115673,49.135303,26.208618,8.32638
46616373,53.739796,26.608276,8.12584
56356934,62.24773,26.577341,9.90442
23079826,60.676476,27.08928,9.4379
46616365,53.774487,26.585848,9.6544
46616118,53.69674,26.094845,9.86761
353928813,55.003952,27.388807,9.6695
353929068,54.99356,27.866587,8.7306
58231847,64.61292,27.706707,8.31884
268143430,67.288994,26.194326,9.2952
34646120,45.264828,26.810453,8.2466
34715892,45.875965,27.569546,6.61691
58227772,64.46316,26.205177,9.9702
58227820,64.43879,26.258663,8.2279
268225131,67.70961,27.196644,7.27384
268322670,67.94524,26.40713,8.19875
34715714,45.93794,27.949846,9.1543
58174065,64.23077,27.037548,9.718
58227898,64.52534,26.353449,9.1398
58281025,64.66424,26.015306,8.7402
268322865,67.92562,26.124,9.3325
436922190,43.25048,27.261879,9.228
35015130,48.279266,26.855373,8.6067
149983154,59.564106,27.947762,8.6021
149983153,59.56361,27.946075,8.5992
34715698,45.928112,27.980005,9.32124
353928999,55.012844,27.740515,9.14294
58228443,64.45108,27.054022,9.00117
58280876,64.607376,26.162018,9.6995
58285542,64.737816,27.958822,9.12811
268081148,67.139206,26.020838,9.92119
268224908,67.65342,27.495865,9.79789
34715933,45.943634,27.488705,9.61696
353928749,54.986298,27.248634,9.98586
34939209,47.43658,26.294899,6.6572
34941116,47.581795,26.34924,8.53715
34941355,47.612694,26.896236,4.88891
405432716,52.08864,26.270649,6.48974
405432806,52.07376,26.44068,7.205
258136026,55.70777,26.914164,8.8165
149906038,58.896034,26.19152,8.513
346593810,55.272797,26.470953,8.1998
405482110,56.021698,27.417843,6.3772
125735365,56.636898,27.668705,9.2598
385557583,56.504456,26.916029,8.96503
385558059,56.497402,26.076563,6.6701
149982694,59.554955,27.227507,9.9594
56548327,63.253426,26.81479,9.6291
56393355,62.510815,26.474567,7.1172
125736050,56.583916,26.215506,7.90618
34941004,47.57578,26.09395,8.95076
258135973,55.751755,26.78055,9.929
149982394,59.5811,26.74133,8.7382
56457289,62.81846,27.929161,9.5725
34941240,47.613716,26.641417,9.37885
385557797,56.513447,26.545351,9.8633
125735303,56.597572,27.775778,9.2279
56654791,63.78701,26.270086,9.9519
149857942,58.77885,27.06456,7.16437
149857901,58.80988,26.990631,9.65883
348801239,61.29676,27.24165,9.3381
348801463,61.30107,27.60971,7.83174
348801418,61.226295,27.545898,9.8293
28910235,49.88579,26.307976,9.9565
28910322,49.918007,26.116793,9.0437
125756995,59.893917,26.702497,9.7791
125757253,59.80942,26.239092,9.8882
34853318,47.00548,26.290152,9.6295
29015116,50.61725,27.156054,9.42726
29015222,50.60206,26.943893,9.50312
46616662,53.704365,27.159023,8.9976
46617060,53.775204,27.94803,9.32754
125756725,59.772705,27.197445,7.28821
125757128,59.790573,26.476093,9.90291
29002719,50.61201,27.674599,9.93855
348764227,58.459614,26.89586,6.5248
348764394,58.556843,27.154844,9.928
348764528,58.544678,27.370062,9.5072
405415381,51.80976,27.385742,9.88641
34554615,44.48225,26.809673,9.5614
46629276,54.011307,26.680342,8.5045
46629720,54.02047,27.593193,6.40479
29053913,50.95677,26.07957,9.3258
46629595,54.035236,27.342976,8.80597
46629702,53.9868,27.566568,9.9285
436869704,42.31917,26.925774,9.8263
28959806,50.08642,26.138767,9.8269
436865045,41.645283,27.244566,9.6236
436869836,42.272583,27.238863,9.1767
56552042,63.433228,27.750639,9.8459
35204586,57.503582,26.04431,7.2326
258065416,55.623802,27.725946,9.77496
34888848,47.53683,27.819767,6.40067
34888791,47.447754,27.962868,9.9282
34938943,47.418896,26.953163,9.35821
436931044,43.731213,27.459368,9.9218
436930955,43.803276,27.705383,8.6187
436881420,42.961414,27.27389,7.8637
28873505,49.72987,26.646545,9.3605
28873525,49.74921,26.69433,6.4943
436857633,41.190815,26.51867,9.2963
436931496,43.79818,26.137403,9.9072
28873940,49.67389,27.644173,9.4951
436924473,43.312893,26.999315,9.93786
34552597,44.30623,27.153576,9.63899
436864974,41.666042,27.43551,9.28767
436865119,41.593273,27.054049,8.37101
29017920,50.74118,26.63907,8.36811
29018046,50.770523,26.90093,7.09575
29018257,50.737373,27.36879,9.57746
29018437,50.744747,27.68679,8.17772
436858004,41.250668,27.39961,9.833
436881700,42.904285,26.613605,8.6387
436931408,43.733276,26.4216,9.82093
28873422,49.760147,26.469559,9.29296
34821618,46.799316,26.630806,9.2355
35087573,48.888966,27.7476,9.3784
46632329,54.092636,27.474957,9.8953
34716441,45.94569,26.298878,9.38777
46629076,54.044823,26.264568,9.65122
46632212,54.182415,27.706831,9.5431
56548558,63.26363,27.112625,8.4328
348768352,58.681835,26.51885,9.25185
34941471,47.62417,27.169685,9.88184
23055251,60.53138,26.439018,9.98941
46476141,52.856335,27.244226,8.3826
46476186,52.757298,27.113428,6.88459
35082488,48.67974,26.9917,8.3635
46537628,53.63216,26.793568,7.6266
46537810,53.563416,26.424004,9.3334
302541339,54.58685,26.682379,9.5434
56517248,63.091557,27.760704,9.8128
56548799,63.233315,27.402975,9.612
56398454,62.554928,26.28242,8.1312
23055122,60.481106,26.624975,9.8884
23055270,60.47306,26.40906,7.2465
56361701,62.31452,26.487368,9.8555
436933290,43.91168,26.872099,8.4257
436857534,41.234283,26.234922,8.4376
34621532,45.00422,26.16655,8.9057
34754815,46.291183,26.071672,8.847
35028154,48.690693,26.400555,9.14461
35082620,48.621933,27.31811,9.9522
46537966,53.57085,26.102901,9.91335
302541361,54.650826,26.7158,9.7384
301915792,41.71629,26.32238,9.8344
34623975,45.090664,27.948435,9.5883
427545820,54.744488,26.082472,9.3469
427546498,54.755165,27.475039,9.4381
301915644,41.80256,26.738403,6.8939
35014644,48.30098,27.950422,8.1003
35015473,48.313,26.002129,9.8606
28999685,50.482784,26.099768,8.2614
29021019,50.904778,27.078651,9.3215
258062293,55.438217,26.52173,9.4305
258062657,55.415573,27.19971,9.7045
258062904,55.392246,27.643091,8.9897
405482706,55.941757,26.381113,6.32767
427546264,54.736404,27.049173,9.9629
149857601,58.738056,26.483627,9.9169
405482298,55.912617,27.11405,9.0376
405482847,55.914486,26.125977,7.6053
405464159,52.352764,27.227434,9.67382
35015326,48.34165,26.391563,7.94561
29020857,50.88587,27.401926,8.21125
427546748,54.79511,27.956486,8.679
35115391,49.069653,27.04117,9.9184
405482277,56.011234,27.161018,9.88877
427578950,54.938686,27.84103,9.9217
427579491,54.867676,26.847408,8.6255
22952580,59.90538,26.581827,8.6455
436862850,41.551617,27.418367,9.141
436862959,41.476444,27.68493,9.67
35085103,48.848507,26.632103,8.5611
427579123,54.892776,27.546066,8.9784
22951982,60.020874,27.55509,6.4379
56299022,62.057945,27.789146,9.5341
35085157,48.816887,26.484573,7.8349
427579285,54.88598,27.221632,8.19522
427579858,54.87172,26.126934,8.6294
34749807,45.96116,26.851963,9.72131
427578998,54.91413,27.759315,8.69174
427579451,54.92368,26.912441,9.2537
427579554,54.97383,26.716984,9.6618
56627535,63.63192,27.959757,8.0819
35084851,48.755463,27.243042,9.7669
35084863,48.79246,27.201242,9.85064
436929254,43.591465,27.87974,9.58589
58280475,64.668945,26.61457,7.8454
58316573,64.87463,26.680885,8.8668
268219778,67.52427,26.413313,9.6098
34579687,44.663216,27.638454,9.1683
35025742,48.555138,27.523973,9.26763
35026310,48.53463,26.143536,8.6184
22843695,38.923447,26.05093,8.5409
436848526,40.754856,26.091621,6.5362
35023529,48.474026,27.214794,9.9895
46534430,53.40873,26.877752,9.9299
405463747,52.370834,26.41118,9.62773
46534148,53.448498,26.266693,7.3145
46534653,53.40682,27.313734,9.8928
35201045,57.44779,27.340815,8.25846
35201303,57.425854,27.816738,7.8353
385507438,56.231976,27.548285,8.27603
385507444,56.24293,27.537224,8.8563
22998828,60.20954,26.45942,8.4751
22998434,60.243076,27.060074,8.8796
46534531,53.5009,27.063042,9.974
22998834,60.2221,26.453745,9.772
385507225,56.18751,27.921072,6.2389
35023659,48.419544,27.55651,9.472
56623713,63.59488,26.666824,9.6485
46475911,52.76443,27.731548,7.39785
46475915,52.753277,27.724287,7.72528
46475987,52.836475,27.571806,6.60723
46475988,52.832893,27.571781,6.93897
385507241,56.27644,27.888723,9.68308
56623462,63.538475,26.330505,9.63754
22997595,60.26395,27.69387,9.72584
35200769,57.46238,26.81031,9.08719
23047887,60.174763,26.186853,9.89486
436933164,43.830353,26.55942,8.2304
436933317,43.832775,26.940844,7.09055
436933136,43.900425,26.45253,9.0511
34941368,47.559002,26.92997,9.3872
436933516,43.846256,27.530954,9.866
436933294,43.912746,26.873217,6.7799
436933322,43.953545,26.953705,9.13929
436922379,43.216385,26.717592,9.6814
436872014,42.46403,27.241703,7.68395
346594367,55.329884,27.435268,9.1846
346594427,55.356274,27.51964,9.7765
436922647,43.24203,26.036806,9.7449
346594521,55.359905,27.675,9.5249
34787753,46.549305,26.699898,9.7706
34783880,46.395023,26.326685,9.0002
34622015,44.963207,27.30147,7.0544
436922073,43.2599,27.5299,8.70429
436872069,42.455833,27.108189,8.84765
436872200,42.42201,26.754951,9.2728
436872005,42.495975,27.260515,3.6975
34619582,44.846077,27.316708,7.81016
34619887,44.821922,26.456646,9.1162
34783303,46.44991,27.686438,8.00145
34783931,46.387707,26.220453,8.87587
34821761,46.769497,26.96286,9.50758
34713832,45.810963,27.898724,9.8747
34884074,47.192444,27.255896,8.8121
34884123,47.256966,27.168242,9.3794
34884514,47.234737,26.276268,8.9409
34713254,45.730183,26.636272,9.7163
34752579,46.100727,27.029148,9.1774
34783979,46.40878,26.142977,9.93438
34883796,47.20315,27.916557,9.9303
35087247,48.894104,26.903353,7.66329
34884476,47.244743,26.362251,9.48458
405415554,51.909775,27.751745,9.15478
35023218,48.41277,26.479116,9.6182
436862619,41.545593,26.892551,9.7537
34884015,47.221012,27.379078,9.95232
436869464,42.310448,26.303259,8.7789
34944398,47.805996,26.16841,9.2888
436935710,44.02919,26.365389,8.3537
436862362,41.476776,26.199036,8.4345
436862453,41.500923,26.473768,9.7934
436862636,41.438393,26.923119,8.4999
436862665,41.471596,27.028,8.0789
436883750,43.123123,27.08316,9.9742
436867748,42.17588,26.160942,7.1263
436869407,42.25212,26.155333,9.3751
34621855,44.99203,26.888634,7.1628
34649020,45.32084,26.220682,9.1475
405460961,52.236214,27.294851,9.5514
46479255,52.984398,27.793758,8.7721
28961941,50.226162,26.648058,9.3359
28961987,50.23065,26.771418,9.7795
436937782,44.209255,27.642355,8.7983
34944174,47.746304,26.779608,9.4909
34821341,46.82123,26.026993,9.9114
34821549,46.79857,26.509495,8.2247
34944326,47.751156,26.41846,9.99978
436862457,41.53346,26.488308,9.88756
436883751,43.04209,27.085102,8.09839
436883780,43.112007,27.170296,9.7885
436867585,42.158615,26.615881,8.4062
34752955,46.195164,26.23321,9.83134
405460905,52.277508,27.413614,9.21971
46479301,52.98602,27.85889,8.65584
436883712,43.10427,26.97498,9.24129
22876127,39.31766,27.111555,7.7083
436846918,40.61568,26.336643,8.7939
436846978,40.598442,26.225029,9.9358
436851195,40.871918,26.926836,7.99698
436848867,40.770134,27.004082,7.8995
436846617,40.628128,27.207329,9.5816
436846657,40.626286,27.115292,7.9672
405461432,52.23626,26.308632,8.10196
34783203,46.396782,27.869621,8.10047
22843416,39.01234,26.846169,9.63002
436846516,40.58234,27.522509,9.21931
436846876,40.618053,26.503168,8.2639
436840254,40.17127,27.068928,8.9233
436838075,40.022205,27.221518,8.9751
436838123,40.022514,27.10099,9.1159
436928751,43.62705,26.571365,9.6629
436840249,40.171143,27.06095,5.2438
436860106,41.362812,27.67263,8.7576
436926845,43.559105,26.85245,9.1697
436935811,44.01994,26.090677,7.0343
436881454,42.929565,27.209017,9.5502
28871391,49.669216,26.35776,9.3257
28870886,49.621777,27.492214,9.2121
34577108,44.572006,27.552612,9.6015
436860586,41.372417,26.533455,9.4739
28870824,49.64758,27.633844,9.52108
28871471,49.56211,26.190699,9.92639
34577180,44.564682,27.336443,8.064
28870698,49.55587,27.914993,9.9495
28871150,49.584805,26.909475,8.1658
28871369,49.57325,26.41723,9.2377
436860348,41.383053,27.104225,8.3521
436926880,43.49642,26.747873,7.63787
34713008,45.799973,26.061531,8.90158
436927023,43.521458,26.349012,9.7361
34577187,44.545753,27.33071,9.2839
436874302,42.50083,26.960209,8.9012
436874337,42.528076,27.048468,9.0805
301917517,41.95909,26.769485,9.476
34750133,46.07634,27.579573,8.9447
21026830,35.567287,26.157305,7.68224
21026854,35.48383,26.095354,9.1872
118443825,37.507046,26.262585,9.6059
436867069,42.205784,27.917484,9.8795
34749894,45.95575,27.006643,9.9213
34750046,46.047153,27.386843,9.5972
301917400,41.950253,26.457315,9.95535
301917446,41.915756,26.60601,9.4553
34749676,45.992325,26.544231,9.51643
34688440,45.47559,26.462355,5.814
21099718,35.824345,26.26708,9.8586
21024148,35.404633,26.0911,8.97534
436926808,43.553303,26.959866,8.7793
436842776,40.3392,26.175293,8.0203
22737138,38.110287,26.2481,8.1762
22739840,38.154068,26.541582,7.6288
22945495,39.892303,26.004648,9.894
22899491,39.496834,26.206337,7.2583
22875874,39.43221,26.47357,7.88279
22901115,39.682117,26.534866,8.2491
22945695,39.872826,26.531693,9.5244
436842575,40.286743,26.686947,8.9218
436840304,40.173492,27.199436,9.82997
22740011,38.20008,26.155397,9.61463
436838330,40.004368,26.453495,9.32328
436842523,40.281075,26.855438,8.85131
22737267,38.051945,26.614023,9.17835
22747462,38.27206,26.285994,8.50123
22840841,38.88411,26.439419,8.63552
22843633,39.018612,26.263674,9.47533
436844522,40.41991,26.94143,8.13618
22901054,39.62083,26.4,9.82274
22901259,39.70984,26.943665,9.14105
436844682,40.499073,27.431456,9.87825
118392598,37.133358,26.564533,7.56556
21119108,36.063282,26.195843,9.4992
118390917,37.013916,26.324444,9.3044
21130603,36.26851,26.201523,8.5467
21178283,36.74173,26.040869,6.4526
381460420,37.71044,26.503115,8.2081
118390923,36.931355,26.305338,7.9581
118390853,36.931213,26.494179,9.32329
118420880,37.40031,26.274471,9.27067
353893232,37.788654,26.387884,9.78112
118391040,36.979057,26.004244,9.6158
405434108,52.162075,29.061316,8.08055
641050169,55.61618,29.7641,9.7158
641050170,55.61612,29.763784,9.8339
641613727,58.74936,28.187962,7.4325
641061730,52.162655,29.061308,9.27657
641061731,52.162075,29.061316,8.08055
641031431,53.309883,28.275848,9.72075
641031432,53.309578,28.275312,9.32263
149858588,58.74936,28.187962,7.4325
58323940,65.13742,29.897804,9.24
46505481,53.309578,28.275312,9.32263
258064302,55.61618,29.7641,9.7158
302543184,55.864555,29.593208,9.20105
58638328,66.32728,28.628174,9.583
640810035,55.864555,29.593208,9.20105
29109718,51.25795,28.716808,7.098
56358419,62.285686,28.642895,7.716
641619683,59.940086,28.805384,9.8561
268328845,68.127464,29.79489,8.908
267945215,66.62344,29.456419,9.5136
22993881,60.036392,29.710836,7.4103
22992606,60.077244,28.851147,9.8571
22993665,60.03644,29.581392,8.19233
23084072,60.765106,28.856934,8.0667
23084373,60.7931,28.590683,6.8628
23084854,60.738934,28.135159,9.4434
23084507,60.745556,28.455849,8.2892
23081365,60.638947,28.4976,8.2187
23080933,60.561966,28.126394,6.537
34851121,46.99081,28.951889,9.9092
23080944,60.55921,28.129505,9.58179
427547232,54.774254,28.826723,9.5837
427577414,54.834404,29.444592,7.3927
427547333,54.833706,28.992407,9.66427
268402847,68.428604,28.729502,9.41859
125886389,70.74776,29.468475,9.93
150007692,69.740395,28.172995,6.5319
150053918,69.779274,28.84157,8.93044
150054029,69.820114,28.956207,9.1867
150055115,69.89889,29.884363,9.53009
150055438,69.949844,29.5684,9.7813
150054819,69.731926,29.707695,9.7394
150090565,70.105,28.595264,9.7942
150177696,70.595856,29.874313,8.8624
150177709,70.56577,29.887245,9.15038
408698516,70.36141,29.969248,9.025
58605568,66.1549,28.436811,9.392
58605626,66.20441,28.380571,9.64377
58470705,65.72761,28.398361,8.08926
349006329,68.988365,28.514572,6.133
408520902,69.53185,29.975468,9.2696
58470699,65.727936,28.399534,9.58414
59740435,71.461075,28.174536,9.4365
29001993,50.628128,29.076893,9.3982
268019329,66.75245,28.93848,9.0918
268018966,66.75328,28.526115,9.66611
268019068,66.7506,28.619291,8.9823
268019244,66.67514,28.841442,8.6251
58467657,65.489204,28.443205,9.9657
268507411,68.6583,28.961153,5.93713
56456323,62.950504,29.390402,7.1567
56395016,62.485573,28.769203,8.6407
150056354,69.87514,28.637707,8.124
125755430,59.877937,29.437895,9.5768
125755555,59.85426,29.207897,8.3446
58637876,66.32221,28.07799,8.4929
150175903,70.59851,28.061783,9.6298
385556612,56.557728,28.534252,9.8014
506525209,69.55247,28.216768,9.715
385592701,58.09741,28.533327,8.9772
29002098,50.631516,28.888903,9.9698
56625157,63.591877,28.708145,7.2818
150001334,69.68293,28.075825,9.78044
268401737,68.268814,29.779406,9.8812
268330145,68.17196,28.322989,8.0299
268401735,68.27518,29.778137,9.6783
268146613,67.4239,29.701235,9.9567
150092802,70.17085,28.858248,9.926
349005974,68.93617,28.18471,9.4631
268284302,67.74914,28.072126,9.8967
349006190,68.96951,28.382212,9.3744
268285424,67.85799,29.307795,7.5642
58430127,65.43624,29.62371,9.4916
150000096,69.67067,29.300627,8.41499
150000178,69.67166,29.200583,9.8282
149999925,69.69564,29.475306,9.4149
349007180,69.009796,29.288225,9.7835
150000009,69.60831,29.387362,7.97576
58429768,65.26543,29.879734,8.897
58430178,65.35861,29.569727,9.35066
58430265,65.4594,29.485132,9.1243
268221507,67.56823,28.577757,9.5762
268286319,67.93583,29.586979,9.6163
101032047,54.32328,29.898825,9.5474
149984123,59.501198,29.364517,8.4819
348801961,61.281548,28.353842,9.5287
348865314,61.23486,29.554316,8.2911
268221344,67.48096,28.379171,9.5148
171164415,68.031715,29.902966,8.5046
58603256,66.10619,29.019835,5.1334
58603577,66.025276,29.384691,8.7179
101032049,54.29729,29.907738,8.7732
58603284,66.05274,29.054771,9.7362
58602811,66.050415,28.58221,9.4841
35119158,57.087585,29.200895,9.9263
35153565,57.079018,28.78597,9.76563
35153676,57.00184,28.597662,9.0052
405416763,51.99151,29.702192,9.1961
58429659,65.31064,29.776688,9.8259
408649750,70.09455,29.972206,6.4287
268285420,67.78866,29.300905,9.11783
349006040,69.05204,28.254614,8.92113
150000677,69.61821,28.717623,7.8858
56657970,63.917973,29.569542,8.3506
46504454,53.13752,29.516752,8.6597
149978296,59.412136,28.098904,8.2084
23051888,60.299316,28.287945,9.5628
46504122,53.2201,28.884947,9.7631
149978107,59.455906,28.386864,9.0994
149978117,59.473553,28.376265,8.2997
149978133,59.37257,28.35952,9.6626
56551184,63.351875,29.122917,5.226
150056407,69.8641,28.582405,9.7053
150056540,69.88477,28.467915,8.0362
150057002,69.88453,28.021648,7.07707
267945244,66.543106,29.441729,9.2728
348954033,61.887592,28.301455,9.8848
23052028,60.357983,28.501892,6.93149
150056862,69.91318,28.15048,9.5797
385554515,56.38259,28.203518,7.97731
23052003,60.308952,28.462383,9.62769
267945563,66.62926,29.26263,9.095
150056202,69.911514,28.783867,8.36558
385593382,58.148884,29.517853,9.8922
28958745,50.07643,28.35813,9.139
268328165,68.06974,29.287432,8.775
56549494,63.247997,28.488276,9.5561
28958846,50.121365,28.10746,9.4055
385556115,56.459354,29.249428,7.76668
385556354,56.475468,28.904636,9.4723
385556388,56.539604,28.859299,6.6487
385556459,56.485023,28.753492,7.44766
385592993,58.094418,28.9598,9.6031
56515920,63.15934,29.618982,7.8467
56549272,63.264618,28.040283,6.9625
286624280,66.407196,29.946617,9.4854
150124827,70.30946,28.241177,9.4571
286624305,66.39345,29.878286,9.6694
28958705,50.190456,28.434923,8.71356
385555951,56.442013,29.48932,9.2402
385556163,56.453083,29.193089,9.9588
28830975,49.31195,28.3265,9.3314
125885018,69.57103,28.825558,9.4388
125885280,69.57296,29.131584,9.7027
348866010,61.373215,29.299252,9.3132
268448323,68.548836,28.39344,8.6247
268449178,68.645226,29.286463,9.3776
125981312,71.07064,29.347876,9.1132
427739549,59.660378,28.217144,9.9551
149926648,59.262936,29.073694,9.7685
149926657,59.317944,29.096653,9.6109
149977244,59.378033,29.670818,9.8503
149977341,59.456787,29.54598,7.9806
149977436,59.466618,29.403118,9.141
268508070,68.732765,28.21255,9.0277
58468122,65.56006,28.966328,8.62495
58468422,65.49242,29.27038,9.636
56624881,63.55385,28.203438,9.13356
56626609,63.724407,29.311155,9.92465
29000961,50.56274,28.81113,9.8479
46681447,54.566723,28.14149,8.0691
46681865,54.578304,28.921091,8.357
407941178,61.06949,29.626667,9.635
348866454,61.475124,28.570597,8.9074
268449187,68.58556,29.297434,9.7449
59678359,71.18955,29.340776,9.1572
59678527,71.226974,29.18891,8.3447
59679038,71.243286,28.750326,8.2394
29001568,50.71593,29.818419,8.33295
29001570,50.71919,29.817858,8.35915
29002161,50.600338,28.777756,9.36241
407940854,60.96178,29.197716,7.4558
407941293,61.086735,29.759916,8.99162
59678852,71.191185,28.920246,9.4438
348866559,61.413235,28.395374,8.95361
348953448,62.014378,29.15497,9.4664
348767049,58.65361,28.570818,9.4908
348953123,61.912796,29.61677,8.2357
268222099,67.55569,29.282547,9.6226
268285646,67.76463,29.571733,9.9887
150093641,70.15239,28.06549,8.8704
35118299,49.265247,28.758959,7.49273
34690985,45.67327,28.041859,8.5618
149904996,58.877678,28.07063,9.5649
149910089,59.07951,28.99981,9.7896
268224406,67.683655,28.11835,9.2445
268286120,67.880516,29.80446,9.8828
268287684,67.946144,28.036,9.3383
268401450,68.26762,29.363844,9.2874
150092527,70.25247,29.146082,9.0986
125842349,69.39059,28.521536,9.5926
46676449,54.213146,29.97633,9.4415
268400626,68.279625,28.42328,9.8233
405481401,56.02044,28.568707,9.4016
46677241,54.386593,28.441801,8.64185
149904880,58.906654,28.263224,9.96669
268221892,67.51562,29.041193,8.15658
34690669,45.565712,28.688238,9.62877
149904640,58.83689,28.611107,9.07277
149904939,58.951767,28.175888,8.72092
46676152,54.25635,29.448193,9.14414
405480837,55.94615,29.517439,9.1638
268286024,67.90066,29.927074,7.98598
46676119,54.26671,29.39875,9.8491
125842535,69.38835,28.316444,9.8525
150126578,70.45877,29.821705,9.42393
268515421,68.81189,29.738894,6.15582
56456296,62.929573,29.417635,9.6972
348636542,56.089123,29.08258,9.589
348636850,56.13924,28.49641,9.4928
56455642,62.788147,29.62915,9.5269
56455975,62.90854,29.830175,7.4861
348636293,56.106705,29.496815,9.8976
56455672,62.72913,29.670187,9.5609
268507371,68.77038,28.998909,9.5257
58322767,65.055504,28.814865,7.47002
150127184,70.4271,29.20814,6.98403
348637019,56.10103,28.206451,8.2688
150127666,70.44689,28.659975,8.45414
348636107,56.16956,29.82247,8.3216
56396689,62.61268,28.751574,9.7113
348636276,56.072357,29.542217,9.8276
268507466,68.66601,28.897102,9.63435
58287500,64.831604,29.557371,9.1666
85702073,63.68771,29.978123,9.8857
284238532,68.75456,29.98552,9.9962
46429512,52.74709,29.613775,8.7592
348888088,61.596325,28.406914,8.0384
348888818,61.538094,29.485857,9.0439
58539667,65.78205,29.02816,7.2462
56514904,63.048004,28.863672,9.6243
348887799,61.55698,28.034966,9.5093
28913786,49.96217,29.145882,6.4269
23084767,60.70167,28.216055,8.0885
137911917,49.87739,29.98644,9.5396
58539692,65.85313,29.046879,8.033
58538813,65.86529,28.124613,9.47077
125884499,69.55246,28.216665,9.715
58539361,65.79286,28.7267,9.62091
268515515,68.80052,29.854626,8.8215
23084700,60.737705,28.279716,9.7479
58468964,65.587524,29.836235,9.12598
56516814,63.08891,28.43506,8.7914
58467533,65.4952,28.30181,8.24455
58468787,65.48206,29.650288,8.01938
150128065,70.48573,28.272953,7.4513
348890312,61.71091,28.26983,9.1932
58286437,64.69157,29.219873,9.3732
125755538,59.77621,29.240234,9.8699
58287048,64.73502,29.864433,9.8236
56657597,63.793304,29.902054,6.2314
58639932,66.409424,29.526712,7.06884
348953877,61.936317,28.560942,9.6371
58639320,66.30404,29.700356,9.054
58324284,65.12253,29.56326,8.8715
58639434,66.305,29.822325,9.4051
58640492,66.503105,28.939875,9.7629
58323942,65.137344,29.896595,9.9881
58366036,65.086815,28.607628,9.5331
58366288,65.097786,28.293337,9.22383
28834711,49.41315,28.478622,9.03057
56657098,63.87278,29.285173,9.419
385593571,58.13535,29.797924,9.1187
427738725,59.65962,29.663206,7.6312
427738804,59.63521,29.504738,9.528
56657171,63.852448,29.365875,9.4567
35118182,49.266502,28.4842,7.95261
35118194,49.178467,28.502249,9.50435
34750558,45.998703,28.509144,7.9784
35118147,49.21541,28.395227,9.51039
427738626,59.739838,29.820246,9.07748
268078859,67.160965,29.146975,9.9891
46424905,52.53499,28.142174,9.24053
58639413,66.30298,29.796152,8.55611
58639562,66.424866,29.907463,9.0212
58365762,65.15744,28.892014,7.65091
268329604,68.14913,28.8955,9.64209
58639385,66.30636,29.76301,9.9228
58640496,66.45605,28.934954,9.89611
58365990,65.13777,28.652397,9.9049
58638894,66.366264,29.256378,8.8136
125840841,69.25611,29.653757,9.3126
28909372,49.89366,28.345005,8.5332
149920149,59.15274,29.764875,8.2486
149920184,59.137447,29.703821,9.8561
150176226,70.63246,28.383,7.62276
125839561,69.21811,28.20281,9.26434
125840407,69.284805,29.137453,8.46331
125840708,69.200035,29.497507,9.2036
58431304,65.403435,28.416157,7.81897
58638171,66.38756,28.449501,9.7587
58638610,66.35271,28.940706,9.9077
125755217,59.79629,29.810862,9.7152
427773705,69.08701,29.29236,9.99537
56359956,62.29061,29.025084,9.84327
28909187,49.838223,28.719198,9.33228
35158303,57.23507,28.063976,8.33331
149920286,59.217,29.532612,9.0012
58639015,66.30382,29.385572,9.39074
268021131,66.87744,29.091164,8.69892
150176494,70.55437,28.600315,8.97738
125839879,69.28278,28.560831,9.51805
125840969,69.26501,29.779484,9.1992
125839413,69.26068,28.011192,9.9971
125920087,70.82886,29.24306,9.4399
125920997,71.050896,29.675323,9.8907
348765859,58.5624,29.518715,9.3482
125920913,70.9986,29.756603,8.4103
58603778,66.00149,29.572588,9.3377
58541350,65.869896,29.217646,9.8634
58541606,65.97638,28.95866,9.043
58541472,65.899994,29.086811,9.9704
101092760,54.527668,29.973225,9.2189
56656611,63.773136,28.586407,8.8166
56515310,63.07088,29.411888,9.6271
22950699,59.95003,29.509808,8.9105
22951153,60.02239,28.81284,9.5018
22951595,59.989418,28.163221,9.8538
58541827,65.95579,28.735016,6.5004
268327331,68.10877,28.317408,9.69252
28914146,50.17915,29.882391,9.6424
268079149,67.140785,28.768814,9.8315
58542252,65.933044,28.186317,7.7142
150125205,70.33234,28.61499,5.7662
150125853,70.32985,29.304895,9.19705
150126264,70.26248,29.727928,8.85489
268327928,68.045586,29.015581,8.68049
150125799,70.32634,29.24962,8.9597
348951971,61.780735,28.560535,9.8225
125920340,70.892746,29.483139,9.91735
58604211,66.25214,29.85736,9.25318
427773008,69.10308,28.400349,9.86449
427772908,69.12415,28.293085,9.92712
46429758,52.74492,29.069214,6.5298
28914573,50.08484,29.048462,3.05448
58287792,64.92331,29.25788,8.52068
268145285,67.235886,28.636026,8.4652
268145482,67.23932,28.858257,9.2918
58108085,64.04619,29.120926,8.8858
34648096,45.422215,28.518862,7.6719
58175648,64.2695,29.469364,8.1496
58287431,64.88662,29.625067,9.2053
28831071,49.307613,28.106934,9.2993
46675430,54.228813,28.139265,9.3655
125735043,56.693542,28.347042,9.7877
407927583,58.331074,29.199978,9.8766
149903543,58.80571,29.541729,9.9195
46675857,54.27155,28.918108,8.493
268401199,68.36405,29.105675,8.2132
268401327,68.38764,29.232128,9.528
56396045,62.558956,29.674671,9.7681
408244948,64.3653,29.99928,9.59785
268402211,68.45531,29.486343,8.4698
268328354,68.106384,29.512281,9.79
348769954,61.186905,29.72262,9.6251
268514000,68.8903,28.131887,9.02959
56395677,62.497738,29.728237,9.9318
56396602,62.67938,28.908497,9.8921
23115200,60.868782,28.539389,9.838
23115271,60.91167,28.66174,7.71252
125734388,56.607597,29.67207,8.2566
405491997,56.741024,28.679853,8.44028
56359460,62.338078,29.729824,9.3298
58641053,66.43873,28.280811,9.56954
35226997,57.7447,29.65503,7.4912
268401062,68.36619,28.928255,8.8639
268507830,68.709724,28.479403,9.8437
58230949,64.564,29.21413,9.4439
125737072,56.890697,29.980913,9.5399
56456817,62.9244,28.691149,9.3556
34579921,44.705246,28.230959,9.78545
149858483,58.721832,28.011791,9.09501
268078957,67.114235,29.023533,9.73986
268079055,67.19806,28.88674,9.1247
268079056,67.175186,28.886541,9.8686
268079122,67.12118,28.801517,9.5542
268508217,68.7249,28.064373,8.75564
58230906,64.56154,29.26836,9.6791
34579912,44.719906,28.208384,9.73367
28914213,50.16994,29.72494,9.57663
28958526,50.165226,28.826502,7.88593
28914138,50.16418,29.908094,9.32093
268147335,67.398445,28.693277,9.42672
58107962,64.07918,29.256607,9.7718
407928331,58.407272,28.148113,7.1151
23053087,60.539562,29.829596,9.9659
23054226,60.54534,28.040382,8.2375
28964201,50.354767,28.39779,9.1518
46503719,53.245068,28.142202,9.3303
46503835,53.15726,28.365837,7.0006
407928342,58.36459,28.138605,8.8636
23053876,60.459675,28.611387,9.4293
407928406,58.33079,28.031883,8.25692
101406367,49.67316,29.911263,9.9913
346595751,55.37885,29.813818,8.8364
353929971,55.086246,29.55102,7.3515
34751870,46.214,28.539684,8.386
346595503,55.377438,29.389376,9.4578
346595564,55.325024,29.505842,7.3274
346595031,55.320656,28.533043,8.60182
346595242,55.36124,28.917694,9.38962
346676521,55.10115,29.956133,8.35395
23083308,60.71713,29.515003,7.4466
302543183,55.86454,29.59393,9.4186
348952200,61.754707,28.883833,9.577
268221148,67.58358,28.131865,5.8649
268223146,67.650055,29.49049,9.7868
268146484,67.38351,29.839,9.9784
46386379,52.480583,29.491728,9.9932
22950905,60.017956,29.199436,9.0612
34715494,45.904133,28.412813,8.5614
46424488,52.587135,29.12504,8.2834
46424647,52.47297,28.797337,9.4735
353929266,55.024216,28.240984,9.9154
353929469,55.06639,28.640476,9.4516
353929683,55.074474,29.051165,9.0586
58230429,64.56999,29.807028,9.4376
268076950,66.99513,28.366705,9.7249
268077269,67.02288,28.742752,7.8508
268079214,67.081795,28.679026,8.3448
268287454,67.97823,28.293493,8.9309
58231605,64.61369,28.103195,6.338
346595127,55.326637,28.702759,6.85704
58231482,64.629616,28.454487,9.55716
34715560,45.87571,28.269926,6.0712
353929299,55.00248,28.324411,9.91079
90649777,53.158474,29.952385,9.784
56550367,63.320713,29.707617,9.9357
46480406,53.045135,29.53091,6.73065
56549883,63.241634,28.995428,7.45824
46480453,53.074005,29.44698,9.4628
46429870,52.82508,28.806189,9.079
46429923,52.794678,28.708641,6.2739
302543113,55.904682,29.692038,7.9104
302543185,55.883396,29.592396,9.3575
302543596,55.886475,28.844576,9.9827
348952582,61.771423,29.44054,8.99866
348952929,61.95404,29.904123,9.7927
22951162,59.940308,28.805887,6.162
56358931,62.26212,29.372389,6.9592
35024334,48.408264,29.131079,9.7003
348951993,61.87354,28.589327,9.4319
28830527,49.349804,29.493681,9.83209
28830771,49.352394,28.823593,8.2113
258136987,55.691032,28.648558,7.3936
405480743,55.9915,29.682999,8.03
348766145,58.693134,29.904865,8.8681
348766282,58.648888,29.69186,9.5615
348766368,58.643063,29.590874,7.7941
348889170,61.640213,29.974295,8.471
348889879,61.68803,28.9319,7.81434
348889829,61.751904,29.001308,4.8782
348889984,61.684586,28.769888,9.36205
405480809,55.98513,29.563072,8.9372
101348749,49.41969,29.931435,9.89038
258137321,55.65473,29.24637,9.5171
46617784,53.74123,29.31332,8.7186
35013972,48.228703,29.289167,7.9567
56455539,62.748,29.48269,8.943
29000597,50.56341,28.089645,9.8947
56455412,62.780365,29.314604,9.6781
56455416,62.70376,29.32182,9.8472
29000900,50.535587,28.672052,8.83824
56455394,62.68755,29.2891,9.5184
34690990,45.640816,28.019575,8.1124
385555535,56.311306,29.750902,9.4579
58229064,64.45114,28.044044,9.74424
58230849,64.56238,29.332546,8.8017
29020484,50.888226,28.155914,9.7929
286420021,65.60263,29.881119,9.5688
58323162,65.04795,29.223055,8.2191
35114781,49.010662,28.588781,9.6401
427546794,54.74737,28.03766,8.7497
35114875,49.066677,28.36353,9.8383
35114993,49.010834,28.084055,8.8128
29020360,50.958298,28.385405,8.9328
258063226,55.429512,28.224834,9.65229
346541093,55.219917,29.193285,9.4928
346541433,55.1215,28.63755,5.9994
35014620,48.33849,28.007147,8.773
46617356,53.656998,28.532534,8.7947
46617521,53.7789,28.827553,7.9943
46618116,53.817963,29.944769,8.11771
46618421,53.888508,29.315926,9.1234
467682969,60.994293,29.932283,9.69921
125755893,59.83604,28.61012,9.9815
34622345,44.91501,28.16791,9.2915
34622514,44.946026,28.552933,9.5913
90767501,53.8728,29.90796,9.4437
436921852,43.21573,28.076645,7.7499
34552116,44.33264,28.337858,9.67
34942050,47.657997,28.433887,9.2072
34942431,47.669403,29.356457,7.7525
258063323,55.38654,28.447474,9.4155
258064137,55.38525,29.821276,9.5313
427738042,58.269127,28.932463,9.9229
34942153,47.587925,28.685135,9.8114
258063709,55.382767,29.134377,9.5994
34942388,47.58503,29.230036,9.14797
661245020,60.562775,28.126186,9.7638
34942007,47.66425,28.337301,8.75386
346540908,55.167866,29.454655,9.12282
346541355,55.161537,28.773338,7.27652
346541360,55.1605,28.771618,7.7843
427546985,54.782974,28.38226,9.6662
35114517,49.12256,29.294912,8.41776
35013928,48.303215,29.382526,9.72841
34622284,45.00728,28.015228,9.26912
346596956,57.26602,28.461689,8.89997
149859222,58.734375,29.15363,9.1233
34887522,47.403545,29.001568,9.7461
34887150,47.30963,28.205103,9.9141
34887322,47.403908,28.558231,8.4666
34887565,47.40309,29.07708,5.57413
34888234,47.424603,29.342651,9.0433
34888384,47.45397,28.926788,8.3533
34888623,47.544144,28.317442,9.6828
258064490,55.560394,29.424732,7.10162
258065100,55.54182,28.306948,7.14014
258065102,55.56475,28.305874,9.2057
385554712,56.42139,28.516325,9.8062
385555578,56.424923,29.824667,9.3865
385555613,56.40295,29.894566,8.6197
258064833,55.536545,28.79695,9.9197
385554904,56.39702,28.771366,9.5166
407928263,58.361782,28.223766,9.91389
34887675,47.36226,29.321085,9.67282
385554826,56.36475,28.668703,7.31151
385555781,56.55648,29.759398,9.6343
34888449,47.497795,28.751907,9.32696
385555521,56.309673,29.726528,9.8337
46630660,54.02805,29.401552,9.0527
29701408,51.6474,28.71506,5.7272
405417258,52.009266,28.68508,9.0235
397371445,51.41274,28.72634,9.279
90767549,54.04728,29.983313,7.48216
405416597,51.846523,29.773415,9.2448
46481120,52.99877,28.096895,9.34551
125737891,56.95548,28.375065,9.942
46536981,53.589405,28.084646,8.71021
405479940,52.415367,28.754192,9.2235
29109365,51.343014,28.039576,9.9904
302542066,54.660797,28.131832,9.4424
302542192,54.63472,28.367285,7.7056
125737167,56.840218,29.726677,8.0143
125737333,56.91467,29.393171,7.0603
125737484,56.900116,29.131771,9.5724
35083027,48.690395,28.296522,9.6158
35083155,48.65537,28.662268,8.85075
125737745,56.901157,28.664774,9.6035
385593450,58.036686,29.611814,7.5899
125737097,56.856956,29.87578,8.164
302542715,54.672085,29.406738,9.93297
46629968,53.954483,28.090054,9.0546
125737587,56.883633,28.928293,9.94379
28962916,50.327103,28.789463,9.98231
427737693,58.169643,28.357918,9.83905
46536182,53.62992,29.565287,9.76915
46631360,54.165928,29.224033,6.2811
46631495,54.082615,28.961275,7.7391
405402545,51.673214,29.924387,9.00004
138019326,50.780304,29.97498,9.95672
46630964,54.126106,29.889194,9.15191
407933440,60.97632,28.12597,7.9547
34646790,45.15794,28.335024,9.3779
405434275,52.15708,29.376024,9.8835
46481033,53.03901,28.290352,9.2213
35025225,48.573986,28.761309,9.3768
29058259,51.26199,29.10402,9.7296
29058702,51.183548,28.272564,9.6016
348765106,58.54596,28.319166,9.8523
385506421,56.25387,29.152882,9.4366
22995623,60.231056,29.050026,9.4084
29058260,51.21367,29.102417,9.1691
35024234,48.35492,28.941553,9.9436
28869825,49.61799,29.902466,9.5396
29058317,51.19059,29.01233,9.344
35024177,48.38569,28.839676,9.4074
35024386,48.404343,29.23231,7.83348
29058304,51.26136,29.034279,9.5807
29058479,51.256733,28.716911,8.83549
29058513,51.204063,28.652544,7.02798
385506017,56.27956,29.818184,8.6481
385506128,56.27486,29.627174,9.0162
427578688,54.888397,28.285185,9.9217
348765096,58.4365,28.311033,9.70093
56550538,63.435642,29.959764,9.6653
56358772,62.27784,29.162226,8.5674
405417220,52.025505,28.758297,9.8259
35084100,48.796677,29.05034,6.84602
149858676,58.80795,28.338305,9.6574
427577733,54.94961,29.878342,8.1876
427577756,54.859386,29.846964,8.4894
56358798,62.226543,29.190664,7.7269
28869591,49.475994,29.446632,8.03577
56358141,62.170116,28.249014,9.71245
28870356,49.54233,28.738789,9.54507
28870372,49.611565,28.713531,8.30881
28870512,49.53963,28.366343,9.8031
427577999,54.898136,29.451939,8.26756
28870270,49.584248,28.968441,9.72394
405416890,52.02334,29.44688,8.85342
427578308,54.963524,28.948671,9.39513
149858936,58.81248,28.68979,9.779
34818603,46.696518,28.342283,9.036
34818253,46.7008,29.047459,9.5379
34818358,46.701565,28.805395,9.5757
34818432,46.726738,28.665676,9.85224
34782660,46.39431,28.901844,8.865
34782669,46.37584,28.891188,9.5206
34782902,46.35436,28.437933,9.2749
34782721,46.457706,28.805866,9.8341
34782671,46.424335,28.889957,9.6122
34822681,46.820545,29.123396,7.4886
34850918,46.950092,29.160511,8.74941
28874386,49.77839,28.675142,9.2563
28875138,49.83082,29.61614,7.2323
405403157,51.74637,28.587622,9.3032
397371297,51.491158,28.320442,9.8532
397371441,51.405895,28.7176,9.6327
405403243,51.73204,28.432943,9.996
46479442,52.919323,28.175117,9.7437
46479551,52.93245,28.413559,9.6635
90551906,52.581863,29.936104,9.40335
405403109,51.670986,28.698359,9.0338
28908877,49.818787,29.374466,9.95564
397371774,51.41058,29.411413,9.8781
405459692,52.08708,29.799246,8.58433
405459721,52.072483,29.86864,9.3185
405460035,52.289124,29.299494,9.97628
29109747,51.33918,28.784153,9.9123
28962606,50.231956,28.059322,9.3404
436884096,43.041794,28.008652,9.8252
29109961,51.3522,29.226118,9.981
29110273,51.307167,29.83895,9.14186
29019616,50.971684,29.891756,8.68375
34750363,46.012363,28.090088,9.2531
29057089,51.067314,28.429892,7.74425
29057309,51.054577,28.860397,9.2726
46428876,52.716118,28.960682,8.5461
34859019,47.128933,28.963148,9.8605
29018954,50.85129,28.72255,9.9183
29019021,50.843666,28.848982,9.071
28913327,50.05157,28.322977,8.54845
436935066,43.97157,28.257376,7.8453
46429014,52.674213,29.23884,8.85539
436874713,42.60579,28.007408,9.1119
34576937,44.519848,28.020805,8.7626
34576895,44.588814,28.141111,9.55783
29019282,50.808823,29.38255,8.85352
149904235,58.95577,29.264784,9.521
661542043,67.67887,30.683048,9.3911
661542046,67.67927,30.683226,9.757
661557988,67.07839,31.176723,7.59534
661540044,67.216644,30.36155,5.887
467651971,60.599773,31.257774,9.953
349667325,67.216644,30.36155,5.887
349665601,67.07839,31.176723,7.59534
171008368,67.63244,31.419716,9.428
171084074,67.67887,30.683048,9.3911
408433396,69.28264,31.354027,8.801
85848400,63.982098,31.693104,6.826
467763815,62.4866,30.896769,9.9597
467763999,62.576035,30.648355,7.10605
467781043,62.543484,30.025633,9.5095
467764029,62.541798,30.619152,9.196
349773325,67.34312,31.122644,9.9169
349773627,67.31679,30.827433,9.13577
408430698,69.14856,30.515429,9.706
408430163,69.11456,30.90837,8.76678
408347380,69.011,30.9252,9.7564
408387007,68.981255,31.687141,8.81103
408387352,69.01294,31.918575,8.0981
408386470,69.055305,31.281544,9.87352
85785182,63.817055,31.592329,8.4279
408522655,69.58067,31.313284,9.1899
408734346,70.368416,31.41974,8.817
408834601,70.786194,31.004637,8.5951
171256949,68.41194,31.659826,8.0427
349580475,66.885376,30.93977,7.6061
239700359,65.04144,31.953176,4.46026
408698850,70.39739,30.29363,9.50179
270178478,65.24984,30.371632,9.9447
408522882,69.60827,31.485256,7.4267
239670472,64.95051,31.664217,8.605
408519054,69.44542,31.266754,7.7108
171195729,68.104546,31.117884,5.56054
239700591,65.04721,31.71657,9.26165
239700684,65.0067,31.617353,9.86234
408650349,70.051895,30.558916,9.86161
26650173,57.968704,30.423685,8.8968
286624835,66.4322,30.541605,9.906
429124428,66.1132,30.124655,9.6172
90692185,53.788433,30.561766,9.7635
101163379,55.018654,31.315786,9.47915
408770803,70.4858,31.33154,9.52
408564823,69.77677,30.120405,9.9767
286421737,65.6801,31.63297,8.12245
349773150,67.314026,31.311823,9.8846
408564914,69.809586,30.221638,9.4564
408598045,69.83953,31.025896,8.4557
408598062,69.84865,31.03279,9.537
286421730,65.695656,31.624344,8.13384
408523619,69.56348,31.99879,6.69182
85896438,64.230194,31.6153,9.0622
85896197,64.23863,31.364914,5.8086
408562352,69.647934,31.685509,9.9268
408564442,69.75978,30.024906,9.1241
101092051,54.36637,31.120224,6.5417
94367286,58.533016,31.88363,2.6364
408771153,70.506546,31.026955,9.62754
408770628,70.47866,31.49224,9.65458
408774479,70.7242,31.9365,9.232
171196013,68.11895,31.355215,9.5469
408523245,69.555504,31.736147,9.34883
171253454,68.24311,31.082567,8.3296
270177024,65.14275,31.77062,8.7347
85848424,63.951946,31.719007,7.4196
171196058,68.17014,31.40501,8.26599
171196639,68.088455,31.837532,8.9893
286622415,66.36235,31.751017,9.5839
408647474,70.01855,31.72761,8.4041
408647648,69.90858,31.601631,8.803
661327495,64.0082,30.035542,9.61803
94366591,58.508583,30.85769,9.8273
85785275,63.870293,31.49875,9.07966
101031672,54.112377,30.591408,9.81314
85629967,63.1951,31.296272,9.99178
85848411,63.994476,31.704615,7.989
408698101,70.19501,30.291523,7.5861
408434172,69.26027,31.940887,9.8968
101031443,54.14842,31.074608,8.28387
171194467,68.09999,30.118666,9.63411
467726660,62.105816,31.010044,9.7894
26618272,57.49419,31.077227,9.4342
467726499,62.05872,30.833872,7.8683
85632428,63.382893,31.16564,8.4305
408774046,70.63676,31.503683,8.809
661309953,66.11336,30.12448,9.6258
408696530,70.295265,31.662458,9.56571
94366803,58.464546,31.187763,8.9799
171256341,68.439445,31.166857,9.06655
408696418,70.30698,31.774284,9.68251
171256396,68.40606,31.210463,9.9216
467693213,61.086735,31.956717,8.9888
101032677,54.279957,31.125238,6.83456
94339559,58.32352,30.902325,7.6833
467693820,61.156822,31.29124,9.072
467694059,61.14195,31.034288,8.883
286562822,66.27803,31.229551,7.9297
286562094,66.288055,30.428415,8.73455
94339635,58.398037,30.773445,8.6372
94365665,58.311848,30.514643,9.41026
349509788,66.57209,31.959158,8.06926
284172314,68.53437,31.167393,8.0847
284172350,68.501976,31.202522,7.58769
408522332,69.49769,31.07659,9.54615
270177580,65.22016,31.245481,8.3392
286622217,66.39901,31.945114,9.65426
94471960,59.09557,30.178015,7.7987
349387689,61.54314,30.657993,9.8698
467752737,62.366505,30.494268,9.1926
171083872,67.78688,30.861713,9.6714
171006247,67.45544,30.358501,9.16357
94339197,58.307674,31.492277,8.16447
467753114,62.35487,30.982616,9.1696
467753193,62.44609,31.078833,8.8404
429100481,65.444405,30.191998,7.44895
171255196,68.4293,30.213463,8.33017
171255205,68.48054,30.222254,9.7998
446008965,70.92566,30.270592,9.79008
171007381,67.52994,30.53316,8.6401
171008590,67.62152,31.5903,8.54534
171007589,67.5624,30.717884,9.8907
284173125,68.58155,31.836617,9.91639
408734966,70.38835,31.969608,9.2758
239670558,64.9578,31.747408,9.7054
171195045,68.15618,30.55552,9.8546
94449585,58.695477,30.496977,9.2774
467751605,62.320774,30.775965,8.8708
467751723,62.32378,30.642876,6.59736
270155941,61.84595,30.155544,9.828
270156339,61.864258,30.67315,9.03105
94727127,60.22374,31.480448,8.7579
94727509,60.211834,31.91947,9.4735
467793851,63.01642,30.493788,9.11579
467792136,62.866196,31.396723,8.4836
94726574,60.16256,30.811218,8.283
349666049,66.98032,30.794134,8.0866
408520070,69.34774,30.516521,9.9889
171194993,68.11507,30.514917,8.92009
239670766,64.92569,31.971209,9.65329
239666974,64.76979,31.925823,9.1988
239670160,64.92044,31.358076,8.64301
239670526,64.989746,31.710999,9.4231
239670581,64.95318,31.773773,9.929
467794838,62.921677,31.55068,7.6087
94726812,60.182957,31.110846,9.80737
270156638,61.815655,31.01888,9.6687
270156798,61.902634,31.210714,9.8141
138125796,51.58659,30.015722,8.238
94332167,58.229298,31.36776,9.6713
349581549,66.92494,31.95645,9.5879
408429738,69.187004,31.198412,8.6027
286557015,65.968475,31.5631,8.95546
467751351,62.317726,31.095064,9.79169
408429413,69.15536,31.45347,9.11403
467751483,62.26314,30.9172,7.62222
94280949,58.117294,31.9229,9.8953
94281423,57.99674,31.251535,9.8633
94281651,58.10629,30.907154,8.9951
94471669,58.929268,30.076984,9.40046
408298439,64.52957,31.23795,8.4687
94472851,59.005043,31.41547,8.5187
171004342,67.44004,31.959908,9.1219
286684653,66.5263,31.43891,4.4643
286685173,66.47411,31.990831,8.9553
94608104,59.47264,31.08088,9.8619
408243511,63.154434,31.405148,9.7177
85847999,63.978294,31.285408,9.8582
26619851,57.70856,30.998224,9.9734
94607904,59.502834,31.346138,9.8032
90572263,52.93178,30.682098,9.5108
94471001,58.84781,31.052189,9.9485
94471448,58.894238,30.407154,9.9203
94724854,60.054764,31.194468,9.7709
349455251,61.654118,30.015135,9.5573
284172155,68.56098,31.033405,9.435
101128785,54.84835,30.164906,8.92498
85848117,63.940186,31.397352,7.4638
90571828,52.706833,30.190601,9.79817
101128724,54.820305,30.079243,9.0286
26619464,57.664944,30.430761,9.7139
408243874,63.095272,31.024103,9.8621
408520054,69.475555,30.526915,8.80531
408520210,69.43885,30.40764,8.24375
94471168,58.884678,30.812822,9.7298
26433869,56.814323,30.149513,8.4107
94471007,58.846157,31.045847,6.0283
94471263,58.933098,30.682308,7.6677
94724365,60.003185,31.773985,8.3096
94725354,59.96243,30.572502,8.8262
171256045,68.44807,30.918129,7.7315
171256279,68.44321,31.1243,9.3556
26620246,57.614628,31.553612,8.2953
101092418,54.479073,30.42285,9.53701
94367266,58.52925,31.85053,9.5909
94367268,58.524437,31.85755,9.6539
101093290,54.560493,30.853981,9.95043
94367281,58.531036,31.880465,9.0116
467762845,62.585545,31.900034,8.9191
349455068,61.717403,30.27334,6.02342
126097268,56.306633,30.26146,9.4334
126097645,56.278706,30.89757,9.219
467727023,62.17057,31.402704,9.1544
94725105,59.96885,30.86823,7.3685
467683347,61.01435,30.448877,9.7819
467683775,60.965763,30.93303,9.07845
467684364,61.01381,31.613697,9.7405
239701167,65.09285,31.11241,7.4013
239703030,65.281845,30.948914,7.6972
408344885,68.81194,30.773706,7.9903
408346267,69.03875,30.129599,9.0012
408347116,68.92794,30.755909,8.6155
239701517,65.11681,30.741024,8.1311
239701475,65.02299,30.777052,9.6509
239701900,65.11464,30.302582,8.8589
239702344,65.31517,30.026772,9.553
90669199,53.376865,30.55231,9.494
239703809,65.286896,31.981955,9.9581
349666639,67.06971,30.206032,9.1998
26391636,56.43531,30.944693,8.7056
26392794,56.518337,30.792524,9.7318
26392917,56.46133,30.999643,8.5637
94472282,58.995537,30.617903,9.2682
94472312,59.050167,30.670969,8.9739
349387480,61.53054,30.351704,9.1115
349387818,61.499386,30.873049,8.8962
85700651,63.543518,31.350143,8.6845
349667253,67.1863,30.283663,9.52465
171252582,68.22023,31.785618,8.36362
26392157,56.4123,30.155088,9.7917
26392638,56.56025,30.524847,9.70901
94544155,59.333443,31.185747,9.8691
239669227,64.993835,30.33073,9.4158
101168461,55.33211,31.136337,9.2584
349455636,66.63732,30.336952,9.072
408773065,70.65065,30.569103,8.5372
408433654,69.23231,31.547537,9.3817
408562309,69.75828,31.719177,9.2627
94374203,58.65529,31.701303,9.0774
408387386,69.027115,31.94613,8.9389
90691583,53.539696,30.364323,9.6417
94670880,59.703987,31.246357,8.8423
94671019,59.767723,31.075687,8.8398
467714038,61.30272,30.403156,9.937
349667567,67.13139,30.59757,9.44934
429103679,66.144,31.829903,9.19281
408245461,64.37516,30.526333,8.7974
408246416,64.37605,31.392504,9.5255
429104068,66.12205,31.241014,9.0126
94365843,58.413918,30.232716,9.9918
429104558,66.1307,30.434258,9.07889
408599378,69.81022,31.741465,7.48621
95568124,60.488834,31.972786,9.3485
94544251,59.25663,31.30923,9.92555
94365871,58.30603,30.191477,9.6788
429099565,65.40057,31.615204,6.15589
429099638,65.422806,31.510754,8.7275
429099989,65.43043,30.986,9.8638
408301349,66.028336,31.753996,9.7219
26650717,57.871307,31.215242,9.0613
26651256,57.97308,31.921122,8.949
85893201,64.05407,31.406948,8.0914
85896448,64.19831,31.623278,8.4771
171163794,68.05051,30.51472,9.1466
239658431,64.676315,31.967585,5.9261
171195156,68.20275,30.646616,9.7927
349455847,66.663795,30.593252,8.23921
349509099,66.57308,31.200258,9.009
408432861,69.32348,30.958288,8.4196
408562721,69.68968,31.432638,9.74851
408563697,69.62299,30.672327,8.008
408563812,69.6433,30.572687,9.7706
408563976,69.71532,30.449736,8.5716
85893669,64.12919,30.972044,9.7954
284237149,68.773224,31.1148,9.4747
85893927,64.09057,30.71693,9.39438
408432085,69.31001,30.399858,7.2949
26650901,57.875656,31.428846,9.48434
85893169,64.084724,31.43352,8.489
286561930,66.18862,30.241695,9.61807
171253882,68.29125,30.720985,9.78581
408432664,69.2617,30.787357,9.8856
408433744,69.24246,31.621124,9.9353
408246457,64.40665,31.434801,8.47013
408246548,64.30119,31.512804,9.4272
94670767,59.70195,31.3585,9.6514
408245494,64.30706,30.554588,9.6481
408301570,66.01411,31.997686,9.7853
94725465,59.989162,30.43114,8.6571
239701144,65.02631,31.140669,8.1624
126097200,56.21358,30.135727,8.17427
467727142,62.11447,31.532648,8.22895
239701374,65.03926,30.886045,8.5042
126097648,56.267765,30.9089,9.3531
126097762,56.277073,31.094688,9.08154
94725163,59.966774,30.798658,9.3596
239701640,65.00357,30.623209,9.83596
239702513,65.34329,30.264214,9.61808
467727007,62.16782,31.381592,9.9266
94724614,59.99504,31.483644,9.7014
286624688,66.45921,30.372616,9.79277
94281498,58.018536,31.168592,6.03647
94281510,58.0809,31.14296,9.08212
408244444,63.05076,30.41679,8.68262
408288300,64.449295,31.597794,9.27279
408298777,64.56491,30.928392,9.7183
85894565,64.0767,30.09721,9.5737
85895533,64.23718,30.776861,8.7703
85895538,64.23907,30.78246,8.5517
137886056,49.776035,30.06864,9.4331
85894843,64.28065,30.059036,9.0007
85894906,64.25543,30.13033,9.2875
171162615,68.05023,31.527336,7.0722
171162968,68.04536,31.22474,6.5966
239668697,64.85046,30.11137,8.79568
239669736,64.87727,30.88319,5.9523
85894806,64.211655,30.018845,9.25308
85895711,64.295654,30.946054,9.7921
239669085,64.97377,30.164951,9.65711
239669899,64.969826,31.063845,9.8439
85894131,64.147736,30.527687,9.97533
349667332,67.219406,30.364834,7.86438
85894640,64.06467,30.021482,8.6978
239668777,64.74381,30.013891,9.0704
239668781,64.83329,30.011333,9.17149
239669453,64.98455,30.582783,9.8516
239669430,64.86028,30.552425,9.07784
286418740,65.54301,31.364937,7.798
467792028,62.858967,31.506178,7.8809
349386694,61.464893,30.609045,9.6847
467750973,62.19997,31.514914,9.7868
138125618,51.593094,30.413527,9.3209
467791608,62.882576,31.924809,9.7344
349668981,67.13611,31.899446,9.7614
286623020,66.33926,31.178865,9.44277
26391529,56.408184,31.099937,7.9538
467652506,60.521973,30.593943,9.5536
467652510,60.595764,30.585154,9.0123
94608300,59.415226,30.803982,9.4572
94608963,59.62901,30.023378,8.3384
94609944,59.606857,31.322998,9.796
467791745,62.853096,31.777803,9.7001
467792009,62.849655,31.52051,8.6796
349665487,67.01364,31.287926,9.8624
349668859,67.20643,31.799006,9.8121
284237721,68.64261,30.685413,8.8228
284237795,68.75377,30.628962,7.89894
284237880,68.69753,30.555483,9.735
408344134,68.79827,31.306564,9.8632
408344664,68.8009,30.932928,7.6045
467652705,60.534763,30.37328,9.42368
94610007,59.647717,31.408438,9.0659
349665185,67.07198,31.600662,9.83591
467791931,62.821323,31.599108,9.0934
284237794,68.70275,30.629599,8.86232
349294194,51.931843,30.500605,9.61075
286419571,65.58627,30.423874,8.4944
417832801,52.19439,30.375343,6.7074
94373982,58.60885,31.962591,9.83042
286556186,65.883064,30.632032,9.0703
85845573,63.86049,31.058517,9.05817
286562349,66.1803,30.712385,9.8918
286562825,66.20611,31.230227,9.4909
286563319,66.199715,31.722172,9.7807
349509737,66.57725,31.902374,8.9539
286562887,66.19347,31.303747,9.4921
346676823,55.12793,30.395933,9.6049
346677352,55.13114,31.315279,9.50363
467694188,61.16027,30.884209,8.76631
90767741,53.98292,30.307734,9.9562
101256899,56.039425,30.437654,8.9873
94332210,58.13985,31.430532,9.42
85632736,63.449734,31.44664,8.3205
270157138,61.793186,31.563303,8.9208
270157447,61.806545,31.910152,8.855
349386047,61.389355,31.497196,5.55449
349386143,61.40776,31.351284,9.6373
95566977,60.424976,30.254522,7.8871
95567393,60.457485,30.911184,9.7061
95567425,60.459034,30.970703,7.7506
95567888,60.502285,31.647337,9.7912
85632444,63.333435,31.179802,9.9113
270157363,61.873363,31.807583,8.848
349386993,61.428307,30.186373,9.64945
90767903,54.05606,30.59192,9.34814
101256605,56.16388,30.919981,9.40268
94673324,59.90136,31.61428,9.9839
171086966,67.85593,31.725672,9.5392
171005077,67.43499,31.34257,9.5162
239667880,64.76553,31.0203,9.7873
171084768,67.75346,30.09141,9.303
171162785,67.95967,31.400457,9.2244
239667352,64.838905,31.58158,7.8898
467653587,60.688892,30.538126,8.0863
467653750,60.66114,30.774628,9.07054
467653771,60.702312,30.805132,9.5613
467653878,60.679886,30.92814,9.9687
171082503,67.755974,31.997494,9.0027
171084337,67.76659,30.453737,9.8432
171084500,67.76567,30.311878,9.1155
171085500,67.89074,30.464731,9.09863
85847731,64.00018,31.023985,7.9663
239668394,64.78292,30.461094,9.3343
467653611,60.728745,30.57313,9.3175
171086448,67.84645,31.278166,8.3974
171087086,67.82343,31.826023,9.52299
85846742,64.00884,30.035772,7.21451
467654752,60.736008,31.93179,9.6892
90649713,53.040543,30.006088,7.61
26433189,56.60699,30.776012,8.3438
26433122,56.65739,30.872707,9.70901
101220876,55.573147,31.167915,9.13037
85848154,63.952576,31.435003,9.1305
408245168,64.32904,30.21592,9.6752
94542374,59.201363,31.192516,8.5605
467752024,62.22732,30.274397,9.0945
138115282,51.47337,30.480476,8.07994
286420760,65.72417,30.72356,9.1079
94542043,59.233,31.604542,9.222
94543469,59.323536,30.223862,9.622
408300465,66.041145,30.704897,9.4441
408301434,66.01794,31.855062,8.5658
286420492,65.665016,30.444063,7.2214
286420677,65.66566,30.641537,9.96293
408244312,63.043648,30.57691,9.5951
85633313,63.415653,31.945272,9.6382
138052045,51.076168,30.267614,9.4661
94543325,59.365726,30.005562,8.69223
467753728,62.4119,31.652132,6.3679
467753643,62.362545,31.581083,8.83786
26648939,57.803738,31.293657,9.5521
138052048,51.076424,30.266638,9.92346
346723819,55.763885,30.190058,7.9263
349355839,52.474342,30.34731,9.35321
467781820,62.617615,30.761915,9.41276
467621682,60.26307,30.20912,8.8536
467782361,62.63389,31.382029,9.2981
85845833,63.760796,30.785843,9.4888
26648805,57.826977,31.47593,9.8197
467782880,62.628,31.941666,7.9927
85702894,63.724022,30.836136,8.7224
85845786,63.74939,30.836794,8.8885
26649326,57.72013,30.691198,9.26782
85629473,63.18821,31.794739,8.9045
85703048,63.645584,30.984022,8.90492
94672136,59.932854,30.203861,9.8976
94673098,59.95141,31.365587,7.5733
349454071,61.667828,31.66855,9.4799
94673083,59.929527,31.3596,6.97603
85775217,63.634743,31.896416,7.43721
94671864,59.7491,30.008635,9.4607
94672007,59.831547,30.032223,8.55075
94672604,59.91999,30.783567,9.0924
85775153,63.639164,31.83707,8.8503
408299455,64.555786,30.33305,8.2934
349579755,66.949905,30.238749,7.7857
94448456,58.67241,30.945812,9.4253
94448629,58.559418,30.703,9.3735
349579586,66.84607,30.060965,8.2415
94448681,58.562515,30.628633,9.23855
467682034,60.863914,31.033783,9.8324
467683650,60.975468,30.807875,9.7933
467682337,60.892048,30.714203,9.0016
94448424,58.586216,30.998579,8.93062
94470392,58.88759,31.884645,9.9114
138019250,50.72511,30.15062,9.6081
467651471,60.653057,31.829323,8.8965
467652288,60.527637,30.868862,8.12858
467652404,60.562653,30.732763,8.2061
467727489,62.129333,31.908545,8.9499
467651777,60.61893,31.49112,8.4536
467651916,60.600914,31.330664,7.7746
467651972,60.601944,31.257715,9.82145
286491805,65.86643,31.067352,8.94646
284061623,51.73364,30.579966,9.7851
467681844,60.91117,31.250011,9.8821
284061618,51.714787,30.571625,9.1977
101164003,54.93327,30.147015,9.3042
408194873,55.961372,31.06536,9.2993
467725582,61.994587,30.187574,9.6882
90551941,52.567806,30.041145,7.3944
467725116,61.94505,30.80104,8.8639
137912002,50.040405,30.092005,8.9022
137991431,50.430912,30.06018,8.0307
137912038,50.117477,30.16094,8.5576
101167308,55.2257,30.657896,9.6438
171004846,67.44825,31.526138,9.833
137964923,50.17133,30.065744,9.7369
171004654,67.49582,31.67748,9.52082
85896104,64.25182,31.294699,9.5173
85893710,64.13126,30.931856,9.8487
85896670,64.23336,31.850267,8.6629
239667199,64.729195,31.721756,9.8633
85847659,63.989464,30.943438,9.8321
85847009,63.989258,30.319462,9.3888
85847670,63.99405,30.951479,9.3696
239668363,64.75637,30.487082,9.9983
284087610,55.617176,30.996532,9.9714
90767180,53.868137,30.507969,8.088
90767312,53.864193,30.260315,9.823
284088092,55.695484,30.273672,9.90339
94280922,58.07593,31.96807,8.3656
408597414,69.84265,30.775778,9.294
408597176,69.8335,30.684666,9.7615
661359776,65.406364,32.02959,9.9975
661430160,62.1798,32.452953,9.3875
429099318,65.406364,32.02959,9.9975
467728005,62.1798,32.452953,9.3875
408496104,69.41282,32.6244,6.61861
408645883,69.96668,32.979412,8.3937
349509875,66.66733,32.051422,9.04821
408735886,70.4096,32.712685,9.9463
349695407,67.35474,33.218365,8.9244
408496825,69.425804,32.13654,9.3104
239679059,65.05517,32.275276,8.4116
239678424,65.027626,32.900364,9.7439
239678783,65.03936,32.547237,9.5354
239679249,65.09098,32.089577,9.221
408561844,69.70232,32.061844,9.9427
286622005,66.40187,32.15884,8.0563
94724112,59.97165,32.064045,9.223
239678629,65.03659,32.70377,9.57283
239678978,65.13713,32.364494,9.69526
349695655,67.245056,33.01599,9.6121
408496357,69.39673,32.44011,9.9086
286686273,66.435814,33.07521,9.6025
286685820,66.55237,32.64552,8.6127
286686060,66.4497,32.87205,9.40225
286686279,66.46292,33.079647,9.2033
467754257,62.473557,32.19831,9.654
408523653,69.50754,32.01886,8.1992
408524581,69.49778,32.67929,9.4019
408645694,70.0282,33.1341,8.02185
408342577,68.84686,32.39113,9.9109
284173585,68.49957,32.209377,8.25177
467723520,61.978054,32.44643,7.6613
286422635,65.641396,32.467922,5.8281
286422958,65.5988,32.74445,9.5465
349581674,66.90512,32.0609,9.26121
408560070,69.717705,33.394707,9.88939
85775917,63.63454,32.525215,9.37156
349582007,66.854675,32.372166,9.73494
408428398,69.16834,32.174824,9.4061
408428425,69.11451,32.155907,9.54632
349581861,66.89743,32.238564,9.78504
408428287,69.06305,32.24027,9.79471
239666830,64.84316,32.092747,9.8629
171251479,68.30165,32.58313,9.9516
349664466,67.056305,32.26152,8.9675
349664739,66.997856,32.002247,9.26006
408736860,70.335045,33.444805,9.8945
408736136,70.338684,32.90174,9.38061
94673644,59.950024,32.03062,9.8892
349509876,66.56627,32.052063,9.8336
94673638,59.889393,32.023613,9.44281
94673646,59.925972,32.032707,9.8713
408694997,70.24118,32.986057,9.57935
349510531,66.60724,32.711815,9.7056
349664542,67.04148,32.178497,8.38504
408487588,69.276825,33.421146,9.2513
349510934,66.56444,33.16377,9.7457
94724008,60.00156,32.165356,9.9065
408242483,63.112988,32.373146,9.1134
85628668,63.24351,32.532726,4.96838
94724030,60.076828,32.142456,9.6813
171205731,68.29066,32.851,8.1383
85849109,63.89805,32.34972,9.9656
85849062,64.00213,32.31379,9.1256
408242665,63.056007,32.186787,8.2099
85849010,63.962353,32.26199,9.88494
284234316,68.72089,33.272488,9.8232
239671239,64.96299,32.437992,9.7898
171009535,67.59663,32.33862,9.7997
408694356,70.20169,33.50205,9.4399
171009710,67.54188,32.496387,8.4548
171258354,68.41158,32.755596,8.72174
171009659,67.660034,32.45777,6.21586
94670113,59.70792,32.13566,9.5126
94670225,59.776024,32.01178,7.325
349453460,61.66268,32.38506,6.9901
349663572,67.028435,33.00958,9.6124
349664419,66.99121,32.303955,9.45642
429103011,66.14715,32.791534,9.5105
408653402,70.1642,33.06695,9.83909
85633627,63.376408,32.23847,9.953
94670212,59.769592,32.02835,9.48858
85634047,63.38485,32.637936,9.5397
349582570,66.908455,32.848278,8.99445
171004053,67.38957,32.19735,9.6939
286422209,65.59894,32.07049,8.2662
408426473,69.19481,33.42017,9.7621
171003552,67.45032,32.582306,9.0388
349696302,67.358894,32.478146,9.8389
284174541,68.58085,32.92625,9.5256
284174973,68.57632,33.258038,9.7864
408561500,69.755394,32.320282,8.017
467715906,61.275497,32.36558,8.8302
349688889,67.23598,33.254032,9.6623
349695987,67.343185,32.734962,9.409
286558481,65.89946,33.132256,9.7321
286558244,65.89961,32.89551,9.6599
286558338,65.981445,32.986958,8.6736
408287641,64.45609,32.165752,9.2249
286685530,66.519936,32.34215,9.00424
270176304,65.17407,32.46791,9.7895
349517417,66.73328,33.009758,8.48221
349576780,66.8008,32.6781,9.707
349517511,66.701164,32.91977,9.44294
94727951,60.220028,32.354702,9.6661
349577085,66.69551,32.38523,8.6658
85849448,63.96302,32.639362,9.91882
94727896,60.11675,32.28971,9.956
239704480,65.2969,32.830235,9.01241
349687575,67.15446,32.16115,8.39211
171257408,68.421295,32.00335,8.41275
349687428,67.11677,32.03652,9.73106
171257504,68.4397,32.070927,9.558
171257598,68.49344,32.141617,8.11873
85848924,63.943607,32.170647,9.8425
408434738,69.28399,32.355816,9.7453
408646511,69.94537,32.46131,8.37932
286621652,66.3862,32.47602,9.6544
408435190,69.24891,32.674618,9.50656
286621151,66.38132,32.874073,8.56151
286621912,66.369255,32.239418,9.7151
171003651,67.515434,32.511692,7.24287
408287392,64.56098,32.390457,7.40544
408561011,69.686745,32.6652,8.38612
408287818,64.532814,32.022617,9.3824
467715689,61.256603,32.12502,9.99333
408647121,69.97431,32.023716,8.80284
171197303,68.15902,32.374626,8.8056
286418074,65.58488,32.137375,9.2836
467692981,61.07581,32.192234,9.66718
171197784,68.188675,32.72496,8.25826
171205686,68.22132,32.883686,8.93242
467692671,61.17296,32.49407,9.6027
286564078,66.236,32.439487,8.92125
467783213,62.614307,32.243042,8.8253
467783456,62.67951,32.466415,9.6202
286564781,66.18512,33.07454,9.4336
429099181,65.46902,32.22284,6.8457
286563864,66.19391,32.230247,8.8078
286564500,66.23808,32.82124,9.2882
286564547,66.18772,32.85264,9.5784
286564572,66.19442,32.878643,9.9575
429099255,65.46408,32.113438,9.79995
349688144,67.20467,32.65349,9.768
349688089,67.13608,32.615494,9.5636
349687996,67.16658,32.53239,9.32558
349688060,67.11378,32.593956,9.45099
349688478,67.23691,32.93965,9.95191
349385230,61.37022,32.519447,9.539
239704527,65.30259,32.889885,8.862
239704629,65.33226,33.004868,8.7377
408769467,70.462395,32.569126,9.52987
94610641,59.551586,32.16672,9.1463
85784226,63.80106,32.50504,9.6939
85784663,63.818813,32.11724,9.7811
85783874,63.736797,32.81588,9.5791
467754431,62.441338,32.37762,9.8081
408389112,68.94187,33.151558,9.526
94544838,59.29597,32.01529,7.8683
467654985,60.761578,32.196125,9.4898
467655038,60.786674,32.2548,9.8297
467655071,60.770676,32.297276,9.8626
171257718,68.42495,32.242683,8.8683
408388098,69.05509,32.45713,9.979
171087519,67.84947,32.1707,9.9089
171087909,67.810074,32.474148,9.47755
171087957,67.897835,32.5065,9.6963
171088659,67.90785,33.03655,8.75585
408769441,70.485596,32.599087,8.48643
408601204,69.77343,33.146717,8.69216
408601470,69.85464,33.35236,9.5003
95568306,60.443195,32.215336,9.0403
171002873,67.42083,33.149174,8.9017
408341242,68.87718,33.27245,7.95291
95568277,60.5082,32.1734,9.2144
408342294,68.897705,32.57979,7.9725
467643787,60.354588,32.268723,8.58206
467654997,60.79328,32.205284,9.6026
95568346,60.466686,32.26683,9.7289
408599812,69.78834,32.060116,9.81477
171160825,67.95077,32.919018,7.8178
85896957,64.23928,32.081024,9.2547
85633547,63.381638,32.161495,9.2939
85775732,63.64286,32.369316,9.0143
85775786,63.609585,32.41697,9.45504
467728012,62.076035,32.46,7.35546
408287105,64.53558,32.62434,9.6186
467795832,63.025837,32.510204,9.5734
270157681,61.81774,32.1851,9.2157
467791084,62.804512,32.413654,7.6198
467750149,62.22827,32.378723,9.7174
467750443,62.28344,32.075844,8.9092
94607189,59.45838,32.22241,9.7754
171161634,68.01838,32.293175,8.73381
85849259,63.879772,32.472725,7.914
85849206,63.975697,32.42954,9.7154
85892031,64.15332,32.462273,8.7344
85892377,64.12379,32.16383,8.93217
349389032,61.579227,32.391373,9.60914
286489881,65.737885,32.885204,9.8547
286490628,65.79548,32.193413,8.56917
467651230,60.58236,32.09726,9.1787
467643645,60.34629,32.119335,9.0345
286489682,65.77827,33.05536,9.3101
429098967,65.46973,32.500195,9.0946
610733424,11.75482,-1.2525561,8.4085
610733425,11.754701,-1.252211,8.3861
610735355,11.132146,-1.0610434,9.5852
610735356,11.132516,-1.0610259,9.7761
610823746,5.842175,-0.27422184,8.9994
610766984,14.896662,-1.1912166,8.1036
630318520,26.987238,-0.95590436,9.7676
630318521,26.987362,-0.9564713,8.8685
278954741,347.44623,-0.82630146,9.861
333605262,12.864223,-1.282026,8.887
333542517,11.754701,-1.252211,8.3861
333603065,12.59782,-1.100291,9.944
328117612,28.176596,-0.632347,9.126
138689997,3.433039,-0.989363,9.984
125250745,339.04037,-0.8416016,8.227
244164554,5.842175,-0.27422184,8.9994
241765598,26.987362,-0.9564713,8.8685
423360768,14.896662,-1.1912166,8.1036
423358757,14.627303,-1.059014,9.922
125206479,338.511,-1.785292,8.82073
38272391,344.62744,-0.009893152,9.7228
382305660,11.132146,-1.0610434,9.5852
224220995,343.77722,-1.039767,9.1893
250103128,355.17737,-0.38303733,8.58064
269506705,14.072695,-1.311787,9.725
301035004,3.000499,-1.563194,8.352
176070741,337.20782,-0.019981563,3.6556
176079555,337.38687,-0.2050506,7.4123
136841278,354.72205,-0.7306304,9.5865
301079421,348.63458,-1.9628469,9.7217
176103894,337.62738,-1.0680788,7.5749
176104501,337.81732,-0.71585584,9.4138
176104799,337.75516,-1.5988969,8.74564
250360277,341.874,-1.7887832,6.42752
188532189,343.92184,-1.9047663,9.4118
278871215,345.61084,-0.5979825,6.0847
278871347,345.51065,-1.209265,8.3479
278871482,345.50732,-1.9004287,9.0937
301079740,348.54932,-0.2701085,8.2615
250099245,353.21997,-0.40254238,9.0735
176103882,337.73557,-1.0980102,9.6059
176104387,337.84274,-0.34420985,9.2711
176104584,337.82373,-0.93166906,9.9919
278870752,345.45258,-1.5309951,8.6603
278871174,345.5415,-0.41698635,9.9692
136841375,354.80914,-1.2551031,9.36
250297180,339.7014,-1.2422103,7.834
250297195,339.74823,-1.200434,9.438
176129313,338.09247,-1.6461451,8.5851
301257621,351.13016,-0.9711615,8.32351
250100681,354.86273,-0.9778953,7.5154
250100857,354.85208,-1.8406607,9.4676
301257769,351.16235,-1.7414237,6.7729
250297209,339.7688,-1.1601115,9.6084
176128790,338.01282,-0.07078322,9.953
176129064,338.00226,-0.8766459,9.5392
176129173,338.03735,-1.2085296,9.8396
301257017,351.0644,-1.7813547,9.8709
278920065,346.9403,-0.29604945,6.0899
176215630,342.85294,-1.9114048,8.6626
322216033,345.04517,-0.38102219,6.3155
278995352,347.92294,-1.1345698,8.5925
250107956,355.48212,-1.0981644,8.5085
278995236,347.95782,-0.49179834,9.2625
278995443,347.91733,-1.5205755,9.0712
301131721,349.1834,-1.8300229,6.7296
301289943,351.86902,-0.48414272,9.779
250293472,339.43726,-1.383152,8.7984
250320782,340.35852,-1.7797012,8.5539
301289620,351.78415,-0.81536835,8.9164
301289516,351.77017,-1.2862738,9.0684
311056263,345.13416,-0.61033046,9.6018
125238747,338.8015,-0.15975605,9.9059
311056078,345.13284,-1.4158449,8.9571
311056320,345.1574,-0.39966616,8.3215
322216218,345.01636,-1.0524645,8.9744
311056224,345.16635,-0.77182263,8.7284
311056276,345.23853,-0.5696317,9.6132
125238512,338.7963,-1.0447471,9.5416
176216259,343.03442,-0.23071049,9.7462
176007189,336.37234,-0.5181978,9.68717
125239007,338.8334,-0.70536935,9.1192
248577352,357.6192,-0.51627606,9.7797
250357077,341.73163,-0.31024462,9.8203
250357583,341.78293,-1.0400112,9.3292
125238488,338.7206,-1.1199571,9.98875
125204278,338.44067,-0.56719744,8.6092
176070512,337.21246,-0.78530157,8.1078
176070834,337.28534,-0.12882416,8.4057
250330889,340.97217,-0.7603584,9.944
301309194,351.91504,-1.8877536,9.5706
125204573,338.36212,-1.7103403,9.7172
250294373,339.62643,-1.2313924,9.3858
250294425,339.56393,-1.3787602,9.6581
248048403,345.68945,-0.5671289,8.5052
248048980,345.7732,-1.8822042,8.855
301136534,349.4955,-0.43401945,9.3921
250327939,340.88174,-1.447005,9.436
398637979,357.18112,-1.4765509,9.6755
278869080,345.27484,-1.7291732,9.8798
250293887,339.4651,-0.18424144,9.2189
301289588,351.73557,-0.97690964,9.6074
250290370,339.32318,-0.11121038,8.76846
250100621,354.93698,-0.74061507,8.2707
250290336,339.4226,-0.006920679,9.56776
250290372,339.3371,-0.12245605,9.07612
250290703,339.38794,-1.2406588,9.59344
301257136,350.96585,-1.0517136,9.9992
176103755,337.65085,-1.4962833,9.34548
176216352,343.03873,-0.51158404,9.60674
176216738,343.0521,-1.93631,9.58849
176104085,337.7265,-0.46272242,8.7167
278870801,345.4782,-1.3027357,9.58803
250099345,353.1949,-0.8427223,8.57614
250099426,353.22476,-1.2633065,9.6515
278871147,345.6009,-0.29921922,9.90076
250324057,340.59985,-0.7916376,8.854
176016436,336.6246,-0.5672514,6.8819
250316618,340.15155,-0.07213298,7.38279
301190891,350.2325,-1.8360126,9.6169
301191156,350.26367,-0.62332124,9.9422
301191270,350.21713,-0.11060052,9.5501
176015979,336.4851,-0.6669716,9.9021
176016606,336.564,-1.0437694,9.9313
301190933,350.2968,-1.5958327,9.9558
250102648,355.06573,-1.7544029,7.8221
38336056,352.75757,-0.5960111,6.9919
38335872,352.58752,-0.177871,8.3828
250102884,354.96686,-0.5586514,8.7454
250102612,354.96744,-1.8975843,8.9129
38333354,348.72906,-1.0563155,7.7907
176070911,337.32336,-0.4038616,8.20226
176071020,337.2692,-0.76371104,9.5888
125204374,338.3524,-0.8686157,8.7049
125204550,338.34695,-1.6112685,8.8804
301309346,352.0091,-1.4682821,8.4271
38246808,338.1718,-0.77474475,6.3094
125238701,338.72366,-0.3118703,9.64698
125238397,338.77567,-1.5247154,7.33452
125238672,338.77875,-0.42288607,9.84437
125238451,338.79843,-1.2481467,9.94952
311056068,345.1894,-1.4526459,9.79683
311056081,345.12958,-1.4062672,9.8154
311056082,345.22183,-1.4053841,9.7788
125238849,338.83908,-0.117499836,4.1405
176070357,337.23862,-1.2308341,9.63993
250330623,340.98672,-1.6421624,9.5626
250353210,341.45712,-0.9328833,6.932
250081586,352.98987,-1.0858946,5.3679
38247009,338.13425,-1.5153064,6.6857
38256052,344.3147,-1.4172634,8.5054
250316002,339.99954,-1.8600677,8.7231
250316021,339.9431,-1.7787799,9.7855
250353943,341.57785,-1.2044417,8.9999
38256219,344.3891,-0.766494,9.8991
38333929,352.4064,-1.705086,9.1577
250081299,352.83002,-0.19724274,9.8137
250081426,352.95822,-0.30699676,9.7899
38351122,356.32037,-0.97647995,8.3667
278995359,347.95636,-1.1497915,9.6087
176132053,342.17853,-0.47021508,8.7108
176131862,342.14905,-1.2570616,8.6321
248053369,346.11545,-0.5364408,8.5099
224217524,343.42694,-1.2019192,9.8934
248053680,346.2339,-0.86552197,9.5743
248053734,346.2608,-1.1999081,8.3331
248053197,346.21457,-1.3694035,9.878
248048460,345.7133,-0.3086257,9.54576
301136621,349.5735,-0.035728753,8.83924
248048656,345.7842,-0.4296327,7.2369
313860144,353.41315,-1.0500559,9.1513
301310449,352.13815,-0.9966932,9.49639
250316182,339.91986,-1.3008348,9.71562
136823174,354.5267,-1.335586,7.35869
250102662,355.0571,-1.6842368,9.5902
248050968,345.9068,-0.26211676,8.9534
224220931,343.7408,-0.7848262,8.194
224221108,343.74454,-1.3821238,9.8259
278994841,347.7987,-1.267269,9.6386
205785164,339.14093,-0.5647422,7.74736
176061465,336.90005,-1.2083098,8.4565
224214680,343.18158,-1.3505445,8.314
398572264,353.62048,-0.3258464,7.263
176061306,337.0027,-1.6148263,8.5482
278868488,344.98447,-0.8000506,9.5533
398572222,353.65784,-0.13704856,9.0677
398636150,357.05307,-0.7748837,7.94913
224217673,343.38226,-0.53540814,9.4743
224217897,343.54517,-0.19813164,9.6175
248053838,346.27597,-1.6325669,9.2439
248053867,346.30502,-1.8236836,9.5957
176131755,342.18677,-1.6368252,9.91945
322215800,344.86917,-0.3055916,8.9261
279011437,348.34006,-1.4421796,8.9846
250320669,340.29803,-1.4516718,8.0428
279011322,348.39172,-1.9879416,8.6763
398620824,356.8684,-0.69577324,9.8233
398620898,356.84833,-0.26982182,9.8173
250360903,342.0546,-0.27739817,9.3984
279011433,348.3836,-1.4591471,9.131
205785205,339.15347,-0.41940746,8.0778
224215058,343.24323,-0.19607587,9.8527
224215442,343.29245,-1.6279808,7.7005
176019793,336.72177,-0.5387341,8.8182
250110849,355.84662,-0.23156895,9.0532
176058554,336.82938,-1.3212686,9.9365
250324218,340.57053,-1.285474,9.8372
301287422,351.55466,-0.5052494,8.7103
250110957,355.82788,-0.7080635,7.049
176019858,336.67932,-0.27914366,9.6059
176058231,336.7724,-0.31822902,7.8631
176058332,336.86987,-0.64830464,8.9336
176058632,336.8097,-1.5794015,9.1444
279009299,348.03964,-0.1974744,7.4567
279009421,348.26135,-0.16670816,9.3344
279009530,348.2443,-0.79532725,8.5678
313864786,353.84848,-0.63014525,7.9747
279009467,348.2714,-0.43446395,7.8123
301232675,350.66263,-1.1518592,7.6185
313864315,353.53043,-0.4236941,7.5314
279009339,348.05493,-0.058877733,9.6385
279009689,348.16998,-1.6196619,9.6078
301232335,350.52914,-0.06625814,9.9353
301232476,350.58804,-0.35040712,9.9244
250346586,341.04968,-0.9535125,8.7525
278967488,347.69318,-1.613849,9.7598
278967518,347.71902,-1.749033,9.9043
301232595,350.669,-0.8161216,9.1662
250108582,355.59088,-1.5013099,7.8373
250316520,340.03406,-0.14507742,9.04483
250353601,341.4943,-0.20761584,9.95347
38270045,344.40448,-1.0810114,9.99353
398620651,356.844,-1.5088074,8.83717
250320662,340.36807,-1.4345433,9.23294
250320499,340.32892,-0.90802526,9.9787
313886837,354.05508,-0.3128716,8.935
398638410,359.29614,-0.6493984,9.28
176015928,336.4388,-0.834345,9.05526
398638373,359.2086,-0.50965863,9.0333
301235074,350.94095,-1.3187045,6.4317
278951462,347.0996,-1.6481123,9.6486
301234987,350.84464,-0.94684243,7.5265
301234978,350.9309,-0.8848087,7.94581
278951425,347.1042,-1.8669469,9.3103
301234827,350.8589,-0.12831551,9.8668
301235014,350.94125,-1.0711836,9.7197
278951499,347.06696,-1.4933314,9.63227
301234468,350.74878,-1.6352341,9.2493
301232728,350.6836,-1.472102,8.88654
301193475,350.5173,-1.8258369,8.3204
301232495,350.5991,-0.41486967,7.7716
301232560,350.63998,-0.72560465,9.6055
301232601,350.6714,-0.84530437,9.73417
301232454,350.6152,-0.24717546,9.8651
176019691,336.7219,-0.8443075,9.65857
176058228,336.79846,-0.31218156,8.3309
176058657,336.8594,-1.6409054,9.13262
176058704,336.7923,-1.7746694,9.21298
176058549,336.77808,-1.3091475,6.1741
38272245,344.58832,-0.5713304,9.3471
250110838,355.8243,-0.15558253,8.1583
176058703,336.7906,-1.7731595,9.64711
176058264,336.8797,-0.43707937,9.90544
250081412,352.98138,-0.24700595,9.86774
301287134,351.5444,-0.46323654,8.0008
176172189,342.71283,-0.37238306,9.7886
136820713,354.24982,-0.15042241,9.7911
136820880,354.31693,-1.0503076,8.3589
250320158,340.23276,-0.12763712,9.9167
176171991,342.65094,-0.117180035,9.0143
301286930,351.4852,-1.3405037,9.1981
250320315,340.28912,-0.243073,8.2384
176129342,338.07343,-1.7086633,8.6455
301287196,351.53317,-0.23816603,9.737
278951564,347.1841,-1.1904649,8.6539
248607772,358.66107,-1.9462308,5.9781
38376639,359.94373,-0.28011245,4.9814
278951885,347.22394,-0.16173863,9.409
250317179,340.14722,-1.7568303,9.4817
250346376,341.06094,-0.35987353,9.803
248607490,358.6458,-0.5852458,7.4153
322215573,344.7852,-1.1823529,7.86764
322215645,344.8779,-0.8984367,9.4761
250102842,354.9961,-0.75096464,8.62257
322215669,344.83868,-0.8201807,9.83679
2052827047,344.5884,-0.5709367,9.582
224220454,343.57538,-1.0492672,7.3885
278893962,346.7715,-0.98835504,8.4691
224220630,343.60217,-0.3353965,8.6071
176128844,338.0171,-0.22284903,9.6957
176128921,338.0768,-0.46220788,9.6402
278995476,347.9255,-1.6758027,8.3981
224220248,343.64142,-1.8364469,9.6252
248055940,346.3904,-0.17521085,9.2815
248055866,346.44247,-0.51957464,9.1442
248051348,345.98105,-1.3631799,9.5578
250105459,355.22772,-0.7402014,8.3918
250105674,355.35928,-0.029687446,9.8915
407969866,358.98694,-0.03302674,9.9464
250105927,355.38477,-1.2293122,9.8807
407969804,358.98886,-0.2991693,9.5513
301174621,350.01352,-1.6049303,8.409
279047218,348.4009,-1.5471034,8.7614
407996027,359.63022,-1.6887678,8.3864
301136906,349.63174,-1.179954,9.83514
250317232,340.08548,-1.9294426,9.72388
278951697,347.10876,-0.4996222,6.93577
250346433,341.07608,-0.5194518,8.91903
38272044,344.5986,-1.410208,6.0049
248607505,358.65427,-0.6225005,9.80459
248607535,358.594,-0.76908135,9.998
38272339,344.6352,-0.18678787,9.56945
398584407,353.8717,-1.824144,8.8588
38272123,344.57,-1.0904925,9.91921
301081350,348.99304,-1.4238882,5.7787
248602780,358.18567,-1.0152355,8.9533
398618529,356.56058,-0.12054561,9.1619
398618865,356.75418,-1.5863762,8.642
398618740,356.72482,-0.9830538,9.8441
248609604,358.72098,-0.28598112,7.7176
248609819,358.89642,-0.1789812,9.58875
176215661,342.8893,-1.812872,8.08213
224218237,343.4991,-1.5453472,9.75346
248051285,346.01266,-1.074237,9.3681
248051308,346.03232,-1.1504219,9.409
248051442,346.0771,-1.8998015,8.48922
407969743,358.9647,-0.5598749,9.321
250113618,356.09888,-1.1110599,8.592
398618850,356.6448,-1.5228521,9.20929
248602738,358.17847,-0.8082569,9.8372
313863873,353.60916,-1.523998,8.7417
301329366,352.25882,-1.4703299,7.6277
301329667,352.22867,-0.041091163,8.8254
301330115,352.36246,-1.7912148,5.4043
301130946,349.0306,-1.4300497,9.3954
301329551,352.2458,-0.52457434,9.4898
136822786,354.4541,-0.66354775,8.8062
136823099,354.5661,-0.86857265,7.9244
136823091,354.54785,-0.82677495,8.5191
301309171,351.94437,-1.9519944,9.2601
301309206,351.91733,-1.865448,9.0585
38253849,344.2468,-0.49772504,9.2893
136824731,354.6786,-1.8997687,9.6635
136824738,354.63028,-1.8687301,9.245
176172576,342.72174,-1.7410978,9.2404
278954586,347.44193,-0.19113341,9.8887
398640498,359.43002,-0.25265267,9.8245
176172439,342.81488,-1.281246,9.0877
322212993,344.7205,-0.31593868,6.5418
224223397,343.8552,-0.43500796,9.7557
250349773,341.19565,-0.05794068,9.8925
250350076,341.33765,-0.86589706,9.6754
278954724,347.54004,-0.7692055,9.1676
301270637,351.2976,-1.417754,9.7776
398572617,353.6341,-1.9040422,9.3827
398572535,353.67224,-1.5378425,9.8142
205785264,339.08075,-0.18643844,7.68484
205785005,339.08978,-1.0324538,9.70271
205785121,339.10983,-0.6969189,9.53447
205785212,339.0804,-0.3889394,9.6697
224215423,343.2599,-1.586198,9.05721
248577161,357.51642,-0.30298564,9.7236
398572529,353.66617,-1.5058187,9.8136
250113249,355.97818,-0.58599687,8.6392
248574751,357.30777,-0.26121482,9.8235
407996708,359.72067,-1.3952452,9.8452
136841154,354.73126,-0.19806235,9.0826
301191682,350.3824,-1.6291552,8.39838
136822623,354.45825,-1.5038255,9.37061
250103336,355.126,-1.3636456,8.98651
176016766,336.57806,-1.5349755,9.32518
250346783,341.11716,-1.6193031,9.8488
136820971,354.32248,-1.5198278,7.7754
398640934,359.51178,-1.9800334,8.3459
176171500,342.59357,-1.9154958,8.98492
176171869,342.67685,-0.5777922,7.29036
136820886,354.29312,-1.115998,9.4077
278893624,346.65137,-0.36928147,9.4135
278893662,346.63522,-0.1961446,8.4942
301329955,352.3763,-1.0358961,6.3013
313863987,353.53757,-1.2475599,5.6543
301329490,352.19244,-0.8355961,7.5305
301329960,352.33823,-1.0546536,9.31446
250110483,355.7836,-1.4094349,9.54905
408002010,359.896,-1.849921,7.1809
248574782,357.34647,-0.103932194,9.7107
250130512,356.2502,-0.6603276,5.585
270268366,356.9249,-0.76216984,6.1441
270268300,356.9125,-1.1782188,9.9871
250349388,341.15384,-1.46441,9.5668
176172502,342.7908,-1.4472811,8.57342
176172546,342.81326,-1.6527647,8.90195
250349650,341.21814,-0.4864615,8.586
250350042,341.25156,-0.73190767,7.088
398640591,359.5189,-0.12819341,8.4302
250350019,341.3365,-0.6379662,9.89783
250350178,341.33365,-1.1786417,7.61344
224223192,343.8448,-1.341066,8.8387
301271030,351.3512,-0.21523549,9.1582
250349930,341.27347,-0.34077442,9.86095
322213194,344.69574,-1.0963464,9.89559
224223085,343.82397,-1.8674504,9.90731
250352874,341.38983,-1.9507048,9.2414
38254104,344.16827,-1.5739267,9.1886
125236200,338.66132,-1.478458,6.81242
250298015,339.89627,-1.2722079,9.8612
125206534,338.51215,-1.5742677,5.01111
278967082,347.62988,-0.03831005,9.6797
301139617,349.93704,-1.71012,9.5248
125206951,338.59503,-0.054756995,9.4896
301175267,350.10608,-1.2516316,9.5186
125206954,338.59155,-0.06228041,9.8386
250297911,339.7986,-0.9557547,9.329
278966888,347.55026,-0.89744097,9.4775
278967376,347.77975,-1.1030536,9.509
301139156,349.7624,-0.1258874,9.177
301139585,349.93475,-1.5747871,8.8852
250298170,339.86533,-1.7468866,9.41976
38254171,344.27243,-1.8537543,9.3962
250298126,339.91208,-1.5963312,9.9919
125189722,338.27353,-1.1045496,8.9808
125204220,338.3548,-0.31218782,6.5449
125189626,338.2881,-1.4125199,9.7542
176062216,337.08356,-0.94575846,8.0897
176080277,337.60883,-1.8112979,9.8362
176079338,337.43695,-0.9421378,9.0735
176079954,337.59344,-0.737016,6.52396
250297835,339.81842,-0.7158567,7.9999
301139336,349.96646,-0.4664652,9.5095
250297466,339.7046,-0.27864668,9.41306
250297664,339.85342,-0.240997,9.9604
125207289,338.65793,-1.4027041,8.6686
125189771,338.30475,-0.9115128,7.80442
176079213,337.38928,-1.3709267,8.49788
176079414,337.47293,-0.6659905,8.34406
176079548,337.4957,-0.23021087,9.89284
300906538,0.9246271,-1.5555536,8.5166
300907518,1.0514234,-0.9572143,9.7985
301309390,352.02713,-1.3718104,9.874
301310141,352.0516,-0.19693576,9.9371
508850829,337.20786,-0.020544972,4.1472
176007011,336.33292,-0.01023523,8.6484
423342344,5.2707205,-0.25160655,9.1194
423342429,5.3297634,-0.42727977,9.6964
313864083,353.53137,-0.9713832,9.7712
313864766,353.76547,-0.59608114,9.8563
313860025,353.41193,-0.7460451,9.1094
313860038,353.46436,-0.77922535,9.4104
313860370,353.42126,-1.5144382,9.50642
176145244,342.47018,-0.13717419,7.3088
176145928,342.56332,-1.4308279,9.0835
333608950,13.102196,-1.1066923,9.68775
333608126,12.867416,-1.2844191,8.7437
333608683,13.071755,-0.36450148,8.763
333608371,12.908197,-0.48839784,7.7616
248987133,22.943783,-1.690767,9.5888
332715504,32.601357,-0.09227191,7.7343
241486204,25.218443,-1.4038517,8.719
241712068,26.712048,-0.81016326,9.3994
250418837,31.812126,-0.20547512,9.1291
241394646,24.463242,-1.3042995,7.6497
241394647,24.437658,-1.2831409,9.6917
241484735,25.062176,-1.2801108,9.5326
241806245,27.4702,-1.221603,9.4231
406430742,28.61895,-1.2000004,8.6358
35650520,23.285063,-0.07013797,9.7415
333640202,13.212478,-1.900832,7.737
241671757,26.459166,-1.9266039,7.3342
269592186,16.131123,-0.9164923,9.0808
406430808,28.605473,-0.8105334,8.7121
35650522,23.340918,-0.064265236,9.2614
241712080,26.636087,-0.60183436,9.62007
269504380,13.806951,-1.5033103,7.6795
269504859,13.944564,-0.7948777,8.0514
241712092,26.626074,-0.30874094,8.3978
250414198,31.292835,-0.0008767598,7.9441
241486156,25.03866,-1.4457653,9.432
269504849,13.8894205,-0.7370555,9.0169
269504950,13.9003525,-1.2530514,9.6837
241537790,25.503984,-0.4822282,8.55293
241537775,25.342525,-0.50658625,6.9547
35703954,23.97812,-0.44784102,9.7393
250384807,29.958431,-0.47252363,9.4899
248944591,20.145424,-0.17696245,9.3737
248944699,20.278315,-0.18472652,9.3797
423389148,29.234936,-0.24099597,7.5986
248386927,19.159206,-1.6315252,9.47133
35704006,23.904943,-0.7490804,9.972
248387428,19.232054,-0.90989155,9.93653
248944866,20.307602,-1.1143816,9.435
35703725,23.868029,-0.70589054,9.3402
35704118,23.968594,-1.409278,8.5833
248944413,20.2212,-1.3105907,7.106
250384868,29.95538,-0.7249643,9.21126
35703955,23.990286,-0.44845435,9.98314
248944689,20.362852,-0.14469758,9.798
423387093,29.01119,-0.82990164,9.64454
241484792,25.303175,-1.4612622,9.4233
241806286,27.361311,-0.43321168,9.60824
250394854,30.950657,-0.34024662,5.17273
212983407,9.880592,-0.9809886,9.048
241539163,25.520542,-1.8043722,8.5749
35650201,23.401863,-1.8655539,7.87612
35650212,23.285852,-1.7915071,8.1288
250394948,30.898346,-0.772203,9.9034
406448758,28.860647,-0.11049332,9.299
212954122,8.38077,-1.2373219,9.4363
212954333,8.425323,-0.35223857,7.6205
212954379,8.467868,-0.19122282,8.8926
138706499,3.7235105,-1.0351207,7.6157
423386994,29.057129,-0.22382167,9.3081
423387057,28.998087,-0.57842004,9.3473
269532997,14.207739,-0.18553495,8.5722
212954563,8.539164,-0.5284149,9.277
138706542,3.7636695,-0.7959374,9.134
248946874,20.551292,-1.5807949,9.2302
241539170,25.354486,-1.5265486,8.6814
241539174,25.384178,-1.2481818,9.8512
241539178,25.485384,-1.3210969,9.1432
250394837,30.969625,-0.29041243,8.5717
212954616,8.509315,-0.80041444,9.7482
241539180,25.506407,-1.245879,9.82098
248944386,20.214275,-1.4758365,9.5925
248343011,16.564243,-0.2653487,8.2058
248384955,18.843061,-0.76892215,9.9403
35665158,23.637758,-1.6928588,9.8904
248387630,19.205484,-1.9464635,9.3535
248343237,16.517525,-1.4817411,8.7005
248942618,19.95121,-0.5090079,5.5288
610757022,19.951368,-0.50858086,6.3881
244162566,5.207368,-0.8711006,9.0063
244162478,5.1262703,-0.5005713,9.2841
250379407,29.461884,-0.16489898,9.862
250389590,30.338882,-0.8848863,7.7425
250389854,30.508339,-0.2779785,9.5372
241767144,26.856613,-0.2906346,9.5374
248946503,20.45795,-0.367176,9.14867
248946927,20.546717,-1.8992419,9.22114
248946257,20.45183,-1.9970385,8.17311
248946493,20.455996,-0.47136363,9.87267
241630902,26.146353,-1.8994231,9.85177
244168777,6.3087053,-1.8331343,8.1425
244162173,5.0828657,-0.5466337,8.7782
241862464,27.717524,-1.0101103,9.2058
241862477,27.622553,-0.6453978,9.3597
35706331,24.24762,-1.2909423,9.8271
269593931,16.157469,-1.1256247,9.7526
35706180,24.217726,-0.4213258,9.3234
138706643,3.7089987,-0.30295098,7.90901
269532952,14.252007,-0.47214434,8.73356
398572078,15.392996,-0.3203921,8.50123
269532919,14.261418,-0.70075655,9.8289
269533411,14.334252,-1.8160052,8.6572
300974637,2.3040764,-0.752183,9.42187
300974537,2.243378,-0.25642425,9.7221
300974712,2.2148309,-1.1402831,9.5807
241862410,27.538223,-1.9025629,9.5517
138668630,0.34584385,-1.6213844,9.7477
248391510,19.667572,-0.87439466,9.2153
248391552,19.686117,-1.0560896,9.7416
38313737,4.1462607,-1.5232478,7.9933
241486154,25.11238,-1.6016579,8.23213
241486150,25.284567,-1.7753007,9.5963
241486169,25.020603,-0.73568964,8.75977
241486185,25.029253,-0.24230185,6.83714
241486188,25.100246,-0.053233027,8.9026
241577591,25.604921,-1.0369956,8.3479
248391508,19.671246,-0.86756635,7.2709
248385510,18.95454,-1.9944708,9.60284
248343096,16.607159,-0.74945235,7.6678
38313862,4.219595,-0.99561274,9.6055
241444389,24.801714,-1.5817385,9.23158
241444416,24.688564,-0.8767522,9.71001
241444427,24.936298,-0.93925995,9.4811
241444347,24.738089,-1.9325765,9.80433
322212560,28.44359,-1.3481536,8.49716
269591777,15.972421,-1.0501472,9.25246
241444439,24.77111,-0.8018167,8.7977
241444420,24.755156,-1.0998855,9.2232
241444443,24.894922,-0.7209534,8.5305
212983463,9.857822,-0.72913486,9.70997
241539240,25.451923,-0.15863815,8.9441
269592358,16.037085,-1.732541,9.989
287166907,27.896618,-1.5072742,9.983
248342884,16.430832,-0.24007817,9.8139
248342899,16.400303,-0.17116438,8.7171
248387497,19.174324,-1.2614901,7.6496
244167133,6.0767975,-1.2412862,6.9548
300889071,0.7378608,-0.89387465,6.9934
244200315,7.4623227,-0.32083347,6.9363
244200524,7.596458,-0.49741587,9.92407
244200164,7.4805646,-1.1177475,7.0722
212983583,9.896504,-0.162615,9.4975
333543010,11.796409,-1.1577104,8.0878
250379462,29.53066,-0.41960824,8.9897
244200353,7.4092417,-0.11510967,9.68372
244200481,7.6296954,-0.3732376,8.50151
269506706,14.073653,-1.3115779,9.7893
250392210,30.644222,-0.5254989,8.2995
241632478,25.999699,-0.16887318,8.0051
38350771,24.365679,-1.037731,8.6943
38350761,24.337976,-1.0773307,9.3379
38350806,24.25476,-0.7780722,7.0727
333542801,11.840285,-0.14885952,9.8734
333542855,11.794569,-0.41314003,9.0202
248952652,21.195982,-0.9261758,9.2055
248952906,21.308062,-0.47974524,8.3551
213015326,11.29497,-1.5525463,9.2669
213005233,10.147525,-0.38797036,9.9408
213004975,10.178371,-1.8508359,9.5568
248953025,21.289536,-1.0596821,8.4689
213005000,10.134443,-1.77102,7.95634
58733427,3.5169365,-0.033361543,8.3316
248952643,21.171484,-0.9702351,7.25855
244202772,7.881968,-0.6286975,9.9436
244135704,4.451551,-1.8627435,6.28985
248986772,22.797935,-0.25328314,8.2795
248986929,23.00013,-0.5693441,8.2079
244175235,7.077234,-0.5491559,9.961
244137185,4.516938,-1.3396105,8.8272
248986509,22.885046,-1.5876694,9.2924
248986773,22.857147,-0.2478346,9.5513
398569521,15.0884075,-1.9223931,9.6878
250421281,32.16703,-0.35989383,9.6478
333640718,13.345523,-0.7758047,8.6755
333640813,13.252058,-1.1442603,3.27721
248344767,16.688005,-1.4814277,7.3058
333640655,13.226487,-0.4476538,8.6571
213013635,11.250528,-1.2548684,9.7307
248382637,18.621569,-1.4283799,9.8225
301017410,2.7077556,-1.0719388,9.3822
241765579,27.192413,-1.4258083,8.1694
248984452,22.64105,-0.8379491,7.6521
301017503,2.7610302,-1.5326655,9.8455
301017246,2.7631493,-0.13035469,9.7847
248984795,22.75188,-0.93886393,9.37521
248383125,18.704884,-0.97379535,5.2644
241765578,27.19498,-1.4348705,9.0782
248984293,22.657986,-1.7974005,9.4669
248984741,22.770967,-0.65530616,9.68445
248382884,18.580755,-0.20125034,9.80895
248382984,18.710455,-0.21846971,9.27931
248383108,18.726719,-0.886095,9.6312
241765539,27.016005,-1.8216888,9.8738
248984732,22.73525,-0.6242666,9.6578
248382745,18.62956,-0.8358647,9.6004
212983662,9.961285,-0.10535692,9.2659
300940898,1.5777112,-1.2380972,7.1758
423356119,5.3700585,-0.94089556,8.7271
423356339,5.4636755,-0.00444297,6.6741
423356467,5.508665,-0.4677545,9.2231
423356554,5.558318,-0.94597054,8.4828
248957130,21.613945,-0.39903247,5.33033
248957275,21.745169,-0.13730933,9.4841
241767054,27.162111,-1.5309947,7.9337
241767132,27.243595,-0.54041004,9.7324
241767165,27.170202,-0.3615548,8.3875
248961890,22.204197,-1.1054476,9.739
248961894,22.214245,-1.1237621,9.4431
248344855,16.69841,-0.9376015,7.8175
300940791,1.5382615,-0.7795154,9.7074
248961841,22.24527,-0.8168694,9.0765
213009828,10.655901,-0.34444708,7.5976
244177540,7.2930818,-0.6655609,9.0552
212959048,8.872996,-1.0865021,8.66047
212959082,8.955139,-0.8983602,7.4162
269486458,13.634038,-0.383454,8.1345
212958959,8.927253,-1.5406669,9.9505
212959156,8.8868065,-0.5056106,5.5014
213009887,10.61729,-0.10185485,9.55222
213009942,10.74009,-0.16865292,9.58541
244177350,7.278552,-0.042135213,9.706
212959180,8.890992,-0.4140489,9.47042
269486681,13.706505,-1.5574951,9.03285
300886883,0.5152518,-1.5525185,9.7238
284077894,5.8276763,-1.5595566,8.0407
248355929,17.962976,-0.44526795,7.5529
244137391,4.57911,-0.36352703,9.9555
244137746,4.654076,-1.1439583,9.6485
213005480,10.280859,-0.63781756,9.977
213005403,10.238808,-0.27764463,9.22284
213005636,10.295744,-1.521823,7.7078
248355782,17.950253,-0.08898794,9.7659
212959455,9.10172,-0.58206105,8.97991
328117611,28.174171,-0.63416207,9.254
212949734,7.9651346,-0.17064881,9.607
244137768,4.6345205,-1.2429188,9.7386
213005535,10.213631,-0.9622784,9.6237
244137308,4.5695047,-0.7146872,9.7199
248355606,17.945019,-0.93450063,9.7411
300966207,1.849395,-0.35606933,9.2485
213011950,10.853028,-0.8812931,9.9589
300965999,1.8581072,-1.3830281,9.1473
300966007,1.9398648,-1.3485751,8.0689
301053779,3.1427302,-0.4317776,9.1664
301054137,3.1680737,-1.2271909,6.2812
244160163,4.9293127,-0.47253847,9.823
244160181,4.933781,-0.5461477,8.64647
244160268,4.9048395,-1.0296723,8.453
244160322,4.886729,-1.2628205,8.92981
244160401,4.9707813,-1.645292,8.9907
244164613,5.918382,-0.54138386,7.7816
213011948,10.852597,-0.89467275,8.6216
244166806,5.974402,-0.2600299,9.3628
213007305,10.387248,-1.2997129,8.14799
244177048,7.2462864,-1.5391016,9.56174
244167190,6.19251,-1.5478859,9.8423
301034461,2.879171,-1.1233485,7.1593
35650877,23.50887,-1.6861062,9.2519
248948571,20.645124,-0.44967368,5.58795
35650655,23.49217,-0.5997089,8.7222
248948407,20.665518,-1.211461,9.8019
138690427,3.5851882,-1.1846572,9.3228
138690321,3.5599093,-0.5692753,7.9676
301034902,2.949778,-1.0883507,9.16
301035003,2.9470065,-1.5618494,9.806
301035005,3.001589,-1.5633737,9.18
138684373,0.29233375,-0.0761112,7.5607
248959861,21.981518,-1.991488,8.0028
244173622,6.7213397,-0.92968637,8.19158
212949412,7.919795,-1.793666,7.01576
284078137,7.037273,-0.013809961,9.38628
212981452,9.745956,-1.1638141,9.0376
212981525,9.801804,-1.5230787,9.1639
212981619,9.8286,-1.9676179,7.92941
388766715,10.20784,-0.068700835,9.586
423386696,15.022883,-1.5246811,8.6582
35706202,24.224234,-0.53070354,8.43244
35706240,24.194988,-0.7410062,9.29252
244162194,5.1046724,-0.46481302,9.986
244169320,6.4331746,-0.7514725,9.78729
248989330,23.1762,-1.6525892,8.8449
301034401,2.8194153,-1.404118,9.6234
35650867,23.409409,-1.6388204,8.99319
248988932,23.136389,-0.32721984,9.34745
248989273,23.280554,-1.396218,9.8313
248393244,19.825035,-0.5246372,9.529
250411867,31.208702,-0.26205662,9.78057
248954695,21.432093,-1.7736042,9.8102
248986887,22.971264,-0.28233424,9.7432
244135548,4.4376597,-1.0477792,9.24199
248393235,19.882017,-0.5892635,9.1505
248989328,23.173216,-1.6445724,9.8451
35650900,23.472504,-1.7771531,9.8831
241673159,26.328968,-1.6179936,9.73399
300931976,1.3518455,-1.6418004,9.4142
248353797,17.715994,-0.35832056,9.8941
213005257,10.094772,-0.27462065,9.8189
244202583,7.724548,-0.15438685,8.2758
301014597,2.3410404,-1.7932303,9.9658
423358377,14.501244,-0.7479139,8.1749
35650838,23.505259,-1.4874413,9.424
248351769,17.520874,-1.2301327,9.5397
250382194,29.788448,-1.0064418,7.97095
250387066,30.145924,-0.9071093,9.2324
250387170,30.087301,-0.39455903,9.071
248948786,20.857098,-0.5475339,9.9741
241393074,24.507853,-1.4773784,9.7899
212951959,8.206438,-0.44567838,7.8333
213012465,10.968637,-1.4819398,9.1193
241579072,25.84427,-0.57256436,7.3657
248963902,22.53606,-0.32182297,8.165
212952249,8.279758,-0.868269,8.98278
212952366,8.351219,-1.4994822,9.8941
213012498,11.03971,-1.6368527,9.6075
241579027,25.777197,-1.0221169,9.9099
248963924,22.452011,-0.44057286,7.2218
250394626,30.892195,-0.63464737,9.9752
250394683,30.785198,-0.31481606,9.2492
241393061,24.553171,-1.7583412,7.5793
38376676,359.99902,-0.065350994,9.2004
333603063,12.597824,-1.098847,9.7083
248948896,20.780035,-1.1195328,9.8054
333566680,12.47898,-0.22413692,5.40556
212961722,9.319916,-0.03204165,9.4286
212961996,9.250301,-1.2114446,9.5224
382305609,11.119722,-0.7181436,8.955
212952199,8.371416,-0.6088017,6.8731
423389297,29.25908,-1.0144538,9.725
38376506,359.9624,-1.196701,8.6235
212961908,9.290159,-0.86621976,8.9314
248957280,21.756447,-0.15758432,7.2657
248956884,21.661276,-1.6946564,8.4944
248957032,21.596283,-0.86934257,9.3923
248957126,21.605015,-0.44413078,7.83004
241630992,26.18274,-0.5016468,9.22769
248345142,16.768723,-0.5920563,8.2062
248345333,16.794949,-1.7312342,7.8178
248345334,16.795788,-1.732084,6.8627
212984018,10.02208,-1.7800062,9.47676
300941033,1.5548147,-1.8871765,8.1618
333640936,13.327532,-1.8895711,9.40657
248957172,21.593657,-0.22118653,8.37239
248961470,22.16749,-1.0547196,8.3977
248345301,16.853367,-1.4993138,9.21401
248351138,17.406715,-1.7766025,9.083
248351846,17.524563,-1.5991027,8.22033
248351113,17.411604,-1.8711607,9.7086
423356296,5.367711,-0.21519187,9.9913
248959198,21.866852,-1.1965693,8.81773
427543754,28.591091,-0.6339637,9.5719
250384612,29.866018,-0.25300667,8.2758
35704030,23.89937,-0.92466885,9.9852
248959076,21.857046,-1.861124,9.98547
423358756,14.62852,-1.0589612,9.871
241673187,26.53712,-1.4902881,9.6744
248347385,17.037977,-1.6877451,8.8972
333564305,12.150626,-1.7638341,8.8353
212949539,7.9987483,-1.2317084,9.0178
248347338,17.050253,-1.4197934,9.717
423358225,14.459244,-1.7659655,5.696
423358860,14.616465,-1.6637607,6.92992
241673197,26.53919,-1.393832,9.2304
241673244,26.379198,-0.3724927,9.0764
248942790,20.03353,-0.31405473,9.1843
248942571,20.005869,-0.8234169,8.3445
244177567,7.327695,-0.79032016,9.8207
244177757,7.3175235,-1.9552718,9.764
333557965,11.971461,-1.3163157,8.9629
300932027,1.3535444,-1.4402149,8.9377
248353916,17.734314,-0.9941556,9.4454
248354079,17.81703,-1.9885046,8.17447
269530673,14.026878,-0.38890928,9.21196
248353970,17.803286,-1.2743515,7.9084
248388999,19.362663,-1.6961458,9.78456
333557914,11.976087,-1.6035774,7.4471
333558164,12.001981,-0.2424037,7.7076
333558332,12.084231,-0.48917568,6.3301
333605119,12.819163,-0.53570396,8.105
333605204,12.770491,-1.0043352,8.7218
333605281,12.847758,-1.3865263,9.25525
333604969,12.666364,-0.08055862,8.0095
333604659,12.697991,-1.922024,8.30092
333604927,12.721184,-0.34226486,9.2064
333557991,11.903945,-1.1687351,9.9488
301017341,2.7288005,-0.72144693,9.8865
300932169,1.3761921,-0.7870702,9.87741
213007859,10.532889,-1.2039157,8.6836
213007622,10.485922,-0.022139868,9.20498
213007495,10.357198,-0.4384355,9.9113
241765538,26.964888,-1.8201625,9.4648
300930364,1.3269861,-1.7940722,7.0639
244134920,4.2731256,-1.6530116,7.63828
212978868,9.518927,-0.5035286,5.5022
248605063,358.34418,-0.009137192,9.7424
300930377,1.2940075,-1.8536474,8.1541
248351345,17.44807,-0.73441607,8.927
250387348,30.252264,-0.3675945,9.4368
423360793,14.90144,-1.3263847,7.848
300929809,1.1730162,-1.0592945,8.64617
38272733,4.11534,-1.8084728,9.60746
244135054,4.3555284,-1.0807172,9.31145
212978628,9.396795,-0.3254062,9.08369
212978964,9.580389,-0.9554854,8.69628
212979121,9.552758,-1.7109818,8.965
248384842,18.866213,-1.2789376,9.8896
35665466,23.565128,-0.16490786,8.3414
35665563,23.710636,-0.22799984,9.9254
300931940,1.3765656,-1.8202207,7.3493
287149569,0.3967966,-0.13795261,9.1832
322212756,28.425083,-0.53912413,9.8686
333564869,12.324314,-1.625938,8.4097
250379085,29.407295,-1.082333,9.54075
301034742,2.9970722,-0.22969878,8.3523
241807670,27.314627,-1.514025,9.7302
301035048,2.950461,-1.7752331,8.85536
241807734,27.48761,-0.20850432,9.8153
244171509,6.6558924,-0.049533557,5.381
244171158,6.48115,-1.4757046,9.2674
333609035,12.983648,-1.3474518,9.1236
213007887,10.458718,-1.3755369,9.8419
284078422,6.980388,-1.681636,7.4811
244169436,6.4165254,-1.3687363,9.5925
212950107,8.130318,-1.6190621,9.07991
244171845,6.6303477,-1.6496712,9.99176
212949987,8.06157,-0.9551299,9.4906
248347374,17.101955,-1.6361368,9.7614
333604956,12.6756315,-0.19253299,9.1922
241632425,26.246313,-1.0585536,9.0301
38350889,24.317324,-0.3503191,6.4766
300930322,1.252288,-1.5453373,9.5939
244135059,4.267962,-1.0678757,6.9319
248346939,16.934744,-0.69095427,9.9913
35705878,24.017813,-1.0291369,9.9423
248951089,21.084686,-1.7295947,8.827
248391423,19.730032,-0.398202,8.9554
284077979,5.7818365,-0.91367877,9.6608
248380517,18.424538,-1.2459925,9.1404
269591636,15.981102,-1.8878964,8.6293
248380423,18.337204,-1.7293324,9.2441
333640483,13.225023,-0.3813085,7.6285
248380404,18.328424,-1.8621448,8.3095
212956638,8.7333355,-1.3102628,8.19981
212957107,8.807702,-0.83696294,9.41924
136798379,3.8576746,-1.7008181,9.55382
333493208,11.436746,-1.1847398,8.53849
333493388,11.411683,-0.384167,9.2569
333540786,11.641795,-0.83532685,9.02654
333540910,11.629944,-1.508692,8.54146
269572151,15.85726,-1.4953208,8.43466
241445810,24.635735,-1.8594358,9.88354
333540625,11.563059,-0.03864714,9.6894
248346848,16.890522,-1.1216359,9.57957
241445862,24.815664,-1.3080695,9.99778
248346844,16.893568,-1.1482762,9.87056
269571974,15.879624,-0.37735224,9.67656
333493260,11.524207,-0.9290241,9.9325
333493299,11.482031,-0.80268586,8.4995
248346879,16.971712,-0.9999393,9.2373
35705915,24.051634,-0.81761104,8.3213
241445828,24.787382,-1.753131,8.8193
241445923,24.775942,-0.4395536,8.0514
287153285,0.42519453,-1.1399618,9.7183
421975703,339.30756,-1.6406353,8.07946
250394778,30.926584,-0.024026277,8.3308
248957256,21.734293,-0.024425758,8.2122
2052829143,344.62744,-0.009893152,9.7228
38314086,13.401049,-0.042700756,9.98043
2052820131,347.44623,-0.82630146,9.861
423386955,29.014141,-0.0054950872,9.7986
2052809847,343.77753,-1.0394744,9.7682
2052809848,343.77722,-1.039767,9.1893
2024370847,338.51053,-1.7859861,9.4
2024370848,338.511,-1.785292,8.82073
2024387329,337.38736,-0.20465143,9.0233
2024387328,337.38687,-0.2050506,7.4123
2052736717,355.17737,-0.38303733,8.58064
2052736718,355.1769,-0.3835426,8.95237
244173856,6.803221,-0.023885677,9.8987
244177396,7.370569,-0.018109309,9.2191
382305494,11.090912,-0.056612533,9.313
287149543,0.43695164,-0.018883927,9.5421
610746712,16.246614,-2.6936018,9.7378
301080308,348.85916,-3.4943008,9.14246
301270364,351.1895,-2.643735,9.43
278952416,347.26697,-2.5504224,8.6538
301131989,349.23727,-2.922194,8.16
333609587,13.10314,-2.922227,7.869
398586559,356.5325,-3.412069,7.509
138662679,0.0685,-2.947741,8.058
248952144,21.129372,-3.854702,8.371
248987545,22.994268,-3.901615,9.932
250350655,341.2686,-2.65699,8.9323
250323017,340.4115,-2.5527492,8.506
250328553,340.80786,-3.431974,9.292
269593664,16.246614,-2.6936018,9.7378
212957673,8.812015,-3.59289,4.851
301306237,351.86096,-3.546745,7.5593
250321401,340.36658,-3.708852,9.6269
250293246,339.51944,-2.0886445,9.9782
250321433,340.3365,-3.8682947,9.8977
250319128,340.1998,-3.5542383,5.8137
301329047,352.19232,-2.9147618,9.7624
38335321,352.57285,-2.990689,8.89897
278953603,347.3131,-3.9385996,9.0802
176146660,342.48395,-2.8217947,7.94262
278953598,347.40305,-3.9623327,8.20702
250293049,339.47443,-2.6034734,9.64431
176146950,342.47098,-3.3488092,9.87672
398638872,359.3024,-3.1423821,9.3543
311055888,345.15018,-2.2145653,6.3845
176217280,343.0241,-3.9047532,8.358
125239398,338.8347,-2.2572641,7.0165
250110015,355.76645,-3.5729015,8.7233
125239383,338.8394,-2.207081,9.2391
176143122,342.3731,-3.6410072,8.3186
250109959,355.7049,-3.8422816,9.8926
250109951,355.78574,-3.8637855,9.7959
176104961,337.8023,-2.128576,9.812
176105223,337.82675,-2.9112709,5.24013
250359914,341.95407,-3.0322583,8.7127
250359956,341.97012,-2.8856516,7.6258
278870382,345.47223,-3.4187663,9.338
278870471,345.48267,-2.9836454,8.687
278870532,345.48083,-2.6860573,6.0279
278870658,345.3896,-2.0712888,8.3125
136841620,354.80768,-2.4384491,6.8991
301079259,348.52658,-2.6349857,6.8742
250098618,353.03452,-2.3174932,9.575
301079234,348.5918,-2.7651646,9.8615
38247345,338.10394,-2.8073187,9.722
176104982,337.83545,-2.2119865,9.1742
250359845,341.95917,-3.2528715,9.9225
176216974,342.9472,-2.798998,9.82
188531686,343.99277,-3.9066718,9.7338
278891938,345.5245,-3.8504636,7.9224
38335256,352.55264,-3.3232646,8.6733
136823606,354.54398,-3.7592247,8.7786
176071789,337.33798,-3.228749,7.77141
125204802,338.42535,-2.712265,9.7733
176071630,337.363,-2.7329547,9.0029
322213862,344.6627,-3.753647,7.7893
311055825,345.15564,-2.471498,8.98682
311055499,345.17117,-3.9486394,9.7944
248608073,358.65027,-3.5534625,8.2492
398638691,359.22867,-2.1261501,8.663
421974475,339.2911,-3.995493,9.371
38247378,338.20322,-2.9454968,8.1165
278870540,345.39938,-2.6577647,8.2059
176105090,337.80545,-2.518761,9.27983
250359971,341.9359,-2.8255866,8.8432
250360118,341.87415,-2.3515956,9.49804
278870306,345.46475,-3.848734,6.6129
136841553,354.73773,-2.100528,9.7408
250098481,353.036,-3.0283859,8.3214
278870376,345.46494,-3.4610484,9.6219
125249435,339.02585,-3.86606,9.4166
278891660,345.53125,-2.5947492,9.8789
250324848,340.52762,-3.4734726,7.172
224222979,343.82126,-2.317141,7.9632
224221292,343.7077,-2.153982,9.5789
278995582,348.0214,-2.1474607,8.2158
176146452,342.57,-2.425402,7.422
224222847,343.91095,-2.8422785,7.6535
250296641,339.7354,-3.0258582,7.1888
250296594,339.76312,-3.1821227,8.9452
322215026,344.84512,-3.4628623,8.5252
322215174,344.87186,-2.8855586,6.76282
250108916,355.65146,-3.1414516,8.5975
250296868,339.73804,-2.2628498,9.5697
250109028,355.5552,-3.6038344,8.2536
250296914,339.67722,-2.1180344,9.97986
224214390,343.16684,-2.6258652,6.9311
250295131,339.64862,-3.8499014,8.196
278868074,344.9955,-2.8567374,8.0612
250099837,353.17548,-3.1105802,8.7816
224215594,343.27786,-2.2843378,9.5389
224215746,343.28702,-2.9672909,8.9936
301138371,349.74536,-3.7556121,9.1825
398572705,353.66107,-2.3233292,9.2808
224215955,343.30103,-3.937184,9.6354
125239587,338.88434,-2.941893,7.0597
38255823,344.37585,-2.478118,9.6327
250099662,353.23032,-2.2942445,9.9599
250104865,355.27325,-3.6301088,9.7215
248601718,358.05383,-3.8492835,9.8138
248601739,358.06628,-3.736651,9.169
248576614,357.6073,-2.9846518,9.1177
125249532,339.05743,-3.6318378,9.4477
176106962,337.8816,-3.2745092,9.2271
250317776,340.12833,-3.810563,8.8576
248577759,357.6765,-2.6425068,9.0841
313839056,353.30115,-3.1357849,8.1328
38334230,352.46317,-3.1990113,8.0158
301138396,349.78418,-3.6231086,8.7755
125239551,338.88986,-2.8253503,9.70796
301134633,349.40793,-2.8547218,9.41795
250111515,355.901,-3.3131032,8.2843
176146466,342.46762,-2.4740596,9.23937
224221562,343.71713,-3.2650526,9.19076
248050505,345.89185,-2.5586655,8.9871
301134673,349.485,-3.0259955,8.34677
301134654,349.4091,-2.9243758,9.74764
278995609,347.9475,-2.2560554,9.8755
248606671,358.4925,-3.255183,9.96768
250330412,340.93008,-2.3551095,9.4058
250328631,340.78275,-3.725296,8.707
38315483,348.6549,-3.9112473,9.60232
250292964,339.52774,-2.898612,7.4146
398641291,359.53833,-3.9790945,7.6916
250347042,341.01706,-2.53154,7.9853
250347278,341.01675,-3.3051264,9.49622
322216655,345.03943,-2.8430586,9.23
301271546,351.30838,-2.6753557,8.8442
398641220,359.4735,-3.6075344,9.0658
322216778,345.06006,-3.3277335,9.3294
250346965,341.1029,-2.2461119,8.8739
250347105,341.03522,-2.739359,8.6192
250347222,341.1201,-3.0808935,8.9035
301272794,351.47964,-2.4531813,9.1183
398641012,359.50488,-2.3720393,7.2261
301272613,351.4416,-3.4769368,9.8417
176141813,342.25348,-3.3876173,8.0967
38333166,348.67657,-2.0742364,8.7345
176069945,337.19934,-2.4204895,8.4765
176141801,342.24326,-3.3389792,9.1221
250328552,340.8077,-3.4320016,9.72632
250330405,340.9792,-2.3703985,9.51215
205784377,339.17215,-3.2388637,9.8368
176058794,336.7778,-2.080625,7.65286
176058807,336.78253,-2.118173,8.3617
176141482,342.3222,-2.086486,9.0253
250109017,355.65387,-3.552732,8.77466
322215318,344.8128,-2.271028,9.7274
301289142,351.7245,-2.9100132,8.6056
248049396,345.7441,-3.819308,6.169
176107257,337.89706,-2.1697664,9.79138
313839170,353.35715,-2.646658,9.46356
250080624,352.88446,-3.373456,8.95862
398636678,357.04297,-3.4845264,9.2725
250322938,340.49036,-2.834498,7.8097
301081880,348.91153,-3.7088306,8.69041
301190785,350.2622,-2.2835069,9.3518
301081840,348.89273,-3.496379,5.5352
301190739,350.24927,-2.478748,9.2616
248608056,358.67783,-3.4536538,8.7775
398638786,359.268,-2.6144457,8.5296
398638696,359.26016,-2.1446846,9.73763
398638847,359.2681,-2.9756033,8.17382
398638895,359.196,-3.2220473,9.46891
250324488,340.55957,-2.1692944,9.26537
250358072,341.80307,-2.7097719,7.26612
188536165,346.49664,-2.087112,9.6408
250326806,340.64987,-2.044915,7.94477
250315605,340.02383,-3.1793077,9.04766
176080433,337.58524,-2.3231223,8.9486
176080874,337.6061,-3.7339058,9.1178
176103058,337.6972,-3.8090527,8.8189
250326340,340.74576,-3.4282386,8.2331
250326391,340.71182,-3.2883008,8.3536
248047831,345.6297,-3.206496,8.9242
248047979,345.68622,-2.4637094,7.9743
176080462,337.58585,-2.4189727,9.3481
176103066,337.67032,-3.7787614,9.2465
250326310,340.70145,-3.5264447,8.5635
248047657,345.65674,-3.9904084,8.3982
248047712,345.6712,-3.767624,9.6008
248049372,345.835,-3.7088165,9.84418
301135980,349.51636,-2.9280672,9.7752
224217239,343.32022,-2.491177,9.16233
224217279,343.3866,-2.305725,7.9986
224217323,343.34952,-2.0795035,9.3222
248054226,346.25327,-3.5989552,9.5819
278967897,347.70184,-3.514061,7.4275
278994430,347.90497,-3.1006718,7.20283
250351033,341.3581,-3.8343058,8.837
278967940,347.78726,-3.7172601,9.9557
250100934,354.84738,-2.1545773,7.3678
248579193,357.79105,-2.520457,6.4916
270267986,356.9856,-2.7615988,4.6878
301257884,351.1558,-2.2547176,8.8979
248600636,357.91675,-2.5409436,7.0949
248600751,357.88214,-3.208578,9.4706
322216508,345.07144,-2.1896782,8.92818
398641248,359.43307,-3.7657104,9.5869
322216526,345.05472,-2.2801757,9.27053
407969229,358.9792,-3.118578,9.3352
224215632,343.3077,-2.4778292,9.04786
224215962,343.23438,-3.9696536,9.98068
248576514,357.5702,-3.4418373,9.9605
250099808,353.23102,-3.016705,7.01269
278868154,344.95605,-2.4398098,7.31384
250295105,339.6467,-3.7723167,8.8583
250295089,339.58133,-3.7059255,9.1079
224215561,343.2263,-2.1256962,9.87477
248576535,357.6051,-3.3375506,9.7774
176215269,342.84564,-3.2350032,7.5212
278867874,345.0019,-3.7983263,9.6965
278869249,345.31537,-2.6282115,9.0532
278919654,346.91885,-2.1054375,8.3669
398637547,357.19263,-3.6390126,7.886
279011177,348.31546,-2.7362933,7.8797
278920932,347.0044,-3.452372,8.2683
301131990,349.23596,-2.9222066,9.2021
398637481,357.24582,-3.933001,9.1462
398637684,357.20963,-2.797841,9.8501
250350658,341.27026,-2.661929,8.8638
250350979,341.33362,-3.6650815,9.49098
313885270,353.81113,-3.8537698,6.7964
301233140,350.64227,-3.563821,9.8362
301233075,350.6657,-3.2779694,9.5605
398585491,356.52133,-3.3051653,9.2286
398586560,356.5333,-3.4118545,8.80984
407995674,359.6682,-3.5559766,4.0432
407995716,359.654,-3.3243132,9.7052
250349131,341.14865,-2.2915325,8.8831
322213545,344.73578,-2.5546703,9.8684
301270189,351.20444,-3.6301055,9.9144
301270504,351.2292,-2.0184793,7.7887
398640096,359.34003,-2.3503685,9.9817
278953942,347.40472,-2.4320126,9.6406
407995711,359.5984,-3.3547566,7.9225
250361595,341.97897,-2.5740008,8.1745
279011117,348.39224,-3.0613785,9.4826
278922310,347.08206,-2.4730184,9.0095
301234125,350.7436,-3.545768,9.5523
301255616,350.84622,-3.2153199,7.6625
278920946,346.96378,-3.5134962,9.0226
301234108,350.8046,-3.6216962,9.9229
301136046,349.49118,-2.616697,9.5564
250326587,340.7403,-2.6825418,8.2833
250326661,340.7323,-2.4631984,8.09694
301135879,349.51624,-3.3810103,9.38707
301136026,349.50073,-2.6960986,8.39938
125238021,338.70865,-3.0955276,9.646
250317276,340.08896,-2.0775268,9.55982
250317707,340.13635,-3.564999,9.2751
278952551,347.1925,-3.1617074,9.5438
248607993,358.69516,-3.071749,9.3225
250348740,341.13617,-3.5825007,9.83994
250350520,341.3272,-2.2486455,8.6929
301270274,351.26004,-3.1113448,9.169
398620178,356.84793,-3.9029958,8.5415
279011307,348.30206,-2.0622451,9.04691
301330489,352.3418,-3.5953367,9.073
278869245,345.33002,-2.6165879,9.47449
279010957,348.38644,-3.9359143,9.9647
301256630,351.0196,-3.647639,9.16193
301330191,352.28888,-2.1675167,9.7672
248578969,357.75848,-3.5556185,8.91408
270267990,356.9379,-2.7508361,9.30985
250101225,354.8585,-3.4761198,9.67359
250101289,354.90942,-3.8249943,9.662
250361631,342.02914,-2.7016203,9.8362
278996756,348.05457,-3.9370604,7.6452
224220065,343.62643,-2.680044,9.9331
224220142,343.61496,-2.347599,8.9079
278894573,346.77786,-3.5617418,8.8187
248604368,358.2315,-3.1554818,5.0112
248604480,358.2255,-2.5891297,9.1897
278894608,346.7391,-3.7353518,9.4335
301133122,349.25595,-3.7351441,9.9543
278952345,347.2947,-2.260746,7.6635
278952474,347.2451,-2.824282,9.3034
125237808,338.80795,-3.94788,8.09659
278952395,347.26736,-2.4526403,7.20901
301330374,352.30103,-3.041342,9.7295
176131616,342.1649,-2.1510506,9.5883
248606861,358.48538,-2.2199557,9.3063
248607981,358.6449,-2.9796972,7.87004
248604486,358.28204,-2.5771866,9.5237
248604295,358.22894,-3.4768221,9.93929
248604529,358.30505,-2.3742154,9.77827
38270515,344.405,-3.1823528,7.7967
279047654,348.41382,-3.8143206,8.6128
38248698,344.1208,-3.1747763,9.7402
313886449,353.99384,-2.1261058,9.447
248603048,358.15103,-2.368474,8.27225
38376167,0.024831064,-3.3788047,9.5742
38376359,359.95462,-2.1126046,7.70199
38248629,344.0509,-3.4452405,8.9203
398619268,356.6919,-3.413942,9.5884
248055514,346.43805,-2.2301304,9.8846
248055551,346.36212,-2.0742762,9.5397
250103851,355.1634,-3.5464087,9.5579
248610198,358.85306,-2.1109104,8.8222
250103863,355.12473,-3.5917516,9.4632
248055232,346.40564,-3.6811333,9.40105
301130405,349.06918,-3.7577217,9.9868
398586644,356.61673,-3.0062118,8.4457
398619232,356.74564,-3.253142,9.0527
248051518,346.02386,-2.2996407,9.353
248051662,346.0644,-2.9665008,9.8556
407969154,359.06107,-3.4949594,8.0228
407969299,359.0261,-2.674347,7.8805
407994650,359.0837,-3.2229476,9.9119
248600795,357.87036,-3.403833,6.5383
248600818,357.88574,-3.5084968,7.6131
270267849,356.91602,-3.5387273,7.93151
38270604,344.46915,-3.6540155,8.21731
279047653,348.4759,-3.8060427,9.37289
248603232,358.1838,-3.1723263,9.5997
248051490,346.02005,-2.1212177,9.6705
248051819,346.05615,-3.7900467,9.3263
248052692,346.21643,-3.7546952,8.86267
248052752,346.16196,-3.494498,8.6959
407969067,359.04755,-3.9763281,9.5151
38255670,344.2809,-3.2467666,9.4623
250106363,355.36838,-3.3226135,9.0308
248600812,357.88467,-3.4833903,7.715
301130480,349.12128,-3.4153516,9.4384
301130543,349.05182,-3.142009,8.79986
248601797,358.09326,-3.397071,8.8725
38255687,344.358,-3.1574366,7.2314
248610247,358.9002,-2.3308008,8.6972
248609211,358.75064,-2.4019768,9.6887
250106331,355.3178,-3.1426277,8.8258
250106327,355.3285,-3.1201773,9.9566
250315622,339.95,-3.1243098,9.7531
301193210,350.54538,-3.0283294,9.9128
250112587,355.9744,-3.5984237,9.4434
250112747,355.97946,-2.929953,9.7921
407996984,359.70877,-2.7988503,9.4959
248575376,357.46146,-2.745249,9.7785
248574271,357.34625,-2.5740259,9.8997
250114053,356.13547,-3.1754014,6.7414
250112591,355.91653,-3.5665698,9.70928
248575347,357.4367,-2.5668824,8.9819
248575547,357.4904,-3.5888112,8.7108
407997193,359.7899,-3.8407662,9.29391
408001705,359.81876,-3.2242055,9.48193
408001784,359.8805,-2.8437877,6.78423
224220021,343.5711,-2.8574355,8.1943
278995656,347.9153,-2.4902842,9.4718
279008929,348.05402,-2.046953,8.7576
250356533,341.70242,-2.0566845,9.92805
301133426,349.3107,-2.2748973,9.90045
250315935,340.0364,-2.0577114,9.80425
38271828,344.56476,-2.3953853,5.4989
38271812,344.63974,-2.4888403,9.97101
250314109,339.8149,-3.6074567,6.9202
250352846,341.38348,-2.0376313,8.7348
250352334,341.44217,-3.7838867,9.6876
250352610,341.4859,-2.847049,9.9352
38254273,344.26556,-2.3084164,9.89847
250314079,339.8393,-3.5155256,9.53988
250314081,339.9126,-3.520045,9.06293
38254396,344.2643,-2.816164,9.0554
38254484,344.25043,-3.1408718,9.29612
38254511,344.27856,-3.245218,6.44636
38254579,344.1805,-3.5270028,7.84359
125189175,338.31873,-3.3877487,9.0763
125189178,338.276,-3.381721,9.7958
125236677,338.59695,-3.3995998,9.83408
125236553,338.68723,-2.9088113,8.5822
301080255,348.86053,-3.7239225,9.2599
301080445,348.82837,-2.77398,9.4576
125236667,338.69086,-3.35673,9.8049
301080517,348.77463,-2.4654539,8.647
176078504,337.4205,-3.7617214,9.4638
176078922,337.45062,-2.4103167,9.7384
176078993,337.47348,-2.1673286,9.50506
301174095,350.06604,-3.9191382,6.1398
125236657,338.65875,-3.3064833,7.1977
125236734,338.67563,-3.599493,8.6802
125236820,338.5896,-3.9503465,9.02821
250348622,341.19397,-3.983406,9.42343
250348624,341.1991,-3.9809961,9.72104
300906099,0.9779347,-2.5610988,9.5544
300905785,0.9380873,-3.416777,7.9129
300905936,0.97703683,-3.037609,9.8904
301311264,352.11258,-2.6536245,6.6969
301308773,351.99313,-2.7039583,9.7578
301308925,352.02377,-2.4591537,7.91545
301305870,351.81104,-2.6369147,6.6637
301311173,352.0353,-2.448162,7.74046
423343811,5.2678294,-2.909599,6.0621
423344044,5.3046875,-3.3118253,6.8641
313863652,353.5781,-2.2122223,9.9389
313860679,353.42303,-2.2445407,7.47266
423343513,5.287066,-2.3569286,6.1376
423343720,5.335269,-2.7285986,8.86852
423343918,5.2639985,-3.0676765,8.3679
176143639,342.3708,-2.6963017,9.87062
176143833,342.43405,-2.358831,8.1148
176143918,342.4262,-2.2221444,9.543
333607566,12.886209,-3.1431139,7.14208
333609304,13.009204,-2.1026196,8.3382
610713314,8.813788,-3.592921,4.6023
213010660,10.757639,-3.8562653,6.89497
241537710,25.397135,-2.0599983,8.982
287153570,0.45602974,-3.027506,5.24229
248351948,17.483715,-2.1995103,9.8037
248352931,17.599747,-3.9121606,9.8294
248955741,21.543518,-3.5795994,9.7243
248985160,22.729433,-2.9203475,8.0185
212959791,9.032854,-2.3072383,8.6576
423357796,14.475469,-3.9477518,9.5985
248352090,17.5166,-3.0615244,9.82614
248352185,17.578566,-3.5596173,9.93762
248950062,20.916037,-3.7781978,9.97056
241713538,26.63314,-2.3406825,7.65158
248944100,20.144053,-3.2469916,5.38921
248943340,20.108656,-3.5263464,9.2146
241394593,24.389671,-2.3839233,9.1749
300966856,2.050402,-2.4477053,4.8451
333557762,11.903738,-2.3218658,5.5507
212982998,9.836443,-2.8349793,9.1128
212983187,9.85999,-2.0398526,9.6227
333557567,11.941127,-3.446114,9.0638
248950225,20.95737,-2.9679267,8.3874
248951449,21.09189,-3.6891403,9.9279
248386767,19.151201,-2.5003693,4.6811
248945270,20.28558,-3.6637454,9.6824
35703268,23.788054,-3.1170464,9.7555
248955798,21.46819,-3.92739,5.3512
300973981,2.1796243,-2.2225814,6.20394
35703348,23.828999,-2.7071378,9.229
269533698,14.428931,-3.2688742,9.1675
38350555,24.2959,-2.3024232,9.7447
38350575,24.296055,-2.2219,9.2501
38350427,24.257755,-3.2867782,8.0609
35665102,23.581305,-2.0234132,9.7675
212982947,9.909555,-3.083174,7.408
333557721,12.011955,-2.590324,9.0209
35649890,23.380875,-3.5151172,9.9929
35649892,23.379501,-3.5145602,9.8251
35650160,23.336775,-2.0553365,9.6641
248385727,18.926188,-3.3724308,8.9768
333640055,13.223067,-2.6449215,8.2109
300973718,2.1783907,-3.691724,9.36897
35703418,23.776499,-2.335335,7.29628
212953800,8.408658,-2.735246,8.36331
269532571,14.219548,-2.3747928,9.23139
269533800,14.395443,-3.775815,9.45375
269532299,14.244639,-3.66769,9.73151
212953686,8.468426,-3.1908634,9.8114
248342392,16.386848,-2.9131749,9.7807
35664875,23.625553,-3.3141901,9.43422
38350499,24.297022,-2.718439,9.0029
38350583,24.349415,-2.1842372,8.82566
248387672,19.24586,-2.2791586,6.0022
333609585,13.103095,-2.920912,9.0265
248986111,22.806759,-3.62751,9.88922
138690581,3.6019351,-2.1980002,5.98016
138691646,3.7323384,-3.0274117,5.0231
138690795,3.6199284,-3.4901857,9.3013
138691672,3.7419343,-2.8039656,9.6444
333609453,13.09324,-2.4894245,8.3527
248343506,16.592604,-2.9036589,9.562
248986363,22.816666,-2.3331602,9.1416
248387745,19.168083,-2.6744642,9.0484
248387747,19.163435,-2.6863616,7.5461
248987282,23.027777,-2.5035138,8.8295
241484680,25.19317,-2.6218896,5.6684
248354268,17.754782,-3.0385563,9.66283
269505245,13.847528,-2.7004623,9.3533
269505235,13.835044,-2.6165583,9.8647
269506205,13.986088,-3.8512423,9.7358
269506422,14.016836,-2.7844508,9.8892
248388639,19.327179,-3.803665,9.9337
269592427,16.07244,-2.074439,9.3566
241671746,26.439444,-2.0516086,9.948
333639946,13.175663,-3.2830422,7.5103
333639996,13.217246,-2.9590976,8.9528
248947084,20.551632,-2.732846,8.6341
269573233,15.897663,-3.5318427,8.9103
269506227,14.009007,-3.737972,6.96622
269531340,14.19523,-2.7299085,6.6955
244167542,6.1701374,-3.2191055,8.1133
244167584,6.1682158,-3.4520361,8.2309
244168610,6.226024,-2.6837652,9.5967
138668310,0.31760117,-3.173202,9.5443
138668487,0.31357017,-2.3405552,8.1884
212949100,7.906032,-3.4094837,9.6614
244161864,5.0004067,-2.170043,8.6958
423386354,14.988848,-3.4483666,8.9399
138668455,0.33365005,-2.5648718,9.004
284078724,7.0158143,-3.5494585,9.049
423386494,15.022972,-2.7333539,9.3559
35706555,24.144247,-2.4037511,9.8076
244174673,6.802959,-3.7043772,9.7845
300931561,1.3561077,-3.8516743,6.6674
269531357,14.092484,-2.793321,6.4182
244167327,6.123542,-2.2190623,5.03772
244178877,7.509826,-3.9573286,4.17804
244179094,7.4127812,-2.8404212,5.5172
212984404,9.957364,-3.7645166,8.9893
244178996,7.4418573,-3.3792853,9.7817
244166107,5.999271,-3.475293,7.34855
333605630,12.817153,-3.1913283,9.20759
269485926,13.47074,-2.0841053,9.45399
269485796,13.584805,-2.6803455,9.8051
248951244,21.086304,-2.4719954,6.4106
248355362,17.931286,-2.2510777,4.6633
244159359,4.7758904,-3.5217736,9.5664
248355175,17.949589,-3.4289114,8.89176
284077694,5.7869043,-2.9461362,9.4225
213006022,10.233327,-3.734956,9.81282
244159446,4.8016496,-3.0536156,9.4398
248952143,21.128956,-3.8553784,9.77589
248952191,21.217592,-3.583817,9.2369
244159349,4.833407,-3.6153753,8.9509
284077624,5.7737746,-3.6032882,8.0777
244137998,4.635977,-2.5375957,9.2567
244137973,4.6266947,-2.4263012,9.3848
213005785,10.215528,-2.3103523,9.8533
248356378,18.053059,-3.0024595,9.9173
248349806,17.295137,-2.8878224,9.84017
333639973,13.133765,-3.1254132,9.81005
333565163,12.357531,-3.4047413,8.2095
244203187,7.8133235,-2.895207,7.2132
244203387,7.826045,-3.951828,8.3311
301015473,2.4792542,-2.5612643,5.1454
248952314,21.202837,-2.8485897,5.3248
333542376,11.657999,-2.1222403,8.5515
300976229,2.4268386,-3.0153027,9.46229
244203004,7.8498006,-2.0173805,9.2671
300976105,2.4320545,-3.6784177,9.1416
301015404,2.447623,-2.1725295,9.607
333542311,11.681506,-2.5251107,8.80259
248952342,21.207033,-2.6567655,9.66244
248952383,21.153175,-2.446081,9.5104
213004737,10.138458,-2.876829,9.88185
213004654,10.119916,-3.3525794,9.9369
248987362,23.02154,-2.9824142,9.37214
333640011,13.165396,-2.8711097,9.4112
248946014,20.4242,-3.4368193,7.71546
212958882,8.886281,-2.0661936,8.6941
138662678,0.06965546,-2.9477947,9.29788
138662706,0.099735804,-2.8259516,9.96206
212984234,10.021516,-2.7699153,7.7894
269485932,13.546578,-2.0502045,9.5432
300889489,0.827898,-3.039669,9.814
244179108,7.522326,-2.7716162,9.5457
244178875,7.5086803,-3.9603462,9.9943
423360110,14.795948,-2.4056175,7.3552
248382514,18.561756,-2.1794853,5.1468
212961103,9.216101,-2.8727078,9.3434
212961192,9.146573,-2.4684489,9.3073
248957655,21.765078,-2.2567365,8.4112
248957789,21.742037,-3.0150645,9.8431
333603274,12.536335,-2.3894315,9.5943
248957924,21.715858,-3.6601012,9.93651
382305897,11.091148,-2.4126654,9.417
333603281,12.568628,-2.4500988,9.5219
213013812,11.249727,-2.131492,9.516
213013862,11.278672,-2.3664665,9.47488
213013920,11.18694,-2.6175547,9.63918
248959036,21.851242,-2.0671768,9.49854
248349805,17.293528,-2.8857129,9.07855
423358178,14.443453,-2.0053015,8.96632
423360159,14.786259,-2.0994363,8.81174
248989583,23.26589,-3.0533485,9.03857
248943164,20.033888,-2.490855,8.35866
248943195,20.013603,-2.6694977,9.8766
241673145,26.42341,-2.1403198,9.6298
423358084,14.552159,-2.5740495,7.4374
423360102,14.762737,-2.4534273,5.8107
241673139,26.379395,-2.2321713,8.2377
138667326,0.1327547,-3.306321,6.94799
212952804,8.297017,-3.8478553,6.2113
213012817,10.958437,-3.0793793,8.23349
248963257,22.33107,-3.1967185,6.8142
138667061,0.21862476,-2.0167809,9.94228
138667403,0.23902464,-3.6938548,9.9817
213012638,11.035447,-2.24589,6.7992
248382269,18.611605,-3.4764185,9.2732
244161639,5.010818,-3.3035436,9.26351
300965771,1.9337971,-2.5486813,6.5391
212982053,9.789882,-3.9926667,8.6923
248959865,22.004673,-2.035339,6.7441
248960154,21.980656,-3.5733876,7.36172
248960945,22.14318,-3.8784547,9.57537
423386617,15.01537,-2.0190248,6.9203
423356958,5.570281,-3.019466,9.5055
300942236,1.6684391,-3.771154,9.2117
248345473,16.796925,-2.5339553,9.9581
212984072,9.984937,-2.0162764,9.761
300941084,1.5482893,-2.1549037,8.4018
248956758,21.637878,-2.4962466,8.1402
248382312,18.577139,-3.309699,8.03529
212949286,7.9157085,-2.44608,9.77664
300941150,1.5788994,-2.5045972,9.1163
423386369,14.93941,-3.3823621,9.96763
333542104,11.747989,-3.598236,9.888
300976396,2.3157773,-2.2440457,9.8028
333542077,11.751784,-3.6898217,9.4362
213014137,11.168893,-3.9632685,9.3847
138662788,0.1229596,-2.3894565,8.81432
241578958,25.604767,-2.1604128,7.55374
241392991,24.372694,-2.759824,9.236
248963348,22.381157,-2.6399827,9.26908
300887147,0.5334268,-2.8200667,8.704
300888186,0.7335516,-3.5221336,8.757
300888214,0.675632,-3.3908956,8.8427
300888219,0.73469615,-3.3834856,9.6791
244178032,7.372328,-3.4692738,5.8063
138685848,3.5051258,-3.9088252,6.6161
300887011,0.571703,-2.139146,9.09996
138686176,3.408526,-2.0024266,9.43633
213010469,10.701105,-2.8401403,9.62352
300887138,0.5109053,-2.7661715,6.6453
213009462,10.657991,-2.2135983,9.05323
212962376,9.332626,-2.9063253,9.9653
301053412,3.09252,-2.2165844,9.32316
244175806,7.119062,-3.6025217,9.7533
301054561,3.2297475,-3.3815453,5.3111
244160565,4.961978,-2.4788864,6.17536
212962470,9.236614,-3.4006982,6.8715
244165140,5.916074,-3.0581422,6.957
244165041,5.866816,-2.4873657,8.892
300887238,0.5089551,-3.2744956,8.99475
300888299,0.6957038,-2.9167182,8.3469
244177990,7.3425174,-3.2602704,9.21204
244175627,7.1488624,-2.6639762,9.8626
212962526,9.246539,-3.662009,8.65704
212963470,9.427624,-3.678556,9.4552
244175595,7.1181145,-2.5133684,9.03177
300965722,1.8426218,-2.7943804,9.70405
300965848,1.9382054,-2.1867914,9.73647
300967040,2.054311,-3.3160472,9.5747
213007107,10.388373,-2.383341,9.90681
244160576,4.9649787,-2.5364444,9.84043
244165120,5.8751097,-2.940325,9.79215
212984410,10.004316,-3.8022869,9.903
248956659,21.682154,-2.948095,9.7073
301016774,2.5648942,-2.503156,9.1225
269556245,15.429609,-3.600832,7.8915
35665944,23.694183,-2.0337145,6.56783
35666068,23.707668,-2.750455,9.8271
35666205,23.701023,-3.446224,9.35435
35666218,23.713829,-3.5238862,5.2812
248383532,18.686047,-3.1254792,9.326
248383668,18.752405,-3.780983,8.5688
248383412,18.691704,-2.5132906,9.9274
248383500,18.787506,-2.9612334,9.86218
248383465,18.7888,-2.7589438,9.594
269556280,15.505683,-3.477588,9.8751
138668292,0.35446918,-3.2536025,9.6975
248963194,22.314737,-3.4600618,9.8086
248350746,17.445496,-3.7930677,8.7373
248347618,17.060232,-3.008426,9.1055
300943619,1.7989898,-2.7151127,7.8703
300964626,1.7245028,-3.6262639,7.6773
212949363,7.9024076,-2.0392385,9.78933
333563964,12.153865,-3.8707056,8.54325
333564162,12.242057,-2.7354424,9.2268
248347723,17.033873,-3.6486177,9.3803
248348850,17.13358,-2.0599296,7.75571
269592480,16.110298,-2.3665946,8.3828
138667292,0.1641987,-3.1294746,9.8384
244163992,5.618624,-2.5902262,8.638
244164171,5.63695,-3.7673635,8.6562
38313593,4.184528,-2.3859758,9.8839
38313609,4.203353,-2.2480385,8.8531
269504096,13.737407,-2.9766917,9.17815
212979431,9.580824,-3.1832068,9.42266
333492762,11.480984,-3.6393106,9.21182
269504094,13.805692,-2.9896402,9.1163
269503919,13.780951,-3.8447409,9.27869
333492752,11.431877,-3.6900606,8.72244
423355672,5.368408,-3.6455479,8.14835
423355725,5.408848,-3.3533704,8.38417
244134480,4.2809544,-3.965746,9.76935
244134510,4.343616,-3.7107756,9.9355
213014873,11.298956,-3.8875804,9.6334
301032812,2.7372296,-2.0745592,6.9734
301033033,2.7901964,-3.3213885,5.9021
248955511,21.525997,-2.200942,6.7861
301034157,2.8619115,-2.623953,8.2612
301034224,2.9006946,-2.2771518,9.1931
248964448,22.44782,-3.4487946,8.3151
35650975,23.484808,-2.1613472,7.6194
301034067,2.8967068,-3.0780244,7.2811
301034068,2.8946354,-3.0772138,8.7853
248392774,19.804049,-3.0199308,8.6952
248942346,19.993235,-2.330456,8.4698
248954338,21.417814,-3.751876,9.10059
248988457,23.104322,-3.0499628,8.9048
248949165,20.761892,-2.6397746,9.13335
248964465,22.494934,-3.5831013,9.5235
248356401,18.065868,-3.1225948,9.954
248942163,19.996222,-3.3064163,9.8961
248942316,19.958055,-2.5237346,9.3388
248988295,23.128073,-3.8966265,9.96217
301033123,2.7587917,-3.7909765,9.72488
244177914,7.3344183,-2.8482742,9.5693
136819076,3.930106,-2.8728986,9.4583
136818999,3.93311,-2.4775367,9.4702
333607345,12.864164,-3.7651372,9.974
241445773,24.912443,-2.5179749,9.2958
301034015,2.8889394,-3.3087568,9.9491
301034128,2.9024239,-2.820305,9.1663
301034180,2.821944,-2.477155,8.1567
248964429,22.455976,-3.336168,8.281
35664001,23.434793,-3.3519099,9.3111
248988633,23.153357,-2.0277843,7.9252
423355939,5.3950124,-2.0439734,9.6658
300942225,1.6255312,-3.8485773,9.4785
248956736,21.666628,-2.5704937,9.775
212984151,10.065026,-2.4329505,9.8042
333604472,12.65747,-2.954194,9.8498
333604586,12.7093,-2.3503706,8.69
333604463,12.715506,-2.9912188,8.5495
244201933,7.667611,-3.552239,9.7457
244202104,7.704482,-2.6355903,7.7602
300964494,1.819987,-2.944686,9.96354
248348492,17.164106,-3.945916,9.8368
300943537,1.7565559,-2.3367655,8.8289
300965494,1.8456274,-3.8307793,9.9441
244172070,6.6228895,-2.6584024,9.5482
244172075,6.631125,-2.6904335,9.3046
333558867,12.016312,-3.7120042,7.1492
244173018,6.739076,-3.9626222,8.2833
213008396,10.475295,-3.966926,8.1389
244169897,6.418597,-3.7076013,9.04061
244173178,6.713127,-3.0150893,9.6362
213008216,10.540739,-3.0563807,7.7881
244169948,6.3602586,-3.9934125,8.3216
244165278,5.9076815,-3.763485,9.5703
300965737,1.8846489,-2.7351494,9.8419
213006819,10.400529,-3.8708866,9.0349
213011558,10.876368,-2.9829304,9.8159
213006879,10.415544,-3.5160878,9.6177
213011574,10.848571,-2.8759096,9.8452
212962583,9.247612,-3.9718297,9.5148
423355646,5.3690224,-3.772243,9.3832
269504175,13.777364,-2.5608714,9.4165
38313632,4.2538314,-2.117454,9.1559
244134604,4.285086,-3.2654388,8.9818
423385505,14.846984,-3.20654,9.3478
333557599,11.95069,-3.2033937,8.8496
333558811,12.039837,-3.3068168,9.3389
333557618,12.002341,-3.073616,8.6427
333605435,12.809454,-2.2636518,9.2981
244137064,4.577167,-2.0148027,6.0459
244136955,4.5845723,-2.6213174,8.6152
248379245,18.23855,-3.3671641,8.4028
38314569,13.365909,-2.8880355,9.3212
333566196,12.404637,-3.030882,8.73764
333566334,12.434561,-2.254097,9.83821
38314494,13.466782,-2.4381266,9.0105
398569220,15.060398,-3.4998026,9.4246
248947939,20.641937,-3.800306,6.64517
248948050,20.71323,-3.0153973,8.2368
241486051,25.000069,-2.9421837,9.044
248379227,18.30841,-3.2260604,9.902
244135966,4.4462385,-3.2745357,9.5673
248947150,20.531832,-3.1789272,9.4937
248947227,20.578203,-3.706917,9.8588
244163164,5.218187,-3.748064,8.46828
136798029,3.8126082,-3.9614441,8.9284
248984075,22.620674,-3.1518376,9.1003
248984129,22.559986,-2.8774245,9.8612
248383654,18.752354,-3.7164571,8.9718
248384475,18.800821,-3.2511816,9.7059
248384476,18.853113,-3.247845,9.7694
35665956,23.710938,-2.1080167,8.3042
35666007,23.680567,-2.4153068,7.7992
35666032,23.711765,-2.5475016,9.3607
333492968,11.470284,-2.4488518,9.4001
248380067,18.40413,-3.6096811,8.6486
241445772,24.911125,-2.5170732,8.0558
212956348,8.677237,-2.5625284,9.3349
136798223,3.8686016,-2.7725573,8.54997
248380120,18.424402,-3.3364635,9.55591
248381141,18.519941,-2.1142774,7.5464
248346556,16.923012,-2.7434375,8.3378
35705435,24.09282,-3.2980034,9.41102
241445794,24.779902,-2.275734,8.26977
212956199,8.718406,-3.3580723,9.8256
136798079,3.8636868,-3.6541975,9.1576
269572556,15.83178,-3.8123643,9.8583
35705404,24.065763,-3.51249,9.92971
248380125,18.38303,-3.314149,7.7077
248380259,18.34646,-2.5508358,6.29672
241445781,24.63011,-2.333809,9.4604
212957505,8.817012,-2.7739365,7.6712
248381133,18.438549,-2.0552104,9.8144
212954998,8.564522,-2.3982596,8.0224
248987324,23.02265,-2.7237413,8.9125
269505493,13.924429,-3.992927,8.7829
244135895,4.386203,-2.8837893,8.67074
244136076,4.431086,-3.894809,8.92769
244136806,4.5085773,-3.367499,9.27426
248987400,23.026434,-3.1298873,9.1641
244137033,4.5492163,-2.1956775,9.74531
269558678,15.569574,-2.7538178,9.9098
269558943,15.585093,-3.4788175,9.5011
241486067,24.991962,-2.479719,8.6699
241577459,25.68558,-2.6544845,9.62387
248392660,19.844925,-3.6727803,9.57928
248947957,20.688828,-3.652226,9.06871
248948023,20.635008,-3.2123847,8.8748
241577487,25.928144,-2.628076,9.81828
2052681033,348.85916,-3.4943008,9.14246
2052803901,341.2686,-2.65699,8.9323
2052607978,340.41153,-2.552057,9.3977
2052607979,340.4115,-2.5527492,8.506
2052691618,347.26697,-2.5504224,8.6538
610690582,11.668991,-4.42713,6.8172
610543354,1.8986751,-4.5475035,8.5314
610691718,12.497973,-4.0164676,9.1087
610691717,12.497218,-4.016614,9.7836
610678818,15.425398,-5.977861,9.834
610678819,15.425057,-5.9772096,8.48244
301328679,352.16513,-4.561393,7.981
333566031,12.497973,-4.0164676,9.1087
333541953,11.668991,-4.42713,6.8172
24247811,15.425057,-5.9772096,8.48244
322214391,344.65747,-5.893227,7.746
224222208,343.88025,-5.586004,8.8052
250359571,341.95908,-4.2290425,6.8532
300965358,1.8986751,-4.5475035,8.5314
322214058,344.7589,-4.526525,9.9041
311055384,345.15887,-4.553023,7.85791
250314474,339.81293,-4.708253,9.757
322214330,344.64835,-5.6739106,6.648
322213997,344.7021,-4.3201528,9.8426
301307431,352.0062,-5.7052135,9.3465
322214054,344.75027,-4.518984,9.58205
248575934,357.38583,-5.5530095,6.7845
301328524,352.19458,-5.3894215,5.6255
4382306,345.47623,-5.966291,7.03325
250321532,340.3298,-4.206383,8.3747
4609750,348.87814,-5.957425,9.5977
248601376,358.0103,-5.6008286,8.403
248601614,358.05762,-4.379228,9.8517
301176235,350.17035,-5.907971,5.22325
250106562,355.32483,-4.42318,8.1385
250106863,355.3689,-5.767735,9.6494
248608774,358.78217,-4.6680727,6.5454
250314525,339.85492,-4.8646693,7.86
250318489,340.27347,-5.8128424,8.282
248608800,358.71112,-4.5086794,8.8839
398639591,359.41086,-4.9385705,8.2319
248601367,358.0419,-5.6287265,9.0838
250100375,353.23367,-5.6676064,9.8265
176169991,342.48898,-4.8981004,9.2433
176170190,342.51584,-5.565984,8.557
176170204,342.56107,-5.6034627,7.8257
136823875,354.4862,-5.278146,9.0877
38334632,352.49155,-5.287028,9.9391
38334971,352.58438,-4.84229,8.8585
250314532,339.8949,-4.9057016,8.6225
250318415,340.13092,-5.8339915,8.5195
250318470,340.2492,-5.879979,8.926
250318519,340.23035,-5.695476,9.23006
188531354,343.98813,-5.3372355,9.8393
250106802,355.4203,-5.5069666,8.6519
248608503,358.5876,-5.719368,8.0602
188531395,344.0216,-5.1433353,9.30948
136824327,354.64035,-4.041768,9.5254
398639478,359.36475,-5.5496464,9.6559
311055159,345.1923,-5.5629725,9.32745
125205214,338.44675,-4.465558,8.552
322214390,344.65833,-5.8931665,9.27731
8963217,354.4704,-5.978363,7.48006
250321578,340.39484,-4.3397408,9.2666
278953023,347.2564,-5.341832,7.72762
278953561,347.32037,-4.1321735,9.9847
250101465,354.9328,-4.66614,8.5257
8963251,354.63757,-5.988138,8.2077
8963254,354.5817,-5.99843,9.3207
248578521,357.75955,-5.6267133,8.901
248578665,357.77338,-4.9164724,9.8769
248578775,357.8106,-4.4249806,8.934
250359229,341.9066,-5.377707,9.7592
38247704,338.16095,-4.1244817,8.6363
278870128,345.3821,-4.7114606,5.0839
38247949,338.1531,-5.1730638,6.9635
278870004,345.43585,-5.326301,7.7029
278870246,345.40967,-4.0598245,9.2686
278869964,345.37814,-5.534173,7.3425
301055395,348.56497,-4.216419,9.1502
136842111,354.75345,-4.9403515,9.4379
250295430,339.567,-4.899114,9.7948
250295449,339.66312,-4.9617896,9.421
250295721,339.64905,-5.8811955,8.4023
250295762,339.7261,-5.859138,8.27
250295764,339.72226,-5.855935,9.4152
38248001,338.14014,-5.4125013,9.901
250359459,341.9429,-4.6224537,9.6318
250359544,341.8918,-4.314349,8.4865
250359216,341.9719,-5.4036036,9.5036
136841914,354.74448,-4.022598,9.89474
38334651,352.4167,-5.3869004,9.6416
38334883,352.55084,-5.3052216,9.11549
38334973,352.5541,-4.840346,9.02191
250102096,354.94785,-4.339663,9.0146
250102144,355.0151,-4.1412096,9.13406
250102170,355.02542,-4.048709,9.33501
301328232,352.04544,-5.1423473,8.99401
301328391,352.07083,-5.817794,7.588
301328695,352.16214,-4.456721,9.21012
301137849,349.68292,-5.6288753,8.30558
250100284,353.16647,-5.169478,9.8359
248576279,357.5386,-4.406451,9.70783
176130729,342.11618,-5.2904677,7.3914
270267677,356.91342,-4.4616637,7.344
270267656,356.92752,-4.560082,9.7924
398639308,359.29236,-5.4599876,7.9922
250314668,339.85898,-5.3461304,9.4625
248608315,358.6395,-4.723301,9.08781
248608351,358.6299,-4.9325647,9.28563
136824156,354.6063,-5.005986,9.90134
248608677,358.81104,-5.2422347,9.9525
250106656,355.3953,-4.9248185,9.66431
224222338,343.79565,-4.987884,5.0106
250325337,340.52512,-5.101957,3.8216
250325970,340.72412,-4.6942225,8.5659
278869627,345.27512,-4.5398126,9.7467
278869842,345.2596,-5.6963215,7.9856
38349820,352.73917,-5.0607476,7.0941
9802901,359.91934,-5.893055,5.65201
278869824,345.3323,-5.615161,9.997
301132657,349.161,-5.97367,8.1495
38349875,352.73364,-5.3222795,9.831
224222503,343.8577,-4.2710214,8.0062
224218970,343.43393,-4.6574364,6.738
224222183,343.83838,-5.689672,5.504
224222207,343.82257,-5.5923243,8.8004
248050154,345.85687,-4.281422,8.1661
224222117,343.74374,-5.8414054,9.4468
136821541,354.29034,-4.465116,8.8584
248049669,345.83707,-5.133248,9.4656
248049778,345.81128,-5.700681,9.7272
250112063,355.9641,-5.958859,8.9704
250112120,355.97855,-5.7009587,9.1733
250112225,355.9967,-5.2048855,8.934
176130027,338.05255,-4.062704,6.8669
407969015,358.98605,-4.2452664,8.9131
248054579,346.30164,-5.2480326,8.834
125249371,339.0636,-4.0180173,8.4403
9005067,355.46472,-5.985759,7.0885
176217472,343.03226,-4.587482,9.9998
301272304,351.46262,-5.024855,9.2118
407968762,358.95483,-5.556474,9.57522
407968791,359.01834,-5.4122033,9.98841
322217260,345.06393,-5.3894243,9.9535
205783876,339.07477,-5.1547256,5.8768
250329605,340.96866,-4.96739,9.7248
250321990,340.3522,-5.655356,7.9523
224216295,343.29837,-5.334059,8.6956
250329454,340.9462,-5.4465427,8.4419
9790162,359.76218,-5.995021,9.812
398637383,357.18808,-4.4352107,7.15657
250322468,340.4594,-4.5094967,9.3063
250322173,340.4886,-5.4642982,9.6363
250322513,340.4171,-4.3551493,9.1888
224216066,343.28238,-4.373962,9.3567
224216170,343.28625,-4.822707,9.4071
224216874,343.4233,-4.055097,9.9486
278965524,347.44247,-5.335702,9.9859
278965579,347.4483,-5.5816607,9.3822
278965865,347.66107,-5.0840225,8.7569
248054958,346.3494,-4.950022,9.4363
398637133,357.1443,-5.7976413,9.3079
278996122,347.96396,-4.818613,8.2921
398637221,357.18,-5.4205713,8.7902
250322265,340.52106,-5.1462154,9.1969
248054580,346.3006,-5.2482605,8.67517
278965842,347.64795,-5.158838,9.8855
248047600,345.6382,-4.2216477,8.874
176081027,337.59924,-4.255182,9.73394
421954466,339.20685,-5.7184157,9.6293
250355195,341.54425,-5.426609,9.74154
8989166,354.81223,-5.949909,9.5763
402288519,341.70483,-5.9343553,8.73309
278869590,345.34677,-4.372752,9.12159
301132269,349.1889,-4.224143,8.7896
301132597,349.16745,-5.7128744,9.7349
224221791,343.68082,-4.3193984,9.57886
248049803,345.754,-5.842547,8.78224
248049915,345.9667,-5.4457417,8.89489
248049785,345.7878,-5.74077,9.5341
278895055,346.76556,-5.730624,9.379
49606022,350.34784,-5.9539123,7.8979
224218905,343.5442,-4.433658,8.8962
224219156,343.5357,-5.498086,8.0452
224219732,343.6441,-4.066898,9.9339
278996540,348.1214,-5.0042806,8.9197
278996702,348.08752,-4.169387,9.9991
278918979,346.86472,-5.0322556,9.4473
9762011,359.11276,-5.978082,7.8244
176130934,342.12793,-4.5755,7.2052
250101829,354.96072,-5.5467906,6.405
313838573,353.3333,-5.3237886,9.2961
250080264,352.82376,-5.0608306,7.7763
125248166,338.9196,-4.9268765,9.47104
125248509,338.92374,-5.723612,9.9119
176130574,342.19293,-5.8804345,9.9838
248605976,358.39417,-4.8105645,8.9652
248606316,358.5488,-5.1453075,8.8855
248606488,358.51483,-4.278622,7.8418
250329511,340.91394,-5.2662773,8.9823
176142746,342.36127,-4.9186687,9.62376
176142025,342.22607,-4.223807,9.9485
224216005,343.2383,-4.136873,9.42088
224216547,343.35474,-5.3461337,8.93183
278965883,347.6504,-4.991435,8.72636
9790138,359.6026,-5.9847236,9.24578
398636882,357.11774,-4.683707,8.85407
125237603,338.8268,-4.7988243,9.1754
125237369,338.74066,-5.669991,9.6703
125237697,338.72003,-4.4008384,9.7758
250329532,340.92142,-5.206948,8.0866
125237530,338.72733,-5.045395,9.2986
250315352,340.0022,-4.127928,9.9944
250329663,340.9327,-4.7820554,9.51135
125237262,338.67014,-5.706858,8.79991
224219414,343.62357,-5.350351,9.8192
176130016,338.05057,-4.0160685,9.70764
278918962,346.94516,-5.0944796,8.7289
398666551,359.45276,-5.45634,7.62445
301137564,349.70566,-4.2052345,9.7986
36692190,343.3648,-5.9880476,6.66484
301272292,351.44952,-5.099501,8.6954
301272268,351.43182,-5.210523,9.7347
176130056,338.0312,-4.1692996,9.8099
278919162,346.8327,-4.2591395,8.91942
398641356,359.52362,-4.4040008,9.9242
125248696,339.05,-5.6845264,9.01826
176130655,342.13635,-5.5934644,8.819
313838761,353.36935,-4.4012814,6.4669
248606352,358.56335,-4.948921,9.0594
176106678,337.96548,-4.233152,8.92914
250101869,355.03207,-5.3384137,9.18832
250080429,352.85394,-4.25143,8.5454
248605922,358.44464,-4.5535774,9.5698
248606027,358.3495,-5.0496426,9.33956
205783759,339.07385,-5.6200247,9.41971
205783763,339.08215,-5.6023903,8.03618
279010894,348.27985,-4.2686133,9.71644
407995558,359.64798,-4.117287,9.0721
38351851,356.3894,-4.789941,8.9638
398586042,356.47284,-5.933155,8.6186
398586089,356.61664,-5.7228556,8.7239
398585646,356.47858,-4.0259776,9.74205
248037866,345.65747,-5.729027,8.21867
407995566,359.5924,-4.0798674,9.52365
250101642,354.85135,-5.460375,8.7314
421973897,339.2935,-5.058058,9.40276
250325307,340.62128,-5.0280876,9.038
250325425,340.54044,-5.3878665,9.0664
250325877,340.72128,-5.0842266,8.6177
136821970,354.40454,-5.1077027,8.4152
301288363,351.6648,-4.9964066,8.3731
250325614,340.7334,-5.862639,9.0688
250325723,340.6743,-5.5072746,8.8138
136821936,354.37317,-5.294486,8.8574
250325898,340.71667,-4.999193,9.4523
301288604,351.79037,-5.5919533,9.1276
250325428,340.54398,-5.396625,9.9747
125205708,338.57153,-5.0827374,8.2293
421973944,339.2119,-5.011257,9.8615
125205754,338.4766,-4.885132,7.09588
38271379,344.62656,-4.5021195,7.6479
125205386,338.43344,-5.2301645,8.79409
38351934,356.37964,-5.2560763,9.69137
250362361,341.97604,-5.0508504,9.9492
250362596,342.074,-5.7674346,6.7097
250103940,355.08548,-4.0111275,9.2798
248610766,358.84793,-4.90155,7.079
250362518,342.051,-5.528453,9.91278
248052339,346.1589,-5.5020876,8.0412
248052413,346.19647,-5.163222,7.1406
248052635,346.1766,-4.1032267,9.0507
398619707,356.67477,-5.4599056,8.0064
398619737,356.6603,-5.5892034,9.5804
250104283,355.08646,-5.663071,9.4329
313885526,353.82227,-5.191307,9.5746
38375847,0.00033471244,-5.49436,8.2676
313885731,354.08398,-5.6207113,9.062
248603939,358.2831,-5.334752,7.999
398619903,356.82764,-5.349803,9.36477
301132976,349.3127,-4.435242,6.3842
278892188,345.58865,-4.9515777,8.0816
250362093,341.97507,-4.2290397,8.14768
248055127,346.3661,-4.2500496,8.66617
248603480,358.17377,-4.293545,9.315
38270984,344.46774,-5.5365314,8.2134
38270964,344.46136,-5.4367194,9.8252
248052037,345.98865,-4.7948623,6.1465
248052217,346.0559,-5.773479,7.9172
38271059,344.45724,-5.868458,9.45851
248051949,345.98978,-4.424374,9.7998
250109377,355.6063,-5.36762,9.32746
9709567,358.16977,-5.9937334,8.5387
38271245,344.54202,-5.042668,9.9508
279047835,348.4198,-4.8043294,9.9994
270252809,356.9238,-5.124452,8.6189
248600982,357.92108,-4.3634024,9.0471
248601108,357.9623,-4.93779,9.6327
248601153,357.86694,-5.125334,9.143
248601248,357.9394,-5.6805587,7.7476
270252850,356.9572,-4.931196,7.8908
301135255,349.4447,-5.5674105,8.4915
278867483,344.94104,-5.798477,7.9191
278993995,347.82153,-5.098754,7.86689
176173299,342.7838,-4.2664413,9.5845
250351453,341.32993,-5.2221065,9.4551
250351333,341.35858,-4.8145328,9.2628
250325537,340.572,-5.733119,8.6009
301288400,351.66565,-5.23212,7.6818
250325014,340.556,-4.040248,9.35203
9061650,356.15735,-5.8891006,8.94323
278968129,347.71225,-4.4380507,9.4791
248573779,357.30536,-5.118796,8.8514
278867546,344.92502,-5.474237,9.74489
278921459,346.96124,-5.6976476,7.5287
278921363,347.004,-5.2228208,8.80328
278892186,345.53003,-4.9502482,9.0197
301192645,350.54492,-5.697004,9.8246
313862619,353.53415,-4.6405973,9.2596
301330671,352.38367,-4.532745,5.3432
301135020,349.47394,-4.5218115,8.447
270252678,356.9102,-5.8254476,7.20118
270252779,356.96213,-5.244196,7.8046
270267706,356.9216,-4.325504,9.61278
248601213,357.94397,-5.5108695,9.8466
38255326,344.32166,-4.8100953,5.47465
250296164,339.78525,-4.5144167,9.92495
250101541,354.88092,-4.9490423,9.01412
250101675,354.88187,-5.608918,8.63147
278892780,346.6746,-4.200958,8.69092
313861809,353.44382,-5.132523,8.46921
38271121,344.53998,-5.685522,8.12341
398573588,353.9544,-5.6401343,9.1136
398573896,353.9662,-4.1826825,9.9491
398573559,353.9461,-5.7486157,8.5741
301173669,349.85614,-5.838898,9.87597
250082251,352.9229,-4.4181957,9.1414
250112180,355.9701,-5.424944,8.81281
250082325,352.96188,-4.7485847,9.9795
407997298,359.71582,-4.2880588,9.5901
407997461,359.7797,-5.208045,9.8658
38254803,344.23145,-4.555559,8.0309
278921962,347.1266,-4.083969,9.58509
278921255,346.97742,-4.7767673,8.38128
278921799,347.16364,-4.7790465,8.7909
250114496,356.1457,-5.0070605,7.8728
250114673,356.10388,-5.777268,9.25569
250114895,356.2684,-5.255745,9.6075
250129682,356.15854,-4.3835063,9.8215
278867750,344.92194,-4.36437,7.7606
278867751,344.91953,-4.363963,8.9396
278968098,347.7884,-4.322001,8.5873
278993612,347.7704,-5.026522,9.8926
125189009,338.26343,-4.1552863,8.575
125188788,338.3164,-4.9671683,9.0378
176173978,342.90817,-5.2717795,9.5435
250318216,340.06735,-5.2143,9.6109
125237187,338.61545,-5.3805833,9.7573
38248382,344.07843,-4.698338,9.2544
38248389,344.088,-4.673755,8.8475
250348500,341.14957,-4.359322,9.77619
250292568,339.4391,-4.228055,4.1088
250292082,339.38336,-5.8477125,9.1176
250292510,339.51456,-4.4229493,9.2962
250318059,340.06625,-4.745746,9.38776
250318117,340.15155,-4.9249816,9.8618
301080087,348.8334,-4.534177,7.90676
250348327,341.22684,-4.9157495,8.63927
38248268,344.08142,-5.2385755,8.73628
36694950,343.53778,-5.8768377,9.98602
251019617,339.88776,-5.976408,9.9598
300904830,0.9340241,-5.849011,9.9775
300904198,0.83535993,-4.1457553,7.7105
408069339,18.357136,-5.969702,9.31422
301307561,351.98062,-5.48367,9.2742
301307206,351.82953,-5.543326,9.88451
313862292,353.54257,-5.485004,8.2539
176147314,342.50998,-4.0979786,9.7068
176147445,342.46884,-4.3481555,8.401
125248539,338.92346,-5.769355,9.65884
333606148,12.846058,-4.6893926,9.4376
333611001,13.207013,-4.9857817,9.6229
402312125,353.50623,-5.8962984,8.525
248943586,20.125595,-5.176681,9.8041
248947740,20.650705,-4.9367037,6.2241
248352840,17.692198,-4.404891,9.6814
300931103,1.3338687,-5.7072353,3.648
269570953,15.760573,-4.8365993,4.41225
248341858,16.437912,-5.8559785,8.5315
248945350,20.32762,-4.127802,8.1484
248945424,20.354916,-4.573711,9.91907
212960381,9.007726,-5.5707197,6.266
398570795,15.2573185,-4.6483984,6.8281
3891820,11.015686,-5.901033,9.4698
423357754,14.471513,-4.2440434,8.2821
398571094,15.344114,-5.3203087,8.56689
248386350,19.124397,-4.8621197,7.5252
212960357,9.075487,-5.3964105,9.86693
212960292,8.990792,-5.0526915,8.8588
212960150,9.031807,-4.2118554,8.2355
398571258,15.369678,-4.435193,8.462
398571264,15.32588,-4.4152427,8.4532
212960414,9.070128,-5.7123866,9.7692
212960425,9.014287,-5.7595596,8.5156
398571320,15.374494,-4.189401,9.4866
213010854,10.800103,-5.123222,9.9285
213011250,10.896022,-4.6875815,9.7225
398570976,15.228644,-5.821633,9.9828
248949563,20.815115,-4.9374204,8.8895
212982502,9.871775,-5.5554876,9.586
333557274,11.987731,-5.1854315,8.5768
269534105,14.399215,-5.479185,9.7963
248386414,19.077238,-4.4460297,9.2074
213014743,11.350521,-4.6291595,4.5064
244163267,5.1510096,-4.3370495,8.7459
213014678,11.334384,-5.0090923,7.8632
244163231,5.205827,-4.11595,7.7303
244163533,5.1689796,-5.858232,9.0078
244164315,5.646292,-4.7612457,9.7828
244163481,5.153912,-5.5204864,9.7622
212958188,8.960431,-5.6824727,8.8829
269572924,15.969149,-5.530789,9.7276
244164281,5.662589,-4.505328,9.254
244163413,5.164003,-5.1431212,9.7948
248352760,17.620502,-4.962649,8.8153
248352761,17.61754,-4.960126,9.6872
248352770,17.679243,-4.8421774,6.91795
248352852,17.660137,-4.342755,9.3266
269570767,15.684456,-5.8310275,9.5284
269571053,15.765447,-4.2647247,9.91432
248963076,22.345423,-4.135262,8.9825
138691166,3.5285401,-5.786413,8.9608
301052704,3.0501196,-5.8678007,9.75422
248963091,22.410002,-4.0752034,9.5924
212982554,9.948032,-5.26879,9.0778
212982599,9.9205265,-4.915253,8.8275
333557388,11.911395,-4.497641,9.0256
244178647,7.488466,-5.198365,7.9385
269505917,14.006691,-5.462611,8.3342
300904659,0.820742,-5.4591894,8.7022
333556911,11.890085,-4.4441094,9.8123
244178865,7.4093885,-4.015109,8.3552
248379368,18.303549,-4.052952,9.4202
212955844,8.721694,-5.174386,8.4025
269505631,13.896584,-4.7014503,8.8174
300973369,2.0898094,-5.6389556,9.4814
248379573,18.316128,-5.3963757,9.9715
212955729,8.677797,-5.830603,9.2702
244136381,4.511607,-5.9711747,9.844
301052698,3.0698233,-5.9343395,9.3649
301035432,3.0272727,-4.001445,9.13038
248963082,22.423592,-4.1039605,9.12711
301033677,2.898723,-5.068161,7.3582
248356655,18.037485,-4.4920464,8.87446
300967369,2.0379128,-5.1334686,8.8596
269533898,14.356686,-4.3225923,8.6357
248955869,21.535393,-4.3898563,9.8467
301033489,2.7692113,-5.7839746,9.15326
248954266,21.403177,-4.1334896,9.9616
248388167,19.221083,-5.234692,9.6104
248350096,17.258648,-4.3728843,9.9894
301033472,2.6867828,-5.6711736,8.7591
248921720,19.928577,-4.9462585,9.1581
382306185,11.081653,-4.3990893,8.3873
269505933,14.046569,-5.372155,9.761
248350202,17.321972,-4.9785633,8.30865
138662501,0.052850384,-4.05368,9.671
333556992,11.883101,-5.0337806,9.6331
423359755,14.744056,-4.632093,9.5303
423359315,14.643923,-4.154068,9.91484
333556998,11.800545,-5.0771117,8.5739
333557031,11.821029,-5.219887,9.0229
37764824,5.5603647,-5.961765,8.8084
138662208,0.05265747,-5.850329,9.3523
423359416,14.565544,-4.8780527,9.6639
248921666,19.904722,-5.3252625,7.8775
213006241,10.204239,-4.923992,9.6482
248951525,21.004122,-4.1285505,8.6756
248354571,17.727972,-4.834918,9.5309
248356854,17.972523,-5.7859445,9.6073
244159255,4.841249,-4.1273565,9.6241
244138359,4.6371136,-4.794475,9.8906
244159225,4.7781253,-4.269147,9.9002
212955663,8.565513,-5.7427816,8.0909
269505601,13.94957,-4.5326214,9.491
248379363,18.240406,-4.011302,9.34189
300967301,1.9717984,-4.8549514,8.49344
300967410,2.0697265,-5.3470297,8.45525
300973519,2.16838,-4.844096,9.48804
300973520,2.1692736,-4.8397784,9.78037
248955842,21.536167,-4.193186,9.9856
300975286,2.3063722,-4.134014,9.97583
244138666,4.8038497,-5.0487623,9.3772
333541504,11.536871,-4.969321,9.7717
284077510,5.806984,-4.5686946,9.25082
248354492,17.826824,-4.4372897,8.69601
213006098,10.217978,-4.2523017,8.67243
333541616,11.532281,-5.6425767,8.5745
248354858,17.895788,-5.3402166,8.4952
213006077,10.255745,-4.095457,8.4195
213006166,10.237223,-4.5649414,8.43965
248392051,19.70391,-4.194399,8.9169
248392114,19.654882,-4.6660376,8.6959
248392472,19.882645,-4.90994,7.5039
248392516,19.794859,-4.656922,9.0755
269487531,13.79734,-5.4354067,8.5094
213014187,11.206191,-4.196248,8.9607
333641693,13.31897,-5.6569157,9.37158
40046404,6.4186425,-5.9398556,9.7908
213004437,10.187341,-4.644044,9.4067
213004474,10.159669,-4.3468513,7.62682
300975506,2.2142231,-5.208804,8.078
213004473,10.176547,-4.3518405,4.93723
213004316,10.188501,-5.261227,9.73087
213004507,10.1144,-4.1640854,9.2443
244203455,7.8817186,-4.2822566,7.6053
300975918,2.3723137,-4.6746225,9.6611
248947358,20.53047,-4.5643444,6.9158
300930789,1.2905525,-4.034634,9.34304
269531847,14.104851,-5.354269,9.07863
248390111,19.500648,-4.336175,8.94505
248390187,19.411774,-4.808222,8.7825
287153961,0.45555547,-5.5077386,9.2528
248390204,19.518467,-4.889368,9.6166
300931072,1.2412169,-5.581885,9.7783
269531762,14.166883,-4.91477,9.9219
248390110,19.497665,-4.3312197,9.84707
300930965,1.2611182,-4.971254,9.66265
300930936,1.267261,-4.807432,9.9466
300887587,0.5004239,-5.2139244,7.71032
244178438,7.330146,-5.633973,7.5575
136819507,3.9650934,-5.6012135,6.68138
138685344,3.3005946,-5.242057,7.0438
269487138,13.615886,-4.0605907,9.4961
244178486,7.317127,-5.91049,7.233
244178536,7.499467,-5.7639995,8.639
408004964,3.3326979,-5.9758224,9.24843
244178320,7.377053,-4.9102364,8.6998
300887864,0.6456719,-5.186648,8.15286
3804928,9.487053,-5.99796,8.03434
244178442,7.3532777,-5.6700025,9.70971
136819508,3.9646673,-5.602456,9.36505
248388568,19.352581,-4.213683,7.8779
248390265,19.481232,-5.3318267,9.7976
138667806,0.28053036,-5.874346,6.5536
3921869,11.966621,-5.992751,7.07613
248348368,17.22106,-4.7225785,7.1065
300965162,1.9491985,-5.485951,7.9232
300964698,1.7330267,-4.006962,8.7598
212950630,8.08503,-4.475572,8.93322
248347867,17.093628,-4.352992,9.9498
212950761,8.034498,-5.178717,7.8722
212963294,9.456541,-4.5542736,8.6223
244165339,5.952743,-4.128377,8.2369
213006761,10.377071,-4.232812,8.06132
212963037,9.4389715,-5.735713,9.6332
244176436,7.171431,-4.820542,8.6351
212962831,9.316131,-5.172893,9.8859
213006793,10.361222,-4.0330057,9.9657
212962652,9.3383045,-4.32914,9.8082
138667606,0.24340788,-4.9325366,7.9666
138667815,0.2614979,-5.8350015,7.3753
212952843,8.354046,-4.043932,8.2738
269487464,13.812465,-5.808766,9.88544
138667997,0.32593468,-4.889745,9.80244
212953008,8.309511,-4.9558964,9.7952
333641684,13.275722,-5.619873,7.8287
244134202,4.3103848,-5.611434,8.3496
333606239,12.7952,-5.0392785,6.3539
333606285,12.803003,-5.1834273,8.32443
333606655,12.946061,-5.5779686,9.1739
333607238,12.954121,-4.08658,7.99036
244165930,6.059868,-4.502735,8.48874
248350522,17.417328,-5.03251,7.6707
38315051,13.3525915,-5.7557354,9.58858
244165716,5.955272,-5.637452,9.7639
244134392,4.3158383,-4.4489713,7.9201
300908582,0.99681145,-4.3099976,7.8754
300908607,1.0842534,-4.4113755,9.48524
423355524,5.457749,-4.4131694,9.3202
423385799,14.888456,-5.1010003,8.2794
423385685,14.921252,-4.461197,7.698
300908746,1.0462224,-4.926108,9.23679
248953598,21.263395,-4.157931,8.2976
248386025,19.035383,-4.9508595,7.1775
300929197,1.1516365,-4.145841,9.5362
38313152,4.159106,-4.9776406,9.04752
244134318,4.26769,-4.863418,9.87086
301016248,2.5786319,-5.248588,4.9897
248384263,18.913195,-4.5961447,8.623
301016331,2.5802424,-4.795735,9.25347
248350456,17.468885,-5.45034,9.49378
244203719,7.8063245,-5.7869453,9.9534
333565423,12.355743,-4.745757,9.313
300975681,2.315442,-5.7332973,9.8098
300965402,1.8579923,-4.3257456,9.1482
333604233,12.704815,-4.296723,9.52844
333604051,12.631795,-5.314149,7.60785
333557230,11.907631,-5.376604,9.83465
300941574,1.4866642,-4.784991,9.8866
213008788,10.560247,-5.6310096,8.1169
213008998,10.678096,-4.5399365,9.1617
300941524,1.5302762,-4.5162935,9.1938
300942147,1.6218303,-4.2476106,9.289
382306327,11.089941,-5.4271197,9.0707
423357221,5.529619,-4.4282165,9.5879
213003856,10.044799,-4.0858593,8.25121
382306352,11.1277275,-5.626344,7.5785
248346290,16.885283,-4.206941,8.2598
300941965,1.6333827,-5.125651,8.9217
333607147,12.9602995,-4.272538,9.4262
244165720,6.0077286,-5.613947,9.8413
269592874,16.093998,-4.597311,9.5826
382306329,11.164076,-5.4351964,9.43552
333603780,12.598084,-5.123788,8.25418
244172834,6.7726336,-5.0038047,6.07412
244170030,6.3212357,-4.381715,7.4151
213008768,10.615204,-5.711088,9.3317
213008409,10.534114,-4.0429296,9.7122
244172949,6.7485547,-4.4142947,8.1092
333603903,12.52853,-5.8050575,9.8794
333603838,12.613295,-5.496402,9.0209
212955962,8.627996,-4.5426283,8.76657
138685251,3.3645093,-4.646752,8.4335
300887641,0.50011486,-5.516473,9.5934
138685531,3.4172976,-5.6275377,9.6493
244165616,5.893459,-5.7371793,9.5613
244161113,4.965306,-5.4505525,7.8564
244175960,7.1580524,-4.452634,9.7325
244176342,7.275554,-5.362214,9.7812
244161085,4.9625664,-5.283976,9.5226
244165368,5.8842926,-4.271035,9.5886
333559012,12.024377,-4.6285934,9.5738
300908809,1.0948039,-5.1584144,9.8397
38313052,4.209836,-5.5612855,9.938
244134239,4.2712216,-5.3804274,8.9259
301015929,2.550781,-4.918772,9.1935
301016059,2.4925065,-5.5862503,9.7691
212979993,9.672549,-5.8068714,9.4439
212980000,9.674636,-5.774019,8.9373
423355493,5.371503,-4.5496836,9.4664
244172736,6.717667,-5.52269,8.8891
213008504,10.510792,-4.580811,9.874
423385891,14.862354,-5.6547284,9.2742
244172738,6.720927,-5.516506,9.8353
244172638,6.6068635,-5.809556,9.55484
213008770,10.583907,-5.708679,8.2463
248381971,18.622175,-5.047393,6.9601
300941720,1.5429338,-5.499512,9.60817
300942125,1.6957188,-4.350028,7.6753
300941711,1.5762322,-5.4533873,9.31131
300941835,1.6844507,-5.741767,9.23632
423357347,5.5593247,-5.1919346,6.97277
300941749,1.5052739,-5.7033143,9.8672
244167769,6.137075,-4.6477876,5.0527
423386059,14.972884,-5.1840434,7.9683
423386210,14.925684,-4.321526,6.8131
244168279,6.2103863,-4.268558,8.1554
212982091,9.784503,-4.1759744,7.7578
244161214,5.005489,-5.8361797,7.9889
136819401,3.895389,-5.006135,8.1022
212982074,9.722322,-4.096635,9.1286
244161194,4.8810153,-5.9518113,8.4428
248392041,19.670654,-4.128728,9.6109
248392489,19.86182,-4.83549,8.7617
269572824,15.871084,-5.586135,9.09591
248392501,19.81363,-4.7319813,9.0548
212955950,8.644836,-4.5993037,8.7452
248381694,18.485094,-5.1969714,9.4635
38314843,13.44843,-4.4644394,8.0411
38314851,13.422224,-4.525587,5.68376
248947399,20.557814,-4.8331614,9.6643
269572849,15.865822,-5.811372,9.6058
398669895,13.458104,-5.968058,9.1387
248381643,18.467089,-4.847415,6.7272
10756751,9.2297125,-5.874034,9.4189
248381608,18.537107,-4.6751895,9.1882
269573140,16.011992,-4.092769,8.75387
136797946,3.8497703,-4.5287805,9.68067
24207200,14.690589,-5.882816,5.6041
269573125,15.952403,-4.248405,8.6622
212955961,8.624145,-4.546536,6.33049
244174750,6.860191,-4.1252275,9.34839
136819325,3.957659,-4.486318,9.37389
244168225,6.247687,-4.517704,8.5655
248960318,21.954285,-4.468396,8.8055
269593000,16.101255,-5.3026423,8.10802
269593224,16.200459,-5.4721146,8.64668
269593225,16.197485,-5.468705,8.23354
269593245,16.156496,-5.3217,7.32271
244174834,6.8651648,-4.579746,9.90085
212948688,7.9741282,-5.2619095,9.7742
269503762,13.817641,-4.6249013,8.5904
284077350,5.7578654,-5.8893323,9.1946
421973730,339.29858,-5.3770323,8.5587
2052589123,343.88025,-5.586004,8.8052
2052589124,343.88004,-5.5857835,9.3859
2052602391,341.95853,-4.2288055,6.9051
2052602393,341.95908,-4.2290425,6.8532
610513126,4.902053,-7.2239037,6.5561
37750558,4.902053,-7.2239037,6.5561
8937418,354.0729,-7.117199,7.562
610512376,3.6150513,-7.7797465,9.6299
9070006,356.80945,-7.7314954,8.8249
49593032,350.13336,-7.800138,9.6212
4406928,345.66382,-6.339321,8.3688
251020056,340.0321,-7.5067105,9.5659
49593314,350.14362,-6.6105027,9.21632
188542544,345.32956,-6.437599,9.33761
9069163,356.61288,-6.303844,8.5221
9069729,356.75763,-6.88865,9.74228
4406982,345.7075,-6.0956364,9.5141
4406989,345.7487,-6.0483994,9.7861
188542452,345.32022,-6.0857186,9.79565
251005517,339.5923,-7.897566,5.52356
404243440,346.11624,-6.1794066,7.5259
249649309,341.29285,-6.64628,8.3249
251005569,339.60153,-7.65947,9.9776
249649225,341.38614,-6.968523,9.9352
251035699,340.40576,-7.9656715,9.1667
9031255,355.76404,-7.5034018,6.182
4465717,346.73395,-6.8852644,9.8531
49620836,350.6257,-7.2393737,7.4317
423612723,353.7676,-7.6774163,6.2716
9709881,358.2627,-7.8170295,9.7355
9726277,358.41025,-6.79417,8.9015
9726697,358.4763,-7.451888,9.9923
4494135,346.98938,-6.6213245,9.8446
9031196,355.82864,-7.2429776,8.8176
250996572,338.94052,-6.7523327,8.0787
251035718,340.34848,-7.8867526,8.0877
402288231,341.72595,-7.3897576,8.1817
4612660,349.19128,-7.588011,8.4678
4618835,349.21225,-7.726504,2.65039
9802728,359.8126,-6.890828,8.1534
251036457,340.4393,-6.766191,9.452
250997106,339.00912,-7.076097,7.0334
250997176,338.96698,-7.3395815,7.2815
250996543,338.90454,-6.8613605,9.0617
402288358,341.73483,-6.778206,9.5039
8988733,354.65527,-7.792162,8.6694
49709617,352.16895,-6.335952,9.2041
49709760,352.13937,-6.999099,8.6142
9759680,358.91577,-6.1425986,9.01399
249649118,341.27823,-7.565222,8.1562
249649247,341.35886,-6.869748,9.61739
251005952,339.63684,-6.2136736,9.9143
404225618,346.02393,-7.525084,9.9705
251036171,340.3713,-6.15744,8.1356
4612575,349.24646,-7.1608033,6.276
250997259,339.07108,-7.664361,6.63512
251036144,340.32474,-6.2460427,9.1808
251036404,340.44952,-6.5601916,8.97435
9803255,359.9929,-7.809069,9.8986
36596176,342.62955,-6.913766,6.815
251042773,340.9523,-6.4046903,8.3104
251042788,340.91916,-6.496559,9.9596
33416138,344.6961,-6.2341638,9.9693
404243592,347.6757,-6.393107,9.3513
404243607,347.61972,-6.4806933,9.18
404243667,347.61243,-6.7909737,9.8595
404243857,347.7071,-7.7893314,8.3926
33416263,344.82748,-6.284139,9.87388
4609618,348.92783,-6.6745358,8.8902
423610994,353.612,-6.480671,8.5004
36595140,342.58093,-7.090106,8.16927
36692213,343.4078,-6.1087484,7.3259
4609962,348.98645,-6.887227,7.9552
36692362,343.37766,-6.676362,9.8659
4384457,345.74783,-7.591113,8.8599
36692021,343.29956,-6.5431786,9.534
4384429,345.65146,-7.696869,9.8721
251042245,340.8039,-7.215052,6.83671
4384395,345.6902,-7.823809,9.45647
49784722,353.15674,-6.1388993,7.7286
251042952,340.98578,-7.106486,9.6226
49620879,350.60342,-6.9729867,8.7192
49620916,350.60394,-6.8019867,8.1066
4494294,347.09555,-7.2670074,7.98446
49784574,352.9577,-6.4119973,9.9839
8963164,354.42206,-6.2141204,9.9688
49785044,353.0801,-7.75515,9.88592
2052584804,342.28986,-6.5114236,9.488
36726945,344.0852,-6.5458384,7.32706
36726345,344.04828,-7.9302473,9.8944
36727034,344.1677,-6.930547,9.9054
36727257,344.1624,-7.837459,9.4358
9005401,355.60907,-7.493009,9.9425
188530056,342.2015,-7.250279,8.8542
33425067,345.00403,-6.283601,9.3707
9098377,356.87936,-6.336914,9.1385
188530116,342.1762,-7.458928,9.64106
423609753,353.3002,-6.400587,7.554
423609988,353.3364,-6.7585025,9.8979
33425107,345.02148,-6.1060624,9.7507
33425047,344.94083,-6.3752327,8.9019
8993816,354.97964,-7.602819,9.3867
8993841,354.9153,-7.5267634,9.7775
8993884,354.89932,-7.366718,9.6299
33425609,345.1333,-7.8207474,9.3643
251019183,339.87656,-7.6045914,6.5653
8917926,353.8793,-7.151762,7.9613
8917988,353.88364,-7.464431,5.63442
9061390,356.1972,-6.9367785,7.8747
250999948,339.10925,-6.186009,9.8438
188529930,342.17856,-6.696243,9.8911
250999745,339.10883,-6.8934655,9.98129
49679554,351.6351,-7.762612,9.6059
8996234,355.20297,-7.914209,6.6801
4382682,345.54666,-7.72449,8.21949
49591002,349.9693,-7.094082,9.6906
49591071,349.97626,-7.367476,9.93964
251039525,340.72607,-6.213962,8.3317
251039706,340.6788,-6.9043145,9.7318
251039378,340.6257,-6.162425,9.9341
251039530,340.70285,-6.2329454,9.5609
36645948,342.83743,-7.2545104,8.4717
36646076,342.8041,-6.641307,9.5232
404243869,347.603,-7.811995,6.769
4517876,347.45407,-7.0900855,8.0562
251042809,340.96304,-6.55246,9.70374
36596186,342.71417,-6.9496174,9.22739
36596190,342.69595,-6.973093,8.55435
33416333,344.8715,-6.6076093,8.11256
8962821,354.50226,-7.942146,5.8532
251019313,339.9071,-6.980103,8.5955
9061600,356.1665,-6.1305904,8.6771
9698458,357.7085,-6.2679105,8.27086
49673729,351.11267,-6.962098,8.1442
49736880,352.75476,-6.2880797,5.324
49673639,351.08206,-7.439605,9.7173
49674334,351.24792,-7.7188687,9.614
251006001,339.65002,-6.048456,9.7362
4519772,347.7205,-7.640577,8.4389
4493691,346.92737,-7.1238894,9.5885
49673867,351.05902,-6.285366,9.433
49674240,351.23196,-7.3258967,8.7951
4493532,346.9329,-7.7676578,9.56748
9790359,359.67688,-7.1117487,9.9498
9052330,355.98288,-6.8603215,9.3973
251039147,340.59152,-6.8711267,8.1954
36646481,342.90945,-6.9663386,9.43617
36646563,342.91458,-7.277416,9.34132
251039251,340.61105,-6.5304203,9.76944
8989539,354.82474,-7.9791784,9.3217
49531071,349.44815,-7.5427146,7.1754
49603523,350.16025,-6.4513707,7.0729
49531039,349.5419,-7.3786297,7.9614
49590633,349.85358,-6.2127376,9.6846
49621230,350.75488,-6.595464,7.78189
4581652,348.4876,-7.759919,9.4142
4581161,348.42984,-6.2992086,9.6184
4580843,348.41956,-7.6615934,9.8926
4581150,348.37668,-6.325697,8.2298
4581445,348.5598,-6.8258166,8.5229
4611976,349.06314,-7.402587,9.97727
4581315,348.44846,-6.2384043,9.84202
4611921,349.10904,-7.694296,9.8906
49531022,349.51578,-7.3055396,7.8959
49603565,350.17972,-6.624096,7.8913
49530836,349.44495,-6.4752617,9.649
2052620955,347.29886,-7.3145757,9.8206
49645528,350.9757,-7.769458,9.8168
8989451,354.8746,-7.5156765,9.8505
33425112,345.0386,-6.0794377,9.53492
36726370,343.95825,-7.822608,7.3983
36726693,343.97446,-6.489522,8.43014
8996570,355.2318,-6.2102647,9.7886
8996913,355.3368,-7.435511,9.5596
251042502,340.83878,-6.400821,7.204
9707379,357.98917,-6.368078,9.06789
251042323,340.80942,-6.9629374,6.44818
335918504,342.0122,-6.084493,9.4798
335918621,342.01862,-6.551002,9.1636
49784826,353.14587,-6.642865,9.34214
251042963,340.91544,-7.158096,9.9256
249650326,341.52353,-7.521949,8.8314
9031077,355.86496,-6.7524095,8.6334
249666640,341.84738,-6.1292577,9.1462
9030834,355.72455,-6.162015,9.6504
4496608,347.1656,-6.9936247,9.5996
4496448,347.2042,-7.661047,9.9819
8996742,355.29205,-6.4780283,8.0683
8939345,354.2336,-6.7128386,9.3206
249650267,341.60052,-7.8191404,8.57901
8939255,354.19858,-7.1471643,9.2032
33415790,344.7442,-7.7753205,9.9348
4601401,348.80402,-6.1218567,6.6746
4601459,348.7918,-6.456239,9.5541
4601611,348.7934,-7.248959,8.3905
4601662,348.73386,-7.4463854,9.485
4601721,348.707,-7.702849,5.3008
8994247,355.04422,-6.2289147,8.5423
4496649,347.22253,-6.80418,9.3155
4496704,347.21527,-6.5956197,9.9022
9789862,359.53897,-7.4980416,9.2155
4601325,348.58066,-6.049,2.5551
4601796,348.77344,-7.9814463,9.32379
4554467,348.2233,-6.9514,7.9322
49676972,351.4285,-7.829425,8.3163
49734324,352.48398,-7.278653,9.9322
49734528,352.49246,-6.2640395,7.847
49673617,351.0264,-7.550758,6.9852
4466351,346.79877,-7.6945844,7.33528
49737121,352.8813,-6.623102,9.4633
49673783,351.12222,-6.703252,9.8396
33413962,344.62448,-7.7335343,7.2292
404245557,348.18954,-7.0530367,9.5554
8994500,355.1324,-7.573238,8.7915
8920005,353.97726,-6.0081863,9.2324
8919681,354.0437,-7.7156167,9.7638
8919960,354.0332,-6.232219,9.8508
4601418,348.74377,-6.2553353,9.8051
9726531,358.54852,-6.486526,9.85094
8937543,354.05225,-7.801417,9.83461
36707687,343.9071,-6.4407535,9.9428
4580767,348.34158,-7.991243,7.8636
4612049,349.1617,-7.018156,8.43585
251045268,341.07516,-7.929181,9.9869
49590607,349.79233,-6.345821,9.73375
4463766,346.5333,-7.9712358,9.90327
404245630,348.12238,-6.6707015,9.76032
9004751,355.4975,-7.6212344,9.6269
9757183,358.60727,-6.8312864,8.90631
249666365,341.86133,-7.434986,8.65263
249666492,341.84305,-6.730315,7.4452
249666403,341.80078,-7.2391877,9.866
4424103,346.32715,-7.7546906,6.047
4423972,346.3667,-7.16345,7.5192
4601304,348.6485,-6.1175594,7.9662
4423334,346.16302,-7.6776137,9.7694
4601182,348.68097,-6.7156377,8.9701
4423322,346.13785,-7.72699,9.0984
4600966,348.57376,-7.681084,9.0162
4463678,346.56805,-7.5842524,9.3264
9788151,359.44138,-7.375177,7.5925
4425816,346.47083,-7.7634444,8.9376
4463519,346.60052,-6.8260846,7.8408
9787815,359.31433,-6.1414013,9.2737
9788262,359.50842,-7.8562927,9.5597
9787676,359.3924,-6.9260516,9.161
9788099,359.4799,-7.092673,9.0509
36707753,343.88803,-6.688259,9.9564
4407245,345.7712,-7.1024466,8.9024
9633298,357.23056,-7.6314096,9.0581
36707392,343.7009,-6.620709,9.7165
36707686,343.9321,-6.436586,9.9457
49621208,350.74567,-6.5035424,9.38873
9787823,359.34335,-6.099647,9.5012
4425771,346.46887,-7.9367137,6.69845
9787682,359.2964,-6.916047,8.9289
9632688,357.20575,-7.4129615,8.9554
9632884,357.1353,-6.380426,4.7832
9632627,357.1964,-7.752599,9.5339
9632745,357.1121,-7.098195,9.163
9632805,357.12936,-6.782317,9.037
4553187,348.0508,-6.7580013,9.8689
9098819,357.0232,-7.6006517,9.48519
9098818,356.99936,-7.599353,9.93999
33413676,344.64136,-6.452331,9.13554
33400518,344.43185,-6.5858517,8.06414
4601170,348.66083,-6.7571406,9.14796
4409178,346.00613,-7.8529034,9.9078
49605976,350.314,-6.1924586,6.42955
9762091,359.26404,-6.257216,8.0983
9762306,359.25583,-7.354298,7.4187
49676328,351.28455,-6.9859495,8.5775
9052449,355.96106,-6.2735467,7.93479
49606156,350.47235,-6.4838696,8.38617
9633159,357.22363,-6.9103,9.33696
9633165,357.27924,-6.966612,9.0089
9030633,355.6654,-7.2035303,9.67179
9064195,356.56857,-6.6987286,9.45065
9064170,356.49182,-6.5824265,9.93804
251022597,340.05188,-6.534469,6.5163
36577196,342.28986,-6.511889,8.2139
36689561,343.13745,-6.4539604,9.5622
36576914,342.3592,-7.641545,9.0965
36577032,342.28217,-7.1320276,8.408
49605795,350.31097,-7.0231028,7.48677
36576909,342.29446,-7.6610184,7.5072
49555395,349.5921,-7.4374413,6.4583
49732259,352.41287,-6.3113213,7.56409
49555815,349.74515,-6.2864637,8.835
49555989,349.73767,-7.0374265,9.9013
49556156,349.75735,-7.839766,9.6027
9052220,355.91162,-7.3308873,9.8327
49732366,352.37347,-6.840254,9.9732
49555917,349.748,-6.716853,8.8051
9052095,355.89548,-7.923338,9.4733
4497173,347.2978,-7.314006,7.03366
9709710,358.2793,-6.6499195,7.3201
9707420,357.9451,-6.6130805,8.1107
9709269,358.123,-7.515,9.9305
49734851,352.6236,-7.278729,9.42443
49734948,352.6407,-7.759816,9.46719
9707419,357.96182,-6.612984,8.61901
9709444,358.1248,-6.6221485,9.32883
9709684,358.20532,-6.531687,9.2616
251000174,339.22113,-6.453145,7.7825
249650571,341.63165,-6.3514986,9.8704
33398017,344.26907,-6.815702,8.369
49732055,352.2475,-6.6397853,9.0516
9052218,355.92798,-7.3369756,8.102
49711638,352.23666,-7.4020605,8.00501
49732363,352.40143,-6.8357544,7.71829
49732056,352.24368,-6.6355553,9.7079
335918152,341.99023,-7.487468,8.4229
364978363,341.49612,-7.8952036,9.7189
335918270,341.89282,-6.984441,9.78652
335918186,341.94397,-7.361672,9.8967
251000423,339.2773,-7.4080873,9.5991
251000456,339.25388,-7.566528,7.1566
251002971,339.32452,-6.0674424,6.313
36695246,343.64218,-7.204625,5.1182
49530691,349.34576,-6.1113353,8.3907
251046085,341.22498,-6.903258,7.9664
251003316,339.48053,-7.089225,9.8177
251003044,339.47552,-6.073786,8.5586
251045910,341.2494,-6.240398,9.7551
251046071,341.15778,-6.8729434,9.7701
36695189,343.69373,-6.9640627,9.8214
49530280,349.40317,-7.933552,8.42372
49530631,349.36368,-6.4140816,9.18033
251046092,341.1751,-6.9362864,9.8268
36689677,343.11337,-6.9520235,8.5679
250981373,338.69003,-6.7319255,9.08709
251022541,340.0674,-6.8034124,8.26552
250981415,338.59036,-6.576449,9.739
250981359,338.6071,-6.8115373,9.72256
4425815,346.46988,-7.764359,8.392
4424088,346.29132,-7.69377,5.1636
9803256,359.8962,-7.8108907,8.4383
251046281,341.14874,-7.617182,7.7913
251046191,341.21933,-7.2915125,9.35172
251046327,341.15613,-7.8350577,9.01255
251003148,339.48767,-6.4832516,9.92864
49530685,349.3008,-6.1297016,9.5899
36596299,342.69293,-7.3119245,5.9849
36596362,342.65054,-7.484798,8.9483
36596003,342.67996,-6.5531993,9.5535
36594988,342.55933,-7.459841,7.78076
3805191,9.555847,-7.4157515,9.36962
37746782,4.552323,-6.5642104,9.35793
408017482,14.123464,-6.5945764,9.01132
176282385,1.0405412,-7.4126897,9.7037
408017296,14.055022,-7.5772905,7.2921
408017457,14.117199,-6.7210255,7.8749
3892021,11.063788,-6.9004345,9.18849
3892205,11.056548,-7.8879285,7.65063
37746607,4.451146,-6.188276,9.6973
37746617,4.448478,-6.1546183,7.29467
37748420,4.6784344,-7.628355,8.03424
176279930,0.7948282,-7.7088623,8.4357
408017628,14.1774845,-6.148516,9.4011
176279910,0.76373255,-7.815517,7.57352
24252345,15.835465,-6.5422077,7.7309
176287276,1.4811096,-6.2991147,9.9198
176287407,1.6887056,-6.261299,9.9947
38381642,8.6132145,-6.5039034,6.4543
37746521,4.47515,-6.5766726,8.7251
37746963,4.538948,-7.7552514,9.4285
24252074,15.793212,-6.873032,8.9894
40104215,7.9503407,-6.825383,7.8599
37717364,4.090693,-7.030105,8.2591
37716825,3.9965968,-7.8273034,9.8114
408015262,3.817782,-6.1382146,6.85036
37716998,3.9740722,-6.9410996,9.49048
3964218,12.562318,-6.194294,8.926
37744298,4.224417,-7.1919866,8.3969
40084438,7.42131,-7.440609,9.87177
3989231,12.978259,-7.1250224,7.1332
3894408,11.219021,-6.7668557,9.4614
3894631,11.256057,-7.8954015,9.8091
408047421,16.912695,-6.2614756,9.33617
37775405,5.6447334,-6.6431456,9.3643
24269855,16.076626,-6.469307,8.9817
37775620,5.7500606,-6.4630003,6.43644
37775217,5.634598,-7.8049526,9.7734
37775623,5.7430763,-6.4791417,8.5784
37775470,5.6517096,-6.324206,9.73624
408002842,3.2845445,-7.682488,6.6327
408015562,13.926666,-7.3471484,4.42061
40086859,7.7195377,-7.6012087,8.7662
398667464,2.9740841,-7.2500877,8.8347
408002637,3.2245238,-6.911797,7.1083
3903931,11.677397,-6.8416924,8.546
3903952,11.67184,-6.7292366,8.8759
3904057,11.688692,-6.3439198,9.4573
40044500,6.1426873,-6.0527887,9.8557
3811703,10.022618,-6.0775347,9.6973
40086512,7.625405,-6.532781,8.7803
398667482,2.968017,-7.1689677,9.8119
408002803,3.2042608,-7.5669017,9.9598
3903766,11.6416445,-7.772922,9.4824
40042305,5.8566675,-7.9882045,9.2143
40042909,6.057628,-7.654985,9.3221
3956733,12.30069,-7.60845,9.8726
40042304,5.894459,-7.9980097,9.58639
40086520,7.6360292,-6.493705,9.93851
3836919,10.396991,-6.437735,9.9235
398705394,16.448984,-6.706877,9.3833
4007908,13.16658,-6.9700713,9.4261
40104140,7.9885507,-6.316503,7.0909
40142069,8.0814295,-7.5100956,7.9099
4008031,13.202021,-7.6353774,9.6296
40103980,7.844294,-6.6452227,9.55242
40142017,8.075836,-7.756942,9.2468
408015141,3.8869054,-6.7600365,9.4096
3811504,9.966431,-7.0157304,9.77818
40086555,7.59697,-6.2667303,8.73299
40044222,6.1664124,-7.9292545,9.02096
3837000,10.453692,-6.0270767,9.3749
40086841,7.700281,-7.467254,9.13338
398667509,3.0229988,-7.088721,8.21295
408002674,3.195923,-7.0286317,8.3531
3903969,11.614942,-6.6851187,7.89236
3904176,11.696475,-6.041269,9.65499
40042426,5.882208,-7.1872916,9.7779
398670229,13.405279,-7.845717,9.44182
3811860,10.015892,-6.8665605,9.9583
3904188,11.712906,-6.09763,9.81052
24226768,15.046155,-6.8498726,9.66008
408004591,3.3844469,-7.644564,9.94654
37652694,2.1287065,-6.7921505,6.1143
24247955,15.393026,-6.7995353,5.5979
408005341,3.4414518,-7.8095665,9.7254
408004510,3.3423748,-7.9012437,9.3454
40142264,8.146236,-6.2070346,8.86775
4007712,13.048042,-6.0009165,8.0431
40103834,7.91256,-7.6152663,9.829
40082791,7.268604,-6.100278,8.7058
3899410,11.567217,-6.56621,8.1374
40082478,7.0820384,-7.7471733,9.8277
40083062,7.2738085,-7.702863,8.48513
40082634,7.164436,-6.6636615,9.6403
3958684,12.311492,-6.170039,8.52673
3959167,12.435005,-7.8493066,6.6925
37695836,2.7131782,-7.256433,8.7438
3959201,12.450551,-7.9749165,8.67634
37652317,2.000981,-7.5446987,7.3836
37652591,2.1896026,-6.0928497,9.24215
398673781,13.870935,-6.4142547,9.3756
37695745,2.76372,-7.830567,9.62014
37695817,2.7876198,-7.3762727,8.4431
398673668,13.846643,-7.010116,9.7219
398673798,13.816969,-6.3380585,8.1956
37775599,5.7538266,-6.3700094,8.19122
24249742,15.543021,-7.0852857,9.2235
24249879,15.525733,-6.4101095,9.7707
40083043,7.2235622,-7.5762277,9.959
40082525,7.101419,-7.3963757,9.98067
37764653,5.482986,-6.867977,9.5589
37764863,5.5215664,-6.1281266,9.321
37764552,5.411809,-7.485355,9.4143
24250134,15.601719,-6.7057633,8.33339
40181545,8.3313,-6.3933444,6.6282
176221385,0.49008143,-6.014068,2.2487
176298725,1.9174707,-7.9213257,7.6427
3837240,10.50422,-7.18123,8.862
176298195,1.7376586,-6.9485173,9.37394
38396079,9.030703,-6.812983,8.2094
3816118,10.197847,-7.2326093,6.4587
3816082,10.133236,-7.454593,9.6217
3837071,10.54805,-6.246775,8.32539
408013303,3.669092,-7.6816344,8.68269
38395894,9.120719,-7.7198462,9.386
40046149,6.343826,-7.5523834,9.13615
40046744,6.4760647,-7.9223957,9.70624
176221310,0.36049005,-6.206338,9.45973
37716916,3.9255602,-7.306509,8.44132
37762770,5.3352146,-6.134718,9.7098
3921576,11.933186,-7.1540823,8.899
3804585,9.462605,-7.847081,9.54091
3805089,9.615824,-6.830193,8.87047
37744737,4.384139,-7.3537927,9.6642
3921589,11.900931,-7.076673,9.83178
3921723,11.816172,-6.5722566,9.0972
176282325,1.0704088,-7.7378783,9.691
3886485,10.657065,-6.864406,8.4599
3886739,10.828546,-6.3368006,6.2879
40181653,8.493362,-6.230751,8.0305
408012537,3.6151247,-7.7805257,3.15848
24185307,14.3275585,-6.1100464,7.6019
3886341,10.661591,-7.5363903,9.1169
3886636,10.606001,-6.121747,9.6224
3892139,10.987885,-7.533602,8.7781
408012676,3.542721,-7.1991153,6.8344
3891944,11.047853,-6.4841566,9.2104
408012706,3.553043,-7.08273,9.38436
24185628,14.432974,-7.2811694,9.86467
37664937,2.4528854,-6.8412127,7.6611
37665115,2.6039014,-6.0397215,7.678
3893922,11.106037,-7.4207015,8.4578
3988786,12.825222,-6.9369907,9.72712
3893918,11.13293,-7.4453397,9.46537
3989045,12.935807,-6.100089,7.95596
398667380,3.0253909,-7.702009,7.942
24209060,14.775175,-6.961453,9.86227
40044637,6.2678566,-6.608643,9.97241
37665290,2.5916944,-7.024861,9.3982
40048460,6.7768683,-6.6046867,4.4893
40048553,6.7818837,-7.3119445,8.4131
176256797,0.5723861,-6.970315,8.5311
3888769,10.937021,-7.584514,8.47413
3888723,10.846695,-7.846071,9.9232
3888760,10.954915,-7.6420126,9.82369
176257070,0.69934744,-6.25834,9.40605
176256957,0.60229015,-6.0592675,8.54654
40048348,6.7685757,-6.053151,9.0201
40048569,6.8245506,-7.4075246,9.8404
3816119,10.196341,-7.2307405,8.7021
40048671,6.7823567,-7.8760047,7.4281
40048638,6.769647,-7.708466,9.0793
408015044,3.8405557,-7.232093,9.62729
38396083,9.132144,-6.794138,9.1804
3837258,10.478235,-7.260893,9.1227
40059758,6.8640037,-7.966424,9.395
3888913,10.911363,-6.8159156,9.7623
176284694,1.2357907,-7.276697,8.0841
3921565,11.898966,-7.2139053,9.0769
3804701,9.456511,-7.296838,8.7935
176284787,1.2307991,-6.8810763,9.8594
37665109,2.6595016,-6.015095,9.1158
37694371,2.6127179,-7.756976,9.6992
37748594,4.73992,-6.6191664,9.9901
176285333,1.3676761,-7.6654186,5.6375
40046441,6.4841204,-6.0677876,8.6642
40046639,6.477107,-7.3151736,9.6911
3898954,11.374464,-7.4147935,8.8159
40046509,6.5345674,-6.5442853,9.5875
176254916,0.43822378,-7.025866,9.7092
3924156,12.174393,-6.532494,7.1468
176285385,1.4148978,-7.9035916,8.7583
40084744,7.504098,-6.107398,7.79884
40084542,7.4131284,-6.8984914,7.9841
176219339,0.19043277,-7.4929976,9.18911
40084551,7.4041123,-6.833658,9.2643
40084612,7.3387794,-6.514599,7.8441
40084658,7.42025,-6.2670083,9.5007
408013010,3.740109,-6.3641725,9.61961
3886318,10.676836,-7.6463666,9.4212
3888994,10.88503,-6.4121056,7.9511
40181805,8.504183,-7.0956507,7.5278
408012678,3.5575223,-7.1930947,8.7305
24185308,14.359949,-6.103621,8.597
176219100,0.14983727,-6.350655,9.86569
336876701,17.936508,-6.163165,9.879
10761352,9.346595,-6.7046614,9.9729
10761530,9.353467,-7.6286473,9.8175
24207459,14.684615,-7.2030845,9.9977
176282896,1.1274743,-7.2834835,9.7783
10756492,9.192643,-7.641604,8.4495
336876725,17.901474,-6.020037,9.4446
284082013,17.62745,-6.084584,7.50659
3816592,10.234441,-7.1134105,7.0805
3811994,10.10172,-7.6566553,6.9034
176282458,1.0120666,-6.9884844,8.6364
176219020,0.17588343,-6.0149093,9.74812
10761568,9.350524,-7.7978973,8.96783
176282836,1.1256561,-6.965437,7.8643
176219186,0.15693618,-6.797374,9.6129
38383509,8.776871,-6.962031,8.47312
38383704,8.9374695,-6.0662146,9.19325
10756658,9.233879,-6.56403,7.66184
10756718,9.238241,-6.111263,7.92671
10761573,9.381518,-7.864631,9.73665
398672117,13.680965,-7.238266,8.5258
24207247,14.649416,-6.1494784,9.2462
24207419,14.630242,-6.983379,9.353
176282760,1.186506,-6.4867415,9.5441
38383590,8.836049,-6.3894825,9.6249
3812034,10.000249,-7.8719254,6.7334
37662745,2.2047684,-7.897061,7.8943
38383632,8.880903,-6.140943,8.21958
38394431,8.9462185,-7.9014363,6.963
2052547944,346.29132,-7.69377,5.1636
2052439243,359.8962,-7.8108907,8.4383
2052439244,359.89578,-7.810705,8.971
610491260,4.7210555,-8.970407,9.7751
9068085,356.6421,-8.997009,6.6798
49644591,350.82544,-8.469269,9.001
37748177,4.7210555,-8.970407,9.7751
49555067,349.61563,-9.270698,9.97
49687948,351.7682,-8.985758,9.453
49530229,349.376,-8.242015,8.301
4610435,348.9625,-9.078518,8.179
49785096,353.19196,-8.023514,9.795
8963767,354.55167,-8.627536,6.10029
36645419,342.81552,-9.555823,8.6822
335919253,342.1147,-9.522171,9.6966
335919064,342.03143,-8.681017,8.812
9003273,355.3051,-9.440406,9.1952
49784072,353.0361,-8.9338875,8.9094
471012338,343.35477,-9.092781,8.54
49531426,349.4759,-9.182512,4.591
188530506,342.22876,-8.942778,8.5634
249648990,341.34622,-8.116854,8.7902
8962387,354.42407,-9.974938,7.0061
188543284,345.28275,-9.553915,7.06787
9005724,355.55624,-8.932457,9.9781
8989747,354.8802,-9.001401,9.9446
188530480,342.23102,-8.864864,8.7122
49530117,349.35086,-8.768682,9.8262
249648835,341.3238,-8.983337,8.9024
33416807,344.80743,-8.492377,9.4667
33416702,344.8236,-8.043066,8.4934
251043645,340.936,-9.73066,9.6276
33416830,344.83118,-8.560878,8.686
33416827,344.88394,-8.556811,9.7606
4498923,347.3735,-8.82712,9.40324
4498926,347.37256,-8.826751,9.2932
9787111,359.38965,-9.64752,7.2991
335919149,342.1112,-9.060275,9.90254
9031720,355.85507,-9.528759,9.6819
9786257,359.19943,-9.415339,9.9121
9031681,355.7896,-9.30808,9.9616
249648704,341.33667,-9.644537,7.26286
49644411,350.82303,-9.3849745,7.43973
8962456,354.4712,-9.675751,9.222
49592603,350.15198,-9.675967,9.8743
249648705,341.3394,-9.64306,9.81709
402312781,353.52945,-9.271192,9.9896
9699903,357.83325,-9.642207,9.2305
4580561,348.36475,-8.908093,7.6159
4493131,346.92432,-9.667679,8.351
9005699,355.59274,-8.828781,7.8763
251038322,340.62912,-9.918896,8.3846
8989969,354.8137,-9.984844,9.11671
9070179,356.79263,-8.667051,9.16828
9070417,356.83136,-9.808961,8.4569
9097661,356.91208,-9.9304,8.06193
9005697,355.51266,-8.822193,9.5347
49591581,349.91245,-9.676716,7.8678
4464109,346.57175,-9.606138,6.23095
4465186,346.69888,-9.570778,9.141
4580320,348.37323,-9.929495,8.026
8990857,354.94604,-9.622967,9.3585
49590184,349.8461,-8.29367,9.24
4580551,348.38367,-8.971441,9.7309
4618926,349.21747,-8.078672,7.6904
9760142,358.98685,-8.567919,9.7474
9759108,358.84253,-8.743503,7.6783
4466603,346.82202,-8.815692,6.88171
4493334,346.87158,-8.652346,9.322
49646825,351.1213,-9.633287,8.8113
4520113,347.7921,-9.206485,8.4195
49646799,351.08334,-9.7288475,9.6685
4519905,347.80133,-8.18778,9.28541
9068119,356.7117,-8.896934,6.43032
49592939,350.13184,-8.2301655,9.277
9760232,358.93518,-9.061969,6.51294
251020253,339.95096,-8.246965,9.7538
8918439,353.8174,-9.689944,6.3107
9062307,356.29382,-9.132577,9.6383
404245223,348.08374,-8.969232,9.7166
9699884,357.8617,-9.814639,9.7875
49679796,351.69522,-8.816276,9.3935
9054469,356.22092,-8.425251,9.7167
2052608777,348.96417,-9.078667,8.3205
423610262,353.38828,-8.356058,9.3385
49556592,349.70026,-9.746263,9.5062
4603263,348.85043,-8.780215,8.8997
4603152,348.89066,-9.342733,9.812
423610200,353.36224,-8.075448,9.9077
423610271,353.3479,-8.401365,9.8298
402287860,341.7431,-9.29379,8.132
9031539,355.7574,-8.619346,7.9513
9031611,355.85312,-9.041445,7.9844
9727019,358.51242,-9.289914,5.5683
9710084,358.18686,-8.894891,6.685
9710105,358.21054,-8.996758,4.76069
9710192,358.19052,-9.561513,7.3047
9666504,357.56137,-9.974138,4.9714
423612627,353.75137,-8.2138,9.3307
9710112,358.28784,-9.035016,9.6589
4464038,346.55627,-9.271855,9.3642
4464061,346.54086,-9.386406,8.953
251044977,341.06598,-9.065956,8.7249
4463943,346.60922,-8.750704,8.4816
4465364,346.64148,-8.645716,8.0939
251044993,341.0583,-9.023264,8.53986
4611546,349.08466,-9.542632,8.74063
4611834,349.11362,-8.15898,8.23079
49590202,349.8299,-8.17431,9.36146
49590068,349.84207,-8.870426,9.7771
4611664,349.0972,-8.95162,9.85151
49590109,349.79114,-8.690853,9.92215
251045224,341.13293,-8.122145,9.8453
402287792,341.69485,-9.686306,8.0966
33423431,344.8749,-9.657667,9.2334
4494480,347.0803,-8.054017,8.9106
49645670,350.9388,-8.460114,6.21376
36594645,342.60077,-8.362878,9.7727
8989706,354.86572,-8.811016,8.9446
49620637,350.5219,-8.240634,9.0082
251040302,340.74905,-9.154435,7.2187
36645472,342.80112,-9.325165,7.2714
4518640,347.54156,-8.221686,9.6478
4518991,347.50848,-9.919992,9.8874
49620675,350.56567,-8.056213,8.6052
9031595,355.76968,-8.962937,8.5607
36645707,342.81433,-8.30061,8.2803
4518608,347.52878,-8.068745,9.2315
9031522,355.79355,-8.549018,9.80529
9697663,357.60153,-9.841044,9.8627
33426000,345.13943,-9.711103,9.8213
8990821,354.92188,-9.736528,9.4064
8991033,354.91284,-8.870909,8.8136
251020205,339.99213,-8.090272,9.72187
251020542,340.03326,-9.359239,6.3765
9761346,359.08893,-9.499163,8.1235
8988506,354.7359,-8.940288,8.99568
4619261,349.28943,-9.505101,9.5498
9791889,359.78308,-8.487674,8.12694
9791766,359.85455,-9.255557,9.86937
4618953,349.18423,-8.198048,9.5804
4494597,347.09805,-8.632314,9.8264
36690226,343.11737,-9.543761,7.6045
4610441,348.9729,-9.087733,3.3221
36691278,343.32642,-9.635442,9.9108
251018664,339.86792,-9.584589,9.23635
9054370,356.1619,-8.848792,7.6176
8919473,354.00107,-8.766132,6.72155
9054269,356.18143,-9.348735,8.92829
9054457,356.17502,-8.462695,7.98826
9699913,357.92517,-9.583137,9.2532
8918271,353.8631,-8.986658,9.7523
9054459,356.1851,-8.450722,9.88747
36576359,342.2865,-9.85305,9.24135
49674597,351.1629,-8.8989,9.21362
4519994,347.72006,-8.623537,8.5316
4493132,346.92545,-9.667239,7.89763
4493150,346.92096,-9.558662,9.13369
49737440,352.94324,-8.328641,8.51929
49784185,353.0028,-8.334033,9.5505
4466530,346.7926,-8.523476,9.8475
9790690,359.70157,-8.824422,8.66361
49645671,350.93958,-8.461587,7.23726
8995821,355.16104,-9.873847,9.79998
49556561,349.74033,-9.610747,5.0534
49556426,349.75598,-9.059734,9.8373
4409141,345.97894,-8.058561,7.248
9761486,359.1112,-8.7186365,9.11376
251040050,340.75003,-8.125465,9.37258
4518607,347.52933,-8.067192,9.82595
36645631,342.8341,-8.65875,8.7419
251040091,340.76422,-8.31144,6.61697
4518629,347.5304,-8.154865,8.65909
4383972,345.65005,-9.742361,9.5682
335872383,341.991,-8.804284,9.77629
49605402,350.38663,-8.8494215,9.3937
9756698,358.5809,-9.308255,9.8361
9053255,356.03952,-9.328414,9.7617
49555223,349.57217,-8.380997,9.50822
251002336,339.3504,-8.522009,8.3953
33425819,345.08313,-8.880514,6.3619
4554727,348.3224,-8.09063,9.4407
4554739,348.23566,-8.154586,8.6852
4555032,348.24423,-9.570473,6.037
49677131,351.4837,-8.574584,9.4396
49678376,351.4966,-9.657223,9.52
4554742,348.30298,-8.173845,9.27104
9761475,359.14444,-8.759634,9.86981
49711293,352.25256,-9.2662,4.9376
364978931,341.51254,-9.967181,9.3731
9788469,359.4753,-8.958723,9.1703
49677128,351.40204,-8.561183,9.10133
251006735,339.73886,-8.68492,8.4745
251023764,340.17697,-9.692865,9.1832
251023755,340.28735,-9.664396,9.75304
36690205,343.16498,-9.475038,9.7344
49619366,350.46188,-9.7613945,7.8785
4555062,348.2767,-9.778846,9.7173
404245349,348.11642,-8.279972,8.334
9756581,358.6339,-9.810986,9.42804
49592853,350.14713,-8.551364,8.88728
49605441,350.3001,-8.674168,7.24341
49606510,350.42026,-8.089156,8.65917
9757776,358.77908,-8.441463,8.7904
9757799,358.7734,-8.559643,9.4129
4496283,347.17834,-8.351307,8.4724
9727034,358.52417,-9.392053,7.973
4496114,347.11136,-9.009731,7.3037
4496173,347.20587,-8.807808,7.8506
4496093,347.11188,-9.134009,9.4696
33414097,344.67136,-8.382672,9.72408
249649890,341.58005,-9.698719,7.2249
33415481,344.7323,-9.09505,9.1026
4425752,346.39587,-8.097836,8.5354
4601818,348.69348,-8.096464,7.7035
8991095,354.96155,-8.568165,9.1383
9788645,359.452,-9.879015,9.1128
8994603,355.1214,-8.053998,8.2714
8919620,354.0209,-8.087809,9.8811
49603982,350.25638,-8.501605,8.951
423609269,353.2334,-9.15953,7.11
36691654,343.25308,-8.139881,8.3747
4553761,347.9637,-9.590332,9.2213
423609229,353.27002,-9.367578,7.8633
9726908,358.50076,-8.741351,9.4598
9666424,357.54288,-9.560258,9.1876
9710130,358.18973,-9.145327,8.6061
2052563048,340.76367,-8.311024,7.73131
423612595,353.75983,-8.370905,9.30722
9710178,358.30136,-9.452785,8.9705
9724904,358.27338,-9.954388,9.8659
36691591,343.25363,-8.395645,9.7165
36691639,343.23138,-8.21841,8.6681
36692861,343.36368,-8.92293,9.0299
4382875,345.57852,-8.688102,9.8446
423609211,353.19904,-9.462027,8.6244
49531247,349.43723,-8.349982,8.42122
4552267,347.93433,-9.469753,9.62653
9708913,358.12268,-9.406954,9.4131
49621819,350.6426,-9.422827,9.3248
49621871,350.70847,-9.642185,8.7229
404225165,346.0308,-9.857923,9.9178
4425610,346.46555,-8.898792,9.19214
4424477,346.2578,-9.583295,8.6357
49644509,350.86188,-8.882427,8.4076
49644580,350.8315,-8.516477,9.18285
4581907,348.53116,-8.924328,7.0231
33414121,344.65723,-8.456281,8.5497
33414377,344.60217,-9.589413,9.9513
4581792,348.5328,-8.387258,7.82471
4581909,348.55008,-8.938884,8.456
9004514,355.39963,-8.825156,8.16961
9004616,355.4635,-8.356863,9.1931
33398703,344.4182,-8.067851,9.58066
33398734,344.31125,-8.221415,10.0
49621824,350.64468,-9.428902,9.8313
9760387,358.91626,-9.780611,9.08943
4601913,348.68964,-8.506628,9.28989
33415428,344.74628,-9.298896,9.27209
33415688,344.74854,-8.213306,8.3899
8937632,354.10022,-8.3445835,9.03758
8938981,354.2274,-8.610021,9.40478
36706761,343.7307,-9.374541,5.8479
4407725,345.79398,-9.345162,9.8894
9708869,358.12012,-9.559725,9.7202
9708986,358.14218,-9.139396,9.5215
423611269,353.6763,-8.062678,9.797
9053053,356.0078,-8.271819,8.2011
9665418,357.3724,-8.19422,8.6827
36707008,343.70468,-8.260767,8.9295
9665157,357.34555,-9.583951,9.2628
9665161,357.37384,-9.562536,8.6952
4381645,345.47797,-9.247086,8.7636
4423165,346.1755,-8.537354,9.2548
4423245,346.1602,-8.110618,8.8883
4424266,346.33786,-8.576283,9.4113
49687753,351.8546,-9.77665,8.6634
49687848,351.85553,-9.40398,8.9181
4423156,346.18777,-8.574889,9.9342
4600885,348.65463,-8.078637,8.5645
4553636,347.97858,-9.022202,8.08688
9063599,356.35873,-8.204782,9.8946
9065887,356.52426,-9.462635,8.7137
9063628,356.46353,-8.05456,9.7153
9063600,356.38367,-8.200648,9.6413
36692896,343.35474,-9.092791,8.5754
423609210,353.29355,-9.464349,8.48284
4384343,345.70764,-8.027964,9.7023
4384156,345.7669,-8.804911,9.81676
4407775,345.77066,-9.570862,9.0262
9633653,357.30396,-9.62027,9.20075
36707070,343.70502,-8.00944,9.35007
4497599,347.32886,-9.187236,8.71644
423611587,353.58057,-9.709525,8.18086
9708872,358.10156,-9.554296,8.1549
4497678,347.31625,-9.555726,9.4767
423611586,353.58218,-9.709018,9.57247
4600600,348.6748,-9.68844,7.29707
9708834,358.0716,-9.771659,9.5435
49604242,350.21802,-9.732991,9.6853
36646857,342.94153,-8.5588665,8.432
36708288,343.9178,-8.787714,7.7106
9632427,357.12933,-8.828555,8.45
36647166,342.87888,-9.894247,9.6605
9051885,355.87775,-8.985472,9.5051
8939995,354.4104,-8.165606,9.5857
8940197,354.3738,-9.239493,9.0665
36708497,343.88068,-9.659686,8.92345
49604058,350.16202,-8.91959,7.9195
9632356,357.1027,-9.251713,8.6155
9632550,357.19174,-8.145713,9.0684
36725986,343.9522,-9.530972,9.7583
4581908,348.53152,-8.931171,7.5166
8938980,354.22742,-8.611473,9.443
4425557,346.42117,-9.100938,9.306
8918272,353.8631,-8.98767,9.634
249665905,341.84552,-9.785928,9.2554
36578084,342.42273,-9.057144,9.2357
249666069,341.76013,-8.899502,9.1872
36577964,342.43716,-8.66269,9.9513
9791943,359.87018,-8.254415,9.7005
4580595,348.42902,-8.7934,8.1174
9757986,358.76627,-9.460586,6.3974
9051765,355.90216,-9.673979,8.769
9758949,358.91193,-9.520012,9.8168
4498925,347.37317,-8.826976,9.091
9761345,359.08783,-9.499219,8.3324
9003103,355.34927,-8.62979,9.0577
251046692,341.2192,-9.239681,7.8167
36694158,343.5227,-9.390017,8.1285
36694449,343.4961,-8.042789,8.4274
36695491,343.62433,-8.349897,8.5081
36694287,343.53247,-8.752778,9.2841
36727458,344.13916,-8.717732,9.6985
36727729,344.10855,-9.960625,8.8789
36727468,344.10358,-8.754925,9.90912
36694195,343.53378,-9.200351,9.9856
36727504,344.18146,-8.936613,9.36017
36727720,344.07892,-9.900458,8.93744
251046666,341.20526,-9.148593,9.89762
36594053,342.5391,-9.726935,9.7518
502503909,353.19168,-8.023409,9.8382
49673476,351.10696,-8.185206,7.9772
3805444,9.573914,-8.869841,9.1221
3805401,9.613732,-8.62182,9.49705
37748347,4.6744475,-8.053001,5.8575
3804369,9.406694,-9.073526,7.2994
3804511,9.387651,-8.181899,8.6037
38382172,8.678827,-8.481679,8.2469
176286784,1.4915373,-8.828468,9.04928
38382245,8.70572,-8.878519,8.93044
38382128,8.66037,-8.297776,8.19093
40043189,6.014868,-9.327972,6.0594
3894675,11.303282,-8.162803,8.2211
3989421,12.958543,-8.16478,9.39038
176286725,1.5073059,-9.11422,9.9161
38382102,8.727131,-8.111455,9.7389
176296601,1.5966811,-8.235733,9.5046
37717622,4.043456,-8.540185,8.5812
40084270,7.3547525,-8.371063,9.8542
37718716,4.242413,-9.289685,9.5505
37716639,4.0105867,-8.753031,9.99794
3989422,12.960532,-8.165737,7.6584
40043922,6.1311884,-9.901136,6.7435
40104615,8.011456,-9.410653,8.2345
37716527,3.999352,-9.479503,8.0213
37716611,3.9660738,-8.876264,8.5363
40086064,7.66969,-9.407755,5.674
398668248,3.092358,-8.709774,8.0294
408003110,3.207998,-8.9442425,9.5323
3814750,10.0443735,-8.935021,9.19436
3814749,10.041606,-8.931357,9.7277
408003147,3.2945855,-9.099538,9.91485
40042168,5.8723316,-8.950417,9.93976
38394718,9.000023,-9.515594,9.7154
176283071,1.1659869,-8.184951,7.4338
3814798,10.089844,-9.212033,7.8575
176218544,0.029151855,-8.198868,8.1707
37663469,2.4307013,-8.339441,9.7302
37662692,2.284655,-8.222768,9.7933
176283413,1.1958905,-9.864719,9.5562
40141821,8.153592,-9.034074,8.8151
40082232,7.160381,-9.405229,7.6908
37764324,5.419594,-8.755293,8.1847
40083250,7.2264075,-8.860075,9.495
40083390,7.3004956,-9.774567,9.7753
176218374,0.102211475,-9.093467,8.9992
38394477,8.927726,-8.209651,7.9973
38394592,8.996265,-8.811123,9.5422
37663495,2.366504,-8.484897,9.7396
38383080,8.836966,-9.705691,9.8883
176284229,1.3401293,-9.83374,8.2743
37653166,2.1394207,-9.839576,9.4229
37662693,2.2585437,-8.212259,7.7238
3899738,11.554498,-8.331592,8.1684
40082368,7.1687703,-8.565887,8.6418
40083197,7.2498164,-8.543743,9.9654
37764417,5.474719,-8.215583,9.5293
40082205,7.1509714,-9.558607,8.6766
37652064,2.073053,-8.824113,5.10561
37652126,2.0052404,-8.4780445,9.22669
3922373,11.952665,-8.45747,9.63271
408004431,3.328505,-8.324649,8.99814
37696424,2.8203843,-8.156871,9.4388
37695442,2.7769742,-9.638211,9.6155
3959220,12.495558,-8.099384,8.0269
37696460,2.8519127,-8.359056,9.29058
37696695,2.9201164,-9.702797,8.07955
37696605,2.8775332,-9.199868,9.9646
40046817,6.4614906,-8.365563,9.5376
40142854,8.272983,-9.641951,9.1179
37763284,5.291103,-9.23214,8.4227
40046814,6.469183,-8.351456,6.4507
176256386,0.5709144,-9.174929,7.4598
37763256,5.262198,-9.112001,7.7512
176255348,0.42032257,-9.178985,9.5545
176255396,0.386598,-9.430033,8.6633
40143516,8.360396,-9.621991,9.5255
3806602,9.633115,-8.309277,8.74344
37763189,5.3339047,-8.733385,9.0941
37751285,5.080903,-8.904349,8.4165
40142808,8.220571,-9.29402,9.8654
176282214,1.0286072,-8.312404,9.3777
176297860,1.7477419,-8.777358,7.172
408013645,3.7748575,-9.393107,9.0899
3922339,12.016378,-8.307957,9.7023
176297925,1.7191881,-8.392307,9.49694
408013630,3.6739929,-9.348681,9.65141
408013666,3.727152,-9.569564,5.86211
408013735,3.6766095,-9.933348,8.83028
3837491,10.564066,-8.550846,9.0837
408013652,3.666878,-9.408489,8.6559
408006760,3.5692375,-8.832536,7.07357
3811305,9.935624,-8.005911,6.7557
40182063,8.488664,-8.719683,9.1244
408005765,3.4771483,-9.898455,8.9377
37749213,4.856974,-8.823914,2.5224
3905983,11.8654785,-8.417716,7.7536
37745086,4.3592095,-9.360285,9.7042
176281973,1.0231282,-9.556697,9.492
176282028,1.0794235,-9.249736,8.2074
176281930,1.0633948,-9.751042,9.939
40044090,6.1490264,-8.732156,9.6578
40042085,5.947785,-9.462423,9.67956
40044112,6.1862164,-8.634586,8.66774
40086019,7.629799,-9.673359,8.646
37694545,2.5682333,-8.748162,8.4013
37694639,2.619959,-9.291162,7.6769
37749221,4.8510246,-8.853166,9.68863
40086303,7.622438,-8.084177,8.85881
40102724,7.759842,-8.826213,9.02221
408002959,3.2881126,-8.223969,9.9047
40043159,6.075399,-9.117638,9.7598
40086069,7.6538644,-9.395132,9.8811
37664595,2.5138683,-8.974152,6.7928
37694536,2.6816807,-8.682858,9.37807
37749396,4.7731776,-9.964852,8.4991
37749236,4.81352,-8.886844,9.94761
10756327,9.252905,-8.6693535,9.6194
3893757,11.190534,-8.217541,9.60327
40058733,6.77886,-9.8730345,6.4818
40059516,6.8724413,-9.357691,8.84163
37664723,2.5353982,-8.26799,9.3802
37694474,2.6388297,-8.276542,9.7657
37694605,2.6241992,-9.068052,9.73
3836541,10.3951845,-8.489348,9.044
3837495,10.573923,-8.565523,9.7376
3837565,10.521639,-8.9681225,9.6132
38395838,9.037885,-8.01072,9.01251
38395735,9.092127,-8.453952,7.8178
40058609,6.8131385,-9.174398,9.2114
40059576,6.8824577,-9.007012,8.657
38381357,8.604086,-8.249474,9.9618
40059639,6.9440866,-8.688654,8.73934
3888589,10.877864,-8.4569645,9.829
40059648,6.835925,-8.658541,7.46897
3836624,10.462918,-8.088936,6.7179
176285488,1.4647833,-8.533913,8.16425
3815777,10.143521,-9.198457,9.5227
176257483,0.6621581,-8.487959,8.5842
40047919,6.6333284,-8.485137,8.7655
40104611,7.9604907,-9.389472,8.3136
40047001,6.4772067,-9.559402,9.5427
40047710,6.588475,-9.810381,9.3903
37774956,5.6930513,-9.230854,6.88241
37774872,5.6984653,-9.647883,9.3811
37775971,5.8106065,-8.617717,8.2646
37774944,5.7028165,-9.27804,7.3217
37775151,5.699647,-8.176312,9.4736
40060488,6.985591,-8.262694,9.9294
37744932,4.2902017,-8.536772,9.6239
37746121,4.42044,-8.682252,9.31025
176255195,0.40589115,-8.522671,9.4817
37746145,4.5118165,-8.505868,8.5377
37745989,4.4383364,-9.416727,9.0778
3906000,11.825897,-8.336861,8.9422
37751318,5.026942,-9.056488,7.7668
37763102,5.30553,-8.2811575,8.0115
176256417,0.5493701,-8.975588,9.0281
176256486,0.5581787,-8.585644,9.3313
40142773,8.225422,-9.0708065,8.9904
408005736,3.4832838,-9.742492,7.6009
3810117,9.8232155,-9.083812,9.4847
3811051,9.916982,-9.285134,9.3301
37776222,5.814889,-9.979994,9.41371
176285602,1.4474823,-9.027088,9.1414
176285709,1.3798414,-9.617459,6.6828
176285673,1.3990657,-9.427545,8.68225
176220787,0.3257502,-8.926292,9.4834
40085228,7.535376,-9.235295,8.9189
176219716,0.19802955,-9.51704,8.6681
37774883,5.6799264,-9.6228,7.7624
37774136,5.489848,-9.904588,8.73532
9065256,356.5268,-8.076073,9.7363
9786120,359.2116,-8.724666,9.5291
9068247,356.66788,-8.630707,9.641
9068083,356.62653,-9.00206,9.2351
9065503,356.5734,-8.652972,8.7723
2052609291,348.42902,-8.7934,8.1174
2052609133,348.53152,-8.931171,7.5166
2052409943,349.61563,-9.270698,9.97
2052390978,356.6421,-8.997009,6.6798
2052417985,355.34927,-8.62979,9.0577
2052382077,359.08783,-9.499219,8.3324
2052438997,359.87018,-8.254415,9.7005
251018547,339.81683,-10.027826,6.3659
402287398,341.70862,-11.56592,9.9628
49785704,353.16467,-11.329189,8.7179
49622136,350.68903,-10.816685,5.4906
251037948,340.5413,-11.495778,9.0032
8990276,354.77966,-11.551311,7.70331
251037389,340.52286,-10.337412,9.94
9097511,356.9583,-10.561965,7.6083
251037361,340.4551,-10.222162,9.79099
9097200,356.72345,-11.752812,9.15485
251037337,340.49973,-10.125569,7.93367
251038208,340.5905,-10.369465,8.79343
36709191,344.02414,-11.065728,8.73588
9097330,356.9078,-11.4366665,9.7836
36709162,343.96674,-11.1952715,9.95013
251037736,340.50922,-11.569027,9.8896
9760599,358.9854,-10.865792,7.5861
214657803,349.18008,-11.968577,7.1591
9066902,356.6403,-11.935214,9.065
9067046,356.63446,-11.555328,9.1236
9760639,358.92792,-10.989568,9.54
251021636,340.16147,-10.120275,9.5342
188537296,345.21097,-10.477485,9.9107
9067338,356.66727,-10.732025,9.0865
251041315,340.88797,-10.572987,7.721
9786384,359.1978,-10.027488,8.4646
9786848,359.34204,-11.24491,9.0884
9786915,359.3429,-10.808559,9.4515
188537370,345.23813,-10.145889,9.9403
4465028,346.6685,-10.3197565,7.5262
9760687,359.0008,-11.227299,8.86958
36598517,342.79813,-11.351621,9.39785
36598612,342.84918,-11.132934,9.3055
36598833,342.75592,-10.481565,9.48239
335919403,342.00006,-10.203742,9.4623
188537217,345.21185,-10.877795,9.92316
335919517,342.09167,-10.704659,9.9813
188530965,342.1989,-10.813074,9.955
251044038,340.93875,-11.112007,9.2945
4498676,347.3581,-10.014312,9.5801
404244344,347.7101,-10.423499,9.64478
188530883,342.1259,-10.555476,5.92899
251044133,340.96158,-11.483173,8.40622
4498426,347.3835,-11.172277,9.3702
145751038,341.14392,-11.9452715,9.9747
33424142,345.01447,-10.771514,9.8221
423612209,353.71017,-10.590277,7.7107
9725274,358.3752,-11.949659,8.6642
9725439,358.307,-11.01489,6.73253
9724948,358.23196,-10.1878395,9.8621
9725649,358.37772,-10.005832,6.8158
423612238,353.68335,-10.368851,8.92982
188531150,342.2051,-11.642675,9.5616
4579916,348.4076,-11.74935,8.2144
9727718,358.55066,-11.366879,9.9749
4465072,346.6264,-10.061851,9.2952
4464307,346.511,-10.375428,8.7156
4580183,348.3993,-10.616466,7.8857
4580191,348.41315,-10.586434,9.6447
423612207,353.7164,-10.604807,8.5776
423612210,353.73935,-10.588989,9.49188
9666891,357.67523,-11.609356,8.37553
9666995,357.61752,-11.138597,9.6158
9724959,358.27982,-10.226406,9.53909
9725388,358.4003,-11.249265,9.65859
9725610,358.3172,-10.214354,9.4935
33424022,344.9735,-11.381696,9.0929
9666700,357.525,-11.103166,6.3608
33424103,345.03268,-10.964793,8.25485
33424118,344.95203,-10.88486,8.52756
9725070,358.22824,-10.816947,8.49728
9725171,358.30505,-11.348014,9.9665
188543632,345.346,-11.163134,8.6449
251044226,340.91995,-11.865339,9.6786
249648605,341.3559,-10.043457,9.4032
36576135,342.32266,-10.865259,9.6191
4520295,347.8047,-10.087395,9.6898
4492422,346.83267,-11.052681,9.3941
4492588,346.80823,-11.848023,8.4449
4492647,346.93195,-11.763819,9.9072
49738149,352.89075,-11.867018,9.8391
49783554,353.05283,-11.544558,5.0338
49783667,352.98456,-10.99458,7.9387
49783694,352.9571,-10.864688,7.1752
434109269,354.8926,-11.952955,8.2529
49646440,351.0121,-11.575465,9.759
49710392,352.21713,-10.10091,8.1624
36647337,342.8805,-10.593094,8.6847
4619430,349.2674,-10.370912,7.1816
49690018,352.02164,-11.449757,5.54021
49708607,352.0508,-10.328475,9.7964
8995514,355.2481,-11.470479,8.67194
423610547,353.4143,-10.017649,8.564
8938088,354.11993,-10.846694,9.6262
4464322,346.58133,-10.423756,9.27131
9727553,358.46512,-11.570804,9.14675
4580241,348.42377,-10.318797,7.4548
251044612,341.09137,-10.511109,9.6215
188531194,342.19415,-11.8281355,8.87723
8990567,354.98035,-10.926937,9.05568
4464572,346.57883,-11.560612,9.81499
4580004,348.36926,-11.344814,9.97
251044197,340.9508,-11.761624,9.43508
49644110,350.7704,-10.764244,6.9684
249648486,341.26968,-10.507928,9.27406
188543471,345.32047,-10.525339,9.89108
188543478,345.33044,-10.559763,9.444
188543649,345.32312,-11.235823,8.79855
434101656,353.0409,-11.972947,9.0974
36576010,342.36047,-11.349237,7.44912
4492575,346.8514,-11.806646,7.39463
4520492,347.75607,-10.99376,9.78716
4520428,347.7708,-10.675546,9.52441
4493023,346.87244,-10.176935,9.5821
36647356,342.91385,-10.682416,9.7412
9791297,359.7621,-11.938302,7.5227
9791404,359.78772,-11.417309,9.57609
9791268,359.66843,-11.6888,8.15494
49557013,349.72318,-11.799888,8.70272
36690799,343.2849,-11.771692,9.2151
36690950,343.30978,-11.040493,8.2053
49604416,350.21997,-10.532522,6.8896
36690713,343.19992,-11.636231,8.4738
36691024,343.3009,-10.677607,8.5381
251023960,340.25394,-10.471743,9.5598
251023910,340.19617,-10.290253,9.4156
4610717,348.97894,-10.367836,8.154
4611298,349.11096,-10.785306,9.4618
49687057,351.68954,-11.0326,8.4837
36690359,343.19382,-10.058868,6.2474
36691084,343.2514,-10.430739,8.74778
4611069,349.06137,-11.866279,9.15539
4611407,349.11722,-10.21159,7.4763
251023946,340.25073,-10.423432,9.54967
4610867,348.94077,-11.043339,8.48289
434103853,353.24594,-11.987642,7.91631
36690619,343.0955,-11.241806,9.72547
36690790,343.2277,-11.803891,9.6979
49554499,349.51923,-11.743135,9.2267
8995067,355.12033,-10.227802,8.4071
4495335,347.08395,-11.801218,9.6653
49554689,349.57877,-11.206272,9.9002
4494929,347.02835,-10.159556,9.4915
49531779,349.48135,-10.793895,9.338
49554801,349.56424,-10.60213,9.8646
4495698,347.18094,-10.673083,9.6807
49531872,349.4749,-11.263797,7.8001
4552146,347.95242,-10.065482,9.8619
9029680,355.7338,-11.675198,9.6192
9029746,355.69925,-11.328532,6.36646
251018533,339.86603,-10.077568,8.4598
33399701,344.43533,-10.720355,9.7823
49686916,351.686,-10.403641,9.0788
49687167,351.71555,-11.532828,8.9827
8918608,353.86554,-10.555094,5.475
49783630,352.9708,-11.154716,9.5424
49687222,351.7055,-11.725375,9.8343
404245009,348.14697,-10.185779,8.6997
404245014,348.18924,-10.1571045,9.9993
4552048,347.86996,-10.509539,8.75297
49687029,351.72507,-10.931069,8.2205
4495280,347.08817,-11.596897,8.3727
4495654,347.1598,-10.880488,9.86518
33415065,344.74564,-11.01503,8.10129
33415124,344.7476,-10.711986,8.4113
4602705,348.9025,-11.632208,6.1259
9789121,359.5671,-11.458593,7.1067
9789308,359.6045,-10.347499,9.3099
2835941,356.81628,-11.91113,4.8395
33399623,344.5301,-11.131989,8.8824
404244975,348.14923,-10.336232,8.6235
49687260,351.71198,-11.870743,9.5153
49686834,351.6512,-10.034132,8.1629
251040538,340.75507,-10.102689,6.19963
4519347,347.58734,-11.47965,8.58959
251040693,340.75104,-10.649309,9.9435
251040973,340.68628,-11.806303,8.62591
4519391,347.55502,-11.669579,9.0807
251040579,340.6738,-10.245631,9.3445
4602419,348.78955,-10.931969,8.8095
4602873,348.92947,-10.804481,8.7567
33415265,344.7305,-10.021551,9.36721
4602717,348.83698,-11.565488,7.37182
2835946,356.83377,-11.948429,9.16869
4602864,348.88977,-10.836208,9.45588
251040879,340.75107,-11.443279,8.1947
4519395,347.5406,-11.675853,8.887
4383191,345.64752,-10.241843,9.05298
4519115,347.48917,-10.516695,7.70479
49529504,349.41702,-11.712949,6.27882
49620181,350.587,-10.352428,9.6362
4497965,347.31555,-10.815641,9.8091
4582788,348.6674,-10.68872,4.7102
8919096,353.98938,-10.687726,6.68775
4409614,346.18707,-11.678391,9.7765
4409637,346.19675,-11.584519,9.5928
4619738,349.26385,-11.738696,9.5776
8919207,353.95193,-10.167458,9.2586
4383670,345.67123,-11.240514,9.7216
9053700,356.01318,-11.72093,9.922
4519390,347.55557,-11.666768,9.686
49605028,350.27957,-10.471347,9.4682
9053676,356.06583,-11.605299,9.5397
33372606,344.21533,-10.400748,7.9138
9053560,356.06522,-10.985104,8.7628
8919095,354.00018,-10.700518,7.9477
4582829,348.62643,-10.460774,8.65887
335871772,341.9291,-11.409502,9.4091
4383695,345.6858,-11.111004,9.5891
188599741,345.8845,-11.909355,9.3623
4495840,347.13098,-10.122174,9.1818
9053701,356.01392,-11.7209215,9.73137
33372634,344.20587,-10.262971,8.0542
4424823,346.37354,-11.423563,8.7171
8964729,354.7031,-10.936862,9.6609
335872062,341.90802,-10.071968,9.7633
111224602,344.95633,-11.927291,9.6174
404244590,347.64365,-11.706393,9.9069
49675302,351.2525,-11.852927,9.116
9804096,359.97208,-11.861233,9.0755
4424791,346.29355,-11.271913,9.5277
4425184,346.4577,-10.889538,7.82433
4425280,346.47293,-10.437896,6.972
8988182,354.7431,-10.491024,9.8251
49675047,351.20676,-10.857383,9.52284
249649591,341.55927,-11.166304,4.7316
249649526,341.53058,-11.538722,7.3584
49619600,350.5024,-10.806766,9.4087
49677678,351.4497,-11.155623,5.396
33414511,344.58893,-10.266284,8.8842
49619607,350.48196,-10.83435,8.9306
49619613,350.43518,-10.861896,8.1319
404225102,346.10306,-10.217941,8.82497
4582233,348.49252,-10.505712,8.9722
4582325,348.49045,-10.979914,9.18982
4582469,348.51678,-11.629398,9.44038
4582570,348.63596,-11.716074,9.70937
434101660,352.96268,-11.948034,6.8317
36647899,343.08755,-10.756169,7.4003
364979056,341.50772,-10.53604,9.4719
364979026,341.46246,-10.401081,9.97899
36648057,343.04117,-10.036479,9.76754
9062932,356.43912,-11.559337,9.1242
36706112,343.6843,-11.392692,9.8149
36706582,343.72583,-10.23655,7.9329
4407948,345.8116,-10.320812,9.3258
9664691,357.21216,-11.458393,8.2049
36647851,343.04523,-10.958422,8.34768
364978978,341.4506,-10.176548,9.9754
4407992,345.89185,-10.569674,9.8987
4407922,345.8101,-10.221594,9.5218
4408099,345.79456,-11.023189,9.0397
4408111,345.80496,-11.070343,9.3396
36706528,343.72824,-10.505131,9.8939
9051614,355.89966,-10.355848,8.1715
49785640,353.10788,-10.998768,5.9873
49785668,353.09064,-11.154775,8.57279
36593740,342.52887,-10.407843,6.965
9003759,355.28714,-11.680653,5.10763
49646130,350.8937,-10.81989,8.679
49646204,350.9094,-11.124965,9.3338
9003601,355.3659,-10.939757,9.897
9758574,358.8736,-11.395011,9.2593
9758696,358.90823,-10.790938,7.63855
49710751,352.19876,-11.743522,9.2396
9758478,358.7575,-11.974127,9.6535
49646278,350.88815,-11.48943,9.8156
49646059,350.98282,-10.40226,9.83249
8961680,354.3639,-10.317984,8.8932
49785650,353.07886,-11.040307,8.1808
49677634,351.46777,-10.9990635,9.761
49678147,351.58035,-10.683704,7.45004
49733125,352.4267,-10.768417,8.6147
49733159,352.36368,-10.908508,9.9114
49733379,352.44086,-11.947323,9.1319
49677822,351.4059,-11.812325,9.9671
49733368,352.4243,-11.892592,8.9281
36592732,342.44043,-11.067212,8.8263
49592355,350.11075,-10.8215,9.02291
9003719,355.36334,-11.4653635,9.4858
49677910,351.57153,-11.631956,9.65023
434097226,352.50772,-11.90842,9.3146
49677785,351.44925,-11.609895,9.3994
49733690,352.56015,-10.451101,8.67274
9758122,358.7523,-10.086984,9.55282
9758685,358.90543,-10.855845,9.43507
49711059,352.31827,-10.466755,9.6486
8961898,354.35303,-11.554488,9.48606
49785774,353.09625,-11.693231,9.55508
49710637,352.20935,-11.175036,9.26755
9758483,358.86597,-11.953941,8.58984
49711122,352.28094,-10.123328,9.6998
92130975,355.36703,-11.958595,9.1945
4408220,345.811,-11.655008,8.9344
36708595,343.86038,-10.113137,8.1719
9631963,357.11752,-11.508726,6.68442
9099561,356.97357,-11.388872,9.195
4381230,345.451,-10.990182,9.9677
9099355,357.05615,-10.286262,9.6511
9632195,357.13544,-10.279041,9.57456
9631911,357.1678,-11.777123,8.5396
9632072,357.1926,-10.965491,9.8507
9099520,356.988,-11.169702,9.74001
249665775,341.76727,-10.556404,9.7205
249665523,341.7555,-11.757668,8.1321
36592680,342.40295,-10.97923,9.8147
9708173,358.01227,-10.563569,9.7446
9708387,358.04266,-11.7207,8.1065
4497815,347.2609,-10.165246,9.8335
423611652,353.59122,-10.062074,8.6935
4497858,347.34802,-10.336867,9.51532
49736084,352.7143,-10.155774,8.85
4497932,347.28357,-10.69358,8.74765
9708636,358.1148,-10.840128,9.65395
4497943,347.31305,-10.7366,9.64538
335919756,342.00485,-11.839384,7.5697
36695944,343.62518,-10.299602,6.7872
335919444,342.09348,-10.374696,9.9964
36728028,344.16812,-11.321809,9.69965
4383406,345.6329,-11.265696,6.9294
4554210,347.9982,-11.93356,6.8974
4383421,345.54224,-11.328135,8.5707
111191017,344.79483,-11.867112,8.8393
4554211,347.9992,-11.933699,6.9128
423608824,353.2461,-11.767646,9.5578
4383405,345.61053,-11.26554,9.3738
4383415,345.6005,-11.310481,9.07987
4383416,345.599,-11.312328,8.43998
36693463,343.3696,-11.616513,5.85033
36598390,342.782,-11.670875,9.0427
36592937,342.46527,-11.462906,9.80084
36592686,342.4022,-10.980858,9.9916
36593815,342.52682,-10.267709,7.9568
176281840,1.0517632,-10.141052,9.2113
37747819,4.6980596,-10.949406,7.68321
398666794,2.974973,-11.164908,7.7516
176281412,0.98114467,-11.371786,9.5845
37747517,4.552506,-11.097749,9.3252
408003526,3.1872306,-11.021582,6.1094
37747377,4.6084046,-10.226635,9.96682
408003775,3.3477283,-11.665835,9.6158
408003843,3.312173,-11.338227,9.9973
37747739,4.7178016,-11.4356785,8.9867
408003727,3.331066,-11.842374,9.42721
176283540,1.1254951,-10.509523,3.6095
37718500,4.254032,-10.462669,8.7804
37718558,4.1734133,-10.176509,9.3422
40043812,6.106133,-10.6464815,9.0719
398668798,3.1381414,-11.69298,7.8147
40102925,7.771692,-10.083922,7.9452
40043415,6.0061283,-10.7137375,9.09443
37763553,5.34014,-10.683413,7.8813
40082052,7.185041,-10.30925,9.533
176296957,1.6335713,-10.063547,9.9353
40104692,8.007845,-10.013016,9.9586
40102926,7.7495527,-10.0847,6.66658
37716243,3.9179692,-11.032547,7.9892
117625678,0.83533555,-11.945367,7.1457
40045700,6.377994,-10.084557,9.84497
176255591,0.4463457,-10.493189,9.38633
37751660,5.070576,-11.167825,7.85175
37716258,3.9772317,-10.904562,9.98294
176279335,0.7872623,-10.841512,9.1941
176279299,0.816127,-10.995329,8.8539
176278802,0.67538726,-10.309839,8.7907
176278878,0.6410721,-10.717248,8.7848
176279348,0.82973105,-10.771821,9.6429
37653253,2.106637,-10.44426,9.998
40047141,6.463755,-10.452577,9.19968
37651634,2.0753374,-11.394007,9.7441
176283477,1.2201409,-10.164432,9.3891
176299265,1.8453574,-11.033392,8.219
176299277,1.9516696,-11.129059,7.6474
117549467,0.30200705,-11.964047,8.19289
117611672,0.56022155,-11.964349,8.79374
176299362,1.8467952,-11.612953,8.03655
176299192,1.8787898,-10.706386,8.968
408013832,3.7535052,-10.405119,9.8739
176218128,0.099174134,-10.462385,7.67466
37653586,2.2241297,-11.117478,9.2564
37653749,2.239249,-10.118219,9.40786
37653765,2.2247534,-10.038559,9.8267
176283873,1.2361478,-11.647517,9.7846
37653250,2.175268,-10.415611,9.9543
37745668,4.42311,-11.21518,7.9504
176283669,1.1166761,-11.190294,8.22849
37653476,2.176174,-11.853735,9.2401
37653707,2.253617,-10.389684,8.7748
37653414,2.1240065,-11.49534,9.2008
37695237,2.76875,-10.877858,8.1789
37694891,2.5882082,-10.964088,8.2363
37694896,2.6191072,-10.985839,7.9165
37695247,2.772832,-10.82075,9.5782
37695294,2.7276595,-10.548216,8.6866
37694880,2.681069,-10.849485,8.5892
37695039,2.596013,-11.785893,7.91308
37697042,2.8764307,-11.729825,9.4555
176255704,0.44769093,-11.09375,9.4707
40058788,6.786104,-10.25375,9.33949
408014224,3.8137023,-11.5562935,9.6755
408006047,3.5186608,-11.311585,7.7549
408005982,3.5004199,-10.95367,8.5476
40045126,6.3343697,-10.08273,8.9718
37663783,2.3767579,-10.187542,6.6473
176281532,1.0182829,-11.787962,9.4386
176281863,0.984179,-10.064525,9.77725
176281692,1.0082831,-10.897348,9.7108
37664282,2.5326822,-10.714018,9.9507
37749903,4.9683247,-10.938647,9.8305
176220396,0.29036656,-10.802853,9.1891
40041954,5.9007893,-10.276741,9.9326
176220162,0.24283077,-11.82374,7.8457
176219993,0.24801773,-10.935965,8.4738
176285948,1.3639185,-11.053675,9.8219
176285788,1.3889819,-10.126579,8.7312
176286108,1.3650016,-11.841363,8.37906
176286362,1.5705956,-10.778475,5.2167
408006096,3.5103526,-11.52328,8.4742
408006424,3.540806,-10.68746,9.8241
37776283,5.7642937,-10.316835,9.9391
9066327,356.49792,-10.524876,8.79714
2052525059,347.31555,-10.815641,9.8091
2052524047,345.67123,-11.240514,9.7216
2052514620,341.70862,-11.56592,9.9628
2024113719,339.81683,-10.027826,6.3659
2052368846,353.16467,-11.329189,8.7179
270185454,349.27097,-13.851093,7.8
270268718,357.10706,-12.987552,8.205
434103715,353.2052,-12.797115,8.9306
228508829,358.19815,-12.016916,4.672
2052286255,349.2688,-13.856134,8.0747
5675619,347.16132,-12.086492,9.5332
111751843,343.81094,-12.564902,9.3869
228569980,358.5494,-13.620459,9.4659
228569995,358.315,-13.359828,9.9472
228570074,358.49402,-12.386054,9.8507
228508810,358.21252,-13.131548,9.913
214664582,349.76904,-13.393767,9.9152
145962463,341.52756,-13.836061,7.3543
145962543,341.69852,-13.178323,9.9149
145962629,341.5366,-12.158752,7.62995
145752748,341.1433,-12.664728,9.3661
146801206,342.85565,-12.061122,9.099
145962578,341.62943,-12.892211,8.5229
328009701,352.4402,-12.249189,9.5842
328009898,352.42487,-13.060289,9.1732
402340653,354.08517,-13.4544935,9.8259
402340656,354.0703,-13.469862,7.7482
328009725,352.40103,-12.365679,8.803
145962590,341.745,-12.877595,9.4347
111191272,344.7786,-12.527533,9.982
214664639,349.76663,-13.087891,8.3142
169746246,350.8817,-12.544078,9.9971
402317980,353.38455,-12.64449,9.6965
214664574,349.77798,-13.458902,4.4735
145752839,341.5084,-12.179236,9.5171
214664575,349.77734,-13.455251,6.7946
402317981,353.34927,-12.664618,7.9846
145752795,341.40976,-12.493019,9.5612
145962499,341.5585,-13.529706,8.77711
145962599,341.48325,-12.651836,9.48032
214664816,349.75894,-12.170426,7.2202
328009957,352.3908,-13.315986,9.56262
145752840,341.53027,-12.176996,9.99219
5675341,347.00775,-13.072345,9.9842
402340066,354.05084,-13.755184,9.3493
111752106,343.84732,-13.740663,8.2693
328010035,352.3784,-13.583691,9.90592
214657549,349.09402,-13.2771015,9.5793
441057430,359.72287,-12.778373,7.9975
441057360,359.6409,-12.466978,8.57375
402340174,353.9839,-13.10335,9.9179
402340206,353.93454,-12.922808,9.9789
214657529,348.9716,-13.407012,9.23534
214657530,349.01636,-13.398807,9.1959
214657988,349.13068,-12.929989,9.55147
5675677,347.20004,-12.34439,7.9267
434099224,352.81122,-13.398696,8.2495
434111189,355.02643,-13.29774,9.02
5675821,347.1758,-13.09237,9.7417
169745844,350.7493,-13.489523,8.4817
434099631,352.82614,-12.564474,9.5265
5675841,347.18527,-13.209578,9.609
434099579,352.82205,-12.194719,8.02405
434103743,353.308,-12.609156,6.96684
434103773,353.3042,-12.394289,9.7818
5641638,346.62622,-13.75206,6.5212
5718863,347.67108,-13.370181,7.6455
5641131,346.60995,-12.558193,9.306
2761248,356.4969,-13.454261,6.9206
5641051,346.57663,-12.962657,9.08878
146799182,342.92056,-13.861284,7.7666
5640851,346.59436,-13.664768,9.018
5641144,346.60837,-12.485714,9.15869
2759787,356.3415,-13.68199,7.58719
5641392,346.67212,-12.535755,9.7256
2759686,356.3015,-13.040354,9.84802
2761238,356.48578,-13.499919,9.92946
169766308,351.43002,-13.41115,9.0029
169765856,351.2789,-12.522954,9.6856
169766133,351.35587,-12.524034,8.45301
146165790,341.95868,-13.096779,9.97451
5678173,347.43768,-12.087418,8.006
5678212,347.41077,-12.290955,8.8323
5678337,347.42422,-12.796237,9.8556
270187068,349.48578,-13.795164,5.45617
270187200,349.47348,-13.227865,7.734
5678165,347.4116,-12.04654,8.8525
5677961,347.25293,-12.785911,9.7281
5678295,347.3614,-12.618271,8.1834
270187050,349.58862,-13.887041,8.93789
270187266,349.52942,-12.963246,9.58343
169765791,351.31686,-12.875335,9.95278
5777763,348.68634,-13.088214,9.5135
402325389,353.68765,-12.484563,8.3303
434109324,354.81876,-12.309932,8.8521
240908070,341.01263,-12.686198,7.6694
5777935,348.69995,-13.624173,9.16606
240908100,341.03622,-12.132006,9.5329
111224979,345.02203,-13.674361,9.6968
5718207,347.6058,-13.309817,7.0051
92105262,355.1516,-12.626167,9.23632
5718148,347.58655,-13.644548,6.1348
92105067,355.17145,-13.72587,8.7733
92105138,355.05307,-13.235484,9.7938
92138328,355.97122,-13.83363,8.7631
328009363,351.79684,-12.899443,9.1144
328009576,351.79156,-12.094701,9.8414
328009202,351.70114,-13.653663,9.68409
228465073,358.01477,-12.400712,9.59208
92105204,355.1228,-12.949373,9.04961
92138155,355.95355,-13.01196,8.8388
228463581,358.01868,-13.857395,9.41631
327952732,359.06427,-13.511211,8.52669
92105191,355.1134,-13.001993,9.70201
188573584,343.08487,-13.031569,9.39
188573693,343.08942,-12.552091,8.6374
188578290,343.205,-13.099706,6.9015
214661656,349.43542,-12.794815,7.5087
214661848,349.3731,-13.643436,6.95221
188573609,343.0162,-12.945467,9.6626
188618053,345.97784,-13.993095,8.92944
441051616,358.9404,-13.152576,5.58766
188580533,343.3762,-13.198209,9.1376
5725393,347.79132,-13.892905,8.5003
441051489,359.0061,-12.487535,7.62228
92131241,355.451,-13.19605,9.7189
145750976,341.14584,-12.3043785,9.8748
145752697,341.15076,-13.064466,8.8818
188585592,343.4394,-13.85275,9.1496
402319641,353.54382,-13.587489,7.1343
402319643,353.44028,-13.572631,8.8024
402319657,353.50113,-13.490488,8.6444
402320021,353.64316,-12.326224,7.9266
402320221,353.62704,-13.352353,9.6518
434101326,353.02972,-13.953105,8.4983
228571285,358.62473,-13.7247715,9.8713
228571355,358.5545,-12.957814,9.2868
145752681,341.09662,-13.141474,9.3095
214662710,349.70248,-12.146197,8.9145
214662776,349.65384,-12.508129,9.8784
145750849,341.33615,-13.570884,8.77217
145750919,341.36298,-13.006945,7.34959
214663006,349.59793,-13.768538,9.72622
228571357,358.54935,-12.875665,9.8935
145750870,341.30756,-13.457829,9.77122
214663022,349.666,-13.845209,9.8567
240905575,341.0007,-12.67122,9.2617
146163962,341.95135,-12.578597,8.6974
146163963,341.98987,-12.574832,9.69794
146163978,341.93637,-12.5061455,8.4468
5677768,347.25873,-13.716581,9.00205
228571407,358.33032,-12.181975,9.9901
228382145,357.6281,-13.110619,6.2627
188594609,345.59286,-13.282779,9.1212
188594691,345.55554,-12.860097,9.54761
188594699,345.61337,-12.834654,9.8571
188597160,345.7012,-12.873499,7.343
228318727,357.2578,-13.458571,9.9468
228382190,357.6036,-12.5382185,9.0209
188597260,345.71686,-13.338689,8.2704
188597368,345.63638,-13.857517,9.56474
188594792,345.60257,-12.391651,9.7779
188594785,345.56564,-12.406832,9.09418
188597259,345.6787,-13.333737,8.9562
228318713,357.16394,-13.88674,8.49636
228382065,357.31564,-13.304204,8.86238
188628458,350.4613,-12.267937,9.1136
228382185,357.40817,-12.347055,9.68567
5774104,348.451,-13.394605,5.7318
5725531,347.79996,-13.217198,9.9434
5725640,347.84702,-12.7571535,8.9044
5725974,347.86987,-12.716776,9.042
5726142,347.8604,-13.475114,8.8451
311086126,352.25833,-13.0715475,9.8636
111716210,343.5297,-12.190431,5.6175
188628503,350.4651,-12.448896,7.0399
5725914,347.96786,-12.362682,9.7398
111716343,343.56946,-12.749884,8.4621
5725649,347.84518,-12.701772,8.5835
311085703,352.14597,-12.999992,8.42736
228383604,357.57144,-12.285551,9.6546
5633812,346.30087,-13.954611,9.0719
117547033,359.86115,-12.346237,8.2683
146364305,342.39792,-13.5926285,2.4971
146364257,342.3678,-13.862991,8.9673
5632200,346.17972,-13.868116,8.9809
5634073,346.33875,-12.716345,9.1238
434096847,352.56274,-13.977473,8.6401
434097052,352.49136,-12.876755,8.23336
117546826,359.8558,-13.313567,8.56491
5633903,346.35004,-13.4934025,9.82732
434104976,354.42157,-12.201874,8.7376
434104619,354.21597,-13.558193,8.842
146579441,342.6422,-12.691505,7.42225
146579468,342.40082,-12.347846,9.7172
146579550,342.7378,-12.396874,9.46393
5741295,348.2908,-12.66532,9.1239
138706907,359.9846,-12.93326,9.3719
111227019,345.16956,-12.45081,8.8514
111227081,345.1667,-12.094795,9.3352
188599470,345.8188,-12.978528,9.9421
188599571,345.7973,-12.577563,9.7859
188617921,345.97882,-13.354592,9.4602
188617958,345.93668,-13.552756,9.9641
188630689,350.5951,-12.980104,8.8042
402340116,353.93723,-13.455212,7.85457
146799307,342.8846,-12.314124,8.838
146799320,342.90192,-12.033923,8.1217
311056786,351.58798,-13.624793,9.4291
188635701,350.63364,-12.795545,8.7357
188617655,345.98538,-12.286254,8.21474
188617920,345.88287,-13.351151,8.95812
5654308,346.7467,-12.730453,7.7819
5654808,346.9793,-13.553179,9.89197
146801145,342.9024,-12.89602,9.60314
146799202,343.00546,-13.753398,9.6715
188630690,350.59393,-12.977452,9.9069
311056558,351.64133,-12.5386915,9.04325
311056643,351.5828,-12.950431,7.6237
111224378,344.91473,-13.047227,9.2117
111224376,344.89862,-13.070898,4.81367
145964370,341.55847,-13.1616535,9.807
111224185,344.95438,-13.952666,9.048
111224203,344.995,-13.860307,9.0312
111754590,344.12576,-12.6114235,9.2617
111754785,344.04144,-13.554855,7.187
92131255,355.42923,-13.272936,9.7542
111754005,343.98105,-13.751616,8.6308
111224440,344.892,-12.760576,9.0165
111754545,344.03964,-12.402275,9.0662
92131304,355.4331,-13.480383,9.6604
145964421,341.64737,-12.893819,9.96469
111754624,344.06805,-12.738058,9.3532
111754484,344.02286,-12.146503,9.8779
169763805,351.0774,-12.782981,8.2663
169765692,351.22147,-13.489782,8.5708
188587602,345.34027,-13.728785,9.5485
188587783,345.31158,-12.808602,7.7798
92135850,355.79132,-12.218942,8.3327
92135950,355.76227,-12.747762,9.5427
188587673,345.30026,-13.366046,9.2449
188587551,345.27176,-13.968074,9.8665
92136106,355.68597,-13.644107,9.53238
136886265,356.94382,-12.838204,9.9682
146581324,342.6231,-12.441233,8.1705
136886462,356.98434,-13.916859,6.54429
111184533,344.52722,-12.163485,9.2994
111184590,344.62305,-12.371916,9.2618
111184892,344.5389,-13.673665,9.2889
111184644,344.61725,-12.595423,9.7
111184624,344.5311,-12.528699,9.54368
111184885,344.5261,-13.642544,8.8566
146581373,342.72034,-13.101108,9.08002
146581217,342.6032,-13.543326,9.9714
111184041,344.43768,-13.717858,9.94942
188626156,350.3132,-13.269362,5.7319
270187547,351.83026,-12.196108,8.8276
270187694,351.85876,-12.930161,5.358
188626075,350.3072,-12.829866,7.5159
270187811,351.8493,-13.580241,9.7025
188620130,349.89957,-12.091353,9.6652
146165761,341.782,-13.284798,9.9694
228507451,358.0871,-12.769228,9.7903
146366180,342.22128,-13.237042,9.9267
228463566,357.73126,-13.707595,9.5228
146366165,342.36407,-13.576267,8.7114
111751470,343.65182,-12.848623,9.5354
146366204,342.37613,-13.285326,9.16407
111756885,344.2386,-13.134252,9.03754
441051764,358.9534,-13.966566,6.8414
228383494,357.31747,-13.548794,8.69512
228383551,357.465,-12.753613,9.7392
228463573,357.90878,-13.985144,8.4291
228463629,357.7303,-12.820736,8.55201
111751390,343.65417,-13.18011,9.9526
441051471,358.9713,-12.389672,9.8307
2836203,356.80945,-13.474523,9.9531
188592472,345.41766,-13.068371,9.359
188592607,345.45523,-13.566344,9.2878
188592683,345.38074,-13.970851,8.5092
5774131,348.4473,-13.5681505,9.8422
188587960,345.37173,-12.083134,8.58438
92135407,355.5716,-13.793959,9.5928
2761713,356.57816,-13.364315,7.0067
2835867,356.7174,-12.437134,8.138
2761597,356.64542,-12.757936,8.0814
228613645,358.74783,-12.959829,9.1825
92130690,355.3269,-13.4745455,8.3728
92130849,355.4172,-12.567533,9.6102
327939532,358.8788,-13.75294,8.1777
92130787,355.38446,-12.967172,9.7154
228613621,358.75366,-13.907335,9.884
270268773,357.09436,-13.203308,9.90567
434101908,353.0955,-13.294715,7.897
441054538,359.32016,-13.99534,8.7142
441054742,359.27658,-12.960354,7.5394
434101713,353.1286,-12.264296,8.8813
434101971,353.07983,-13.621792,8.0034
434101980,353.0947,-13.652061,8.5216
434101484,353.0538,-13.094961,9.96202
5795663,348.8402,-13.357299,7.8606
2733242,356.13727,-13.409164,8.4426
5796317,348.86127,-13.70936,9.7001
188628100,350.3555,-13.142222,9.4874
5796052,348.8631,-12.371541,9.0057
5796235,348.96924,-13.183927,6.8854
188627974,350.3606,-13.65842,8.23501
434097489,352.68985,-13.303978,8.8781
2733208,356.0453,-13.190388,8.0678
5631536,346.05765,-12.95884,9.2806
5631815,346.12585,-12.179255,7.143
5631824,346.1955,-12.219266,9.1945
5632182,346.22504,-13.787237,9.6604
5631575,346.05554,-12.790768,8.71633
188630509,350.6571,-13.891268,8.54333
5631737,346.09457,-12.042447,9.42804
5631713,346.05298,-12.160465,9.7525
62440434,352.03027,-12.212327,5.1271
270185417,349.27383,-13.658498,9.1585
270185206,349.2521,-12.565953,9.1737
214664495,349.73288,-13.864742,8.1351
5739100,348.12503,-12.603805,8.7582
5739148,348.20255,-12.822716,7.4714
5739199,348.22205,-13.135937,9.5426
5739004,348.1919,-12.142893,9.1952
5738739,348.0402,-13.048795,9.6801
5739098,348.20468,-12.598869,8.73886
5777865,348.63263,-13.404996,9.2103
500188265,348.45068,-13.394344,8.484
289594714,1.9586833,-12.476364,9.5237
289674932,3.0916965,-12.188042,9.7382
289646717,2.3675005,-12.035193,9.1383
289646660,2.4191897,-12.413503,9.9867
289646808,2.567784,-12.395476,8.5464
289576176,1.1457729,-12.280717,8.0524
289576180,1.169703,-12.266117,9.46158
138706932,359.9793,-13.072546,9.8908
289591408,1.689104,-12.163713,9.3011
289591474,1.826053,-12.131249,9.8421
439398571,0.885853,-13.227291,7.5266
439398543,0.98338085,-13.333699,9.7449
289578178,1.4691765,-12.754601,9.6801
117611856,0.50224483,-12.888251,9.784
117611956,0.5695172,-13.407437,6.4021
117611958,0.5876978,-13.418856,8.57067
289578345,1.583174,-12.017186,8.29499
439398636,0.88342583,-12.787379,9.27223
289626156,2.3568425,-12.611049,9.75827
289626129,2.2540903,-12.471233,9.6482
117549546,0.33140805,-12.329826,8.1068
117549693,0.37147328,-13.088541,9.9712
117549487,0.25837335,-12.130762,9.9656
117611524,0.4892607,-12.548906,9.4966
117611580,0.385571,-12.258967,8.83462
117547123,0.01596074,-12.032634,9.0737
117547196,0.12475536,-12.402412,8.6665
117549276,0.17131905,-12.925141,9.16739
117547410,0.084095895,-13.393374,8.6191
117549294,0.21993412,-12.82896,8.3659
289672879,2.672748,-12.21428,9.7497
471012663,357.1069,-12.987633,8.4287
5632571,346.20737,-15.723617,9.0048
5641874,346.66455,-14.862884,8.285
188573214,343.13205,-14.848905,9.095
188630272,350.6637,-15.039283,4.9477
111753804,344.0033,-14.66353,6.4119
5717695,347.5158,-15.742657,9.096
5717780,347.51224,-15.381049,9.5465
228507375,358.0794,-14.278777,9.4889
327996848,351.80682,-14.8286,8.5272
327996882,351.74106,-14.620949,8.8869
228507382,358.12497,-14.251213,4.76127
327952843,359.07602,-14.066669,9.9333
327996759,351.73776,-15.247723,6.7786
5717723,347.5972,-15.6158285,9.25371
5717915,347.55594,-14.813394,9.45503
228507387,358.12726,-14.097215,9.70452
228507389,358.2083,-14.08486,8.10191
5677625,347.28113,-14.364023,7.2286
434106492,354.51263,-15.095107,5.47568
434106566,354.43228,-14.727375,9.4969
402340871,354.15613,-14.708947,9.8076
111752253,343.7772,-14.41461,9.5296
111753629,343.93405,-15.506989,7.9797
111752399,343.78897,-14.988089,9.29956
111752412,343.79507,-15.039027,9.95762
214657111,349.01303,-15.892066,9.5555
111752242,343.85782,-14.368573,9.96706
111752413,343.8051,-15.040062,9.9416
5719106,347.646,-14.542937,9.4352
5719355,347.63333,-15.730432,8.41224
5641821,346.66013,-14.604307,8.8518
5641912,346.68378,-14.968374,8.3945
5642044,346.69708,-15.629812,8.417
2760956,356.51105,-15.13418,6.4601
2761023,356.4683,-14.754824,5.982
188585855,343.49503,-14.854327,8.98092
188585905,343.51385,-15.01267,9.9768
188586150,343.47458,-15.851528,8.5747
214663237,349.6278,-15.044645,9.4674
402319521,353.5283,-14.22938,6.9437
434101140,352.98438,-14.936743,7.11085
434101168,353.0648,-14.7852955,9.5378
228571260,358.51266,-14.004811,8.7506
214663146,349.60684,-14.475864,9.533
228571236,358.47696,-14.249955,9.5877
188586078,343.42004,-15.626103,8.28073
188587276,345.36676,-15.210035,8.9524
188587487,345.35355,-14.271926,6.30162
169764548,351.15045,-15.374912,8.7994
169764371,351.16776,-14.23995,9.695
5641875,346.66348,-14.863779,8.572
5642039,346.7116,-15.613314,8.7474
169764536,351.1562,-15.292637,8.87496
92136306,355.7325,-14.577514,8.70322
92136298,355.68216,-14.54472,9.0584
146799004,342.78174,-15.482735,9.4431
2760080,356.36206,-15.344694,9.49662
92136299,355.6806,-14.544905,4.5562
169764585,351.12766,-15.57295,9.9119
188620988,350.07556,-15.533092,9.9824
146800980,342.7565,-14.751857,9.0874
5656309,346.99295,-15.224071,9.5611
169746577,350.9147,-14.49286,7.24406
402318241,353.39386,-14.209761,8.9769
146800954,342.93503,-15.206522,9.2547
169746574,350.909,-14.473555,9.2069
402318229,353.33115,-14.149981,8.9396
402319378,353.51,-15.041252,9.7287
5656273,347.08145,-15.409936,9.2107
188619739,349.89978,-14.066595,7.0696
188619580,349.92133,-14.841676,9.1243
311056942,351.63757,-14.511678,9.6279
311056984,351.58417,-14.708768,8.5056
188619593,349.8737,-14.789917,9.3348
311057000,351.6322,-14.7760105,9.8555
111755148,344.12552,-14.98957,6.8549
111755254,344.03287,-15.504395,8.4753
5677453,347.32324,-15.219001,9.5961
434110827,355.02448,-15.335888,9.3148
111755002,344.08575,-14.397644,9.75304
146163862,341.92822,-14.056428,5.74085
188597447,345.68347,-14.253579,7.2696
228382044,357.63867,-14.401499,4.28886
188597433,345.63333,-14.195534,9.4297
188597561,345.72205,-14.743937,9.7736
228382037,357.65176,-14.471995,9.929
188597583,345.62527,-14.861995,9.30171
228318707,357.2307,-14.159571,9.00655
188597468,345.72375,-14.336425,9.7769
111224119,344.94446,-14.26129,7.9204
111225348,345.10632,-15.51991,9.3839
111225066,345.07632,-14.241103,9.9445
111225194,345.11557,-14.786491,9.2727
434103318,353.29337,-14.982925,8.7401
5676236,347.16406,-15.053318,7.7893
434103294,353.20325,-15.128766,9.4942
434098745,352.7263,-15.982341,7.4119
434098867,352.74493,-15.268461,8.8845
434098821,352.7886,-15.527852,9.67927
270186977,349.48212,-14.285308,9.6411
270186997,349.58173,-14.160249,9.5341
5716512,347.45645,-14.510555,6.42688
5716636,347.47556,-15.041702,8.7021
270186819,349.5782,-15.071667,8.58721
5716629,347.39536,-14.991382,9.68169
270186811,349.5257,-15.107471,9.9322
402324884,353.70566,-15.246003,4.773
402325044,353.80124,-14.306482,9.62968
188573246,343.056,-14.720307,9.4584
188578723,343.2248,-14.936671,8.9489
188573314,343.02393,-14.432064,9.1201
188578798,343.15042,-15.305898,9.0144
188578823,343.23694,-15.435946,9.5546
188578601,343.16858,-14.424513,9.90932
5725091,347.81274,-15.1842785,6.9296
188578844,343.17438,-15.543529,8.8137
188580319,343.26782,-14.048789,9.57318
5724922,347.7907,-15.997172,8.82964
5725279,347.83405,-14.377524,9.7081
5740740,348.35052,-15.321245,7.3697
188580272,343.31973,-14.263696,7.57703
111226417,345.13306,-15.299238,9.2219
5632498,346.12454,-15.248672,8.5996
5633483,346.35132,-15.431287,7.7055
146364111,342.2896,-15.689819,9.3846
146364204,342.21915,-14.430779,9.764
5632334,346.19318,-14.593937,8.68197
111750833,343.66257,-15.820827,3.2036
169747698,351.05377,-14.910971,8.8375
92138849,355.9561,-15.284495,5.3563
434100034,352.9376,-14.8067045,7.18136
169766414,351.35446,-14.015908,6.8561
434100010,352.865,-14.6968775,7.9358
169767706,351.47195,-14.356959,9.0165
169767744,351.47897,-14.218754,9.3025
169767562,351.53177,-15.226974,8.5053
146163811,341.9687,-14.913272,9.9467
169767757,351.46164,-14.155781,8.56423
62439946,351.9853,-15.299218,5.277
434105354,354.3542,-14.216696,8.1975
2763177,356.7543,-14.12127,8.5169
92135358,355.59598,-14.067838,9.172
434105513,354.409,-15.214649,8.13101
2761897,356.54236,-14.498374,8.61063
434107587,354.59192,-14.609307,8.2128
311086367,352.23282,-14.312033,8.2295
111223778,344.9952,-15.905065,9.904
5726510,347.93802,-15.384163,8.9597
5726244,347.92392,-14.008133,9.1439
311086416,352.24362,-14.543396,8.9655
111222519,344.80768,-14.490523,9.509
311085319,352.1889,-15.237407,9.24672
311085524,352.1852,-14.035601,8.61763
92137475,355.87698,-14.491599,9.9174
311086543,352.2141,-15.1299305,9.5421
5726490,347.89447,-15.271485,9.8263
92137455,355.82007,-14.586958,9.66912
188630458,350.5908,-14.10442,9.226
5611546,346.09485,-14.650872,9.5861
5611660,346.10443,-14.141874,7.432
111183845,344.4306,-14.448441,7.6641
402326085,353.92444,-15.29906,6.3936
111183887,344.4776,-14.291448,7.9386
146581131,342.41284,-15.027615,9.6744
111183794,344.46976,-14.65687,9.28857
402325992,353.82184,-14.795344,9.90871
188620720,350.0807,-14.395561,7.3583
270188014,351.87827,-14.50998,9.1363
188592775,345.41165,-14.351409,9.7959
5774403,348.39496,-14.943872,9.936
188593002,345.38138,-15.374571,8.11174
188594228,345.541,-14.97617,6.0893
92104751,355.0578,-15.421225,7.0803
188592824,345.48196,-14.619364,9.4884
111716978,343.6063,-15.38442,8.4904
111751203,343.7484,-14.042986,8.719
111777825,344.34546,-14.0463295,9.9904
111777968,344.37003,-14.664884,9.3783
228383349,357.29953,-14.919158,8.0459
228383404,357.41867,-14.778163,7.7852
228383432,357.61206,-14.579068,5.4975
228383449,357.52954,-14.297249,7.8204
111716850,343.62732,-14.817658,7.9892
111716892,343.60464,-15.009903,7.9458
111778005,344.31317,-14.817587,9.42262
2836408,356.8523,-14.557729,9.2559
228383446,357.48718,-14.336148,7.8003
5634746,346.39792,-14.398103,7.8189
5634759,346.4853,-14.444745,7.0283
5796698,348.85788,-15.583142,9.6619
5796745,348.88333,-15.856931,8.2418
5639462,346.46088,-15.424711,9.7403
5795526,348.83722,-14.01535,6.9935
5639530,346.46237,-15.790167,9.67619
2733448,356.1159,-14.652567,9.452
5639386,346.38745,-15.063633,8.34854
5639467,346.4704,-15.452629,7.3445
5796490,348.87415,-14.539089,8.69439
2733409,356.1195,-14.4200115,7.57358
2733520,356.0986,-14.982928,9.2865
5640579,346.4981,-14.932253,9.6339
5795490,348.8453,-14.148504,9.96431
188599068,345.8035,-14.654243,9.7563
188618439,345.8865,-15.647704,9.2634
5653641,346.79736,-15.674231,9.8783
5655036,346.94363,-14.686157,9.204
214658287,349.13474,-14.490719,7.7285
145964275,341.71912,-14.256588,9.0444
434103226,353.21506,-15.5852585,9.6445
188598946,345.76233,-15.118388,8.20967
111226614,345.15955,-14.440506,9.03817
111226649,345.19992,-14.25839,7.6873
188630222,350.67834,-15.274873,9.4657
111753637,344.00632,-15.472716,8.2594
214658327,349.17645,-14.74349,9.4779
111224125,344.8908,-14.234074,8.78122
214658321,349.16843,-14.711108,9.9677
214658485,349.16354,-15.561848,8.41768
270269007,357.03503,-14.585425,9.79543
270269056,357.1474,-14.858475,8.90415
5740717,348.2968,-15.476184,9.0716
188627903,350.38904,-14.032549,7.3273
146579318,342.56104,-14.456295,9.7776
188626723,350.3181,-15.948219,9.9265
146579304,342.6396,-14.7316,8.51421
146579338,342.60068,-14.059344,7.49963
188626540,350.2674,-15.208251,9.4916
169746730,350.9441,-15.378665,9.8278
62439867,351.95938,-15.757062,9.6293
169746804,350.94705,-15.869396,9.47723
62440107,352.01883,-14.394109,9.74693
188619381,349.91937,-15.7823,6.39859
188619498,349.8515,-15.214739,9.1103
5778313,348.67722,-14.446367,8.001
5795293,348.82794,-15.113576,9.8268
5795287,348.75278,-15.144423,8.6439
169745547,350.73706,-15.184586,8.2549
188628834,350.50305,-14.004762,9.0304
5727442,348.06915,-15.858961,7.914
169745521,350.8239,-15.365648,9.8725
188628992,350.46628,-14.706624,9.9351
146165722,341.93332,-14.059915,9.1522
5727479,347.99597,-15.678516,9.5193
214664426,349.7899,-14.248984,8.42182
146579258,342.5722,-15.52361,9.912
188621890,350.1221,-15.667449,9.4661
5739618,348.2024,-15.000932,8.8737
111186615,344.5452,-15.90601,7.9615
111189128,344.648,-15.352858,9.8368
5778697,348.6245,-15.45026,9.7508
2052262765,346.20737,-15.723617,9.0048
2052248138,350.6637,-15.039283,4.9477
270186571,349.50653,-16.345879,9.5839
5640299,346.61688,-16.304821,9.821
169764867,351.1013,-17.319088,5.3961
146798880,342.68723,-16.807905,9.279
5642190,346.6184,-16.304928,9.4457
5642268,346.67288,-16.640327,8.5419
146798948,342.86157,-16.146265,9.30856
5642294,346.73227,-16.779411,9.93614
111756192,344.22403,-16.270512,7.8511
111755602,344.02103,-16.890629,9.5465
5677046,347.35025,-17.015074,9.9309
111755827,344.0747,-17.924667,8.9901
111755771,344.04126,-17.640717,9.5694
188629336,350.46683,-16.308126,8.38442
111755540,344.07996,-16.659254,9.9545
5676632,347.1196,-16.84446,9.9331
5676537,347.1675,-16.383265,9.3199
5676751,347.22375,-17.431534,8.86852
169764680,351.08984,-16.175419,8.1936
169765107,351.282,-16.899364,9.3704
188586244,343.41132,-16.241367,8.47177
188586505,343.4621,-17.279158,8.82104
169745327,350.80542,-16.536694,9.2922
5717323,347.52393,-17.447172,8.1071
5717566,347.52747,-16.279936,9.7933
402341120,354.17075,-16.047018,8.7994
5717600,347.54443,-16.156752,8.9884
5717295,347.56525,-17.641338,8.76323
5717594,347.519,-16.188627,8.49308
188621194,349.9852,-16.636225,8.6586
188621244,350.06946,-16.900555,9.94348
111752958,343.8111,-17.243488,8.3625
111753005,343.76917,-17.472792,9.3198
111753011,343.80502,-17.510263,8.8338
9006531,349.19745,-17.925514,9.73203
111752681,343.81314,-16.138382,9.9245
111188541,344.6518,-16.453457,9.9769
111225588,345.0111,-16.663357,9.4875
434107837,354.61398,-16.008959,9.6019
214662379,349.3682,-16.1722,6.8399
214657080,349.05142,-16.07948,9.3413
111778502,344.3661,-16.958958,8.8645
204295098,345.54135,-17.93717,9.4041
5717178,347.42224,-17.6379,9.0938
5717169,347.46588,-17.54115,8.6167
188627037,350.2367,-17.585804,8.3001
169745200,350.7083,-17.178766,9.1662
214658810,349.21088,-17.283031,7.4225
111753338,343.94666,-16.87318,9.88481
5655959,347.07877,-16.750454,7.1018
146800840,342.74283,-16.371094,9.3591
5655903,347.01068,-17.02944,9.7817
402318660,353.42487,-16.61679,9.1946
169766887,351.44916,-16.633554,9.7719
169767433,351.50964,-16.142353,8.97416
169767011,351.35538,-17.286327,9.7359
5655899,347.06622,-17.059376,8.22
146800820,343.01184,-16.67742,9.3454
5656032,347.04395,-16.343174,8.8026
188627184,350.34296,-17.516241,8.86334
402319143,353.46793,-16.313087,8.52219
188572727,343.04422,-17.106966,9.7176
188572811,343.11356,-16.656681,7.1469
188572953,343.12045,-16.034208,9.2047
188572955,343.12378,-16.031097,9.41267
5724868,347.85248,-16.25112,8.1971
188629519,350.57697,-17.091867,8.9615
188629581,350.48297,-17.440754,9.0041
5724813,347.80637,-16.493986,8.3481
188629414,350.47363,-16.704178,9.5262
188579350,343.22662,-17.721012,9.8372
188579409,343.3248,-17.865765,8.9272
188579573,343.3134,-17.165165,8.2963
5719757,347.66858,-17.561203,8.50269
188629532,350.57043,-17.180168,9.8924
111225904,345.17548,-17.589417,9.8014
402339629,353.98926,-16.28936,7.0675
204292563,345.14725,-17.967587,9.7028
111183153,344.42096,-17.103642,8.9402
5632856,346.23337,-17.210764,9.0458
5632975,346.21823,-17.976416,9.8026
5633132,346.30356,-17.079245,4.93414
5633179,346.34225,-16.898422,6.06069
111183289,344.3931,-16.533829,8.50358
5632654,346.18427,-16.148361,9.84115
111223088,344.77283,-16.89253,8.9481
111223344,344.9292,-17.899963,8.9569
111223450,344.92752,-17.373835,9.4843
111223657,344.94485,-16.398546,7.2294
204372778,347.86703,-17.911137,9.75101
111223150,344.80243,-17.15941,7.7938
111223730,344.90204,-16.109367,8.31281
62439802,352.03244,-16.057577,9.92021
111223139,344.80307,-17.114683,9.98061
111223487,344.95697,-17.19914,9.7347
5611271,346.07166,-16.009943,6.1366
111225785,345.04367,-17.607933,8.8186
188618625,345.92654,-16.564466,9.1658
111226060,345.2164,-16.880735,7.1295
5655357,346.9165,-16.118402,9.7621
137805343,344.15195,-17.963833,9.5308
137773084,343.41074,-17.993402,8.8539
5740571,348.26108,-16.25834,9.4734
5740409,348.33975,-16.984854,9.75527
5726686,347.94098,-16.164122,8.0944
5727162,348.09836,-17.354132,8.3107
5726857,347.92764,-16.90149,8.3258
5727198,348.0943,-17.117384,9.35701
5726723,347.8789,-16.307766,9.3933
5727284,348.07874,-16.680773,9.7047
169747382,351.05652,-16.872286,9.9455
188593545,345.44583,-17.75174,9.4695
188593547,345.37646,-17.757034,8.7511
5774669,348.43942,-16.20022,8.7631
5774884,348.4617,-17.391556,9.8493
5774901,348.4516,-17.46914,9.7039
5775131,348.58142,-17.37834,8.6922
5774880,348.376,-17.369081,8.4481
5774692,348.4466,-16.325342,9.55219
5774802,348.42035,-16.923643,9.0651
188593275,345.47952,-16.540876,9.46911
5611020,346.09753,-17.292711,9.3653
169747358,351.07462,-17.043978,9.50553
5611142,346.00604,-16.732924,9.98573
5611268,346.05444,-16.037283,9.21603
188598407,345.79678,-17.389923,9.444
188627371,350.42722,-16.675655,9.2453
188598127,345.7366,-17.321358,9.08134
188627366,350.3692,-16.688553,7.72428
188598738,345.7766,-16.043953,9.9051
204319510,346.15024,-17.90839,9.9149
214663860,349.83127,-17.04036,9.8672
111750740,343.68945,-16.27196,4.591
111750398,343.6444,-17.811356,9.1502
5796954,348.91675,-16.876068,9.2627
111750181,343.56894,-17.032211,9.01219
328010775,352.40564,-16.745756,9.0305
188627234,350.37378,-17.244518,9.0274
188627320,350.381,-16.875723,8.6792
188619181,349.96146,-16.859081,9.9062
311057279,351.6466,-16.278925,7.2941
5778975,348.72153,-16.239386,6.58073
188619208,349.9614,-16.715229,9.60291
5794985,348.82175,-16.678009,9.36209
311057382,351.6052,-16.810995,9.83602
214663560,349.60535,-16.97069,8.8261
214663549,349.6183,-16.905327,9.9338
5639670,346.4809,-16.54694,9.5495
5796878,348.86032,-16.447437,9.12555
62439620,351.97217,-17.218218,9.95014
169747075,350.92676,-17.33336,9.6222
214656804,349.05914,-17.738512,9.27
169746941,350.84778,-16.52219,9.52146
169747124,350.95135,-17.510998,9.60468
5740108,348.144,-17.321516,6.5263
188621510,350.20996,-17.516418,9.5078
188621474,350.10077,-17.707327,9.7932
188621404,350.084,-17.733332,9.97623
146579202,342.52426,-16.3138,8.10869
5740214,348.21442,-17.864046,9.8698
111188654,344.71585,-16.193832,9.5699
111187501,344.51178,-17.496504,9.5758
111188458,344.70358,-16.669067,8.7633
111188507,344.71573,-16.545256,7.5839
111186873,344.54828,-16.335173,9.0438
111187642,344.53873,-17.693323,8.01928
5775272,348.57278,-16.909145,6.9364
5779133,348.66946,-16.745296,8.6609
2052222790,349.50653,-16.345879,9.5839
204319590,346.30258,-18.362123,9.1962
204314449,345.65747,-18.541708,6.80485
204324174,346.64175,-18.255732,9.8389
204324392,346.78763,-18.654194,9.6599
204324450,346.81177,-18.913973,9.8858
204324120,346.73126,-18.569622,9.2394
204324300,346.83185,-18.197613,9.3542
9006573,349.2879,-18.165827,6.47228
419012955,344.98642,-19.101377,8.3609
419013055,345.0661,-18.712688,8.9473
204328998,347.1788,-18.751947,7.5647
204329328,347.3549,-18.62716,8.74138
419013104,345.0352,-18.483126,9.15191
204377772,348.3186,-18.36948,7.26185
204316847,345.89508,-18.920246,8.9953
204352448,347.52078,-18.703924,6.8941
204316769,345.85583,-19.313278,7.9705
204317012,345.88937,-18.038666,9.59068
204294904,345.43405,-18.892023,9.4904
204295016,345.36603,-18.304987,9.01402
204295207,345.5291,-18.467472,8.46014
204295038,345.43262,-18.213669,9.05755
204326686,347.1099,-18.088985,9.5879
204326717,347.11584,-18.239534,9.0098
137797911,343.95813,-18.755396,9.0357
137797883,344.01633,-18.68759,9.5191
137797726,344.03503,-18.36748,9.1966
137798264,344.00943,-19.666805,9.49979
204314268,345.6989,-19.381823,8.0215
204314656,345.8068,-18.162066,8.8792
204314709,345.77945,-18.427979,8.28157
204314765,345.74,-18.645487,8.3508
204372926,347.7624,-18.647392,7.743
188664085,344.40332,-18.946827,9.2926
204372619,347.75336,-18.730543,9.4483
204319673,346.2803,-18.749733,9.6348
204319747,346.2313,-19.092674,7.8312
204321815,346.41794,-18.362947,8.88745
204319445,346.13968,-18.25143,9.9571
137773128,343.49475,-18.059248,7.747
137805714,344.2906,-19.553627,6.9987
415969859,343.7591,-18.65247,9.95368
204375114,347.9718,-18.68167,9.9286
204295405,345.5328,-19.433668,8.1163
137773029,343.40292,-18.265007,9.5553
204295309,345.57544,-18.944391,8.2515
204375211,347.91367,-18.29679,8.9717
326480051,344.58414,-19.70215,9.8015
415969884,343.72137,-18.796034,9.7107
8998231,348.99942,-18.013556,9.6701
204292885,345.23096,-19.34691,6.71477
204292848,345.30243,-19.188726,8.1694
326523768,344.70013,-18.609041,9.29661
204375159,347.99582,-18.500984,9.55512
204375260,348.00284,-18.04977,9.7979
204292196,345.1289,-19.622107,9.20736
204292537,345.1752,-18.117954,9.91583
204321984,346.58688,-18.349478,9.0809
204322045,346.4974,-18.652786,8.9869
326479147,344.54916,-18.391718,7.88924
204291022,344.93573,-18.916155,8.7006
326478538,344.48672,-19.829706,7.59443
326478597,344.4473,-19.702217,9.6475
326479219,344.5574,-18.238625,9.2215
326478896,344.51343,-18.972898,6.7718
326479002,344.52,-18.706732,8.20034
326479159,344.48944,-18.36581,7.9898
137797216,343.91025,-18.764997,9.1699
2052161324,345.65747,-18.541708,6.80485
2052162330,346.30258,-18.362123,9.1962
